feature,method_count,aggregated_score,score_std,rank_mean,rank_std,top_methods,entropy_reduction_ratio,mutual_information,chi2_stat,f_stat,pearson_r
perm_android.permission.GET_TASKS,5,0.8146869218822799,0.30414248420009427,3.2,2.6381811916545836,"f_stat, pearson_r, entropy_reduction_ratio",0.99040180980788,0.8684042930678612,0.2146285065356581,1.0,1.0
perm_android.permission.CHANGE_WIFI_STATE,5,0.7566713888921788,0.28541621863177424,4.2,2.5612496949731396,"pearson_r, mutual_information, entropy_reduction_ratio",0.8576964851292144,0.9542490415450329,0.1990237444612474,0.8038953977331291,0.9684922755922701
n_permissions,5,0.7286739081914322,0.23060682055728285,9.6,6.248199740725323,"chi2_stat, entropy_reduction_ratio, pearson_r",0.8484872715490376,0.6083613019609718,1.0,0.3414910216830696,0.8450299457640822
perm_android.permission.MOUNT_UNMOUNT_FILESYSTEMS,5,0.7247280063666203,0.2624714870648575,5.4,1.4966629547095764,"pearson_r, mutual_information, entropy_reduction_ratio",0.8359284443989726,0.8423211420417535,0.21476950863239158,0.7686714545945194,0.9619494821654647
n_api_calls,5,0.6411186038306738,0.20444451943752823,12.2,7.0823724838503095,"entropy_reduction_ratio, pearson_r, chi2_stat",0.8371699211560568,0.5149299750512707,0.7189306032690113,0.3049174812888256,0.8296450383882038
perm_android.permission.WRITE_SETTINGS,5,0.5570869077139562,0.23834779741401413,11.4,3.555277766926235,"pearson_r, entropy_reduction_ratio, f_stat",0.6434686444343255,0.5290741914413678,0.1679296433515148,0.5358690815186664,0.9090929778239065
perm_android.permission.SYSTEM_ALERT_WINDOW,5,0.5549141622232046,0.241886829445734,11.6,3.4409301068170506,"pearson_r, mutual_information, entropy_reduction_ratio",0.606327062285246,0.6230935982340402,0.14984556813291622,0.49712105096632425,0.8981835314974962
intent_android.net.conn.CONNECTIVITY_CHANGE,5,0.5458900946591394,0.24557195314249866,14.2,5.075431016179809,"pearson_r, mutual_information, entropy_reduction_ratio",0.6007315869030586,0.6073706847689955,0.13486101131962458,0.4903033908387861,0.8961837994652325
suspicious_getWifiState,5,0.5059991744965657,0.24775695464085784,15.4,5.276362383309167,"pearson_r, mutual_information, entropy_reduction_ratio",0.47783393060579926,0.6942471330683374,0.14624384384539452,0.35953435248162596,0.8521366124816717
intent_android.intent.action.USER_PRESENT,5,0.4706996432929637,0.2301740383924155,16.6,3.7202150475476548,"pearson_r, entropy_reduction_ratio, mutual_information",0.4973156966878326,0.4685314953956835,0.14744355642476453,0.38026038691461134,0.8599470810419265
perm_android.permission.CHANGE_NETWORK_STATE,5,0.45837971355441515,0.2299600142881854,18.2,4.069397989875161,"pearson_r, entropy_reduction_ratio, mutual_information",0.47624145499120324,0.460166907714774,0.14336249065291462,0.35986399765153104,0.8522637167616529
perm_android.permission.READ_LOGS,5,0.43043202432455274,0.2299910651029697,20.0,3.521363372331802,"pearson_r, entropy_reduction_ratio, mutual_information",0.45387333987310147,0.37769639987430725,0.1434601962780877,0.33480935986556104,0.8423208257317062
perm_android.permission.READ_PHONE_STATE,4,0.6307564595537473,0.2888782613347623,11.6,10.781465577554842,"pearson_r, entropy_reduction_ratio, mutual_information",0.7743852969823156,0.7644681097013277,0.09132565152445689,0.5983789525276438,0.9252242870329925
perm_com.google.android.c2dm.permission.RECEIVE,4,0.6281637113460736,0.42297581900669967,202.2,398.90219352618254,"entropy_reduction_ratio, f_stat, mutual_information",1.0,0.9116509835073129,0.2397791833040645,0.9893883899189913,0.0
intent_com.google.android.c2dm.intent.RECEIVE,4,0.6074959246109912,0.4030848682705769,202.4,398.30320109183157,"mutual_information, entropy_reduction_ratio, f_stat",0.9228342327786558,1.0,0.227602144858502,0.8682538501683454,0.018789395249452338
suspicious_getSubscriberId,4,0.6031663366766509,0.26921846036223895,11.6,7.863841300534999,"pearson_r, entropy_reduction_ratio, mutual_information",0.723127124453279,0.6625528033040234,0.11189264839278402,0.5940891538654027,0.9241699533677654
suspicious_getCellLocation,4,0.48315839696285534,0.26003044292151095,20.4,12.306096050332128,"pearson_r, mutual_information, entropy_reduction_ratio",0.5242391542224093,0.5823120436314414,0.06620453273845892,0.38232915660846817,0.8607070976134991
intent_com.android.vending.INSTALL_REFERRER,4,0.44054064452776504,0.2660388910948902,207.6,395.20759102021304,"entropy_reduction_ratio, f_stat, mutual_information",0.7286508720877417,0.602943133800954,0.1771643341894785,0.6277074479706978,0.06623743458995332
intent_com.google.firebase.INSTANCE_ID_EVENT,4,0.40809819769383404,0.22010882961433012,208.4,393.8012696779938,"entropy_reduction_ratio, mutual_information, f_stat",0.6613290216711224,0.6072855518893608,0.19494049620388307,0.46788233800080586,0.10905358070399804
intent_android.intent.action.PACKAGE_REMOVED,4,0.3979148738677608,0.23068270981025293,23.4,4.31740662898458,"pearson_r, entropy_reduction_ratio, mutual_information",0.39451960507367856,0.3636430309758166,0.12672726635322681,0.284342104078215,0.8203423628578673
perm_android.permission.RESTART_PACKAGES,4,0.3971270010520124,0.22749447841943146,22.4,3.32264954516723,"pearson_r, entropy_reduction_ratio, mutual_information",0.399176652697898,0.3639926640350821,0.13661347161500945,0.27155501130687354,0.8142972056051988
suspicious_Ldalvik/system/PathClassLoader;,4,0.38360532020486293,0.21236932386825408,210.0,393.50425664787923,"entropy_reduction_ratio, mutual_information, f_stat",0.6217102811613586,0.5345722958541391,0.1595623502314895,0.5038297282294039,0.09835194554792351
n_providers,4,0.3656947507817247,0.1439138329277428,211.6,391.2741238569195,"entropy_reduction_ratio, mutual_information, chi2_stat",0.6108863047379297,0.3875990293923705,0.3852152722447437,0.24978860863633887,0.19498453889724088
intent_com.google.firebase.MESSAGING_EVENT,4,0.3606356173160802,0.17911999458604974,211.4,391.81046438297176,"entropy_reduction_ratio, mutual_information, f_stat",0.5911250641025948,0.504283953716345,0.1782463007618916,0.39706790812262666,0.1324548598769428
suspicious_sendTextMessage,3,0.36258188084132575,0.23865327860521246,30.0,13.069047402163633,"pearson_r, entropy_reduction_ratio, f_stat",0.384859355088909,0.22046638681576528,0.13152159580123388,0.26496494971086326,0.8110971167898573
n_services,2,0.2660038289361647,0.11518791814398459,224.4,381.2603310075676,"entropy_reduction_ratio, pearson_r, chi2_stat",0.45117019534226777,0.22022610044880658,0.2619668915651737,0.09638985901535867,0.3002660983092167
perm_com.android.launcher.permission.INSTALL_SHORTCUT,1,0.3639770032405668,0.23136995174647096,26.4,4.079215610874228,"pearson_r, entropy_reduction_ratio, mutual_information",0.3531672738193592,0.30229941360579776,0.12115325816124047,0.24318559890462946,0.8000794717118073
perm_com.android.launcher.permission.READ_SETTINGS,1,0.34163433772692664,0.22982721809629336,27.8,3.867815921162743,"pearson_r, mutual_information, entropy_reduction_ratio",0.30966902837039945,0.31137193461648804,0.11053596777568063,0.20042709136053605,0.776167666511529
suspicious_setWifiEnabled,1,0.32607443370294437,0.2341116490827786,30.8,5.30659966456864,"pearson_r, entropy_reduction_ratio, mutual_information",0.28680828646157785,0.27496488454166007,0.09709992815012969,0.1972484905673278,0.7742505787940266
perm_android.permission.ACCESS_WIFI_STATE,1,0.32528534015039606,0.25063083670152964,49.0,41.751646674113346,"pearson_r, entropy_reduction_ratio, mutual_information",0.33992411724541044,0.29037186108431345,0.019184781059253645,0.20064673931908214,0.7762992020439206
perm_android.permission.RECEIVE_SMS,1,0.3181884278672117,0.23145602864229026,30.6,4.498888751680797,"pearson_r, mutual_information, entropy_reduction_ratio",0.26851493269641563,0.28991723369691513,0.09742239563974486,0.17493392820883458,0.7601536490941481
perm_android.permission.READ_SMS,1,0.31051451835517385,0.23175593262405625,32.0,4.604345773288535,"pearson_r, mutual_information, entropy_reduction_ratio",0.25575270782729453,0.2834085152212346,0.09340122526571278,0.16590692731233753,0.7541032161492899
perm_android.permission.SEND_SMS,1,0.3049528468582949,0.23150524375352138,33.4,5.0039984012787215,"pearson_r, mutual_information, entropy_reduction_ratio",0.2501644516331727,0.27474026664885437,0.09194716592557599,0.15875842992570363,0.7491539201581678
perm_com.google.android.finsky.permission.BIND_GET_INSTALL_REFERRER_SERVICE,1,0.2597502183610543,0.09498471942715682,219.6,386.702262729351,"entropy_reduction_ratio, mutual_information, f_stat",0.3975693485842032,0.32990597982312886,0.12895941774762362,0.24471253143559463,0.1976038142147209
n_activities,1,0.2586441064756303,0.2547192436416903,230.8,149.48632044438045,"entropy_reduction_ratio, pearson_r, mutual_information",0.6055166600104881,0.1733636881706384,0.001929015822333684,0.0003720282238289892,0.5120391401508622
n_receivers,1,0.2582273717494537,0.11654198204750792,222.2,381.6424504690221,"entropy_reduction_ratio, pearson_r, mutual_information",0.42385735849812956,0.29725956369247614,0.17345301881479125,0.08742289987518786,0.3091440178666835
intent_com.umeng.message.disablecallback.action,1,0.24957154617911112,0.24569521719597084,77.7,31.233955881380123,"pearson_r, mutual_information, entropy_reduction_ratio",0.08729064391889477,0.4321156093480727,0.03441838976209126,0.0496183793142999,0.6444147085521971
n_urls,1,0.2458787420696212,0.23870779826830832,294.8,332.81189882574813,"entropy_reduction_ratio, pearson_r, mutual_information",0.6008334680853588,0.15958163946496756,0.01520940507918345,0.006048551811431901,0.4477206459071644
intent_com.igexin.sdk.action.refreshls,0,0.29293750076619807,0.23200610355001727,38.4,11.689311356961968,"pearson_r, entropy_reduction_ratio, mutual_information",0.27783579596893315,0.21097094820611983,0.0906265996067877,0.14560524396625876,0.739648916082891
perm_com.android.launcher.permission.UNINSTALL_SHORTCUT,0,0.2835654421683899,0.2313357697430853,36.4,4.841487374764082,"pearson_r, mutual_information, entropy_reduction_ratio",0.20448929575868915,0.2893810306183557,0.07663056515659673,0.12431591179660874,0.7230104075116992
suspicious_Ljava/lang/Runtime;->exec,0,0.2818716514971939,0.24548441030088283,55.0,39.395431207184416,"pearson_r, mutual_information, entropy_reduction_ratio",0.23466833576035664,0.2638184455914369,0.019034998659302804,0.1493940107235468,0.7424424667513263
suspicious_Ljava/lang/System;->load,0,0.2484990207013964,0.2438051040282668,88.8,81.94974069513582,"pearson_r, entropy_reduction_ratio, mutual_information",0.22806722262935805,0.18415912277354055,0.006066112647990746,0.11181610701698519,0.7123865384391075
perm_android.permission.RECEIVE_BOOT_COMPLETED,0,0.24589823775354222,0.2426116173466934,57.6,24.013329631685814,"pearson_r, entropy_reduction_ratio, mutual_information",0.18223725672805657,0.15972898632196225,0.042900217186266104,0.12283612185227138,0.7217886066791549
perm_android.permission.WRITE_SMS,0,0.24407347499200194,0.23586631625103674,58.8,33.96115427955887,"pearson_r, entropy_reduction_ratio, mutual_information",0.19522788845696368,0.13946610175897195,0.06960246840358973,0.10751191012862267,0.7085590062118617
perm_android.permission.EXPAND_STATUS_BAR,0,0.24358258283019607,0.23302131493964248,54.8,19.36388390793541,"pearson_r, entropy_reduction_ratio, mutual_information",0.1819752709572504,0.16918961912873018,0.06529995516145687,0.09989740232575756,0.7015506665777853
suspicious_Ljava/lang/System;->loadLibrary,0,0.24171994125331633,0.2494837745694755,97.8,79.0832472777895,"pearson_r, entropy_reduction_ratio, mutual_information",0.2405169693719425,0.12446668694218956,0.006733443342295161,0.11862347339170995,0.7182591332184446
perm_android.permission.ACCESS_COARSE_LOCATION,0,0.23574953776050225,0.23900065511888607,67.2,30.301155093494376,"pearson_r, mutual_information, entropy_reduction_ratio",0.13995228911304267,0.23301082063368145,0.020909750992421778,0.09146927851144206,0.6934055495519234
perm_android.permission.READ_CALL_LOG,0,0.23100064729151631,0.22972325039744038,63.6,15.173661390712526,"pearson_r, mutual_information, entropy_reduction_ratio",0.11759257947303794,0.26640399178292595,0.04381998675103021,0.06396788250518838,0.6632187959453991
perm_android.permission.DOWNLOAD_WITHOUT_NOTIFICATION,0,0.2303195014479087,0.23399787455715682,60.8,21.8302542358077,"pearson_r, entropy_reduction_ratio, mutual_information",0.15508853848112208,0.1547509929888625,0.058988063552250676,0.09041476967388407,0.6923551425434242
perm_android.permission.DISABLE_KEYGUARD,0,0.22963846184389905,0.2592881898084719,182.6,293.739067881683,"pearson_r, entropy_reduction_ratio, f_stat",0.20734773222758476,0.0,0.07756503136252964,0.13315548548979403,0.7301240601395868
intent_android.intent.action.ACTION_POWER_CONNECTED,0,0.2271995800894792,0.2323296605134315,67.6,17.951044537853498,"pearson_r, mutual_information, entropy_reduction_ratio",0.10040786828586096,0.2691548139235796,0.039296467639455906,0.06394631695447682,0.6631924336440225
perm_android.permission.MODIFY_AUDIO_SETTINGS,0,0.22289480697532782,0.2325564575427505,66.6,12.626955294131678,"pearson_r, mutual_information, entropy_reduction_ratio",0.11121111904279539,0.217487053533025,0.04142606463102406,0.07183339015067025,0.6725164075191243
perm_android.permission.ACCESS_DOWNLOAD_MANAGER,0,0.22210421437070887,0.23273264405755809,67.2,16.581917862539303,"pearson_r, mutual_information, entropy_reduction_ratio",0.1338782169397336,0.16433288004336086,0.052158913617473046,0.07931833155206675,0.6808327297009101
intent_org.agoo.android.intent.action.RECEIVE,0,0.21871764369735214,0.23388459889154212,70.2,21.92167876783163,"pearson_r, mutual_information, entropy_reduction_ratio",0.1311830826888903,0.1499161154242097,0.051676360064215235,0.07963662985630694,0.6811760304531385
intent_org.android.agoo.client.MessageReceiverService,0,0.21789608399491872,0.23122205405040588,68.2,11.356055653262711,"pearson_r, mutual_information, entropy_reduction_ratio",0.11452755534158342,0.19010883981716445,0.045680766377750114,0.06942676680663441,0.6697364916314612
intent_android.intent.action.MEDIA_MOUNTED,0,0.21756896710167783,0.24888359382409697,116.4,143.4595413348307,"pearson_r, entropy_reduction_ratio, f_stat",0.1761549598710017,0.03378000283796686,0.06674068405030101,0.10494129257980545,0.7062278961693141
n_used_permissions,0,0.2171246084861203,0.21780096301956903,98.0,46.359465052996455,"pearson_r, mutual_information, entropy_reduction_ratio",0.18590991590571457,0.23553703229699688,0.013781312019893096,0.032652544820147844,0.6177422373878491
perm_android.permission.KILL_BACKGROUND_PROCESSES,0,0.21630574643616426,0.24229546795329857,91.8,83.58803742163109,"pearson_r, entropy_reduction_ratio, f_stat",0.15325630260388254,0.07700150801134183,0.05958450895742393,0.09490665113477792,0.696779761473395
intent_com.igexin.sdk.action.pushmanager,0,0.21596005176526667,0.23993428478292386,94.2,88.09631093297835,"pearson_r, entropy_reduction_ratio, f_stat",0.17430468592664916,0.071309180277456,0.05825995689007782,0.08701159158280884,0.6889148441493416
perm_com.android.launcher.permission.WRITE_SETTINGS,0,0.21456485126058764,0.2285052979872213,73.0,13.023056476879765,"pearson_r, mutual_information, entropy_reduction_ratio",0.10512694121949473,0.21630511300956734,0.039534661439931784,0.05718926104056943,0.6546682795933749
perm_android.permission.RECEIVE_USER_PRESENT,0,0.21154609969420965,0.2510943184200521,126.6,158.8982064090089,"pearson_r, entropy_reduction_ratio, f_stat",0.16291584018036828,0.023467560644771443,0.06242138238222623,0.1037708121575007,0.7051549031061816
perm_android.permission.ACCESS_FINE_LOCATION,0,0.20892902924556117,0.24154144953248416,88.8,38.865923377683956,"pearson_r, entropy_reduction_ratio, mutual_information",0.12846302961479314,0.12611099284421928,0.02057999092406924,0.08384734007747191,0.6856437927672523
intent_com.igexin.sdk.action.service.message,0,0.20698627577192644,0.2310392905888156,78.0,20.21880312976018,"pearson_r, mutual_information, entropy_reduction_ratio",0.11759257947303794,0.14633213418497656,0.04381998675103021,0.06396788250518838,0.6632187959453991
perm_android.permission.RECORD_VIDEO,0,0.20531463323498927,0.23636793998463787,98.6,73.24643336026676,"pearson_r, entropy_reduction_ratio, mutual_information",0.14754561194102758,0.08307764508759746,0.04962885216562185,0.07275470078807869,0.6735663561926208
perm_android.permission.BATTERY_STATS,0,0.2042972628171477,0.2281141806307124,86.8,16.714065932620944,"pearson_r, mutual_information, entropy_reduction_ratio",0.08729064391889477,0.20574419253825543,0.03441838976209126,0.0496183793142999,0.644414708552197
perm_android.permission.GET_PACKAGE_SIZE,0,0.2041994277309779,0.2286294111061258,82.2,13.16662447250623,"pearson_r, mutual_information, entropy_reduction_ratio",0.09311986920068073,0.1895420163723427,0.03651834028017479,0.05288202736522186,0.6489348854364694
perm_android.permission.SYSTEM_OVERLAY_WINDOW,0,0.20229395392147137,0.24325887015188377,119.8,125.88312039348246,"pearson_r, entropy_reduction_ratio, f_stat",0.14937829572042144,0.04287335042268868,0.054551540490664796,0.08149841404834363,0.6831681689252384
perm_android.permission.MODE_WORLD_READABLE,0,0.20149183297772236,0.22605813127982657,90.0,14.872793954062566,"pearson_r, mutual_information, entropy_reduction_ratio",0.095036174633737,0.19543947345192897,0.0323666427167099,0.04576165034874878,0.638855223737487
perm_android.permission.ACCESS_COARSE_UPDATES,0,0.2000405845980715,0.23931241725016913,113.2,102.29056652497336,"pearson_r, entropy_reduction_ratio, f_stat",0.14754561194102758,0.05670740190300861,0.04962885216562185,0.07275470078807869,0.6735663561926208
intent_com.umeng.messge.registercallback.action,0,0.19772716779517577,0.23507826984224703,93.8,49.454625668384146,"pearson_r, entropy_reduction_ratio, mutual_information",0.10956595443770652,0.10427680812794914,0.043733875274214476,0.06571770248262092,0.6653414986533878
perm_android.permission.BROADCAST_STICKY,0,0.19701447439615824,0.23361385686495872,88.8,32.13347164562211,"pearson_r, mutual_information, entropy_reduction_ratio",0.10025494054710929,0.12155479663868614,0.04047589322438129,0.0619977882467884,0.6607889533238261
intent_com.taobao.accs.intent.action.RECEIVE,0,0.19536525589486006,0.23121069358156146,90.8,25.015195382007313,"pearson_r, mutual_information, entropy_reduction_ratio",0.09900207507498174,0.12966921543649643,0.038622916851300766,0.056182116945865945,0.6533499551656555
perm_com.anddoes.launcher.permission.UPDATE_COUNT,0,0.19269314769265805,0.11230717802565271,234.2,374.81163269034215,"mutual_information, pearson_r, entropy_reduction_ratio",0.17905304390537852,0.33080774978122546,0.05699593415676251,0.08577427157477359,0.31083473904515013
perm_android.permission.WRITE_EXTERNAL_STORAGE,0,0.1921252622957563,0.23343894827198597,133.2,88.6372382241234,"pearson_r, mutual_information, entropy_reduction_ratio",0.08703093660499403,0.17642278748060744,0.0023954451539409767,0.049927200352419744,0.6448499418868193
intent_android.intent.action.MEDIA_BUTTON,0,0.19143143507551671,0.08443540822503641,230.4,379.31179786555543,"mutual_information, pearson_r, entropy_reduction_ratio",0.20429585155737864,0.2812934977334022,0.07280028083887553,0.11812438180170977,0.28064316344621737
perm_android.permission.UPDATE_APP_OPS_STATS,0,0.18906077834036802,0.22330838726956648,111.4,35.19431772317798,"pearson_r, mutual_information, entropy_reduction_ratio",0.056502519669139786,0.23591499089883974,0.019419985630025935,0.026743820325725746,0.6067225751781089
intent_com.umeng.message.message.handler.action,0,0.18898417165525622,0.23916861237571335,116.0,93.21158726252868,"pearson_r, entropy_reduction_ratio, f_stat",0.10956595443770652,0.060561827428351325,0.043733875274214476,0.06571770248262092,0.6653414986533878
intent_com.umeng.message.enablecallback.action,0,0.18529643511691046,0.23113896143520993,108.3,35.368912903848205,"pearson_r, mutual_information, entropy_reduction_ratio",0.08729064391889477,0.11074005403706923,0.03441838976209126,0.0496183793142999,0.6444147085521971
intent_android.intent.action.RESPOND_VIA_MESSAGE,0,0.18460783963671107,0.22901295080878367,110.6,32.45674044016127,"pearson_r, mutual_information, entropy_reduction_ratio",0.095036174633737,0.1110195067468725,0.0323666427167099,0.04576165034874878,0.638855223737487
suspicious_system/bin/su,0,0.18421502685169933,0.23059547975675393,114.6,18.260339536821327,"pearson_r, mutual_information, entropy_reduction_ratio",0.0686481141527953,0.1528775689000396,0.018839782498941228,0.04419155301892184,0.6365181156877987
intent_com.sina.weibo.sdk.action.ACTION_SDK_REQ_ACTIVITY,0,0.18371338458767236,0.23394875993919048,114.8,53.10894463270758,"pearson_r, mutual_information, entropy_reduction_ratio",0.08480910066668342,0.0967092092144605,0.034245092945592075,0.05330045618878973,0.6495030639228361
intent_com.taobao.accs.intent.action.ELECTION,0,0.1815032440141599,0.23248308732259662,119.5,56.783800506834694,"pearson_r, mutual_information, entropy_reduction_ratio",0.08729064391889477,0.09177409852331661,0.03441838976209126,0.0496183793142999,0.6444147085521971
perm_android.permission.INTERACT_ACROSS_USERS_FULL,0,0.1812828239239687,0.23072438256173086,114.0,31.71750305430741,"pearson_r, mutual_information, entropy_reduction_ratio",0.0778251568054087,0.11114312683754794,0.031781143009070346,0.04618576511611191,0.6394789278517045
perm_com.sonymobile.home.permission.PROVIDER_INSERT_BADGE,0,0.18052628965718012,0.11336134205448767,240.3,368.0921895395229,"pearson_r, mutual_information, entropy_reduction_ratio",0.15500260668720559,0.30040853816114593,0.04964162007201896,0.07342411007475666,0.32415457329077335
perm_com.google.android.providers.gsf.permission.READ_GSERVICES,0,0.17975129681208016,0.07638958628665615,233.4,378.81425527559014,"pearson_r, mutual_information, entropy_reduction_ratio",0.19277922630811392,0.2371844032340912,0.06984227197889764,0.11931766483743979,0.2796329177018582
perm_android.permission.BROADCAST_PACKAGE_INSTALL,0,0.1785932090487968,0.23160305344801968,122.5,46.70331893987835,"pearson_r, mutual_information, entropy_reduction_ratio",0.0778251568054087,0.09769505246168877,0.031781143009070346,0.04618576511611191,0.6394789278517043
intent_com.google.android.c2dm.intent.REGISTRATION,0,0.17599603913447498,0.06346276201807353,238.4,377.2387042709165,"pearson_r, entropy_reduction_ratio, mutual_information",0.22176670237792293,0.17777676178364085,0.07647437102800096,0.1437382893081526,0.2602240711746577
perm_android.permission.ACCESS_LOCATION_EXTRA_COMMANDS,0,0.17512424862701895,0.23398696496404225,131.2,63.23100505290106,"pearson_r, mutual_information, entropy_reduction_ratio",0.07603492575012454,0.07921576986996612,0.03092735145012499,0.04772572124827111,0.6417174748166079
perm_android.permission.BROADCAST_PACKAGE_CHANGED,0,0.17440670024062388,0.23764755847688654,140.6,108.01870208440758,"pearson_r, entropy_reduction_ratio, f_stat",0.08855551840588945,0.04682474139779551,0.03579269759993823,0.05247743056559456,0.6483831132339016
perm_android.permission.BROADCAST_PACKAGE_REPLACED,0,0.17392186080499647,0.2379096800405182,142.2,111.19514377885395,"pearson_r, entropy_reduction_ratio, f_stat",0.08855551840588945,0.044400544219658465,0.03579269759993823,0.05247743056559456,0.6483831132339016
intent_android.intent.action.PACKAGE_ADDED,0,0.17389667980410567,0.23886191419709532,141.0,97.30775919730142,"pearson_r, entropy_reduction_ratio, mutual_information",0.08341308812842395,0.053934177118602517,0.027900196915243165,0.05390985368193149,0.6503260831763272
intent_com.taobao.accs.intent.action.SERVICE,0,0.17364812208589225,0.2412434037081231,154.2,149.36050348067258,"pearson_r, entropy_reduction_ratio, f_stat",0.09900207507498174,0.021083546391657253,0.038622916851300766,0.056182116945865945,0.6533499551656555
perm_android.permission.VIBRATE,0,0.1733753846809242,0.23413411668985146,141.0,44.013634251218114,"pearson_r, mutual_information, entropy_reduction_ratio",0.07044477854967095,0.10223978435186296,0.011308978458533311,0.04506283465962248,0.6378205473849313
intent_com.facebook.sdk.ACTION_CURRENT_ACCESS_TOKEN_CHANGED,0,0.17253369197310925,0.07370933057570607,237.4,375.45258022818274,"pearson_r, entropy_reduction_ratio, mutual_information",0.19857191254226883,0.19481686562914322,0.07100469190151834,0.11467704321769531,0.28359794657492055
intent_com.igexin.sdk.action.7fjUl2Z3LH6xYy7NQK4ni4,0,0.17137323050046233,0.2321409495458161,142.4,78.11171487043413,"pearson_r, entropy_reduction_ratio, mutual_information",0.08856438149105388,0.06158875071397724,0.030208866535595905,0.04252188869250791,0.6339822650691767
perm_android.permission.SET_WALLPAPER_HINTS,0,0.17094319743554026,0.22774445287794978,136.0,48.07494149762431,"pearson_r, mutual_information, entropy_reduction_ratio",0.07568059865837089,0.09328328650964819,0.025893314173367918,0.036127620085699086,0.6237311677506152
intent_com.taobao.accs.intent.action.START_FROM_AGOO,0,0.17092099893662754,0.23747714237570997,150.3,117.58299196737596,"pearson_r, entropy_reduction_ratio, f_stat",0.08729064391889477,0.03886287313565475,0.03441838976209126,0.0496183793142999,0.6444147085521971
perm_android.permission.REORDER_TASKS,0,0.17079294604015188,0.23503950041668734,150.8,111.5982078709152,"pearson_r, entropy_reduction_ratio, f_stat",0.095036174633737,0.04194503876407672,0.0323666427167099,0.04576165034874878,0.638855223737487
perm_com.sec.android.provider.badge.permission.WRITE,0,0.16945227856073092,0.09416059131548764,241.6,369.21191746746206,"pearson_r, mutual_information, entropy_reduction_ratio",0.1730124497449961,0.2223494177605632,0.05515735563557662,0.08264645799813435,0.31409571166438427
perm_android.permission.CHANGE_CONFIGURATION,0,0.16943593963055723,0.2449635540586938,169.4,178.83467225345314,"pearson_r, entropy_reduction_ratio, f_stat",0.09315660093039699,0.0024355931152983006,0.03768885687546408,0.05807792261288951,0.6558207246187373
intent_com.taobao.accs.intent.action.COMMAND,0,0.1694314128075608,0.2440412737734777,217.8,276.3486204054581,"pearson_r, entropy_reduction_ratio, f_stat",0.09900207507498174,0.0,0.038622916851300766,0.056182116945865945,0.6533499551656555
perm_android.permission.DELETE_PACKAGES,0,0.16845465359620931,0.2165551109364696,192.8,76.06155402041166,"pearson_r, mutual_information, entropy_reduction_ratio",0.018665449002645426,0.24752640294377398,0.0064733285433419795,0.008688920867789461,0.5609191666234957
intent_android.intent.action.PACKAGE_REPLACED,0,0.16806765931544018,0.2352152232965608,150.8,87.27061361076821,"pearson_r, entropy_reduction_ratio, mutual_information",0.07204249236128067,0.05605661358086734,0.029592619624795934,0.04496763880083462,0.6376789322094224
intent_android.intent.action.MEDIA_EJECT,0,0.16789608563817296,0.2338829957079049,156.5,105.30147197451706,"pearson_r, entropy_reduction_ratio, mutual_information",0.08856438149105388,0.04420302640253048,0.030208866535595905,0.04252188869250791,0.6339822650691765
perm_com.android.launcher2.permission.READ_SETTINGS,0,0.16645468029159416,0.2250375516532335,134.2,29.130053209700804,"pearson_r, mutual_information, entropy_reduction_ratio",0.06287570124344713,0.10532322584292299,0.02157776181113993,0.029844553211189888,0.6126521593492709
intent_com.datouniao.AdPublisher.service.check,0,0.1663771931274744,0.21663725829786729,173.8,59.48579662406817,"pearson_r, mutual_information, entropy_reduction_ratio",0.02492436881674226,0.2161633711672973,0.008631104724455973,0.011634317425946424,0.57053280350293
perm_android.permission.SET_WALLPAPER,0,0.16555209632084794,0.22474620909112955,131.4,19.106019993708788,"pearson_r, mutual_information, entropy_reduction_ratio",0.05124930795669413,0.11807589917976025,0.02036579285005906,0.02830955377840669,0.6097599278393195
perm_android.permission.READ_SETTINGS,0,0.1648247617472603,0.2408792123554108,170.0,154.75012116311896,"pearson_r, entropy_reduction_ratio, f_stat",0.082697064474786,0.013538280948383994,0.033787471300464875,0.04964655449506735,0.6444544375175993
perm_com.sec.android.provider.badge.permission.READ,0,0.16451929863088188,0.09187857785576055,244.4,367.82909074731975,"pearson_r, mutual_information, entropy_reduction_ratio",0.1730124497449961,0.19768451811131804,0.05515735563557662,0.08264645799813435,0.31409571166438427
perm_android.hardware.camera.autofocus,0,0.1643880808696101,0.2235834613818682,135.4,21.247117451550928,"pearson_r, mutual_information, entropy_reduction_ratio",0.056502519669139786,0.1125515035450501,0.019419985630025935,0.026743820325725746,0.6067225751781089
perm_cn.swiftpass.wxpay.permission.MMOAUTH_CALLBACK,0,0.1641459143950136,0.21514873440129834,192.9,73.0057531979501,"pearson_r, mutual_information, entropy_reduction_ratio",0.018665449002645426,0.22598270693779537,0.0064733285433419795,0.008688920867789461,0.5609191666234958
perm_android.permission.RECORD_AUDIO,0,0.16313936693346495,0.2381462287052993,165.4,111.95463366917869,"pearson_r, entropy_reduction_ratio, f_stat",0.07063650326939014,0.03833989987553446,0.02281723087830692,0.045473512613293444,0.6384296880307998
intent_android.fbreader.action.CLOSE,0,0.1628107639109066,0.21861850084376347,151.7,30.68159057154632,"pearson_r, mutual_information, entropy_reduction_ratio",0.03749856190418594,0.1592757834364977,0.012946657086683959,0.017600635331982094,0.5867321817951834
intent_com.xiaomi.mipush.MESSAGE_ARRIVED,0,0.16276308303219297,0.22153266939389038,142.8,24.709512338368803,"pearson_r, mutual_information, entropy_reduction_ratio",0.03485402428791842,0.1476083251106484,0.015043495532720774,0.021192545920014516,0.5951170243096628
perm_com.htc.launcher.permission.UPDATE_SHORTCUT,0,0.16121432391116866,0.08877610703988331,246.8,368.60841010481573,"pearson_r, entropy_reduction_ratio, mutual_information",0.17905304390537852,0.17341363087377856,0.05699593415676251,0.08577427157477359,0.31083473904515013
intent_com.tencent.smtt.tbs.video.PLAY,0,0.16071910588249594,0.2170890724166663,162.2,38.23035443204784,"pearson_r, mutual_information, entropy_reduction_ratio",0.031202033851297776,0.16797152349315966,0.010788880905569965,0.014604782220644215,0.5790283089418081
intent_com.baidu.android.pushservice.action.media.CLICK,0,0.16068925224598965,0.2204056348153611,150.6,26.560120481654444,"pearson_r, mutual_information, entropy_reduction_ratio",0.03285915873576383,0.14690402785581855,0.013908178653052005,0.019202541850236322,0.5905723541350776
suspicious_Landroid/telephony/SmsMessage;->getMessageBody,0,0.1600468343988691,0.24235990164601112,186.0,175.62118323254742,"pearson_r, entropy_reduction_ratio, f_stat",0.07750401336916124,0.000608658915356554,0.03184173989816146,0.048068892363927744,0.6422108674477385
intent_com.excelliance.dualaid.action.downloadcomp,0,0.1599610166062365,0.20573872518658998,550.0,262.2243314416113,"pearson_r, mutual_information, entropy_reduction_ratio",0.0,0.30056557972829634,0.0,0.0,0.49923950330288613
intent_android.accessibilityservice.AccessibilityService,0,0.15905548035766684,0.23916714639240874,237.3,266.56736484423595,"pearson_r, entropy_reduction_ratio, f_stat",0.08856438149105388,0.0,0.030208866535595905,0.04252188869250791,0.6339822650691765
perm_android.permission.BROADCAST_PACKAGE_ADDED,0,0.15905419855645905,0.24151274490439953,234.1,268.283134020758,"pearson_r, entropy_reduction_ratio, f_stat",0.0778251568054087,0.0,0.031781143009070346,0.04618576511611191,0.6394789278517043
perm_com.android.alarm.permission.SET_ALARM,0,0.15830797836095242,0.12473725459261382,258.6,355.72551215789963,"pearson_r, mutual_information, entropy_reduction_ratio",0.09447824579658096,0.2586934489160317,0.03550234595075917,0.05169199852776001,0.35117385261363027
perm_android.permission.WRITE_MEDIA_STORAGE,0,0.15675865179932305,0.21905101997367205,160.0,18.439088914585774,"pearson_r, mutual_information, entropy_reduction_ratio",0.03749856190418594,0.12901522287858,0.012946657086683959,0.017600635331982094,0.5867321817951833
intent_com.baidu.autoupdatesdk.ACTION_NEW_UPDATE,0,0.15550656303352195,0.22142875771327467,155.2,23.163764806265842,"pearson_r, mutual_information, entropy_reduction_ratio",0.04381407193474047,0.10415391341541592,0.015104433267797953,0.020622203360917187,0.5938381931887382
perm_android.permission.BLUETOOTH,0,0.1553559325153952,0.2421367494209476,242.6,264.12542475119653,"pearson_r, entropy_reduction_ratio, f_stat",0.06980421557450013,0.0,0.024719085404714375,0.0448109329260735,0.637445428671688
perm_me.everything.badger.permission.BADGE_COUNT_WRITE,0,0.1548793596019665,0.11053218945879004,254.2,359.20740526887806,"pearson_r, mutual_information, entropy_reduction_ratio",0.12535223258630662,0.208001468231135,0.04044872746608952,0.05857018037241527,0.34202418935388607
perm_android.permission.FOREGROUND_SERVICE,0,0.15481897405342487,0.09303571608122575,249.8,364.1699603207272,"pearson_r, mutual_information, entropy_reduction_ratio",0.14248547569741324,0.1823412610716713,0.052356396169707504,0.08000399265495092,0.3169077446733815
perm_android.permission.ACCESS_CHECKIN_PROPERTIES,0,0.15446267789686877,0.22674350384857866,160.6,67.70701588461863,"pearson_r, mutual_information, entropy_reduction_ratio",0.056502519669139786,0.06292448868134341,0.019419985630025935,0.026743820325725746,0.6067225751781089
intent_com.google.android.gms.iid.InstanceID,0,0.15433494071920392,0.07464247159239865,259.8,368.9457412682792,"pearson_r, entropy_reduction_ratio, f_stat",0.19487212749109395,0.10719476234204191,0.07069625738021192,0.11906665081938604,0.2798449055632858
intent_com.baidu.android.pushservice.action.BIND_SYNC,0,0.15426912557127195,0.22117984026146825,160.6,18.260339536821323,"pearson_r, mutual_information, entropy_reduction_ratio",0.03285915873576383,0.11480339448223006,0.013908178653052005,0.019202541850236322,0.5905723541350776
intent_com.baidu.android.pushservice.action.METHOD,0,0.15372738739911315,0.22127913558472584,161.8,18.508376482014842,"pearson_r, mutual_information, entropy_reduction_ratio",0.03285915873576383,0.11209470362143606,0.013908178653052005,0.019202541850236322,0.5905723541350776
perm_android.permission.BLUETOOTH_ADMIN,0,0.15353025626633104,0.22363036095534145,163.0,27.72724292099739,"pearson_r, mutual_information, entropy_reduction_ratio",0.03452908594537209,0.10110789603056507,0.0136716450024899,0.021826071202389316,0.5965165831508388
perm_android.permission.CHANGE_COMPONENT_ENABLED_STATE,0,0.1530805077717869,0.20832847302080826,261.8,106.49300446508212,"pearson_r, mutual_information, entropy_reduction_ratio",0.006203379558140791,0.21939047564364042,0.0021577761811139933,0.002872069871399607,0.5347788376046397
perm_android.permission.READ_PROFILE,0,0.15283573855940105,0.2214446033787396,161.6,21.2235718011837,"pearson_r, mutual_information, entropy_reduction_ratio",0.03444071906355842,0.10550155491857055,0.014076616802829452,0.019317768825542304,0.5908420331865045
perm_com.tencent.mtt.extension.Player,0,0.15264061622737407,0.21742018347401762,171.4,22.952995447217774,"pearson_r, mutual_information, entropy_reduction_ratio",0.031202033851297776,0.12757907521755035,0.010788880905569965,0.014604782220644215,0.5790283089418081
intent_android.intent.action.DOWNLOAD_COMPLETE,0,0.15249649330175682,0.2402476899515867,245.4,262.7078986250699,"pearson_r, entropy_reduction_ratio, f_stat",0.06450787351974828,0.0,0.02609924814751509,0.04070895686350728,0.6311663879780135
perm_android.permission.RECEIVE_MMS,0,0.15233182102654702,0.23694679742990185,198.0,170.9362454250122,"pearson_r, entropy_reduction_ratio, f_stat",0.07568059865837089,0.00022640446468189519,0.025893314173367918,0.036127620085699086,0.6237311677506152
intent_show_notificationcenter,0,0.15222667687148098,0.20097944215030525,552.6,257.06932917016763,"pearson_r, mutual_information, entropy_reduction_ratio",0.0,0.26189388105451866,0.0,0.0,0.49923950330288613
perm_android.permission.READ_EXTERNAL_STORAGE,0,0.1518127042656847,0.24300613938643584,257.4,258.1461601496331,"pearson_r, entropy_reduction_ratio, f_stat",0.06793450689011224,0.0,0.012138353575549519,0.04350647155621315,0.6354841893065486
intent_com.xiaomi.mipush.ERROR,0,0.15152873310748055,0.22635744010723235,164.6,55.04943233131473,"pearson_r, mutual_information, entropy_reduction_ratio",0.04048242914088701,0.07242452926285824,0.017356495526921475,0.02472221325961088,0.6026579983471252
intent_android.media.browse.MediaBrowserService,0,0.15065772713632097,0.09621796667712686,255.3,360.22945465355826,"pearson_r, entropy_reduction_ratio, mutual_information",0.15500260668720559,0.15106572555685038,0.04964162007201896,0.07342411007475666,0.3241545732907734
intent_android.app.action.DEVICE_ADMIN_ENABLED,0,0.15055305361617832,0.2104923963530834,229.8,77.73519151581219,"pearson_r, mutual_information, entropy_reduction_ratio",0.012425157756965736,0.18070613436223942,0.004315552362227987,0.005768274979482335,0.5495501486199761
intent_com.igexin.sdk.action.64kVIzqls49c7TJxrBbWG4,0,0.14868009330598492,0.22631819291609181,177.4,82.59927360455417,"pearson_r, mutual_information, entropy_reduction_ratio",0.050148684079649425,0.051847276705732255,0.017262209448911946,0.02366981714617307,0.6004724791494578
intent_android.intent.action.MEDIA_UNMOUNTED,0,0.14857872590933768,0.2370452773824954,248.4,261.2084225288304,"pearson_r, entropy_reduction_ratio, f_stat",0.0628452506909223,0.0,0.024599499658459333,0.03449310679758899,0.6209557723997178
intent_com.umeng.message.unregistercallback.action,0,0.14845156891252903,0.21842278930580145,184.8,24.8708664907357,"pearson_r, mutual_information, entropy_reduction_ratio",0.023941297305383795,0.11502484266875258,0.010441411452905369,0.014393891431656312,0.5784564017039471
perm_android.permission.WRITE_SECURE_SETTINGS,0,0.14801052727285868,0.21281410837922538,216.4,59.49319288792626,"pearson_r, mutual_information, entropy_reduction_ratio",0.013829000549121662,0.15348811649760755,0.005977508178253656,0.008068354501914801,0.5586896566373958
perm_android.permission.WRITE_CALL_LOG,0,0.14791374856794567,0.22665102739846044,179.4,86.53923965462141,"pearson_r, entropy_reduction_ratio, mutual_information",0.050148684079649425,0.04801555301553624,0.017262209448911946,0.02366981714617307,0.6004724791494578
suspicious_adb_enabled,0,0.14724058649350807,0.08302899388819787,257.8,365.96743024482384,"pearson_r, entropy_reduction_ratio, mutual_information",0.15400784265463605,0.12928913343502463,0.056231767621017385,0.09685628989074271,0.29981789886611965
intent_com.alimama.mobile.sdk.download.action,0,0.14723354237346448,0.21293538349427918,208.2,46.709313846384,"pearson_r, mutual_information, entropy_reduction_ratio",0.018665449002645426,0.1414208468300497,0.0064733285433419795,0.008688920867789461,0.5609191666234957
intent_com.baidu.android.pushservice.action.notification.CLICK,0,0.14688657756139153,0.22047914676065783,185.7,26.39242315514057,"pearson_r, mutual_information, entropy_reduction_ratio",0.02797342776459141,0.09423639639949188,0.011955016356507312,0.016438054038229146,0.583829993248138
intent_com.excelliance.open.action.fw,0,0.14687620455258904,0.1983272641434999,553.8,254.69071439689353,"pearson_r, mutual_information, entropy_reduction_ratio",0.0,0.2351415194600591,0.0,0.0,0.49923950330288613
intent_com.mobutils.android.mediation.MaterialNotificationReceiver.ACTION_CLICK_NOTIFICATION,0,0.1460562297417543,0.1979687916506492,554.2,253.89793224837416,"pearson_r, mutual_information, entropy_reduction_ratio",0.0,0.23104164540588543,0.0,0.0,0.49923950330288613
perm_com.fx.launcher.permission.READ_SETTINGS,0,0.14526310395671668,0.1976343857040849,554.4,253.50155818061552,"pearson_r, mutual_information, entropy_reduction_ratio",0.0,0.22707601648069733,0.0,0.0,0.49923950330288613
perm_android.permission.ACCESS_MOCK_LOCATION,0,0.1441812115033157,0.23577801975960758,251.8,259.5738045335084,"pearson_r, entropy_reduction_ratio, f_stat",0.05362379011793749,0.0,0.021961550056371133,0.03083828351354274,0.6144824338287271
intent_safiap.framework.ACTION_CANCEL_NOTIFICATION,0,0.14378264728678875,0.216157265725438,200.4,17.738094598913378,"pearson_r, mutual_information, entropy_reduction_ratio",0.02492436881674226,0.10319064196386898,0.008631104724455973,0.011634317425946424,0.57053280350293
perm_com.htc.launcher.permission.WRITE_SETTINGS,0,0.1423670464334735,0.20995576940324565,238.6,61.103518720283205,"pearson_r, mutual_information, entropy_reduction_ratio",0.012425157756965736,0.13977609844871536,0.004315552362227987,0.005768274979482335,0.5495501486199761
intent_com.esbook.receiver.CLICK_BOOK_UPDATE,0,0.1415064638633561,0.1962170136790151,556.4,249.53845395048833,"pearson_r, mutual_information, entropy_reduction_ratio",0.0,0.2082928160138944,0.0,0.0,0.49923950330288613
intent_android.net.wifi.RSSI_CHANGED,0,0.14126995841959905,0.20589413463962117,273.2,91.36060420115444,"pearson_r, mutual_information, entropy_reduction_ratio",0.006203379558140791,0.16033772888270123,0.0021577761811139933,0.002872069871399607,0.5347788376046396
perm_android.permission.PROCESS_OUTGOING_CALLS,0,0.1412039832324984,0.2348961836254339,255.2,257.92045285320046,"pearson_r, entropy_reduction_ratio, f_stat",0.0474990995450925,0.0,0.02007811316885953,0.028437865317949094,0.6100048381305908
perm_com.google.android.googleapps.permission.GOOGLE_AUTH.cp,0,0.14098129509378152,0.19604099431825578,557.0,248.34975337213444,"pearson_r, mutual_information, entropy_reduction_ratio",0.0,0.20566697216602145,0.0,0.0,0.49923950330288613
perm_android.webkit.permission.PLUGIN,0,0.14087151023662087,0.23461418420048033,256.4,257.3065098282591,"pearson_r, entropy_reduction_ratio, f_stat",0.04739123448941396,0.0,0.019880302255395946,0.027972414504240307,0.6091135999340541
perm_com.teslacoilsw.launcher.permission.READ_SETTINGS,0,0.14066832504645937,0.1959386993308462,557.2,247.9535440359746,"pearson_r, mutual_information, entropy_reduction_ratio",0.0,0.20410212192941082,0.0,0.0,0.49923950330288613
perm_android.permission.READ_CONTACTS,0,0.14066571749795673,0.23561919399932565,257.6,256.8179121478874,"pearson_r, entropy_reduction_ratio, f_stat",0.045639856536933386,0.0,0.017778397664681395,0.028944378143201607,0.6109659551449672
perm_com.google.android.googleapps.permission.GOOGLE_AUTH.androidsecure,0,0.1406289445407642,0.19592596558078215,557.4,247.55734689158388,"pearson_r, mutual_information, entropy_reduction_ratio",0.0,0.20390521940093476,0.0,0.0,0.49923950330288613
intent_android.service.notification.NotificationListenerService,0,0.1404026837140631,0.22839915250079568,199.6,109.03137163220501,"pearson_r, entropy_reduction_ratio, mutual_information",0.03788286491043393,0.029243818874887834,0.015890571504535173,0.022031140454768235,0.5969650228256902
perm_com.majeur.launcher.permission.UPDATE_BADGE,0,0.14014237131605353,0.09592538308882016,282.8,357.2799462606319,"pearson_r, entropy_reduction_ratio, f_stat",0.1730124497449961,0.07579988153717641,0.05515735563557662,0.08264645799813435,0.31409571166438427
intent_cn.jpush.android.intent.REGISTER,0,0.1394080663659592,0.22504167713676482,204.8,78.00102563428253,"pearson_r, mutual_information, entropy_reduction_ratio",0.030026445455373866,0.046562704924241034,0.013047327117892053,0.0184983154325359,0.5889055388997531
intent_org.agoo.android.intent.action.ELECTION_RESULT_V4,0,0.13920060616996227,0.22710021962966123,203.8,99.84267624618242,"pearson_r, mutual_information, entropy_reduction_ratio",0.03368085307877157,0.03434170748268381,0.014521141543971439,0.020315800995093374,0.5931435277492912
intent_cn.jpush.android.intent.NOTIFICATION_OPENED,0,0.13907859748209878,0.21027794154447355,256.0,63.928084595113596,"pearson_r, mutual_information, entropy_reduction_ratio",0.00901613424733325,0.12777233130467744,0.004026678479993052,0.005630331504528643,0.5489475118739615
intent_android.intent.action.MY_PACKAGE_REPLACED,0,0.138964555908779,0.13004466277309337,280.6,343.29439261368657,"pearson_r, mutual_information, entropy_reduction_ratio",0.06879180088154509,0.189744387793342,0.026578138243759115,0.03790863562950671,0.37179981699574216
intent_android.intent.action.SCREEN_ON,0,0.1387299589673383,0.2242405849275783,208.5,88.65438511433035,"pearson_r, mutual_information, entropy_reduction_ratio",0.03749856190418594,0.03887175871865619,0.012946657086683959,0.017600635331982094,0.5867321817951834
perm_android.permission.REAL_GET_TASKS,0,0.13832457257824748,0.2101612218373477,244.0,51.219137048568086,"pearson_r, mutual_information, entropy_reduction_ratio",0.012425157756965736,0.11956372917258527,0.004315552362227987,0.005768274979482335,0.5495501486199761
intent_com.dzbook.service.PerpareDataService,0,0.13831063796483845,0.23164247018990486,263.4,253.72000315308213,"pearson_r, entropy_reduction_ratio, f_stat",0.050148684079649425,0.0,0.017262209448911946,0.02366981714617307,0.6004724791494578
intent_org.agoo.android.intent.action.PING_V4,0,0.13824301689746682,0.2335713143124477,262.8,254.16168082541475,"pearson_r, entropy_reduction_ratio, f_stat",0.04277448676356507,0.0,0.018196698598072894,0.025666434671136332,0.6045774644545597
intent_cn.jpush.android.intent.PushService,0,0.13819257304966984,0.22555569595356584,209.0,86.16727917254902,"pearson_r, mutual_information, entropy_reduction_ratio",0.030026445455373866,0.04048523834279425,0.013047327117892053,0.0184983154325359,0.5889055388997531
perm_com.oppo.launcher.permission.WRITE_SETTINGS,0,0.1380020629631979,0.10753428431464582,271.0,351.75929269885677,"pearson_r, entropy_reduction_ratio, mutual_information",0.12535223258630662,0.1236149850372919,0.04044872746608952,0.05857018037241527,0.34202418935388607
perm_com.android.vending.BILLING,0,0.13798620865353634,0.09130353338630834,270.6,358.5050069385363,"pearson_r, entropy_reduction_ratio, mutual_information",0.13552224066242355,0.10761231948974187,0.05015495144126236,0.08483467761843974,0.31180685405581426
intent_com.igexin.sdk.action.user.message,0,0.13774245177230238,0.21403770319065907,227.3,20.932271735289508,"pearson_r, mutual_information, entropy_reduction_ratio",0.018665449002645426,0.0939653938242392,0.0064733285433419795,0.008688920867789461,0.5609191666234958
intent_com.aspire.purchaseservice.BIND,0,0.1377421744368204,0.2176242233462538,215.4,31.506189868024347,"pearson_r, mutual_information, entropy_reduction_ratio",0.02492436881674226,0.07298827771402731,0.008631104724455973,0.011634317425946424,0.57053280350293
perm_com.tencent.mm.wear.message,0,0.13768105715375678,0.1950607123021792,558.8,244.78431322288606,"pearson_r, mutual_information, entropy_reduction_ratio",0.0,0.18916578246589782,0.0,0.0,0.49923950330288613
perm_android.permission.CALL_PHONE,0,0.13752917287222657,0.23442953766176888,266.4,252.5395810561188,"pearson_r, entropy_reduction_ratio, f_stat",0.04117598329191106,0.0,0.014680876439053686,0.026181070906317928,0.6056079337238501
intent_com.baidu.autoupdatesdk.ACTION_NEW_AS,0,0.13721819237154262,0.22857573215393015,213.4,135.1023315860981,"pearson_r, entropy_reduction_ratio, f_stat",0.04381407193474047,0.012712060105519299,0.015104433267797953,0.020622203360917187,0.5938381931887382
intent_com.qihoo.appstore.battery.STOP,0,0.13713075388162363,0.19491851731682783,559.0,244.38821575517915,"pearson_r, mutual_information, entropy_reduction_ratio",0.0,0.186414266105232,0.0,0.0,0.49923950330288613
perm_com.google.android.googleapps.permission.GOOGLE_AUTH.mail,0,0.1370680550789321,0.20567638850611838,275.8,79.93972729500645,"pearson_r, mutual_information, entropy_reduction_ratio",0.006203379558140791,0.1393282121793665,0.0021577761811139933,0.002872069871399607,0.5347788376046397
intent_com.xiaomi.mipush.RECEIVE_MESSAGE,0,0.1370438272549089,0.2331706983576511,264.8,253.2041863792935,"pearson_r, entropy_reduction_ratio, f_stat",0.04048242914088701,0.0,0.017356495526921475,0.02472221325961088,0.6026579983471252
perm_android.permission.SET_DEBUG_APP,0,0.1369952984205996,0.2048651794047092,299.0,95.92705562040356,"pearson_r, mutual_information, entropy_reduction_ratio",0.0037765336073544236,0.14565820568423427,0.001723667363611771,0.0023595697369265325,0.531458515710871
perm_cn.swiftpass.wxpay.permission.MM_MESSAGE,0,0.1368835651933109,0.21422018622630687,229.3,21.094074997496335,"pearson_r, mutual_information, entropy_reduction_ratio",0.018665449002645426,0.08967096092928187,0.0064733285433419795,0.008688920867789461,0.5609191666234958
intent_com.baidu.android.pushservice.action.notification.SHOW,0,0.13668042433605326,0.2270380437040564,213.2,107.4605043725368,"pearson_r, entropy_reduction_ratio, mutual_information",0.03285915873576383,0.026859888306136663,0.013908178653052005,0.019202541850236322,0.5905723541350776
perm_android.permission.BAIDU_LOCATION_SERVICE,0,0.13665099973773764,0.20173199887069593,304.2,106.44322430291182,"pearson_r, mutual_information, entropy_reduction_ratio",0.0018025288941588833,0.1581240855544218,0.0008341698846121158,0.001113293450339093,0.5213809209051563
intent_,0,0.13661500535725896,0.21034156862196315,248.2,43.83103923020763,"pearson_r, mutual_information, entropy_reduction_ratio",0.012425157756965736,0.1110158930676427,0.004315552362227987,0.005768274979482335,0.5495501486199761
intent_pre_add_game_uninstalled,0,0.13637792098400178,0.19473389772675148,559.4,243.59605908142274,"pearson_r, mutual_information, entropy_reduction_ratio",0.0,0.18265010161712278,0.0,0.0,0.49923950330288613
intent_com.android.utils.hades.ACTION_UPDATE_COMMON_RES,0,0.13634218214921312,0.1947254184878601,559.6,243.20000000000002,"pearson_r, mutual_information, entropy_reduction_ratio",0.0,0.18247140744317947,0.0,0.0,0.49923950330288613
suspicious_getSimCountryIso,0,0.13629481848207564,0.2351359196729569,279.4,248.36875809972557,"pearson_r, entropy_reduction_ratio, f_stat",0.04129230597342919,0.0,0.008264038537408343,0.026224062090044763,0.6056936858094959
perm_android.permission.ACCESS_MTK_MMHW,0,0.13623685373591302,0.2180924512932829,219.2,38.08096637429256,"pearson_r, mutual_information, entropy_reduction_ratio",0.02492436881674226,0.06546167420949045,0.008631104724455973,0.011634317425946424,0.57053280350293
perm_android.permission.ACCESS_CACHE_FILESYSTEM,0,0.1361109397893186,0.21040532094242584,249.2,42.12790049361587,"pearson_r, mutual_information, entropy_reduction_ratio",0.012425157756965736,0.10849556522794077,0.004315552362227987,0.005768274979482335,0.5495501486199761
intent_android.net.wifi.supplicant.CONNECTION_CHANGE,0,0.13611017802771835,0.21439614721829592,230.3,21.45600149142426,"pearson_r, mutual_information, entropy_reduction_ratio",0.018665449002645426,0.08580402510131901,0.0064733285433419795,0.008688920867789461,0.5609191666234958
perm_ACCESS_WIFI_STATE,0,0.13599132459202953,0.19464354968703984,560.0,242.40792066267142,"pearson_r, mutual_information, entropy_reduction_ratio",0.0,0.1807171196572616,0.0,0.0,0.49923950330288613
intent_com.baidu.autoupdatesdk.ACTION_AS_DOWNLOAD_COMPLETE,0,0.13594830886659315,0.22928046648903422,218.8,145.84292920810387,"pearson_r, entropy_reduction_ratio, f_stat",0.04381407193474047,0.006362642580771922,0.015104433267797953,0.020622203360917187,0.5938381931887382
intent_com.qihoo.appstore.ACTION_DAEMON_CORE_SERVICE,0,0.13582235261375292,0.1946050123422945,560.4,241.6158935169622,"pearson_r, mutual_information, entropy_reduction_ratio",0.0,0.17987225976587837,0.0,0.0,0.49923950330288613
intent_android.net.conn.MEDIA_NOFS,0,0.1355566092567685,0.19454557657903404,560.6,241.21989967662287,"pearson_r, mutual_information, entropy_reduction_ratio",0.0,0.1785435429809563,0.0,0.0,0.49923950330288613
intent_com.qihoo.appstore.checkupdate.INSTALL_ALL_SILENT_TASK,0,0.13546260827764087,0.19452489579353477,560.8,240.82391907781917,"pearson_r, mutual_information, entropy_reduction_ratio",0.0,0.1780735380853182,0.0,0.0,0.49923950330288613
perm_android.permission.PACKAGE_USAGE_STATS,0,0.13528575351011324,0.23216245543485126,268.6,251.28040114581162,"pearson_r, entropy_reduction_ratio, f_stat",0.03816479315958966,0.0,0.016342920188319003,0.022957347627365732,0.5989637065752919
intent_com.tencent.mm.plugin.openapi.Intent.ACTION_REFRESH_WXAPP,0,0.13528575351011324,0.23216245543485126,268.6,251.28040114581162,"pearson_r, entropy_reduction_ratio, f_stat",0.03816479315958966,0.0,0.016342920188319003,0.022957347627365732,0.5989637065752919
intent_com.mobiletool.appstore.highspeed,0,0.13501588605857012,0.19442906888685374,561.4,239.63605738703015,"pearson_r, mutual_information, entropy_reduction_ratio",0.0,0.17583992698996448,0.0,0.0,0.49923950330288613
intent_com.baidu.android.pushservice.action.MESSAGE,0,0.134923666258513,0.22791330437742716,221.0,122.86252479906149,"pearson_r, entropy_reduction_ratio, f_stat",0.03285915873576383,0.0180760979184352,0.013908178653052005,0.019202541850236322,0.5905723541350776
perm_android.permission.USE_SIP,0,0.13487757244971682,0.19440022199053192,561.6,239.2401304129389,"pearson_r, mutual_information, entropy_reduction_ratio",0.0,0.1751483589456979,0.0,0.0,0.49923950330288613
intent_android.intent.action.CREATE_SHORTCUT,0,0.1347191787793915,0.23177155863361928,270.2,250.50540912323632,"pearson_r, entropy_reduction_ratio, f_stat",0.0376134467245097,0.0,0.01600945251535881,0.022338942484186535,0.5976340521729024
intent_com.baidu.autoupdatesdk.ACTION_DOWNLOAD_COMPLETE,0,0.13467578035043876,0.23001263560942473,271.0,249.93279096589148,"pearson_r, entropy_reduction_ratio, f_stat",0.04381407193474047,0.0,0.015104433267797953,0.020622203360917187,0.5938381931887382
intent_safiap.framework.ACTION_TO_INSTALL_IAP,0,0.1344065676278195,0.21871624255146885,226.2,50.94467587491356,"pearson_r, mutual_information, entropy_reduction_ratio",0.02492436881674226,0.0563102436690229,0.008631104724455973,0.011634317425946424,0.57053280350293
perm_com.huawei.launcher3.permission.READ_SETTINGS,0,0.1343256564372191,0.21066976661212497,254.2,34.099266854288814,"pearson_r, mutual_information, entropy_reduction_ratio",0.012425157756965736,0.09956914846744347,0.004315552362227987,0.005768274979482335,0.5495501486199761
perm_android.permission.CHANGE_WIFI_MULTICAST_STATE,0,0.13423882140876667,0.22184787129205213,225.6,67.25057620570995,"pearson_r, mutual_information, entropy_reduction_ratio",0.022736368616120457,0.04735575008325938,0.010001974674462996,0.013926558105461973,0.5771734555645285
intent_android.view.InputMethod,0,0.13417573380947925,0.21488439946427884,235.6,21.47184202624451,"pearson_r, mutual_information, entropy_reduction_ratio",0.018665449002645426,0.07613180401012368,0.0064733285433419795,0.008688920867789461,0.5609191666234957
intent_com.baidu.android.pushservice.action.RECEIVE,0,0.13389594382525555,0.2284488408820373,224.2,129.19504634466446,"pearson_r, entropy_reduction_ratio, f_stat",0.03285915873576383,0.012937485752148113,0.013908178653052005,0.019202541850236322,0.5905723541350776
intent_com.kingroot.kinguser.action.update,0,0.13388531186052008,0.19420470232618917,562.2,238.05243119951538,"pearson_r, mutual_information, entropy_reduction_ratio",0.0,0.17018705599971432,0.0,0.0,0.49923950330288613
intent_com.kingroot.kinguser.service.IKingrootAppList,0,0.13248713641936752,0.1939633304766854,563.0,236.46902545576663,"pearson_r, mutual_information, entropy_reduction_ratio",0.0,0.1631961787939514,0.0,0.0,0.49923950330288613
intent_android.fbreader.action.PLUGIN,0,0.13247188742800606,0.22735508194918033,232.3,135.76288152510614,"pearson_r, entropy_reduction_ratio, f_stat",0.03749856190418594,0.00758140102199489,0.012946657086683959,0.017600635331982094,0.5867321817951834
perm_com.huawei.android.launcher.permission.CHANGE_BADGE,0,0.13195295954835232,0.12148465354414228,284.4,341.3312760354668,"pearson_r, mutual_information, entropy_reduction_ratio",0.07744127650749043,0.1458593311103116,0.030471638286607677,0.04451137078743387,0.3614811810499179
perm_android.permission.INSTALL_PACKAGES,0,0.13184799360065777,0.22605145106012034,233.1,115.38821430284811,"pearson_r, entropy_reduction_ratio, mutual_information",0.02797342776459141,0.019043476595823033,0.011955016356507312,0.016438054038229146,0.583829993248138
perm_com.android.launcher3.permission.READ_SETTINGS,0,0.13173542757568696,0.22981761649179244,278.8,246.2607561102662,"pearson_r, entropy_reduction_ratio, f_stat",0.03444071906355842,0.0,0.014076616802829452,0.019317768825542304,0.5908420331865045
intent_cn.jpush.android.intent.REGISTRATION,0,0.131692632667097,0.20878104259203376,272.2,43.79223675493181,"pearson_r, mutual_information, entropy_reduction_ratio",0.006778242772509145,0.10202395317550961,0.0030398719752457505,0.004237153601506915,0.5423839418107135
intent_android.intent.action.MEDIA_REMOVED,0,0.1314564785865369,0.22389377213470324,233.0,108.22846206058738,"pearson_r, entropy_reduction_ratio, mutual_information",0.031202033851297776,0.021658387013364352,0.010788880905569965,0.014604782220644215,0.5790283089418081
intent_com.qihoo360.daemon.pcdaemon.ACTION_SEND_SMS_SEND_STATUS_FORWARD2,0,0.1314097622886808,0.1938046600420451,564.2,234.09433995720613,"pearson_r, mutual_information, entropy_reduction_ratio",0.0,0.15780930814051788,0.0,0.0,0.49923950330288613
intent_android.intent.action.INSTALL,0,0.13136960275315662,0.21988187502347487,236.8,71.24436819847587,"pearson_r, mutual_information, entropy_reduction_ratio",0.02492436881674226,0.04112541929570838,0.008631104724455973,0.011634317425946424,0.57053280350293
intent_safiap.framework.ACTION_CHECK_UPDATE,0,0.13115851487827038,0.21996889803337308,237.4,72.40883923941882,"pearson_r, mutual_information, entropy_reduction_ratio",0.02492436881674226,0.04006997992127724,0.008631104724455973,0.011634317425946424,0.57053280350293
intent_android.fbreader.action.PLUGIN_CRASH,0,0.13095560722360708,0.22820663367935187,285.9,242.55976583102154,"pearson_r, entropy_reduction_ratio, f_stat",0.03749856190418594,0.0,0.012946657086683959,0.017600635331982094,0.5867321817951834
intent_android.intent.action.ACTION_SHUTDOWN,0,0.13095560722360705,0.22820663367935187,286.6,242.12938689882316,"pearson_r, entropy_reduction_ratio, f_stat",0.03749856190418594,0.0,0.012946657086683959,0.017600635331982094,0.5867321817951833
intent_android.intent.apicloud.notification,0,0.13095560722360705,0.22820663367935187,286.6,242.12938689882316,"pearson_r, entropy_reduction_ratio, f_stat",0.03749856190418594,0.0,0.012946657086683959,0.017600635331982094,0.5867321817951833
perm_me.everything.badger.permission.BADGE_COUNT_READ,0,0.13071240707504664,0.10948028283469795,289.4,347.16802848188655,"pearson_r, entropy_reduction_ratio, mutual_information",0.12535223258630662,0.08716670559653561,0.04044872746608952,0.05857018037241527,0.34202418935388607
intent_co.ronash.pushe.CHECK_TASKS,0,0.13065877571856227,0.1937081587557498,564.8,232.9071918168265,"pearson_r, mutual_information, entropy_reduction_ratio",0.0,0.1540543752899253,0.0,0.0,0.49923950330288613
intent_android.intent.action.SENDTO,0,0.13062754158119722,0.21595732413304525,245.6,36.45600087777046,"pearson_r, mutual_information, entropy_reduction_ratio",0.018665449002645426,0.05839084286871348,0.0064733285433419795,0.008688920867789461,0.5609191666234957
perm_android.permission.MANAGE_ACCOUNTS,0,0.13025295721218416,0.2300406981618119,288.4,241.63906968865777,"pearson_r, entropy_reduction_ratio, f_stat",0.030056557987513593,0.0,0.012359542702357187,0.01892630192730146,0.5899223834437486
intent_cn.jpush.android.intent.REPORT,0,0.13009552538111097,0.22960815010418054,287.6,241.96330300274875,"pearson_r, entropy_reduction_ratio, f_stat",0.030026445455373866,0.0,0.013047327117892053,0.0184983154325359,0.5889055388997531
perm_com.google.android.googleapps.permission.GOOGLE_AUTH.local,0,0.12985902832414262,0.19361815000801477,565.6,231.3245339344705,"pearson_r, mutual_information, entropy_reduction_ratio",0.0,0.15005563831782692,0.0,0.0,0.49923950330288613
intent_com.kinguser.kingroot.ACTION_INSTALL,0,0.12975784715014535,0.19360770111136114,566.0,230.5332947753968,"pearson_r, mutual_information, entropy_reduction_ratio",0.0,0.14954973244784062,0.0,0.0,0.49923950330288613
perm_android.permission.CLEAR_APP_CACHE,0,0.1293497590513315,0.21141578156091578,279.0,26.679580206592455,"pearson_r, mutual_information, entropy_reduction_ratio",0.00926768988957441,0.07956202264365546,0.004085730047079751,0.005493045903355847,0.5483403067729921
intent_cn.jpush.android.intent.NOTIFICATION_RECEIVED_PROXY,0,0.1292391032850587,0.2230434500419441,242.4,92.67707375613453,"pearson_r, mutual_information, entropy_reduction_ratio",0.021296142546224788,0.027187577081057887,0.009352000362570523,0.013206716983059473,0.5751530794523808
suspicious_Cipher,0,0.12903684002123988,0.19353935298527183,566.8,228.95099912426676,"pearson_r, mutual_information, entropy_reduction_ratio",0.0,0.14594469680331326,0.0,0.0,0.49923950330288613
intent_com.excelliance.kxqp.platform.action.BADGE_REPORT,0,0.12890301874741855,0.19352784689709804,567.4,227.76443971788046,"pearson_r, mutual_information, entropy_reduction_ratio",0.0,0.14527559043420663,0.0,0.0,0.49923950330288613
intent_com.firebase.jobdispatcher.ACTION_EXECUTE,0,0.12876048058109402,0.14437600940049677,300.6,329.1763053441119,"pearson_r, mutual_information, entropy_reduction_ratio",0.050310692477243374,0.15420060036497937,0.01654720669067299,0.022719543339124553,0.40002436003344977
intent_com.sogou.androidtool.highspeed,0,0.12873233728676273,0.19351370769113563,567.6,227.3689512664383,"pearson_r, mutual_information, entropy_reduction_ratio",0.0,0.14442218313092753,0.0,0.0,0.49923950330288613
perm_com.google.android.providers.talk.permission.WRITE_ONLY,0,0.12853454690828747,0.1934980747899319,567.8,226.97347862690918,"pearson_r, mutual_information, entropy_reduction_ratio",0.0,0.14343323123855126,0.0,0.0,0.49923950330288613
intent_android.intent.action.SIG_STR,0,0.12847613034114524,0.21671848518091164,254.0,51.73393470440848,"pearson_r, mutual_information, entropy_reduction_ratio",0.018665449002645426,0.04763378666845365,0.0064733285433419795,0.008688920867789461,0.5609191666234957
perm_com.sonyericsson.homescreen.permission.READ_SETTINGS,0,0.12835731049963067,0.19348475242194016,568.0,226.5780218820881,"pearson_r, mutual_information, entropy_reduction_ratio",0.0,0.14254704919526726,0.0,0.0,0.49923950330288613
intent_android.provider.Telephony.SMS_RECEIVED,0,0.12803929828149316,0.2280713906616013,295.2,238.0507508914853,"pearson_r, entropy_reduction_ratio, f_stat",0.02797342776459141,0.0,0.011955016356507312,0.016438054038229146,0.5838299932481379
perm_com.lge.launcher.permission.WRITE_SETTINGS,0,0.12803032272314718,0.19346187573161133,568.6,225.39174785248906,"pearson_r, mutual_information, entropy_reduction_ratio",0.0,0.14091211031284984,0.0,0.0,0.49923950330288613
intent_android.intent.action.ACTION_VIEW_DOWNLOADS,0,0.12797736001240761,0.13120287467538838,293.5,334.53669454934237,"pearson_r, mutual_information, entropy_reduction_ratio",0.07309413729879256,0.13003352703077448,0.02390152077541654,0.03334857156863782,0.37950904338841673
intent_cn.egame.terminal.sdk.SERVICE_CMD,0,0.12792767130444843,0.22139705309339555,249.4,95.88242800430119,"pearson_r, entropy_reduction_ratio, mutual_information",0.02492436881674226,0.02391576205216752,0.008631104724455973,0.011634317425946424,0.57053280350293
intent_safiap.framework.ACTION_SET_TIMER,0,0.12790441385991508,0.22140798401253556,249.6,96.27585367058555,"pearson_r, entropy_reduction_ratio, mutual_information",0.02492436881674226,0.023799474829500813,0.008631104724455973,0.011634317425946424,0.57053280350293
perm_com.qiku.launcher.permission.WRITE_SETTINGS,0,0.12788669866924302,0.19345252545252162,568.8,224.99635552603957,"pearson_r, mutual_information, entropy_reduction_ratio",0.0,0.14019399004332903,0.0,0.0,0.49923950330288613
intent_android.intent.action.PACKAGE_RESTARTED,0,0.12772940205926772,0.21324691820923433,265.2,31.16023106461183,"pearson_r, mutual_information, entropy_reduction_ratio",0.010397168225700972,0.06549426055863464,0.004653901881751779,0.006298900407029774,0.5518027792232214
intent_cn.jpush.android.intent.PUSH_TIME,0,0.12766570731925797,0.2279624495688031,249.2,142.09067527462878,"pearson_r, entropy_reduction_ratio, f_stat",0.026305755832784362,0.0010018219040838449,0.011491115757411798,0.01623009332852225,0.5832997497734876
intent_com.tencent.android.tpush.action.PUSH_MESSAGE,0,0.1275241039409656,0.20714207229587797,293.3,46.886671880183606,"pearson_r, mutual_information, entropy_reduction_ratio",0.00515816684287309,0.09076166759971535,0.0023269509408758893,0.003116555914608554,0.5362571784067551
intent_com.snowfish.a.a.s.ABGSvc,0,0.12745404653771578,0.22162147376243244,251.6,100.21297321205473,"pearson_r, entropy_reduction_ratio, mutual_information",0.02492436881674226,0.02154763821850423,0.008631104724455973,0.011634317425946424,0.57053280350293
intent_com.qihoo360.daemon.pcdaemon.NotifyServiceStart2,0,0.12738695423432006,0.19342331188668319,569.6,223.41495026072002,"pearson_r, mutual_information, entropy_reduction_ratio",0.0,0.1376952678687142,0.0,0.0,0.49923950330288613
intent_safiap.framework.ACTION_TO_INSTALL,0,0.1273717145938642,0.2216608754556269,252.0,101.000990094157,"pearson_r, entropy_reduction_ratio, mutual_information",0.02492436881674226,0.021135978499246352,0.008631104724455973,0.011634317425946424,0.57053280350293
perm_com.android.launcher3.permission.INSTALL_SHORTCUT,0,0.12731119514982228,0.2216899118443125,252.4,101.78919392548504,"pearson_r, entropy_reduction_ratio, mutual_information",0.02492436881674226,0.02083338127903675,0.008631104724455973,0.011634317425946424,0.57053280350293
intent_android.intent.action.MEDIA_CHECKING,0,0.12712480118386402,0.2261740363999324,297.6,236.75903361857178,"pearson_r, entropy_reduction_ratio, f_stat",0.031202033851297776,0.0,0.010788880905569965,0.014604782220644215,0.5790283089418081
intent_com.google.Ps.Download,0,0.1270908810843885,0.20653293401125458,301.2,39.491264856927536,"pearson_r, mutual_information, entropy_reduction_ratio",0.006203379558140791,0.0894423422066485,0.0021577761811139933,0.002872069871399607,0.5347788376046396
intent_android.intent.action.DOWNLOAD_WAKEUP,0,0.12706243872558703,0.1934071053689297,569.8,223.01964039070643,"pearson_r, mutual_information, entropy_reduction_ratio",0.0,0.13607269032504912,0.0,0.0,0.49923950330288613
intent_android.intent.action.DATE_CHANGED,0,0.12681168941578536,0.1944266911475304,327.9,104.20431852855236,"pearson_r, mutual_information, entropy_reduction_ratio",2.7245667891990124e-05,0.1320198203105333,1.2767906397124243e-05,1.7059883524088625e-05,0.5019815533105803
intent_android.intent.action.BATTERY_CHANGED,0,0.1267406652036815,0.21245972453379683,272.8,25.336929569306538,"pearson_r, mutual_information, entropy_reduction_ratio",0.012425157756965736,0.06164419229975536,0.004315552362227987,0.005768274979482335,0.5495501486199761
perm_net.qihoo.launcher.permission.WRITE_SETTINGS,0,0.1263939863230754,0.19338058297819918,570.0,222.6243472758539,"pearson_r, mutual_information, entropy_reduction_ratio",0.0,0.1327304283124909,0.0,0.0,0.49923950330288613
intent_android.intent.action.ANY_DATA_STATE,0,0.12637660587738966,0.22214620610571556,256.0,108.89077095879155,"pearson_r, entropy_reduction_ratio, mutual_information",0.02492436881674226,0.01616043491687363,0.008631104724455973,0.011634317425946424,0.57053280350293
intent_cn.jpush.android.ui.PushActivity,0,0.12631535975753877,0.2273997576270065,302.6,234.82384887400173,"pearson_r, entropy_reduction_ratio, f_stat",0.024674357418190993,0.0,0.01078226050966035,0.015282454001928418,0.5808377268579141
intent_android.intent.action.ACTION_POWER_DISCONNECTED,0,0.126249843549105,0.21892307443901637,263.2,67.8804832039372,"pearson_r, mutual_information, entropy_reduction_ratio",0.015023608388991153,0.037180095084739816,0.006033525929743748,0.009453800096075595,0.5635581882459747
intent_com.xiaomi.push.PING_TIMER,0,0.12609844517970564,0.22720155345566648,303.6,234.33019438390778,"pearson_r, entropy_reduction_ratio, f_stat",0.024475913151762303,0.0,0.010734327123691347,0.015052775134339893,0.5802292104887348
perm_com.yulong2.android.launcher.permission.WRITE_SETTINGS,0,0.12600872319339826,0.193369493945557,570.4,221.8338116699075,"pearson_r, mutual_information, entropy_reduction_ratio",0.0,0.13080411266410513,0.0,0.0,0.49923950330288613
intent_com.qihoo.appstore.gameunion.DOWNLOAD_SLIENT,0,0.12584538001784465,0.1933657191035797,570.8,221.04334416579928,"pearson_r, mutual_information, entropy_reduction_ratio",0.0,0.12998739678633708,0.0,0.0,0.49923950330288613
intent_com.baidu.android.pushservice.action.PUSH_SERVICE,0,0.12573528658161823,0.22554993554704306,258.6,131.07570331682376,"pearson_r, entropy_reduction_ratio, f_stat",0.02324834765034573,0.0049648851565412076,0.010039056584429764,0.013747664105099687,0.5766764794116748
perm_android.permission.MODIFY_PHONE_STATE,0,0.12551347462453302,0.21695127335496484,270.6,56.694267787846066,"pearson_r, mutual_information, entropy_reduction_ratio",0.013829000549121662,0.0410028532559792,0.005977508178253656,0.008068354501914801,0.5586896566373958
intent_com.umeng.message.autoupdate.handler.action,0,0.1254466003787785,0.22663492839350838,306.6,232.72696448843226,"pearson_r, entropy_reduction_ratio, f_stat",0.023941297305383795,0.0,0.010441411452905369,0.014393891431656312,0.5784564017039471
intent_cn.jpush.android.intent.ACTION_RICHPUSH_CALLBACK,0,0.12537996788237837,0.20279081059203377,324.0,63.774603095589704,"pearson_r, mutual_information, entropy_reduction_ratio",0.0022230074514888124,0.09828600777909222,0.0010224965039696981,0.0013900961829190163,0.5239782314944221
intent_com.telecom.sdk_auth_ui.SMS_UNSUB_SEND_RESULT_ACTION,0,0.12534548974468224,0.19335759560409724,572.0,218.67235764952093,"pearson_r, mutual_information, entropy_reduction_ratio",0.0,0.127487945420525,0.0,0.0,0.49923950330288613
perm_com.sec.android.permission.VOIP_INTERFACE,0,0.12526690177275862,0.19335678870828904,572.2,218.27725488469932,"pearson_r, mutual_information, entropy_reduction_ratio",0.0,0.12709500556090694,0.0,0.0,0.49923950330288613
intent_android.settings.SYNC_SETTINGS,0,0.12519041231692765,0.19335612604932234,572.4,217.88216999102977,"pearson_r, mutual_information, entropy_reduction_ratio",0.0,0.1267125582817521,0.0,0.0,0.49923950330288613
perm_android.permission.READ_OWNER_DATA,0,0.1251628140767087,0.2125645119755291,289.6,24.69898783351253,"pearson_r, mutual_information, entropy_reduction_ratio",0.00926768988957441,0.058627297770541396,0.004085730047079751,0.005493045903355847,0.5483403067729921
perm_android.permission.DIAGNOSTIC,0,0.12501842112218614,0.2130146076635399,280.8,35.62527192878673,"pearson_r, mutual_information, entropy_reduction_ratio",0.012425157756965736,0.05303297189227847,0.004315552362227987,0.005768274979482335,0.5495501486199761
perm_xvtian.gai.receiver,0,0.12478129858727871,0.2130952527177313,281.4,36.56282264814904,"pearson_r, mutual_information, entropy_reduction_ratio",0.012425157756965736,0.05184735921774139,0.004315552362227987,0.005768274979482335,0.5495501486199761
intent_cn.jpush.android.intent.UNREGISTRATION,0,0.12474230955030999,0.22608972092549467,309.2,231.45703705007546,"pearson_r, entropy_reduction_ratio, f_stat",0.02324834765034573,0.0,0.010039056584429764,0.013747664105099687,0.5766764794116748
intent_com.unicom.xiaowo.security.RECEIVER_CMD,0,0.12469438431434347,0.22300464659617317,262.0,120.75263972269923,"pearson_r, entropy_reduction_ratio, f_stat",0.02492436881674226,0.007749327101642704,0.008631104724455973,0.011634317425946424,0.57053280350293
perm_android.permission.RUN_INSTRUMENTATION,0,0.12468743477574176,0.22585323267983276,309.8,231.0691671339991,"pearson_r, entropy_reduction_ratio, f_stat",0.023783938891930936,0.0,0.009960562978056533,0.013555042822381754,0.5761376291863396
intent_com.kingroot.common.ACTION_NEW_APP_STARTED,0,0.12457469157012828,0.1933552003315483,573.2,216.30201108635123,"pearson_r, mutual_information, entropy_reduction_ratio",0.0,0.12363395454775526,0.0,0.0,0.49923950330288613
intent_android.intent.action.DELETE,0,0.12450834575406237,0.21318935197285888,282.2,37.83596172955037,"pearson_r, mutual_information, entropy_reduction_ratio",0.012425157756965736,0.05048259505165972,0.004315552362227987,0.005768274979482335,0.5495501486199761
intent_cn.jpush.android.intent.CONNECTION,0,0.1244079272446648,0.2137448899644251,283.0,43.455724594119935,"pearson_r, mutual_information, entropy_reduction_ratio",0.009587046085554269,0.051728423810337515,0.004292337986960491,0.005978245493592986,0.5504535828468787
intent_android.intent.action.SCREEN_OFF,0,0.12436075540309181,0.21282146442446173,294.6,29.564167500540247,"pearson_r, mutual_information, entropy_reduction_ratio",0.00926768988957441,0.05461700440245702,0.004085730047079751,0.005493045903355847,0.5483403067729921
intent_com.easou.eyou.START_EPAY_PROXY_ACTIVITY,0,0.1243252481065513,0.19335705755110572,573.6,215.51204142692353,"pearson_r, mutual_information, entropy_reduction_ratio",0.0,0.12238673722987035,0.0,0.0,0.49923950330288613
perm_com.android.browser.permission.WRITE_HISTORY_BOOKMARKS,0,0.12400373612805726,0.20197143590603014,328.7,61.40814278253333,"pearson_r, mutual_information, entropy_reduction_ratio",0.0018025288941588833,0.09488776750602,0.0008341698846121158,0.001113293450339093,0.5213809209051562
perm_com.baiqi.weather.permission.READ_SETTINGS,0,0.12387070548957349,0.19336375154717617,574.2,214.32722645524998,"pearson_r, mutual_information, entropy_reduction_ratio",0.0,0.12011402414498126,0.0,0.0,0.49923950330288613
intent_org.android.agoo.client.ElectionReceiverService,0,0.12349802689136924,0.22544644105124426,313.0,229.65191050805564,"pearson_r, entropy_reduction_ratio, f_stat",0.021125833988330147,0.0,0.009307803763503557,0.012869468951893167,0.5741870277531194
perm_com.sonymobile.home.permission.PROVIDER_ACCESS_MODIFY_CONFIGURATION,0,0.12346939778221418,0.19337321369377242,574.6,213.5374440232907,"pearson_r, mutual_information, entropy_reduction_ratio",0.0,0.11810748560818474,0.0,0.0,0.49923950330288613
perm_com.qihoo360.launcher.permission.READ_SETTINGS,0,0.12346340971943814,0.1933733801034112,574.8,213.14258138626363,"pearson_r, mutual_information, entropy_reduction_ratio",0.0,0.11807754529430456,0.0,0.0,0.49923950330288613
intent_com.qihoo.appstore.launcher.shortcut.VIDEO,0,0.12345474242244903,0.1933736222830806,575.2,212.35291380152992,"pearson_r, mutual_information, entropy_reduction_ratio",0.0,0.11803420880935905,0.0,0.0,0.49923950330288613
intent_wifi.intent.action.SDK_RESULT,0,0.12342079373072705,0.1933745858301535,575.4,211.9581090687497,"pearson_r, mutual_information, entropy_reduction_ratio",0.0,0.11786446535074914,0.0,0.0,0.49923950330288613
intent_safiap.GET_SHARED_DATA,0,0.12329118700521832,0.2237568819800413,268.8,134.2257799381326,"pearson_r, entropy_reduction_ratio, f_stat",0.02492436881674226,0.0007333405560169618,0.008631104724455973,0.011634317425946424,0.57053280350293
intent_com.sogou.androidtool.action.backtomarket,0,0.12320175589328124,0.19338137564818725,575.6,211.56332385363962,"pearson_r, mutual_information, entropy_reduction_ratio",0.0,0.11676927616352001,0.0,0.0,0.49923950330288613
perm_com.android.launcher2.permission.UNINSTALL_SHORTCUT,0,0.12319362680873691,0.20738866664569736,309.2,27.791365565585295,"pearson_r, mutual_information, entropy_reduction_ratio",0.006203379558140791,0.06995607082839049,0.0021577761811139933,0.002872069871399607,0.5347788376046396
intent_cn.egame.terminal.sdk.RECEIVER_CMD,0,0.12314451889401494,0.2238373939610476,315.8,227.76162977990828,"pearson_r, entropy_reduction_ratio, f_stat",0.02492436881674226,0.0,0.008631104724455973,0.011634317425946424,0.57053280350293
intent_safiap.framework.sdk.ISAFFramework,0,0.12314451889401494,0.2238373939610476,315.8,227.76162977990828,"pearson_r, entropy_reduction_ratio, f_stat",0.02492436881674226,0.0,0.008631104724455973,0.011634317425946424,0.57053280350293
intent_safiap.framework.ACTION_START_DOWNLOAD,0,0.12314451889401494,0.2238373939610476,315.8,227.76162977990828,"pearson_r, entropy_reduction_ratio, f_stat",0.02492436881674226,0.0,0.008631104724455973,0.011634317425946424,0.57053280350293
intent_com.qihoo.sdkplugging.host.proxy.activity.VIEW,0,0.12312955081448891,0.19338383132333056,575.8,211.16855826566604,"pearson_r, mutual_information, entropy_reduction_ratio",0.0,0.11640825076955845,0.0,0.0,0.49923950330288613
intent_com.qihoo.appstore.ACTION_GET_SIGNIN_FOR_NOTIFYCATION,0,0.12280553898955641,0.19339617812492596,576.6,209.58969440313618,"pearson_r, mutual_information, entropy_reduction_ratio",0.0,0.11478819164489595,0.0,0.0,0.49923950330288613
intent_com.amazon.device.messaging.intent.REGISTRATION,0,0.12274327603906668,0.19339879934329912,576.8,209.195028621619,"pearson_r, mutual_information, entropy_reduction_ratio",0.0,0.1144768768924472,0.0,0.0,0.49923950330288613
intent_com.tencent.android.tpush.action.SDK,0,0.1226978825800478,0.2181179958439563,280.7,74.37311342145091,"pearson_r, mutual_information, entropy_reduction_ratio",0.013829000549121662,0.02692489303355312,0.005977508178253656,0.008068354501914801,0.5586896566373957
intent_com.urbanairship.push.CHANNEL_UPDATED,0,0.12268943755853368,0.16779927526897323,368.4,293.67233441371354,"pearson_r, mutual_information, entropy_reduction_ratio",0.016626654700757464,0.14160399238810836,0.005515735563557662,0.007396375671767579,0.44230442946847737
intent_com.qihoo.appstore.battery.START_EX,0,0.12262747194847057,0.19340388774647377,577.0,208.80038314141092,"pearson_r, mutual_information, entropy_reduction_ratio",0.0,0.11389785643946665,0.0,0.0,0.49923950330288613
perm_com.google.android.googleapps.permission.GOOGLE_AUTH.blogger,0,0.12247062571983058,0.19341122152798815,577.2,208.40575807784197,"pearson_r, mutual_information, entropy_reduction_ratio",0.0,0.11311362529626678,0.0,0.0,0.49923950330288613
intent_com.baidu.location.service_v2.2,0,0.12234046359485191,0.22461118601328098,315.0,228.66656948491618,"pearson_r, entropy_reduction_ratio, f_stat",0.019722717612301228,0.0,0.008678247763460737,0.011916572167661982,0.5713847804308356
intent_com.kingroot.kinguser.SU_REQUEST,0,0.1222365454997028,0.19342311228129927,577.8,207.22200655335814,"pearson_r, mutual_information, entropy_reduction_ratio",0.0,0.1119432241956278,0.0,0.0,0.49923950330288613
perm_com.qihoo.appstore.update.permission.clear_sdk,0,0.12216705466378933,0.19342686024307146,578.0,206.82746432715362,"pearson_r, mutual_information, entropy_reduction_ratio",0.0,0.11159577001606051,0.0,0.0,0.49923950330288613
perm_android.permission.CAMERA,0,0.1220917298740154,0.22559313875281883,325.6,224.72080455534152,"pearson_r, entropy_reduction_ratio, f_stat",0.01979554335146815,0.0,0.005095969548395826,0.012488183256411229,0.5730789532138018
intent_com.baidu.action.Techain.VIEW,0,0.12186463160631893,0.19344433334363806,579.0,204.85507072074148,"pearson_r, mutual_information, entropy_reduction_ratio",0.0,0.11008365472870855,0.0,0.0,0.49923950330288613
intent_com.mobiletool.appstore.action.extend,0,0.12176596261785548,0.19345044295422265,579.2,204.4606563620493,"pearson_r, mutual_information, entropy_reduction_ratio",0.0,0.10959030978639124,0.0,0.0,0.49923950330288613
intent_android.bluetooth.adapter.action.STATE_CHANGED,0,0.12170663910686148,0.18607548627083248,440.2,257.8522057303369,"pearson_r, mutual_information, entropy_reduction_ratio",0.0011793879806192972,0.12485746689400816,0.0005213561778825712,0.0007355720326544044,0.4812394124491429
intent_android.net.ConnectivityManager.CONNECTIVITY_ACTION,0,0.12164974836570601,0.13171305078444429,308.9,328.5118567114435,"pearson_r, mutual_information, entropy_reduction_ratio",0.07309413729879256,0.09839546879726639,0.02390152077541654,0.03334857156863782,0.37950904338841673
intent_com.excelliance.appmate.platform.gameservice.PlatService,0,0.1216359403840596,0.19345880107523725,579.4,204.06626374783266,"pearson_r, mutual_information, entropy_reduction_ratio",0.0,0.10894019861741193,0.0,0.0,0.49923950330288613
perm_org.simalliance.openmobileapi.SMARTCARD,0,0.12141256016154875,0.22388991416720275,327.2,222.2119708746583,"pearson_r, entropy_reduction_ratio, f_stat",0.018713913761950658,0.0,0.008171460094159502,0.011145519927895356,0.5690319070237383
perm_android.permission.FLASHLIGHT,0,0.1212184633034328,0.22422272169199017,330.8,220.78351387728208,"pearson_r, entropy_reduction_ratio, f_stat",0.017957643527435615,0.0,0.007320774509730215,0.011301000889915352,0.5695128975900828
intent_com.kingroot.master.action.NOTIFY_STATISTIC,0,0.12113266573184434,0.1934944437057946,580.2,202.48891327675202,"pearson_r, mutual_information, entropy_reduction_ratio",0.0,0.10642382535633556,0.0,0.0,0.49923950330288613
intent_com.qihoo.appstore.ACTION_WIRTE_CHANNEL_AND_INSTALL,0,0.12109384861674777,0.19349741001261025,580.4,202.09463129929995,"pearson_r, mutual_information, entropy_reduction_ratio",0.0,0.10622973978085266,0.0,0.0,0.49923950330288613
intent_com.qihoo.appstore.ACTION_EVENT_STAT,0,0.12103746688638509,0.19350177395967,580.6,201.70037183902264,"pearson_r, mutual_information, entropy_reduction_ratio",0.0,0.10594783112903927,0.0,0.0,0.49923950330288613
intent_android.intent.action.PACKAGE_CHANGED,0,0.12088592703439627,0.2189421513588615,288.4,90.74050914558502,"pearson_r, mutual_information, entropy_reduction_ratio",0.013829000549121662,0.01786511530529539,0.005977508178253656,0.008068354501914801,0.5586896566373958
perm_android.Manifest.permission.READ_PHONE_STATE,0,0.12085327832801848,0.19351648742097452,581.2,200.51772988940405,"pearson_r, mutual_information, entropy_reduction_ratio",0.0,0.10502688833720629,0.0,0.0,0.49923950330288613
perm_org.adw.launcher.permission.WRITE_SETTINGS,0,0.12074382244777548,0.1935255626758545,581.4,200.1235618311847,"pearson_r, mutual_information, entropy_reduction_ratio",0.0,0.10447960893599127,0.0,0.0,0.49923950330288613
perm_android.permission.NFC,0,0.12073689488420584,0.22360144830601644,331.2,220.53153969443918,"pearson_r, entropy_reduction_ratio, f_stat",0.017407676240833163,0.0,0.007724583370260153,0.010752321757270838,0.5677998930526651
perm_android.permission.MANAGE_USERS,0,0.12072841304454773,0.20807895636090135,313.0,29.24038303442689,"pearson_r, mutual_information, entropy_reduction_ratio",0.006203379558140791,0.05763000200744451,0.0021577761811139933,0.002872069871399607,0.5347788376046397
perm_android.permission.BACKUP,0,0.12071799492062767,0.19352774014616805,581.6,199.72941696204896,"pearson_r, mutual_information, entropy_reduction_ratio",0.0,0.10435047130025221,0.0,0.0,0.49923950330288613
intent_com.qihoo.appstore.free.wifi,0,0.12071326676766544,0.19352814025824527,581.8,199.3352954195518,"pearson_r, mutual_information, entropy_reduction_ratio",0.0,0.10432683053544116,0.0,0.0,0.49923950330288613
intent_android.intent.action.mainintentex,0,0.12065498825266723,0.19353310985899996,582.4,198.15307214373436,"pearson_r, mutual_information, entropy_reduction_ratio",0.0,0.10403543796045,0.0,0.0,0.49923950330288613
intent_com.qihoo.appstore.ACTION_GAME_UNION_DETAIL,0,0.12048082867515764,0.1935483785663008,582.8,197.36504249739872,"pearson_r, mutual_information, entropy_reduction_ratio",0.0,0.10316464007290203,0.0,0.0,0.49923950330288613
perm_com.actionlauncher.playstore.permission.READ_SETTINGS,0,0.1203363770535559,0.1935615173885944,583.0,196.971063864721,"pearson_r, mutual_information, entropy_reduction_ratio",0.0,0.10244238196489339,0.0,0.0,0.49923950330288613
intent_android.intent.action.PACKAGE_FULLY_REMOVED,0,0.12032749026131342,0.1508312011060681,326.0,315.2529143402167,"pearson_r, mutual_information, entropy_reduction_ratio",0.03901798032387907,0.12030071817004738,0.01287004964830121,0.017531067448393788,0.4119176357159457
perm_com.qihoo360.launcher.permission.WRITE_SETTINGS,0,0.12032641146531367,0.19356243969169498,583.2,196.57710955246037,"pearson_r, mutual_information, entropy_reduction_ratio",0.0,0.10239255402368214,0.0,0.0,0.49923950330288613
perm_com.lenovo.launcher.permission.READ_SETTINGS,0,0.12002829805453905,0.19359097652691443,584.2,194.6077079665654,"pearson_r, mutual_information, entropy_reduction_ratio",0.0,0.10090198696980912,0.0,0.0,0.49923950330288613
intent_com.qihoo360.mobilesafe.pcdaemon.sms.restore.start,0,0.11992978857079972,0.1936008090251161,584.4,194.21390269494097,"pearson_r, mutual_information, entropy_reduction_ratio",0.0,0.10040943955111252,0.0,0.0,0.49923950330288613
perm_android.permission.SET_ACTIVITY_WATCHER,0,0.11977467956848789,0.2150352449315153,298.8,67.47117903223568,"pearson_r, mutual_information, entropy_reduction_ratio",0.012425157756965736,0.026814264123787325,0.004315552362227987,0.005768274979482335,0.5495501486199761
intent_com.punchbox.service,0,0.1197630499240282,0.2150402736626611,299.0,67.84836033390933,"pearson_r, mutual_information, entropy_reduction_ratio",0.012425157756965736,0.026756115901488874,0.004315552362227987,0.005768274979482335,0.5495501486199761
perm_com.ebproductions.android.launcher.permission.READ_SETTINGS,0,0.11975506750948131,0.19361874030468382,584.8,193.4263684196134,"pearson_r, mutual_information, entropy_reduction_ratio",0.0,0.09953583424452034,0.0,0.0,0.49923950330288613
intent_com.getui.gis.action.64kVIzqls49c7TJxrBbWG4,0,0.11968609866948728,0.1936259915871417,585.0,193.0326397270679,"pearson_r, mutual_information, entropy_reduction_ratio",0.0,0.09919099004455019,0.0,0.0,0.49923950330288613
intent_com.mobutils.android.mediation.MaterialNotificationReceiver.ACTION_AD_EXPIRES,0,0.11967449616385081,0.19362722108681693,585.2,192.63893687414287,"pearson_r, mutual_information, entropy_reduction_ratio",0.0,0.09913297751636799,0.0,0.0,0.49923950330288613
perm_android.permission.CHANGE_WIMAX_STATE,0,0.11964871168162212,0.19362996335796331,585.4,192.24526001959057,"pearson_r, mutual_information, entropy_reduction_ratio",0.0,0.0990040551052245,0.0,0.0,0.49923950330288613
intent_com.qihoo.appstore.battery.NOTIFY,0,0.11963907913523586,0.1936309913272517,585.6,191.85160932345602,"pearson_r, mutual_information, entropy_reduction_ratio",0.0,0.09895589237329319,0.0,0.0,0.49923950330288613
intent_android.intent.action.BOOT_COMPLETED,0,0.11962772037792238,0.22403614045315365,347.8,214.80074487766564,"pearson_r, entropy_reduction_ratio, f_stat",0.016970310936708474,0.0,0.0029548583376201826,0.010671078241714801,0.5675423543735684
perm_com.google.android.googleapps.permission.GOOGLE_AUTH.lh2,0,0.1196006702649514,0.19363510926227792,585.8,191.4579849470896,"pearson_r, mutual_information, entropy_reduction_ratio",0.0,0.09876384802187091,0.0,0.0,0.49923950330288613
suspicious_getCellSignalStrength,0,0.11941104945133466,0.20706846974358037,339.0,33.52610922848042,"pearson_r, mutual_information, entropy_reduction_ratio",0.003714456066824357,0.05862399846899574,0.0011399916426003767,0.002328783414578712,0.531248017663674
intent_action_send_pop,0,0.11935952456244511,0.19366165744485733,586.6,189.88375391275582,"pearson_r, mutual_information, entropy_reduction_ratio",0.0,0.09755811950933944,0.0,0.0,0.49923950330288613
perm_com.android.agedlauncher.permission.READ_SETTINGS,0,0.11932762195355533,0.1936652593491987,586.8,189.49026360211755,"pearson_r, mutual_information, entropy_reduction_ratio",0.0,0.09739860646489047,0.0,0.0,0.49923950330288613
intent_com.qihoo.appstore.launcher.shortcut.GAME_RESERVATION,0,0.11927018711343045,0.19367179674086055,587.0,189.09680060751953,"pearson_r, mutual_information, entropy_reduction_ratio",0.0,0.09711143226426608,0.0,0.0,0.49923950330288613
intent_android.intent.action.NEW_OUTGOING_CALL,0,0.11922568551036798,0.22238397887142258,334.8,218.881154967713,"pearson_r, entropy_reduction_ratio, f_stat",0.015719026134089594,0.0,0.006980852822627668,0.009549142598223453,0.5638794059968992
perm_com.sonyericsson.home.permission.BROADCAST_BADGE,0,0.11914968417710434,0.11110004682762521,388.8,401.14506104400687,"pearson_r, entropy_reduction_ratio, f_stat",0.14716108216767346,0.0,0.0514231420114927,0.0770730143075314,0.3200911823988241
perm_com.samsung.svoice.sync.WRITE_DATABASE,0,0.11909027015314189,0.1936927148989246,587.4,188.30995725133602,"pearson_r, mutual_information, entropy_reduction_ratio",0.0,0.09621184746282327,0.0,0.0,0.49923950330288613
perm_com.fx.launcher.permission.WRITE_SETTINGS,0,0.11903581781699238,0.19369917715950563,587.6,187.91657723575105,"pearson_r, mutual_information, entropy_reduction_ratio",0.0,0.09593958578207569,0.0,0.0,0.49923950330288613
intent_com.excelliance.open.action.queryUpdate,0,0.11898959025692299,0.1937047112104564,587.8,187.52322522823675,"pearson_r, mutual_information, entropy_reduction_ratio",0.0,0.0957084479817288,0.0,0.0,0.49923950330288613
perm_android.permission.DEVICE_POWER,0,0.11894937300745453,0.2210662095870879,336.3,217.85490584331583,"pearson_r, entropy_reduction_ratio, f_stat",0.018665449002645426,0.0,0.0064733285433419795,0.008688920867789461,0.5609191666234958
intent_android.content.SyncAdapter,0,0.11894937300745453,0.2210662095870879,336.3,217.85490584331583,"pearson_r, entropy_reduction_ratio, f_stat",0.018665449002645426,0.0,0.0064733285433419795,0.008688920867789461,0.5609191666234958
intent_com.adroid.SERVICE,0,0.11894937300745452,0.2210662095870879,337.8,216.84870301664245,"pearson_r, entropy_reduction_ratio, f_stat",0.018665449002645426,0.0,0.0064733285433419795,0.008688920867789461,0.5609191666234957
perm_com.android.launcher3.permission.UNINSTALL_SHORTCUT,0,0.11894937300745452,0.2210662095870879,337.8,216.84870301664245,"pearson_r, entropy_reduction_ratio, f_stat",0.018665449002645426,0.0,0.0064733285433419795,0.008688920867789461,0.5609191666234957
perm_android.permission.RAISED_THREAD_PRIORITY,0,0.11894937300745452,0.2210662095870879,337.8,216.84870301664245,"pearson_r, entropy_reduction_ratio, f_stat",0.018665449002645426,0.0,0.0064733285433419795,0.008688920867789461,0.5609191666234957
intent_safiap.framework.ACTION_NETWORK_ERROR,0,0.11894937300745452,0.2210662095870879,337.8,216.84870301664245,"pearson_r, entropy_reduction_ratio, f_stat",0.018665449002645426,0.0,0.0064733285433419795,0.008688920867789461,0.5609191666234957
intent_com.sogou.androidtool.action.topicdetail,0,0.11888906278603635,0.19371689744810724,588.0,187.1299014054141,"pearson_r, mutual_information, entropy_reduction_ratio",0.0,0.09520581062729555,0.0,0.0,0.49923950330288613
intent_com.excelliance.dualaid.action.pg,0,0.1187437455857435,0.1937348806825203,588.6,185.9501008335301,"pearson_r, mutual_information, entropy_reduction_ratio",0.0,0.09447922462583139,0.0,0.0,0.49923950330288613
perm_com.excelliance.dualaid.assist,0,0.11858555088209036,0.1937549512470133,589.2,184.77056042562626,"pearson_r, mutual_information, entropy_reduction_ratio",0.0,0.09368825110756558,0.0,0.0,0.49923950330288613
intent_com.qihoo.appstore.stable_notification_broadcast,0,0.118540799357824,0.19376072235558542,589.4,184.37743896691916,"pearson_r, mutual_information, entropy_reduction_ratio",0.0,0.09346449348623387,0.0,0.0,0.49923950330288613
intent_com.Remind.alarm.enable,0,0.11827816146691601,0.20887814862688736,325.8,27.791365565585295,"pearson_r, mutual_information, entropy_reduction_ratio",0.006203379558140791,0.04537874411928606,0.0021577761811139933,0.002872069871399607,0.5347788376046396
perm_com.google.android.googleapps.permission.GOOGLE_AUTH.speech,0,0.11813921907655589,0.19381435162179717,590.2,182.8052515657031,"pearson_r, mutual_information, entropy_reduction_ratio",0.0,0.0914565920798933,0.0,0.0,0.49923950330288613
perm_android.permission.WRITE_APN_SETTINGS,0,0.11804423635775847,0.22142082234756075,345.6,213.20187616435274,"pearson_r, entropy_reduction_ratio, f_stat",0.014410969179813216,0.0,0.00636834797963229,0.008652226150051151,0.5607896384792957
perm_com.qiku.android.launcher3.permission.WRITE_UNREAD,0,0.1178201494157706,0.19385932360828234,590.6,182.01933963180943,"pearson_r, mutual_information, entropy_reduction_ratio",0.0,0.08986124377596685,0.0,0.0,0.49923950330288613
perm_com.motorola.dlauncher.permission.READ_SETTINGS,0,0.11780063103404767,0.1938621425108969,590.8,181.62642979478505,"pearson_r, mutual_information, entropy_reduction_ratio",0.0,0.08976365186735227,0.0,0.0,0.49923950330288613
intent_android.intent.action.SERVICE_STATE,0,0.11770500809262534,0.21596778871695016,307.6,84.26648206730835,"pearson_r, mutual_information, entropy_reduction_ratio",0.012425157756965736,0.0164659067444746,0.004315552362227987,0.005768274979482335,0.5495501486199761
intent_android.intent.action.DOWNLOAD_NOTIFICATION_CLICKED,0,0.11768773680249049,0.2213803261129907,349.0,211.68372634664195,"pearson_r, entropy_reduction_ratio, f_stat",0.013624036478685465,0.0,0.005921893018406728,0.008531449552598408,0.5603613049627618
perm_android.permission.FORCE_STOP_PACKAGES,0,0.117685315454546,0.20908831410944723,328.4,31.177556029939232,"pearson_r, mutual_information, entropy_reduction_ratio",0.006203379558140791,0.04241451405743596,0.0021577761811139933,0.002872069871399607,0.5347788376046396
intent_android.intent.action.ACTION_MEDIA_EJECT,0,0.1174908463731654,0.19390792922731756,591.4,180.44788721400982,"pearson_r, mutual_information, entropy_reduction_ratio",0.0,0.08821472856294084,0.0,0.0,0.49923950330288613
perm_android.permission.READ_CALENDAR,0,0.11742695317261445,0.15510872914048981,337.8,308.85167961337044,"pearson_r, mutual_information, entropy_reduction_ratio",0.02661640601451008,0.11640821717538442,0.011035399713699058,0.015190552162578261,0.4178841907969004
perm_android.permission.GET_ACCOUNTS,0,0.11741711092805174,0.21113259703668588,329.0,48.629209329373225,"pearson_r, mutual_information, entropy_reduction_ratio",0.005698358811585807,0.03700662794244694,0.0019159839537184501,0.003576531575347461,0.5388880523571601
perm_android.permission.AUTHENTICATE_ACCOUNTS,0,0.11737129562542814,0.22080456944874147,302.6,117.36541228147243,"pearson_r, entropy_reduction_ratio, f_stat",0.013085627120628749,0.0008921066241183329,0.0058391891922848094,0.008128836899569383,0.5589107182905394
perm_com.google.android.googleapps.permission.GOOGLE_AUTH.grandcentral,0,0.11732494780074754,0.1939332587228736,591.6,180.05510267693057,"pearson_r, mutual_information, entropy_reduction_ratio",0.0,0.08738523570085158,0.0,0.0,0.49923950330288613
intent_com.tencent.android.tpush.action.INTERNAL_PUSH_MESSAGE,0,0.11731290397333716,0.2207326960125759,349.9,210.99440750882474,"pearson_r, entropy_reduction_ratio, f_stat",0.013829000549121662,0.0,0.005977508178253656,0.008068354501914801,0.5586896566373957
intent_com.sogou.androidtool.action.wap,0,0.11695328517376018,0.19399205219649288,592.2,178.87694093985394,"pearson_r, mutual_information, entropy_reduction_ratio",0.0,0.08552692256591472,0.0,0.0,0.49923950330288613
intent_com.qihoo.appstore.freeze.ICON,0,0.11687286154542395,0.19400514692002235,592.4,178.48428502251957,"pearson_r, mutual_information, entropy_reduction_ratio",0.0,0.08512480442423369,0.0,0.0,0.49923950330288613
perm_com.huaqin.launcherEx.permission.READ_SETTINGS,0,0.11674606734776227,0.19402606082017357,592.6,178.09166179246012,"pearson_r, mutual_information, entropy_reduction_ratio",0.0,0.08449083343592523,0.0,0.0,0.49923950330288613
intent_android.intent.action.MAIN,0,0.11617557480194889,0.19412423049530253,593.0,177.3065142627309,"pearson_r, mutual_information, entropy_reduction_ratio",0.0,0.0816383707068583,0.0,0.0,0.49923950330288613
perm_com.yulong.android.launcher.permission.READ_SETTINGS,0,0.11615671262643161,0.1941275899560159,593.2,176.91399040211604,"pearson_r, mutual_information, entropy_reduction_ratio",0.0,0.08154405982927194,0.0,0.0,0.49923950330288613
intent_com.sogou.androidtool.action.service,0,0.11605872316248385,0.1941451594566757,593.4,176.52150010692748,"pearson_r, mutual_information, entropy_reduction_ratio",0.0,0.08105411250953312,0.0,0.0,0.49923950330288613
perm_telecom.mdesk.permission.READ_SETTINGS,0,0.11604554502419825,0.1941475372656346,593.6,176.12904360155937,"pearson_r, mutual_information, entropy_reduction_ratio",0.0,0.08098822181810518,0.0,0.0,0.49923950330288613
intent_com.qihoo360.mobilesafe.pcdaemon.sms.cancel.default.smsreceive,0,0.11597612760316982,0.1941601212385144,593.8,175.73662111239082,"pearson_r, mutual_information, entropy_reduction_ratio",0.0,0.08064113471296293,0.0,0.0,0.49923950330288613
intent_android.Intent.ACTION_NEW_OUTGOING_CALL,0,0.11597023944421317,0.2168072330213355,313.6,95.88347094259782,"pearson_r, entropy_reduction_ratio, mutual_information",0.012425157756965736,0.007792063502413659,0.004315552362227987,0.005768274979482335,0.5495501486199761
perm_android.permission.WRITE_SOCIAL_STREAM,0,0.11596016878943885,0.19416302816764316,594.0,175.34423286780776,"pearson_r, mutual_information, entropy_reduction_ratio",0.0,0.08056134064430805,0.0,0.0,0.49923950330288613
intent_com.google.android.gms.analytics.ANALYTICS_DISPATCH,0,0.11590013025180787,0.11672881271924693,321.8,343.48298356687195,"pearson_r, entropy_reduction_ratio, f_stat",0.10011536559762002,0.03999829092804515,0.0380966397094943,0.05624815300053456,0.3450422020233453
intent_co.ronash.pushe.ACTION_TASK_READY,0,0.11579497503597372,0.19419342417732083,594.2,174.9518790982252,"pearson_r, mutual_information, entropy_reduction_ratio",0.0,0.07973537187698243,0.0,0.0,0.49923950330288613
intent_android.intent.action.START_PCM_PLAY_SERVICE,0,0.11579375603547395,0.19419365054760482,594.4,174.55956003610916,"pearson_r, mutual_information, entropy_reduction_ratio",0.0,0.07972927687448364,0.0,0.0,0.49923950330288613
perm_qiku.permission.ACCESS_QKPARAMS,0,0.11542577953880402,0.1942633709714866,595.0,173.3828134504686,"pearson_r, mutual_information, entropy_reduction_ratio",0.0,0.07788939439113396,0.0,0.0,0.49923950330288613
suspicious_getPackageInfo,0,0.11539682360010348,0.19426897451092318,595.2,172.9906355847044,"pearson_r, mutual_information, entropy_reduction_ratio",0.0,0.07774461469763128,0.0,0.0,0.49923950330288613
perm_com.android.voicemail.permission.ADD_VOICEMAIL,0,0.1153164470505571,0.2099928153379006,332.2,48.26551564005092,"pearson_r, mutual_information, entropy_reduction_ratio",0.006203379558140791,0.030570172037491367,0.0021577761811139933,0.002872069871399607,0.5347788376046397
intent_com.huawei.android.push.intent.REGISTRATION,0,0.1152402638260009,0.20155145591428497,354.6,39.76732326923702,"pearson_r, mutual_information, entropy_reduction_ratio",0.0010039765011094369,0.05823015156667002,0.0004669405768091145,0.0006280104993030931,0.5158722399861129
intent_com.yulong.mms.NEW_MESSAGE_EXTERNAL,0,0.11488955828585992,0.1943699129214283,596.2,171.03028971500925,"pearson_r, mutual_information, entropy_reduction_ratio",0.0,0.07520828812641342,0.0,0.0,0.49923950330288613
intent_com.mobiletool.appstore.action.download,0,0.11478571372134187,0.19439122293019404,596.4,170.6383309810548,"pearson_r, mutual_information, entropy_reduction_ratio",0.0,0.07468906530382328,0.0,0.0,0.49923950330288613
intent_com.qihoo.appstore.launcher.shortcut.VIDEOWALLPAPER,0,0.11477585254494585,0.1943932579631132,596.6,170.24640965377216,"pearson_r, mutual_information, entropy_reduction_ratio",0.0,0.07463975942184306,0.0,0.0,0.49923950330288613
perm_sec.android.permission.READ_MSG_PREF,0,0.11475030416734397,0.19439853954316888,596.8,169.85452599209714,"pearson_r, mutual_information, entropy_reduction_ratio",0.0,0.07451201753383369,0.0,0.0,0.49923950330288613
intent_com.android.utils.hades.ACTION_UPDATE_SYS_WRAPPER,0,0.11452630987974773,0.1944454143531743,597.0,169.4626802573357,"pearson_r, mutual_information, entropy_reduction_ratio",0.0,0.07339204609585244,0.0,0.0,0.49923950330288613
perm_com.nd.android.launcher.permission.READ_SETTINGS,0,0.11451459147594326,0.19444789473812266,597.2,169.0708727131909,"pearson_r, mutual_information, entropy_reduction_ratio",0.0,0.07333345407683015,0.0,0.0,0.49923950330288613
perm_com.qihoo360.mobilesafe.news.permission.NEWS_SDK_BROADCAST,0,0.11448174128252135,0.19445486288927477,597.4,168.67910362579,"pearson_r, mutual_information, entropy_reduction_ratio",0.0,0.0731692031097206,0.0,0.0,0.49923950330288613
perm_android.permission.USE_CREDENTIALS,0,0.11445445753184488,0.1970280929826279,354.8,49.414168008780635,"pearson_r, mutual_information, entropy_reduction_ratio",0.00012427763055293436,0.06692322565344179,5.2232344351872054e-05,7.778962468804338e-05,0.5050947624061898
perm_android.permission.READ_USER_DICTIONARY,0,0.11441182674373043,0.21760575217018802,367.6,202.45700778189922,"pearson_r, entropy_reduction_ratio, f_stat",0.012425157756965736,0.0,0.004315552362227987,0.005768274979482335,0.5495501486199761
perm_android.permission.SAMSUNG_TUNTAP,0,0.11441182674373043,0.21760575217018802,367.6,202.45700778189922,"pearson_r, entropy_reduction_ratio, f_stat",0.012425157756965736,0.0,0.004315552362227987,0.005768274979482335,0.5495501486199761
intent_android.intent.action.SIM_STATE_CHANGED,0,0.11441182674373043,0.21760575217018802,367.6,202.45700778189922,"pearson_r, entropy_reduction_ratio, f_stat",0.012425157756965736,0.0,0.004315552362227987,0.005768274979482335,0.5495501486199761
perm_android.permission.RECEIVE_WAP_PUSH,0,0.11441182674373043,0.21760575217018802,367.6,202.45700778189922,"pearson_r, entropy_reduction_ratio, f_stat",0.012425157756965736,0.0,0.004315552362227987,0.005768274979482335,0.5495501486199761
intent_android.intent.action.NOTIFICATION_REMOVE,0,0.11441182674373043,0.21760575217018802,367.6,202.45700778189922,"pearson_r, entropy_reduction_ratio, f_stat",0.012425157756965736,0.0,0.004315552362227987,0.005768274979482335,0.5495501486199761
intent_android.intent.action.NOTIFICATION_ADD,0,0.11441182674373043,0.21760575217018802,367.6,202.45700778189922,"pearson_r, entropy_reduction_ratio, f_stat",0.012425157756965736,0.0,0.004315552362227987,0.005768274979482335,0.5495501486199761
intent_android.intent.action.NOTIFICATION_UPDATE,0,0.11441182674373043,0.21760575217018802,367.6,202.45700778189922,"pearson_r, entropy_reduction_ratio, f_stat",0.012425157756965736,0.0,0.004315552362227987,0.005768274979482335,0.5495501486199761
perm_com.huawei.launcher3.permission.WRITE_SETTINGS,0,0.11441182674373043,0.21760575217018802,367.6,202.45700778189922,"pearson_r, entropy_reduction_ratio, f_stat",0.012425157756965736,0.0,0.004315552362227987,0.005768274979482335,0.5495501486199761
perm_android.permission.UPDATE_DEVICE_STATS,0,0.11441182674373043,0.21760575217018802,367.6,202.45700778189922,"pearson_r, entropy_reduction_ratio, f_stat",0.012425157756965736,0.0,0.004315552362227987,0.005768274979482335,0.5495501486199761
intent_com.qihoo.psdk.service.action.remote,0,0.11441182674373043,0.21760575217018802,367.6,202.45700778189922,"pearson_r, entropy_reduction_ratio, f_stat",0.012425157756965736,0.0,0.004315552362227987,0.005768274979482335,0.5495501486199761
intent_com.qihoo.psdk.service.action.local,0,0.11441182674373043,0.21760575217018802,367.6,202.45700778189922,"pearson_r, entropy_reduction_ratio, f_stat",0.012425157756965736,0.0,0.004315552362227987,0.005768274979482335,0.5495501486199761
intent_com.xiaomi.hy.push.client.ONCLICK,0,0.11441182674373043,0.21760575217018802,367.6,202.45700778189922,"pearson_r, entropy_reduction_ratio, f_stat",0.012425157756965736,0.0,0.004315552362227987,0.005768274979482335,0.5495501486199761
perm_com.xiaomi.permission.AUTH_SERVICE,0,0.11441182674373043,0.21760575217018802,367.6,202.45700778189922,"pearson_r, entropy_reduction_ratio, f_stat",0.012425157756965736,0.0,0.004315552362227987,0.005768274979482335,0.5495501486199761
perm_com.android.launcher.permission.CREATE_SHORTCUT,0,0.11441182674373043,0.21760575217018802,367.6,202.45700778189922,"pearson_r, entropy_reduction_ratio, f_stat",0.012425157756965736,0.0,0.004315552362227987,0.005768274979482335,0.5495501486199761
intent_com.amazon.device.messaging.intent.RECEIVE,0,0.11420240515571725,0.1796498273226165,443.9,248.75477884856807,"pearson_r, mutual_information, entropy_reduction_ratio",0.005526515559223114,0.09476654769475815,0.0018385785211858874,0.002446420055997612,0.4664339639474215
intent_android.provider.Telephony.WAP_PUSH_DELIVER,0,0.11408093274507088,0.194541648824174,598.2,167.1124172525788,"pearson_r, mutual_information, entropy_reduction_ratio",0.0,0.07116516042246827,0.0,0.0,0.49923950330288613
intent_ACTION.TAPCORE.MESSAGE,0,0.11402732572710084,0.1945535036827503,598.4,166.7208445276115,"pearson_r, mutual_information, entropy_reduction_ratio",0.0,0.07089712533261808,0.0,0.0,0.49923950330288613
intent_android.intent.action.SEARCH,0,0.11394815657043207,0.16993659111253634,394.0,275.93622451573845,"pearson_r, mutual_information, entropy_reduction_ratio",0.010607437236593195,0.10223118443917675,0.0046347500221560894,0.006526080910604799,0.44574133024362955
intent_com.kingroot.common.ACTION_SWITCH_OUT_DESKTOP,0,0.11393295165502493,0.1945745157166714,598.6,166.32931190863505,"pearson_r, mutual_information, entropy_reduction_ratio",0.0,0.0704252549722385,0.0,0.0,0.49923950330288613
intent_com.qihoo.appstore.notification.notify_action,0,0.11387689549346817,0.19458708200828395,598.8,165.9378196795414,"pearson_r, mutual_information, entropy_reduction_ratio",0.0,0.0701449741644547,0.0,0.0,0.49923950330288613
intent_com.android.deskclock.ALARM_SNOOZE,0,0.11383584068047037,0.19459632585995476,599.4,164.76358821050238,"pearson_r, mutual_information, entropy_reduction_ratio",0.0,0.06993970009946567,0.0,0.0,0.49923950330288613
intent_com.mobiletool.appstore.action.wap,0,0.11377858376119468,0.19460927487447366,599.6,164.37226043344418,"pearson_r, mutual_information, entropy_reduction_ratio",0.0,0.06965341550308722,0.0,0.0,0.49923950330288613
intent_com.qihoo.appstore.activate,0,0.1135775758790007,0.19465526064581273,599.8,163.98097450619082,"pearson_r, mutual_information, entropy_reduction_ratio",0.0,0.06864837609211741,0.0,0.0,0.49923950330288613
perm_android.permission.PREVENT_POWER_KEY,0,0.11357623659124876,0.19465556979063817,600.0,163.58973072904055,"pearson_r, mutual_information, entropy_reduction_ratio",0.0,0.06864167965335768,0.0,0.0,0.49923950330288613
intent_android.intent.action.CHINAMOBILE_OMS_GAME,0,0.11343735452260043,0.21747169096030483,382.4,195.19538928980882,"pearson_r, entropy_reduction_ratio, f_stat",0.00926768988957441,0.0,0.004085730047079751,0.005493045903355847,0.5483403067729921
intent_com.sogou.passport.service.upload,0,0.11339756933424724,0.19469713712979514,600.2,163.19852940513894,"pearson_r, mutual_information, entropy_reduction_ratio",0.0,0.06774834336835008,0.0,0.0,0.49923950330288613
intent_com.sogou.androidtool.action.appdetail,0,0.113295038596633,0.1947212832598596,600.4,162.807370840512,"pearson_r, mutual_information, entropy_reduction_ratio",0.0,0.06723568968027879,0.0,0.0,0.49923950330288613
perm_android.permission.READ_APP_BADGE,0,0.11327906595573949,0.12132564442937344,395.6,393.61712361125757,"pearson_r, entropy_reduction_ratio, f_stat",0.12535223258630662,0.0,0.04044872746608952,0.05857018037241527,0.34202418935388607
intent_com.tencent.android.tpush.action.FEEDBACK,0,0.11323828803312294,0.21159995050904806,338.7,69.83523465987639,"pearson_r, mutual_information, entropy_reduction_ratio",0.00515816684287309,0.01933258806050206,0.0023269509408758893,0.003116555914608554,0.5362571784067551
suspicious_getExternalStorageDirectory,0,0.11308747270863997,0.19477081708529725,600.8,162.02518322779332,"pearson_r, mutual_information, entropy_reduction_ratio",0.0,0.06619786024031372,0.0,0.0,0.49923950330288613
perm_com.fede.launcher.permission.READ_SETTINGS,0,0.11300571120704359,0.1947905681959377,601.0,161.6341548064641,"pearson_r, mutual_information, entropy_reduction_ratio",0.0,0.0657890527323318,0.0,0.0,0.49923950330288613
perm_android.permission.INTERACT_ACROSS_USERS,0,0.1129976387714993,0.210977512330383,346.4,61.948688444550626,"pearson_r, mutual_information, entropy_reduction_ratio",0.006203379558140791,0.018976130642202535,0.0021577761811139933,0.002872069871399607,0.5347788376046396
intent_com.qihoo.appstore.ACTION_HANDLE_SYSTEM_APP,0,0.11284981856065743,0.1948286019244898,601.6,160.46133490657493,"pearson_r, mutual_information, entropy_reduction_ratio",0.0,0.065009589500401,0.0,0.0,0.49923950330288613
intent_show_lock_forget_pwd,0,0.11283022436496042,0.19483341716759506,601.8,160.07048447480878,"pearson_r, mutual_information, entropy_reduction_ratio",0.0,0.06491161852191601,0.0,0.0,0.49923950330288613
perm_android.permission.ACCESS_WIFI_STATE.android.permission.READ_PHONE_STATE,0,0.11254635434726479,0.19490404840568898,602.0,159.6796793583955,"pearson_r, mutual_information, entropy_reduction_ratio",0.0,0.06349226843343776,0.0,0.0,0.49923950330288613
perm_xmpp.permission.RECEIVE_NOTIFICATION,0,0.11252871648352444,0.19490849070235655,602.2,159.28891989087,"pearson_r, mutual_information, entropy_reduction_ratio",0.0,0.06340407911473615,0.0,0.0,0.49923950330288613
intent_android.accounts.AccountAuthenticator,0,0.11248311672253923,0.19162985227306184,473.4,224.96453053759387,"pearson_r, mutual_information, entropy_reduction_ratio",0.0001964055529079737,0.07011558716638622,9.079400104621682e-05,0.00012256346127964207,0.4918902334310761
intent_com.qihoo360.mobilesafe.pcdaemon.sms.restore.end,0,0.11246487793505415,0.1949246216884855,602.4,158.8982064090089,"pearson_r, mutual_information, entropy_reduction_ratio",0.0,0.06308488637238463,0.0,0.0,0.49923950330288613
intent_com.secneo.plugin.action.DAILY,0,0.11238745314668382,0.19494429611964428,602.8,158.11691876582975,"pearson_r, mutual_information, entropy_reduction_ratio",0.0,0.06269776243053295,0.0,0.0,0.49923950330288613
intent_android.intent.action.QUICKBOOT_POWERON,0,0.11230019573645644,0.15674717806675295,359.2,297.67189991667,"pearson_r, mutual_information, entropy_reduction_ratio",0.023688435111711894,0.09338953039159723,0.01008704505080304,0.014440707231261165,0.4198952608969089
intent_android.intent.action.PACKAGE_INSTALL,0,0.11227629424544032,0.2078373838277696,363.8,39.98699788681316,"pearson_r, mutual_information, entropy_reduction_ratio",0.0029081874200226187,0.027852618555065236,0.001342226159997684,0.0018105098320128888,0.5274679292601032
perm_android.permission.ACCESS_NETWORK_STATE,0,0.11226111878546004,0.21002351020123525,371.0,54.02962150524469,"pearson_r, mutual_information, entropy_reduction_ratio",0.005526515559223114,0.021302695188616674,3.6845260945611763e-06,0.002427655995014987,0.5320450426583508
perm_com.google.android.googleapps.permission.GOOGLE_AUTH.adwords,0,0.11222035779653831,0.19498716907926375,603.0,157.7263452946273,"pearson_r, mutual_information, entropy_reduction_ratio",0.0,0.0618622856798054,0.0,0.0,0.49923950330288613
intent_com.excelliance.kxqp.action.GENERIC,0,0.1120461399891263,0.1950324692422839,603.6,156.55491049468873,"pearson_r, mutual_information, entropy_reduction_ratio",0.0,0.06099119664274532,0.0,0.0,0.49923950330288613
perm_org.adwfreak.launcher.permission.WRITE_SETTINGS,0,0.1120328651523153,0.1950359460604896,603.8,156.16452862285982,"pearson_r, mutual_information, entropy_reduction_ratio",0.0,0.0609248224586904,0.0,0.0,0.49923950330288613
perm_com.ztemt.launcher.permission.READ_SETTINGS,0,0.11201819569617102,0.19503979227548368,604.0,155.7741955524085,"pearson_r, mutual_information, entropy_reduction_ratio",0.0,0.06085147517796901,0.0,0.0,0.49923950330288613
intent_LOCATION_SERVICE,0,0.11180754810258223,0.19509550059803157,604.4,154.9936772903979,"pearson_r, mutual_information, entropy_reduction_ratio",0.0,0.059798237210025,0.0,0.0,0.49923950330288613
perm_com.qihoo.appstore.permission.NEWS_SDK_BROADCAST,0,0.11177631447885852,0.1951038368004244,604.6,154.6034928454076,"pearson_r, mutual_information, entropy_reduction_ratio",0.0,0.05964206909140645,0.0,0.0,0.49923950330288613
intent_com.qihoo.sdkplugging.host.service.CommonHostProxyService,0,0.11158134219051748,0.1951563185174074,604.8,154.21335869502357,"pearson_r, mutual_information, entropy_reduction_ratio",0.0,0.05866720764970127,0.0,0.0,0.49923950330288613
intent_android.provider.OppoSpeechAssist.SMS_RECEIVED,0,0.11157959147293592,0.195156793232875,605.0,153.82327522192472,"pearson_r, mutual_information, entropy_reduction_ratio",0.0,0.05865845406179348,0.0,0.0,0.49923950330288613
intent_cryopiggy.start,0,0.11156315272360787,0.1951612536865173,605.6,152.65333275104084,"pearson_r, mutual_information, entropy_reduction_ratio",0.0,0.05857626031515317,0.0,0.0,0.49923950330288613
intent_com.miui.smsextra.hhha,0,0.11148072763826096,0.19518370068817223,606.2,151.48386052646003,"pearson_r, mutual_information, entropy_reduction_ratio",0.0,0.05816413488841865,0.0,0.0,0.49923950330288613
intent_com.kingroot.kinguser.ACTION_MAIN_START_CHECK,0,0.11143532017127211,0.1951961249731478,606.4,151.09414283816562,"pearson_r, mutual_information, entropy_reduction_ratio",0.0,0.05793709755347437,0.0,0.0,0.49923950330288613
perm_com.google.android.googleapps.permission.GOOGLE_AUTH.sitemaps,0,0.11130832075446098,0.19523109436277306,606.8,150.31486952394297,"pearson_r, mutual_information, entropy_reduction_ratio",0.0,0.05730210046941873,0.0,0.0,0.49923950330288613
intent_cn.jpush.android.intent.MESSAGE_RECEIVED,0,0.11128784203199507,0.21555906860106247,386.4,193.30142265384393,"pearson_r, entropy_reduction_ratio, f_stat",0.006778242772509145,0.0,0.0030398719752457505,0.004237153601506915,0.5423839418107135
intent_cn.jpush.android.intent.NOTIFICATION_RECEIVED,0,0.11128784203199507,0.21555906860106247,386.4,193.30142265384393,"pearson_r, entropy_reduction_ratio, f_stat",0.006778242772509145,0.0,0.0030398719752457505,0.004237153601506915,0.5423839418107135
perm_com.sec.android.app.voicenote.Controller,0,0.11127700518730037,0.19523976695228315,607.0,149.92531474037332,"pearson_r, mutual_information, entropy_reduction_ratio",0.0,0.05714552263361567,0.0,0.0,0.49923950330288613
intent_android.intent.action.IMEDIATE_NOTIFY_ALARM,0,0.11116533897679445,0.1952708523871491,607.6,148.7569830293691,"pearson_r, mutual_information, entropy_reduction_ratio",0.0,0.056587191581086146,0.0,0.0,0.49923950330288613
perm_android.permission.BIND_DIRECTORY_SEARCH,0,0.11116524474669531,0.19527087872452406,607.8,148.36765146082215,"pearson_r, mutual_information, entropy_reduction_ratio",0.0,0.05658672043059047,0.0,0.0,0.49923950330288613
intent_show_lock,0,0.1111508440439463,0.19527490582657836,608.0,147.9783767987742,"pearson_r, mutual_information, entropy_reduction_ratio",0.0,0.05651471691684537,0.0,0.0,0.49923950330288613
intent_com.excelliance.kxqp.action.explore,0,0.11111180554012039,0.1952858437442764,608.2,147.5891594935075,"pearson_r, mutual_information, entropy_reduction_ratio",0.0,0.05631952439771581,0.0,0.0,0.49923950330288613
intent_com.qihoo.appstore.download,0,0.11101026013454811,0.19531443833371148,608.8,146.4218562920167,"pearson_r, mutual_information, entropy_reduction_ratio",0.0,0.05581179736985444,0.0,0.0,0.49923950330288613
intent_com.mobiletool.appstore.action.service,0,0.11097609676599782,0.19532410506901052,609.2,145.64394941088352,"pearson_r, mutual_information, entropy_reduction_ratio",0.0,0.055640980527102944,0.0,0.0,0.49923950330288613
perm_com.yulong.android.launcher3.WRITE_SETTINGS,0,0.11096480464418416,0.1953273053948275,609.6,144.86628317175808,"pearson_r, mutual_information, entropy_reduction_ratio",0.0,0.05558451991803468,0.0,0.0,0.49923950330288613
perm_com.facebook.katana.permission.CROSS_PROCESS_BROADCAST_MANAGER,0,0.11089932752512448,0.19534591284388275,609.8,144.47754150732217,"pearson_r, mutual_information, entropy_reduction_ratio",0.0,0.05525713432273631,0.0,0.0,0.49923950330288613
intent_com.excelliance.kxqp.action.launcher,0,0.11085207985316188,0.19535939322787446,610.0,144.08886147096865,"pearson_r, mutual_information, entropy_reduction_ratio",0.0,0.05502089596292323,0.0,0.0,0.49923950330288613
intent_com.qihoo.appstore.ACTION_CLEAN_START_SERVICE,0,0.11050471832972512,0.1954598740730637,610.6,142.9231961579365,"pearson_r, mutual_information, entropy_reduction_ratio",0.0,0.05328408834573952,0.0,0.0,0.49923950330288613
perm_com.kingroot.kinguser.permission.activityCalled,0,0.11047524280112749,0.19546851169565904,610.8,142.53476768844854,"pearson_r, mutual_information, entropy_reduction_ratio",0.0,0.05313671070275133,0.0,0.0,0.49923950330288613
perm_com.zte.mifavor.launcher.permission.READ_SETTINGS,0,0.11046574750654656,0.19547129793825152,611.0,142.14640340156342,"pearson_r, mutual_information, entropy_reduction_ratio",0.0,0.05308923422984664,0.0,0.0,0.49923950330288613
perm_com.tencent.mm.permission.C2D_MESSAGE,0,0.11028602315285796,0.19552437555089916,611.4,141.36986949134527,"pearson_r, mutual_information, entropy_reduction_ratio",0.0,0.05219061246140364,0.0,0.0,0.49923950330288613
intent_org.agoo.android.intent.action.PING,0,0.11024836217659224,0.19553557980002512,611.6,140.98170094022842,"pearson_r, mutual_information, entropy_reduction_ratio",0.0,0.052002307580075076,0.0,0.0,0.49923950330288613
intent_com.mobiletool.appstore.action.sdk,0,0.11009085314319708,0.19558274658985528,612.4,139.42969554581978,"pearson_r, mutual_information, entropy_reduction_ratio",0.0,0.05121476241309933,0.0,0.0,0.49923950330288613
intent_com.urbanairship.actions.SHOW_LANDING_PAGE_INTENT_ACTION,0,0.1099967064791918,0.16367927803632987,378.6,285.67050950351876,"pearson_r, mutual_information, entropy_reduction_ratio",0.02220046380105408,0.07709809481176456,0.00735431408474355,0.009900356580166449,0.43343030311823033
perm_android.permission.ADDINSTALLKEY,0,0.10992652517402486,0.19563248389570254,612.8,138.65410199485626,"pearson_r, mutual_information, entropy_reduction_ratio",0.0,0.050393122567238165,0.0,0.0,0.49923950330288613
intent_com.mobutils.android.mediation.MaterialNotificationReceiver.ACTION_CANCEL_NOTIFICATION,0,0.10980280454863274,0.1956702864565271,613.0,138.2664095143864,"pearson_r, mutual_information, entropy_reduction_ratio",0.0,0.049774519440277595,0.0,0.0,0.49923950330288613
perm_com.android.email.permission.READ_ATTACHMENT,0,0.10969810063195969,0.19570251722127657,613.2,137.87878734598735,"pearson_r, mutual_information, entropy_reduction_ratio",0.0,0.049250999856912246,0.0,0.0,0.49923950330288613
intent_com.qihoo.appstore.ACTION_PACKAGE_REMOVED_NEED_CLEAR,0,0.10963023351447457,0.19572352544215646,613.4,137.49123608434104,"pearson_r, mutual_information, entropy_reduction_ratio",0.0,0.048911664269486725,0.0,0.0,0.49923950330288613
perm_com.android.voicemail.permission.READ_WRITE_ALL_VOICEMAIL,0,0.10959552471916398,0.21259715900565135,356.4,91.59279447642156,"pearson_r, entropy_reduction_ratio, f_stat",0.006203379558140791,0.001965560380525778,0.0021577761811139933,0.002872069871399607,0.5347788376046397
perm_com.huawei.launcher2.permission.WRITE_SETTINGS,0,0.10950317586776101,0.19576310301772645,613.6,137.10375633074392,"pearson_r, mutual_information, entropy_reduction_ratio",0.0,0.04827637603591897,0.0,0.0,0.49923950330288613
intent_com.qihoo.appstore.zhushouhelper.IZhushouHelperService,0,0.10948350535885794,0.19576925901547226,613.8,136.7163486931976,"pearson_r, mutual_information, entropy_reduction_ratio",0.0,0.04817802349140358,0.0,0.0,0.49923950330288613
intent_android.intent.action,0,0.10937177042102253,0.21344909223243802,400.9,187.92988054058887,"pearson_r, entropy_reduction_ratio, f_stat",0.00515816684287309,0.0,0.0023269509408758893,0.003116555914608554,0.5362571784067551
intent_android.provider.Telephony.WAP_PUSH_RECEIVED,0,0.10937177042102253,0.21344909223243802,400.9,187.92988054058887,"pearson_r, entropy_reduction_ratio, f_stat",0.00515816684287309,0.0,0.0023269509408758893,0.003116555914608554,0.5362571784067551
perm_android.permission.READ_SYNC_STATS,0,0.1093717704210225,0.21344909223243796,401.4,187.52663810776326,"pearson_r, entropy_reduction_ratio, f_stat",0.00515816684287309,0.0,0.0023269509408758893,0.003116555914608554,0.536257178406755
perm_com.google.android.googleapps.permission.GOOGLE_AUTH.adsense,0,0.10929215004329114,0.1958295470621114,614.6,135.1674517034334,"pearson_r, mutual_information, entropy_reduction_ratio",0.0,0.04722124691356951,0.0,0.0,0.49923950330288613
intent_com.amir.nightjar.service.CONFIG_SERVICES,0,0.10923655458301951,0.1958471995889409,614.8,134.7804140073772,"pearson_r, mutual_information, entropy_reduction_ratio",0.0,0.046943269612211444,0.0,0.0,0.49923950330288613
perm_android.permission.WRITE_PROFILE,0,0.10920241264305883,0.21279753627134948,404.4,185.12385043532345,"pearson_r, entropy_reduction_ratio, f_stat",0.006203379558140791,0.0,0.0021577761811139933,0.002872069871399607,0.5347788376046397
perm_android.permission.READ_SOCIAL_STREAM,0,0.10920241264305883,0.21279753627134948,404.4,185.12385043532345,"pearson_r, entropy_reduction_ratio, f_stat",0.006203379558140791,0.0,0.0021577761811139933,0.002872069871399607,0.5347788376046397
intent_safiap.framework.ACTION_NETWORK_ERROR_FRAMEWORK,0,0.10920241264305883,0.21279753627134948,404.4,185.12385043532345,"pearson_r, entropy_reduction_ratio, f_stat",0.006203379558140791,0.0,0.0021577761811139933,0.002872069871399607,0.5347788376046397
intent_safiap.framework.ACTION_NETWORK_ERROR_IAP,0,0.10920241264305883,0.21279753627134948,404.4,185.12385043532345,"pearson_r, entropy_reduction_ratio, f_stat",0.006203379558140791,0.0,0.0021577761811139933,0.002872069871399607,0.5347788376046397
intent_com.chance.service,0,0.10920241264305883,0.21279753627134948,404.4,185.12385043532345,"pearson_r, entropy_reduction_ratio, f_stat",0.006203379558140791,0.0,0.0021577761811139933,0.002872069871399607,0.5347788376046397
perm_android.permission.CLEAR_APP_USER_DATA,0,0.10920241264305881,0.21279753627134945,408.0,182.36721196530917,"pearson_r, entropy_reduction_ratio, f_stat",0.006203379558140791,0.0,0.0021577761811139933,0.002872069871399607,0.5347788376046396
perm_android.permission.SET_TIME_ZONE,0,0.10920241264305881,0.21279753627134945,408.0,182.36721196530917,"pearson_r, entropy_reduction_ratio, f_stat",0.006203379558140791,0.0,0.0021577761811139933,0.002872069871399607,0.5347788376046396
intent_cn.play.dservice,0,0.10920241264305881,0.21279753627134945,408.0,182.36721196530917,"pearson_r, entropy_reduction_ratio, f_stat",0.006203379558140791,0.0,0.0021577761811139933,0.002872069871399607,0.5347788376046396
intent_com.excelliance.kxqp.platform.gameplugin.action.UNBIND_REMOTE,0,0.10920241264305881,0.21279753627134945,408.0,182.36721196530917,"pearson_r, entropy_reduction_ratio, f_stat",0.006203379558140791,0.0,0.0021577761811139933,0.002872069871399607,0.5347788376046396
intent_com.excelliance.kxqp.platform.gameplugin.action.BIND_REMOTE,0,0.10920241264305881,0.21279753627134945,408.0,182.36721196530917,"pearson_r, entropy_reduction_ratio, f_stat",0.006203379558140791,0.0,0.0021577761811139933,0.002872069871399607,0.5347788376046396
perm_com.xiaomi.sdk.permission.PAYMENT,0,0.10920241264305881,0.21279753627134945,408.0,182.36721196530917,"pearson_r, entropy_reduction_ratio, f_stat",0.006203379558140791,0.0,0.0021577761811139933,0.002872069871399607,0.5347788376046396
intent_android.intent.action.EXTERNAL_APPLICATIONS_AVAILABLE,0,0.10920241264305881,0.21279753627134945,408.0,182.36721196530917,"pearson_r, entropy_reduction_ratio, f_stat",0.006203379558140791,0.0,0.0021577761811139933,0.002872069871399607,0.5347788376046396
perm_com.tencent.mm.permission.MM_MESSAGE,0,0.10920241264305881,0.21279753627134945,408.0,182.36721196530917,"pearson_r, entropy_reduction_ratio, f_stat",0.006203379558140791,0.0,0.0021577761811139933,0.002872069871399607,0.5347788376046396
intent_safiap.framework.ACTION_TO_UPDATE,0,0.10920241264305881,0.21279753627134945,408.0,182.36721196530917,"pearson_r, entropy_reduction_ratio, f_stat",0.006203379558140791,0.0,0.0021577761811139933,0.002872069871399607,0.5347788376046396
intent_com.sogou.passport.service.aidl,0,0.10920241264305881,0.21279753627134945,408.0,182.36721196530917,"pearson_r, entropy_reduction_ratio, f_stat",0.006203379558140791,0.0,0.0021577761811139933,0.002872069871399607,0.5347788376046396
intent_com.Remind.launch.app,0,0.10920241264305881,0.21279753627134945,408.0,182.36721196530917,"pearson_r, entropy_reduction_ratio, f_stat",0.006203379558140791,0.0,0.0021577761811139933,0.002872069871399607,0.5347788376046396
intent_com.Remind.alarm.repeat,0,0.10920241264305881,0.21279753627134945,408.0,182.36721196530917,"pearson_r, entropy_reduction_ratio, f_stat",0.006203379558140791,0.0,0.0021577761811139933,0.002872069871399607,0.5347788376046396
intent_com.excelliance.open.action.appstate,0,0.10920241264305881,0.21279753627134945,408.0,182.36721196530917,"pearson_r, entropy_reduction_ratio, f_stat",0.006203379558140791,0.0,0.0021577761811139933,0.002872069871399607,0.5347788376046396
intent_com.excelliance.open.action.gameverchk,0,0.10920241264305881,0.21279753627134945,408.0,182.36721196530917,"pearson_r, entropy_reduction_ratio, f_stat",0.006203379558140791,0.0,0.0021577761811139933,0.002872069871399607,0.5347788376046396
intent_com.excelliance.open.action.dmchk,0,0.10920241264305881,0.21279753627134945,408.0,182.36721196530917,"pearson_r, entropy_reduction_ratio, f_stat",0.006203379558140791,0.0,0.0021577761811139933,0.002872069871399607,0.5347788376046396
intent_com.excelliance.open.action.apkverchk,0,0.10920241264305881,0.21279753627134945,408.0,182.36721196530917,"pearson_r, entropy_reduction_ratio, f_stat",0.006203379558140791,0.0,0.0021577761811139933,0.002872069871399607,0.5347788376046396
intent_com.excelliance.open.NEXT_CHAPTER,0,0.10920241264305881,0.21279753627134945,408.0,182.36721196530917,"pearson_r, entropy_reduction_ratio, f_stat",0.006203379558140791,0.0,0.0021577761811139933,0.002872069871399607,0.5347788376046396
intent_android.intent.action.CONFIGURATION_CHANGED,0,0.10920241264305881,0.21279753627134945,408.0,182.36721196530917,"pearson_r, entropy_reduction_ratio, f_stat",0.006203379558140791,0.0,0.0021577761811139933,0.002872069871399607,0.5347788376046396
perm_com.android.launcher2.permission.INSTALL_SHORTCUT,0,0.10920241264305881,0.21279753627134945,408.0,182.36721196530917,"pearson_r, entropy_reduction_ratio, f_stat",0.006203379558140791,0.0,0.0021577761811139933,0.002872069871399607,0.5347788376046396
perm_android.permission.INJECT_EVENTS,0,0.10920241264305881,0.21279753627134945,408.0,182.36721196530917,"pearson_r, entropy_reduction_ratio, f_stat",0.006203379558140791,0.0,0.0021577761811139933,0.002872069871399607,0.5347788376046396
perm_android.permission.ACCESS_SUPERUSER,0,0.10910520252177144,0.1967845082534617,377.2,34.49869562751612,"pearson_r, mutual_information, entropy_reduction_ratio",1.3568079589329513e-05,0.04432303682351485,6.383953198562122e-06,8.49562978020963e-06,0.5011745281227743
intent_android.provider.Telephony.SMS_DELIVER,0,0.10899559252866683,0.19592442030924803,615.4,133.61975901789376,"pearson_r, mutual_information, entropy_reduction_ratio",0.0,0.04573845934044805,0.0,0.0,0.49923950330288613
intent_com.android.utils.hades.ACTION_INIT_COMMON_RES,0,0.10899152763356701,0.1959257328857795,615.6,133.2330289380227,"pearson_r, mutual_information, entropy_reduction_ratio",0.0,0.04571813486494889,0.0,0.0,0.49923950330288613
intent_com.qihoo.appstore.PLUGIN_ICON,0,0.10887932309115116,0.19596209401420617,616.2,132.07331297427197,"pearson_r, mutual_information, entropy_reduction_ratio",0.0,0.0451571121528697,0.0,0.0,0.49923950330288613
perm_android.permission.BROADCAST_SMS,0,0.10875515006421073,0.19600262530340287,616.4,131.6869013987344,"pearson_r, mutual_information, entropy_reduction_ratio",0.0,0.044536247018167475,0.0,0.0,0.49923950330288613
perm_android.permission.WRITE_CLIPS,0,0.1087170654685264,0.19601511785953515,616.8,130.9143231277617,"pearson_r, mutual_information, entropy_reduction_ratio",0.0,0.0443458240397459,0.0,0.0,0.49923950330288613
perm_org.adwfreak.launcher.permission.READ_SETTINGS,0,0.10867282958190105,0.19602966432307553,617.4,129.75607885567442,"pearson_r, mutual_information, entropy_reduction_ratio",0.0,0.044124644606619176,0.0,0.0,0.49923950330288613
intent_android.intent.action.CLOSE_SYSTEM_DIALOGS,0,0.10856710555333493,0.19606458781024932,617.6,129.3701665763788,"pearson_r, mutual_information, entropy_reduction_ratio",0.0,0.04359602446378855,0.0,0.0,0.49923950330288613
intent_com.qihoo.appstore.launcher.shortcut.EBOOK,0,0.10854394507081085,0.19607226795753413,617.8,128.9843401347621,"pearson_r, mutual_information, entropy_reduction_ratio",0.0,0.043480222051168055,0.0,0.0,0.49923950330288613
perm_android.Manifest.permission.READ_SMS,0,0.10849028463498338,0.19609010295078164,618.0,128.59860030342475,"pearson_r, mutual_information, entropy_reduction_ratio",0.0,0.0432119198720308,0.0,0.0,0.49923950330288613
intent_com.meizu.c2dm.intent.RECEIVE,0,0.10824642615498996,0.18806609088779636,476.2,222.87162224024843,"pearson_r, mutual_information, entropy_reduction_ratio",0.0011229381502882423,0.057064478508051346,0.0005149722246840102,0.0006870667051094291,0.4818426751868167
perm_com.tencent.mm.ext.permission.READ,0,0.1081315749994423,0.19621079257401805,618.8,127.05652285498765,"pearson_r, mutual_information, entropy_reduction_ratio",0.0,0.04141837169432533,0.0,0.0,0.49923950330288613
perm_com.meizu.c2dm.permission.RECEIVE,0,0.10797986609554464,0.1881393762211745,478.0,221.60324907365415,"pearson_r, mutual_information, entropy_reduction_ratio",0.0011229381502882423,0.0557316782108248,0.0005149722246840102,0.0006870667051094291,0.4818426751868167
perm_com.ty.launcher.permission.READ_SETTINGS,0,0.10785534960134338,0.1963054662679809,619.8,125.13097138598421,"pearson_r, mutual_information, entropy_reduction_ratio",0.0,0.040037244703830695,0.0,0.0,0.49923950330288613
intent_action.qihoo360.daemon.pcdaemon.DaemonStatus,0,0.10780927473009008,0.19632140484208035,620.2,124.36140880514341,"pearson_r, mutual_information, entropy_reduction_ratio",0.0,0.03980687034756426,0.0,0.0,0.49923950330288613
intent_android.intent.action.BATTERY_CHANGED_ACTION,0,0.10779209019009076,0.19632736019332098,620.4,123.9767720179873,"pearson_r, mutual_information, entropy_reduction_ratio",0.0,0.03972094764756762,0.0,0.0,0.49923950330288613
perm_android.permission.WRITE_SYNC_SETTINGS,0,0.10763682987537988,0.21150834738735638,432.4,171.26190469570284,"pearson_r, entropy_reduction_ratio, f_stat",0.0036266555209047116,0.0,0.0016683397692242316,0.0022420226071622595,0.5306471314796082
perm_android.permission.WRITE_INTERNAL_STORAGE,0,0.10763682987537988,0.21150834738735638,432.4,171.26190469570284,"pearson_r, entropy_reduction_ratio, f_stat",0.0036266555209047116,0.0,0.0016683397692242316,0.0022420226071622595,0.5306471314796082
intent_com.huawei.intent.action.PUSH,0,0.10763682987537988,0.21150834738735638,432.4,171.26190469570284,"pearson_r, entropy_reduction_ratio, f_stat",0.0036266555209047116,0.0,0.0016683397692242316,0.0022420226071622595,0.5306471314796082
perm_android.permission.SUBSCRIBED_FEEDS_READ,0,0.10755198044316998,0.19641118109938968,621.0,122.82345052961182,"pearson_r, mutual_information, entropy_reduction_ratio",0.0,0.038520398912963806,0.0,0.0,0.49923950330288613
intent_com.qihoo.appstore.batteryrank.POWERPERCENT,0,0.10753475433514688,0.1964172383951402,621.2,122.43920940613755,"pearson_r, mutual_information, entropy_reduction_ratio",0.0,0.03843426837284826,0.0,0.0,0.49923950330288613
intent_com.excelliance.dualaid.action.psts,0,0.10746694785358635,0.19644113838833135,621.6,121.67103188516155,"pearson_r, mutual_information, entropy_reduction_ratio",0.0,0.03809523596504558,0.0,0.0,0.49923950330288613
intent_com.qihoo.appstore.ACTION_UNINSTALL,0,0.10720515398741952,0.19653426462765422,622.2,120.51954198386252,"pearson_r, mutual_information, entropy_reduction_ratio",0.0,0.03678626663421146,0.0,0.0,0.49923950330288613
intent_aspire.iap.SMS_SEND_ACTIOIN,0,0.10714945379078142,0.1965542527510551,622.4,120.13592302055201,"pearson_r, mutual_information, entropy_reduction_ratio",0.0,0.03650776565102101,0.0,0.0,0.49923950330288613
intent_com.example.servicejar.action.SHORTCUT_CLICKED,0,0.10706662175482835,0.19658409017215492,622.8,119.36900770300473,"pearson_r, mutual_information, entropy_reduction_ratio",0.0,0.03609360547125563,0.0,0.0,0.49923950330288613
intent_cn.ngds.android.intent.alarm,0,0.10699104606054022,0.19661143157385055,623.0,118.98571342812548,"pearson_r, mutual_information, entropy_reduction_ratio",0.0,0.03571572699981497,0.0,0.0,0.49923950330288613
perm_com.google.android.googleapps.permission.GOOGLE_AUTH.print,0,0.10694135224038466,0.19662947080535978,623.2,118.60252948398698,"pearson_r, mutual_information, entropy_reduction_ratio",0.0,0.03546725789903716,0.0,0.0,0.49923950330288613
perm_com.google.android.googleapps.permission.GOOGLE_AUTH.sierra,0,0.10691782195845864,0.1966380294222687,623.4,118.21945694343212,"pearson_r, mutual_information, entropy_reduction_ratio",0.0,0.03534960648940716,0.0,0.0,0.49923950330288613
intent_com.mobiletool.appstore.action.specialdetail,0,0.10677440170921235,0.19669043076658804,623.6,117.8364968929406,"pearson_r, mutual_information, entropy_reduction_ratio",0.0,0.034632505243175585,0.0,0.0,0.49923950330288613
intent_com.qihoo.appstore.checkupdate.INIT_APK_INFO,0,0.10674489574824506,0.19670126148430098,623.8,117.45365043284094,"pearson_r, mutual_information, entropy_reduction_ratio",0.0,0.03448497543833918,0.0,0.0,0.49923950330288613
intent_android.intent.action.USER_CLEARNOTIFY,0,0.10669174976438227,0.19672081287096999,624.2,116.68830275567471,"pearson_r, mutual_information, entropy_reduction_ratio",0.0,0.03421924551902526,0.0,0.0,0.49923950330288613
intent_com.qihoo.appstore.checkupdate.CHECK_BAOHE_UPDATE,0,0.10668631554438672,0.1967228151430372,624.4,116.30580381047199,"pearson_r, mutual_information, entropy_reduction_ratio",0.0,0.03419207441904747,0.0,0.0,0.49923950330288613
intent_cn.xiaoneng.xpush.service,0,0.10659658260630744,0.19675596165885872,624.8,115.54116149667183,"pearson_r, mutual_information, entropy_reduction_ratio",0.0,0.033743409728651044,0.0,0.0,0.49923950330288613
perm_com.android.browser.permission.READ_HISTORY_BOOKMARKS,0,0.10650797131004439,0.19885868263856307,382.6,38.29151342007783,"pearson_r, mutual_information, entropy_reduction_ratio",6.894890905029191e-05,0.028794285658941626,3.191976599281061e-05,4.317368079787721e-05,0.5036015285354394
intent_com.telecom.sdk_auth_ui.SMS_SEND_ACTIOIN,0,0.10631692454229653,0.19686027846521348,625.0,115.15902048906112,"pearson_r, mutual_information, entropy_reduction_ratio",0.0,0.03234511940859652,0.0,0.0,0.49923950330288613
intent_com.areametrics.areametricssdk.AMLocationUpdatesBroadcastReceiver.PROCESS_UPDATES,0,0.10629062768130411,0.19687016649572608,625.2,114.7770011805501,"pearson_r, mutual_information, entropy_reduction_ratio",0.0,0.03221363510363439,0.0,0.0,0.49923950330288613
intent_com.qihoo.appstore.push.PushNotifyCancelReceiver.ACTION_INTENT_CANCEL,0,0.10621200852122843,0.1968998093493719,625.4,114.39510479037118,"pearson_r, mutual_information, entropy_reduction_ratio",0.0,0.03182053930325605,0.0,0.0,0.49923950330288613
intent_androidx.work.impl.background.systemalarm.UpdateProxies,0,0.10611663648278366,0.1605757517302492,377.2,291.45799011178264,"pearson_r, mutual_information, entropy_reduction_ratio",0.027790224354048838,0.055587789751007886,0.009192892605929436,0.012423977605204807,0.42558829809772736
perm_com.lenovo.launcher.permission.WRITE_SETTINGS,0,0.10610531773622274,0.19694023007504236,625.6,114.01333255369742,"pearson_r, mutual_information, entropy_reduction_ratio",0.0,0.03128708537822753,0.0,0.0,0.49923950330288613
intent_com.huawei.android.push.intent.RECEIVE,0,0.10591759583955769,0.2050210004649206,389.8,58.29030794222999,"pearson_r, mutual_information, entropy_reduction_ratio",0.0010039765011094369,0.011616811634453954,0.0004669405768091145,0.0006280104993030931,0.5158722399861129
perm_com.google.android.googleapps.permission.GOOGLE_AUTH.android,0,0.10587345522390235,0.19702884141554727,626.0,113.25016556279289,"pearson_r, mutual_information, entropy_reduction_ratio",0.0,0.030127772816625636,0.0,0.0,0.49923950330288613
intent_com.sogou.androidtool.action.main,0,0.10580554124098349,0.19705499532047277,626.2,112.86877336092566,"pearson_r, mutual_information, entropy_reduction_ratio",0.0,0.029788202902031373,0.0,0.0,0.49923950330288613
perm_com.samsung.svoice.sync.ACCESS_SERVICE,0,0.10577510043977559,0.1970667474352041,626.4,112.48751041782371,"pearson_r, mutual_information, entropy_reduction_ratio",0.0,0.02963599889599183,0.0,0.0,0.49923950330288613
perm_com.tencent.qqlauncher.permission.READ_SETTINGS,0,0.10571931619341848,0.1970883307479541,626.6,112.10637805227675,"pearson_r, mutual_information, entropy_reduction_ratio",0.0,0.029357077664206206,0.0,0.0,0.49923950330288613
intent_com.kingroot.common.ACTION_TOP_ACTIVITY_CHANGED,0,0.10571002048775577,0.19709193323026117,626.8,111.72537760061499,"pearson_r, mutual_information, entropy_reduction_ratio",0.0,0.02931059913589279,0.0,0.0,0.49923950330288613
perm_android.Manifest.permission.READ_PHONE_NUMBERS,0,0.1056763022125472,0.19710501466365565,627.2,110.96377787368272,"pearson_r, mutual_information, entropy_reduction_ratio",0.0,0.029142007759849892,0.0,0.0,0.49923950330288613
perm_com.facebook.receiver.permission.ACCESS,0,0.10562199610986264,0.1971261300809153,627.4,110.58318136136253,"pearson_r, mutual_information, entropy_reduction_ratio",0.0,0.02887047724642711,0.0,0.0,0.49923950330288613
intent_com.google.android.gms.appinvite.ACTION_PREVIEW,0,0.10538926094338896,0.12811045964180656,407.4,382.0688943109606,"pearson_r, entropy_reduction_ratio, f_stat",0.08924619145134632,0.0,0.033709237181699804,0.04887714778947341,0.3551137282944253
intent_com.yuetu.shentu.Intent.WECHAT_PAY,0,0.10533802007463852,0.19723748354276072,628.0,109.44222219966113,"pearson_r, mutual_information, entropy_reduction_ratio",0.0,0.0274505970703065,0.0,0.0,0.49923950330288613
intent_com.mobiletool.appstore.action.backtomarket,0,0.1053090462190451,0.1972489332546855,628.2,109.0621840969637,"pearson_r, mutual_information, entropy_reduction_ratio",0.0,0.027305727792339456,0.0,0.0,0.49923950330288613
intent_show_start_app,0,0.10524441102754545,0.19727453434184436,628.6,108.30253921307663,"pearson_r, mutual_information, entropy_reduction_ratio",0.0,0.026982551834841162,0.0,0.0,0.49923950330288613
perm_android.permission.MOUNT_FORMAT_FILESYSTEMS,0,0.10518271846687655,0.20809941870286194,391.3,77.21372934912546,"pearson_r, entropy_reduction_ratio, f_stat",0.0018025288941588833,0.0007826792001163852,0.0008341698846121158,0.001113293450339093,0.5213809209051562
intent_com.qihoo.appstore.ACTION_LOCK_SCREEN_AD_ADD_LISTENER,0,0.10516589248358217,0.19730574389738853,629.6,106.40601486758162,"pearson_r, mutual_information, entropy_reduction_ratio",0.0,0.026589959115024663,0.0,0.0,0.49923950330288613
perm_android.permission.ACCESS_WIMAX_STATE,0,0.10514658479176234,0.19731343670886076,629.8,106.02716633014388,"pearson_r, mutual_information, entropy_reduction_ratio",0.0,0.0264934206559255,0.0,0.0,0.49923950330288613
intent_android.intent.action.VIEW,0,0.10508316547442151,0.2085296349751722,440.8,167.85636717146002,"pearson_r, entropy_reduction_ratio, f_stat",0.0019051225320034348,0.0,0.00017954868370955934,0.0011910203826039053,0.5221401357737907
intent_com.excelliance.dualaid.b64.action.update.done,0,0.10507649390634435,0.19734142417804956,630.0,105.64847372300274,"pearson_r, mutual_information, entropy_reduction_ratio",0.0,0.026142966228835617,0.0,0.0,0.49923950330288613
intent_com.esbook.receiver.CLICK_DOWN_BOOK,0,0.10504087828486375,0.19735568221816832,630.2,105.26993872896477,"pearson_r, mutual_information, entropy_reduction_ratio",0.0,0.025964888121432626,0.0,0.0,0.49923950330288613
intent_com.qihoo.appstore.notification,0,0.10503134781520607,0.1973595017468575,630.4,104.89156305442303,"pearson_r, mutual_information, entropy_reduction_ratio",0.0,0.025917235773144153,0.0,0.0,0.49923950330288613
intent_com.sjm.avplay.SHOW_ACTIVITY,0,0.10478551236595694,0.19745863560906088,630.8,104.13529660974709,"pearson_r, mutual_information, entropy_reduction_ratio",0.0,0.024688058526898628,0.0,0.0,0.49923950330288613
intent_com.sogou.androidtool.intent.action.COMMAND,0,0.1046660223669245,0.1975072443668708,631.2,103.37968852729243,"pearson_r, mutual_information, entropy_reduction_ratio",0.0,0.02409060853173643,0.0,0.0,0.49923950330288613
perm_android.permission.PERSISTENT_ACTIVITY,0,0.10463382729110479,0.19752038878708625,631.4,103.00213590018411,"pearson_r, mutual_information, entropy_reduction_ratio",0.0,0.02392963315263788,0.0,0.0,0.49923950330288613
intent_com.morgoo.droidplugin.ACTION_SHORTCUT_PROXY,0,0.10460113535432605,0.19753375664548514,632.0,101.87050603584926,"pearson_r, mutual_information, entropy_reduction_ratio",0.0,0.02376617346874415,0.0,0.0,0.49923950330288613
intent_com.excelliance.kxqp.action.swpmain,0,0.1045909806456092,0.1975379131658891,632.2,101.49364512125871,"pearson_r, mutual_information, entropy_reduction_ratio",0.0,0.023715399925159968,0.0,0.0,0.49923950330288613
perm_android.permission.ACCESS_ALL_DOWNLOADS,0,0.10457905245088142,0.1975427981638733,632.4,101.11696197967974,"pearson_r, mutual_information, entropy_reduction_ratio",0.0,0.023655758951520917,0.0,0.0,0.49923950330288613
perm_android.permission.WRITE_CONTACTS,0,0.10452919113894248,0.2075145625314927,440.2,167.57613195201756,"pearson_r, entropy_reduction_ratio, f_stat",0.0014956605506592036,0.0,0.0006557738591189625,0.0009373235687615516,0.5195571977161727
perm_com.yulong3.android.launcher.permission.WRITE_SETTINGS,0,0.10435902312419472,0.1976334024237681,633.0,99.9879992799136,"pearson_r, mutual_information, entropy_reduction_ratio",0.0,0.022555612318087483,0.0,0.0,0.49923950330288613
intent_com.esbook.receiver.message,0,0.10431340315758497,0.19765230536489967,633.2,99.61204746414964,"pearson_r, mutual_information, entropy_reduction_ratio",0.0,0.022327512485038767,0.0,0.0,0.49923950330288613
perm_com.huaqin.launcherEx.permission.WRITE_SETTINGS,0,0.104159384143936,0.19771642186605248,633.6,98.86071009253374,"pearson_r, mutual_information, entropy_reduction_ratio",0.0,0.021557417416793883,0.0,0.0,0.49923950330288613
intent_com.qihoo.appstore.ACTION_CLEAN_STOP_SERVICE,0,0.10394200072077167,0.19780769725746272,634.8,96.61138649248338,"pearson_r, mutual_information, entropy_reduction_ratio",0.0,0.02047050030097218,0.0,0.0,0.49923950330288613
perm_baidu.push.permission.WRITE_PUSHINFOPROVIDER.com.esbook.reader,0,0.10389315031200579,0.19782833435476674,635.0,96.23720694201386,"pearson_r, mutual_information, entropy_reduction_ratio",0.0,0.020226248257142775,0.0,0.0,0.49923950330288613
perm_com.google.android.googleapps.permission.GOOGLE_AUTH.ig,0,0.10376451149948496,0.19788289892563476,635.2,95.86323591450478,"pearson_r, mutual_information, entropy_reduction_ratio",0.0,0.019583054194538707,0.0,0.0,0.49923950330288613
perm_com.anddoes.launcher.permission.READ_SETTINGS,0,0.10372930928396204,0.19789788627371205,635.4,95.48947585990825,"pearson_r, mutual_information, entropy_reduction_ratio",0.0,0.019407043116924042,0.0,0.0,0.49923950330288613
intent_com.gridappsinc.launcher.theme.apk_action,0,0.1037197685384393,0.1979019523659966,635.6,95.11592926529184,"pearson_r, mutual_information, entropy_reduction_ratio",0.0,0.019359339389310323,0.0,0.0,0.49923950330288613
intent_com.google.android.gms.measurement.UPLOAD,0,0.10370543589422983,0.1460132933309883,363.4,318.8439116558445,"pearson_r, entropy_reduction_ratio, f_stat",0.05598165164020978,0.024263932075401215,0.018385785211858872,0.025344912822071318,0.39455089772160795
intent_com.qihoo.appstore.launcher.shortcut.MYFREEZE,0,0.10366642481004411,0.19792471885069401,636.0,94.36948659391976,"pearson_r, mutual_information, entropy_reduction_ratio",0.0,0.01909262074733443,0.0,0.0,0.49923950330288613
intent_com.huawei.intent.action.PUSH_STATE,0,0.1035942335126669,0.20613925502068214,446.6,165.01830201526133,"pearson_r, entropy_reduction_ratio, f_stat",0.0010039765011094369,0.0,0.0004669405768091145,0.0006280104993030931,0.5158722399861129
intent_com.excelliance.kxqp.action.gp,0,0.10339940645533581,0.1980395037444746,637.2,92.13555231288301,"pearson_r, mutual_information, entropy_reduction_ratio",0.0,0.017757528973792885,0.0,0.0,0.49923950330288613
intent_com.excelliance.kxqp.action.SmtCntService,0,0.10327361774622068,0.1980940531590596,637.4,91.76404524649074,"pearson_r, mutual_information, entropy_reduction_ratio",0.0,0.01712858542821731,0.0,0.0,0.49923950330288613
intent_com.easou.action.image.crop,0,0.10326836071902726,0.1980963395448907,637.6,91.3927787081671,"pearson_r, mutual_information, entropy_reduction_ratio",0.0,0.01710230029225011,0.0,0.0,0.49923950330288613
intent_selfupdate_notification_cancelled,0,0.10324340538539849,0.1981072003682102,637.8,91.02175564116526,"pearson_r, mutual_information, entropy_reduction_ratio",0.0,0.01697752362410631,0.0,0.0,0.49923950330288613
perm_android.permission.ACCESS_GPS,0,0.10318548153954805,0.2055210780339179,448.2,164.23446654097916,"pearson_r, entropy_reduction_ratio, f_stat",0.0008141399173957957,0.0,0.00037607287933347775,0.0005098897706172608,0.5142273051303937
intent_cn.jpush.android.intent.DaemonService,0,0.1030215801985663,0.2052688808199354,449.0,163.8426074011275,"pearson_r, entropy_reduction_ratio, f_stat",0.0007429379988215295,0.0,0.0003404775039233131,0.00046542111698507233,0.5135590643731016
intent_com.qihoo.commonreceiver.CLEARED,0,0.10297109772674087,0.19822648956217465,638.6,89.54015858819997,"pearson_r, mutual_information, entropy_reduction_ratio",0.0,0.01561598533081825,0.0,0.0,0.49923950330288613
intent_com.qihoo.appstore.LitePluginTipDialogActivity,0,0.10291026539578096,0.19825333287652322,638.8,89.17039867579375,"pearson_r, mutual_information, entropy_reduction_ratio",0.0,0.015311823676018644,0.0,0.0,0.49923950330288613
intent_com.kingroot.kinguser.service.IKCommonManagerInterface,0,0.10289976095854995,0.19825797533185768,639.0,88.800900896331,"pearson_r, mutual_information, entropy_reduction_ratio",0.0,0.01525930148986363,0.0,0.0,0.49923950330288613
intent_com.mobiletool.appstore.service.weathernotifyreceiver,0,0.10272324886664094,0.19833630179680975,639.2,88.43166853565526,"pearson_r, mutual_information, entropy_reduction_ratio",0.0,0.014376741030318609,0.0,0.0,0.49923950330288613
intent_com.qihoo.appstore.powerusage.HIGH_TEMPERATURE,0,0.10257020210792071,0.19840469902956892,639.4,88.06270493233784,"pearson_r, mutual_information, entropy_reduction_ratio",0.0,0.013611507236717451,0.0,0.0,0.49923950330288613
intent_com.google.vr.vrcore.ACTION_NONE,0,0.10256948672367905,0.16838649835381103,413.6,270.38683399899486,"pearson_r, mutual_information, entropy_reduction_ratio",0.01457785262689353,0.04532572131406292,0.006256274134590866,0.0085164354957075,0.43817115004714047
intent_com.google.android.gms.gcm.ACTION_TASK_READY,0,0.10245324654432357,0.14041065527886376,372.6,334.38337279236833,"pearson_r, entropy_reduction_ratio, f_stat",0.07309413729879256,0.002412959690354373,0.02390152077541654,0.03334857156863782,0.3795090433884166
perm_com.kingroot.kinguser.permission.REQUEST,0,0.1024428181366192,0.19846196947371905,639.8,87.32559762177411,"pearson_r, mutual_information, entropy_reduction_ratio",0.0,0.012974587380209852,0.0,0.0,0.49923950330288613
perm_android.permission.WRITE_CALENDAR,0,0.1024406184554496,0.1521010030051709,369.0,307.00684031467443,"pearson_r, mutual_information, entropy_reduction_ratio",0.035365018195189425,0.03633633457918091,0.014385174540759948,0.019954208615632213,0.4061623563464855
perm_org.adw.launcher_donut.permission.WRITE_SETTINGS,0,0.10242183007737167,0.19847143527076558,640.2,86.58960676663222,"pearson_r, mutual_information, entropy_reduction_ratio",0.0,0.012869647083972244,0.0,0.0,0.49923950330288613
perm_android.permission.LOCAL_MAC_ADDRESS,0,0.10229465215033955,0.1985289737981003,640.6,85.854761079395,"pearson_r, mutual_information, entropy_reduction_ratio",0.0,0.012233757448811606,0.0,0.0,0.49923950330288613
intent_show_taskmanagerwhitelist,0,0.10222475255410249,0.19856072980701342,640.8,85.48777690406975,"pearson_r, mutual_information, entropy_reduction_ratio",0.0,0.011884259467626227,0.0,0.0,0.49923950330288613
intent_com.qihoo.appstore.ACTION_CHECK_PHOTOS,0,0.10220969472295408,0.19856758293394325,641.0,85.12109021858214,"pearson_r, mutual_information, entropy_reduction_ratio",0.0,0.011808970311884211,0.0,0.0,0.49923950330288613
intent_android.intent.action.UPDATE_NOTIFICATION,0,0.10211845518496046,0.19860920052077322,641.6,84.02285403388771,"pearson_r, mutual_information, entropy_reduction_ratio",0.0,0.01135277262191609,0.0,0.0,0.49923950330288613
intent_io.intercom.android.sdk.INTERCOM_PUSH_DISMISSED,0,0.10209287882020227,0.1986208953270324,641.8,83.65739656479873,"pearson_r, mutual_information, entropy_reduction_ratio",0.0,0.01122489079812515,0.0,0.0,0.49923950330288613
intent_download.service.action,0,0.10206978618473592,0.19863146517165176,642.0,83.29225654285037,"pearson_r, mutual_information, entropy_reduction_ratio",0.0,0.01110942762079346,0.0,0.0,0.49923950330288613
intent_org.agoo.android.intent.action.RE_ELECTION_V2,0,0.10197739996559033,0.19867385349947478,642.2,82.9274381613227,"pearson_r, mutual_information, entropy_reduction_ratio",0.0,0.010647496525065418,0.0,0.0,0.49923950330288613
perm_com.meizu.flyme.launcher.permission.WRITE_SETTINGS,0,0.10193515193189473,0.1986932918384315,642.4,82.56294568388412,"pearson_r, mutual_information, entropy_reduction_ratio",0.0,0.010436256356587525,0.0,0.0,0.49923950330288613
intent_com.excelliance.kxqp.action.space.stat,0,0.10188674048700756,0.19871560780106037,642.8,81.83495585628431,"pearson_r, mutual_information, entropy_reduction_ratio",0.0,0.010194199132151732,0.0,0.0,0.49923950330288613
perm_com.lenovo.launcherhdmarket.permission.WRITE_SETTINGS,0,0.10184314868633715,0.19873574029523883,643.0,81.47146739810202,"pearson_r, mutual_information, entropy_reduction_ratio",0.0,0.009976240128799588,0.0,0.0,0.49923950330288613
intent_com.example.servicejar.action.START_SPIRIT,0,0.10168456626638885,0.19880928554163843,643.2,81.10832263091132,"pearson_r, mutual_information, entropy_reduction_ratio",0.0,0.009183328029058113,0.0,0.0,0.49923950330288613
intent_com.excelliance.dualaid.platform.gameplugin.action.START_FROM_SHORTCUT,0,0.10160593350223279,0.19884593032326317,643.4,80.74552619185783,"pearson_r, mutual_information, entropy_reduction_ratio",0.0,0.00879016420827779,0.0,0.0,0.49923950330288613
perm_android.permission.DOWNLOAD_CACHE_NON_PURGEABLE,0,0.1015813940776569,0.19885739037309516,643.6,80.38308279731501,"pearson_r, mutual_information, entropy_reduction_ratio",0.0,0.00866746708539837,0.0,0.0,0.49923950330288613
intent_com.qihoo.appstore.utils.ActivityBroadcastReceiver.ACTION_INTENT_TRANSFER,0,0.10147206295695592,0.19890858776510117,643.8,80.02099724447328,"pearson_r, mutual_information, entropy_reduction_ratio",0.0,0.008120811481893461,0.0,0.0,0.49923950330288613
intent_com.getui.gtc.sdk.service.action,0,0.101324954067363,0.19897783406375133,644.6,78.57633231450804,"pearson_r, mutual_information, entropy_reduction_ratio",0.0,0.007385267033928813,0.0,0.0,0.49923950330288613
intent_com.telecom.sdk_auth_ui.SMS_CODE_SEND_ACTIOIN,0,0.10132237627438243,0.1989790511320563,644.8,78.21611087237717,"pearson_r, mutual_information, entropy_reduction_ratio",0.0,0.007372378069026028,0.0,0.0,0.49923950330288613
intent_com.qihoo.appstore.ACTION_GAME_UNION_DESK,0,0.10126214415933799,0.1990075247704088,645.0,77.85627784578453,"pearson_r, mutual_information, entropy_reduction_ratio",0.0,0.007071217493803831,0.0,0.0,0.49923950330288613
perm_com.qihoo360.home.permission.WRITE_SETTINGS,0,0.10125411739127392,0.19901132447779213,645.2,77.49683864519895,"pearson_r, mutual_information, entropy_reduction_ratio",0.0,0.007031083653483483,0.0,0.0,0.49923950330288613
intent_com.yandex.metrica.IMetricaService,0,0.10120849478297629,0.14529676779590128,365.7,319.7681347476637,"pearson_r, entropy_reduction_ratio, f_stat",0.04545845121527303,0.023569003816312085,0.018768822403772596,0.027007238299096997,0.3912389581804267
intent_android.appwidget.action.APPWIDGET_CONFIGURE,0,0.10118456946631246,0.1382227175541305,420.8,369.9331831560937,"pearson_r, entropy_reduction_ratio, f_stat",0.06946487410553297,0.0,0.02587699962630493,0.036566114011794645,0.3740148595879298
perm_android.permission.ACCESS_DOWNLOAD_MANAGER_ADVANCED,0,0.10114044142401997,0.19906526755891568,645.4,77.13779877595678,"pearson_r, mutual_information, entropy_reduction_ratio",0.0,0.00646270381721369,0.0,0.0,0.49923950330288613
suspicious_getSystemService,0,0.10113161511460564,0.1990694661919079,645.6,76.77916384019821,"pearson_r, mutual_information, entropy_reduction_ratio",0.0,0.006418572270142102,0.0,0.0,0.49923950330288613
perm_com.android.launcher2.permission.WRITE_SETTINGS,0,0.1010525504382274,0.1991071427322133,646.0,76.06313167363017,"pearson_r, mutual_information, entropy_reduction_ratio",0.0,0.006023248888250945,0.0,0.0,0.49923950330288613
intent_qcast.service.Link_service,0,0.10104995887475568,0.19910837969001718,646.2,75.70574614915304,"pearson_r, mutual_information, entropy_reduction_ratio",0.0,0.006010291070892254,0.0,0.0,0.49923950330288613
perm_android.permission.ACCOUNT_MANAGER,0,0.10103211812855036,0.19911689856247358,646.4,75.34878897500609,"pearson_r, mutual_information, entropy_reduction_ratio",0.0,0.00592108733986559,0.0,0.0,0.49923950330288613
intent_com.excelliance.dualaid.action.ext,0,0.10094011422428321,0.19916092569667088,646.6,74.99226626792925,"pearson_r, mutual_information, entropy_reduction_ratio",0.0,0.005461067818530003,0.0,0.0,0.49923950330288613
perm_com.facebook.katana.permission.C2D_MESSAGE,0,0.1009269661231416,0.1991672306183003,646.8,74.63618425401984,"pearson_r, mutual_information, entropy_reduction_ratio",0.0,0.005395327312821866,0.0,0.0,0.49923950330288613
intent_android.intent.action.TIME_TICK,0,0.1008964038906072,0.19918189879776443,647.0,74.28054927099018,"pearson_r, mutual_information, entropy_reduction_ratio",0.0,0.005242516150149854,0.0,0.0,0.49923950330288613
perm_com.google.android.googleapps.permission.GOOGLE_AUTH.speechpersonalization,0,0.10071066667200393,0.1992714223767557,647.6,73.21639160734432,"pearson_r, mutual_information, entropy_reduction_ratio",0.0,0.004313830057133449,0.0,0.0,0.49923950330288613
perm_com.yulong.android.launcherL.permission.READ_SETTINGS,0,0.10065650614407498,0.19929765005295472,647.8,72.8626104390997,"pearson_r, mutual_information, entropy_reduction_ratio",0.0,0.004043027417488702,0.0,0.0,0.49923950330288613
perm_android.permission.READ_INTERNAL_STORAGE,0,0.10053809746503224,0.20103325485963616,453.8,161.70516380128373,"pearson_r, entropy_reduction_ratio, f_stat",4.103409642114398e-05,0.0,1.9151859595686366e-05,2.5695047323520876e-05,0.5026046063218208
perm_com.huawei.authentication.HW_ACCESS_AUTH_SERVICE,0,0.10052070281396548,0.19936365754845328,648.0,72.50930974709385,"pearson_r, mutual_information, entropy_reduction_ratio",0.0,0.0033640107669412624,0.0,0.0,0.49923950330288613
intent_com.qihoo.appstore.ACTION_UPDATE_LAST_WX_CLEAR,0,0.10047976587526375,0.19938362332328682,648.2,72.1564965890113,"pearson_r, mutual_information, entropy_reduction_ratio",0.0,0.003159326073432585,0.0,0.0,0.49923950330288613
intent_com.qihoo.appstore.battery.POWER_RANK_START,0,0.10042177468926299,0.19941196091730654,648.4,71.80417815141399,"pearson_r, mutual_information, entropy_reduction_ratio",0.0,0.002869370143428842,0.0,0.0,0.49923950330288613
perm_android.permission.READ_SYNC_SETTINGS,0,0.1004077253536787,0.20078691416872244,455.7,160.8174741749167,"pearson_r, entropy_reduction_ratio, f_stat",2.7245667891990124e-05,0.0,1.2767906397124243e-05,1.7059883524088625e-05,0.5019815533105803
perm_android.permission.SEND_DOWNLOAD_COMPLETED_INTENTS,0,0.1004077253536787,0.20078691416872244,455.7,160.8174741749167,"pearson_r, entropy_reduction_ratio, f_stat",2.7245667891990124e-05,0.0,1.2767906397124243e-05,1.7059883524088625e-05,0.5019815533105803
intent_android.net.VpnService,0,0.10040772535367867,0.20078691416872238,456.1,160.45915368092903,"pearson_r, entropy_reduction_ratio, f_stat",2.7245667891990124e-05,0.0,1.2767906397124243e-05,1.7059883524088625e-05,0.5019815533105801
intent_com.qihoo.appstore.ACTION_GAME_UNION_GIFT_LiST,0,0.10039282994862035,0.19942612859446157,648.6,71.45236175242916,"pearson_r, mutual_information, entropy_reduction_ratio",0.0,0.002724646440215613,0.0,0.0,0.49923950330288613
intent_com.areametrics.areametricssdk.AMLocationUpdatesBroadcastReceiver.ACTION_PROCESS_UPDATES,0,0.10035971439242282,0.19944235714906286,648.8,71.1010548444958,"pearson_r, mutual_information, entropy_reduction_ratio",0.0,0.0025590686592279724,0.0,0.0,0.49923950330288613
intent_com.qihoo.appstore.plugin.battery.setConfig,0,0.10033864570715656,0.19945269279400543,649.0,70.75026501717149,"pearson_r, mutual_information, entropy_reduction_ratio",0.0,0.002453725232896672,0.0,0.0,0.49923950330288613
intent_com.excelliance.dualaid.act.action.ext,0,0.10026913171934455,0.19948685353650644,649.6,69.70107603186625,"pearson_r, mutual_information, entropy_reduction_ratio",0.0,0.002106155293836624,0.0,0.0,0.49923950330288613
intent_android.hardware.usb.action.USB_STATE,0,0.10024059515706848,0.2004669665300956,458.2,159.55488084041804,"pearson_r, entropy_reduction_ratio, f_stat",1.3568079589329513e-05,0.0,6.383953198562122e-06,8.49562978020963e-06,0.5011745281227743
perm_android.permission.WRITE_USER_DICTIONARY,0,0.10003559397752874,0.19960228559085103,650.4,68.3098821547805,"pearson_r, mutual_information, entropy_reduction_ratio",0.0,0.0009384665847575585,0.0,0.0,0.49923950330288613
intent_show_fold,0,0.0999150177668581,0.1996622850710687,651.4,66.58408218185485,"pearson_r, mutual_information, entropy_reduction_ratio",0.0,0.0003355855314043648,0.0,0.0,0.49923950330288613
perm_dianxin.permission.READ_SETTINGS,0,0.09990596907718353,0.19966679877755433,651.6,66.24077294235023,"pearson_r, mutual_information, entropy_reduction_ratio",0.0,0.0002903420830315067,0.0,0.0,0.49923950330288613
suspicious_Base64,0,0.09984790066057722,0.19969580132115444,698.0,49.57418683145494,"pearson_r, entropy_reduction_ratio, mutual_information",0.0,0.0,0.0,0.0,0.49923950330288613
suspicious_getDeviceId,0,0.09984790066057722,0.19969580132115444,698.0,49.57418683145494,"pearson_r, entropy_reduction_ratio, mutual_information",0.0,0.0,0.0,0.0,0.49923950330288613
perm_com.bbk.launcher2.permission.READ_SETTINGS,0,0.09984790066057722,0.19969580132115444,698.0,49.57418683145494,"pearson_r, entropy_reduction_ratio, mutual_information",0.0,0.0,0.0,0.0,0.49923950330288613
perm_cn.nubia.launcher.permission.READ_SETTINGS,0,0.09984790066057722,0.19969580132115444,698.0,49.57418683145494,"pearson_r, entropy_reduction_ratio, mutual_information",0.0,0.0,0.0,0.0,0.49923950330288613
perm_net.qihoo.launcher.permission.READ_SETTINGS,0,0.09984790066057722,0.19969580132115444,698.0,49.57418683145494,"pearson_r, entropy_reduction_ratio, mutual_information",0.0,0.0,0.0,0.0,0.49923950330288613
perm_com.sec.android.app.twlauncher.settings.READ_SETTINGS,0,0.09984790066057722,0.19969580132115444,698.0,49.57418683145494,"pearson_r, entropy_reduction_ratio, mutual_information",0.0,0.0,0.0,0.0,0.49923950330288613
perm_com.huawei.launcher2.permission.READ_SETTINGS,0,0.09984790066057722,0.19969580132115444,698.0,49.57418683145494,"pearson_r, entropy_reduction_ratio, mutual_information",0.0,0.0,0.0,0.0,0.49923950330288613
perm_com.google.android.launcher.permission.READ_SETTINGS,0,0.09984790066057722,0.19969580132115444,698.0,49.57418683145494,"pearson_r, entropy_reduction_ratio, mutual_information",0.0,0.0,0.0,0.0,0.49923950330288613
perm_org.adw.launcher.permission.READ_SETTINGS,0,0.09984790066057722,0.19969580132115444,698.0,49.57418683145494,"pearson_r, entropy_reduction_ratio, mutual_information",0.0,0.0,0.0,0.0,0.49923950330288613
perm_com.lge.launcher.permission.READ_SETTINGS,0,0.09984790066057722,0.19969580132115444,698.0,49.57418683145494,"pearson_r, entropy_reduction_ratio, mutual_information",0.0,0.0,0.0,0.0,0.49923950330288613
perm_com.android.mylauncher.permission.READ_SETTINGS,0,0.09984790066057722,0.19969580132115444,698.0,49.57418683145494,"pearson_r, entropy_reduction_ratio, mutual_information",0.0,0.0,0.0,0.0,0.49923950330288613
perm_org.adw.launcher_donut.permission.READ_SETTINGS,0,0.09984790066057722,0.19969580132115444,698.0,49.57418683145494,"pearson_r, entropy_reduction_ratio, mutual_information",0.0,0.0,0.0,0.0,0.49923950330288613
perm_com.android.email.permission.ACCESS_PROVIDER,0,0.09984790066057722,0.19969580132115444,698.0,49.57418683145494,"pearson_r, entropy_reduction_ratio, mutual_information",0.0,0.0,0.0,0.0,0.49923950330288613
intent_com.morgoo.droidplugin.ACTION_SHORTCUT_PROXY_ZHUSHOU,0,0.09984790066057722,0.19969580132115444,698.0,49.57418683145494,"pearson_r, entropy_reduction_ratio, mutual_information",0.0,0.0,0.0,0.0,0.49923950330288613
intent_com.qihoo.appstore.launcher.shortcut.MYSOFT,0,0.09984790066057722,0.19969580132115444,698.0,49.57418683145494,"pearson_r, entropy_reduction_ratio, mutual_information",0.0,0.0,0.0,0.0,0.49923950330288613
intent_com.qihoo.appstore.plugin.huajiao.IPluginHelperService,0,0.09984790066057722,0.19969580132115444,698.0,49.57418683145494,"pearson_r, entropy_reduction_ratio, mutual_information",0.0,0.0,0.0,0.0,0.49923950330288613
intent_com.qihoo.appstore.plugin.battery.setPowerRankConfig,0,0.09984790066057722,0.19969580132115444,698.0,49.57418683145494,"pearson_r, entropy_reduction_ratio, mutual_information",0.0,0.0,0.0,0.0,0.49923950330288613
intent_com.qihoo.appstore.launcher.shortcut.GAMEUNION,0,0.09984790066057722,0.19969580132115444,698.0,49.57418683145494,"pearson_r, entropy_reduction_ratio, mutual_information",0.0,0.0,0.0,0.0,0.49923950330288613
intent_com.qihoo.appstore.launcher.shortcut.APP_GROUP,0,0.09984790066057722,0.19969580132115444,698.0,49.57418683145494,"pearson_r, entropy_reduction_ratio, mutual_information",0.0,0.0,0.0,0.0,0.49923950330288613
intent_com.qihoo.appstore.floatwin.FloatWindowService,0,0.09984790066057722,0.19969580132115444,698.0,49.57418683145494,"pearson_r, entropy_reduction_ratio, mutual_information",0.0,0.0,0.0,0.0,0.49923950330288613
intent_com.qihoo.appstore.download_one_apk,0,0.09984790066057722,0.19969580132115444,698.0,49.57418683145494,"pearson_r, entropy_reduction_ratio, mutual_information",0.0,0.0,0.0,0.0,0.49923950330288613
intent_com.qihoo.appstore.clipboard.change,0,0.09984790066057722,0.19969580132115444,698.0,49.57418683145494,"pearson_r, entropy_reduction_ratio, mutual_information",0.0,0.0,0.0,0.0,0.49923950330288613
intent_com.qihoo.appstore.clean.scan.finish,0,0.09984790066057722,0.19969580132115444,698.0,49.57418683145494,"pearson_r, entropy_reduction_ratio, mutual_information",0.0,0.0,0.0,0.0,0.49923950330288613
intent_com.qihoo.appstore.launcher.shortcut.HOME_GAME,0,0.09984790066057722,0.19969580132115444,698.0,49.57418683145494,"pearson_r, entropy_reduction_ratio, mutual_information",0.0,0.0,0.0,0.0,0.49923950330288613
intent_com.qihoo.express.push.MSG_ARRIVED,0,0.09984790066057722,0.19969580132115444,698.0,49.57418683145494,"pearson_r, entropy_reduction_ratio, mutual_information",0.0,0.0,0.0,0.0,0.49923950330288613
intent_com.qihoo.appstore.battery.STABLE_NOTIFY,0,0.09984790066057722,0.19969580132115444,698.0,49.57418683145494,"pearson_r, entropy_reduction_ratio, mutual_information",0.0,0.0,0.0,0.0,0.49923950330288613
intent_com.qihoo360.mobilesafe.pcdaemon.filehandle,0,0.09984790066057722,0.19969580132115444,698.0,49.57418683145494,"pearson_r, entropy_reduction_ratio, mutual_information",0.0,0.0,0.0,0.0,0.49923950330288613
intent_com.qihoo360.mobilesafe.clean.DOWNLOADDLG,0,0.09984790066057722,0.19969580132115444,698.0,49.57418683145494,"pearson_r, entropy_reduction_ratio, mutual_information",0.0,0.0,0.0,0.0,0.49923950330288613
intent_com.qihoo360.daemon.pcdaemon.NotifyServiceStop2,0,0.09984790066057722,0.19969580132115444,698.0,49.57418683145494,"pearson_r, entropy_reduction_ratio, mutual_information",0.0,0.0,0.0,0.0,0.49923950330288613
intent_com.qihoo360.daemon.pcdaemon.ACTION_START_UI2,0,0.09984790066057722,0.19969580132115444,698.0,49.57418683145494,"pearson_r, entropy_reduction_ratio, mutual_information",0.0,0.0,0.0,0.0,0.49923950330288613
intent_com.qihoo360.daemon.pcdaemon.ACTION_START_SERVICE2,0,0.09984790066057722,0.19969580132115444,698.0,49.57418683145494,"pearson_r, entropy_reduction_ratio, mutual_information",0.0,0.0,0.0,0.0,0.49923950330288613
intent_com.qihoo360.daemon.pcdaemon.ACTION_START_RECEIVER,0,0.09984790066057722,0.19969580132115444,698.0,49.57418683145494,"pearson_r, entropy_reduction_ratio, mutual_information",0.0,0.0,0.0,0.0,0.49923950330288613
intent_com.qihoo360.daemon.pcdaemon.ACTION_START_OPERATE_CLIPBOARD,0,0.09984790066057722,0.19969580132115444,698.0,49.57418683145494,"pearson_r, entropy_reduction_ratio, mutual_information",0.0,0.0,0.0,0.0,0.49923950330288613
intent_com.qihoo360.daemon.pcdaemon.ACTION_START_DOWNLOAF_PAGE,0,0.09984790066057722,0.19969580132115444,698.0,49.57418683145494,"pearson_r, entropy_reduction_ratio, mutual_information",0.0,0.0,0.0,0.0,0.49923950330288613
intent_com.qihoo360.daemon.pcdaemon.ACTION_START_CAPTURE,0,0.09984790066057722,0.19969580132115444,698.0,49.57418683145494,"pearson_r, entropy_reduction_ratio, mutual_information",0.0,0.0,0.0,0.0,0.49923950330288613
intent_com.qihoo.hongbao.LOGIN,0,0.09984790066057722,0.19969580132115444,698.0,49.57418683145494,"pearson_r, entropy_reduction_ratio, mutual_information",0.0,0.0,0.0,0.0,0.49923950330288613
intent_com.qihoo.appstore.videomini,0,0.09984790066057722,0.19969580132115444,698.0,49.57418683145494,"pearson_r, entropy_reduction_ratio, mutual_information",0.0,0.0,0.0,0.0,0.49923950330288613
intent_com.qihoo.appstore.powerusage.SAVE_MODE,0,0.09984790066057722,0.19969580132115444,698.0,49.57418683145494,"pearson_r, entropy_reduction_ratio, mutual_information",0.0,0.0,0.0,0.0,0.49923950330288613
intent_com.qihoo.appstore.plugin.streamapp.IPluginHelperServiceStreamApp,0,0.09984790066057722,0.19969580132115444,698.0,49.57418683145494,"pearson_r, entropy_reduction_ratio, mutual_information",0.0,0.0,0.0,0.0,0.49923950330288613
intent_com.qihoo.appstore.stablenotification.NewsBroadcastReceiver,0,0.09984790066057722,0.19969580132115444,698.0,49.57418683145494,"pearson_r, entropy_reduction_ratio, mutual_information",0.0,0.0,0.0,0.0,0.49923950330288613
intent_com.qihoo.appstore.launcher.shortcut.WEBVIEW,0,0.09984790066057722,0.19969580132115444,698.0,49.57418683145494,"pearson_r, entropy_reduction_ratio, mutual_information",0.0,0.0,0.0,0.0,0.49923950330288613
intent_qihooappstore.gotoadmin,0,0.09984790066057722,0.19969580132115444,698.0,49.57418683145494,"pearson_r, entropy_reduction_ratio, mutual_information",0.0,0.0,0.0,0.0,0.49923950330288613
intent_com.qihoo.appstore.launcher.shortcut.PLAYGAME,0,0.09984790066057722,0.19969580132115444,698.0,49.57418683145494,"pearson_r, entropy_reduction_ratio, mutual_information",0.0,0.0,0.0,0.0,0.49923950330288613
intent_com.qihoo360.daemon.pcdaemon.ACTION_START_OPERATE_AUTHOR,0,0.09984790066057722,0.19969580132115444,698.0,49.57418683145494,"pearson_r, entropy_reduction_ratio, mutual_information",0.0,0.0,0.0,0.0,0.49923950330288613
intent_com.qihoo.appstore.ACTION_NOTIFY_UNINSTALL,0,0.09984790066057722,0.19969580132115444,698.0,49.57418683145494,"pearson_r, entropy_reduction_ratio, mutual_information",0.0,0.0,0.0,0.0,0.49923950330288613
intent_com.qihoo.appstore.ACTION_NORMAL_INSTALL_ERROR,0,0.09984790066057722,0.19969580132115444,698.0,49.57418683145494,"pearson_r, entropy_reduction_ratio, mutual_information",0.0,0.0,0.0,0.0,0.49923950330288613
intent_com.qihoo.appstore.ACTION_MEM_SCAN,0,0.09984790066057722,0.19969580132115444,698.0,49.57418683145494,"pearson_r, entropy_reduction_ratio, mutual_information",0.0,0.0,0.0,0.0,0.49923950330288613
intent_com.qihoo.appstore.ACTION_LAUNCH_SERVICE_ACTIVITY,0,0.09984790066057722,0.19969580132115444,698.0,49.57418683145494,"pearson_r, entropy_reduction_ratio, mutual_information",0.0,0.0,0.0,0.0,0.49923950330288613
intent_com.qihoo.appstore.ACTION_GET_DOWNLOAD_APK_PATH,0,0.09984790066057722,0.19969580132115444,698.0,49.57418683145494,"pearson_r, entropy_reduction_ratio, mutual_information",0.0,0.0,0.0,0.0,0.49923950330288613
intent_com.qihoo.appstore.ACTION_GAME_UNION_WEB,0,0.09984790066057722,0.19969580132115444,698.0,49.57418683145494,"pearson_r, entropy_reduction_ratio, mutual_information",0.0,0.0,0.0,0.0,0.49923950330288613
intent_com.qihoo.accountcenter.action.START_ACCOUNT_SERVICE,0,0.09984790066057722,0.19969580132115444,698.0,49.57418683145494,"pearson_r, entropy_reduction_ratio, mutual_information",0.0,0.0,0.0,0.0,0.49923950330288613
intent_com.qihoo.appstore.ACTION_CLEAR_BACKGROUND,0,0.09984790066057722,0.19969580132115444,698.0,49.57418683145494,"pearson_r, entropy_reduction_ratio, mutual_information",0.0,0.0,0.0,0.0,0.49923950330288613
intent_com.qihoo.appstore.checkupdate.NOTIFY_APP_UPDATE,0,0.09984790066057722,0.19969580132115444,698.0,49.57418683145494,"pearson_r, entropy_reduction_ratio, mutual_information",0.0,0.0,0.0,0.0,0.49923950330288613
intent_com.qihoo.appstore.ACTION_CLEAR_CREATE_SHORTCUT,0,0.09984790066057722,0.19969580132115444,698.0,49.57418683145494,"pearson_r, entropy_reduction_ratio, mutual_information",0.0,0.0,0.0,0.0,0.49923950330288613
intent_com.qihoo.appstore.battery.ICON,0,0.09984790066057722,0.19969580132115444,698.0,49.57418683145494,"pearson_r, entropy_reduction_ratio, mutual_information",0.0,0.0,0.0,0.0,0.49923950330288613
intent_com.qihoo.appstore.ACTION_START_RADICALROOT,0,0.09984790066057722,0.19969580132115444,698.0,49.57418683145494,"pearson_r, entropy_reduction_ratio, mutual_information",0.0,0.0,0.0,0.0,0.49923950330288613
intent_com.qihoo.appstore.battery.FREEZE_APP,0,0.09984790066057722,0.19969580132115444,698.0,49.57418683145494,"pearson_r, entropy_reduction_ratio, mutual_information",0.0,0.0,0.0,0.0,0.49923950330288613
intent_com.qihoo.appstore.battery.ACCESSIBILITY_ALERT,0,0.09984790066057722,0.19969580132115444,698.0,49.57418683145494,"pearson_r, entropy_reduction_ratio, mutual_information",0.0,0.0,0.0,0.0,0.49923950330288613
intent_com.qihoo.appstore.clean.result,0,0.09984790066057722,0.19969580132115444,698.0,49.57418683145494,"pearson_r, entropy_reduction_ratio, mutual_information",0.0,0.0,0.0,0.0,0.49923950330288613
intent_com.qihoo.appstore.checkupdate.RESTART_ALL_DOWNLOAD,0,0.09984790066057722,0.19969580132115444,698.0,49.57418683145494,"pearson_r, entropy_reduction_ratio, mutual_information",0.0,0.0,0.0,0.0,0.49923950330288613
intent_com.qihoo.appstore.accessibility.ALERT,0,0.09984790066057722,0.19969580132115444,698.0,49.57418683145494,"pearson_r, entropy_reduction_ratio, mutual_information",0.0,0.0,0.0,0.0,0.49923950330288613
intent_com.qihoo.appstore.ACTION_STAT,0,0.09984790066057722,0.19969580132115444,698.0,49.57418683145494,"pearson_r, entropy_reduction_ratio, mutual_information",0.0,0.0,0.0,0.0,0.49923950330288613
intent_com.qihoo.appstore.QihooAlliance,0,0.09984790066057722,0.19969580132115444,698.0,49.57418683145494,"pearson_r, entropy_reduction_ratio, mutual_information",0.0,0.0,0.0,0.0,0.49923950330288613
intent_com.qihoo.appstore.PACKAGE_ADDED,0,0.09984790066057722,0.19969580132115444,698.0,49.57418683145494,"pearson_r, entropy_reduction_ratio, mutual_information",0.0,0.0,0.0,0.0,0.49923950330288613
intent_com.qihoo.appstore.OPEN_BROWSER,0,0.09984790066057722,0.19969580132115444,698.0,49.57418683145494,"pearson_r, entropy_reduction_ratio, mutual_information",0.0,0.0,0.0,0.0,0.49923950330288613
intent_com.qihoo.appstore.MEMCLEAR,0,0.09984790066057722,0.19969580132115444,698.0,49.57418683145494,"pearson_r, entropy_reduction_ratio, mutual_information",0.0,0.0,0.0,0.0,0.49923950330288613
intent_com.qihoo.appstore.battery.START,0,0.09984790066057722,0.19969580132115444,698.0,49.57418683145494,"pearson_r, entropy_reduction_ratio, mutual_information",0.0,0.0,0.0,0.0,0.49923950330288613
intent_com.qihoo.appstore.LitePluginDownload,0,0.09984790066057722,0.19969580132115444,698.0,49.57418683145494,"pearson_r, entropy_reduction_ratio, mutual_information",0.0,0.0,0.0,0.0,0.49923950330288613
intent_com.qihoo.appstore.CLEAN_ACTIVITY_DESTROY,0,0.09984790066057722,0.19969580132115444,698.0,49.57418683145494,"pearson_r, entropy_reduction_ratio, mutual_information",0.0,0.0,0.0,0.0,0.49923950330288613
intent_com.qihoo.appstore.CHECK_STORAGE,0,0.09984790066057722,0.19969580132115444,698.0,49.57418683145494,"pearson_r, entropy_reduction_ratio, mutual_information",0.0,0.0,0.0,0.0,0.49923950330288613
intent_com.qihoo.appstore.CHECK_APP_UPDATE_DESK_NOTIFICATION,0,0.09984790066057722,0.19969580132115444,698.0,49.57418683145494,"pearson_r, entropy_reduction_ratio, mutual_information",0.0,0.0,0.0,0.0,0.49923950330288613
intent_com.qihoo.appstore.BATTERY,0,0.09984790066057722,0.19969580132115444,698.0,49.57418683145494,"pearson_r, entropy_reduction_ratio, mutual_information",0.0,0.0,0.0,0.0,0.49923950330288613
intent_com.qihoo.appstore.plugin.START_PLUGIN_FROM_PROXY_LISTENER,0,0.09984790066057722,0.19969580132115444,698.0,49.57418683145494,"pearson_r, entropy_reduction_ratio, mutual_information",0.0,0.0,0.0,0.0,0.49923950330288613
intent_com.qihoo.appstore.open.wallet,0,0.09984790066057722,0.19969580132115444,698.0,49.57418683145494,"pearson_r, entropy_reduction_ratio, mutual_information",0.0,0.0,0.0,0.0,0.49923950330288613
intent_com.qihoo.appstore.notification.click_action,0,0.09984790066057722,0.19969580132115444,698.0,49.57418683145494,"pearson_r, entropy_reduction_ratio, mutual_information",0.0,0.0,0.0,0.0,0.49923950330288613
intent_com.qihoo.appstore.NOTIFY_DELETE,0,0.09984790066057722,0.19969580132115444,698.0,49.57418683145494,"pearson_r, entropy_reduction_ratio, mutual_information",0.0,0.0,0.0,0.0,0.49923950330288613
perm_qiku.permission.READ_WRITE_SAFE_SPACE,0,0.09984790066057722,0.19969580132115444,698.0,49.57418683145494,"pearson_r, entropy_reduction_ratio, mutual_information",0.0,0.0,0.0,0.0,0.49923950330288613
perm_com.sonyericsson.home.READ_SETTINGS,0,0.09984790066057722,0.19969580132115444,698.0,49.57418683145494,"pearson_r, entropy_reduction_ratio, mutual_information",0.0,0.0,0.0,0.0,0.49923950330288613
perm_com.sonyericsson.home.WRITE_SETTINGS,0,0.09984790066057722,0.19969580132115444,698.0,49.57418683145494,"pearson_r, entropy_reduction_ratio, mutual_information",0.0,0.0,0.0,0.0,0.49923950330288613
intent_android.intent.action.defaultSmsSet,0,0.09984790066057722,0.19969580132115444,698.0,49.57418683145494,"pearson_r, entropy_reduction_ratio, mutual_information",0.0,0.0,0.0,0.0,0.49923950330288613
perm_com.nd.android.launcher.permission.WRITE_SETTINGS,0,0.09984790066057722,0.19969580132115444,698.0,49.57418683145494,"pearson_r, entropy_reduction_ratio, mutual_information",0.0,0.0,0.0,0.0,0.49923950330288613
perm_android.permission.READ_INSTALL_SESSIONS,0,0.09984790066057722,0.19969580132115444,698.0,49.57418683145494,"pearson_r, entropy_reduction_ratio, mutual_information",0.0,0.0,0.0,0.0,0.49923950330288613
perm_android.permission.READ_CELL_BROADCASTS,0,0.09984790066057722,0.19969580132115444,698.0,49.57418683145494,"pearson_r, entropy_reduction_ratio, mutual_information",0.0,0.0,0.0,0.0,0.49923950330288613
perm_xmpp.permission.ACCESS_API,0,0.09984790066057722,0.19969580132115444,698.0,49.57418683145494,"pearson_r, entropy_reduction_ratio, mutual_information",0.0,0.0,0.0,0.0,0.49923950330288613
intent_com.coolcloud.xmpp.NOTIFICATION.1010048,0,0.09984790066057722,0.19969580132115444,698.0,49.57418683145494,"pearson_r, entropy_reduction_ratio, mutual_information",0.0,0.0,0.0,0.0,0.49923950330288613
intent_action_send_cancel,0,0.09984790066057722,0.19969580132115444,698.0,49.57418683145494,"pearson_r, entropy_reduction_ratio, mutual_information",0.0,0.0,0.0,0.0,0.49923950330288613
intent_com.qihoo.appstore.notification.click,0,0.09984790066057722,0.19969580132115444,698.0,49.57418683145494,"pearson_r, entropy_reduction_ratio, mutual_information",0.0,0.0,0.0,0.0,0.49923950330288613
intent_com.qihoo.appstore.stablenotification.StableBroadcast,0,0.09984790066057722,0.19969580132115444,698.0,49.57418683145494,"pearson_r, entropy_reduction_ratio, mutual_information",0.0,0.0,0.0,0.0,0.49923950330288613
perm_android.permission.SUBSCRIBED_FEEDS_WRITE,0,0.09984790066057722,0.19969580132115444,698.0,49.57418683145494,"pearson_r, entropy_reduction_ratio, mutual_information",0.0,0.0,0.0,0.0,0.49923950330288613
perm_com.yulong.android.launcher3.READ_SETTINGS,0,0.09984790066057722,0.19969580132115444,698.0,49.57418683145494,"pearson_r, entropy_reduction_ratio, mutual_information",0.0,0.0,0.0,0.0,0.49923950330288613
intent_android.intent.action.CAL,0,0.09984790066057722,0.19969580132115444,698.0,49.57418683145494,"pearson_r, entropy_reduction_ratio, mutual_information",0.0,0.0,0.0,0.0,0.49923950330288613
perm_com.qiku.launcher.permission.READ_SETTINGS,0,0.09984790066057722,0.19969580132115444,698.0,49.57418683145494,"pearson_r, entropy_reduction_ratio, mutual_information",0.0,0.0,0.0,0.0,0.49923950330288613
perm_com.meizu.flyme.launcher.permission.READ_SETTINGS,0,0.09984790066057722,0.19969580132115444,698.0,49.57418683145494,"pearson_r, entropy_reduction_ratio, mutual_information",0.0,0.0,0.0,0.0,0.49923950330288613
perm_com.google.android.providers.talk.permission.READ_ONLY,0,0.09984790066057722,0.19969580132115444,698.0,49.57418683145494,"pearson_r, entropy_reduction_ratio, mutual_information",0.0,0.0,0.0,0.0,0.49923950330288613
perm_com.google.android.gms.permission.AD_ID_NOTIFICATION,0,0.09984790066057722,0.19969580132115444,698.0,49.57418683145494,"pearson_r, entropy_reduction_ratio, mutual_information",0.0,0.0,0.0,0.0,0.49923950330288613
perm_com.google.android.googleapps.permission.GOOGLE_AUTH.YouTubeUser,0,0.09984790066057722,0.19969580132115444,698.0,49.57418683145494,"pearson_r, entropy_reduction_ratio, mutual_information",0.0,0.0,0.0,0.0,0.49923950330288613
perm_com.google.android.googleapps.permission.GOOGLE_AUTH.youtube,0,0.09984790066057722,0.19969580132115444,698.0,49.57418683145494,"pearson_r, entropy_reduction_ratio, mutual_information",0.0,0.0,0.0,0.0,0.49923950330288613
perm_com.google.android.googleapps.permission.GOOGLE_AUTH.news,0,0.09984790066057722,0.19969580132115444,698.0,49.57418683145494,"pearson_r, entropy_reduction_ratio, mutual_information",0.0,0.0,0.0,0.0,0.49923950330288613
perm_com.google.android.googleapps.permission.GOOGLE_AUTH.wifi,0,0.09984790066057722,0.19969580132115444,698.0,49.57418683145494,"pearson_r, entropy_reduction_ratio, mutual_information",0.0,0.0,0.0,0.0,0.49923950330288613
perm_com.google.android.googleapps.permission.GOOGLE_AUTH.talk,0,0.09984790066057722,0.19969580132115444,698.0,49.57418683145494,"pearson_r, entropy_reduction_ratio, mutual_information",0.0,0.0,0.0,0.0,0.49923950330288613
perm_com.google.android.googleapps.permission.GOOGLE_AUTH.knol,0,0.09984790066057722,0.19969580132115444,698.0,49.57418683145494,"pearson_r, entropy_reduction_ratio, mutual_information",0.0,0.0,0.0,0.0,0.49923950330288613
perm_com.google.android.googleapps.permission.GOOGLE_AUTH.jotspot,0,0.09984790066057722,0.19969580132115444,698.0,49.57418683145494,"pearson_r, entropy_reduction_ratio, mutual_information",0.0,0.0,0.0,0.0,0.49923950330288613
perm_com.google.android.googleapps.permission.GOOGLE_AUTH.health,0,0.09984790066057722,0.19969580132115444,698.0,49.57418683145494,"pearson_r, entropy_reduction_ratio, mutual_information",0.0,0.0,0.0,0.0,0.49923950330288613
perm_com.google.android.googleapps.permission.GOOGLE_AUTH.groups2,0,0.09984790066057722,0.19969580132115444,698.0,49.57418683145494,"pearson_r, entropy_reduction_ratio, mutual_information",0.0,0.0,0.0,0.0,0.49923950330288613
perm_com.google.android.googleapps.permission.GOOGLE_AUTH.gbase,0,0.09984790066057722,0.19969580132115444,698.0,49.57418683145494,"pearson_r, entropy_reduction_ratio, mutual_information",0.0,0.0,0.0,0.0,0.49923950330288613
perm_com.google.android.googleapps.permission.GOOGLE_AUTH.finance,0,0.09984790066057722,0.19969580132115444,698.0,49.57418683145494,"pearson_r, entropy_reduction_ratio, mutual_information",0.0,0.0,0.0,0.0,0.49923950330288613
perm_com.google.android.googleapps.permission.GOOGLE_AUTH.dodgeball,0,0.09984790066057722,0.19969580132115444,698.0,49.57418683145494,"pearson_r, entropy_reduction_ratio, mutual_information",0.0,0.0,0.0,0.0,0.49923950330288613
perm_com.google.android.googleapps.permission.GOOGLE_AUTH.notebook,0,0.09984790066057722,0.19969580132115444,698.0,49.57418683145494,"pearson_r, entropy_reduction_ratio, mutual_information",0.0,0.0,0.0,0.0,0.49923950330288613
perm_com.google.android.googleapps.permission.GOOGLE_AUTH.cl,0,0.09984790066057722,0.19969580132115444,698.0,49.57418683145494,"pearson_r, entropy_reduction_ratio, mutual_information",0.0,0.0,0.0,0.0,0.49923950330288613
perm_com.google.android.googleapps.permission.GOOGLE_AUTH.ah,0,0.09984790066057722,0.19969580132115444,698.0,49.57418683145494,"pearson_r, entropy_reduction_ratio, mutual_information",0.0,0.0,0.0,0.0,0.49923950330288613
perm_com.google.android.googleapps.permission.GOOGLE_AUTH.orkut,0,0.09984790066057722,0.19969580132115444,698.0,49.57418683145494,"pearson_r, entropy_reduction_ratio, mutual_information",0.0,0.0,0.0,0.0,0.49923950330288613
perm_com.google.android.googleapps.permission.GOOGLE_AUTH.mobile,0,0.09984790066057722,0.19969580132115444,698.0,49.57418683145494,"pearson_r, entropy_reduction_ratio, mutual_information",0.0,0.0,0.0,0.0,0.49923950330288613
perm_com.google.android.googleapps.permission.GOOGLE_AUTH.OTHER_SERVICES,0,0.09984790066057722,0.19969580132115444,698.0,49.57418683145494,"pearson_r, entropy_reduction_ratio, mutual_information",0.0,0.0,0.0,0.0,0.49923950330288613
perm_com.google.android.googleapps.permission.GOOGLE_AUTH.wise,0,0.09984790066057722,0.19969580132115444,698.0,49.57418683145494,"pearson_r, entropy_reduction_ratio, mutual_information",0.0,0.0,0.0,0.0,0.49923950330288613
perm_android.permission.TRANSMIT_IR,0,0.09984790066057722,0.19969580132115444,698.0,49.57418683145494,"pearson_r, entropy_reduction_ratio, mutual_information",0.0,0.0,0.0,0.0,0.49923950330288613
perm_com.google.android.googleapps.permission.GOOGLE_AUTH.writely,0,0.09984790066057722,0.19969580132115444,698.0,49.57418683145494,"pearson_r, entropy_reduction_ratio, mutual_information",0.0,0.0,0.0,0.0,0.49923950330288613
perm_com.s.launcher.permission.READ_SETTINGS,0,0.09984790066057722,0.19969580132115444,698.0,49.57418683145494,"pearson_r, entropy_reduction_ratio, mutual_information",0.0,0.0,0.0,0.0,0.49923950330288613
perm_android.permission.BIND_ACCESSIBILITY_SERVICE,0,0.09984790066057722,0.19969580132115444,698.0,49.57418683145494,"pearson_r, entropy_reduction_ratio, mutual_information",0.0,0.0,0.0,0.0,0.49923950330288613
perm_com.mx.launcher.permission.READ_SETTINGS,0,0.09984790066057722,0.19969580132115444,698.0,49.57418683145494,"pearson_r, entropy_reduction_ratio, mutual_information",0.0,0.0,0.0,0.0,0.49923950330288613
perm_com.apusapps.launcher.permission.READ_SETTINGS,0,0.09984790066057722,0.19969580132115444,698.0,49.57418683145494,"pearson_r, entropy_reduction_ratio, mutual_information",0.0,0.0,0.0,0.0,0.49923950330288613
perm_com.google.android.googleapps.permission.GOOGLE_AUTH,0,0.09984790066057722,0.19969580132115444,698.0,49.57418683145494,"pearson_r, entropy_reduction_ratio, mutual_information",0.0,0.0,0.0,0.0,0.49923950330288613
perm_android.permission.BIND_APPWIDGET,0,0.09984790066057722,0.19969580132115444,698.0,49.57418683145494,"pearson_r, entropy_reduction_ratio, mutual_information",0.0,0.0,0.0,0.0,0.49923950330288613
perm_com.google.android.googleapps.permission.GOOGLE_AUTH.sierraqa,0,0.09984790066057722,0.19969580132115444,698.0,49.57418683145494,"pearson_r, entropy_reduction_ratio, mutual_information",0.0,0.0,0.0,0.0,0.49923950330288613
perm_com.google.android.googleapps.permission.GOOGLE_AUTH.sierrasandbox,0,0.09984790066057722,0.19969580132115444,698.0,49.57418683145494,"pearson_r, entropy_reduction_ratio, mutual_information",0.0,0.0,0.0,0.0,0.49923950330288613
perm_android.permission.BODY_SENSORS,0,0.09984790066057722,0.19969580132115444,698.0,49.57418683145494,"pearson_r, entropy_reduction_ratio, mutual_information",0.0,0.0,0.0,0.0,0.49923950330288613
perm_com.tsf.shell.permission.READ_SETTINGS,0,0.09984790066057722,0.19969580132115444,698.0,49.57418683145494,"pearson_r, entropy_reduction_ratio, mutual_information",0.0,0.0,0.0,0.0,0.49923950330288613
perm_,0,0.09984790066057722,0.19969580132115444,698.0,49.57418683145494,"pearson_r, entropy_reduction_ratio, mutual_information",0.0,0.0,0.0,0.0,0.49923950330288613
perm_dianxin.permission.ACCESS_LAUNCHER_DATA,0,0.09984790066057722,0.19969580132115444,698.0,49.57418683145494,"pearson_r, entropy_reduction_ratio, mutual_information",0.0,0.0,0.0,0.0,0.49923950330288613
perm_com.anddoes.launcher.permission.WRITE_SETTINGS,0,0.09984790066057722,0.19969580132115444,698.0,49.57418683145494,"pearson_r, entropy_reduction_ratio, mutual_information",0.0,0.0,0.0,0.0,0.49923950330288613
perm_android.permission.SIGNAL_PERSISTENT_PROCESSES,0,0.09984790066057722,0.19969580132115444,698.0,49.57418683145494,"pearson_r, entropy_reduction_ratio, mutual_information",0.0,0.0,0.0,0.0,0.49923950330288613
perm_com.sec.android.app.twlauncher.settings.WRITE_SETTINGS,0,0.09984790066057722,0.19969580132115444,698.0,49.57418683145494,"pearson_r, entropy_reduction_ratio, mutual_information",0.0,0.0,0.0,0.0,0.49923950330288613
perm_telecom.mdesk.permission.WRITE_SETTINGS,0,0.09984790066057722,0.19969580132115444,698.0,49.57418683145494,"pearson_r, entropy_reduction_ratio, mutual_information",0.0,0.0,0.0,0.0,0.49923950330288613
perm_com.android.mylauncher.permission.WRITE_SETTINGS,0,0.09984790066057722,0.19969580132115444,698.0,49.57418683145494,"pearson_r, entropy_reduction_ratio, mutual_information",0.0,0.0,0.0,0.0,0.49923950330288613
perm_com.fede.launcher.permission.WRITE_SETTINGS,0,0.09984790066057722,0.19969580132115444,698.0,49.57418683145494,"pearson_r, entropy_reduction_ratio, mutual_information",0.0,0.0,0.0,0.0,0.49923950330288613
perm_com.ebproductions.android.launcher.permission.WRITE_SETTINGS,0,0.09984790066057722,0.19969580132115444,698.0,49.57418683145494,"pearson_r, entropy_reduction_ratio, mutual_information",0.0,0.0,0.0,0.0,0.49923950330288613
perm_com.tencent.qqlauncher.permission.WRITE_SETTINGS,0,0.09984790066057722,0.19969580132115444,698.0,49.57418683145494,"pearson_r, entropy_reduction_ratio, mutual_information",0.0,0.0,0.0,0.0,0.49923950330288613
perm_com.samsung.android.providers.context.permission.WRITE_RECORD_AUDIO,0,0.09984790066057722,0.19969580132115444,698.0,49.57418683145494,"pearson_r, entropy_reduction_ratio, mutual_information",0.0,0.0,0.0,0.0,0.49923950330288613
perm_com.samsung.android.providers.context.permission.READ_RECORD_AUDIO,0,0.09984790066057722,0.19969580132115444,698.0,49.57418683145494,"pearson_r, entropy_reduction_ratio, mutual_information",0.0,0.0,0.0,0.0,0.49923950330288613
perm_com.samsung.svoice.sync.READ_DATABASE,0,0.09984790066057722,0.19969580132115444,698.0,49.57418683145494,"pearson_r, entropy_reduction_ratio, mutual_information",0.0,0.0,0.0,0.0,0.49923950330288613
perm_com.sec.android.permission.LAUNCH_PERSONAL_PAGE_SERVICE,0,0.09984790066057722,0.19969580132115444,698.0,49.57418683145494,"pearson_r, entropy_reduction_ratio, mutual_information",0.0,0.0,0.0,0.0,0.49923950330288613
intent_com.excelliance.kxqp.NEXT_CHAPTER,0,0.09984790066057722,0.19969580132115444,698.0,49.57418683145494,"pearson_r, entropy_reduction_ratio, mutual_information",0.0,0.0,0.0,0.0,0.49923950330288613
perm_com.sec.android.settings.permission.SOFT_RESET,0,0.09984790066057722,0.19969580132115444,698.0,49.57418683145494,"pearson_r, entropy_reduction_ratio, mutual_information",0.0,0.0,0.0,0.0,0.49923950330288613
perm_com.samsung.android.scloud.backup.lib.write,0,0.09984790066057722,0.19969580132115444,698.0,49.57418683145494,"pearson_r, entropy_reduction_ratio, mutual_information",0.0,0.0,0.0,0.0,0.49923950330288613
perm_com.samsung.android.scloud.backup.lib.read,0,0.09984790066057722,0.19969580132115444,698.0,49.57418683145494,"pearson_r, entropy_reduction_ratio, mutual_information",0.0,0.0,0.0,0.0,0.49923950330288613
intent_com.qihoo.appstore.ACTION_UNLOCK_BROADCAST_RECEIVE,0,0.09984790066057722,0.19969580132115444,698.0,49.57418683145494,"pearson_r, entropy_reduction_ratio, mutual_information",0.0,0.0,0.0,0.0,0.49923950330288613
perm_android.permission.READ_CLIPS,0,0.09984790066057722,0.19969580132115444,698.0,49.57418683145494,"pearson_r, entropy_reduction_ratio, mutual_information",0.0,0.0,0.0,0.0,0.49923950330288613
perm_android.permission.GET_INTENT_SENDER_INTENT,0,0.09984790066057722,0.19969580132115444,698.0,49.57418683145494,"pearson_r, entropy_reduction_ratio, mutual_information",0.0,0.0,0.0,0.0,0.49923950330288613
perm_android.permission.GET_CLIPS,0,0.09984790066057722,0.19969580132115444,698.0,49.57418683145494,"pearson_r, entropy_reduction_ratio, mutual_information",0.0,0.0,0.0,0.0,0.49923950330288613
intent_com.qihoo.appstore.APPWATCHER_CHANGE_TIME,0,0.09984790066057722,0.19969580132115444,698.0,49.57418683145494,"pearson_r, entropy_reduction_ratio, mutual_information",0.0,0.0,0.0,0.0,0.49923950330288613
perm_qiku.permission.RECEIVE_ACTIVITY_RESUMED,0,0.09984790066057722,0.19969580132115444,698.0,49.57418683145494,"pearson_r, entropy_reduction_ratio, mutual_information",0.0,0.0,0.0,0.0,0.49923950330288613
perm_com.google.android.launcher.permission.WRITE_SETTINGS,0,0.09984790066057722,0.19969580132115444,698.0,49.57418683145494,"pearson_r, entropy_reduction_ratio, mutual_information",0.0,0.0,0.0,0.0,0.49923950330288613
intent_co.ronash.pushe.service.ScreenStateService,0,0.09984790066057722,0.19969580132115444,698.0,49.57418683145494,"pearson_r, entropy_reduction_ratio, mutual_information",0.0,0.0,0.0,0.0,0.49923950330288613
perm_com.huawei.launcher.permission.WRITE_SETTINGS,0,0.09984790066057722,0.19969580132115444,698.0,49.57418683145494,"pearson_r, entropy_reduction_ratio, mutual_information",0.0,0.0,0.0,0.0,0.49923950330288613
intent_com.excelliance.kxqp.platform.action.CRASH_REPORT,0,0.09984790066057722,0.19969580132115444,698.0,49.57418683145494,"pearson_r, entropy_reduction_ratio, mutual_information",0.0,0.0,0.0,0.0,0.49923950330288613
intent_oh.rt.hj.j.g,0,0.09984790066057722,0.19969580132115444,698.0,49.57418683145494,"pearson_r, entropy_reduction_ratio, mutual_information",0.0,0.0,0.0,0.0,0.49923950330288613
intent_com.door.pay.sdk.app.action,0,0.09984790066057722,0.19969580132115444,698.0,49.57418683145494,"pearson_r, entropy_reduction_ratio, mutual_information",0.0,0.0,0.0,0.0,0.49923950330288613
intent_ACTION.TAPCORE.SYNC,0,0.09984790066057722,0.19969580132115444,698.0,49.57418683145494,"pearson_r, entropy_reduction_ratio, mutual_information",0.0,0.0,0.0,0.0,0.49923950330288613
intent_com.amir.nightjar.service.BUFFER_SERVICES,0,0.09984790066057722,0.19969580132115444,698.0,49.57418683145494,"pearson_r, entropy_reduction_ratio, mutual_information",0.0,0.0,0.0,0.0,0.49923950330288613
perm_com.huawei.launcher.permission.READ_SETTINGS,0,0.09984790066057722,0.19969580132115444,698.0,49.57418683145494,"pearson_r, entropy_reduction_ratio, mutual_information",0.0,0.0,0.0,0.0,0.49923950330288613
intent_android.intent.action.DOWNLOAD_NOTIFY,0,0.09984790066057722,0.19969580132115444,698.0,49.57418683145494,"pearson_r, entropy_reduction_ratio, mutual_information",0.0,0.0,0.0,0.0,0.49923950330288613
intent_android.intent.action.DOWNLOAD_WAKEUP.sogou,0,0.09984790066057722,0.19969580132115444,698.0,49.57418683145494,"pearson_r, entropy_reduction_ratio, mutual_information",0.0,0.0,0.0,0.0,0.49923950330288613
intent_android.intent.action.ERROR_NOTIFY,0,0.09984790066057722,0.19969580132115444,698.0,49.57418683145494,"pearson_r, entropy_reduction_ratio, mutual_information",0.0,0.0,0.0,0.0,0.49923950330288613
perm_com.asus.email.permission.ACCESS_PROVIDER,0,0.09984790066057722,0.19969580132115444,698.0,49.57418683145494,"pearson_r, entropy_reduction_ratio, mutual_information",0.0,0.0,0.0,0.0,0.49923950330288613
intent_com.evernote.android.job.ADD_JOB_CREATOR,0,0.09984790066057722,0.19969580132115444,698.0,49.57418683145494,"pearson_r, entropy_reduction_ratio, mutual_information",0.0,0.0,0.0,0.0,0.49923950330288613
intent_downfile,0,0.09984790066057722,0.19969580132115444,698.0,49.57418683145494,"pearson_r, entropy_reduction_ratio, mutual_information",0.0,0.0,0.0,0.0,0.49923950330288613
intent_com.excelliance.appmate.share,0,0.09984790066057722,0.19969580132115444,698.0,49.57418683145494,"pearson_r, entropy_reduction_ratio, mutual_information",0.0,0.0,0.0,0.0,0.49923950330288613
intent_com.excelliance.kxqp.action.SmtServService,0,0.09984790066057722,0.19969580132115444,698.0,49.57418683145494,"pearson_r, entropy_reduction_ratio, mutual_information",0.0,0.0,0.0,0.0,0.49923950330288613
perm_com.facebook.katana.permission.RECEIVE_ADM_MESSAGE,0,0.09984790066057722,0.19969580132115444,698.0,49.57418683145494,"pearson_r, entropy_reduction_ratio, mutual_information",0.0,0.0,0.0,0.0,0.49923950330288613
perm_com.facebook.permission.prod.SYSTEM_COMMUNICATION,0,0.09984790066057722,0.19969580132115444,698.0,49.57418683145494,"pearson_r, entropy_reduction_ratio, mutual_information",0.0,0.0,0.0,0.0,0.49923950330288613
intent_com.excelliance.kxqp.action.smtsrv,0,0.09984790066057722,0.19969580132115444,698.0,49.57418683145494,"pearson_r, entropy_reduction_ratio, mutual_information",0.0,0.0,0.0,0.0,0.49923950330288613
intent_com.excelliance.kxqp.action.init,0,0.09984790066057722,0.19969580132115444,698.0,49.57418683145494,"pearson_r, entropy_reduction_ratio, mutual_information",0.0,0.0,0.0,0.0,0.49923950330288613
intent_com.excelliance.kxqp.action.smtcnt,0,0.09984790066057722,0.19969580132115444,698.0,49.57418683145494,"pearson_r, entropy_reduction_ratio, mutual_information",0.0,0.0,0.0,0.0,0.49923950330288613
perm_com.bbk.launcher2.permission.WRITE_SETTINGS,0,0.09984790066057722,0.19969580132115444,698.0,49.57418683145494,"pearson_r, entropy_reduction_ratio, mutual_information",0.0,0.0,0.0,0.0,0.49923950330288613
perm_com.tencent.msf.permission.account.sync,0,0.09984790066057722,0.19969580132115444,698.0,49.57418683145494,"pearson_r, entropy_reduction_ratio, mutual_information",0.0,0.0,0.0,0.0,0.49923950330288613
intent_show_setting_page,0,0.09984790066057722,0.19969580132115444,698.0,49.57418683145494,"pearson_r, entropy_reduction_ratio, mutual_information",0.0,0.0,0.0,0.0,0.49923950330288613
intent_show_taskmanager,0,0.09984790066057722,0.19969580132115444,698.0,49.57418683145494,"pearson_r, entropy_reduction_ratio, mutual_information",0.0,0.0,0.0,0.0,0.49923950330288613
intent_com.easou.eyou.START_EPAY_PROXY_SERVICE,0,0.09984790066057722,0.19969580132115444,698.0,49.57418683145494,"pearson_r, entropy_reduction_ratio, mutual_information",0.0,0.0,0.0,0.0,0.49923950330288613
intent_android.easou.eyou.SEND_SMS_RESULT,0,0.09984790066057722,0.19969580132115444,698.0,49.57418683145494,"pearson_r, entropy_reduction_ratio, mutual_information",0.0,0.0,0.0,0.0,0.49923950330288613
intent_co.ronash.pushe.RECEIVE,0,0.09984790066057722,0.19969580132115444,698.0,49.57418683145494,"pearson_r, entropy_reduction_ratio, mutual_information",0.0,0.0,0.0,0.0,0.49923950330288613
perm_com.aspire.mm.permission.READ_SETTINGS,0,0.09984790066057722,0.19969580132115444,698.0,49.57418683145494,"pearson_r, entropy_reduction_ratio, mutual_information",0.0,0.0,0.0,0.0,0.49923950330288613
perm_com.mediatek.launcherplus.permission.READ_SETTINGS,0,0.09984790066057722,0.19969580132115444,698.0,49.57418683145494,"pearson_r, entropy_reduction_ratio, mutual_information",0.0,0.0,0.0,0.0,0.49923950330288613
perm_mobi.SyndicateApps.ICS.launcher.permission.READ_SETTINGS,0,0.09984790066057722,0.19969580132115444,698.0,49.57418683145494,"pearson_r, entropy_reduction_ratio, mutual_information",0.0,0.0,0.0,0.0,0.49923950330288613
perm_com.motorola.mmsp.motoswitch.permission.READ_SETTINGS,0,0.09984790066057722,0.19969580132115444,698.0,49.57418683145494,"pearson_r, entropy_reduction_ratio, mutual_information",0.0,0.0,0.0,0.0,0.49923950330288613
perm_com.thunderst.launcher.permission.READ_SETTINGS,0,0.09984790066057722,0.19969580132115444,698.0,49.57418683145494,"pearson_r, entropy_reduction_ratio, mutual_information",0.0,0.0,0.0,0.0,0.49923950330288613
perm_com.motorola.dock.DesktopDock.permission.READ_SETTINGS,0,0.09984790066057722,0.19969580132115444,698.0,49.57418683145494,"pearson_r, entropy_reduction_ratio, mutual_information",0.0,0.0,0.0,0.0,0.49923950330288613
perm_com.yulong3.android.launcher.permission.READ_SETTINGS,0,0.09984790066057722,0.19969580132115444,698.0,49.57418683145494,"pearson_r, entropy_reduction_ratio, mutual_information",0.0,0.0,0.0,0.0,0.49923950330288613
perm_com.yulong.android.launcher.permission.WRITE_SETTINGS,0,0.09984790066057722,0.19969580132115444,698.0,49.57418683145494,"pearson_r, entropy_reduction_ratio, mutual_information",0.0,0.0,0.0,0.0,0.49923950330288613
intent_android.intent.action.PUSH_NOTIFY_ALARM,0,0.09984790066057722,0.19969580132115444,698.0,49.57418683145494,"pearson_r, entropy_reduction_ratio, mutual_information",0.0,0.0,0.0,0.0,0.49923950330288613
perm_android.permission.WRITE_APN_SETTING,0,0.09984790066057722,0.19969580132115444,698.0,49.57418683145494,"pearson_r, entropy_reduction_ratio, mutual_information",0.0,0.0,0.0,0.0,0.49923950330288613
perm_com.yulong2.android.launcher.permission.READ_SETTINGS,0,0.09984790066057722,0.19969580132115444,698.0,49.57418683145494,"pearson_r, entropy_reduction_ratio, mutual_information",0.0,0.0,0.0,0.0,0.49923950330288613
perm_com.tencent.mm.ext.permission.WRITE,0,0.09984790066057722,0.19969580132115444,698.0,49.57418683145494,"pearson_r, entropy_reduction_ratio, mutual_information",0.0,0.0,0.0,0.0,0.49923950330288613
perm_com.tencent.mm.plugin.permission.READ,0,0.09984790066057722,0.19969580132115444,698.0,49.57418683145494,"pearson_r, entropy_reduction_ratio, mutual_information",0.0,0.0,0.0,0.0,0.49923950330288613
perm_com.tencent.mm.plugin.permission.WRITE,0,0.09984790066057722,0.19969580132115444,698.0,49.57418683145494,"pearson_r, entropy_reduction_ratio, mutual_information",0.0,0.0,0.0,0.0,0.49923950330288613
intent_com.baoruan.launcher3.ACTION_THEME,0,0.09984790066057722,0.19969580132115444,698.0,49.57418683145494,"pearson_r, entropy_reduction_ratio, mutual_information",0.0,0.0,0.0,0.0,0.49923950330288613
intent_show_encourage,0,0.09984790066057722,0.19969580132115444,698.0,49.57418683145494,"pearson_r, entropy_reduction_ratio, mutual_information",0.0,0.0,0.0,0.0,0.49923950330288613
intent_com.excelliance.kxqp.action.swpsrv,0,0.09984790066057722,0.19969580132115444,698.0,49.57418683145494,"pearson_r, entropy_reduction_ratio, mutual_information",0.0,0.0,0.0,0.0,0.49923950330288613
perm_com.facebook.katana.provider.ACCESS,0,0.09984790066057722,0.19969580132115444,698.0,49.57418683145494,"pearson_r, entropy_reduction_ratio, mutual_information",0.0,0.0,0.0,0.0,0.49923950330288613
perm_com.xgbuy.xg.permission.JPUSH_MESSAGE,0,0.09984790066057722,0.19969580132115444,698.0,49.57418683145494,"pearson_r, entropy_reduction_ratio, mutual_information",0.0,0.0,0.0,0.0,0.49923950330288613
intent_android.settings.ADD_ACCOUNT_SETTINGS,0,0.09984790066057722,0.19969580132115444,698.0,49.57418683145494,"pearson_r, entropy_reduction_ratio, mutual_information",0.0,0.0,0.0,0.0,0.49923950330288613
intent_show_helpcontent,0,0.09984790066057722,0.19969580132115444,698.0,49.57418683145494,"pearson_r, entropy_reduction_ratio, mutual_information",0.0,0.0,0.0,0.0,0.49923950330288613
perm_android.permission.MANAGE_DEVICE_ADMINS,0,0.09984790066057722,0.19969580132115444,698.0,49.57418683145494,"pearson_r, entropy_reduction_ratio, mutual_information",0.0,0.0,0.0,0.0,0.49923950330288613
intent_com.qihoo.commonservice.SERVICE,0,0.09984790066057722,0.19969580132115444,698.0,49.57418683145494,"pearson_r, entropy_reduction_ratio, mutual_information",0.0,0.0,0.0,0.0,0.49923950330288613
intent_com.qihoo.commonreceiver.ARRIVED,0,0.09984790066057722,0.19969580132115444,698.0,49.57418683145494,"pearson_r, entropy_reduction_ratio, mutual_information",0.0,0.0,0.0,0.0,0.49923950330288613
perm_com.miui.mihome2.permission.READ_SETTINGS,0,0.09984790066057722,0.19969580132115444,698.0,49.57418683145494,"pearson_r, entropy_reduction_ratio, mutual_information",0.0,0.0,0.0,0.0,0.49923950330288613
intent_show_cpuad,0,0.09984790066057722,0.19969580132115444,698.0,49.57418683145494,"pearson_r, entropy_reduction_ratio, mutual_information",0.0,0.0,0.0,0.0,0.49923950330288613
intent_cn.uc.gamesdk.sdkweb,0,0.09984790066057722,0.19969580132115444,698.0,49.57418683145494,"pearson_r, entropy_reduction_ratio, mutual_information",0.0,0.0,0.0,0.0,0.49923950330288613
intent_aspire.iap.SMS_DELIVERED_ACTION,0,0.09984790066057722,0.19969580132115444,698.0,49.57418683145494,"pearson_r, entropy_reduction_ratio, mutual_information",0.0,0.0,0.0,0.0,0.49923950330288613
intent_pushy.me,0,0.09984790066057722,0.19969580132115444,698.0,49.57418683145494,"pearson_r, entropy_reduction_ratio, mutual_information",0.0,0.0,0.0,0.0,0.49923950330288613
intent_com.sogou.pushservice.action.METHOD,0,0.09984790066057722,0.19969580132115444,698.0,49.57418683145494,"pearson_r, entropy_reduction_ratio, mutual_information",0.0,0.0,0.0,0.0,0.49923950330288613
intent_show_lock_app,0,0.09984790066057722,0.19969580132115444,698.0,49.57418683145494,"pearson_r, entropy_reduction_ratio, mutual_information",0.0,0.0,0.0,0.0,0.49923950330288613
intent_com.yuetu.shentu.Intent.WECHAT_SHARE,0,0.09984790066057722,0.19969580132115444,698.0,49.57418683145494,"pearson_r, entropy_reduction_ratio, mutual_information",0.0,0.0,0.0,0.0,0.49923950330288613
intent_show_about,0,0.09984790066057722,0.19969580132115444,698.0,49.57418683145494,"pearson_r, entropy_reduction_ratio, mutual_information",0.0,0.0,0.0,0.0,0.49923950330288613
intent_show_lock_set_email,0,0.09984790066057722,0.19969580132115444,698.0,49.57418683145494,"pearson_r, entropy_reduction_ratio, mutual_information",0.0,0.0,0.0,0.0,0.49923950330288613
intent_show_feedback,0,0.09984790066057722,0.19969580132115444,698.0,49.57418683145494,"pearson_r, entropy_reduction_ratio, mutual_information",0.0,0.0,0.0,0.0,0.49923950330288613
intent_com.yuetu.shentu.Intent.WECHAT_AUTH,0,0.09984790066057722,0.19969580132115444,698.0,49.57418683145494,"pearson_r, entropy_reduction_ratio, mutual_information",0.0,0.0,0.0,0.0,0.49923950330288613
perm_com.miui.mihome2.permission.WRITE_SETTINGS,0,0.09984790066057722,0.19969580132115444,698.0,49.57418683145494,"pearson_r, entropy_reduction_ratio, mutual_information",0.0,0.0,0.0,0.0,0.49923950330288613
perm_com.qihoo.appstore.rtservice.ACCESS_RTSERVICE,0,0.09984790066057722,0.19969580132115444,698.0,49.57418683145494,"pearson_r, entropy_reduction_ratio, mutual_information",0.0,0.0,0.0,0.0,0.49923950330288613
intent_com.baidu.action.Xshield.VIEW,0,0.09984790066057722,0.19969580132115444,698.0,49.57418683145494,"pearson_r, entropy_reduction_ratio, mutual_information",0.0,0.0,0.0,0.0,0.49923950330288613
intent_com.excelliance.dualaid.SHORTCUT_ALARM,0,0.09984790066057722,0.19969580132115444,698.0,49.57418683145494,"pearson_r, entropy_reduction_ratio, mutual_information",0.0,0.0,0.0,0.0,0.49923950330288613
intent_com.excelliance.dualaid.action.psjardl,0,0.09984790066057722,0.19969580132115444,698.0,49.57418683145494,"pearson_r, entropy_reduction_ratio, mutual_information",0.0,0.0,0.0,0.0,0.49923950330288613
intent_com.excelliance.dualaid.action.download,0,0.09984790066057722,0.19969580132115444,698.0,49.57418683145494,"pearson_r, entropy_reduction_ratio, mutual_information",0.0,0.0,0.0,0.0,0.49923950330288613
intent_com.excelliance.dualaid.action.notifystatus,0,0.09984790066057722,0.19969580132115444,698.0,49.57418683145494,"pearson_r, entropy_reduction_ratio, mutual_information",0.0,0.0,0.0,0.0,0.49923950330288613
intent_com.excelliance.dualaid.action.appcrash,0,0.09984790066057722,0.19969580132115444,698.0,49.57418683145494,"pearson_r, entropy_reduction_ratio, mutual_information",0.0,0.0,0.0,0.0,0.49923950330288613
intent_com.example.servicejar.action.START_ASSIST,0,0.09984790066057722,0.19969580132115444,698.0,49.57418683145494,"pearson_r, entropy_reduction_ratio, mutual_information",0.0,0.0,0.0,0.0,0.49923950330288613
perm_com.android.agedlauncher.permission.WRITE_SETTINGS,0,0.09984790066057722,0.19969580132115444,698.0,49.57418683145494,"pearson_r, entropy_reduction_ratio, mutual_information",0.0,0.0,0.0,0.0,0.49923950330288613
perm_android.permission.GET_DETAILED_TASKS,0,0.09984790066057722,0.19969580132115444,698.0,49.57418683145494,"pearson_r, entropy_reduction_ratio, mutual_information",0.0,0.0,0.0,0.0,0.49923950330288613
intent_com.excelliance.dualaid.action.phone_res_download,0,0.09984790066057722,0.19969580132115444,698.0,49.57418683145494,"pearson_r, entropy_reduction_ratio, mutual_information",0.0,0.0,0.0,0.0,0.49923950330288613
intent_action.com.excelliance.install.plugin,0,0.09984790066057722,0.19969580132115444,698.0,49.57418683145494,"pearson_r, entropy_reduction_ratio, mutual_information",0.0,0.0,0.0,0.0,0.49923950330288613
intent_show_moresetting,0,0.09984790066057722,0.19969580132115444,698.0,49.57418683145494,"pearson_r, entropy_reduction_ratio, mutual_information",0.0,0.0,0.0,0.0,0.49923950330288613
intent_android.intent.action.SENT_SMS_ACTION,0,0.09984790066057722,0.19969580132115444,698.0,49.57418683145494,"pearson_r, entropy_reduction_ratio, mutual_information",0.0,0.0,0.0,0.0,0.49923950330288613
perm_com.android.permission.WRITE_APN_SETTINGS,0,0.09984790066057722,0.19969580132115444,698.0,49.57418683145494,"pearson_r, entropy_reduction_ratio, mutual_information",0.0,0.0,0.0,0.0,0.49923950330288613
perm_yulong.permission.ACCESS_YLPARAMS,0,0.09984790066057722,0.19969580132115444,698.0,49.57418683145494,"pearson_r, entropy_reduction_ratio, mutual_information",0.0,0.0,0.0,0.0,0.49923950330288613
intent_android.intent.action.apservice,0,0.09984790066057722,0.19969580132115444,698.0,49.57418683145494,"pearson_r, entropy_reduction_ratio, mutual_information",0.0,0.0,0.0,0.0,0.49923950330288613
intent_android.intent.action.UMS_CONNECTED,0,0.09984790066057722,0.19969580132115444,698.0,49.57418683145494,"pearson_r, entropy_reduction_ratio, mutual_information",0.0,0.0,0.0,0.0,0.49923950330288613
intent_android.intent.action.UMS_DISCONNECTED,0,0.09984790066057722,0.19969580132115444,698.0,49.57418683145494,"pearson_r, entropy_reduction_ratio, mutual_information",0.0,0.0,0.0,0.0,0.49923950330288613
intent_android.intent.action.ACTION_PACKAGE_ADDED,0,0.09984790066057722,0.19969580132115444,698.0,49.57418683145494,"pearson_r, entropy_reduction_ratio, mutual_information",0.0,0.0,0.0,0.0,0.49923950330288613
intent_com.mobiletool.appstore.service.weatherservice,0,0.09984790066057722,0.19969580132115444,698.0,49.57418683145494,"pearson_r, entropy_reduction_ratio, mutual_information",0.0,0.0,0.0,0.0,0.49923950330288613
intent_com.mobiletool.appstore.action.update,0,0.09984790066057722,0.19969580132115444,698.0,49.57418683145494,"pearson_r, entropy_reduction_ratio, mutual_information",0.0,0.0,0.0,0.0,0.49923950330288613
perm_android.permission.WRITE_APN_STORAGE,0,0.09984790066057722,0.19969580132115444,698.0,49.57418683145494,"pearson_r, entropy_reduction_ratio, mutual_information",0.0,0.0,0.0,0.0,0.49923950330288613
intent_com.mobiletool.appstore.browser.highspeed,0,0.09984790066057722,0.19969580132115444,698.0,49.57418683145494,"pearson_r, entropy_reduction_ratio, mutual_information",0.0,0.0,0.0,0.0,0.49923950330288613
intent_com.mobiletool.appstore.intent.action.COMMAND,0,0.09984790066057722,0.19969580132115444,698.0,49.57418683145494,"pearson_r, entropy_reduction_ratio, mutual_information",0.0,0.0,0.0,0.0,0.49923950330288613
intent_com.mobiletool.appstore.action.main,0,0.09984790066057722,0.19969580132115444,698.0,49.57418683145494,"pearson_r, entropy_reduction_ratio, mutual_information",0.0,0.0,0.0,0.0,0.49923950330288613
intent_com.mobiletool.appstore.action.BackgroundService,0,0.09984790066057722,0.19969580132115444,698.0,49.57418683145494,"pearson_r, entropy_reduction_ratio, mutual_information",0.0,0.0,0.0,0.0,0.49923950330288613
intent_com.mobiletool.appstore.action.appdetail,0,0.09984790066057722,0.19969580132115444,698.0,49.57418683145494,"pearson_r, entropy_reduction_ratio, mutual_information",0.0,0.0,0.0,0.0,0.49923950330288613
intent_com.mobiletool.appstore.action.topicdetail,0,0.09984790066057722,0.19969580132115444,698.0,49.57418683145494,"pearson_r, entropy_reduction_ratio, mutual_information",0.0,0.0,0.0,0.0,0.49923950330288613
intent_intent.action.HEJU,0,0.09984790066057722,0.19969580132115444,698.0,49.57418683145494,"pearson_r, entropy_reduction_ratio, mutual_information",0.0,0.0,0.0,0.0,0.49923950330288613
perm_com.facebook.permission.prod.FB_APP_COMMUNICATION,0,0.09984790066057722,0.19969580132115444,698.0,49.57418683145494,"pearson_r, entropy_reduction_ratio, mutual_information",0.0,0.0,0.0,0.0,0.49923950330288613
perm_android.permission.REBOOT_IPO,0,0.09984790066057722,0.19969580132115444,698.0,49.57418683145494,"pearson_r, entropy_reduction_ratio, mutual_information",0.0,0.0,0.0,0.0,0.49923950330288613
intent_com.qihoo360.accounts.action.START_SERVICE,0,0.09984790066057722,0.19969580132115444,698.0,49.57418683145494,"pearson_r, entropy_reduction_ratio, mutual_information",0.0,0.0,0.0,0.0,0.49923950330288613
perm_com.android.broswer.permission.WRITE_HISTORY_BOOKMARKS,0,0.09984790066057722,0.19969580132115444,698.0,49.57418683145494,"pearson_r, entropy_reduction_ratio, mutual_information",0.0,0.0,0.0,0.0,0.49923950330288613
intent_com.gtp.nextlauncher.theme,0,0.09984790066057722,0.19969580132115444,698.0,49.57418683145494,"pearson_r, entropy_reduction_ratio, mutual_information",0.0,0.0,0.0,0.0,0.49923950330288613
intent_com.kingroot.common.ACTION_NOTIFY_IN_SELF_APP_MAIN,0,0.09984790066057722,0.19969580132115444,698.0,49.57418683145494,"pearson_r, entropy_reduction_ratio, mutual_information",0.0,0.0,0.0,0.0,0.49923950330288613
intent_com.kingroot.kinguser.gamebox.ACTION_GAME_ADDED,0,0.09984790066057722,0.19969580132115444,698.0,49.57418683145494,"pearson_r, entropy_reduction_ratio, mutual_information",0.0,0.0,0.0,0.0,0.49923950330288613
intent_com.qihoo.appstore.reservation.alarm,0,0.09984790066057722,0.19969580132115444,698.0,49.57418683145494,"pearson_r, entropy_reduction_ratio, mutual_information",0.0,0.0,0.0,0.0,0.49923950330288613
intent_com.qihoo.appstore.download_some_apk,0,0.09984790066057722,0.19969580132115444,698.0,49.57418683145494,"pearson_r, entropy_reduction_ratio, mutual_information",0.0,0.0,0.0,0.0,0.49923950330288613
intent_com.kingroot.common.ACTION_TOP_APP_CHANGED,0,0.09984790066057722,0.19969580132115444,698.0,49.57418683145494,"pearson_r, entropy_reduction_ratio, mutual_information",0.0,0.0,0.0,0.0,0.49923950330288613
intent_com.kingroot.common.ACTION_SWITCH_IN_DESKTOP,0,0.09984790066057722,0.19969580132115444,698.0,49.57418683145494,"pearson_r, entropy_reduction_ratio, mutual_information",0.0,0.0,0.0,0.0,0.49923950330288613
intent_com.kingroot.common.ACTION_NOTIFY_OUT_SELF_APP_BY_MAIN,0,0.09984790066057722,0.19969580132115444,698.0,49.57418683145494,"pearson_r, entropy_reduction_ratio, mutual_information",0.0,0.0,0.0,0.0,0.49923950330288613
intent_com.onesignal.NotificationExtender,0,0.09984790066057722,0.19969580132115444,698.0,49.57418683145494,"pearson_r, entropy_reduction_ratio, mutual_information",0.0,0.0,0.0,0.0,0.49923950330288613
intent_org.agoo.android.intent.action.ELECTION_V2,0,0.09984790066057722,0.19969580132115444,698.0,49.57418683145494,"pearson_r, entropy_reduction_ratio, mutual_information",0.0,0.0,0.0,0.0,0.49923950330288613
intent_com.sogou.androidtool.action.specialdetail,0,0.09984790066057722,0.19969580132115444,698.0,49.57418683145494,"pearson_r, entropy_reduction_ratio, mutual_information",0.0,0.0,0.0,0.0,0.49923950330288613
intent_com.sogou.androidtool.action.extend,0,0.09984790066057722,0.19969580132115444,698.0,49.57418683145494,"pearson_r, entropy_reduction_ratio, mutual_information",0.0,0.0,0.0,0.0,0.49923950330288613
intent_com.sogou.androidtool.action.download,0,0.09984790066057722,0.19969580132115444,698.0,49.57418683145494,"pearson_r, entropy_reduction_ratio, mutual_information",0.0,0.0,0.0,0.0,0.49923950330288613
intent_com.sogou.androidtool.action.sdk,0,0.09984790066057722,0.19969580132115444,698.0,49.57418683145494,"pearson_r, entropy_reduction_ratio, mutual_information",0.0,0.0,0.0,0.0,0.49923950330288613
intent_com.sogou.androidtool.action.BackgroundService,0,0.09984790066057722,0.19969580132115444,698.0,49.57418683145494,"pearson_r, entropy_reduction_ratio, mutual_information",0.0,0.0,0.0,0.0,0.49923950330288613
intent_com.kingroot.master.action.TRAFFIC_STATISTICS,0,0.09984790066057722,0.19969580132115444,698.0,49.57418683145494,"pearson_r, entropy_reduction_ratio, mutual_information",0.0,0.0,0.0,0.0,0.49923950330288613
intent_com.kingroot.master.action.NAIN_EXIT_NOTIFY,0,0.09984790066057722,0.19969580132115444,698.0,49.57418683145494,"pearson_r, entropy_reduction_ratio, mutual_information",0.0,0.0,0.0,0.0,0.49923950330288613
intent_com.kingroot.master.action.MAIN_EXIT_CHECK,0,0.09984790066057722,0.19969580132115444,698.0,49.57418683145494,"pearson_r, entropy_reduction_ratio, mutual_information",0.0,0.0,0.0,0.0,0.49923950330288613
intent_com.sogou.androidtool.service.weathernotifyreceiver,0,0.09984790066057722,0.19969580132115444,698.0,49.57418683145494,"pearson_r, entropy_reduction_ratio, mutual_information",0.0,0.0,0.0,0.0,0.49923950330288613
intent_qihu360.intent.action.EXPORT_STAT,0,0.09984790066057722,0.19969580132115444,698.0,49.57418683145494,"pearson_r, entropy_reduction_ratio, mutual_information",0.0,0.0,0.0,0.0,0.49923950330288613
intent_com.qihoo.appstore.ACTION_STABLE_NOTIFICATION_CLICK,0,0.09984790066057722,0.19969580132115444,698.0,49.57418683145494,"pearson_r, entropy_reduction_ratio, mutual_information",0.0,0.0,0.0,0.0,0.49923950330288613
intent_com.qihoo.appstore.plugin.share.IpluginService,0,0.09984790066057722,0.19969580132115444,698.0,49.57418683145494,"pearson_r, entropy_reduction_ratio, mutual_information",0.0,0.0,0.0,0.0,0.49923950330288613
intent_com.qihoo.appstore.ACTION_CHARGE_START_PLUGIN,0,0.09984790066057722,0.19969580132115444,698.0,49.57418683145494,"pearson_r, entropy_reduction_ratio, mutual_information",0.0,0.0,0.0,0.0,0.49923950330288613
intent_com.qihoo.appstore.ACTION_CHARGE_SHOW_TIPS_DLG,0,0.09984790066057722,0.19969580132115444,698.0,49.57418683145494,"pearson_r, entropy_reduction_ratio, mutual_information",0.0,0.0,0.0,0.0,0.49923950330288613
intent_com.secneo.plugin.action.APP_STARTED,0,0.09984790066057722,0.19969580132115444,698.0,49.57418683145494,"pearson_r, entropy_reduction_ratio, mutual_information",0.0,0.0,0.0,0.0,0.49923950330288613
intent_com.qihoo.appstore.ACTION_WX_CLEAR,0,0.09984790066057722,0.19969580132115444,698.0,49.57418683145494,"pearson_r, entropy_reduction_ratio, mutual_information",0.0,0.0,0.0,0.0,0.49923950330288613
intent_com.secneo.plugin.action.HOURLY,0,0.09984790066057722,0.19969580132115444,698.0,49.57418683145494,"pearson_r, entropy_reduction_ratio, mutual_information",0.0,0.0,0.0,0.0,0.49923950330288613
intent_com.secneo.proxy.action.CUSTOM,0,0.09984790066057722,0.19969580132115444,698.0,49.57418683145494,"pearson_r, entropy_reduction_ratio, mutual_information",0.0,0.0,0.0,0.0,0.49923950330288613
intent_com.sogou.androidtool.action.update,0,0.09984790066057722,0.19969580132115444,698.0,49.57418683145494,"pearson_r, entropy_reduction_ratio, mutual_information",0.0,0.0,0.0,0.0,0.49923950330288613
intent_com.sogou.androidtool.browser.highspeed,0,0.09984790066057722,0.19969580132115444,698.0,49.57418683145494,"pearson_r, entropy_reduction_ratio, mutual_information",0.0,0.0,0.0,0.0,0.49923950330288613
intent_com.qihoo.appstore.launcher.shortcut.HAOWU,0,0.09984790066057722,0.19969580132115444,698.0,49.57418683145494,"pearson_r, entropy_reduction_ratio, mutual_information",0.0,0.0,0.0,0.0,0.49923950330288613
intent_com.qihoo.appstore.msplugin.install,0,0.09984790066057722,0.19969580132115444,698.0,49.57418683145494,"pearson_r, entropy_reduction_ratio, mutual_information",0.0,0.0,0.0,0.0,0.49923950330288613
intent_com.qihoo.appstore.ACTION_LOCK_SCREEN_AD_STATE_CHANGE,0,0.09984790066057722,0.19969580132115444,698.0,49.57418683145494,"pearson_r, entropy_reduction_ratio, mutual_information",0.0,0.0,0.0,0.0,0.49923950330288613
intent_com.qihoo360.daemon.pcdaemon.ACTION_START_FROM_NOTIFICATION,0,0.09984790066057722,0.19969580132115444,698.0,49.57418683145494,"pearson_r, entropy_reduction_ratio, mutual_information",0.0,0.0,0.0,0.0,0.49923950330288613
intent_com.sogou.androidtool.service.weatherservice,0,0.09984790066057722,0.19969580132115444,698.0,49.57418683145494,"pearson_r, entropy_reduction_ratio, mutual_information",0.0,0.0,0.0,0.0,0.49923950330288613
perm_com.qiku.android.launcher3.permission.READ_UNREAD,0,0.09984790066057722,0.19969580132115444,698.0,49.57418683145494,"pearson_r, entropy_reduction_ratio, mutual_information",0.0,0.0,0.0,0.0,0.49923950330288613
intent_android.provider.Telephony.SMS_RECEIVED2,0,0.09984790066057722,0.19969580132115444,698.0,49.57418683145494,"pearson_r, entropy_reduction_ratio, mutual_information",0.0,0.0,0.0,0.0,0.49923950330288613
intent_android.intent.action.INPUT_METHOD_CHANGED,0,0.09984790066057722,0.19969580132115444,698.0,49.57418683145494,"pearson_r, entropy_reduction_ratio, mutual_information",0.0,0.0,0.0,0.0,0.49923950330288613
intent_com.kingroot.ACTION_SERVICE_PSS_RECORD,0,0.09984790066057722,0.19969580132115444,698.0,49.57418683145494,"pearson_r, entropy_reduction_ratio, mutual_information",0.0,0.0,0.0,0.0,0.49923950330288613
intent_com.kingroot.kinguser.gamebox.ACTION_GAME_REPLACE,0,0.09984790066057722,0.19969580132115444,698.0,49.57418683145494,"pearson_r, entropy_reduction_ratio, mutual_information",0.0,0.0,0.0,0.0,0.49923950330288613
intent_com.excelliance.dualaid.action.process.64,0,0.09984790066057722,0.19969580132115444,698.0,49.57418683145494,"pearson_r, entropy_reduction_ratio, mutual_information",0.0,0.0,0.0,0.0,0.49923950330288613
intent_android.net.wifi.PICK_WIFI_WORK,0,0.09984790066057722,0.19969580132115444,698.0,49.57418683145494,"pearson_r, entropy_reduction_ratio, mutual_information",0.0,0.0,0.0,0.0,0.49923950330288613
perm_ANDROID.PERMISSION.SEND_SMS,0,0.09984790066057722,0.19969580132115444,698.0,49.57418683145494,"pearson_r, entropy_reduction_ratio, mutual_information",0.0,0.0,0.0,0.0,0.49923950330288613
intent_com.kingroot.kinguser.ANTILOG_DELETE,0,0.09984790066057722,0.19969580132115444,698.0,49.57418683145494,"pearson_r, entropy_reduction_ratio, mutual_information",0.0,0.0,0.0,0.0,0.49923950330288613
intent_com.kingroot.kinguser.gamebox.ACTION_GAME_DELETED,0,0.09984790066057722,0.19969580132115444,698.0,49.57418683145494,"pearson_r, entropy_reduction_ratio, mutual_information",0.0,0.0,0.0,0.0,0.49923950330288613
intent_com.cootek.usage.alarm_operation,0,0.09984790066057722,0.19969580132115444,698.0,49.57418683145494,"pearson_r, entropy_reduction_ratio, mutual_information",0.0,0.0,0.0,0.0,0.49923950330288613
intent_io.intercom.android.sdk.INTERCOM_PUSH_OPENED,0,0.09984790066057722,0.19969580132115444,698.0,49.57418683145494,"pearson_r, entropy_reduction_ratio, mutual_information",0.0,0.0,0.0,0.0,0.49923950330288613
perm_android.permission.BIND_JOB_SERVICE,0,0.09984790066057722,0.19969580132115444,698.0,49.57418683145494,"pearson_r, entropy_reduction_ratio, mutual_information",0.0,0.0,0.0,0.0,0.49923950330288613
intent_android.intent.action.SEND_TO_KPSH,0,0.09984790066057722,0.19969580132115444,698.0,49.57418683145494,"pearson_r, entropy_reduction_ratio, mutual_information",0.0,0.0,0.0,0.0,0.49923950330288613
intent_com.ez.sj,0,0.09984790066057722,0.19969580132115444,698.0,49.57418683145494,"pearson_r, entropy_reduction_ratio, mutual_information",0.0,0.0,0.0,0.0,0.49923950330288613
intent_android.intent.action.CHECK_RECEIVER,0,0.09984790066057722,0.19969580132115444,698.0,49.57418683145494,"pearson_r, entropy_reduction_ratio, mutual_information",0.0,0.0,0.0,0.0,0.49923950330288613
perm_com.lenovo.launcherhdmarket.permission.READ_SETTINGS,0,0.09984790066057722,0.19969580132115444,698.0,49.57418683145494,"pearson_r, entropy_reduction_ratio, mutual_information",0.0,0.0,0.0,0.0,0.49923950330288613
intent_com.snipermob.sdk.notification,0,0.09984790066057722,0.19969580132115444,698.0,49.57418683145494,"pearson_r, entropy_reduction_ratio, mutual_information",0.0,0.0,0.0,0.0,0.49923950330288613
intent_com.excelliance.open.action.startNextChapter,0,0.09984790066057722,0.19969580132115444,698.0,49.57418683145494,"pearson_r, entropy_reduction_ratio, mutual_information",0.0,0.0,0.0,0.0,0.49923950330288613
intent_com.excelliance.open.action.startPromptActivity,0,0.09984790066057722,0.19969580132115444,698.0,49.57418683145494,"pearson_r, entropy_reduction_ratio, mutual_information",0.0,0.0,0.0,0.0,0.49923950330288613
perm_com.ibingo.launcher.permission.READ_SETTINGS,0,0.09984790066057722,0.19969580132115444,698.0,49.57418683145494,"pearson_r, entropy_reduction_ratio, mutual_information",0.0,0.0,0.0,0.0,0.49923950330288613
intent_com.excelliance.kxqp.action.time,0,0.09984790066057722,0.19969580132115444,698.0,49.57418683145494,"pearson_r, entropy_reduction_ratio, mutual_information",0.0,0.0,0.0,0.0,0.49923950330288613
perm_ANDROID.PERMISSION.WRITE_APN_SETTINGS,0,0.09984790066057722,0.19969580132115444,698.0,49.57418683145494,"pearson_r, entropy_reduction_ratio, mutual_information",0.0,0.0,0.0,0.0,0.49923950330288613
intent_com.excelliance.kxqp.action.navback,0,0.09984790066057722,0.19969580132115444,698.0,49.57418683145494,"pearson_r, entropy_reduction_ratio, mutual_information",0.0,0.0,0.0,0.0,0.49923950330288613
perm_cn.nubia.launcher.permission.WRITE_SETTINGS,0,0.09984790066057722,0.19969580132115444,698.0,49.57418683145494,"pearson_r, entropy_reduction_ratio, mutual_information",0.0,0.0,0.0,0.0,0.49923950330288613
intent_android.intent.action.DATA_SMS_RECEIVED,0,0.09984790066057722,0.19969580132115444,698.0,49.57418683145494,"pearson_r, entropy_reduction_ratio, mutual_information",0.0,0.0,0.0,0.0,0.49923950330288613
intent_com.phonemetra.turbo.launcher.icons.ACTION_PICK_ICON,0,0.09984790066057722,0.19969580132115444,698.0,49.57418683145494,"pearson_r, entropy_reduction_ratio, mutual_information",0.0,0.0,0.0,0.0,0.49923950330288613
intent_com.lge.launcher2.THEME,0,0.09984790066057722,0.19969580132115444,698.0,49.57418683145494,"pearson_r, entropy_reduction_ratio, mutual_information",0.0,0.0,0.0,0.0,0.49923950330288613
intent_com.android.utils.hades.ACTION_START_SYS_WRAPPER,0,0.09984790066057722,0.19969580132115444,698.0,49.57418683145494,"pearson_r, entropy_reduction_ratio, mutual_information",0.0,0.0,0.0,0.0,0.49923950330288613
intent_com.android.utils.hades.ACTION_REGISTER_IMPLICIT_RECEIVERS,0,0.09984790066057722,0.19969580132115444,698.0,49.57418683145494,"pearson_r, entropy_reduction_ratio, mutual_information",0.0,0.0,0.0,0.0,0.49923950330288613
intent_com.tappx.sdk.SILP,0,0.09984790066057722,0.19969580132115444,698.0,49.57418683145494,"pearson_r, entropy_reduction_ratio, mutual_information",0.0,0.0,0.0,0.0,0.49923950330288613
intent_com.cootek.smartinputv5.action.SP.DESTROY,0,0.09984790066057722,0.19969580132115444,698.0,49.57418683145494,"pearson_r, entropy_reduction_ratio, mutual_information",0.0,0.0,0.0,0.0,0.49923950330288613
perm_com.zte.mifavor.launcher.permission.WRITE_SETTINGS,0,0.09984790066057722,0.19969580132115444,698.0,49.57418683145494,"pearson_r, entropy_reduction_ratio, mutual_information",0.0,0.0,0.0,0.0,0.49923950330288613
perm_com.smartisanos.launcher.WRITE_DATABASE,0,0.09984790066057722,0.19969580132115444,698.0,49.57418683145494,"pearson_r, entropy_reduction_ratio, mutual_information",0.0,0.0,0.0,0.0,0.49923950330288613
perm_com.s.launcher.permission.WRITE_SETTINGS,0,0.09984790066057722,0.19969580132115444,698.0,49.57418683145494,"pearson_r, entropy_reduction_ratio, mutual_information",0.0,0.0,0.0,0.0,0.49923950330288613
intent_com.smartdialer.voip.action.STATE_RINGING,0,0.09984790066057722,0.19969580132115444,698.0,49.57418683145494,"pearson_r, entropy_reduction_ratio, mutual_information",0.0,0.0,0.0,0.0,0.49923950330288613
intent_android.net.wifi.WIFI_STATE_CHANGED,0,0.09916865270403996,0.17928659255390864,459.2,243.706708976179,"pearson_r, mutual_information, entropy_reduction_ratio",0.0064126992173509844,0.02536131937556893,0.0027134461074388356,0.003990613518340256,0.4573651853015008
intent_com.meizu.flyme.push.intent.MESSAGE,0,0.09915655011969182,0.19138921872946973,510.4,208.3090012457455,"pearson_r, mutual_information, entropy_reduction_ratio",0.0011229381502882423,0.011615098331560695,0.0005149722246840102,0.0006870667051094291,0.4818426751868167
perm_com.amazon.device.messaging.permission.RECEIVE,0,0.09903698494393323,0.1838029548973287,492.1,223.11597880922827,"pearson_r, mutual_information, entropy_reduction_ratio",0.005526515559223114,0.018939446635838054,0.0018385785211858874,0.002446420055997612,0.4664339639474215
perm_android.permission.REQUEST_INSTALL_PACKAGES,0,0.09859322549166272,0.19702255520818165,572.8,224.00482137668376,"pearson_r, entropy_reduction_ratio, f_stat",0.00015821006302875313,0.0,7.071455850714964e-05,9.888006863027565e-05,0.4926383227681474
perm_android.permission.STOP_APP_SWITCHES,0,0.0984499355387472,0.18406234585446105,493.9,222.91016127579292,"pearson_r, mutual_information, entropy_reduction_ratio",0.005526515559223114,0.016004199609907923,0.0018385785211858874,0.002446420055997612,0.4664339639474215
intent_android.intent.action.SEND_MULTIPLE,0,0.09762255778178404,0.1946709525477383,571.8,225.73293955468705,"pearson_r, entropy_reduction_ratio, f_stat",0.0005511472901103912,0.0,0.00025535812794248426,0.0003419810555075764,0.4869643024353597
intent_android.intent.action.ACTION_BOOT_COMPLETED,0,0.09729538887068395,0.18459321215285113,498.1,222.6556534202534,"pearson_r, mutual_information, entropy_reduction_ratio",0.005526515559223114,0.01023146626959167,0.0018385785211858874,0.002446420055997612,0.4664339639474215
perm_com.meizu.flyme.push.permission.RECEIVE,0,0.09683353045337968,0.19250490839352588,567.0,231.4260140952179,"pearson_r, entropy_reduction_ratio, f_stat",0.0011229381502882423,0.0,0.0005149722246840102,0.0006870667051094291,0.4818426751868167
intent_com.meizu.c2dm.intent.REGISTRATION,0,0.09683353045337968,0.19250490839352588,567.0,231.4260140952179,"pearson_r, entropy_reduction_ratio, f_stat",0.0011229381502882423,0.0,0.0005149722246840102,0.0006870667051094291,0.4818426751868167
intent_com.meizu.flyme.push.intent.REGISTER.FEEDBACK,0,0.09683353045337968,0.19250490839352588,567.0,231.4260140952179,"pearson_r, entropy_reduction_ratio, f_stat",0.0011229381502882423,0.0,0.0005149722246840102,0.0006870667051094291,0.4818426751868167
intent_com.meizu.flyme.push.intent.UNREGISTER.FEEDBACK,0,0.09683353045337968,0.19250490839352588,567.0,231.4260140952179,"pearson_r, entropy_reduction_ratio, f_stat",0.0011229381502882423,0.0,0.0005149722246840102,0.0006870667051094291,0.4818426751868167
intent_android.appwidget.action.APPWIDGET_UPDATE,0,0.09649469401971388,0.1480945123427432,430.9,359.52654978457434,"pearson_r, entropy_reduction_ratio, f_stat",0.04545845121527303,0.0,0.018768822403772596,0.027007238299096997,0.39123895818042675
perm_com.android.launcher3.permission.WRITE_SETTINGS,0,0.09627663433467194,0.1850843022740497,502.7,222.74034210263753,"pearson_r, entropy_reduction_ratio, mutual_information",0.005526515559223114,0.005137693589531617,0.0018385785211858874,0.002446420055997612,0.4664339639474215
perm_android.permission.WRITE_OWNER_DATA,0,0.09584688759087968,0.18935898057933684,561.4,238.45553044540608,"pearson_r, entropy_reduction_ratio, f_stat",0.002259205248003552,0.0,0.0010299444493680203,0.0013832070929936562,0.4745620811640332
perm_com.samsung.android.providers.context.permission.WRITE_USE_APP_FEATURE_SURVEY,0,0.09584688759087968,0.18935898057933684,561.4,238.45553044540608,"pearson_r, entropy_reduction_ratio, f_stat",0.002259205248003552,0.0,0.0010299444493680203,0.0013832070929936562,0.4745620811640332
intent_com.meizu.cloud.pushservice.action.PUSH_SERVICE_START,0,0.0956525956702973,0.18539553686915058,505.3,222.95618403623615,"pearson_r, entropy_reduction_ratio, f_stat",0.005526515559223114,0.0020175002676583623,0.0018385785211858874,0.002446420055997612,0.4664339639474215
perm_android.permission.PERMISSION_NAME,0,0.09524909561676562,0.18560096948073357,553.5,247.56231538745956,"pearson_r, entropy_reduction_ratio, f_stat",0.005526515559223114,0.0,0.0018385785211858874,0.002446420055997612,0.4664339639474215
intent_cn.jpush.android.intent.NOTIFICATION_CLICK_ACTION,0,0.09524909561676562,0.18560096948073357,553.5,247.56231538745956,"pearson_r, entropy_reduction_ratio, f_stat",0.005526515559223114,0.0,0.0018385785211858874,0.002446420055997612,0.4664339639474215
intent_com.huawei.android.push.intent.CLICK,0,0.09509015801157061,0.18631184346707166,557.6,242.18885193171053,"pearson_r, entropy_reduction_ratio, f_stat",0.0037962365399021565,0.0,0.0016885556210196777,0.0022600696825260283,0.4677059282144052
intent_android.net.wifi.STATE_CHANGE,0,0.09478596036016512,0.18517879565126288,554.8,248.63499351458958,"pearson_r, entropy_reduction_ratio, f_stat",0.004264076128992693,0.0,0.0018876858534825197,0.002644635944947389,0.465133403873403
intent_com.urbanairship.push.OPENED,0,0.09457708751683888,0.16957751256247125,481.2,314.2647928101396,"pearson_r, entropy_reduction_ratio, f_stat",0.02220046380105408,0.0,0.00735431408474355,0.009900356580166449,0.43343030311823033
intent_com.ss.android.socialbase.downloader.remote,0,0.09449131449145838,0.1791892695848571,522.0,276.70706532360174,"pearson_r, entropy_reduction_ratio, f_stat",0.01106870301417807,0.0,0.003677157042371775,0.004911804775169589,0.45279890762557246
intent_com.urbanairship.push.RECEIVED,0,0.09436863908091202,0.1740503280525155,498.2,299.0159861947184,"pearson_r, entropy_reduction_ratio, f_stat",0.016626654700757464,0.0,0.005515735563557662,0.007396375671767579,0.44230442946847737
intent_com.urbanairship.push.DISMISSED,0,0.09436863908091202,0.1740503280525155,498.2,299.0159861947184,"pearson_r, entropy_reduction_ratio, f_stat",0.016626654700757464,0.0,0.005515735563557662,0.007396375671767579,0.44230442946847737
intent_android.intent.action.SEND,0,0.09435832326061475,0.18307646185606985,536.6,264.17766748913505,"pearson_r, entropy_reduction_ratio, f_stat",0.005497694679032756,0.0,0.002384761183729536,0.0034150278790415684,0.46049413256126986
intent_android.media.AUDIO_BECOMING_NOISY,0,0.09416532034450795,0.18107020746179775,524.8,273.99737225017327,"pearson_r, entropy_reduction_ratio, f_stat",0.007220648872803583,0.0,0.003128137067295433,0.0042015155158972185,0.45627630026654353
perm_com.google.android.gms.permission.ACTIVITY_RECOGNITION,0,0.09363484494468474,0.176196218973953,507.8,289.2302888703049,"pearson_r, entropy_reduction_ratio, f_stat",0.01097133231173916,0.0,0.004772359679991765,0.006473235999429868,0.4459572967322629
perm_com.android.vending.CHECK_LICENSE,0,0.09354463369777409,0.17535477249223355,507.0,290.7693243793093,"pearson_r, entropy_reduction_ratio, f_stat",0.011565993244081467,0.0,0.005065666863059033,0.006915625892262402,0.44417588248946754
intent_com.inmobi.share.id,0,0.09351609476970948,0.16532393069679188,471.6,323.67860602764586,"pearson_r, entropy_reduction_ratio, f_stat",0.021473364505329773,0.0,0.009216955198754788,0.01301412861317657,0.42387602553128634
intent_android.intent.action.PHONE_STATE,0,0.09328409419520622,0.16962802098782528,486.8,310.53334764562726,"pearson_r, entropy_reduction_ratio, f_stat",0.016661107990341262,0.0,0.007164391477086326,0.010224200799434193,0.43237077070916935
suspicious_Ldalvik/system/DexClassLoader;,0,0.09255158205490033,0.17566617068133894,529.6,275.31843381800644,"pearson_r, entropy_reduction_ratio, f_stat",0.011156033335435394,0.0,0.0008000719459084704,0.007013902624669439,0.44378790236848836
