top_k,n_clusters,silhouette,adjusted_rand_index
200,2,0.9248338181347664,0.035298941973761884
