feature,method_count,aggregated_score,score_std,rank_mean,rank_std,top_methods,entropy_reduction_ratio,mutual_information,chi2_stat,f_stat,pearson_r
suspicious_getSubscriberId,5,1.0,0.0,1.0,0.0,"entropy_reduction_ratio, mutual_information, chi2_stat",1.0,1.0,1.0,1.0,1.0
perm_android.permission.READ_PHONE_STATE,5,0.8368101869216644,0.10698018589747879,3.6,2.244994432064365,"pearson_r, f_stat, entropy_reduction_ratio",0.8449847261465414,0.6667670710771924,0.7847571680517049,0.9073596179399291,0.9801823513929548
perm_android.permission.MOUNT_UNMOUNT_FILESYSTEMS,5,0.6303563331261433,0.1532390744424557,6.8,2.993325909419153,"pearson_r, mutual_information, chi2_stat",0.5269058909262034,0.773542706426197,0.5590787498371167,0.44534268970317203,0.8469116287380274
perm_android.permission.GET_TASKS,5,0.6158588404942681,0.15230460622834147,8.6,7.1442284397967,"pearson_r, chi2_stat, entropy_reduction_ratio",0.581168310805166,0.42116636116487105,0.6346307462525883,0.556325124684408,0.8860036595643072
perm_android.permission.SYSTEM_ALERT_WINDOW,5,0.5290538610614297,0.15315240204017075,11.0,4.381780460041329,"pearson_r, chi2_stat, mutual_information",0.44403403342759534,0.47978012645319723,0.49835135333791447,0.39583504029613065,0.8272687517923113
perm_android.permission.SEND_SMS,5,0.45529476574390226,0.16975222192590295,13.0,4.516635916254486,"pearson_r, mutual_information, chi2_stat",0.3647729276788382,0.42879800352941033,0.4005153480481498,0.29888742052662853,0.7835001289364846
suspicious_sendTextMessage,5,0.4508648019103513,0.1837724776209054,13.0,3.521363372331802,"pearson_r, mutual_information, chi2_stat",0.3220116437186174,0.5483129122671018,0.3573179537257107,0.26213879321817435,0.7645427066221521
intent_android.intent.action.PACKAGE_ADDED,5,0.426693908645456,0.18326998775666842,15.6,3.2619012860600183,"pearson_r, mutual_information, chi2_stat",0.2984823774913892,0.48423131201179515,0.3415666658275518,0.25081613589522833,0.7583730520013154
intent_android.intent.action.USER_PRESENT,5,0.3908299018992262,0.19452975151975402,17.6,4.223742416388575,"pearson_r, mutual_information, chi2_stat",0.2522170508927956,0.4822194405780718,0.2854043309596014,0.2036413845551801,0.7306673025104817
n_providers,4,0.6817704177256114,0.35989363200315666,201.8,399.10018792278214,"chi2_stat, entropy_reduction_ratio, mutual_information",0.9583834670382751,0.8040580692283408,0.9834075579432261,0.6630029944182152,0.0
perm_com.google.android.c2dm.permission.RECEIVE,4,0.5279456613340275,0.25959762452342006,203.6,397.7011943658203,"mutual_information, entropy_reduction_ratio, chi2_stat",0.7153065817755945,0.7836476187578021,0.5746138826425232,0.522214833319328,0.043945390174889576
intent_com.google.android.c2dm.intent.RECEIVE,4,0.5035652177300761,0.24424547431080576,204.6,396.20075719261314,"mutual_information, entropy_reduction_ratio, chi2_stat",0.6660798400174925,0.7720113833638667,0.5408959215183717,0.48008848983568014,0.05875045391496936
suspicious_Ldalvik/system/PathClassLoader;,4,0.44632945148990427,0.1993902043080387,206.2,395.90322049713103,"entropy_reduction_ratio, mutual_information, chi2_stat",0.6209630369360157,0.5412997789718252,0.5284170216261732,0.48342055129968614,0.05754686861582111
perm_com.android.launcher.permission.INSTALL_SHORTCUT,4,0.41457799934248,0.17879343111834328,16.4,6.1838499334961226,"pearson_r, mutual_information, chi2_stat",0.3220116437186174,0.3668788994277456,0.3573179537257107,0.26213879321817435,0.7645427066221521
intent_com.google.firebase.INSTANCE_ID_EVENT,4,0.3967910224042541,0.1883228566267226,208.2,393.90679100518184,"mutual_information, entropy_reduction_ratio, chi2_stat",0.46981609238951455,0.7027710121453196,0.3779408808946915,0.29783065853219926,0.13559646805954567
suspicious_Ljava/lang/Runtime;->exec,4,0.35723435755797767,0.2440882203897409,101.8,179.64119794746415,"pearson_r, chi2_stat, entropy_reduction_ratio",0.32281614992240076,0.024779409887436477,0.3511492342128702,0.30226119943716145,0.7851657943300198
n_activities,4,0.34399077679988227,0.12871715425720534,211.2,391.9063153356935,"entropy_reduction_ratio, mutual_information, chi2_stat",0.5219395879601594,0.4309158541424947,0.34391981656946546,0.27700521321465255,0.14617341211263926
intent_android.intent.action.PACKAGE_REMOVED,4,0.32825274820884526,0.20334319609804083,21.6,4.715930449020639,"pearson_r, mutual_information, chi2_stat",0.19230078425260339,0.42219613514299087,0.20224821739692683,0.1389072977821312,0.6856113064695739
intent_com.google.android.c2dm.intent.REGISTRATION,4,0.2922372856731644,0.12413322566540924,213.0,389.5135427684126,"mutual_information, entropy_reduction_ratio, chi2_stat",0.2865638063724653,0.5296123045102241,0.25791074574347295,0.1913767629964873,0.19572280874317236
n_used_permissions,3,0.31923242885019965,0.18915101189242794,216.0,389.1781083257382,"entropy_reduction_ratio, mutual_information, f_stat",0.5629993965922199,0.5251116702654741,0.10153458790085594,0.24060497941344622,0.16591151007900218
suspicious_getCellLocation,3,0.29724610503215443,0.20334465143435945,39.6,37.097708824130905,"pearson_r, chi2_stat, mutual_information",0.1921002648874167,0.204335873607986,0.22798138984929972,0.16023190110749558,0.7015810957085742
n_receivers,3,0.25120191775669465,0.10100333164215912,234.6,379.49050053986855,"chi2_stat, entropy_reduction_ratio, pearson_r",0.2565001695417626,0.1911090875097927,0.43659436974586996,0.13862253178022277,0.23318343020582502
intent_com.google.firebase.MESSAGING_EVENT,3,0.20222174243586272,0.05921729736969059,260.8,375.596805098233,"entropy_reduction_ratio, chi2_stat, pearson_r",0.28473537332506,0.10970395838538047,0.2362130505591822,0.17122420403612265,0.20923212587356835
n_urls,2,0.40281570454289123,0.3497198648556095,264.4,328.17227183295057,"entropy_reduction_ratio, mutual_information, pearson_r",0.7918013217815646,0.7677175504778979,9.369068211281425e-05,6.217966758011117e-05,0.4544037801053006
n_api_calls,2,0.3676628661656244,0.2927447860351298,221.4,382.94887387221814,"entropy_reduction_ratio, mutual_information, pearson_r",0.7819418324898703,0.6372052237776349,0.05342201933232093,0.09020324237363767,0.2755420128546581
perm_android.permission.CHANGE_CONFIGURATION,2,0.24003692731444143,0.22247037066211942,96.8,144.20596381564806,"pearson_r, chi2_stat, entropy_reduction_ratio",0.15800483588588887,0.053721605492280264,0.1850590367064812,0.12717228421693272,0.6762268742706239
intent_com.android.vending.INSTALL_REFERRER,2,0.2119786766116778,0.05430713934312924,221.4,384.34755105242965,"mutual_information, pearson_r, chi2_stat",0.19159050494062865,0.30425027152141587,0.19170849213566626,0.14104025823884533,0.23130385622183292
suspicious_Base64,2,0.1444193579970027,0.07475558211901792,289.8,370.488542332958,"entropy_reduction_ratio, f_stat, pearson_r",0.22163251892025854,0.07291770301157298,0.03675085834101718,0.20162305775063877,0.189172651961526
n_permissions,1,0.2963840890666429,0.24203112054523876,53.4,24.253659517689286,"entropy_reduction_ratio, pearson_r, mutual_information",0.5999259858146082,0.2523292246212874,0.05474936081613732,0.022627700735719146,0.5522881733454624
intent_safiap.framework.ACTION_START_DOWNLOAD,1,0.2740688169369774,0.20255560952687562,34.2,7.639371701913712,"pearson_r, mutual_information, chi2_stat",0.15033088519271473,0.29438214579661137,0.15890931366901395,0.1074361060393549,0.6592856339871918
intent_safiap.framework.sdk.ISAFFramework,1,0.2631637948507034,0.20263617243200305,40.6,18.98525743833883,"pearson_r, mutual_information, chi2_stat",0.15033088519271473,0.23985703536524172,0.15890931366901395,0.1074361060393549,0.6592856339871918
intent_safiap.framework.ACTION_CANCEL_NOTIFICATION,1,0.2615940317792972,0.20284094059879215,42.2,22.07170133904498,"pearson_r, mutual_information, chi2_stat",0.15033088519271473,0.23200822000821072,0.15890931366901395,0.1074361060393549,0.6592856339871918
intent_safiap.framework.ACTION_CHECK_UPDATE,1,0.25352148538441055,0.20465282035803484,50.0,37.39251261950713,"pearson_r, mutual_information, chi2_stat",0.15033088519271473,0.1916454880337773,0.15890931366901395,0.1074361060393549,0.6592856339871918
intent_safiap.framework.ACTION_TO_INSTALL_IAP,1,0.25325044465742175,0.20473546972474255,50.8,38.976403117783974,"pearson_r, mutual_information, chi2_stat",0.15033088519271473,0.1902902843988334,0.15890931366901395,0.1074361060393549,0.6592856339871918
suspicious_Ldalvik/system/DexClassLoader;,1,0.2475692105928072,0.21810654334826254,55.4,54.07994082836999,"pearson_r, mutual_information, entropy_reduction_ratio",0.1528172098482787,0.16244817146514057,0.1060639820133464,0.13443078696738922,0.6820859026698812
intent_safiap.GET_SHARED_DATA,1,0.24448440975123908,0.20815332800694758,62.4,62.03579611804785,"pearson_r, chi2_stat, entropy_reduction_ratio",0.15033088519271473,0.14646010986792007,0.15890931366901395,0.1074361060393549,0.6592856339871918
intent_safiap.framework.ACTION_TO_INSTALL,1,0.24382426545785352,0.2084681546104403,62.8,62.83279398530675,"pearson_r, chi2_stat, entropy_reduction_ratio",0.15033088519271473,0.14315938840099238,0.15890931366901395,0.1074361060393549,0.6592856339871918
perm_com.android.launcher.permission.READ_SETTINGS,1,0.22476765717404584,0.2302455095011746,171.7,291.93930876125603,"pearson_r, chi2_stat, entropy_reduction_ratio",0.16427329418023087,0.0,0.1733556149116516,0.1178166616648852,0.6683927151134614
perm_com.android.vending.BILLING,1,0.22385630813516494,0.16713144434723728,225.4,378.49734477272096,"mutual_information, pearson_r, chi2_stat",0.11273127296499148,0.5252817267390523,0.11527947252507126,0.07972245750286304,0.2862666109438468
intent_safiap.framework.ACTION_SET_TIMER,1,0.22385144370018928,0.22153047017501654,107.2,151.49640259755344,"pearson_r, chi2_stat, entropy_reduction_ratio",0.15033088519271473,0.04329527961267099,0.15890931366901395,0.1074361060393549,0.6592856339871918
intent_android.net.conn.CONNECTIVITY_CHANGE,1,0.2218078251786714,0.2309580487798713,122.8,189.280109890078,"pearson_r, chi2_stat, entropy_reduction_ratio",0.1382474725068134,0.008261494275281354,0.17176874997712535,0.12027641930900704,0.6704849898251298
perm_android.permission.FLASHLIGHT,1,0.19129420369020508,0.1443044721848011,233.4,374.00352939511146,"mutual_information, pearson_r, entropy_reduction_ratio",0.09455861788716032,0.4105956877100743,0.08098733162029101,0.05396781351631869,0.3163615677171811
perm_android.webkit.permission.PLUGIN,1,0.19082654315173314,0.22186968468159954,100.1,42.274578649585614,"pearson_r, mutual_information, chi2_stat",0.013442391431110893,0.39797959501886115,0.014446301242637632,0.009283407658122874,0.5189810204079331
perm_com.android.broswer.permission.WRITE_HISTORY_BOOKMARKS,1,0.17895198816150157,0.2192998507771272,467.0,228.4346733751249,"pearson_r, mutual_information, entropy_reduction_ratio",0.0,0.435473727247437,0.0,0.0,0.4592862135600709
n_services,1,0.1764270791213937,0.11712167361958058,365.7,418.39187372605596,"chi2_stat, pearson_r, entropy_reduction_ratio",0.21081677085915657,0.0,0.30551826684674005,0.08408234093280698,0.2817180169682648
intent_com.qihoo.appstore.battery.ACCESSIBILITY_ALERT,1,0.17279868809840143,0.21233691739998567,468.2,226.07644724738577,"pearson_r, mutual_information, entropy_reduction_ratio",0.0,0.4047072269319363,0.0,0.0,0.4592862135600709
perm_android.permission.ACCESS_WIFI_STATE,0,0.24603918085924947,0.21385794248467221,42.6,9.350935782048769,"pearson_r, mutual_information, entropy_reduction_ratio",0.10879211461251363,0.2859522522067648,0.09166147936474417,0.09554884797907193,0.648241210133153
perm_android.permission.READ_SMS,0,0.23787697904263397,0.20874624375799739,43.4,7.144228439796701,"pearson_r, mutual_information, chi2_stat",0.09502885094174346,0.3080767733645484,0.10112410869846342,0.0669731608755782,0.6181820013328362
intent_safiap.framework.ACTION_NETWORK_ERROR_FRAMEWORK,0,0.22305554494286678,0.20907514041461972,69.4,63.553442078301316,"pearson_r, mutual_information, chi2_stat",0.1225870212194281,0.13585425755263977,0.1300167111837387,0.08699605922664462,0.6398236755318828
intent_safiap.framework.ACTION_NETWORK_ERROR_IAP,0,0.20317311222952839,0.22081939751729243,116.4,157.40216008682984,"pearson_r, chi2_stat, entropy_reduction_ratio",0.1225870212194281,0.03644209398594766,0.1300167111837387,0.08699605922664462,0.6398236755318828
intent_com.google.android.gms.measurement.UPLOAD,0,0.20233446533916935,0.06358174593839767,224.8,381.69013610519204,"mutual_information, pearson_r, entropy_reduction_ratio",0.19224830754826067,0.2901410114736181,0.16197466324058202,0.11268005146796463,0.25462829296542133
perm_android.permission.WRITE_SMS,0,0.1969534553235547,0.2071990222814666,61.8,9.303762679690406,"pearson_r, mutual_information, chi2_stat",0.05403401125725741,0.256218284446292,0.05778520497055053,0.0376934356971188,0.5790363402465548
perm_android.permission.CHANGE_NETWORK_STATE,0,0.19359872219992152,0.21386107608767407,92.6,96.51652708215313,"pearson_r, chi2_stat, mutual_information",0.08212225704247558,0.0928436691814083,0.10311839183834189,0.06918273480138615,0.6207265581359956
intent_android.intent.action.BOOT_COMPLETED,0,0.19188180836149288,0.21470722066052472,94.2,95.38637219225816,"pearson_r, chi2_stat, mutual_information",0.07835411217909133,0.09348152569288595,0.09750422188004328,0.06925739737113168,0.6208117846843122
perm_android.permission.ACCESS_NETWORK_STATE,0,0.18764397407932018,0.21720879918290753,90.2,54.6091567413378,"pearson_r, mutual_information, entropy_reduction_ratio",0.06310687160206636,0.22699350604566368,0.004490914712114762,0.04860004462787788,0.5950285334088783
suspicious_getWifiState,0,0.18424168496635862,0.211315178010878,99.4,99.08501400312763,"pearson_r, mutual_information, chi2_stat",0.08131857342602242,0.0898517192297395,0.0866778074558258,0.05711416816136797,0.6062461565588374
perm_android.permission.RECEIVE_SMS,0,0.18260173002036933,0.22635171060588147,185.1,285.3069224536972,"pearson_r, chi2_stat, entropy_reduction_ratio",0.09400831448663294,0.0,0.11399069492464986,0.07633303952050109,0.6286766011700627
intent_android.intent.action.SIG_STR,0,0.17773318838699415,0.20870720306429347,95.7,81.05528977185882,"pearson_r, mutual_information, chi2_stat",0.06765373380354471,0.10811984734995238,0.07223150621318816,0.047354760365653156,0.5933060942026323
perm_com.android.launcher.permission.UNINSTALL_SHORTCUT,0,0.17626162436972426,0.22385270058394857,186.9,284.3769329604636,"pearson_r, chi2_stat, entropy_reduction_ratio",0.09502885094174346,0.0,0.10112410869846342,0.0669731608755782,0.6181820013328362
perm_android.permission.CHANGE_WIFI_STATE,0,0.1744815943658111,0.2165222404757205,115.4,127.18584826937312,"pearson_r, chi2_stat, entropy_reduction_ratio",0.06569359102954105,0.05831235212411213,0.08345954797793435,0.057814353318779384,0.6071281273786886
intent_android.intent.action.PACKAGE_REPLACED,0,0.17317632227558127,0.22481381468901115,188.9,283.3948482241694,"pearson_r, chi2_stat, entropy_reduction_ratio",0.08168149144712598,0.0,0.09991660630004638,0.06657026737329114,0.617713246257443
suspicious_getSimCountryIso,0,0.17213291353610297,0.20501270601742513,79.2,16.78570820668583,"pearson_r, mutual_information, chi2_stat",0.025283571482161205,0.22892338994361097,0.03338381919117375,0.02202478774886764,0.5510489993147013
intent_cn.play.dservice,0,0.17176842441906318,0.21824558333184704,131.7,162.79852579185106,"pearson_r, chi2_stat, entropy_reduction_ratio",0.08131857342602242,0.027485416493262332,0.0866778074558258,0.05711416816136797,0.6062461565588373
intent_com.esbook.receiver.message,0,0.17141172128370213,0.2108349171837853,468.6,225.29056793394614,"pearson_r, mutual_information, entropy_reduction_ratio",0.0,0.39777239285843974,0.0,0.0,0.4592862135600709
perm_com.google.android.providers.gsf.permission.READ_GSERVICES,0,0.1701119113317379,0.13872940043511114,239.3,369.55846628104734,"mutual_information, pearson_r, entropy_reduction_ratio",0.07063353213574589,0.3432427393239712,0.06074049871521828,0.04005423211653795,0.3358885543672162
intent_android.intent.action.BATTERY_CHANGED,0,0.16934818366472407,0.2121493488426192,114.4,117.54250295106021,"pearson_r, chi2_stat, entropy_reduction_ratio",0.06765373380354471,0.06619482373860229,0.07223150621318816,0.047354760365653156,0.593306094202632
perm_android.permission.RECORD_AUDIO,0,0.16658723292214933,0.14794947622836446,242.2,366.7344543399215,"mutual_information, pearson_r, chi2_stat",0.04790894002184133,0.3532301363696057,0.05366531749807278,0.03615547310188547,0.34197629761934134
intent_com.aspire.purchaseservice.BIND,0,0.1662713411204107,0.22212221358820464,191.4,282.13567658132143,"pearson_r, chi2_stat, entropy_reduction_ratio",0.08131857342602242,0.0,0.0866778074558258,0.05711416816136797,0.6062461565588373
intent_com.umeng.message.unregistercallback.action,0,0.1645889520633363,0.20383510438044813,469.0,224.50478836764262,"pearson_r, mutual_information, entropy_reduction_ratio",0.0,0.3636585467566106,0.0,0.0,0.4592862135600709
intent_aspire.iap.SMS_SEND_ACTIOIN,0,0.16171174063009058,0.2013812391720623,108.7,28.129344108954975,"pearson_r, mutual_information, chi2_stat",0.013442391431110893,0.2524055824106483,0.014446301242637632,0.009283407658122874,0.5189810204079331
perm_android.permission.READ_SYNC_STATS,0,0.161022242908948,0.2004484690464121,469.4,223.71910959951543,"pearson_r, mutual_information, entropy_reduction_ratio",0.0,0.3458250009846692,0.0,0.0,0.4592862135600709
perm_cn.nubia.launcher.permission.WRITE_SETTINGS,0,0.15892708733943794,0.19855167185094638,469.8,222.93353269528563,"pearson_r, mutual_information, entropy_reduction_ratio",0.0,0.3353492231371189,0.0,0.0,0.4592862135600709
intent_com.qihoo360.daemon.pcdaemon.NotifyServiceStart2,0,0.15885918020010115,0.19849137058121386,470.0,222.540782779247,"pearson_r, mutual_information, entropy_reduction_ratio",0.0,0.3350096874404349,0.0,0.0,0.4592862135600709
perm_com.meizu.c2dm.permission.RECEIVE,0,0.1581926586877099,0.19790347393091934,470.2,222.14805873560994,"pearson_r, mutual_information, entropy_reduction_ratio",0.0,0.33167707987847866,0.0,0.0,0.4592862135600709
intent_com.qihoo.appstore.ACTION_LAUNCH_SERVICE_ACTIVITY,0,0.15611131747502824,0.19611464088062205,470.4,221.7553607018329,"pearson_r, mutual_information, entropy_reduction_ratio",0.0,0.3212703738150703,0.0,0.0,0.4592862135600709
intent_android.intent.action.BATTERY_CHANGED_ACTION,0,0.15610921891700363,0.22009024139214944,195.4,280.1669859208968,"pearson_r, chi2_stat, entropy_reduction_ratio",0.06765373380354471,0.0,0.07223150621318816,0.047354760365653156,0.5933060942026323
perm_com.xiaomi.sdk.permission.PAYMENT,0,0.15589363550556243,0.20104123008076352,98.7,36.12284595654113,"pearson_r, mutual_information, chi2_stat",0.026928652022764715,0.16119559810788686,0.028892602485275264,0.018659188165548957,0.5437921367463364
perm_com.google.android.googleapps.permission.GOOGLE_AUTH.cl,0,0.1555036840583063,0.19560602474821392,470.6,221.3626888163405,"pearson_r, mutual_information, entropy_reduction_ratio",0.0,0.31823220673146063,0.0,0.0,0.4592862135600709
perm_android.permission.UPDATE_DEVICE_STATS,0,0.15390207705751136,0.19429545340911653,470.8,220.97004321853223,"pearson_r, mutual_information, entropy_reduction_ratio",0.0,0.3102241717274859,0.0,0.0,0.4592862135600709
perm_android.permission.SET_WALLPAPER,0,0.15356052678963708,0.13565046478503567,247.4,362.85457141946,"pearson_r, mutual_information, entropy_reduction_ratio",0.05479054123323308,0.28415036351845874,0.04724261011183644,0.03093844396859747,0.3506806751160596
perm_android.permission.READ_CALENDAR,0,0.15267695810144552,0.14991390499384877,250.2,359.4147464976917,"pearson_r, mutual_information, entropy_reduction_ratio",0.0390321112660921,0.30097703255332836,0.033744721508454596,0.021947525661166895,0.3676833995181856
intent_com.qihoo.appstore.plugin.START_PLUGIN_FROM_PROXY_LISTENER,0,0.1524133315006592,0.19311691024100106,471.6,219.3997265267211,"pearson_r, mutual_information, entropy_reduction_ratio",0.0,0.30278044394322506,0.0,0.0,0.4592862135600709
intent_com.qihoo.appstore.plugin.battery.setConfig,0,0.15237848558195344,0.19308978874510865,471.8,219.00721449303902,"pearson_r, mutual_information, entropy_reduction_ratio",0.0,0.3026062143496963,0.0,0.0,0.4592862135600709
perm_android.permission.ACCESS_COARSE_LOCATION,0,0.15233953072603357,0.14714824108982913,249.0,361.8259249970903,"pearson_r, mutual_information, chi2_stat",0.034079514477216896,0.3080213419972594,0.03600809719212791,0.02840157394466415,0.35518712601889957
perm_dianxin.permission.ACCESS_LAUNCHER_DATA,0,0.15210706836195662,0.19287926897892055,472.0,218.61472960438874,"pearson_r, mutual_information, entropy_reduction_ratio",0.0,0.3012491282497122,0.0,0.0,0.4592862135600709
perm_com.android.vending.CHECK_LICENSE,0,0.15083429592492278,0.194525957114676,153.8,61.38208207612381,"pearson_r, mutual_information, chi2_stat",0.0010802899210328961,0.2724744302298057,0.0014471031048979817,0.0009330860604404164,0.478236570308437
perm_com.samsung.android.providers.context.permission.READ_RECORD_AUDIO,0,0.15030720836934416,0.19151631975421635,472.8,217.04506444515158,"pearson_r, mutual_information, entropy_reduction_ratio",0.0,0.29224982828664997,0.0,0.0,0.4592862135600709
intent_com.qihoo.appstore.plugin.huajiao.IPluginHelperService,0,0.15025677665596632,0.1914789651282421,473.0,216.6527174996889,"pearson_r, mutual_information, entropy_reduction_ratio",0.0,0.2919976697197607,0.0,0.0,0.4592862135600709
perm_com.facebook.permission.prod.FB_APP_COMMUNICATION,0,0.15004235952106962,0.19132065919036717,473.2,216.26039859391733,"pearson_r, mutual_information, entropy_reduction_ratio",0.0,0.2909255840452772,0.0,0.0,0.4592862135600709
intent_com.urbanairship.push.OPENED,0,0.14973257035741727,0.19109340731104332,473.6,215.4758455140622,"pearson_r, mutual_information, entropy_reduction_ratio",0.0,0.28937663822701554,0.0,0.0,0.4592862135600709
intent_com.qihoo.appstore.launcher.shortcut.HOME_GAME,0,0.14897193863030095,0.19054282758264893,474.0,214.69140644189744,"pearson_r, mutual_information, entropy_reduction_ratio",0.0,0.28557347959143387,0.0,0.0,0.4592862135600709
perm_com.facebook.katana.permission.CROSS_PROCESS_BROADCAST_MANAGER,0,0.14782806313999217,0.18973479553959705,474.4,213.9070826316885,"pearson_r, mutual_information, entropy_reduction_ratio",0.0,0.27985410213989,0.0,0.0,0.4592862135600709
intent_com.excelliance.kxqp.action.swpmain,0,0.14731391054044787,0.18937947879249348,474.6,213.51496434676423,"pearson_r, mutual_information, entropy_reduction_ratio",0.0,0.27728333914216846,0.0,0.0,0.4592862135600709
perm_android.permission.SAMSUNG_TUNTAP,0,0.1470406463582501,0.1891926364891997,474.8,213.1228753559786,"pearson_r, mutual_information, entropy_reduction_ratio",0.0,0.27591701823117964,0.0,0.0,0.4592862135600709
intent_android.content.SyncAdapter,0,0.14694267228225372,0.19684506067960594,122.5,20.72920644887305,"pearson_r, mutual_information, chi2_stat",0.013442391431110893,0.17856024067146406,0.014446301242637632,0.009283407658122874,0.5189810204079331
intent_safiap.framework.ACTION_NETWORK_ERROR,0,0.14685154672607714,0.20161530705097616,114.1,62.12841539907484,"pearson_r, mutual_information, chi2_stat",0.026928652022764715,0.11598515421046053,0.028892602485275264,0.018659188165548957,0.5437921367463363
intent_com.huawei.intent.action.PUSH,0,0.14634576555630255,0.18872381329808863,475.4,211.9467857741655,"pearson_r, mutual_information, entropy_reduction_ratio",0.0,0.27244261422144184,0.0,0.0,0.4592862135600709
perm_android.permission.READ_PROFILE,0,0.1463294455994065,0.17596344442837325,298.6,316.62949957323934,"pearson_r, mutual_information, entropy_reduction_ratio",0.007765275268228205,0.29431810883470416,0.0067489443016909186,0.004330187009160033,0.41848471258324915
perm_com.android.browser.permission.WRITE_HISTORY_BOOKMARKS,0,0.14624069081060423,0.20171250445614977,114.5,66.32118816788493,"pearson_r, mutual_information, chi2_stat",0.026928652022764715,0.11293087463309578,0.028892602485275264,0.018659188165548957,0.5437921367463364
perm_android.permission.DISABLE_KEYGUARD,0,0.14610832755005215,0.2195705857827906,199.7,278.0830091897022,"pearson_r, chi2_stat, entropy_reduction_ratio",0.04637534375085278,0.0,0.06021219971531834,0.04053746803386714,0.5834166262502224
perm_android.permission.READ_INTERNAL_STORAGE,0,0.14535484086865927,0.1966155029791141,124.9,22.85475880424031,"pearson_r, mutual_information, chi2_stat",0.013442391431110893,0.1706210836034917,0.014446301242637632,0.009283407658122874,0.5189810204079331
perm_com.google.android.finsky.permission.BIND_GET_INSTALL_REFERRER_SERVICE,0,0.14484097780063374,0.13541270838759364,253.0,359.0069637207613,"pearson_r, mutual_information, entropy_reduction_ratio",0.04690081390076586,0.25154402677211846,0.040493665810145504,0.026427537407036378,0.3588388451131025
intent_com.meizu.flyme.push.intent.MESSAGE,0,0.14453770515456843,0.18754672110630805,475.8,211.1628755250316,"pearson_r, mutual_information, entropy_reduction_ratio",0.0,0.2634023122127712,0.0,0.0,0.4592862135600709
intent_com.excelliance.kxqp.platform.gameplugin.action.BIND_REMOTE,0,0.14437092832051798,0.18744128715436514,476.0,210.77096574243808,"pearson_r, mutual_information, entropy_reduction_ratio",0.0,0.2625684280425191,0.0,0.0,0.4592862135600709
intent_com.meizu.flyme.push.intent.UNREGISTER.FEEDBACK,0,0.14342089907049654,0.1868509143364253,476.2,210.37908641307482,"pearson_r, mutual_information, entropy_reduction_ratio",0.0,0.25781828179241184,0.0,0.0,0.4592862135600709
perm_android.permission.SYSTEM_OVERLAY_WINDOW,0,0.14308110420908493,0.2023322932745272,121.3,79.65337406538407,"pearson_r, mutual_information, chi2_stat",0.026928652022764715,0.09713294162549924,0.028892602485275264,0.018659188165548957,0.5437921367463364
intent_io.intercom.android.sdk.INTERCOM_PUSH_DISMISSED,0,0.1430142689236075,0.18660356569900724,476.6,209.5954197972847,"pearson_r, mutual_information, entropy_reduction_ratio",0.0,0.2557851310579665,0.0,0.0,0.4592862135600709
intent_com.qihoo.appstore.stablenotification.StableBroadcast,0,0.14272943386455167,0.18643222110267194,476.8,209.20363285564616,"pearson_r, mutual_information, entropy_reduction_ratio",0.0,0.2543609557626875,0.0,0.0,0.4592862135600709
intent_com.qihoo.appstore.push.PushNotifyCancelReceiver.ACTION_INTENT_CANCEL,0,0.1421564481958349,0.1860923421077085,477.6,207.63679828007366,"pearson_r, mutual_information, entropy_reduction_ratio",0.0,0.2514960274191035,0.0,0.0,0.4592862135600709
intent_android.intent.action.SEND_MULTIPLE,0,0.14205941161920915,0.172546322170216,301.0,314.7456115659121,"pearson_r, mutual_information, entropy_reduction_ratio",0.007765275268228205,0.2729679389337175,0.0067489443016909186,0.004330187009160033,0.41848471258324915
perm_android.permission.RECEIVE_WAP_PUSH,0,0.14140222485670123,0.18565479330583173,477.8,207.245168821857,"pearson_r, mutual_information, entropy_reduction_ratio",0.0,0.2477249107234352,0.0,0.0,0.4592862135600709
intent_com.excelliance.kxqp.action.launcher,0,0.14121184844321755,0.18554612522748037,478.0,206.8535713977402,"pearson_r, mutual_information, entropy_reduction_ratio",0.0,0.24677302865601683,0.0,0.0,0.4592862135600709
perm_com.qiku.android.launcher3.permission.READ_UNREAD,0,0.14106896131343347,0.1854650360195819,478.2,206.46200619000098,"pearson_r, mutual_information, entropy_reduction_ratio",0.0,0.2460585930070965,0.0,0.0,0.4592862135600709
perm_android.permission.BLUETOOTH_ADMIN,0,0.1404321144552086,0.16951389437672976,300.6,324.55051995028447,"pearson_r, mutual_information, chi2_stat",0.007255704426680864,0.2677883265625857,0.008687368062394014,0.005621234769307352,0.41280793845507485
intent_com.yuetu.shentu.Intent.WECHAT_AUTH,0,0.1403737937124035,0.1850763135490976,478.4,206.07047338228736,"pearson_r, mutual_information, entropy_reduction_ratio",0.0,0.24258275500194662,0.0,0.0,0.4592862135600709
intent_android.intent.action.DELETE,0,0.14007647058405703,0.19622021204112824,132.5,33.4619186538967,"pearson_r, mutual_information, chi2_stat",0.013442391431110893,0.14422923218048064,0.014446301242637632,0.009283407658122874,0.5189810204079331
intent_cn.jpush.android.intent.DaemonService,0,0.13995065041360402,0.18484442097027248,478.6,205.6789731596305,"pearson_r, mutual_information, entropy_reduction_ratio",0.0,0.24046703850794923,0.0,0.0,0.4592862135600709
intent_com.qihoo.appstore.notification.notify_action,0,0.13964406674990523,0.18467864677043536,479.0,204.89607121660484,"pearson_r, mutual_information, entropy_reduction_ratio",0.0,0.2389341201894553,0.0,0.0,0.4592862135600709
intent_com.sogou.androidtool.action.specialdetail,0,0.13931643507887315,0.1845035793982224,479.2,204.50466987333078,"pearson_r, mutual_information, entropy_reduction_ratio",0.0,0.23729596183429488,0.0,0.0,0.4592862135600709
intent_android.intent.action.PUSH_NOTIFY_ALARM,0,0.1392143139718525,0.1844494536998223,479.4,204.11330186932943,"pearson_r, mutual_information, entropy_reduction_ratio",0.0,0.23678535629919154,0.0,0.0,0.4592862135600709
intent_android.intent.action,0,0.13907961557593423,0.1843783832747625,479.6,203.72196739674393,"pearson_r, mutual_information, entropy_reduction_ratio",0.0,0.2361118643196003,0.0,0.0,0.4592862135600709
perm_android.permission.INJECT_EVENTS,0,0.13904842879007195,0.1843619805207979,479.8,203.33066664918007,"pearson_r, mutual_information, entropy_reduction_ratio",0.0,0.23595593039028886,0.0,0.0,0.4592862135600709
intent_com.mobutils.android.mediation.MaterialNotificationReceiver.ACTION_AD_EXPIRES,0,0.1388450093712264,0.18425547385105373,480.0,202.93939982172017,"pearson_r, mutual_information, entropy_reduction_ratio",0.0,0.2349388332960612,0.0,0.0,0.4592862135600709
intent_com.sogou.androidtool.action.topicdetail,0,0.13855743588099273,0.18410633439796023,480.2,202.54816711093684,"pearson_r, mutual_information, entropy_reduction_ratio",0.0,0.23350096584489283,0.0,0.0,0.4592862135600709
suspicious_adb_enabled,0,0.1379059653857409,0.19622229435888316,134.9,37.474524680107685,"pearson_r, mutual_information, chi2_stat",0.013442391431110893,0.13337670618889988,0.014446301242637632,0.009283407658122874,0.5189810204079331
intent_android.net.wifi.STATE_CHANGE,0,0.13781489744345277,0.19622448093338132,135.5,38.50584371235099,"pearson_r, mutual_information, chi2_stat",0.013442391431110893,0.13292136647745925,0.014446301242637632,0.009283407658122874,0.5189810204079331
intent_com.qihoo.appstore.battery.STABLE_NOTIFY,0,0.13779575425507812,0.18371943151584327,480.6,201.76580483322738,"pearson_r, mutual_information, entropy_reduction_ratio",0.0,0.22969255771531974,0.0,0.0,0.4592862135600709
intent_android.intent.action.UMS_CONNECTED,0,0.1376017419070275,0.18362277051181336,481.0,200.9835814189806,"pearson_r, mutual_information, entropy_reduction_ratio",0.0,0.22872249597506675,0.0,0.0,0.4592862135600709
intent_com.morgoo.droidplugin.ACTION_SHORTCUT_PROXY,0,0.13755535543729186,0.18359977373910524,481.2,200.59252229332978,"pearson_r, mutual_information, entropy_reduction_ratio",0.0,0.22849056362638853,0.0,0.0,0.4592862135600709
perm_com.huawei.authentication.HW_ACCESS_AUTH_SERVICE,0,0.13750284739800453,0.18357379520633932,481.4,200.20149849589038,"pearson_r, mutual_information, entropy_reduction_ratio",0.0,0.22822802342995183,0.0,0.0,0.4592862135600709
perm_com.huawei.launcher3.permission.WRITE_SETTINGS,0,0.13742000184523423,0.1835329218022869,481.6,199.81051023407153,"pearson_r, mutual_information, entropy_reduction_ratio",0.0,0.2278137956661002,0.0,0.0,0.4592862135600709
intent_com.umeng.messge.registercallback.action,0,0.13695098833673736,0.1833041774188369,482.0,199.02864115498554,"pearson_r, mutual_information, entropy_reduction_ratio",0.0,0.2254687281236159,0.0,0.0,0.4592862135600709
perm_com.ebproductions.android.launcher.permission.READ_SETTINGS,0,0.13647878049235806,0.1830784417619984,482.2,198.63776076063684,"pearson_r, mutual_information, entropy_reduction_ratio",0.0,0.22310768890171945,0.0,0.0,0.4592862135600709
perm_com.google.android.googleapps.permission.GOOGLE_AUTH.health,0,0.13630753057161188,0.18299771243582255,482.4,198.24691674777694,"pearson_r, mutual_information, entropy_reduction_ratio",0.0,0.2222514392979886,0.0,0.0,0.4592862135600709
intent_com.alimama.mobile.sdk.download.action,0,0.13597567966401047,0.18284299857696543,482.6,197.85610933200925,"pearson_r, mutual_information, entropy_reduction_ratio",0.0,0.22059218475998146,0.0,0.0,0.4592862135600709
intent_com.igexin.sdk.action.pushmanager,0,0.13578154566082504,0.18275354715824604,482.8,197.4653387306238,"pearson_r, mutual_information, entropy_reduction_ratio",0.0,0.21962151474405422,0.0,0.0,0.4592862135600709
intent_ACTION.TAPCORE.MESSAGE,0,0.13576729287475325,0.18274701066009721,483.0,197.0746051626135,"pearson_r, mutual_information, entropy_reduction_ratio",0.0,0.21955025081369547,0.0,0.0,0.4592862135600709
perm_com.huawei.android.launcher.permission.CHANGE_BADGE,0,0.13574017267293134,0.18273458464605435,483.2,196.68390884869052,"pearson_r, mutual_information, entropy_reduction_ratio",0.0,0.2194146498045859,0.0,0.0,0.4592862135600709
perm_com.lge.launcher.permission.WRITE_SETTINGS,0,0.1356239610119733,0.18268151123316237,483.4,196.29325001130326,"pearson_r, mutual_information, entropy_reduction_ratio",0.0,0.2188335914997956,0.0,0.0,0.4592862135600709
perm_android.permission.RECEIVE_MMS,0,0.13558068701844356,0.1826618197953897,483.6,195.90262887465295,"pearson_r, mutual_information, entropy_reduction_ratio",0.0,0.21861722153214683,0.0,0.0,0.4592862135600709
perm_android.permission.WRITE_SOCIAL_STREAM,0,0.13499994274243948,0.18240132533066686,483.8,195.5120456647109,"pearson_r, mutual_information, entropy_reduction_ratio",0.0,0.21571350015212662,0.0,0.0,0.4592862135600709
intent_android.intent.action.CREATE_SHORTCUT,0,0.1349630398191754,0.21451095740526266,205.5,275.21591523747315,"pearson_r, chi2_stat, entropy_reduction_ratio",0.04045908856086558,0.0,0.0433389037279129,0.028128726611906605,0.562888480195192
intent_android.intent.action.MY_PACKAGE_REPLACED,0,0.13483936914416894,0.21560495520812337,205.5,275.2656898343853,"pearson_r, chi2_stat, entropy_reduction_ratio",0.035020041933245295,0.0,0.04486096052841315,0.029304238607971444,0.5650116046512148
intent_android.intent.action.QUICKBOOT_POWERON,0,0.13483936914416894,0.21560495520812337,205.5,275.2656898343853,"pearson_r, chi2_stat, entropy_reduction_ratio",0.035020041933245295,0.0,0.04486096052841315,0.029304238607971444,0.5650116046512148
intent_android.provider.Telephony.SMS_RECEIVED,0,0.13456777232182188,0.20496489479027383,142.1,120.80538067486894,"pearson_r, mutual_information, chi2_stat",0.026928652022764715,0.05456628218918397,0.028892602485275264,0.018659188165548957,0.5437921367463364
intent_com.excelliance.dualaid.b64.action.update.done,0,0.13456389421861528,0.1822103564030379,484.0,195.1215006092358,"pearson_r, mutual_information, entropy_reduction_ratio",0.0,0.2135332575330055,0.0,0.0,0.4592862135600709
perm_com.google.android.googleapps.permission.GOOGLE_AUTH.notebook,0,0.13454469642133332,0.18220203999705106,484.2,194.73099393779103,"pearson_r, mutual_information, entropy_reduction_ratio",0.0,0.21343726854659578,0.0,0.0,0.4592862135600709
perm_com.google.android.launcher.permission.WRITE_SETTINGS,0,0.1338965322751861,0.18192579029052075,484.4,194.34052588176252,"pearson_r, mutual_information, entropy_reduction_ratio",0.0,0.21019644781585978,0.0,0.0,0.4592862135600709
intent_com.coolcloud.xmpp.NOTIFICATION.1010048,0,0.1338106316230327,0.18188984101238392,484.6,193.9500966743765,"pearson_r, mutual_information, entropy_reduction_ratio",0.0,0.20976694455509257,0.0,0.0,0.4592862135600709
intent_com.tencent.smtt.tbs.video.PLAY,0,0.13367327232277043,0.18183267891616756,484.8,193.5597065507178,"pearson_r, mutual_information, entropy_reduction_ratio",0.0,0.2090801480537812,0.0,0.0,0.4592862135600709
intent_com.taobao.accs.intent.action.ELECTION,0,0.1336648193674475,0.18182917418757832,485.0,193.16935574774794,"pearson_r, mutual_information, entropy_reduction_ratio",0.0,0.2090378832771666,0.0,0.0,0.4592862135600709
perm_com.qiku.launcher.permission.WRITE_SETTINGS,0,0.13350127920232788,0.18176166405665525,485.2,192.77904450432365,"pearson_r, mutual_information, entropy_reduction_ratio",0.0,0.2082201824515686,0.0,0.0,0.4592862135600709
intent_com.tencent.android.tpush.action.INTERNAL_PUSH_MESSAGE,0,0.1332652575163295,0.18166522722455108,485.4,192.38877306121583,"pearson_r, mutual_information, entropy_reduction_ratio",0.0,0.2070400740215766,0.0,0.0,0.4592862135600709
perm_android.permission.UPDATE_APP_OPS_STATS,0,0.13301212918023514,0.1815631077208986,485.6,191.99854166112823,"pearson_r, mutual_information, entropy_reduction_ratio",0.0,0.20577443234110473,0.0,0.0,0.4592862135600709
intent_com.example.servicejar.action.SHORTCUT_CLICKED,0,0.13291734352974918,0.18152521692061646,485.8,191.60835054871694,"pearson_r, mutual_information, entropy_reduction_ratio",0.0,0.20530050408867503,0.0,0.0,0.4592862135600709
perm_android.permission.SIGNAL_PERSISTENT_PROCESSES,0,0.13238281161344995,0.18131509881008895,486.2,190.82809017542465,"pearson_r, mutual_information, entropy_reduction_ratio",0.0,0.20262784450717894,0.0,0.0,0.4592862135600709
perm_android.permission.RECEIVE_USER_PRESENT,0,0.13231147285066425,0.18128751480979508,486.4,190.43802141379226,"pearson_r, mutual_information, entropy_reduction_ratio",0.0,0.20227115069325036,0.0,0.0,0.4592862135600709
perm_com.fx.launcher.permission.READ_SETTINGS,0,0.13193879974557352,0.1811451748905811,486.6,190.04799393837337,"pearson_r, mutual_information, entropy_reduction_ratio",0.0,0.20040778516779673,0.0,0.0,0.4592862135600709
intent_android.intent.action.ACTION_POWER_DISCONNECTED,0,0.13189482100934607,0.19672868700883533,149.1,63.49283424135356,"pearson_r, mutual_information, chi2_stat",0.013442391431110893,0.10332098430692571,0.014446301242637632,0.009283407658122874,0.5189810204079331
perm_com.samsung.android.scloud.backup.lib.read,0,0.1318290034754091,0.18110380263423617,486.8,189.6580080038805,"pearson_r, mutual_information, entropy_reduction_ratio",0.0,0.19985880381697457,0.0,0.0,0.4592862135600709
perm_com.android.launcher3.permission.READ_SETTINGS,0,0.13137989009126716,0.1968061584695822,150.1,65.39984709462247,"pearson_r, mutual_information, chi2_stat",0.013442391431110893,0.1007463297165312,0.014446301242637632,0.009283407658122874,0.5189810204079331
intent_android.intent.action.DOWNLOAD_NOTIFY,0,0.13091516614765866,0.18076944260942907,487.0,189.2680638670983,"pearson_r, mutual_information, entropy_reduction_ratio",0.0,0.19528961717822238,0.0,0.0,0.4592862135600709
intent_android.intent.action.MEDIA_UNMOUNTED,0,0.13087128616910726,0.1807538369829885,487.2,188.8781617869043,"pearson_r, mutual_information, entropy_reduction_ratio",0.0,0.19507021728546545,0.0,0.0,0.4592862135600709
perm_qiku.permission.READ_WRITE_SAFE_SPACE,0,0.13082974366980088,0.18073910069237104,487.4,188.48830202429008,"pearson_r, mutual_information, entropy_reduction_ratio",0.0,0.1948625047889336,0.0,0.0,0.4592862135600709
intent_com.qihoo.appstore.ACTION_NOTIFY_UNINSTALL,0,0.1307389913066529,0.1807070369805,487.6,188.0984848423825,"pearson_r, mutual_information, entropy_reduction_ratio",0.0,0.19440874297319363,0.0,0.0,0.4592862135600709
intent_com.Remind.alarm.enable,0,0.13047841014081749,0.18061595319409723,487.8,187.7087105064653,"pearson_r, mutual_information, entropy_reduction_ratio",0.0,0.1931058371440166,0.0,0.0,0.4592862135600709
intent_com.yandex.metrica.IMetricaService,0,0.13045439394095384,0.18060763192544224,488.0,187.31897928400102,"pearson_r, mutual_information, entropy_reduction_ratio",0.0,0.19298575614469826,0.0,0.0,0.4592862135600709
intent_com.excelliance.kxqp.action.init,0,0.13010338841226676,0.18048742843073864,488.4,186.53964726030767,"pearson_r, mutual_information, entropy_reduction_ratio",0.0,0.1912307285012629,0.0,0.0,0.4592862135600709
intent_android.net.wifi.RSSI_CHANGED,0,0.13007310955254714,0.18047718347887418,488.8,185.7604909554236,"pearson_r, mutual_information, entropy_reduction_ratio",0.0,0.19107933420266482,0.0,0.0,0.4592862135600709
intent_cn.uc.gamesdk.sdkweb,0,0.12910207691940273,0.18015911662762263,489.2,184.98151258977208,"pearson_r, mutual_information, entropy_reduction_ratio",0.0,0.18622417103694283,0.0,0.0,0.4592862135600709
intent_show_lock,0,0.1288868538596338,0.18009137848368642,489.4,184.59209083815048,"pearson_r, mutual_information, entropy_reduction_ratio",0.0,0.18514805573809814,0.0,0.0,0.4592862135600709
intent_com.qihoo.appstore.BATTERY,0,0.12875135762769946,0.1800492479277617,489.6,184.20271442082498,"pearson_r, mutual_information, entropy_reduction_ratio",0.0,0.18447057457842653,0.0,0.0,0.4592862135600709
intent_com.getui.gis.action.64kVIzqls49c7TJxrBbWG4,0,0.12858596118549512,0.17999835994473076,489.8,183.8133836258938,"pearson_r, mutual_information, entropy_reduction_ratio",0.0,0.18364359236740477,0.0,0.0,0.4592862135600709
intent_com.xiaomi.mipush.ERROR,0,0.12846796319977147,0.17996241801480398,490.0,183.42409874386735,"pearson_r, mutual_information, entropy_reduction_ratio",0.0,0.18305360243878652,0.0,0.0,0.4592862135600709
perm_com.google.android.googleapps.permission.GOOGLE_AUTH.finance,0,0.12809011293268974,0.17984936081149075,490.2,183.03486006769313,"pearson_r, mutual_information, entropy_reduction_ratio",0.0,0.18116435110337784,0.0,0.0,0.4592862135600709
intent_com.mobiletool.appstore.action.extend,0,0.12791142412927337,0.17979697650081256,490.4,182.64566789278084,"pearson_r, mutual_information, entropy_reduction_ratio",0.0,0.18027090708629595,0.0,0.0,0.4592862135600709
intent_com.qihoo.sdkplugging.host.proxy.activity.VIEW,0,0.12783962935231602,0.17977612494987405,490.6,182.25652251702817,"pearson_r, mutual_information, entropy_reduction_ratio",0.0,0.17991193320150922,0.0,0.0,0.4592862135600709
intent_com.qihoo.appstore.floatwin.FloatWindowService,0,0.12719941131253193,0.17959515406032495,491.2,181.0893702015665,"pearson_r, mutual_information, entropy_reduction_ratio",0.0,0.17671084300258885,0.0,0.0,0.4592862135600709
intent_com.qihoo.appstore.stablenotification.NewsBroadcastReceiver,0,0.12715489063407803,0.1795829020960931,491.4,180.70041505209664,"pearson_r, mutual_information, entropy_reduction_ratio",0.0,0.17648823961031934,0.0,0.0,0.4592862135600709
intent_com.baidu.android.pushservice.action.notification.SHOW,0,0.12713402178924707,0.1795771739594989,491.6,180.3115082295082,"pearson_r, mutual_information, entropy_reduction_ratio",0.0,0.17638389538616442,0.0,0.0,0.4592862135600709
intent_action_send_pop,0,0.12700079911284878,0.17954083101194684,491.8,179.92265004717999,"pearson_r, mutual_information, entropy_reduction_ratio",0.0,0.17571778200417298,0.0,0.0,0.4592862135600709
perm_android.permission.CAMERA,0,0.12688534816340197,0.11542989894042853,271.0,354.53349630183044,"pearson_r, mutual_information, chi2_stat",0.046067234176688836,0.15915807167032409,0.05181271107858366,0.03741547642675355,0.33997324746465973
perm_ACCESS_WIFI_STATE,0,0.12677390202376895,0.1794798274079931,492.2,179.1450808702265,"pearson_r, mutual_information, entropy_reduction_ratio",0.0,0.1745832965587739,0.0,0.0,0.4592862135600709
intent_com.areametrics.areametricssdk.AMLocationUpdatesBroadcastReceiver.ACTION_PROCESS_UPDATES,0,0.1265823942891675,0.17942921559649228,492.4,178.75637051585042,"pearson_r, mutual_information, entropy_reduction_ratio",0.0,0.1736257578857667,0.0,0.0,0.4592862135600709
perm_android.permission.STOP_APP_SWITCHES,0,0.12626248181640695,0.17934646154296746,492.6,178.36771008229042,"pearson_r, mutual_information, entropy_reduction_ratio",0.0,0.17202619552196396,0.0,0.0,0.4592862135600709
intent_qcast.service.Link_service,0,0.12606819268165478,0.17929729913296752,493.0,177.59054028860885,"pearson_r, mutual_information, entropy_reduction_ratio",0.0,0.17105474984820304,0.0,0.0,0.4592862135600709
perm_android.permission.BACKUP,0,0.12592813498446348,0.17926237339109502,493.4,176.81357413954393,"pearson_r, mutual_information, entropy_reduction_ratio",0.0,0.17035446136224652,0.0,0.0,0.4592862135600709
perm_com.google.android.providers.talk.permission.READ_ONLY,0,0.12581958199027882,0.17923560033464528,493.6,176.42516827255685,"pearson_r, mutual_information, entropy_reduction_ratio",0.0,0.1698116963913231,0.0,0.0,0.4592862135600709
perm_com.miui.mihome2.permission.READ_SETTINGS,0,0.12568223834619263,0.1792020976602149,493.8,176.03681433154827,"pearson_r, mutual_information, entropy_reduction_ratio",0.0,0.16912497817089223,0.0,0.0,0.4592862135600709
perm_com.lenovo.launcherhdmarket.permission.WRITE_SETTINGS,0,0.12566790526668314,0.1791986252488613,494.0,175.64851266093888,"pearson_r, mutual_information, entropy_reduction_ratio",0.0,0.1690533127733448,0.0,0.0,0.4592862135600709
perm_com.android.permission.WRITE_APN_SETTINGS,0,0.12563866745220062,0.17919155594360234,494.2,175.26026360815507,"pearson_r, mutual_information, entropy_reduction_ratio",0.0,0.1689071237009323,0.0,0.0,0.4592862135600709
perm_com.xiaomi.permission.AUTH_SERVICE,0,0.1252019727960763,0.1790882082191197,494.4,174.87206752366143,"pearson_r, mutual_information, entropy_reduction_ratio",0.0,0.16672365042031062,0.0,0.0,0.4592862135600709
perm_android.permission.WRITE_INTERNAL_STORAGE,0,0.12520049107337147,0.17476139660118747,330.8,284.0935761329355,"pearson_r, mutual_information, chi2_stat",0.0005033778662013592,0.17782108808484468,0.0006485978568467228,0.0004173048936504161,0.4466120866653142
perm_com.huawei.launcher2.permission.READ_SETTINGS,0,0.12508013263903806,0.1790601231089317,494.6,174.4839247609934,"pearson_r, mutual_information, entropy_reduction_ratio",0.0,0.16611444963511943,0.0,0.0,0.4592862135600709
intent_com.kingroot.kinguser.ANTILOG_DELETE,0,0.12506676393268817,0.17905706143910283,494.8,174.0958356767904,"pearson_r, mutual_information, entropy_reduction_ratio",0.0,0.16604760610336994,0.0,0.0,0.4592862135600709
perm_com.meizu.flyme.push.permission.RECEIVE,0,0.12489275332339247,0.1790175694375948,495.0,173.70780063082947,"pearson_r, mutual_information, entropy_reduction_ratio",0.0,0.1651775530568915,0.0,0.0,0.4592862135600709
intent_com.telecom.sdk_auth_ui.SMS_SEND_ACTIOIN,0,0.12478702695460009,0.17899390086932462,495.2,173.31981998605931,"pearson_r, mutual_information, entropy_reduction_ratio",0.0,0.16464892121292957,0.0,0.0,0.4592862135600709
intent_android.intent.action.SIM_STATE_CHANGED,0,0.12466429689518496,0.1983040741858423,164.7,93.68489739547138,"pearson_r, mutual_information, chi2_stat",0.013442391431110893,0.06716836373612028,0.014446301242637632,0.009283407658122874,0.5189810204079331
intent_com.qihoo.appstore.notification.click_action,0,0.1246551950889998,0.17896473376396785,495.4,172.93189410863457,"pearson_r, mutual_information, entropy_reduction_ratio",0.0,0.1639897618849282,0.0,0.0,0.4592862135600709
intent_com.sogou.androidtool.action.service,0,0.12454209933087781,0.1789400177392009,495.6,172.54402336795093,"pearson_r, mutual_information, entropy_reduction_ratio",0.0,0.16342428309431817,0.0,0.0,0.4592862135600709
perm_com.thunderst.launcher.permission.READ_SETTINGS,0,0.12429885197444093,0.17888781581981844,496.0,171.76844879080676,"pearson_r, mutual_information, entropy_reduction_ratio",0.0,0.16220804631213376,0.0,0.0,0.4592862135600709
perm_android.permission.READ_SETTINGS,0,0.12425949460251932,0.1788794924866308,496.2,171.38074570966248,"pearson_r, mutual_information, entropy_reduction_ratio",0.0,0.1620112594525258,0.0,0.0,0.4592862135600709
perm_android.permission.ACCESS_LOCATION_EXTRA_COMMANDS,0,0.12399071324835524,0.14541243554645442,283.5,336.30611056000754,"pearson_r, mutual_information, entropy_reduction_ratio",0.02335732371449098,0.17479658595134798,0.020246832905072752,0.0130789337704893,0.3884738899003752
intent_com.excelliance.kxqp.action.time,0,0.12390368351754524,0.178805800368907,496.6,170.60550987585367,"pearson_r, mutual_information, entropy_reduction_ratio",0.0,0.16023220402765534,0.0,0.0,0.4592862135600709
intent_com.taobao.accs.intent.action.START_FROM_AGOO,0,0.12379115481599383,0.17878307776161464,496.8,170.21797789892815,"pearson_r, mutual_information, entropy_reduction_ratio",0.0,0.15966956051989828,0.0,0.0,0.4592862135600709
perm_android.permission.READ_LOGS,0,0.12365451588398506,0.21031680464278898,216.8,269.73201515578387,"pearson_r, chi2_stat, entropy_reduction_ratio",0.026928652022764715,0.0,0.028892602485275264,0.018659188165548957,0.5437921367463364
perm_android.permission.KILL_BACKGROUND_PROCESSES,0,0.12365451588398506,0.21031680464278898,216.8,269.73201515578387,"pearson_r, chi2_stat, entropy_reduction_ratio",0.026928652022764715,0.0,0.028892602485275264,0.018659188165548957,0.5437921367463364
perm_com.android.browser.permission.READ_HISTORY_BOOKMARKS,0,0.12365451588398506,0.21031680464278898,216.8,269.73201515578387,"pearson_r, chi2_stat, entropy_reduction_ratio",0.026928652022764715,0.0,0.028892602485275264,0.018659188165548957,0.5437921367463364
intent_android.intent.action.ANY_DATA_STATE,0,0.12365451588398506,0.21031680464278898,216.8,269.73201515578387,"pearson_r, chi2_stat, entropy_reduction_ratio",0.026928652022764715,0.0,0.028892602485275264,0.018659188165548957,0.5437921367463364
intent_android.intent.action.SCREEN_ON,0,0.12365451588398506,0.21031680464278898,216.8,269.73201515578387,"pearson_r, chi2_stat, entropy_reduction_ratio",0.026928652022764715,0.0,0.028892602485275264,0.018659188165548957,0.5437921367463364
intent_android.intent.action.mainintentex,0,0.12365451588398506,0.21031680464278898,216.8,269.73201515578387,"pearson_r, chi2_stat, entropy_reduction_ratio",0.026928652022764715,0.0,0.028892602485275264,0.018659188165548957,0.5437921367463364
intent_safiap.framework.ACTION_TO_UPDATE,0,0.12365451588398506,0.21031680464278893,218.0,269.01970188073585,"pearson_r, chi2_stat, entropy_reduction_ratio",0.026928652022764715,0.0,0.028892602485275264,0.018659188165548957,0.5437921367463363
intent_com.excelliance.dualaid.action.ext,0,0.12359938236046245,0.1787449999879425,497.2,169.4430877905617,"pearson_r, mutual_information, entropy_reduction_ratio",0.0,0.15871069824224135,0.0,0.0,0.4592862135600709
intent_com.excelliance.kxqp.action.navback,0,0.12348946198361906,0.17872354196495815,497.4,169.05573045596532,"pearson_r, mutual_information, entropy_reduction_ratio",0.0,0.15816109635802436,0.0,0.0,0.4592862135600709
perm_com.google.android.googleapps.permission.GOOGLE_AUTH.sierraqa,0,0.12336537126589986,0.1786996395926333,497.6,168.6684321383228,"pearson_r, mutual_information, entropy_reduction_ratio",0.0,0.15754064276942842,0.0,0.0,0.4592862135600709
perm_android.permission.PACKAGE_USAGE_STATS,0,0.12325862735151465,0.19873109980680242,167.3,98.77783152104524,"pearson_r, mutual_information, chi2_stat",0.013442391431110893,0.06014001601776867,0.014446301242637632,0.009283407658122874,0.5189810204079331
intent_android.easou.eyou.SEND_SMS_RESULT,0,0.12325703530438603,0.17867905113768262,497.8,168.2811932451158,"pearson_r, mutual_information, entropy_reduction_ratio",0.0,0.1569989629618593,0.0,0.0,0.4592862135600709
intent_android.provider.Telephony.SMS_DELIVER,0,0.1230243177040142,0.1786357054581081,498.0,167.8940141875225,"pearson_r, mutual_information, entropy_reduction_ratio",0.0,0.15583537496000013,0.0,0.0,0.4592862135600709
intent_com.qihoo.appstore.download_some_apk,0,0.12300823943666388,0.17863275513930096,498.2,167.50689538045887,"pearson_r, mutual_information, entropy_reduction_ratio",0.0,0.15575498362324847,0.0,0.0,0.4592862135600709
intent_com.inmobi.share.id,0,0.12298705251308553,0.17862887616135117,498.4,167.1198372426206,"pearson_r, mutual_information, entropy_reduction_ratio",0.0,0.1556490490053567,0.0,0.0,0.4592862135600709
perm_com.android.agedlauncher.permission.READ_SETTINGS,0,0.12287393927525785,0.17860833566418818,498.6,166.73284019652516,"pearson_r, mutual_information, entropy_reduction_ratio",0.0,0.1550834828162184,0.0,0.0,0.4592862135600709
intent_pre_add_game_uninstalled,0,0.12242921237506836,0.1785303329854155,498.8,166.34590466855502,"pearson_r, mutual_information, entropy_reduction_ratio",0.0,0.15285984831527097,0.0,0.0,0.4592862135600709
intent_com.excelliance.dualaid.action.psts,0,0.12234687369138633,0.17851637369581766,499.0,165.959031089001,"pearson_r, mutual_information, entropy_reduction_ratio",0.0,0.1524481548968608,0.0,0.0,0.4592862135600709
perm_android.permission.RAISED_THREAD_PRIORITY,0,0.12214538474558292,0.17848285048668147,499.2,165.57221989210632,"pearson_r, mutual_information, entropy_reduction_ratio",0.0,0.15144071016784372,0.0,0.0,0.4592862135600709
intent_android.provider.Telephony.WAP_PUSH_RECEIVED,0,0.12186571838547211,0.17843781812408713,499.4,165.18547151611125,"pearson_r, mutual_information, entropy_reduction_ratio",0.0,0.1500423783672897,0.0,0.0,0.4592862135600709
intent_android.intent.action.RESPOND_VIA_MESSAGE,0,0.12173190291871253,0.16156415220720624,318.8,302.7892996788361,"pearson_r, mutual_information, entropy_reduction_ratio",0.007765275268228205,0.17133039543123427,0.0067489443016909186,0.004330187009160033,0.41848471258324915
intent_com.morgoo.droidplugin.ACTION_SHORTCUT_PROXY_ZHUSHOU,0,0.12169519074967142,0.17841121449382089,499.6,164.7987864032985,"pearson_r, mutual_information, entropy_reduction_ratio",0.0,0.14918974018828624,0.0,0.0,0.4592862135600709
intent_com.excelliance.dualaid.action.notifystatus,0,0.12162417165702329,0.17840032610984333,499.8,164.41216500003887,"pearson_r, mutual_information, entropy_reduction_ratio",0.0,0.14883464472504554,0.0,0.0,0.4592862135600709
intent_LOCATION_SERVICE,0,0.12156499486865151,0.1783913392148147,500.0,164.0256077568378,"pearson_r, mutual_information, entropy_reduction_ratio",0.0,0.14853876078318665,0.0,0.0,0.4592862135600709
intent_com.punchbox.service,0,0.12148139827022594,0.17837877684933767,500.2,163.63911512838243,"pearson_r, mutual_information, entropy_reduction_ratio",0.0,0.14812077779105884,0.0,0.0,0.4592862135600709
intent_com.google.android.gms.gcm.ACTION_TASK_READY,0,0.12146196598719369,0.21033844045032848,224.7,265.881101246403,"pearson_r, chi2_stat, entropy_reduction_ratio",0.02055336418880521,0.0,0.027238840554056967,0.01776457420792068,0.5417530509851857
perm_android.permission.READ_CALL_LOG,0,0.12143549613871366,0.19934265043126134,170.1,113.93480591987682,"pearson_r, mutual_information, chi2_stat",0.013442391431110893,0.05102435995376364,0.014446301242637632,0.009283407658122874,0.5189810204079333
intent_com.excelliance.dualaid.platform.gameplugin.action.START_FROM_SHORTCUT,0,0.121345586556127,0.17835870018017633,500.4,163.25268757358944,"pearson_r, mutual_information, entropy_reduction_ratio",0.0,0.1474417192205641,0.0,0.0,0.4592862135600709
perm_android.permission.WRITE_EXTERNAL_STORAGE,0,0.12075823449091809,0.2077973076612031,178.8,145.30299377507677,"pearson_r, mutual_information, entropy_reduction_ratio",0.018214189723131016,0.023592624019255375,0.01025389118926985,0.015466888867919533,0.5362635786550147
intent_com.secneo.proxy.action.CUSTOM,0,0.12034888320584995,0.17822395853118067,501.2,161.7076374201293,"pearson_r, mutual_information, entropy_reduction_ratio",0.0,0.14245820246917887,0.0,0.0,0.4592862135600709
perm_android.permission.RECEIVE_BOOT_COMPLETED,0,0.12001418277208835,0.20601478661940947,173.8,153.11094017084477,"pearson_r, chi2_stat, mutual_information",0.015921538653578426,0.018680409880691043,0.0196430798015206,0.013802706070890574,0.5320231794537611
perm_com.huaqin.launcherEx.permission.READ_SETTINGS,0,0.11945784190250301,0.1781223023083748,501.4,161.3215422688489,"pearson_r, mutual_information, entropy_reduction_ratio",0.0,0.13800299595244417,0.0,0.0,0.4592862135600709
perm_com.asus.email.permission.ACCESS_PROVIDER,0,0.11944038965547325,0.17812048868319558,501.6,160.93551503630266,"pearson_r, mutual_information, entropy_reduction_ratio",0.0,0.13791573471729546,0.0,0.0,0.4592862135600709
perm_com.huawei.launcher2.permission.WRITE_SETTINGS,0,0.11932294519525825,0.17810846135905278,502.0,160.163666291703,"pearson_r, mutual_information, entropy_reduction_ratio",0.0,0.13732851241622035,0.0,0.0,0.4592862135600709
intent_com.qihoo.appstore.notification.click,0,0.1192388788657254,0.17810004197749477,502.2,159.7778457734363,"pearson_r, mutual_information, entropy_reduction_ratio",0.0,0.13690818076855604,0.0,0.0,0.4592862135600709
intent_android.intent.action.CHINAMOBILE_OMS_GAME,0,0.11908565736308532,0.20022609441861647,178.9,121.61060808991951,"pearson_r, mutual_information, chi2_stat",0.013442391431110893,0.039275166075622064,0.014446301242637632,0.009283407658122874,0.5189810204079331
intent_com.qihoo360.accounts.action.START_SERVICE,0,0.11903773598119889,0.17808053986194217,502.4,159.3920951615857,"pearson_r, mutual_information, entropy_reduction_ratio",0.0,0.1359024663459236,0.0,0.0,0.4592862135600709
perm_android.permission.READ_CONTACTS,0,0.11901308635300109,0.1773763375965786,343.2,275.48822116380944,"pearson_r, mutual_information, chi2_stat",1.1356929525941663e-05,0.13766771996750252,1.4739619674153527e-05,9.616660264804532e-06,0.457361998588038
intent_android.intent.action.defaultSmsSet,0,0.1187051762555967,0.17805028503543668,502.8,158.620805697109,"pearson_r, mutual_information, entropy_reduction_ratio",0.0,0.13423966771791265,0.0,0.0,0.4592862135600709
intent_com.qihoo.appstore.freeze.ICON,0,0.11862807171637531,0.1780436244913803,503.0,158.23526787666523,"pearson_r, mutual_information, entropy_reduction_ratio",0.0,0.13385414502180568,0.0,0.0,0.4592862135600709
intent_android.intent.action.VIEW,0,0.11858881890079329,0.0919699166016551,373.9,411.2644404759546,"pearson_r, chi2_stat, entropy_reduction_ratio",0.10995051461688102,0.0,0.11716616771319231,0.08322169695390198,0.28260571521999117
intent_android.accessibilityservice.AccessibilityService,0,0.11855650649832132,0.20043969783864532,180.7,125.16573013409062,"pearson_r, mutual_information, chi2_stat",0.013442391431110893,0.03662941175180204,0.014446301242637632,0.009283407658122874,0.5189810204079331
intent_com.excelliance.appmate.share,0,0.11850479721668701,0.17803325261113118,503.4,157.46440867700866,"pearson_r, mutual_information, entropy_reduction_ratio",0.0,0.1332377725233642,0.0,0.0,0.4592862135600709
perm_com.tencent.mm.ext.permission.WRITE,0,0.11842030934021561,0.17802634095129966,504.0,156.30866898544048,"pearson_r, mutual_information, entropy_reduction_ratio",0.0,0.13281533314100719,0.0,0.0,0.4592862135600709
perm_android.permission.MODE_WORLD_READABLE,0,0.11833183771948812,0.1780192750216868,504.4,155.53854827662497,"pearson_r, mutual_information, entropy_reduction_ratio",0.0,0.13237297503736972,0.0,0.0,0.4592862135600709
intent_com.miui.smsextra.hhha,0,0.1182764326007765,0.1780149394191279,504.6,155.1536013117324,"pearson_r, mutual_information, entropy_reduction_ratio",0.0,0.13209594944381164,0.0,0.0,0.4592862135600709
intent_com.facebook.sdk.ACTION_CURRENT_ACCESS_TOKEN_CHANGED,0,0.11823888198495328,0.17801204013733202,504.8,154.76873069195858,"pearson_r, mutual_information, entropy_reduction_ratio",0.0,0.1319081963646955,0.0,0.0,0.4592862135600709
intent_com.qihoo.appstore.ACTION_PACKAGE_REMOVED_NEED_CLEAR,0,0.11820769456204605,0.17800965620746442,505.0,154.38393698827608,"pearson_r, mutual_information, entropy_reduction_ratio",0.0,0.1317522592501594,0.0,0.0,0.4592862135600709
intent_android.intent.action.SCREEN_OFF,0,0.11808162059795486,0.20063595535304016,182.5,128.72334675574592,"pearson_r, mutual_information, chi2_stat",0.013442391431110893,0.03425498224996977,0.014446301242637632,0.009283407658122874,0.5189810204079331
intent_com.qihoo.appstore.ACTION_DAEMON_CORE_SERVICE,0,0.11806161296817622,0.17799878044310335,505.2,153.99922077724938,"pearson_r, mutual_information, entropy_reduction_ratio",0.0,0.13102185128081018,0.0,0.0,0.4592862135600709
intent_cn.egame.terminal.sdk.SERVICE_CMD,0,0.1179270456817482,0.17798918569522149,505.4,153.61458264110215,"pearson_r, mutual_information, entropy_reduction_ratio",0.0,0.13034901484867006,0.0,0.0,0.4592862135600709
intent_android.intent.action.NOTIFICATION_REMOVE,0,0.11784247901492959,0.20073641474630977,183.5,130.70080336401915,"pearson_r, mutual_information, chi2_stat",0.013442391431110893,0.0330592743348434,0.014446301242637632,0.009283407658122874,0.5189810204079331
intent_com.xiaomi.mipush.RECEIVE_MESSAGE,0,0.11745546321886402,0.17795876999714857,505.8,152.84554295104581,"pearson_r, mutual_information, entropy_reduction_ratio",0.0,0.12799110253424928,0.0,0.0,0.4592862135600709
intent_android.intent.action.DOWNLOAD_WAKEUP.sogou,0,0.11740216703541599,0.17795564661482174,506.0,152.46114259049747,"pearson_r, mutual_information, entropy_reduction_ratio",0.0,0.1277246216170091,0.0,0.0,0.4592862135600709
intent_com.adroid.SERVICE,0,0.11737257800301389,0.17795394011163818,506.2,152.07682269169092,"pearson_r, mutual_information, entropy_reduction_ratio",0.0,0.12757667645499857,0.0,0.0,0.4592862135600709
intent_com.qihoo.appstore.ACTION_UNLOCK_BROADCAST_RECEIVE,0,0.1171945165484372,0.17794408591340402,506.4,151.69258386618645,"pearson_r, mutual_information, entropy_reduction_ratio",0.0,0.1266863691821151,0.0,0.0,0.4592862135600709
intent_com.mobiletool.appstore.action.appdetail,0,0.11702663606898649,0.17793544743371514,506.6,151.30842673162655,"pearson_r, mutual_information, entropy_reduction_ratio",0.0,0.12584696678486162,0.0,0.0,0.4592862135600709
intent_com.qihoo.sdkplugging.host.service.CommonHostProxyService,0,0.11699532112465125,0.1779339061550906,506.8,150.92435191181045,"pearson_r, mutual_information, entropy_reduction_ratio",0.0,0.1256903920631854,0.0,0.0,0.4592862135600709
intent_com.qihoo.appstore.LitePluginDownload,0,0.11675472673169571,0.17792279935867678,507.0,150.54036003676887,"pearson_r, mutual_information, entropy_reduction_ratio",0.0,0.12448742009840764,0.0,0.0,0.4592862135600709
intent_com.example.servicejar.action.START_ASSIST,0,0.11673959663094127,0.17792214436221326,507.2,150.15645174284055,"pearson_r, mutual_information, entropy_reduction_ratio",0.0,0.12441176959463542,0.0,0.0,0.4592862135600709
intent_com.qihoo.commonservice.SERVICE,0,0.11673829869851331,0.177922088413054,507.4,149.7726276727493,"pearson_r, mutual_information, entropy_reduction_ratio",0.0,0.12440527993249562,0.0,0.0,0.4592862135600709
intent_cn.jpush.android.intent.CONNECTION,0,0.11669498035011117,0.1779202428315881,507.6,149.38888847568282,"pearson_r, mutual_information, entropy_reduction_ratio",0.0,0.12418868819048501,0.0,0.0,0.4592862135600709
intent_com.excelliance.kxqp.action.space.stat,0,0.11652959278950643,0.1779135843304633,507.8,149.00523480737178,"pearson_r, mutual_information, entropy_reduction_ratio",0.0,0.12336175038746129,0.0,0.0,0.4592862135600709
perm_org.adw.launcher_donut.permission.READ_SETTINGS,0,0.11631975954498594,0.17790602120693721,508.0,148.62166733017094,"pearson_r, mutual_information, entropy_reduction_ratio",0.0,0.12231258416485885,0.0,0.0,0.4592862135600709
intent_com.qihoo.appstore.plugin.share.IpluginService,0,0.1158978110177441,0.177893808821097,508.4,147.85479363213085,"pearson_r, mutual_information, entropy_reduction_ratio",0.0,0.12020284152864959,0.0,0.0,0.4592862135600709
intent_android.intent.action.NOTIFICATION_UPDATE,0,0.11589755387769782,0.20159373282013252,188.1,139.805364703934,"pearson_r, mutual_information, chi2_stat",0.013442391431110893,0.023334648648684526,0.014446301242637632,0.009283407658122874,0.5189810204079331
perm_xmpp.permission.RECEIVE_NOTIFICATION,0,0.11583876410927141,0.17789241907833372,508.6,147.47148876986358,"pearson_r, mutual_information, entropy_reduction_ratio",0.0,0.11990760698628616,0.0,0.0,0.4592862135600709
perm_com.google.android.googleapps.permission.GOOGLE_AUTH.news,0,0.11558639309559993,0.1778873627159979,508.8,147.08827281602024,"pearson_r, mutual_information, entropy_reduction_ratio",0.0,0.11864575191792871,0.0,0.0,0.4592862135600709
intent_show_setting_page,0,0.11555514457257851,0.17788683627251506,509.0,146.70514646732747,"pearson_r, mutual_information, entropy_reduction_ratio",0.0,0.11848950930282166,0.0,0.0,0.4592862135600709
intent_com.qihoo.appstore.ACTION_START_RADICALROOT,0,0.11545941417900252,0.17788536016349563,509.2,146.3221104276452,"pearson_r, mutual_information, entropy_reduction_ratio",0.0,0.1180108573349417,0.0,0.0,0.4592862135600709
intent_com.kingroot.kinguser.gamebox.ACTION_GAME_ADDED,0,0.11542946482563714,0.17788494067853602,509.4,145.93916540805623,"pearson_r, mutual_information, entropy_reduction_ratio",0.0,0.11786111056811482,0.0,0.0,0.4592862135600709
intent_com.baidu.autoupdatesdk.ACTION_NEW_AS,0,0.11539164850877533,0.17788443981621826,509.6,145.55631212695656,"pearson_r, mutual_information, entropy_reduction_ratio",0.0,0.11767202898380573,0.0,0.0,0.4592862135600709
intent_com.igexin.sdk.action.refreshls,0,0.11537199865543284,0.1778841922569651,509.8,145.1735513101474,"pearson_r, mutual_information, entropy_reduction_ratio",0.0,0.11757377971709333,0.0,0.0,0.4592862135600709
perm_android.hardware.camera.autofocus,0,0.11536978452922723,0.17788416490649203,510.0,144.79088369092855,"pearson_r, mutual_information, entropy_reduction_ratio",0.0,0.11756270908606527,0.0,0.0,0.4592862135600709
perm_android.permission.CALL_PHONE,0,0.11528372653115482,0.17224770880318313,344.2,277.4162215877074,"pearson_r, mutual_information, chi2_stat",0.0006306956668425109,0.12942867986058543,0.0008082820328182913,0.0005285708282390108,0.4450224042672888
intent_android.intent.action.ACTION_POWER_CONNECTED,0,0.1151476786871437,0.2019433178294204,189.9,143.37133604734248,"pearson_r, mutual_information, chi2_stat",0.013442391431110893,0.019585272695914036,0.014446301242637632,0.009283407658122874,0.5189810204079331
perm_com.qihoo.appstore.update.permission.clear_sdk,0,0.11511451588228086,0.17788175061832381,510.2,144.40831001019296,"pearson_r, mutual_information, entropy_reduction_ratio",0.0,0.11628636585133341,0.0,0.0,0.4592862135600709
intent_com.sogou.passport.service.upload,0,0.11508430735870837,0.1778815618706568,510.4,144.0258310165229,"pearson_r, mutual_information, entropy_reduction_ratio",0.0,0.1161353232334709,0.0,0.0,0.4592862135600709
perm_android.permission.MANAGE_DEVICE_ADMINS,0,0.11476583692517346,0.17788082052950474,510.8,143.26116012374044,"pearson_r, mutual_information, entropy_reduction_ratio",0.0,0.11454297106579645,0.0,0.0,0.4592862135600709
intent_android.net.wifi.supplicant.CONNECTION_CHANGE,0,0.11464208671159207,0.17788114775913358,511.0,142.87896976112336,"pearson_r, mutual_information, entropy_reduction_ratio",0.0,0.11392421999788942,0.0,0.0,0.4592862135600709
intent_com.telecom.sdk_auth_ui.SMS_CODE_SEND_ACTIOIN,0,0.11464114164824894,0.17788115158312395,511.2,142.49687715876442,"pearson_r, mutual_information, entropy_reduction_ratio",0.0,0.11391949468117386,0.0,0.0,0.4592862135600709
perm_android.permission.BROADCAST_SMS,0,0.11457356135751728,0.17788147709962607,511.4,142.11488310518362,"pearson_r, mutual_information, entropy_reduction_ratio",0.0,0.11358159322751556,0.0,0.0,0.4592862135600709
intent_android.fbreader.action.CLOSE,0,0.11453930855819083,0.17788168130398485,511.6,141.73298839719706,"pearson_r, mutual_information, entropy_reduction_ratio",0.0,0.11341032923088326,0.0,0.0,0.4592862135600709
intent_com.kingroot.kinguser.service.IKingrootAppList,0,0.11445987856221884,0.17788225636548552,511.8,141.35119384002385,"pearson_r, mutual_information, entropy_reduction_ratio",0.0,0.11301317925102333,0.0,0.0,0.4592862135600709
intent_com.qihoo.appstore.QihooAlliance,0,0.11445707576311855,0.1778822792487045,512.0,140.96950024739394,"pearson_r, mutual_information, entropy_reduction_ratio",0.0,0.11299916525552185,0.0,0.0,0.4592862135600709
perm_android.permission.CHANGE_COMPONENT_ENABLED_STATE,0,0.11436471557627685,0.2023195477907161,191.3,146.14602286754163,"pearson_r, mutual_information, chi2_stat",0.013442391431110893,0.015670457141579698,0.014446301242637632,0.009283407658122874,0.5189810204079331
perm_android.permission.GET_INTENT_SENDER_INTENT,0,0.11413485710533935,0.17788608743266465,512.4,140.20641925389864,"pearson_r, mutual_information, entropy_reduction_ratio",0.0,0.11138807196662591,0.0,0.0,0.4592862135600709
intent_com.sogou.androidtool.service.weathernotifyreceiver,0,0.11412405465937725,0.17788625554794568,512.6,139.82503352404387,"pearson_r, mutual_information, entropy_reduction_ratio",0.0,0.11133405973681534,0.0,0.0,0.4592862135600709
perm_android.permission.SET_DEBUG_APP,0,0.11410828797202563,0.15993502955935415,329.6,297.3836579235651,"pearson_r, mutual_information, entropy_reduction_ratio",0.007765275268228205,0.13321232069779984,0.0067489443016909186,0.004330187009160033,0.41848471258324915
intent_com.qihoo.appstore.clipboard.change,0,0.1141050184309123,0.17788655818903948,512.8,139.44375210098156,"pearson_r, mutual_information, entropy_reduction_ratio",0.0,0.11123887859449058,0.0,0.0,0.4592862135600709
intent_android.accounts.AccountAuthenticator,0,0.11407970243444945,0.16470451969583427,340.3,281.3607293138117,"pearson_r, mutual_information, chi2_stat",0.0032206357835938408,0.13278436877052044,0.003985593159891049,0.0025712291188639295,0.427836685339378
intent_android.intent.action.apservice,0,0.11386641923023419,0.177891042551346,513.0,139.06257584267595,"pearson_r, mutual_information, entropy_reduction_ratio",0.0,0.11004588259110011,0.0,0.0,0.4592862135600709
intent_android.intent.action.UPDATE_NOTIFICATION,0,0.11379393827145431,0.1778926582697545,513.4,138.30054229828602,"pearson_r, mutual_information, entropy_reduction_ratio",0.0,0.10968347779720072,0.0,0.0,0.4592862135600709
intent_com.sogou.androidtool.browser.highspeed,0,0.11377540663123416,0.17789309032988243,513.6,137.91968677458632,"pearson_r, mutual_information, entropy_reduction_ratio",0.0,0.10959081959609988,0.0,0.0,0.4592862135600709
intent_com.kingroot.kinguser.ACTION_MAIN_START_CHECK,0,0.1136818508406977,0.1778953894359147,513.8,137.53893994065825,"pearson_r, mutual_information, entropy_reduction_ratio",0.0,0.10912304064341763,0.0,0.0,0.4592862135600709
intent_com.yuetu.shentu.Intent.WECHAT_SHARE,0,0.11363357381099101,0.17789665279839528,514.0,137.1583027016593,"pearson_r, mutual_information, entropy_reduction_ratio",0.0,0.10888165549488421,0.0,0.0,0.4592862135600709
intent_com.qihoo.appstore.battery.FREEZE_APP,0,0.1135773459439255,0.17789819027642667,514.2,136.77777597256068,"pearson_r, mutual_information, entropy_reduction_ratio",0.0,0.10860051615955667,0.0,0.0,0.4592862135600709
perm_com.google.android.googleapps.permission.GOOGLE_AUTH.adwords,0,0.11353652218895478,0.17789935108286054,514.4,136.39736067827704,"pearson_r, mutual_information, entropy_reduction_ratio",0.0,0.10839639738470298,0.0,0.0,0.4592862135600709
intent_com.chance.service,0,0.11348793627437656,0.1779007814299774,514.6,136.01705775379793,"pearson_r, mutual_information, entropy_reduction_ratio",0.0,0.10815346781181193,0.0,0.0,0.4592862135600709
perm_android.permission.ACCOUNT_MANAGER,0,0.11347266761632571,0.17790124189075782,515.0,135.25679280538927,"pearson_r, mutual_information, entropy_reduction_ratio",0.0,0.1080771245215577,0.0,0.0,0.4592862135600709
intent_com.kingroot.common.ACTION_TOP_ACTIVITY_CHANGED,0,0.11332745834026574,0.1779058829129122,515.2,134.87683270302577,"pearson_r, mutual_information, entropy_reduction_ratio",0.0,0.10735107814125784,0.0,0.0,0.4592862135600709
perm_android.permission.WRITE_MEDIA_STORAGE,0,0.1132532694724901,0.17790843699143657,515.4,134.49698881387644,"pearson_r, mutual_information, entropy_reduction_ratio",0.0,0.1069801338023796,0.0,0.0,0.4592862135600709
intent_com.qihoo.appstore.ACTION_LOCK_SCREEN_AD_STATE_CHANGE,0,0.11312544848896496,0.17791312762776545,515.6,134.11726212535058,"pearson_r, mutual_information, entropy_reduction_ratio",0.0,0.10634102888475383,0.0,0.0,0.4592862135600709
intent_com.google.vr.vrcore.ACTION_NONE,0,0.11311657379406867,0.1432229861345542,299.7,331.05794054817653,"pearson_r, mutual_information, entropy_reduction_ratio",0.02335732371449098,0.12042588867991517,0.020246832905072752,0.0130789337704893,0.3884738899003752
intent_com.ss.android.socialbase.downloader.remote,0,0.11293783137721485,0.17792067763314673,515.8,133.73765363576558,"pearson_r, mutual_information, entropy_reduction_ratio",0.0,0.1054029433260034,0.0,0.0,0.4592862135600709
perm_com.lge.launcher.permission.READ_SETTINGS,0,0.1129255117040134,0.1779212010729815,516.0,133.35816435449314,"pearson_r, mutual_information, entropy_reduction_ratio",0.0,0.1053413449599961,0.0,0.0,0.4592862135600709
perm_com.google.android.googleapps.permission.GOOGLE_AUTH.sierrasandbox,0,0.11290498810358293,0.17792208065594536,516.2,132.97879530210824,"pearson_r, mutual_information, entropy_reduction_ratio",0.0,0.10523872695784386,0.0,0.0,0.4592862135600709
perm_android.permission.ACCESS_COARSE_UPDATES,0,0.11275648570281815,0.17792872705991833,516.4,132.5995475105402,"pearson_r, mutual_information, entropy_reduction_ratio",0.0,0.10449621495401992,0.0,0.0,0.4592862135600709
perm_android.permission.READ_CELL_BROADCASTS,0,0.112695290640997,0.1779316100867509,516.6,132.22042202322604,"pearson_r, mutual_information, entropy_reduction_ratio",0.0,0.10419023964491408,0.0,0.0,0.4592862135600709
intent_com.qihoo.appstore.clean.result,0,0.11264854633697338,0.17793386898947144,516.8,131.84141989526663,"pearson_r, mutual_information, entropy_reduction_ratio",0.0,0.1039565181247961,0.0,0.0,0.4592862135600709
perm_android.Manifest.permission.READ_SMS,0,0.112588545535526,0.17793684045544064,517.0,131.46254219358457,"pearson_r, mutual_information, entropy_reduction_ratio",0.0,0.10365651411755909,0.0,0.0,0.4592862135600709
intent_android.hardware.usb.action.USB_STATE,0,0.11254884199615331,0.17793885119127656,517.2,131.08378999708546,"pearson_r, mutual_information, entropy_reduction_ratio",0.0,0.10345799642069568,0.0,0.0,0.4592862135600709
perm_com.yulong3.android.launcher.permission.READ_SETTINGS,0,0.11250041405469265,0.17794135170389155,517.6,130.32666649615496,"pearson_r, mutual_information, entropy_reduction_ratio",0.0,0.10321585671339237,0.0,0.0,0.4592862135600709
perm_com.fx.launcher.permission.WRITE_SETTINGS,0,0.11243213584833059,0.17794496666021814,517.8,129.94829741093184,"pearson_r, mutual_information, entropy_reduction_ratio",0.0,0.10287446568158204,0.0,0.0,0.4592862135600709
perm_com.google.android.googleapps.permission.GOOGLE_AUTH.blogger,0,0.11239956023401813,0.17794672825973196,518.0,129.5700582696481,"pearson_r, mutual_information, entropy_reduction_ratio",0.0,0.10271158761001982,0.0,0.0,0.4592862135600709
perm_com.google.android.googleapps.permission.GOOGLE_AUTH.wifi,0,0.11232941304992754,0.17795060255264908,518.2,129.19195021362594,"pearson_r, mutual_information, entropy_reduction_ratio",0.0,0.10236085168956677,0.0,0.0,0.4592862135600709
intent_com.qihoo.appstore.battery.NOTIFY,0,0.11184718648954177,0.1779802273534525,518.6,128.43613198784837,"pearson_r, mutual_information, entropy_reduction_ratio",0.0,0.09994971888763798,0.0,0.0,0.4592862135600709
intent_com.mobiletool.appstore.action.sdk,0,0.11128447360945634,0.17802139654673055,518.8,128.05842416647175,"pearson_r, mutual_information, entropy_reduction_ratio",0.0,0.09713615448721089,0.0,0.0,0.4592862135600709
perm_com.android.launcher.permission.WRITE_SETTINGS,0,0.1112306241479609,0.20393901832001737,246.2,255.38942812888712,"pearson_r, chi2_stat, entropy_reduction_ratio",0.013442391431110893,0.0,0.014446301242637632,0.009283407658122874,0.5189810204079331
perm_android.permission.INSTALL_PACKAGES,0,0.1112306241479609,0.20393901832001737,246.2,255.38942812888712,"pearson_r, chi2_stat, entropy_reduction_ratio",0.013442391431110893,0.0,0.014446301242637632,0.009283407658122874,0.5189810204079331
perm_android.permission.BATTERY_STATS,0,0.1112306241479609,0.20393901832001737,246.2,255.38942812888712,"pearson_r, chi2_stat, entropy_reduction_ratio",0.013442391431110893,0.0,0.014446301242637632,0.009283407658122874,0.5189810204079331
perm_android.permission.WRITE_SYNC_SETTINGS,0,0.1112306241479609,0.20393901832001737,246.2,255.38942812888712,"pearson_r, chi2_stat, entropy_reduction_ratio",0.013442391431110893,0.0,0.014446301242637632,0.009283407658122874,0.5189810204079331
intent_android.intent.action.SERVICE_STATE,0,0.1112306241479609,0.20393901832001737,246.2,255.38942812888712,"pearson_r, chi2_stat, entropy_reduction_ratio",0.013442391431110893,0.0,0.014446301242637632,0.009283407658122874,0.5189810204079331
perm_android.permission.READ_SYNC_SETTINGS,0,0.1112306241479609,0.20393901832001737,246.2,255.38942812888712,"pearson_r, chi2_stat, entropy_reduction_ratio",0.013442391431110893,0.0,0.014446301242637632,0.009283407658122874,0.5189810204079331
intent_android.intent.action.NOTIFICATION_ADD,0,0.1112306241479609,0.20393901832001737,246.2,255.38942812888712,"pearson_r, chi2_stat, entropy_reduction_ratio",0.013442391431110893,0.0,0.014446301242637632,0.009283407658122874,0.5189810204079331
perm_,0,0.1112306241479609,0.20393901832001737,246.2,255.38942812888712,"pearson_r, chi2_stat, entropy_reduction_ratio",0.013442391431110893,0.0,0.014446301242637632,0.009283407658122874,0.5189810204079331
intent_com.snowfish.a.a.s.ABGSvc,0,0.1112306241479609,0.20393901832001737,246.2,255.38942812888712,"pearson_r, chi2_stat, entropy_reduction_ratio",0.013442391431110893,0.0,0.014446301242637632,0.009283407658122874,0.5189810204079331
intent_com.door.pay.sdk.app.action,0,0.1112306241479609,0.20393901832001737,246.2,255.38942812888712,"pearson_r, chi2_stat, entropy_reduction_ratio",0.013442391431110893,0.0,0.014446301242637632,0.009283407658122874,0.5189810204079331
intent_android.intent.action.EXTERNAL_APPLICATIONS_AVAILABLE,0,0.1112306241479609,0.20393901832001737,246.2,255.38942812888712,"pearson_r, chi2_stat, entropy_reduction_ratio",0.013442391431110893,0.0,0.014446301242637632,0.009283407658122874,0.5189810204079331
intent_android.intent.action.PACKAGE_CHANGED,0,0.1112306241479609,0.20393901832001737,246.2,255.38942812888712,"pearson_r, chi2_stat, entropy_reduction_ratio",0.013442391431110893,0.0,0.014446301242637632,0.009283407658122874,0.5189810204079331
intent_aspire.iap.SMS_DELIVERED_ACTION,0,0.1112306241479609,0.20393901832001737,246.2,255.38942812888712,"pearson_r, chi2_stat, entropy_reduction_ratio",0.013442391431110893,0.0,0.014446301242637632,0.009283407658122874,0.5189810204079331
intent_android.intent.action.PACKAGE_RESTARTED,0,0.1112306241479609,0.20393901832001737,246.2,255.38942812888712,"pearson_r, chi2_stat, entropy_reduction_ratio",0.013442391431110893,0.0,0.014446301242637632,0.009283407658122874,0.5189810204079331
intent_android.intent.action.PACKAGE_INSTALL,0,0.1112306241479609,0.20393901832001737,246.2,255.38942812888712,"pearson_r, chi2_stat, entropy_reduction_ratio",0.013442391431110893,0.0,0.014446301242637632,0.009283407658122874,0.5189810204079331
intent_selfupdate_notification_cancelled,0,0.11121522231679512,0.17802695411142333,519.2,127.30341707903995,"pearson_r, mutual_information, entropy_reduction_ratio",0.0,0.09678989802390472,0.0,0.0,0.4592862135600709
intent_com.excelliance.open.NEXT_CHAPTER,0,0.11103482757172811,0.17804193625279316,519.4,126.92612024323441,"pearson_r, mutual_information, entropy_reduction_ratio",0.0,0.09588792429856972,0.0,0.0,0.4592862135600709
perm_android.permission.WRITE_APN_STORAGE,0,0.11094917956709575,0.1780493050001877,519.6,126.54896285627947,"pearson_r, mutual_information, entropy_reduction_ratio",0.0,0.09545968427540787,0.0,0.0,0.4592862135600709
perm_com.google.android.googleapps.permission.GOOGLE_AUTH.jotspot,0,0.11093888233124996,0.1780502020025656,519.8,126.17194616871058,"pearson_r, mutual_information, entropy_reduction_ratio",0.0,0.0954081980961789,0.0,0.0,0.4592862135600709
intent_com.kingroot.master.action.MAIN_EXIT_CHECK,0,0.11085792266600696,0.17805733730744527,520.0,125.79507144558566,"pearson_r, mutual_information, entropy_reduction_ratio",0.0,0.09500339976996394,0.0,0.0,0.4592862135600709
perm_android.permission.ACCESS_ALL_DOWNLOADS,0,0.11038634131560934,0.17810182009045267,520.6,124.66531193559818,"pearson_r, mutual_information, entropy_reduction_ratio",0.0,0.09264549301797578,0.0,0.0,0.4592862135600709
perm_android.permission.BIND_ACCESSIBILITY_SERVICE,0,0.11033796566102558,0.1781066650371241,520.8,124.28901801848787,"pearson_r, mutual_information, entropy_reduction_ratio",0.0,0.092403614745057,0.0,0.0,0.4592862135600709
intent_com.smartdialer.voip.action.STATE_RINGING,0,0.11032282410751255,0.17810819227531657,521.0,123.91287261620562,"pearson_r, mutual_information, entropy_reduction_ratio",0.0,0.09232790697749192,0.0,0.0,0.4592862135600709
intent_com.sogou.androidtool.intent.action.COMMAND,0,0.11018565754850665,0.17812226142727194,521.2,123.53687708534646,"pearson_r, mutual_information, entropy_reduction_ratio",0.0,0.09164207418246234,0.0,0.0,0.4592862135600709
intent_com.qihoo.hongbao.LOGIN,0,0.11017539790707538,0.17812333069544473,521.4,123.16103279852763,"pearson_r, mutual_information, entropy_reduction_ratio",0.0,0.09159077597530599,0.0,0.0,0.4592862135600709
perm_com.kingroot.kinguser.permission.activityCalled,0,0.11004617351566884,0.17813700038658278,521.6,122.78534114461709,"pearson_r, mutual_information, entropy_reduction_ratio",0.0,0.09094465401827324,0.0,0.0,0.4592862135600709
perm_com.tencent.mm.plugin.permission.READ,0,0.10990726130101743,0.17815211186482216,521.8,122.40980352896577,"pearson_r, mutual_information, entropy_reduction_ratio",0.0,0.09025009294501618,0.0,0.0,0.4592862135600709
perm_qiku.permission.RECEIVE_ACTIVITY_RESUMED,0,0.10989007705789863,0.17815401126612068,522.0,122.0344213736436,"pearson_r, mutual_information, entropy_reduction_ratio",0.0,0.09016417172942234,0.0,0.0,0.4592862135600709
intent_com.kingroot.ACTION_SERVICE_PSS_RECORD,0,0.1098704242535389,0.17815619162368848,522.2,121.65919611767947,"pearson_r, mutual_information, entropy_reduction_ratio",0.0,0.09006590770762361,0.0,0.0,0.4592862135600709
intent_com.excelliance.kxqp.action.smtsrv,0,0.10986707735412708,0.17815656380305753,522.4,121.28412921730525,"pearson_r, mutual_information, entropy_reduction_ratio",0.0,0.09004917321056452,0.0,0.0,0.4592862135600709
perm_com.tencent.msf.permission.account.sync,0,0.10984999493343243,0.17815846729499282,522.6,120.90922214620355,"pearson_r, mutual_information, entropy_reduction_ratio",0.0,0.08996376110709126,0.0,0.0,0.4592862135600709
intent_cn.jpush.android.intent.NOTIFICATION_CLICK_ACTION,0,0.10977357796957062,0.1781670623834097,523.0,120.15989347531895,"pearson_r, mutual_information, entropy_reduction_ratio",0.0,0.08958167628778214,0.0,0.0,0.4592862135600709
intent_com.qihoo.appstore.ACTION_WX_CLEAR,0,0.10969853186584311,0.17817563046921056,523.2,119.78547491244504,"pearson_r, mutual_information, entropy_reduction_ratio",0.0,0.08920644576914462,0.0,0.0,0.4592862135600709
perm_com.sonyericsson.home.WRITE_SETTINGS,0,0.1095914316546038,0.17818807644851284,523.4,119.4112222531869,"pearson_r, mutual_information, entropy_reduction_ratio",0.0,0.08867094471294813,0.0,0.0,0.4592862135600709
intent_com.qihoo360.mobilesafe.pcdaemon.filehandle,0,0.1095562245641493,0.17819222386380987,523.6,119.03713706234706,"pearson_r, mutual_information, entropy_reduction_ratio",0.0,0.0884949092606757,0.0,0.0,0.4592862135600709
perm_com.tencent.mm.permission.MM_MESSAGE,0,0.10947571751706486,0.1782018118305037,523.8,118.66322092375549,"pearson_r, mutual_information, entropy_reduction_ratio",0.0,0.08809237402525347,0.0,0.0,0.4592862135600709
perm_com.samsung.svoice.sync.WRITE_DATABASE,0,0.10943650452579401,0.17820653439207093,524.0,118.28947544054796,"pearson_r, mutual_information, entropy_reduction_ratio",0.0,0.08789630906889918,0.0,0.0,0.4592862135600709
intent_com.qihoo360.daemon.pcdaemon.ACTION_START_CAPTURE,0,0.10933431844954795,0.1782190025898465,524.4,117.54250295106021,"pearson_r, mutual_information, entropy_reduction_ratio",0.0,0.08738537868766887,0.0,0.0,0.4592862135600709
intent_com.xiaomi.push.PING_TIMER,0,0.10930343765609163,0.17822281644044363,524.6,117.16927925015158,"pearson_r, mutual_information, entropy_reduction_ratio",0.0,0.08723097472038725,0.0,0.0,0.4592862135600709
perm_android.Manifest.permission.READ_PHONE_NUMBERS,0,0.10912287248569252,0.1782455434257736,524.8,116.7962328159603,"pearson_r, mutual_information, entropy_reduction_ratio",0.0,0.08632814886839178,0.0,0.0,0.4592862135600709
intent_com.easou.eyou.START_EPAY_PROXY_SERVICE,0,0.10876827768832961,0.17829229507142097,525.0,116.42336535249271,"pearson_r, mutual_information, entropy_reduction_ratio",0.0,0.08455517488157717,0.0,0.0,0.4592862135600709
perm_com.smartisanos.launcher.WRITE_DATABASE,0,0.10848311784933395,0.17833192915281793,525.2,116.05067858483207,"pearson_r, mutual_information, entropy_reduction_ratio",0.0,0.08312937568659891,0.0,0.0,0.4592862135600709
intent_com.qihoo.appstore.ACTION_CHARGE_SHOW_TIPS_DLG,0,0.10842719481534598,0.17833991471703123,525.4,115.6781742594514,"pearson_r, mutual_information, entropy_reduction_ratio",0.0,0.08284976051665902,0.0,0.0,0.4592862135600709
intent_android.net.wifi.PICK_WIFI_WORK,0,0.10825624537141416,0.17836475821324296,525.6,115.30585414453162,"pearson_r, mutual_information, entropy_reduction_ratio",0.0,0.08199501329699987,0.0,0.0,0.4592862135600709
perm_android.permission.READ_INSTALL_SESSIONS,0,0.10821818252749024,0.17837037848797754,525.8,114.93372003028527,"pearson_r, mutual_information, entropy_reduction_ratio",0.0,0.08180469907738035,0.0,0.0,0.4592862135600709
intent_com.qihoo.appstore.CLEAN_ACTIVITY_DESTROY,0,0.10821204220960871,0.17837128818037912,526.0,114.56177372928546,"pearson_r, mutual_information, entropy_reduction_ratio",0.0,0.08177399748797265,0.0,0.0,0.4592862135600709
intent_com.qihoo.appstore.NOTIFY_DELETE,0,0.10815960364804607,0.17837909124224813,526.2,114.19001707680054,"pearson_r, mutual_information, entropy_reduction_ratio",0.0,0.08151180468015945,0.0,0.0,0.4592862135600709
perm_android.permission.BIND_APPWIDGET,0,0.10815411263597952,0.1783799118729082,526.4,113.8184519311346,"pearson_r, mutual_information, entropy_reduction_ratio",0.0,0.0814843496198267,0.0,0.0,0.4592862135600709
perm_com.android.launcher2.permission.READ_SETTINGS,0,0.10796866210300766,0.17840802215965057,526.8,113.0759037107376,"pearson_r, mutual_information, entropy_reduction_ratio",0.0,0.0805570969549674,0.0,0.0,0.4592862135600709
perm_com.android.launcher3.permission.INSTALL_SHORTCUT,0,0.10792957577128033,0.17841404461796379,527.0,112.7049244709387,"pearson_r, mutual_information, entropy_reduction_ratio",0.0,0.08036166529633075,0.0,0.0,0.4592862135600709
intent_com.excelliance.open.action.fw,0,0.10783573444638288,0.17842864276848894,527.2,112.3341444085457,"pearson_r, mutual_information, entropy_reduction_ratio",0.0,0.07989245867184351,0.0,0.0,0.4592862135600709
perm_com.motorola.dock.DesktopDock.permission.READ_SETTINGS,0,0.10757241912773466,0.17847065216769528,527.4,111.96356550235438,"pearson_r, mutual_information, entropy_reduction_ratio",0.0,0.07857588207860243,0.0,0.0,0.4592862135600709
perm_com.android.launcher3.permission.WRITE_SETTINGS,0,0.10756911943350249,0.17847118839780976,527.6,111.59318975636462,"pearson_r, mutual_information, entropy_reduction_ratio",0.0,0.07855938360744158,0.0,0.0,0.4592862135600709
perm_com.baiqi.weather.permission.READ_SETTINGS,0,0.10738647770705967,0.1785012473250462,527.8,111.22301920016378,"pearson_r, mutual_information, entropy_reduction_ratio",0.0,0.07764617497522748,0.0,0.0,0.4592862135600709
perm_yulong.permission.ACCESS_YLPARAMS,0,0.10738448098011082,0.1785015800464322,528.0,110.85305588931682,"pearson_r, mutual_information, entropy_reduction_ratio",0.0,0.07763619134048319,0.0,0.0,0.4592862135600709
intent_com.baoruan.launcher3.ACTION_THEME,0,0.10729727957393731,0.1785161972505281,528.2,110.48330190576313,"pearson_r, mutual_information, entropy_reduction_ratio",0.0,0.07720018430961566,0.0,0.0,0.4592862135600709
perm_com.google.android.googleapps.permission.GOOGLE_AUTH.gbase,0,0.10721408070708782,0.17853030123045824,528.4,110.11375935822007,"pearson_r, mutual_information, entropy_reduction_ratio",0.0,0.07678418997536825,0.0,0.0,0.4592862135600709
perm_android.permission.BROADCAST_PACKAGE_ADDED,0,0.10721300342176736,0.17853048486303258,528.6,109.7444303825939,"pearson_r, mutual_information, entropy_reduction_ratio",0.0,0.07677880354876591,0.0,0.0,0.4592862135600709
intent_cn.jpush.android.intent.REGISTRATION,0,0.10721064972771002,0.17853088616029375,528.8,109.37531714239735,"pearson_r, mutual_information, entropy_reduction_ratio",0.0,0.07676703507847926,0.0,0.0,0.4592862135600709
intent_com.igexin.sdk.action.service.message,0,0.10714290401605464,0.17854248939618017,529.0,109.00642182917481,"pearson_r, mutual_information, entropy_reduction_ratio",0.0,0.07642830652020237,0.0,0.0,0.4592862135600709
perm_com.sonyericsson.home.READ_SETTINGS,0,0.10710642980320022,0.17854877883310075,529.2,108.63774666293479,"pearson_r, mutual_information, entropy_reduction_ratio",0.0,0.0762459354559302,0.0,0.0,0.4592862135600709
intent_com.qihoo.appstore.CHECK_STORAGE,0,0.10691839189540273,0.1785816724677869,529.4,108.26929389258989,"pearson_r, mutual_information, entropy_reduction_ratio",0.0,0.07530574591694277,0.0,0.0,0.4592862135600709
perm_com.android.launcher2.permission.INSTALL_SHORTCUT,0,0.10690588109198725,0.17858388887766805,529.6,107.90106579640445,"pearson_r, mutual_information, entropy_reduction_ratio",0.0,0.07524319189986531,0.0,0.0,0.4592862135600709
intent_com.excelliance.dualaid.action.phone_res_download,0,0.10685294786026697,0.1785933050013554,529.8,107.5330646824501,"pearson_r, mutual_information, entropy_reduction_ratio",0.0,0.07497852574126403,0.0,0.0,0.4592862135600709
perm_android.permission.FORCE_STOP_PACKAGES,0,0.10669274298895437,0.17862218263445837,530.0,107.16529288906926,"pearson_r, mutual_information, entropy_reduction_ratio",0.0,0.07417750138470093,0.0,0.0,0.4592862135600709
perm_android.permission.ACCESS_MOCK_LOCATION,0,0.1065739785750078,0.143486592366141,315.7,328.9391433076945,"pearson_r, mutual_information, entropy_reduction_ratio",0.02335732371449098,0.08771291258461086,0.020246832905072752,0.0130789337704893,0.3884738899003752
intent_show_taskmanager,0,0.10654306562653355,0.1786496776754794,530.2,106.79775278534656,"pearson_r, mutual_information, entropy_reduction_ratio",0.0,0.07342911457259692,0.0,0.0,0.4592862135600709
perm_com.huawei.launcher.permission.WRITE_SETTINGS,0,0.10648997470274475,0.17865954972696238,530.4,106.43044677158882,"pearson_r, mutual_information, entropy_reduction_ratio",0.0,0.07316365995365293,0.0,0.0,0.4592862135600709
perm_com.mx.launcher.permission.READ_SETTINGS,0,0.10646083772640318,0.17866499422266044,530.6,106.06337727981322,"pearson_r, mutual_information, entropy_reduction_ratio",0.0,0.07301797507194507,0.0,0.0,0.4592862135600709
perm_android.permission.BIND_DIRECTORY_SEARCH,0,0.10626787599148499,0.1787015262472728,531.0,105.32995775181911,"pearson_r, mutual_information, entropy_reduction_ratio",0.0,0.07205316639735412,0.0,0.0,0.4592862135600709
intent_com.google.Ps.Download,0,0.10611081106894582,0.1787318718698165,531.2,104.96361274270241,"pearson_r, mutual_information, entropy_reduction_ratio",0.0,0.07126784178465818,0.0,0.0,0.4592862135600709
intent_com.yulong.mms.NEW_MESSAGE_EXTERNAL,0,0.10570955111806321,0.17881187946154045,531.4,104.5975143108095,"pearson_r, mutual_information, entropy_reduction_ratio",0.0,0.06926154203024519,0.0,0.0,0.4592862135600709
perm_org.adw.launcher.permission.WRITE_SETTINGS,0,0.10554999315193683,0.17884468460635194,531.6,104.23166505433942,"pearson_r, mutual_information, entropy_reduction_ratio",0.0,0.06846375219961327,0.0,0.0,0.4592862135600709
perm_com.ty.launcher.permission.READ_SETTINGS,0,0.10554565978593786,0.17884558340526302,531.8,103.86606760631693,"pearson_r, mutual_information, entropy_reduction_ratio",0.0,0.06844208536961842,0.0,0.0,0.4592862135600709
intent_action.qihoo360.daemon.pcdaemon.DaemonStatus,0,0.10545091664008255,0.17886533825017356,532.0,103.50072463514446,"pearson_r, mutual_information, entropy_reduction_ratio",0.0,0.06796836964034184,0.0,0.0,0.4592862135600709
perm_com.yulong.android.launcher3.WRITE_SETTINGS,0,0.10543426277209103,0.17886883125780664,532.2,103.1356388451635,"pearson_r, mutual_information, entropy_reduction_ratio",0.0,0.06788510030038422,0.0,0.0,0.4592862135600709
intent_com.excelliance.kxqp.action.explore,0,0.10538744971638662,0.17887868275300814,532.4,102.77081297722619,"pearson_r, mutual_information, entropy_reduction_ratio",0.0,0.06765103502186229,0.0,0.0,0.4592862135600709
intent_com.huawei.android.push.intent.REGISTRATION,0,0.1053207461237605,0.17889280379544148,532.6,102.40624980927679,"pearson_r, mutual_information, entropy_reduction_ratio",0.0,0.06731751705873168,0.0,0.0,0.4592862135600709
perm_com.tencent.mm.permission.C2D_MESSAGE,0,0.10529186441042973,0.17889894852441915,532.8,102.04195215694376,"pearson_r, mutual_information, entropy_reduction_ratio",0.0,0.06717310849207779,0.0,0.0,0.4592862135600709
perm_com.mediatek.launcherplus.permission.READ_SETTINGS,0,0.10501236441214631,0.17895936591463,533.4,100.95068102791579,"pearson_r, mutual_information, entropy_reduction_ratio",0.0,0.06577560850066075,0.0,0.0,0.4592862135600709
intent_com.sogou.androidtool.service.weatherservice,0,0.10500809106951699,0.1789603030446015,533.6,100.58747436932693,"pearson_r, mutual_information, entropy_reduction_ratio",0.0,0.06575424178751405,0.0,0.0,0.4592862135600709
intent_com.qihoo.appstore.APPWATCHER_CHANGE_TIME,0,0.10500326493808007,0.17896136188421755,533.8,100.22454789122274,"pearson_r, mutual_information, entropy_reduction_ratio",0.0,0.06573011113032953,0.0,0.0,0.4592862135600709
perm_com.sonymobile.home.permission.PROVIDER_INSERT_BADGE,0,0.1049573883737163,0.1789714527538606,534.0,99.86190464836929,"pearson_r, mutual_information, entropy_reduction_ratio",0.0,0.0655007283085107,0.0,0.0,0.4592862135600709
perm_xmpp.permission.ACCESS_API,0,0.10495468336805558,0.17897204918945647,534.2,99.49954773766562,"pearson_r, mutual_information, entropy_reduction_ratio",0.0,0.06548720328020699,0.0,0.0,0.4592862135600709
intent_android.appwidget.action.APPWIDGET_UPDATE,0,0.10494703413462689,0.1909608846082758,229.4,114.03613462407431,"pearson_r, mutual_information, chi2_stat",0.002178473445425095,0.031585794543575005,0.0028942062097959634,0.0018819094352957825,0.4861947870390426
intent_com.excelliance.dualaid.action.pg,0,0.10493961601155348,0.17897537439647837,534.4,99.13748029882544,"pearson_r, mutual_information, entropy_reduction_ratio",0.0,0.0654118664976965,0.0,0.0,0.4592862135600709
suspicious_Landroid/telephony/SmsMessage;->getMessageBody,0,0.10493566304913726,0.19992621131361454,271.3,243.94950297141415,"pearson_r, chi2_stat, entropy_reduction_ratio",0.0062039007507462916,0.0,0.008345954797793438,0.005378176266893446,0.5047502834302532
intent_com.tencent.android.tpush.action.PUSH_MESSAGE,0,0.10492894431266993,0.1789777325601734,534.6,98.77570551507088,"pearson_r, mutual_information, entropy_reduction_ratio",0.0,0.0653585080032788,0.0,0.0,0.4592862135600709
intent_android.intent.action.CAL,0,0.10479063996077465,0.17900852156210867,534.8,98.41422661383872,"pearson_r, mutual_information, entropy_reduction_ratio",0.0,0.06466698624380238,0.0,0.0,0.4592862135600709
intent_com.qihoo.appstore.launcher.shortcut.VIDEOWALLPAPER,0,0.10437017470625194,0.1791047156289246,535.2,97.69216959408773,"pearson_r, mutual_information, entropy_reduction_ratio",0.0,0.06256465997118879,0.0,0.0,0.4592862135600709
intent_com.sina.weibo.sdk.action.ACTION_SDK_REQ_ACTIVITY,0,0.1043404408280763,0.1791116656644575,535.4,97.33159815804937,"pearson_r, mutual_information, entropy_reduction_ratio",0.0,0.062415990580310575,0.0,0.0,0.4592862135600709
intent_android.net.wifi.WIFI_STATE_CHANGED,0,0.10429517891400872,0.1993970797465555,272.7,243.26520507462632,"pearson_r, chi2_stat, entropy_reduction_ratio",0.005729746997279149,0.0,0.007704726750783787,0.004984404493127242,0.5030570163288535
intent_com.google.android.gms.iid.InstanceID,0,0.10396344870782348,0.11573897592032223,383.1,402.0363665142744,"pearson_r, entropy_reduction_ratio, chi2_stat",0.07858702922019681,0.0,0.06748944301690919,0.04465977084949732,0.32908100045251404
intent_show_feedback,0,0.10378509284443738,0.17924504941684904,535.8,96.61138649248338,"pearson_r, mutual_information, entropy_reduction_ratio",0.0,0.05963925066211598,0.0,0.0,0.4592862135600709
perm_net.qihoo.launcher.permission.READ_SETTINGS,0,0.10376326385206239,0.17925043086412112,536.0,96.25175323078535,"pearson_r, mutual_information, entropy_reduction_ratio",0.0,0.059530105700241066,0.0,0.0,0.4592862135600709
intent_com.secneo.plugin.action.HOURLY,0,0.10373133025970498,0.17925832223713506,536.2,95.89243974370451,"pearson_r, mutual_information, entropy_reduction_ratio",0.0,0.05937043773845396,0.0,0.0,0.4592862135600709
intent_show_encourage,0,0.10357249968425289,0.17929790498511905,536.4,95.53344963938024,"pearson_r, mutual_information, entropy_reduction_ratio",0.0,0.058576284861193505,0.0,0.0,0.4592862135600709
intent_com.qihoo.appstore.reservation.alarm,0,0.1035575550408933,0.17930165791254796,536.6,95.17478657711821,"pearson_r, mutual_information, entropy_reduction_ratio",0.0,0.05850156164439566,0.0,0.0,0.4592862135600709
perm_ANDROID.PERMISSION.SEND_SMS,0,0.10354091029529308,0.17930584354525173,536.8,94.81645426823343,"pearson_r, mutual_information, entropy_reduction_ratio",0.0,0.0584183379163946,0.0,0.0,0.4592862135600709
intent_com.qihoo360.daemon.pcdaemon.NotifyServiceStop2,0,0.10353431497033376,0.17930750374572507,537.0,94.45845647690841,"pearson_r, mutual_information, entropy_reduction_ratio",0.0,0.0583853612915979,0.0,0.0,0.4592862135600709
intent_com.qihoo.appstore.msplugin.install,0,0.10343655479199812,0.17933222428570858,537.4,93.7434797732621,"pearson_r, mutual_information, entropy_reduction_ratio",0.0,0.05789656039991966,0.0,0.0,0.4592862135600709
intent_com.qihoo.appstore.open.wallet,0,0.10336770360812182,0.17934976050794438,537.6,93.38650866158345,"pearson_r, mutual_information, entropy_reduction_ratio",0.0,0.0575523044805382,0.0,0.0,0.4592862135600709
intent_com.snipermob.sdk.notification,0,0.10327912586379662,0.17937247399683243,537.8,93.02988767057607,"pearson_r, mutual_information, entropy_reduction_ratio",0.0,0.0571094157589122,0.0,0.0,0.4592862135600709
perm_qiku.permission.ACCESS_QKPARAMS,0,0.10325986560331193,0.17937743557332148,538.0,92.67362084217925,"pearson_r, mutual_information, entropy_reduction_ratio",0.0,0.05701311445648879,0.0,0.0,0.4592862135600709
intent_download.service.action,0,0.10310874969013842,0.17941664632079063,538.6,91.60698663311658,"pearson_r, mutual_information, entropy_reduction_ratio",0.0,0.056257534890621214,0.0,0.0,0.4592862135600709
intent_com.tappx.sdk.SILP,0,0.10305783083230816,0.1794299712105286,538.8,91.25217805619765,"pearson_r, mutual_information, entropy_reduction_ratio",0.0,0.0560029406014699,0.0,0.0,0.4592862135600709
intent_org.android.agoo.client.ElectionReceiverService,0,0.10301350674904872,0.17944161656888083,539.0,90.89774474650072,"pearson_r, mutual_information, entropy_reduction_ratio",0.0,0.05578132018517272,0.0,0.0,0.4592862135600709
intent_com.qihoo.appstore.battery.STOP,0,0.1029687807770262,0.17945341113897273,539.2,90.54369111097691,"pearson_r, mutual_information, entropy_reduction_ratio",0.0,0.055557690325060166,0.0,0.0,0.4592862135600709
perm_com.android.launcher2.permission.UNINSTALL_SHORTCUT,0,0.1029116514092562,0.17946854029527692,539.4,90.1900216210197,"pearson_r, mutual_information, entropy_reduction_ratio",0.0,0.05527204348621007,0.0,0.0,0.4592862135600709
perm_android.permission.CLEAR_APP_CACHE,0,0.10290175005474593,0.17947116966565488,539.6,89.83674081354465,"pearson_r, mutual_information, entropy_reduction_ratio",0.0,0.055222536713658815,0.0,0.0,0.4592862135600709
perm_android.permission.VIBRATE,0,0.10274379181147637,0.15670435792817786,351.8,302.52166864540465,"pearson_r, mutual_information, chi2_stat",0.007284564475089383,0.08113861017009699,0.00832001098750279,0.0060989623450613895,0.4108768110796313
intent_com.qihoo.appstore.clean.scan.finish,0,0.10273141364956087,0.17951673963930814,540.0,89.13136372792688,"pearson_r, mutual_information, entropy_reduction_ratio",0.0,0.0543708546877334,0.0,0.0,0.4592862135600709
intent_com.mobiletool.appstore.action.wap,0,0.10268300229000808,0.1795298069574583,540.2,88.7792768612135,"pearson_r, mutual_information, entropy_reduction_ratio",0.0,0.05412879788996951,0.0,0.0,0.4592862135600709
intent_com.qihoo.appstore.battery.POWER_RANK_START,0,0.10256738482171177,0.17956122210587086,540.6,88.07633053210152,"pearson_r, mutual_information, entropy_reduction_ratio",0.0,0.053550710548487986,0.0,0.0,0.4592862135600709
perm_android.permission.ACCESS_DOWNLOAD_MANAGER_ADVANCED,0,0.10253067275919106,0.17957125850669134,540.8,87.72548090492295,"pearson_r, mutual_information, entropy_reduction_ratio",0.0,0.05336715023588435,0.0,0.0,0.4592862135600709
intent_android.intent.action.DOWNLOAD_WAKEUP,0,0.10225759197336041,0.17964683799296072,541.0,87.3750536480522,"pearson_r, mutual_information, entropy_reduction_ratio",0.0,0.052001746306731184,0.0,0.0,0.4592862135600709
intent_com.excelliance.kxqp.platform.action.CRASH_REPORT,0,0.10222543226514427,0.17965584589576256,541.2,87.02505386381556,"pearson_r, mutual_information, entropy_reduction_ratio",0.0,0.05184094776565045,0.0,0.0,0.4592862135600709
intent_com.qihoo.appstore.ACTION_CLEAR_CREATE_SHORTCUT,0,0.10211318540918227,0.17968746300701488,541.6,86.32635750453045,"pearson_r, mutual_information, entropy_reduction_ratio",0.0,0.05127971348584047,0.0,0.0,0.4592862135600709
perm_xvtian.gai.receiver,0,0.10192490910133119,0.17974111280001495,542.0,85.62943419175441,"pearson_r, mutual_information, entropy_reduction_ratio",0.0,0.05033833194658503,0.0,0.0,0.4592862135600709
intent_android.intent.action.INPUT_METHOD_CHANGED,0,0.10190890537059216,0.179745708740004,542.2,85.28165101591314,"pearson_r, mutual_information, entropy_reduction_ratio",0.0,0.05025831329288995,0.0,0.0,0.4592862135600709
perm_com.android.mylauncher.permission.WRITE_SETTINGS,0,0.10182488513721481,0.17976992918073287,542.4,84.9343275713654,"pearson_r, mutual_information, entropy_reduction_ratio",0.0,0.04983821212600324,0.0,0.0,0.4592862135600709
perm_android.permission.DIAGNOSTIC,0,0.1018179572372712,0.17977193314465678,542.6,84.58746952120036,"pearson_r, mutual_information, entropy_reduction_ratio",0.0,0.04980357262628516,0.0,0.0,0.4592862135600709
perm_com.sonymobile.home.permission.PROVIDER_ACCESS_MODIFY_CONFIGURATION,0,0.10175250407974415,0.17979091771958197,542.8,84.24108261412599,"pearson_r, mutual_information, entropy_reduction_ratio",0.0,0.04947630683864987,0.0,0.0,0.4592862135600709
suspicious_setWifiEnabled,0,0.10160923304136502,0.1370978455563184,321.2,337.7534011671829,"pearson_r, mutual_information, chi2_stat",0.02361972714676818,0.06352570196168908,0.027899152119237353,0.019012220578678893,0.3739893634004515
intent_com.google.android.gms.analytics.ANALYTICS_DISPATCH,0,0.10146336346694367,0.11969118253352096,384.0,399.94349600912375,"pearson_r, entropy_reduction_ratio, chi2_stat",0.07063353213574589,0.0,0.06074049871521828,0.04005423211653795,0.33588855436721626
intent_com.datouniao.AdPublisher.service.check,0,0.10123961370765908,0.17994290827118742,543.2,83.54974566089355,"pearson_r, mutual_information, entropy_reduction_ratio",0.0,0.046911854978224546,0.0,0.0,0.4592862135600709
perm_com.zte.mifavor.launcher.permission.READ_SETTINGS,0,0.10121433723597122,0.17995054659768006,543.4,83.20480755341005,"pearson_r, mutual_information, entropy_reduction_ratio",0.0,0.04678547261978524,0.0,0.0,0.4592862135600709
suspicious_getDeviceId,0,0.10114041819563195,0.09734129780925198,381.5,404.7673405797459,"pearson_r, entropy_reduction_ratio, f_stat",0.09280678732051194,0.0,0.04697918299505789,0.0810853084005981,0.28483081226199186
intent_com.excelliance.dualaid.action.appcrash,0,0.10110352448081464,0.17998419698286564,543.6,82.8603644693891,"pearson_r, mutual_information, entropy_reduction_ratio",0.0,0.04623140884400227,0.0,0.0,0.4592862135600709
intent_cn.jpush.android.intent.ACTION_RICHPUSH_CALLBACK,0,0.10102071141265745,0.180009518781892,543.8,82.51642260786636,"pearson_r, mutual_information, entropy_reduction_ratio",0.0,0.0458173435032164,0.0,0.0,0.4592862135600709
intent_com.sogou.androidtool.action.sdk,0,0.10096645616024318,0.1800261891279657,544.0,82.17298826256716,"pearson_r, mutual_information, entropy_reduction_ratio",0.0,0.045546067241145016,0.0,0.0,0.4592862135600709
intent_com.qihoo.appstore.powerusage.HIGH_TEMPERATURE,0,0.10088401349161875,0.18005164250467118,544.2,81.83006782350849,"pearson_r, mutual_information, entropy_reduction_ratio",0.0,0.04513385389802286,0.0,0.0,0.4592862135600709
intent_show_helpcontent,0,0.10081939024920275,0.18007169734702907,544.4,81.48766777862771,"pearson_r, mutual_information, entropy_reduction_ratio",0.0,0.04481073768594289,0.0,0.0,0.4592862135600709
perm_android.permission.WRITE_APN_SETTINGS,0,0.10075423583942575,0.18009200867120348,544.6,81.14579471543796,"pearson_r, mutual_information, entropy_reduction_ratio",0.0,0.04448496563705786,0.0,0.0,0.4592862135600709
intent_com.mobiletool.appstore.service.weatherservice,0,0.10065143523313984,0.18012424292490883,544.8,80.80445532271102,"pearson_r, mutual_information, entropy_reduction_ratio",0.0,0.04397096260562832,0.0,0.0,0.4592862135600709
intent_com.sogou.androidtool.action.update,0,0.1005932010020885,0.18014260446005664,545.0,80.4636563921874,"pearson_r, mutual_information, entropy_reduction_ratio",0.0,0.04367979145037171,0.0,0.0,0.4592862135600709
perm_com.sonyericsson.homescreen.permission.READ_SETTINGS,0,0.10051664900932036,0.18016685336741503,545.2,80.12340482031452,"pearson_r, mutual_information, entropy_reduction_ratio",0.0,0.04329703148653092,0.0,0.0,0.4592862135600709
perm_com.android.voicemail.permission.READ_WRITE_ALL_VOICEMAIL,0,0.10025015347751653,0.18025225845073958,545.6,79.44457187246968,"pearson_r, mutual_information, entropy_reduction_ratio",0.0,0.0419645538275118,0.0,0.0,0.4592862135600709
intent_android.net.conn.MEDIA_NOFS,0,0.10012108393662741,0.18029417379258905,545.8,79.10600482896352,"pearson_r, mutual_information, entropy_reduction_ratio",0.0,0.041319206123066214,0.0,0.0,0.4592862135600709
intent_com.igexin.sdk.action.64kVIzqls49c7TJxrBbWG4,0,0.10008401432086804,0.18030627866552765,546.0,78.76801381271461,"pearson_r, mutual_information, entropy_reduction_ratio",0.0,0.04113385804426933,0.0,0.0,0.4592862135600709
intent_com.qihoo.appstore.ACTION_WIRTE_CHANNEL_AND_INSTALL,0,0.10004423312992117,0.1803193019929644,546.2,78.43060627076653,"pearson_r, mutual_information, entropy_reduction_ratio",0.0,0.04093495208953499,0.0,0.0,0.4592862135600709
perm_com.google.android.gms.permission.ACTIVITY_RECOGNITION,0,0.10003878722626396,0.18032108749883066,546.4,78.09378976589625,"pearson_r, mutual_information, entropy_reduction_ratio",0.0,0.04090772257124892,0.0,0.0,0.4592862135600709
perm_com.lenovo.launcher.permission.WRITE_SETTINGS,0,0.10003780000552846,0.18032141123972395,546.6,77.75757197855395,"pearson_r, mutual_information, entropy_reduction_ratio",0.0,0.040902786467571485,0.0,0.0,0.4592862135600709
intent_com.android.utils.hades.ACTION_REGISTER_IMPLICIT_RECEIVERS,0,0.09976604953134505,0.1804113263647992,547.0,77.0869638784665,"pearson_r, mutual_information, entropy_reduction_ratio",0.0,0.03954403409665436,0.0,0.0,0.4592862135600709
intent_com.baidu.android.pushservice.action.media.CLICK,0,0.09955646904381239,0.1804817583451001,547.4,76.41884584315572,"pearson_r, mutual_information, entropy_reduction_ratio",0.0,0.03849613165899108,0.0,0.0,0.4592862135600709
perm_android.permission.BLUETOOTH,0,0.09954924319752642,0.1381993600013765,329.6,336.2484795504658,"pearson_r, mutual_information, chi2_stat",0.024414521569084625,0.051608285625671914,0.028143065529252585,0.018546917647061904,0.3750334256165611
perm_com.google.android.googleapps.permission.GOOGLE_AUTH.ig,0,0.09951747765148346,0.18049496622287067,547.6,76.08574110830492,"pearson_r, mutual_information, entropy_reduction_ratio",0.0,0.03830117469734642,0.0,0.0,0.4592862135600709
intent_co.ronash.pushe.RECEIVE,0,0.09936487746691477,0.1805469723294173,547.8,75.75328375720751,"pearson_r, mutual_information, entropy_reduction_ratio",0.0,0.037538173774503,0.0,0.0,0.4592862135600709
intent_android.intent.action.ACTION_MEDIA_EJECT,0,0.09935821011136647,0.18054925598397156,548.0,75.4214823508528,"pearson_r, mutual_information, entropy_reduction_ratio",0.0,0.037504836996761486,0.0,0.0,0.4592862135600709
intent_com.qihoo.commonreceiver.ARRIVED,0,0.09934510685606421,0.1805537468019574,548.2,75.09034558450242,"pearson_r, mutual_information, entropy_reduction_ratio",0.0,0.03743932072025018,0.0,0.0,0.4592862135600709
intent_com.qihoo.appstore.launcher.shortcut.GAMEUNION,0,0.09927571505047243,0.18057759067411758,548.4,74.75988228990198,"pearson_r, mutual_information, entropy_reduction_ratio",0.0,0.03709236169229132,0.0,0.0,0.4592862135600709
perm_com.apusapps.launcher.permission.READ_SETTINGS,0,0.09926574688820544,0.18058102435925918,548.6,74.43010143752323,"pearson_r, mutual_information, entropy_reduction_ratio",0.0,0.03704252088095634,0.0,0.0,0.4592862135600709
intent_com.qihoo.appstore.checkupdate.NOTIFY_APP_UPDATE,0,0.09924982275296526,0.18058651410081464,548.8,74.10101213883654,"pearson_r, mutual_information, entropy_reduction_ratio",0.0,0.03696290020475544,0.0,0.0,0.4592862135600709
perm_com.qiku.launcher.permission.READ_SETTINGS,0,0.09917161698753975,0.1806135541219387,549.2,73.44494536726131,"pearson_r, mutual_information, entropy_reduction_ratio",0.0,0.03657187137762783,0.0,0.0,0.4592862135600709
intent_com.qihoo.appstore.ACTION_NORMAL_INSTALL_ERROR,0,0.09914658554069224,0.1806222366245685,549.4,73.1179868431838,"pearson_r, mutual_information, entropy_reduction_ratio",0.0,0.0364467141433903,0.0,0.0,0.4592862135600709
perm_com.qihoo360.home.permission.WRITE_SETTINGS,0,0.09911182550596306,0.18063431594167326,549.8,72.4662680148495,"pearson_r, mutual_information, entropy_reduction_ratio",0.0,0.03627291396974446,0.0,0.0,0.4592862135600709
perm_android.permission.BROADCAST_STICKY,0,0.0990475206735997,0.12389215403672706,386.5,396.5617228124772,"pearson_r, entropy_reduction_ratio, chi2_stat",0.06270140855643293,0.0,0.05399155441352735,0.0354805633535258,0.3430640770445124
intent_com.taobao.accs.intent.action.COMMAND,0,0.09902639831645725,0.18066411262379517,550.0,72.14152756907771,"pearson_r, mutual_information, entropy_reduction_ratio",0.0,0.035845778022215384,0.0,0.0,0.4592862135600709
perm_com.sec.android.provider.badge.permission.READ,0,0.09886615427502869,0.16101593646836296,364.2,290.3903579666515,"pearson_r, mutual_information, entropy_reduction_ratio",0.007765275268228205,0.0570016522128152,0.0067489443016909186,0.004330187009160033,0.41848471258324915
perm_android.permission.SET_ACTIVITY_WATCHER,0,0.09877158345046025,0.18075392121664982,550.4,71.49433543994937,"pearson_r, mutual_information, entropy_reduction_ratio",0.0,0.034571703692230366,0.0,0.0,0.4592862135600709
perm_com.sonyericsson.home.permission.BROADCAST_BADGE,0,0.09876112951905701,0.16104337780799086,364.4,290.3973829083175,"pearson_r, mutual_information, entropy_reduction_ratio",0.007765275268228205,0.05647652843295675,0.0067489443016909186,0.004330187009160033,0.41848471258324915
intent_android.intent.action.SEARCH,0,0.0986779447721021,0.1453810400889733,334.0,329.476554552824,"pearson_r, mutual_information, entropy_reduction_ratio",0.02335732371449098,0.048232743570082164,0.020246832905072752,0.0130789337704893,0.38847388990037524
intent_com.excelliance.dualaid.SHORTCUT_ALARM,0,0.09863194039057036,0.1808037283112258,551.0,70.52942648285182,"pearson_r, mutual_information, entropy_reduction_ratio",0.0,0.03387348839278093,0.0,0.0,0.4592862135600709
intent_com.tencent.mm.plugin.openapi.Intent.ACTION_REFRESH_WXAPP,0,0.09858198049631274,0.18082164916301335,551.2,70.20940107991237,"pearson_r, mutual_information, entropy_reduction_ratio",0.0,0.033623688921492804,0.0,0.0,0.4592862135600709
intent_com.urbanairship.actions.SHOW_LANDING_PAGE_INTENT_ACTION,0,0.09854351387825311,0.180835483731314,551.4,69.89019959908542,"pearson_r, mutual_information, entropy_reduction_ratio",0.0,0.03343135583119468,0.0,0.0,0.4592862135600709
intent_cn.jpush.android.intent.NOTIFICATION_RECEIVED_PROXY,0,0.098515085778464,0.1808457282846865,551.6,69.5718333810458,"pearson_r, mutual_information, entropy_reduction_ratio",0.0,0.033289215332249135,0.0,0.0,0.4592862135600709
perm_android.permission.RESTART_PACKAGES,0,0.0984925973396386,0.18021616232052123,392.5,264.45245319338596,"pearson_r, mutual_information, chi2_stat",5.621198331601246e-06,0.03451275854396552,7.369809837076763e-06,4.75975409450907e-06,0.4579324773919643
intent_com.qihoo.appstore.batteryrank.POWERPERCENT,0,0.09838510650446859,0.18089278879999046,552.0,68.93765299167066,"pearson_r, mutual_information, entropy_reduction_ratio",0.0,0.03263931896227207,0.0,0.0,0.4592862135600709
intent_intent.action.HEJU,0,0.09781673029397554,0.1811028159059456,552.4,68.30695425796704,"pearson_r, mutual_information, entropy_reduction_ratio",0.0,0.029797437909806827,0.0,0.0,0.4592862135600709
intent_co.ronash.pushe.ACTION_TASK_READY,0,0.0977831583365357,0.18111543699791618,552.6,67.99294081005763,"pearson_r, mutual_information, entropy_reduction_ratio",0.0,0.029629578122607598,0.0,0.0,0.4592862135600709
perm_android.permission.DEVICE_POWER,0,0.09775010724538948,0.18112788572946967,552.8,67.67983451516412,"pearson_r, mutual_information, entropy_reduction_ratio",0.0,0.02946432266687651,0.0,0.0,0.4592862135600709
perm_android.permission.READ_CLIPS,0,0.09773650792639285,0.18113301468514395,553.0,67.36764802188065,"pearson_r, mutual_information, entropy_reduction_ratio",0.0,0.029396326071893426,0.0,0.0,0.4592862135600709
intent_com.sogou.androidtool.action.download,0,0.09771986679930274,0.18113929621134178,553.2,67.05639417684193,"pearson_r, mutual_information, entropy_reduction_ratio",0.0,0.02931312043644281,0.0,0.0,0.4592862135600709
intent_android.intent.action.MEDIA_MOUNTED,0,0.09771470474371098,0.18114124593085543,553.4,66.74608602757168,"pearson_r, mutual_information, entropy_reduction_ratio",0.0,0.02928731015848402,0.0,0.0,0.4592862135600709
intent_com.sogou.androidtool.action.backtomarket,0,0.09768184277531103,0.18115367127048684,553.6,66.43673682534386,"pearson_r, mutual_information, entropy_reduction_ratio",0.0,0.02912300031648426,0.0,0.0,0.4592862135600709
intent_com.mobutils.android.mediation.MaterialNotificationReceiver.ACTION_CANCEL_NOTIFICATION,0,0.09754312613582863,0.18120637430417638,553.8,66.12836002805453,"pearson_r, mutual_information, entropy_reduction_ratio",0.0,0.02842941711907224,0.0,0.0,0.4592862135600709
intent_cn.xiaoneng.xpush.service,0,0.0975257960398431,0.18121298734973865,554.0,65.82096930310279,"pearson_r, mutual_information, entropy_reduction_ratio",0.0,0.028342766639144593,0.0,0.0,0.4592862135600709
perm_android.permission.ACCESS_WIFI_STATE.android.permission.READ_PHONE_STATE,0,0.09749068618072984,0.18122640460996828,554.2,65.51457853027829,"pearson_r, mutual_information, entropy_reduction_ratio",0.0,0.028167217343578375,0.0,0.0,0.4592862135600709
intent_cn.ngds.android.intent.alarm,0,0.09744930345386771,0.18124225270705588,554.4,65.2092018046533,"pearson_r, mutual_information, entropy_reduction_ratio",0.0,0.027960303709267692,0.0,0.0,0.4592862135600709
intent_com.sogou.androidtool.action.BackgroundService,0,0.09742951631966097,0.1812498433344943,554.6,64.90485343947708,"pearson_r, mutual_information, entropy_reduction_ratio",0.0,0.027861368038233945,0.0,0.0,0.4592862135600709
intent_com.android.utils.hades.ACTION_UPDATE_COMMON_RES,0,0.0970896324848893,0.1813815259911962,555.2,63.998124972533375,"pearson_r, mutual_information, entropy_reduction_ratio",0.0,0.02616194886437569,0.0,0.0,0.4592862135600709
intent_com.kingroot.kinguser.gamebox.ACTION_GAME_REPLACE,0,0.096634107105266,0.181561853659834,555.8,63.10118857834613,"pearson_r, mutual_information, entropy_reduction_ratio",0.0,0.023884321966259135,0.0,0.0,0.4592862135600709
perm_com.aspire.mm.permission.READ_SETTINGS,0,0.09657866932628584,0.18158409944376494,556.0,62.80445844046424,"pearson_r, mutual_information, entropy_reduction_ratio",0.0,0.02360713307135829,0.0,0.0,0.4592862135600709
perm_com.qihoo360.launcher.permission.WRITE_SETTINGS,0,0.09637459075318978,0.18166655062792975,556.6,61.92124029765554,"pearson_r, mutual_information, entropy_reduction_ratio",0.0,0.022586740205878027,0.0,0.0,0.4592862135600709
suspicious_Cipher,0,0.09611003131440783,0.09817933059224702,395.9,396.8299887861299,"pearson_r, entropy_reduction_ratio, f_stat",0.10285524141811075,0.0,0.011935200432780901,0.09131059062496308,0.2744491240961844
perm_com.google.android.googleapps.permission.GOOGLE_AUTH.sierra,0,0.09610515192106492,0.1817767549241105,556.8,61.62921385187385,"pearson_r, mutual_information, entropy_reduction_ratio",0.0,0.021239546045253695,0.0,0.0,0.4592862135600709
perm_android.permission.DOWNLOAD_CACHE_NON_PURGEABLE,0,0.09609197198177014,0.18178218497384374,557.0,61.33840558736427,"pearson_r, mutual_information, entropy_reduction_ratio",0.0,0.021173646348779784,0.0,0.0,0.4592862135600709
intent_com.qihoo.appstore.notification,0,0.09599846988773657,0.18182081229905298,557.2,61.048832912677376,"pearson_r, mutual_information, entropy_reduction_ratio",0.0,0.02070613587861195,0.0,0.0,0.4592862135600709
perm_com.xgbuy.xg.permission.JPUSH_MESSAGE,0,0.09595865843715021,0.181837314979527,557.4,60.76051349355106,"pearson_r, mutual_information, entropy_reduction_ratio",0.0,0.020507078625680113,0.0,0.0,0.4592862135600709
intent_com.umeng.message.message.handler.action,0,0.09594464555413464,0.18184313155225235,557.6,60.47346525543249,"pearson_r, mutual_information, entropy_reduction_ratio",0.0,0.020437014210602306,0.0,0.0,0.4592862135600709
intent_com.excelliance.open.action.gameverchk,0,0.09586010179620641,0.1818783122890958,557.8,60.18770638593898,"pearson_r, mutual_information, entropy_reduction_ratio",0.0,0.02001429542096118,0.0,0.0,0.4592862135600709
perm_android.permission.GET_DETAILED_TASKS,0,0.09577666462298623,0.1819131799720583,558.0,59.90325533725191,"pearson_r, mutual_information, entropy_reduction_ratio",0.0,0.019597109554860267,0.0,0.0,0.4592862135600709
perm_com.actionlauncher.playstore.permission.READ_SETTINGS,0,0.09572862198838165,0.18193332298669854,558.4,59.338351847687846,"pearson_r, mutual_information, entropy_reduction_ratio",0.0,0.01935689638183743,0.0,0.0,0.4592862135600709
intent_com.amir.nightjar.service.CONFIG_SERVICES,0,0.09566283107987911,0.18196098608542458,558.6,59.05793765447622,"pearson_r, mutual_information, entropy_reduction_ratio",0.0,0.01902794183932464,0.0,0.0,0.4592862135600709
intent_show_taskmanagerwhitelist,0,0.09564108516037687,0.18197014958774171,558.8,58.7789077816184,"pearson_r, mutual_information, entropy_reduction_ratio",0.0,0.0189192122418135,0.0,0.0,0.4592862135600709
perm_com.huawei.launcher3.permission.READ_SETTINGS,0,0.0954773875497185,0.18203944875542788,559.2,58.22508050659956,"pearson_r, mutual_information, entropy_reduction_ratio",0.0,0.01810072418852165,0.0,0.0,0.4592862135600709
perm_android.permission.AUTHENTICATE_ACCOUNTS,0,0.09547544263901117,0.16678153313413804,382.9,273.51442375128954,"pearson_r, mutual_information, chi2_stat",0.0032206357835938408,0.03976306979332906,0.003985593159891049,0.0025712291188639295,0.427836685339378
perm_android.permission.READ_EXTERNAL_STORAGE,0,0.09536881019778601,0.119716094420121,387.5,398.04547478899946,"pearson_r, entropy_reduction_ratio, chi2_stat",0.051142944625889745,0.0,0.05112013301797891,0.04280615442869565,0.33177481891636573
intent_android.intent.action.ACTION_BOOT_COMPLETED,0,0.09527241520477311,0.1821270136747847,559.4,57.95032355388536,"pearson_r, mutual_information, entropy_reduction_ratio",0.0,0.017075862463794732,0.0,0.0,0.4592862135600709
intent_android.bluetooth.adapter.action.STATE_CHANGED,0,0.09487705852452318,0.18889122342723014,294.5,233.8409716024974,"pearson_r, chi2_stat, entropy_reduction_ratio",0.000537935874153348,0.0,0.0007235515524489909,0.00046460042464813243,0.4726592047713654
perm_com.lenovo.launcher.permission.READ_SETTINGS,0,0.09484689743361648,0.18231160527311047,559.8,57.40522624291277,"pearson_r, mutual_information, entropy_reduction_ratio",0.0,0.014948273608011507,0.0,0.0,0.4592862135600709
perm_android.permission.GET_CLIPS,0,0.09473504745437224,0.1823607544889057,560.0,57.134928021307594,"pearson_r, mutual_information, entropy_reduction_ratio",0.0,0.014389023711790317,0.0,0.0,0.4592862135600709
intent_com.urbanairship.push.DISMISSED,0,0.09472308255405734,0.18236602757840578,560.2,56.86615865345575,"pearson_r, mutual_information, entropy_reduction_ratio",0.0,0.014329199210215887,0.0,0.0,0.4592862135600709
intent_com.qihoo.appstore.ACTION_STABLE_NOTIFICATION_CLICK,0,0.09464129480052394,0.1824021525144575,560.4,56.59893991940132,"pearson_r, mutual_information, entropy_reduction_ratio",0.0,0.013920260442548843,0.0,0.0,0.4592862135600709
intent_cn.jpush.android.intent.UNREGISTRATION,0,0.09446995826975728,0.18247828251797005,560.8,56.06924290553601,"pearson_r, mutual_information, entropy_reduction_ratio",0.0,0.013063577788715516,0.0,0.0,0.4592862135600709
perm_android.permission.LOCAL_MAC_ADDRESS,0,0.09431130125394718,0.18254932392559767,561.0,55.806809620332174,"pearson_r, mutual_information, entropy_reduction_ratio",0.0,0.012270292709665077,0.0,0.0,0.4592862135600709
intent_android.intent.action.CHECK_RECEIVER,0,0.09429510832256256,0.18255660405304727,561.2,55.54601695891434,"pearson_r, mutual_information, entropy_reduction_ratio",0.0,0.012189328052741949,0.0,0.0,0.4592862135600709
intent_com.umeng.message.enablecallback.action,0,0.0942610350979444,0.18257194073763575,561.4,55.286888138147184,"pearson_r, mutual_information, entropy_reduction_ratio",0.0,0.012018961929651106,0.0,0.0,0.4592862135600709
intent_com.evernote.android.job.ADD_JOB_CREATOR,0,0.09396195454838721,0.18270759521784272,561.6,55.02944666267325,"pearson_r, mutual_information, entropy_reduction_ratio",0.0,0.01052355918186516,0.0,0.0,0.4592862135600709
intent_action.com.excelliance.install.plugin,0,0.09385732278128549,0.1827554917232762,561.8,54.77371632452923,"pearson_r, mutual_information, entropy_reduction_ratio",0.0,0.010000400346356584,0.0,0.0,0.4592862135600709
intent_android.intent.action.DATE_CHANGED,0,0.09380745372449746,0.1827783998014036,562.0,54.519721202515335,"pearson_r, mutual_information, entropy_reduction_ratio",0.0,0.009751055062416419,0.0,0.0,0.4592862135600709
perm_com.bbk.launcher2.permission.WRITE_SETTINGS,0,0.0937907892351855,0.18278606636912112,562.2,54.26748566130552,"pearson_r, mutual_information, entropy_reduction_ratio",0.0,0.009667732615856595,0.0,0.0,0.4592862135600709
intent_com.baidu.android.pushservice.action.BIND_SYNC,0,0.0936283106517576,0.1828611168236794,562.6,53.76839220211071,"pearson_r, mutual_information, entropy_reduction_ratio",0.0,0.008855339698717104,0.0,0.0,0.4592862135600709
intent_com.baidu.location.service_v2.2,0,0.09362534186963498,0.18286249321886455,562.8,53.52158443095645,"pearson_r, mutual_information, entropy_reduction_ratio",0.0,0.008840495788103954,0.0,0.0,0.4592862135600709
intent_com.excelliance.kxqp.action.SmtCntService,0,0.09361680931881292,0.18286645011989824,563.0,53.27663653047178,"pearson_r, mutual_information, entropy_reduction_ratio",0.0,0.008797833033993657,0.0,0.0,0.4592862135600709
perm_cn.swiftpass.wxpay.permission.MMOAUTH_CALLBACK,0,0.09360189776900671,0.18287336884754235,563.2,53.033574271399054,"pearson_r, mutual_information, entropy_reduction_ratio",0.0,0.008723275284962646,0.0,0.0,0.4592862135600709
intent_org.agoo.android.intent.action.ELECTION_RESULT_V4,0,0.09340182214570945,0.18296664570698573,563.8,52.31596314701661,"pearson_r, mutual_information, entropy_reduction_ratio",0.0,0.007722897168476384,0.0,0.0,0.4592862135600709
perm_com.qiku.android.launcher3.permission.WRITE_UNREAD,0,0.09303649012160077,0.18313909965211628,564.2,51.847468597801374,"pearson_r, mutual_information, entropy_reduction_ratio",0.0,0.00589623704793298,0.0,0.0,0.4592862135600709
perm_com.tencent.mtt.extension.Player,0,0.09298384685901481,0.18316417663148243,564.4,51.616276502669194,"pearson_r, mutual_information, entropy_reduction_ratio",0.0,0.0056330207350031745,0.0,0.0,0.4592862135600709
intent_android.intent.action.TIME_TICK,0,0.09284575343573417,0.16301900155672347,381.0,292.89042319611616,"pearson_r, mutual_information, entropy_reduction_ratio",0.007765275268228205,0.02689964801634254,0.0067489443016909186,0.004330187009160033,0.41848471258324915
intent_android.view.InputMethod,0,0.09266545341598484,0.163092320693399,381.4,292.99665527101155,"pearson_r, mutual_information, entropy_reduction_ratio",0.007765275268228205,0.025998147917595932,0.0067489443016909186,0.004330187009160033,0.41848471258324915
intent_com.kingroot.kinguser.gamebox.ACTION_GAME_DELETED,0,0.09259125368340737,0.1833529895996652,564.8,51.1601407347556,"pearson_r, mutual_information, entropy_reduction_ratio",0.0,0.0036700548569659763,0.0,0.0,0.4592862135600709
perm_android.permission.WRITE_CALENDAR,0,0.09248155159077984,0.13825397005531426,392.5,389.2192184360891,"pearson_r, entropy_reduction_ratio, chi2_stat",0.0390321112660921,0.0,0.033744721508454596,0.021947525661166895,0.3676833995181856
perm_android.permission.SET_WALLPAPER_HINTS,0,0.09248155159077984,0.13825397005531426,392.5,389.2192184360891,"pearson_r, entropy_reduction_ratio, chi2_stat",0.0390321112660921,0.0,0.033744721508454596,0.021947525661166895,0.3676833995181856
intent_android.media.AUDIO_BECOMING_NOISY,0,0.09248155159077984,0.13825397005531426,392.5,389.2192184360891,"pearson_r, entropy_reduction_ratio, chi2_stat",0.0390321112660921,0.0,0.033744721508454596,0.021947525661166895,0.3676833995181856
intent_com.qihoo.appstore.plugin.streamapp.IPluginHelperServiceStreamApp,0,0.09247530714153257,0.1834093584868117,565.0,50.93525301792463,"pearson_r, mutual_information, entropy_reduction_ratio",0.0,0.0030903221475919837,0.0,0.0,0.4592862135600709
perm_android.permission.WRITE_CONTACTS,0,0.09243381059642863,0.14270801284459433,348.1,343.45966284266916,"pearson_r, entropy_reduction_ratio, chi2_stat",0.03118431899767178,0.009054062093138707,0.026995777206763674,0.017498094314249833,0.3774368003703192
perm_com.google.android.googleapps.permission.GOOGLE_AUTH.local,0,0.09231378007387084,0.18348834658788626,565.2,50.71252310820277,"pearson_r, mutual_information, entropy_reduction_ratio",0.0,0.0022826868092832957,0.0,0.0,0.4592862135600709
intent_com.qihoo.appstore.ACTION_GET_DOWNLOAD_APK_PATH,0,0.09224958803131589,0.18351988550445916,565.4,50.491979561114455,"pearson_r, mutual_information, entropy_reduction_ratio",0.0,0.001961726596508563,0.0,0.0,0.4592862135600709
suspicious_getSystemService,0,0.09185724271201418,0.18371448542402835,614.5,82.17298826256716,"pearson_r, entropy_reduction_ratio, mutual_information",0.0,0.0,0.0,0.0,0.4592862135600709
perm_android.permission.ACCESS_CACHE_FILESYSTEM,0,0.09185724271201418,0.18371448542402835,614.5,82.17298826256716,"pearson_r, entropy_reduction_ratio, mutual_information",0.0,0.0,0.0,0.0,0.4592862135600709
perm_android.permission.GET_PACKAGE_SIZE,0,0.09185724271201418,0.18371448542402835,614.5,82.17298826256716,"pearson_r, entropy_reduction_ratio, mutual_information",0.0,0.0,0.0,0.0,0.4592862135600709
perm_android.permission.ACCESS_MTK_MMHW,0,0.09185724271201418,0.18371448542402835,614.5,82.17298826256716,"pearson_r, entropy_reduction_ratio, mutual_information",0.0,0.0,0.0,0.0,0.4592862135600709
perm_android.permission.EXPAND_STATUS_BAR,0,0.09185724271201418,0.18371448542402835,614.5,82.17298826256716,"pearson_r, entropy_reduction_ratio, mutual_information",0.0,0.0,0.0,0.0,0.4592862135600709
perm_android.permission.REORDER_TASKS,0,0.09185724271201418,0.18371448542402835,614.5,82.17298826256716,"pearson_r, entropy_reduction_ratio, mutual_information",0.0,0.0,0.0,0.0,0.4592862135600709
perm_android.permission.CLEAR_APP_USER_DATA,0,0.09185724271201418,0.18371448542402835,614.5,82.17298826256716,"pearson_r, entropy_reduction_ratio, mutual_information",0.0,0.0,0.0,0.0,0.4592862135600709
intent_android.provider.Telephony.WAP_PUSH_DELIVER,0,0.09185724271201418,0.18371448542402835,614.5,82.17298826256716,"pearson_r, entropy_reduction_ratio, mutual_information",0.0,0.0,0.0,0.0,0.4592862135600709
perm_com.bbk.launcher2.permission.READ_SETTINGS,0,0.09185724271201418,0.18371448542402835,614.5,82.17298826256716,"pearson_r, entropy_reduction_ratio, mutual_information",0.0,0.0,0.0,0.0,0.4592862135600709
perm_cn.nubia.launcher.permission.READ_SETTINGS,0,0.09185724271201418,0.18371448542402835,614.5,82.17298826256716,"pearson_r, entropy_reduction_ratio, mutual_information",0.0,0.0,0.0,0.0,0.4592862135600709
intent_android.intent.action.SENDTO,0,0.09185724271201418,0.18371448542402835,614.5,82.17298826256716,"pearson_r, entropy_reduction_ratio, mutual_information",0.0,0.0,0.0,0.0,0.4592862135600709
perm_com.sec.android.app.twlauncher.settings.READ_SETTINGS,0,0.09185724271201418,0.18371448542402835,614.5,82.17298826256716,"pearson_r, entropy_reduction_ratio, mutual_information",0.0,0.0,0.0,0.0,0.4592862135600709
perm_com.qihoo360.launcher.permission.READ_SETTINGS,0,0.09185724271201418,0.18371448542402835,614.5,82.17298826256716,"pearson_r, entropy_reduction_ratio, mutual_information",0.0,0.0,0.0,0.0,0.4592862135600709
perm_org.adwfreak.launcher.permission.READ_SETTINGS,0,0.09185724271201418,0.18371448542402835,614.5,82.17298826256716,"pearson_r, entropy_reduction_ratio, mutual_information",0.0,0.0,0.0,0.0,0.4592862135600709
perm_android.permission.WRITE_CALL_LOG,0,0.09185724271201418,0.18371448542402835,614.5,82.17298826256716,"pearson_r, entropy_reduction_ratio, mutual_information",0.0,0.0,0.0,0.0,0.4592862135600709
perm_com.google.android.launcher.permission.READ_SETTINGS,0,0.09185724271201418,0.18371448542402835,614.5,82.17298826256716,"pearson_r, entropy_reduction_ratio, mutual_information",0.0,0.0,0.0,0.0,0.4592862135600709
perm_com.fede.launcher.permission.READ_SETTINGS,0,0.09185724271201418,0.18371448542402835,614.5,82.17298826256716,"pearson_r, entropy_reduction_ratio, mutual_information",0.0,0.0,0.0,0.0,0.4592862135600709
perm_org.adw.launcher.permission.READ_SETTINGS,0,0.09185724271201418,0.18371448542402835,614.5,82.17298826256716,"pearson_r, entropy_reduction_ratio, mutual_information",0.0,0.0,0.0,0.0,0.4592862135600709
perm_com.htc.launcher.permission.WRITE_SETTINGS,0,0.09185724271201418,0.18371448542402835,614.5,82.17298826256716,"pearson_r, entropy_reduction_ratio, mutual_information",0.0,0.0,0.0,0.0,0.4592862135600709
perm_android.permission.INTERACT_ACROSS_USERS,0,0.09185724271201418,0.18371448542402835,614.5,82.17298826256716,"pearson_r, entropy_reduction_ratio, mutual_information",0.0,0.0,0.0,0.0,0.4592862135600709
perm_telecom.mdesk.permission.READ_SETTINGS,0,0.09185724271201418,0.18371448542402835,614.5,82.17298826256716,"pearson_r, entropy_reduction_ratio, mutual_information",0.0,0.0,0.0,0.0,0.4592862135600709
perm_com.android.mylauncher.permission.READ_SETTINGS,0,0.09185724271201418,0.18371448542402835,614.5,82.17298826256716,"pearson_r, entropy_reduction_ratio, mutual_information",0.0,0.0,0.0,0.0,0.4592862135600709
perm_com.tencent.qqlauncher.permission.READ_SETTINGS,0,0.09185724271201418,0.18371448542402835,614.5,82.17298826256716,"pearson_r, entropy_reduction_ratio, mutual_information",0.0,0.0,0.0,0.0,0.4592862135600709
perm_android.permission.MODIFY_PHONE_STATE,0,0.09185724271201418,0.18371448542402835,614.5,82.17298826256716,"pearson_r, entropy_reduction_ratio, mutual_information",0.0,0.0,0.0,0.0,0.4592862135600709
perm_android.permission.WRITE_PROFILE,0,0.09185724271201418,0.18371448542402835,614.5,82.17298826256716,"pearson_r, entropy_reduction_ratio, mutual_information",0.0,0.0,0.0,0.0,0.4592862135600709
perm_com.android.email.permission.ACCESS_PROVIDER,0,0.09185724271201418,0.18371448542402835,614.5,82.17298826256716,"pearson_r, entropy_reduction_ratio, mutual_information",0.0,0.0,0.0,0.0,0.4592862135600709
perm_android.permission.PERMISSION_NAME,0,0.09185724271201418,0.18371448542402835,614.5,82.17298826256716,"pearson_r, entropy_reduction_ratio, mutual_information",0.0,0.0,0.0,0.0,0.4592862135600709
perm_com.yulong.android.launcher.permission.READ_SETTINGS,0,0.09185724271201418,0.18371448542402835,614.5,82.17298826256716,"pearson_r, entropy_reduction_ratio, mutual_information",0.0,0.0,0.0,0.0,0.4592862135600709
intent_cn.egame.terminal.sdk.RECEIVER_CMD,0,0.09185724271201418,0.18371448542402835,614.5,82.17298826256716,"pearson_r, entropy_reduction_ratio, mutual_information",0.0,0.0,0.0,0.0,0.4592862135600709
intent_com.qihoo.appstore.launcher.shortcut.MYSOFT,0,0.09185724271201418,0.18371448542402835,614.5,82.17298826256716,"pearson_r, entropy_reduction_ratio, mutual_information",0.0,0.0,0.0,0.0,0.4592862135600709
perm_com.qihoo.appstore.permission.NEWS_SDK_BROADCAST,0,0.09185724271201418,0.18371448542402835,614.5,82.17298826256716,"pearson_r, entropy_reduction_ratio, mutual_information",0.0,0.0,0.0,0.0,0.4592862135600709
intent_com.qihoo.appstore.plugin.battery.setPowerRankConfig,0,0.09185724271201418,0.18371448542402835,614.5,82.17298826256716,"pearson_r, entropy_reduction_ratio, mutual_information",0.0,0.0,0.0,0.0,0.4592862135600709
intent_com.qihoo.appstore.launcher.shortcut.GAME_RESERVATION,0,0.09185724271201418,0.18371448542402835,614.5,82.17298826256716,"pearson_r, entropy_reduction_ratio, mutual_information",0.0,0.0,0.0,0.0,0.4592862135600709
perm_dianxin.permission.READ_SETTINGS,0,0.09185724271201418,0.18371448542402835,614.5,82.17298826256716,"pearson_r, entropy_reduction_ratio, mutual_information",0.0,0.0,0.0,0.0,0.4592862135600709
intent_com.qihoo.appstore.launcher.shortcut.EBOOK,0,0.09185724271201418,0.18371448542402835,614.5,82.17298826256716,"pearson_r, entropy_reduction_ratio, mutual_information",0.0,0.0,0.0,0.0,0.4592862135600709
intent_com.qihoo.appstore.launcher.shortcut.APP_GROUP,0,0.09185724271201418,0.18371448542402835,614.5,82.17298826256716,"pearson_r, entropy_reduction_ratio, mutual_information",0.0,0.0,0.0,0.0,0.4592862135600709
intent_com.qihoo.appstore.gameunion.DOWNLOAD_SLIENT,0,0.09185724271201418,0.18371448542402835,614.5,82.17298826256716,"pearson_r, entropy_reduction_ratio, mutual_information",0.0,0.0,0.0,0.0,0.4592862135600709
intent_com.qihoo.appstore.download_one_apk,0,0.09185724271201418,0.18371448542402835,614.5,82.17298826256716,"pearson_r, entropy_reduction_ratio, mutual_information",0.0,0.0,0.0,0.0,0.4592862135600709
intent_com.qihoo.appstore.download,0,0.09185724271201418,0.18371448542402835,614.5,82.17298826256716,"pearson_r, entropy_reduction_ratio, mutual_information",0.0,0.0,0.0,0.0,0.4592862135600709
intent_com.qihoo.express.push.MSG_ARRIVED,0,0.09185724271201418,0.18371448542402835,614.5,82.17298826256716,"pearson_r, entropy_reduction_ratio, mutual_information",0.0,0.0,0.0,0.0,0.4592862135600709
intent_com.qihoo.appstore.free.wifi,0,0.09185724271201418,0.18371448542402835,614.5,82.17298826256716,"pearson_r, entropy_reduction_ratio, mutual_information",0.0,0.0,0.0,0.0,0.4592862135600709
intent_com.qihoo.appstore.launcher.shortcut.MYFREEZE,0,0.09185724271201418,0.18371448542402835,614.5,82.17298826256716,"pearson_r, entropy_reduction_ratio, mutual_information",0.0,0.0,0.0,0.0,0.4592862135600709
intent_com.qihoo360.mobilesafe.pcdaemon.sms.restore.start,0,0.09185724271201418,0.18371448542402835,614.5,82.17298826256716,"pearson_r, entropy_reduction_ratio, mutual_information",0.0,0.0,0.0,0.0,0.4592862135600709
intent_com.qihoo360.mobilesafe.pcdaemon.sms.restore.end,0,0.09185724271201418,0.18371448542402835,614.5,82.17298826256716,"pearson_r, entropy_reduction_ratio, mutual_information",0.0,0.0,0.0,0.0,0.4592862135600709
intent_com.qihoo360.mobilesafe.pcdaemon.sms.cancel.default.smsreceive,0,0.09185724271201418,0.18371448542402835,614.5,82.17298826256716,"pearson_r, entropy_reduction_ratio, mutual_information",0.0,0.0,0.0,0.0,0.4592862135600709
intent_com.qihoo360.mobilesafe.clean.DOWNLOADDLG,0,0.09185724271201418,0.18371448542402835,614.5,82.17298826256716,"pearson_r, entropy_reduction_ratio, mutual_information",0.0,0.0,0.0,0.0,0.4592862135600709
intent_com.qihoo360.daemon.pcdaemon.ACTION_START_UI2,0,0.09185724271201418,0.18371448542402835,614.5,82.17298826256716,"pearson_r, entropy_reduction_ratio, mutual_information",0.0,0.0,0.0,0.0,0.4592862135600709
intent_com.qihoo360.daemon.pcdaemon.ACTION_SEND_SMS_SEND_STATUS_FORWARD2,0,0.09185724271201418,0.18371448542402835,614.5,82.17298826256716,"pearson_r, entropy_reduction_ratio, mutual_information",0.0,0.0,0.0,0.0,0.4592862135600709
intent_com.qihoo360.daemon.pcdaemon.ACTION_START_SERVICE2,0,0.09185724271201418,0.18371448542402835,614.5,82.17298826256716,"pearson_r, entropy_reduction_ratio, mutual_information",0.0,0.0,0.0,0.0,0.4592862135600709
intent_com.qihoo360.daemon.pcdaemon.ACTION_START_RECEIVER,0,0.09185724271201418,0.18371448542402835,614.5,82.17298826256716,"pearson_r, entropy_reduction_ratio, mutual_information",0.0,0.0,0.0,0.0,0.4592862135600709
intent_com.qihoo360.daemon.pcdaemon.ACTION_START_OPERATE_CLIPBOARD,0,0.09185724271201418,0.18371448542402835,614.5,82.17298826256716,"pearson_r, entropy_reduction_ratio, mutual_information",0.0,0.0,0.0,0.0,0.4592862135600709
intent_com.qihoo360.daemon.pcdaemon.ACTION_START_DOWNLOAF_PAGE,0,0.09185724271201418,0.18371448542402835,614.5,82.17298826256716,"pearson_r, entropy_reduction_ratio, mutual_information",0.0,0.0,0.0,0.0,0.4592862135600709
intent_com.qihoo.appstore.zhushouhelper.IZhushouHelperService,0,0.09185724271201418,0.18371448542402835,614.5,82.17298826256716,"pearson_r, entropy_reduction_ratio, mutual_information",0.0,0.0,0.0,0.0,0.4592862135600709
intent_com.qihoo.appstore.videomini,0,0.09185724271201418,0.18371448542402835,614.5,82.17298826256716,"pearson_r, entropy_reduction_ratio, mutual_information",0.0,0.0,0.0,0.0,0.4592862135600709
intent_com.qihoo.appstore.powerusage.SAVE_MODE,0,0.09185724271201418,0.18371448542402835,614.5,82.17298826256716,"pearson_r, entropy_reduction_ratio, mutual_information",0.0,0.0,0.0,0.0,0.4592862135600709
intent_com.qihoo.appstore.launcher.shortcut.WEBVIEW,0,0.09185724271201418,0.18371448542402835,614.5,82.17298826256716,"pearson_r, entropy_reduction_ratio, mutual_information",0.0,0.0,0.0,0.0,0.4592862135600709
intent_com.qihoo.appstore.launcher.shortcut.VIDEO,0,0.09185724271201418,0.18371448542402835,614.5,82.17298826256716,"pearson_r, entropy_reduction_ratio, mutual_information",0.0,0.0,0.0,0.0,0.4592862135600709
intent_qihooappstore.gotoadmin,0,0.09185724271201418,0.18371448542402835,614.5,82.17298826256716,"pearson_r, entropy_reduction_ratio, mutual_information",0.0,0.0,0.0,0.0,0.4592862135600709
intent_com.qihoo.appstore.launcher.shortcut.PLAYGAME,0,0.09185724271201418,0.18371448542402835,614.5,82.17298826256716,"pearson_r, entropy_reduction_ratio, mutual_information",0.0,0.0,0.0,0.0,0.4592862135600709
intent_com.qihoo360.daemon.pcdaemon.ACTION_START_OPERATE_AUTHOR,0,0.09185724271201418,0.18371448542402835,614.5,82.17298826256716,"pearson_r, entropy_reduction_ratio, mutual_information",0.0,0.0,0.0,0.0,0.4592862135600709
intent_com.qihoo.appstore.ACTION_UNINSTALL,0,0.09185724271201418,0.18371448542402835,614.5,82.17298826256716,"pearson_r, entropy_reduction_ratio, mutual_information",0.0,0.0,0.0,0.0,0.4592862135600709
intent_com.qihoo.appstore.ACTION_MEM_SCAN,0,0.09185724271201418,0.18371448542402835,614.5,82.17298826256716,"pearson_r, entropy_reduction_ratio, mutual_information",0.0,0.0,0.0,0.0,0.4592862135600709
intent_com.qihoo.appstore.ACTION_UPDATE_LAST_WX_CLEAR,0,0.09185724271201418,0.18371448542402835,614.5,82.17298826256716,"pearson_r, entropy_reduction_ratio, mutual_information",0.0,0.0,0.0,0.0,0.4592862135600709
intent_com.qihoo.appstore.ACTION_GAME_UNION_WEB,0,0.09185724271201418,0.18371448542402835,614.5,82.17298826256716,"pearson_r, entropy_reduction_ratio, mutual_information",0.0,0.0,0.0,0.0,0.4592862135600709
intent_com.qihoo.appstore.ACTION_GAME_UNION_GIFT_LiST,0,0.09185724271201418,0.18371448542402835,614.5,82.17298826256716,"pearson_r, entropy_reduction_ratio, mutual_information",0.0,0.0,0.0,0.0,0.4592862135600709
intent_com.qihoo.appstore.ACTION_GAME_UNION_DETAIL,0,0.09185724271201418,0.18371448542402835,614.5,82.17298826256716,"pearson_r, entropy_reduction_ratio, mutual_information",0.0,0.0,0.0,0.0,0.4592862135600709
intent_com.qihoo.appstore.ACTION_GAME_UNION_DESK,0,0.09185724271201418,0.18371448542402835,614.5,82.17298826256716,"pearson_r, entropy_reduction_ratio, mutual_information",0.0,0.0,0.0,0.0,0.4592862135600709
intent_com.qihoo.appstore.ACTION_EVENT_STAT,0,0.09185724271201418,0.18371448542402835,614.5,82.17298826256716,"pearson_r, entropy_reduction_ratio, mutual_information",0.0,0.0,0.0,0.0,0.4592862135600709
intent_com.qihoo.accountcenter.action.START_ACCOUNT_SERVICE,0,0.09185724271201418,0.18371448542402835,614.5,82.17298826256716,"pearson_r, entropy_reduction_ratio, mutual_information",0.0,0.0,0.0,0.0,0.4592862135600709
intent_com.qihoo.appstore.ACTION_CLEAR_BACKGROUND,0,0.09185724271201418,0.18371448542402835,614.5,82.17298826256716,"pearson_r, entropy_reduction_ratio, mutual_information",0.0,0.0,0.0,0.0,0.4592862135600709
intent_com.qihoo.appstore.ACTION_CLEAN_STOP_SERVICE,0,0.09185724271201418,0.18371448542402835,614.5,82.17298826256716,"pearson_r, entropy_reduction_ratio, mutual_information",0.0,0.0,0.0,0.0,0.4592862135600709
intent_com.qihoo.appstore.ACTION_CLEAN_START_SERVICE,0,0.09185724271201418,0.18371448542402835,614.5,82.17298826256716,"pearson_r, entropy_reduction_ratio, mutual_information",0.0,0.0,0.0,0.0,0.4592862135600709
intent_com.qihoo.appstore.ACTION_HANDLE_SYSTEM_APP,0,0.09185724271201418,0.18371448542402835,614.5,82.17298826256716,"pearson_r, entropy_reduction_ratio, mutual_information",0.0,0.0,0.0,0.0,0.4592862135600709
intent_com.qihoo.appstore.ACTION_GET_SIGNIN_FOR_NOTIFYCATION,0,0.09185724271201418,0.18371448542402835,614.5,82.17298826256716,"pearson_r, entropy_reduction_ratio, mutual_information",0.0,0.0,0.0,0.0,0.4592862135600709
intent_com.qihoo.appstore.checkupdate.INSTALL_ALL_SILENT_TASK,0,0.09185724271201418,0.18371448542402835,614.5,82.17298826256716,"pearson_r, entropy_reduction_ratio, mutual_information",0.0,0.0,0.0,0.0,0.4592862135600709
intent_com.qihoo.appstore.checkupdate.INIT_APK_INFO,0,0.09185724271201418,0.18371448542402835,614.5,82.17298826256716,"pearson_r, entropy_reduction_ratio, mutual_information",0.0,0.0,0.0,0.0,0.4592862135600709
intent_com.qihoo.appstore.checkupdate.CHECK_BAOHE_UPDATE,0,0.09185724271201418,0.18371448542402835,614.5,82.17298826256716,"pearson_r, entropy_reduction_ratio, mutual_information",0.0,0.0,0.0,0.0,0.4592862135600709
intent_com.qihoo.appstore.battery.ICON,0,0.09185724271201418,0.18371448542402835,614.5,82.17298826256716,"pearson_r, entropy_reduction_ratio, mutual_information",0.0,0.0,0.0,0.0,0.4592862135600709
intent_com.qihoo.appstore.checkupdate.RESTART_ALL_DOWNLOAD,0,0.09185724271201418,0.18371448542402835,614.5,82.17298826256716,"pearson_r, entropy_reduction_ratio, mutual_information",0.0,0.0,0.0,0.0,0.4592862135600709
intent_com.qihoo.appstore.activate,0,0.09185724271201418,0.18371448542402835,614.5,82.17298826256716,"pearson_r, entropy_reduction_ratio, mutual_information",0.0,0.0,0.0,0.0,0.4592862135600709
intent_com.qihoo.appstore.accessibility.ALERT,0,0.09185724271201418,0.18371448542402835,614.5,82.17298826256716,"pearson_r, entropy_reduction_ratio, mutual_information",0.0,0.0,0.0,0.0,0.4592862135600709
intent_com.qihoo.appstore.ACTION_STAT,0,0.09185724271201418,0.18371448542402835,614.5,82.17298826256716,"pearson_r, entropy_reduction_ratio, mutual_information",0.0,0.0,0.0,0.0,0.4592862135600709
intent_com.qihoo.appstore.PLUGIN_ICON,0,0.09185724271201418,0.18371448542402835,614.5,82.17298826256716,"pearson_r, entropy_reduction_ratio, mutual_information",0.0,0.0,0.0,0.0,0.4592862135600709
intent_com.qihoo.appstore.PACKAGE_ADDED,0,0.09185724271201418,0.18371448542402835,614.5,82.17298826256716,"pearson_r, entropy_reduction_ratio, mutual_information",0.0,0.0,0.0,0.0,0.4592862135600709
intent_com.qihoo.appstore.OPEN_BROWSER,0,0.09185724271201418,0.18371448542402835,614.5,82.17298826256716,"pearson_r, entropy_reduction_ratio, mutual_information",0.0,0.0,0.0,0.0,0.4592862135600709
intent_com.qihoo.appstore.MEMCLEAR,0,0.09185724271201418,0.18371448542402835,614.5,82.17298826256716,"pearson_r, entropy_reduction_ratio, mutual_information",0.0,0.0,0.0,0.0,0.4592862135600709
intent_com.qihoo.appstore.battery.START,0,0.09185724271201418,0.18371448542402835,614.5,82.17298826256716,"pearson_r, entropy_reduction_ratio, mutual_information",0.0,0.0,0.0,0.0,0.4592862135600709
intent_com.qihoo.appstore.LitePluginTipDialogActivity,0,0.09185724271201418,0.18371448542402835,614.5,82.17298826256716,"pearson_r, entropy_reduction_ratio, mutual_information",0.0,0.0,0.0,0.0,0.4592862135600709
intent_com.qihoo.appstore.CHECK_APP_UPDATE_DESK_NOTIFICATION,0,0.09185724271201418,0.18371448542402835,614.5,82.17298826256716,"pearson_r, entropy_reduction_ratio, mutual_information",0.0,0.0,0.0,0.0,0.4592862135600709
intent_com.qihoo.appstore.battery.START_EX,0,0.09185724271201418,0.18371448542402835,614.5,82.17298826256716,"pearson_r, entropy_reduction_ratio, mutual_information",0.0,0.0,0.0,0.0,0.4592862135600709
perm_com.nd.android.launcher.permission.WRITE_SETTINGS,0,0.09185724271201418,0.18371448542402835,614.5,82.17298826256716,"pearson_r, entropy_reduction_ratio, mutual_information",0.0,0.0,0.0,0.0,0.4592862135600709
perm_com.meizu.flyme.launcher.permission.WRITE_SETTINGS,0,0.09185724271201418,0.18371448542402835,614.5,82.17298826256716,"pearson_r, entropy_reduction_ratio, mutual_information",0.0,0.0,0.0,0.0,0.4592862135600709
intent_action_send_cancel,0,0.09185724271201418,0.18371448542402835,614.5,82.17298826256716,"pearson_r, entropy_reduction_ratio, mutual_information",0.0,0.0,0.0,0.0,0.4592862135600709
intent_com.qihoo.appstore.stable_notification_broadcast,0,0.09185724271201418,0.18371448542402835,614.5,82.17298826256716,"pearson_r, entropy_reduction_ratio, mutual_information",0.0,0.0,0.0,0.0,0.4592862135600709
perm_android.permission.MANAGE_USERS,0,0.09185724271201418,0.18371448542402835,614.5,82.17298826256716,"pearson_r, entropy_reduction_ratio, mutual_information",0.0,0.0,0.0,0.0,0.4592862135600709
perm_android.permission.CHANGE_WIMAX_STATE,0,0.09185724271201418,0.18371448542402835,614.5,82.17298826256716,"pearson_r, entropy_reduction_ratio, mutual_information",0.0,0.0,0.0,0.0,0.4592862135600709
perm_com.anddoes.launcher.permission.READ_SETTINGS,0,0.09185724271201418,0.18371448542402835,614.5,82.17298826256716,"pearson_r, entropy_reduction_ratio, mutual_information",0.0,0.0,0.0,0.0,0.4592862135600709
perm_android.permission.READ_SOCIAL_STREAM,0,0.09185724271201418,0.18371448542402835,614.5,82.17298826256716,"pearson_r, entropy_reduction_ratio, mutual_information",0.0,0.0,0.0,0.0,0.4592862135600709
perm_com.ztemt.launcher.permission.READ_SETTINGS,0,0.09185724271201418,0.18371448542402835,614.5,82.17298826256716,"pearson_r, entropy_reduction_ratio, mutual_information",0.0,0.0,0.0,0.0,0.4592862135600709
perm_android.permission.ACCESS_WIMAX_STATE,0,0.09185724271201418,0.18371448542402835,614.5,82.17298826256716,"pearson_r, entropy_reduction_ratio, mutual_information",0.0,0.0,0.0,0.0,0.4592862135600709
perm_com.nd.android.launcher.permission.READ_SETTINGS,0,0.09185724271201418,0.18371448542402835,614.5,82.17298826256716,"pearson_r, entropy_reduction_ratio, mutual_information",0.0,0.0,0.0,0.0,0.4592862135600709
perm_android.permission.PERSISTENT_ACTIVITY,0,0.09185724271201418,0.18371448542402835,614.5,82.17298826256716,"pearson_r, entropy_reduction_ratio, mutual_information",0.0,0.0,0.0,0.0,0.4592862135600709
perm_com.android.voicemail.permission.ADD_VOICEMAIL,0,0.09185724271201418,0.18371448542402835,614.5,82.17298826256716,"pearson_r, entropy_reduction_ratio, mutual_information",0.0,0.0,0.0,0.0,0.4592862135600709
perm_android.permission.SUBSCRIBED_FEEDS_WRITE,0,0.09185724271201418,0.18371448542402835,614.5,82.17298826256716,"pearson_r, entropy_reduction_ratio, mutual_information",0.0,0.0,0.0,0.0,0.4592862135600709
perm_com.yulong.android.launcherL.permission.READ_SETTINGS,0,0.09185724271201418,0.18371448542402835,614.5,82.17298826256716,"pearson_r, entropy_reduction_ratio, mutual_information",0.0,0.0,0.0,0.0,0.4592862135600709
perm_android.permission.READ_APP_BADGE,0,0.09185724271201418,0.18371448542402835,614.5,82.17298826256716,"pearson_r, entropy_reduction_ratio, mutual_information",0.0,0.0,0.0,0.0,0.4592862135600709
perm_com.yulong.android.launcher3.READ_SETTINGS,0,0.09185724271201418,0.18371448542402835,614.5,82.17298826256716,"pearson_r, entropy_reduction_ratio, mutual_information",0.0,0.0,0.0,0.0,0.4592862135600709
perm_android.permission.RUN_INSTRUMENTATION,0,0.09185724271201418,0.18371448542402835,614.5,82.17298826256716,"pearson_r, entropy_reduction_ratio, mutual_information",0.0,0.0,0.0,0.0,0.4592862135600709
perm_com.meizu.flyme.launcher.permission.READ_SETTINGS,0,0.09185724271201418,0.18371448542402835,614.5,82.17298826256716,"pearson_r, entropy_reduction_ratio, mutual_information",0.0,0.0,0.0,0.0,0.4592862135600709
perm_com.android.launcher2.permission.WRITE_SETTINGS,0,0.09185724271201418,0.18371448542402835,614.5,82.17298826256716,"pearson_r, entropy_reduction_ratio, mutual_information",0.0,0.0,0.0,0.0,0.4592862135600709
perm_android.permission.SUBSCRIBED_FEEDS_READ,0,0.09185724271201418,0.18371448542402835,614.5,82.17298826256716,"pearson_r, entropy_reduction_ratio, mutual_information",0.0,0.0,0.0,0.0,0.4592862135600709
perm_android.permission.WRITE_OWNER_DATA,0,0.09185724271201418,0.18371448542402835,614.5,82.17298826256716,"pearson_r, entropy_reduction_ratio, mutual_information",0.0,0.0,0.0,0.0,0.4592862135600709
perm_com.google.android.providers.talk.permission.WRITE_ONLY,0,0.09185724271201418,0.18371448542402835,614.5,82.17298826256716,"pearson_r, entropy_reduction_ratio, mutual_information",0.0,0.0,0.0,0.0,0.4592862135600709
perm_com.google.android.gms.permission.AD_ID_NOTIFICATION,0,0.09185724271201418,0.18371448542402835,614.5,82.17298826256716,"pearson_r, entropy_reduction_ratio, mutual_information",0.0,0.0,0.0,0.0,0.4592862135600709
perm_com.google.android.googleapps.permission.GOOGLE_AUTH.YouTubeUser,0,0.09185724271201418,0.18371448542402835,614.5,82.17298826256716,"pearson_r, entropy_reduction_ratio, mutual_information",0.0,0.0,0.0,0.0,0.4592862135600709
perm_com.google.android.googleapps.permission.GOOGLE_AUTH.youtube,0,0.09185724271201418,0.18371448542402835,614.5,82.17298826256716,"pearson_r, entropy_reduction_ratio, mutual_information",0.0,0.0,0.0,0.0,0.4592862135600709
perm_com.google.android.googleapps.permission.GOOGLE_AUTH.talk,0,0.09185724271201418,0.18371448542402835,614.5,82.17298826256716,"pearson_r, entropy_reduction_ratio, mutual_information",0.0,0.0,0.0,0.0,0.4592862135600709
perm_com.google.android.googleapps.permission.GOOGLE_AUTH.speechpersonalization,0,0.09185724271201418,0.18371448542402835,614.5,82.17298826256716,"pearson_r, entropy_reduction_ratio, mutual_information",0.0,0.0,0.0,0.0,0.4592862135600709
perm_com.google.android.googleapps.permission.GOOGLE_AUTH.speech,0,0.09185724271201418,0.18371448542402835,614.5,82.17298826256716,"pearson_r, entropy_reduction_ratio, mutual_information",0.0,0.0,0.0,0.0,0.4592862135600709
perm_com.google.android.googleapps.permission.GOOGLE_AUTH.sitemaps,0,0.09185724271201418,0.18371448542402835,614.5,82.17298826256716,"pearson_r, entropy_reduction_ratio, mutual_information",0.0,0.0,0.0,0.0,0.4592862135600709
perm_com.google.android.googleapps.permission.GOOGLE_AUTH.grandcentral,0,0.09185724271201418,0.18371448542402835,614.5,82.17298826256716,"pearson_r, entropy_reduction_ratio, mutual_information",0.0,0.0,0.0,0.0,0.4592862135600709
perm_com.google.android.googleapps.permission.GOOGLE_AUTH.lh2,0,0.09185724271201418,0.18371448542402835,614.5,82.17298826256716,"pearson_r, entropy_reduction_ratio, mutual_information",0.0,0.0,0.0,0.0,0.4592862135600709
perm_com.google.android.googleapps.permission.GOOGLE_AUTH.knol,0,0.09185724271201418,0.18371448542402835,614.5,82.17298826256716,"pearson_r, entropy_reduction_ratio, mutual_information",0.0,0.0,0.0,0.0,0.4592862135600709
perm_com.google.android.googleapps.permission.GOOGLE_AUTH.groups2,0,0.09185724271201418,0.18371448542402835,614.5,82.17298826256716,"pearson_r, entropy_reduction_ratio, mutual_information",0.0,0.0,0.0,0.0,0.4592862135600709
perm_com.google.android.googleapps.permission.GOOGLE_AUTH.dodgeball,0,0.09185724271201418,0.18371448542402835,614.5,82.17298826256716,"pearson_r, entropy_reduction_ratio, mutual_information",0.0,0.0,0.0,0.0,0.4592862135600709
perm_com.google.android.googleapps.permission.GOOGLE_AUTH.ah,0,0.09185724271201418,0.18371448542402835,614.5,82.17298826256716,"pearson_r, entropy_reduction_ratio, mutual_information",0.0,0.0,0.0,0.0,0.4592862135600709
perm_com.google.android.googleapps.permission.GOOGLE_AUTH.orkut,0,0.09185724271201418,0.18371448542402835,614.5,82.17298826256716,"pearson_r, entropy_reduction_ratio, mutual_information",0.0,0.0,0.0,0.0,0.4592862135600709
perm_com.google.android.googleapps.permission.GOOGLE_AUTH.adsense,0,0.09185724271201418,0.18371448542402835,614.5,82.17298826256716,"pearson_r, entropy_reduction_ratio, mutual_information",0.0,0.0,0.0,0.0,0.4592862135600709
perm_com.google.android.googleapps.permission.GOOGLE_AUTH.print,0,0.09185724271201418,0.18371448542402835,614.5,82.17298826256716,"pearson_r, entropy_reduction_ratio, mutual_information",0.0,0.0,0.0,0.0,0.4592862135600709
perm_com.google.android.googleapps.permission.GOOGLE_AUTH.mobile,0,0.09185724271201418,0.18371448542402835,614.5,82.17298826256716,"pearson_r, entropy_reduction_ratio, mutual_information",0.0,0.0,0.0,0.0,0.4592862135600709
perm_com.google.android.googleapps.permission.GOOGLE_AUTH.mail,0,0.09185724271201418,0.18371448542402835,614.5,82.17298826256716,"pearson_r, entropy_reduction_ratio, mutual_information",0.0,0.0,0.0,0.0,0.4592862135600709
perm_android.permission.READ_OWNER_DATA,0,0.09185724271201418,0.18371448542402835,614.5,82.17298826256716,"pearson_r, entropy_reduction_ratio, mutual_information",0.0,0.0,0.0,0.0,0.4592862135600709
perm_android.permission.SET_TIME_ZONE,0,0.09185724271201418,0.18371448542402835,614.5,82.17298826256716,"pearson_r, entropy_reduction_ratio, mutual_information",0.0,0.0,0.0,0.0,0.4592862135600709
perm_com.google.android.googleapps.permission.GOOGLE_AUTH.cp,0,0.09185724271201418,0.18371448542402835,614.5,82.17298826256716,"pearson_r, entropy_reduction_ratio, mutual_information",0.0,0.0,0.0,0.0,0.4592862135600709
perm_me.everything.badger.permission.BADGE_COUNT_WRITE,0,0.09185724271201418,0.18371448542402835,614.5,82.17298826256716,"pearson_r, entropy_reduction_ratio, mutual_information",0.0,0.0,0.0,0.0,0.4592862135600709
perm_me.everything.badger.permission.BADGE_COUNT_READ,0,0.09185724271201418,0.18371448542402835,614.5,82.17298826256716,"pearson_r, entropy_reduction_ratio, mutual_information",0.0,0.0,0.0,0.0,0.4592862135600709
perm_android.permission.USE_SIP,0,0.09185724271201418,0.18371448542402835,614.5,82.17298826256716,"pearson_r, entropy_reduction_ratio, mutual_information",0.0,0.0,0.0,0.0,0.4592862135600709
perm_com.google.android.googleapps.permission.GOOGLE_AUTH.OTHER_SERVICES,0,0.09185724271201418,0.18371448542402835,614.5,82.17298826256716,"pearson_r, entropy_reduction_ratio, mutual_information",0.0,0.0,0.0,0.0,0.4592862135600709
intent_org.agoo.android.intent.action.RECEIVE,0,0.09185724271201418,0.18371448542402835,614.5,82.17298826256716,"pearson_r, entropy_reduction_ratio, mutual_information",0.0,0.0,0.0,0.0,0.4592862135600709
perm_com.google.android.googleapps.permission.GOOGLE_AUTH.wise,0,0.09185724271201418,0.18371448542402835,614.5,82.17298826256716,"pearson_r, entropy_reduction_ratio, mutual_information",0.0,0.0,0.0,0.0,0.4592862135600709
perm_com.google.android.googleapps.permission.GOOGLE_AUTH.writely,0,0.09185724271201418,0.18371448542402835,614.5,82.17298826256716,"pearson_r, entropy_reduction_ratio, mutual_information",0.0,0.0,0.0,0.0,0.4592862135600709
perm_com.s.launcher.permission.READ_SETTINGS,0,0.09185724271201418,0.18371448542402835,614.5,82.17298826256716,"pearson_r, entropy_reduction_ratio, mutual_information",0.0,0.0,0.0,0.0,0.4592862135600709
perm_com.google.android.googleapps.permission.GOOGLE_AUTH,0,0.09185724271201418,0.18371448542402835,614.5,82.17298826256716,"pearson_r, entropy_reduction_ratio, mutual_information",0.0,0.0,0.0,0.0,0.4592862135600709
intent_cn.jpush.android.ui.PushActivity,0,0.09185724271201418,0.18371448542402835,614.5,82.17298826256716,"pearson_r, entropy_reduction_ratio, mutual_information",0.0,0.0,0.0,0.0,0.4592862135600709
perm_com.google.android.googleapps.permission.GOOGLE_AUTH.androidsecure,0,0.09185724271201418,0.18371448542402835,614.5,82.17298826256716,"pearson_r, entropy_reduction_ratio, mutual_information",0.0,0.0,0.0,0.0,0.4592862135600709
perm_com.google.android.googleapps.permission.GOOGLE_AUTH.android,0,0.09185724271201418,0.18371448542402835,614.5,82.17298826256716,"pearson_r, entropy_reduction_ratio, mutual_information",0.0,0.0,0.0,0.0,0.4592862135600709
perm_android.permission.BODY_SENSORS,0,0.09185724271201418,0.18371448542402835,614.5,82.17298826256716,"pearson_r, entropy_reduction_ratio, mutual_information",0.0,0.0,0.0,0.0,0.4592862135600709
intent_cn.jpush.android.intent.REGISTER,0,0.09185724271201418,0.18371448542402835,614.5,82.17298826256716,"pearson_r, entropy_reduction_ratio, mutual_information",0.0,0.0,0.0,0.0,0.4592862135600709
intent_cn.jpush.android.intent.PushService,0,0.09185724271201418,0.18371448542402835,614.5,82.17298826256716,"pearson_r, entropy_reduction_ratio, mutual_information",0.0,0.0,0.0,0.0,0.4592862135600709
intent_cn.jpush.android.intent.REPORT,0,0.09185724271201418,0.18371448542402835,614.5,82.17298826256716,"pearson_r, entropy_reduction_ratio, mutual_information",0.0,0.0,0.0,0.0,0.4592862135600709
intent_cn.jpush.android.intent.PUSH_TIME,0,0.09185724271201418,0.18371448542402835,614.5,82.17298826256716,"pearson_r, entropy_reduction_ratio, mutual_information",0.0,0.0,0.0,0.0,0.4592862135600709
perm_com.tsf.shell.permission.READ_SETTINGS,0,0.09185724271201418,0.18371448542402835,614.5,82.17298826256716,"pearson_r, entropy_reduction_ratio, mutual_information",0.0,0.0,0.0,0.0,0.4592862135600709
intent_org.android.agoo.client.MessageReceiverService,0,0.09185724271201418,0.18371448542402835,614.5,82.17298826256716,"pearson_r, entropy_reduction_ratio, mutual_information",0.0,0.0,0.0,0.0,0.4592862135600709
intent_cn.jpush.android.intent.MESSAGE_RECEIVED,0,0.09185724271201418,0.18371448542402835,614.5,82.17298826256716,"pearson_r, entropy_reduction_ratio, mutual_information",0.0,0.0,0.0,0.0,0.4592862135600709
perm_com.teslacoilsw.launcher.permission.READ_SETTINGS,0,0.09185724271201418,0.18371448542402835,614.5,82.17298826256716,"pearson_r, entropy_reduction_ratio, mutual_information",0.0,0.0,0.0,0.0,0.4592862135600709
intent_cn.jpush.android.intent.NOTIFICATION_OPENED,0,0.09185724271201418,0.18371448542402835,614.5,82.17298826256716,"pearson_r, entropy_reduction_ratio, mutual_information",0.0,0.0,0.0,0.0,0.4592862135600709
intent_cn.jpush.android.intent.NOTIFICATION_RECEIVED,0,0.09185724271201418,0.18371448542402835,614.5,82.17298826256716,"pearson_r, entropy_reduction_ratio, mutual_information",0.0,0.0,0.0,0.0,0.4592862135600709
intent_com.igexin.sdk.action.7fjUl2Z3LH6xYy7NQK4ni4,0,0.09185724271201418,0.18371448542402835,614.5,82.17298826256716,"pearson_r, entropy_reduction_ratio, mutual_information",0.0,0.0,0.0,0.0,0.4592862135600709
intent_android.provider.OppoSpeechAssist.SMS_RECEIVED,0,0.09185724271201418,0.18371448542402835,614.5,82.17298826256716,"pearson_r, entropy_reduction_ratio, mutual_information",0.0,0.0,0.0,0.0,0.4592862135600709
intent_android.intent.action.MEDIA_EJECT,0,0.09185724271201418,0.18371448542402835,614.5,82.17298826256716,"pearson_r, entropy_reduction_ratio, mutual_information",0.0,0.0,0.0,0.0,0.4592862135600709
perm_android.permission.SEND_DOWNLOAD_COMPLETED_INTENTS,0,0.09185724271201418,0.18371448542402835,614.5,82.17298826256716,"pearson_r, entropy_reduction_ratio, mutual_information",0.0,0.0,0.0,0.0,0.4592862135600709
perm_android.permission.BROADCAST_PACKAGE_INSTALL,0,0.09185724271201418,0.18371448542402835,614.5,82.17298826256716,"pearson_r, entropy_reduction_ratio, mutual_information",0.0,0.0,0.0,0.0,0.4592862135600709
perm_android.permission.BROADCAST_PACKAGE_CHANGED,0,0.09185724271201418,0.18371448542402835,614.5,82.17298826256716,"pearson_r, entropy_reduction_ratio, mutual_information",0.0,0.0,0.0,0.0,0.4592862135600709
perm_android.permission.BROADCAST_PACKAGE_REPLACED,0,0.09185724271201418,0.18371448542402835,614.5,82.17298826256716,"pearson_r, entropy_reduction_ratio, mutual_information",0.0,0.0,0.0,0.0,0.4592862135600709
perm_android.permission.ACCESS_SUPERUSER,0,0.09185724271201418,0.18371448542402835,614.5,82.17298826256716,"pearson_r, entropy_reduction_ratio, mutual_information",0.0,0.0,0.0,0.0,0.4592862135600709
intent_org.agoo.android.intent.action.PING_V4,0,0.09185724271201418,0.18371448542402835,614.5,82.17298826256716,"pearson_r, entropy_reduction_ratio, mutual_information",0.0,0.0,0.0,0.0,0.4592862135600709
perm_com.anddoes.launcher.permission.WRITE_SETTINGS,0,0.09185724271201418,0.18371448542402835,614.5,82.17298826256716,"pearson_r, entropy_reduction_ratio, mutual_information",0.0,0.0,0.0,0.0,0.4592862135600709
intent_com.excelliance.kxqp.platform.gameplugin.action.UNBIND_REMOTE,0,0.09185724271201418,0.18371448542402835,614.5,82.17298826256716,"pearson_r, entropy_reduction_ratio, mutual_information",0.0,0.0,0.0,0.0,0.4592862135600709
perm_org.adwfreak.launcher.permission.WRITE_SETTINGS,0,0.09185724271201418,0.18371448542402835,614.5,82.17298826256716,"pearson_r, entropy_reduction_ratio, mutual_information",0.0,0.0,0.0,0.0,0.4592862135600709
perm_com.sec.android.app.twlauncher.settings.WRITE_SETTINGS,0,0.09185724271201418,0.18371448542402835,614.5,82.17298826256716,"pearson_r, entropy_reduction_ratio, mutual_information",0.0,0.0,0.0,0.0,0.4592862135600709
perm_telecom.mdesk.permission.WRITE_SETTINGS,0,0.09185724271201418,0.18371448542402835,614.5,82.17298826256716,"pearson_r, entropy_reduction_ratio, mutual_information",0.0,0.0,0.0,0.0,0.4592862135600709
perm_net.qihoo.launcher.permission.WRITE_SETTINGS,0,0.09185724271201418,0.18371448542402835,614.5,82.17298826256716,"pearson_r, entropy_reduction_ratio, mutual_information",0.0,0.0,0.0,0.0,0.4592862135600709
perm_org.adw.launcher_donut.permission.WRITE_SETTINGS,0,0.09185724271201418,0.18371448542402835,614.5,82.17298826256716,"pearson_r, entropy_reduction_ratio, mutual_information",0.0,0.0,0.0,0.0,0.4592862135600709
perm_com.fede.launcher.permission.WRITE_SETTINGS,0,0.09185724271201418,0.18371448542402835,614.5,82.17298826256716,"pearson_r, entropy_reduction_ratio, mutual_information",0.0,0.0,0.0,0.0,0.4592862135600709
perm_com.ebproductions.android.launcher.permission.WRITE_SETTINGS,0,0.09185724271201418,0.18371448542402835,614.5,82.17298826256716,"pearson_r, entropy_reduction_ratio, mutual_information",0.0,0.0,0.0,0.0,0.4592862135600709
perm_com.tencent.qqlauncher.permission.WRITE_SETTINGS,0,0.09185724271201418,0.18371448542402835,614.5,82.17298826256716,"pearson_r, entropy_reduction_ratio, mutual_information",0.0,0.0,0.0,0.0,0.4592862135600709
perm_sec.android.permission.READ_MSG_PREF,0,0.09185724271201418,0.18371448542402835,614.5,82.17298826256716,"pearson_r, entropy_reduction_ratio, mutual_information",0.0,0.0,0.0,0.0,0.4592862135600709
perm_com.samsung.android.providers.context.permission.WRITE_RECORD_AUDIO,0,0.09185724271201418,0.18371448542402835,614.5,82.17298826256716,"pearson_r, entropy_reduction_ratio, mutual_information",0.0,0.0,0.0,0.0,0.4592862135600709
perm_com.samsung.svoice.sync.ACCESS_SERVICE,0,0.09185724271201418,0.18371448542402835,614.5,82.17298826256716,"pearson_r, entropy_reduction_ratio, mutual_information",0.0,0.0,0.0,0.0,0.4592862135600709
perm_com.samsung.svoice.sync.READ_DATABASE,0,0.09185724271201418,0.18371448542402835,614.5,82.17298826256716,"pearson_r, entropy_reduction_ratio, mutual_information",0.0,0.0,0.0,0.0,0.4592862135600709
perm_com.sec.android.permission.LAUNCH_PERSONAL_PAGE_SERVICE,0,0.09185724271201418,0.18371448542402835,614.5,82.17298826256716,"pearson_r, entropy_reduction_ratio, mutual_information",0.0,0.0,0.0,0.0,0.4592862135600709
perm_com.sec.android.permission.VOIP_INTERFACE,0,0.09185724271201418,0.18371448542402835,614.5,82.17298826256716,"pearson_r, entropy_reduction_ratio, mutual_information",0.0,0.0,0.0,0.0,0.4592862135600709
intent_com.xiaomi.mipush.MESSAGE_ARRIVED,0,0.09185724271201418,0.18371448542402835,614.5,82.17298826256716,"pearson_r, entropy_reduction_ratio, mutual_information",0.0,0.0,0.0,0.0,0.4592862135600709
perm_com.sec.android.app.voicenote.Controller,0,0.09185724271201418,0.18371448542402835,614.5,82.17298826256716,"pearson_r, entropy_reduction_ratio, mutual_information",0.0,0.0,0.0,0.0,0.4592862135600709
intent_com.excelliance.kxqp.NEXT_CHAPTER,0,0.09185724271201418,0.18371448542402835,614.5,82.17298826256716,"pearson_r, entropy_reduction_ratio, mutual_information",0.0,0.0,0.0,0.0,0.4592862135600709
intent_com.baidu.android.pushservice.action.RECEIVE,0,0.09185724271201418,0.18371448542402835,614.5,82.17298826256716,"pearson_r, entropy_reduction_ratio, mutual_information",0.0,0.0,0.0,0.0,0.4592862135600709
intent_com.baidu.android.pushservice.action.MESSAGE,0,0.09185724271201418,0.18371448542402835,614.5,82.17298826256716,"pearson_r, entropy_reduction_ratio, mutual_information",0.0,0.0,0.0,0.0,0.4592862135600709
perm_com.sec.android.settings.permission.SOFT_RESET,0,0.09185724271201418,0.18371448542402835,614.5,82.17298826256716,"pearson_r, entropy_reduction_ratio, mutual_information",0.0,0.0,0.0,0.0,0.4592862135600709
perm_com.samsung.android.scloud.backup.lib.write,0,0.09185724271201418,0.18371448542402835,614.5,82.17298826256716,"pearson_r, entropy_reduction_ratio, mutual_information",0.0,0.0,0.0,0.0,0.4592862135600709
intent_com.baidu.android.pushservice.action.METHOD,0,0.09185724271201418,0.18371448542402835,614.5,82.17298826256716,"pearson_r, entropy_reduction_ratio, mutual_information",0.0,0.0,0.0,0.0,0.4592862135600709
intent_com.baidu.android.pushservice.action.notification.CLICK,0,0.09185724271201418,0.18371448542402835,614.5,82.17298826256716,"pearson_r, entropy_reduction_ratio, mutual_information",0.0,0.0,0.0,0.0,0.4592862135600709
intent_com.umeng.message.autoupdate.handler.action,0,0.09185724271201418,0.18371448542402835,614.5,82.17298826256716,"pearson_r, entropy_reduction_ratio, mutual_information",0.0,0.0,0.0,0.0,0.4592862135600709
perm_android.permission.WRITE_CLIPS,0,0.09185724271201418,0.18371448542402835,614.5,82.17298826256716,"pearson_r, entropy_reduction_ratio, mutual_information",0.0,0.0,0.0,0.0,0.4592862135600709
intent_com.baidu.android.pushservice.action.PUSH_SERVICE,0,0.09185724271201418,0.18371448542402835,614.5,82.17298826256716,"pearson_r, entropy_reduction_ratio, mutual_information",0.0,0.0,0.0,0.0,0.4592862135600709
intent_com.umeng.message.disablecallback.action,0,0.09185724271201418,0.18371448542402835,614.5,82.17298826256716,"pearson_r, entropy_reduction_ratio, mutual_information",0.0,0.0,0.0,0.0,0.4592862135600709
perm_org.simalliance.openmobileapi.SMARTCARD,0,0.09185724271201418,0.18371448542402835,614.5,82.17298826256716,"pearson_r, entropy_reduction_ratio, mutual_information",0.0,0.0,0.0,0.0,0.4592862135600709
intent_co.ronash.pushe.CHECK_TASKS,0,0.09185724271201418,0.18371448542402835,614.5,82.17298826256716,"pearson_r, entropy_reduction_ratio, mutual_information",0.0,0.0,0.0,0.0,0.4592862135600709
intent_co.ronash.pushe.service.ScreenStateService,0,0.09185724271201418,0.18371448542402835,614.5,82.17298826256716,"pearson_r, entropy_reduction_ratio, mutual_information",0.0,0.0,0.0,0.0,0.4592862135600709
intent_com.taobao.accs.intent.action.RECEIVE,0,0.09185724271201418,0.18371448542402835,614.5,82.17298826256716,"pearson_r, entropy_reduction_ratio, mutual_information",0.0,0.0,0.0,0.0,0.4592862135600709
intent_com.taobao.accs.intent.action.SERVICE,0,0.09185724271201418,0.18371448542402835,614.5,82.17298826256716,"pearson_r, entropy_reduction_ratio, mutual_information",0.0,0.0,0.0,0.0,0.4592862135600709
perm_com.android.launcher3.permission.UNINSTALL_SHORTCUT,0,0.09185724271201418,0.18371448542402835,614.5,82.17298826256716,"pearson_r, entropy_reduction_ratio, mutual_information",0.0,0.0,0.0,0.0,0.4592862135600709
intent_com.unicom.xiaowo.security.RECEIVER_CMD,0,0.09185724271201418,0.18371448542402835,614.5,82.17298826256716,"pearson_r, entropy_reduction_ratio, mutual_information",0.0,0.0,0.0,0.0,0.4592862135600709
intent_android.media.browse.MediaBrowserService,0,0.09185724271201418,0.18371448542402835,614.5,82.17298826256716,"pearson_r, entropy_reduction_ratio, mutual_information",0.0,0.0,0.0,0.0,0.4592862135600709
intent_oh.rt.hj.j.g,0,0.09185724271201418,0.18371448542402835,614.5,82.17298826256716,"pearson_r, entropy_reduction_ratio, mutual_information",0.0,0.0,0.0,0.0,0.4592862135600709
intent_ACTION.TAPCORE.SYNC,0,0.09185724271201418,0.18371448542402835,614.5,82.17298826256716,"pearson_r, entropy_reduction_ratio, mutual_information",0.0,0.0,0.0,0.0,0.4592862135600709
intent_com.amir.nightjar.service.BUFFER_SERVICES,0,0.09185724271201418,0.18371448542402835,614.5,82.17298826256716,"pearson_r, entropy_reduction_ratio, mutual_information",0.0,0.0,0.0,0.0,0.4592862135600709
perm_cn.swiftpass.wxpay.permission.MM_MESSAGE,0,0.09185724271201418,0.18371448542402835,614.5,82.17298826256716,"pearson_r, entropy_reduction_ratio, mutual_information",0.0,0.0,0.0,0.0,0.4592862135600709
intent_com.amazon.device.messaging.intent.RECEIVE,0,0.09185724271201418,0.18371448542402835,614.5,82.17298826256716,"pearson_r, entropy_reduction_ratio, mutual_information",0.0,0.0,0.0,0.0,0.4592862135600709
perm_com.huawei.launcher.permission.READ_SETTINGS,0,0.09185724271201418,0.18371448542402835,614.5,82.17298826256716,"pearson_r, entropy_reduction_ratio, mutual_information",0.0,0.0,0.0,0.0,0.4592862135600709
perm_com.amazon.device.messaging.permission.RECEIVE,0,0.09185724271201418,0.18371448542402835,614.5,82.17298826256716,"pearson_r, entropy_reduction_ratio, mutual_information",0.0,0.0,0.0,0.0,0.4592862135600709
intent_android.intent.action.ERROR_NOTIFY,0,0.09185724271201418,0.18371448542402835,614.5,82.17298826256716,"pearson_r, entropy_reduction_ratio, mutual_information",0.0,0.0,0.0,0.0,0.4592862135600709
perm_android.permission.PREVENT_POWER_KEY,0,0.09185724271201418,0.18371448542402835,614.5,82.17298826256716,"pearson_r, entropy_reduction_ratio, mutual_information",0.0,0.0,0.0,0.0,0.4592862135600709
intent_downfile,0,0.09185724271201418,0.18371448542402835,614.5,82.17298826256716,"pearson_r, entropy_reduction_ratio, mutual_information",0.0,0.0,0.0,0.0,0.4592862135600709
intent_com.excelliance.appmate.platform.gameservice.PlatService,0,0.09185724271201418,0.18371448542402835,614.5,82.17298826256716,"pearson_r, entropy_reduction_ratio, mutual_information",0.0,0.0,0.0,0.0,0.4592862135600709
intent_com.excelliance.kxqp.action.SmtServService,0,0.09185724271201418,0.18371448542402835,614.5,82.17298826256716,"pearson_r, entropy_reduction_ratio, mutual_information",0.0,0.0,0.0,0.0,0.4592862135600709
intent_com.excelliance.kxqp.action.GENERIC,0,0.09185724271201418,0.18371448542402835,614.5,82.17298826256716,"pearson_r, entropy_reduction_ratio, mutual_information",0.0,0.0,0.0,0.0,0.4592862135600709
perm_com.facebook.katana.permission.RECEIVE_ADM_MESSAGE,0,0.09185724271201418,0.18371448542402835,614.5,82.17298826256716,"pearson_r, entropy_reduction_ratio, mutual_information",0.0,0.0,0.0,0.0,0.4592862135600709
perm_com.facebook.permission.prod.SYSTEM_COMMUNICATION,0,0.09185724271201418,0.18371448542402835,614.5,82.17298826256716,"pearson_r, entropy_reduction_ratio, mutual_information",0.0,0.0,0.0,0.0,0.4592862135600709
perm_com.facebook.katana.permission.C2D_MESSAGE,0,0.09185724271201418,0.18371448542402835,614.5,82.17298826256716,"pearson_r, entropy_reduction_ratio, mutual_information",0.0,0.0,0.0,0.0,0.4592862135600709
intent_com.excelliance.kxqp.action.smtcnt,0,0.09185724271201418,0.18371448542402835,614.5,82.17298826256716,"pearson_r, entropy_reduction_ratio, mutual_information",0.0,0.0,0.0,0.0,0.4592862135600709
intent_show_start_app,0,0.09185724271201418,0.18371448542402835,614.5,82.17298826256716,"pearson_r, entropy_reduction_ratio, mutual_information",0.0,0.0,0.0,0.0,0.4592862135600709
intent_com.amazon.device.messaging.intent.REGISTRATION,0,0.09185724271201418,0.18371448542402835,614.5,82.17298826256716,"pearson_r, entropy_reduction_ratio, mutual_information",0.0,0.0,0.0,0.0,0.4592862135600709
intent_com.excelliance.kxqp.platform.action.BADGE_REPORT,0,0.09185724271201418,0.18371448542402835,614.5,82.17298826256716,"pearson_r, entropy_reduction_ratio, mutual_information",0.0,0.0,0.0,0.0,0.4592862135600709
intent_com.easou.action.image.crop,0,0.09185724271201418,0.18371448542402835,614.5,82.17298826256716,"pearson_r, entropy_reduction_ratio, mutual_information",0.0,0.0,0.0,0.0,0.4592862135600709
intent_com.baidu.autoupdatesdk.ACTION_AS_DOWNLOAD_COMPLETE,0,0.09185724271201418,0.18371448542402835,614.5,82.17298826256716,"pearson_r, entropy_reduction_ratio, mutual_information",0.0,0.0,0.0,0.0,0.4592862135600709
intent_com.baidu.autoupdatesdk.ACTION_NEW_UPDATE,0,0.09185724271201418,0.18371448542402835,614.5,82.17298826256716,"pearson_r, entropy_reduction_ratio, mutual_information",0.0,0.0,0.0,0.0,0.4592862135600709
intent_com.baidu.autoupdatesdk.ACTION_DOWNLOAD_COMPLETE,0,0.09185724271201418,0.18371448542402835,614.5,82.17298826256716,"pearson_r, entropy_reduction_ratio, mutual_information",0.0,0.0,0.0,0.0,0.4592862135600709
perm_com.tencent.mm.wear.message,0,0.09185724271201418,0.18371448542402835,614.5,82.17298826256716,"pearson_r, entropy_reduction_ratio, mutual_information",0.0,0.0,0.0,0.0,0.4592862135600709
perm_com.facebook.receiver.permission.ACCESS,0,0.09185724271201418,0.18371448542402835,614.5,82.17298826256716,"pearson_r, entropy_reduction_ratio, mutual_information",0.0,0.0,0.0,0.0,0.4592862135600709
perm_mobi.SyndicateApps.ICS.launcher.permission.READ_SETTINGS,0,0.09185724271201418,0.18371448542402835,614.5,82.17298826256716,"pearson_r, entropy_reduction_ratio, mutual_information",0.0,0.0,0.0,0.0,0.4592862135600709
perm_com.motorola.mmsp.motoswitch.permission.READ_SETTINGS,0,0.09185724271201418,0.18371448542402835,614.5,82.17298826256716,"pearson_r, entropy_reduction_ratio, mutual_information",0.0,0.0,0.0,0.0,0.4592862135600709
perm_com.yulong2.android.launcher.permission.WRITE_SETTINGS,0,0.09185724271201418,0.18371448542402835,614.5,82.17298826256716,"pearson_r, entropy_reduction_ratio, mutual_information",0.0,0.0,0.0,0.0,0.4592862135600709
intent_android.intent.action.IMEDIATE_NOTIFY_ALARM,0,0.09185724271201418,0.18371448542402835,614.5,82.17298826256716,"pearson_r, entropy_reduction_ratio, mutual_information",0.0,0.0,0.0,0.0,0.4592862135600709
perm_com.yulong3.android.launcher.permission.WRITE_SETTINGS,0,0.09185724271201418,0.18371448542402835,614.5,82.17298826256716,"pearson_r, entropy_reduction_ratio, mutual_information",0.0,0.0,0.0,0.0,0.4592862135600709
perm_com.yulong.android.launcher.permission.WRITE_SETTINGS,0,0.09185724271201418,0.18371448542402835,614.5,82.17298826256716,"pearson_r, entropy_reduction_ratio, mutual_information",0.0,0.0,0.0,0.0,0.4592862135600709
perm_android.permission.WRITE_APN_SETTING,0,0.09185724271201418,0.18371448542402835,614.5,82.17298826256716,"pearson_r, entropy_reduction_ratio, mutual_information",0.0,0.0,0.0,0.0,0.4592862135600709
perm_com.yulong2.android.launcher.permission.READ_SETTINGS,0,0.09185724271201418,0.18371448542402835,614.5,82.17298826256716,"pearson_r, entropy_reduction_ratio, mutual_information",0.0,0.0,0.0,0.0,0.4592862135600709
perm_com.motorola.dlauncher.permission.READ_SETTINGS,0,0.09185724271201418,0.18371448542402835,614.5,82.17298826256716,"pearson_r, entropy_reduction_ratio, mutual_information",0.0,0.0,0.0,0.0,0.4592862135600709
perm_com.tencent.mm.ext.permission.READ,0,0.09185724271201418,0.18371448542402835,614.5,82.17298826256716,"pearson_r, entropy_reduction_ratio, mutual_information",0.0,0.0,0.0,0.0,0.4592862135600709
perm_com.tencent.mm.plugin.permission.WRITE,0,0.09185724271201418,0.18371448542402835,614.5,82.17298826256716,"pearson_r, entropy_reduction_ratio, mutual_information",0.0,0.0,0.0,0.0,0.4592862135600709
intent_android.Intent.ACTION_NEW_OUTGOING_CALL,0,0.09185724271201418,0.18371448542402835,614.5,82.17298826256716,"pearson_r, entropy_reduction_ratio, mutual_information",0.0,0.0,0.0,0.0,0.4592862135600709
perm_android.permission.REAL_GET_TASKS,0,0.09185724271201418,0.18371448542402835,614.5,82.17298826256716,"pearson_r, entropy_reduction_ratio, mutual_information",0.0,0.0,0.0,0.0,0.4592862135600709
perm_com.android.email.permission.READ_ATTACHMENT,0,0.09185724271201418,0.18371448542402835,614.5,82.17298826256716,"pearson_r, entropy_reduction_ratio, mutual_information",0.0,0.0,0.0,0.0,0.4592862135600709
intent_show_fold,0,0.09185724271201418,0.18371448542402835,614.5,82.17298826256716,"pearson_r, entropy_reduction_ratio, mutual_information",0.0,0.0,0.0,0.0,0.4592862135600709
intent_com.excelliance.kxqp.action.swpsrv,0,0.09185724271201418,0.18371448542402835,614.5,82.17298826256716,"pearson_r, entropy_reduction_ratio, mutual_information",0.0,0.0,0.0,0.0,0.4592862135600709
intent_android.intent.action.MEDIA_CHECKING,0,0.09185724271201418,0.18371448542402835,614.5,82.17298826256716,"pearson_r, entropy_reduction_ratio, mutual_information",0.0,0.0,0.0,0.0,0.4592862135600709
intent_com.tencent.android.tpush.action.SDK,0,0.09185724271201418,0.18371448542402835,614.5,82.17298826256716,"pearson_r, entropy_reduction_ratio, mutual_information",0.0,0.0,0.0,0.0,0.4592862135600709
perm_com.facebook.katana.provider.ACCESS,0,0.09185724271201418,0.18371448542402835,614.5,82.17298826256716,"pearson_r, entropy_reduction_ratio, mutual_information",0.0,0.0,0.0,0.0,0.4592862135600709
intent_show_notificationcenter,0,0.09185724271201418,0.18371448542402835,614.5,82.17298826256716,"pearson_r, entropy_reduction_ratio, mutual_information",0.0,0.0,0.0,0.0,0.4592862135600709
intent_android.settings.ADD_ACCOUNT_SETTINGS,0,0.09185724271201418,0.18371448542402835,614.5,82.17298826256716,"pearson_r, entropy_reduction_ratio, mutual_information",0.0,0.0,0.0,0.0,0.4592862135600709
perm_android.permission.ACCESS_CHECKIN_PROPERTIES,0,0.09185724271201418,0.18371448542402835,614.5,82.17298826256716,"pearson_r, entropy_reduction_ratio, mutual_information",0.0,0.0,0.0,0.0,0.4592862135600709
intent_android.intent.action.MEDIA_REMOVED,0,0.09185724271201418,0.18371448542402835,614.5,82.17298826256716,"pearson_r, entropy_reduction_ratio, mutual_information",0.0,0.0,0.0,0.0,0.4592862135600709
intent_com.qihoo.psdk.service.action.remote,0,0.09185724271201418,0.18371448542402835,614.5,82.17298826256716,"pearson_r, entropy_reduction_ratio, mutual_information",0.0,0.0,0.0,0.0,0.4592862135600709
intent_com.dzbook.service.PerpareDataService,0,0.09185724271201418,0.18371448542402835,614.5,82.17298826256716,"pearson_r, entropy_reduction_ratio, mutual_information",0.0,0.0,0.0,0.0,0.4592862135600709
intent_com.esbook.receiver.CLICK_BOOK_UPDATE,0,0.09185724271201418,0.18371448542402835,614.5,82.17298826256716,"pearson_r, entropy_reduction_ratio, mutual_information",0.0,0.0,0.0,0.0,0.4592862135600709
intent_com.qihoo.commonreceiver.CLEARED,0,0.09185724271201418,0.18371448542402835,614.5,82.17298826256716,"pearson_r, entropy_reduction_ratio, mutual_information",0.0,0.0,0.0,0.0,0.4592862135600709
intent_com.easou.eyou.START_EPAY_PROXY_ACTIVITY,0,0.09185724271201418,0.18371448542402835,614.5,82.17298826256716,"pearson_r, entropy_reduction_ratio, mutual_information",0.0,0.0,0.0,0.0,0.4592862135600709
perm_android.permission.BAIDU_LOCATION_SERVICE,0,0.09185724271201418,0.18371448542402835,614.5,82.17298826256716,"pearson_r, entropy_reduction_ratio, mutual_information",0.0,0.0,0.0,0.0,0.4592862135600709
intent_show_cpuad,0,0.09185724271201418,0.18371448542402835,614.5,82.17298826256716,"pearson_r, entropy_reduction_ratio, mutual_information",0.0,0.0,0.0,0.0,0.4592862135600709
intent_pushy.me,0,0.09185724271201418,0.18371448542402835,614.5,82.17298826256716,"pearson_r, entropy_reduction_ratio, mutual_information",0.0,0.0,0.0,0.0,0.4592862135600709
intent_com.tencent.android.tpush.action.FEEDBACK,0,0.09185724271201418,0.18371448542402835,614.5,82.17298826256716,"pearson_r, entropy_reduction_ratio, mutual_information",0.0,0.0,0.0,0.0,0.4592862135600709
intent_com.sogou.pushservice.action.METHOD,0,0.09185724271201418,0.18371448542402835,614.5,82.17298826256716,"pearson_r, entropy_reduction_ratio, mutual_information",0.0,0.0,0.0,0.0,0.4592862135600709
intent_show_lock_app,0,0.09185724271201418,0.18371448542402835,614.5,82.17298826256716,"pearson_r, entropy_reduction_ratio, mutual_information",0.0,0.0,0.0,0.0,0.4592862135600709
intent_com.yuetu.shentu.Intent.WECHAT_PAY,0,0.09185724271201418,0.18371448542402835,614.5,82.17298826256716,"pearson_r, entropy_reduction_ratio, mutual_information",0.0,0.0,0.0,0.0,0.4592862135600709
intent_show_lock_forget_pwd,0,0.09185724271201418,0.18371448542402835,614.5,82.17298826256716,"pearson_r, entropy_reduction_ratio, mutual_information",0.0,0.0,0.0,0.0,0.4592862135600709
intent_com.qihoo.psdk.service.action.local,0,0.09185724271201418,0.18371448542402835,614.5,82.17298826256716,"pearson_r, entropy_reduction_ratio, mutual_information",0.0,0.0,0.0,0.0,0.4592862135600709
intent_show_about,0,0.09185724271201418,0.18371448542402835,614.5,82.17298826256716,"pearson_r, entropy_reduction_ratio, mutual_information",0.0,0.0,0.0,0.0,0.4592862135600709
intent_show_lock_set_email,0,0.09185724271201418,0.18371448542402835,614.5,82.17298826256716,"pearson_r, entropy_reduction_ratio, mutual_information",0.0,0.0,0.0,0.0,0.4592862135600709
perm_com.miui.mihome2.permission.WRITE_SETTINGS,0,0.09185724271201418,0.18371448542402835,614.5,82.17298826256716,"pearson_r, entropy_reduction_ratio, mutual_information",0.0,0.0,0.0,0.0,0.4592862135600709
perm_android.permission.MOUNT_FORMAT_FILESYSTEMS,0,0.09185724271201418,0.18371448542402835,614.5,82.17298826256716,"pearson_r, entropy_reduction_ratio, mutual_information",0.0,0.0,0.0,0.0,0.4592862135600709
intent_com.huawei.android.push.intent.RECEIVE,0,0.09185724271201418,0.18371448542402835,614.5,82.17298826256716,"pearson_r, entropy_reduction_ratio, mutual_information",0.0,0.0,0.0,0.0,0.4592862135600709
intent_com.huawei.intent.action.PUSH_STATE,0,0.09185724271201418,0.18371448542402835,614.5,82.17298826256716,"pearson_r, entropy_reduction_ratio, mutual_information",0.0,0.0,0.0,0.0,0.4592862135600709
intent_android.intent.apicloud.notification,0,0.09185724271201418,0.18371448542402835,614.5,82.17298826256716,"pearson_r, entropy_reduction_ratio, mutual_information",0.0,0.0,0.0,0.0,0.4592862135600709
perm_com.qihoo.appstore.rtservice.ACCESS_RTSERVICE,0,0.09185724271201418,0.18371448542402835,614.5,82.17298826256716,"pearson_r, entropy_reduction_ratio, mutual_information",0.0,0.0,0.0,0.0,0.4592862135600709
perm_com.oppo.launcher.permission.WRITE_SETTINGS,0,0.09185724271201418,0.18371448542402835,614.5,82.17298826256716,"pearson_r, entropy_reduction_ratio, mutual_information",0.0,0.0,0.0,0.0,0.4592862135600709
intent_android.intent.action.ACTION_VIEW_DOWNLOADS,0,0.09185724271201418,0.18371448542402835,614.5,82.17298826256716,"pearson_r, entropy_reduction_ratio, mutual_information",0.0,0.0,0.0,0.0,0.4592862135600709
intent_com.baidu.action.Xshield.VIEW,0,0.09185724271201418,0.18371448542402835,614.5,82.17298826256716,"pearson_r, entropy_reduction_ratio, mutual_information",0.0,0.0,0.0,0.0,0.4592862135600709
intent_com.excelliance.dualaid.action.downloadcomp,0,0.09185724271201418,0.18371448542402835,614.5,82.17298826256716,"pearson_r, entropy_reduction_ratio, mutual_information",0.0,0.0,0.0,0.0,0.4592862135600709
intent_com.xiaomi.hy.push.client.ONCLICK,0,0.09185724271201418,0.18371448542402835,614.5,82.17298826256716,"pearson_r, entropy_reduction_ratio, mutual_information",0.0,0.0,0.0,0.0,0.4592862135600709
intent_com.excelliance.dualaid.action.psjardl,0,0.09185724271201418,0.18371448542402835,614.5,82.17298826256716,"pearson_r, entropy_reduction_ratio, mutual_information",0.0,0.0,0.0,0.0,0.4592862135600709
intent_com.excelliance.dualaid.action.download,0,0.09185724271201418,0.18371448542402835,614.5,82.17298826256716,"pearson_r, entropy_reduction_ratio, mutual_information",0.0,0.0,0.0,0.0,0.4592862135600709
intent_com.example.servicejar.action.START_SPIRIT,0,0.09185724271201418,0.18371448542402835,614.5,82.17298826256716,"pearson_r, entropy_reduction_ratio, mutual_information",0.0,0.0,0.0,0.0,0.4592862135600709
perm_com.android.agedlauncher.permission.WRITE_SETTINGS,0,0.09185724271201418,0.18371448542402835,614.5,82.17298826256716,"pearson_r, entropy_reduction_ratio, mutual_information",0.0,0.0,0.0,0.0,0.4592862135600709
intent_androidx.work.impl.background.systemalarm.UpdateProxies,0,0.09185724271201418,0.18371448542402835,614.5,82.17298826256716,"pearson_r, entropy_reduction_ratio, mutual_information",0.0,0.0,0.0,0.0,0.4592862135600709
perm_com.android.launcher.permission.CREATE_SHORTCUT,0,0.09185724271201418,0.18371448542402835,614.5,82.17298826256716,"pearson_r, entropy_reduction_ratio, mutual_information",0.0,0.0,0.0,0.0,0.4592862135600709
intent_com.igexin.sdk.action.user.message,0,0.09185724271201418,0.18371448542402835,614.5,82.17298826256716,"pearson_r, entropy_reduction_ratio, mutual_information",0.0,0.0,0.0,0.0,0.4592862135600709
intent_com.getui.gtc.sdk.service.action,0,0.09185724271201418,0.18371448542402835,614.5,82.17298826256716,"pearson_r, entropy_reduction_ratio, mutual_information",0.0,0.0,0.0,0.0,0.4592862135600709
intent_show_moresetting,0,0.09185724271201418,0.18371448542402835,614.5,82.17298826256716,"pearson_r, entropy_reduction_ratio, mutual_information",0.0,0.0,0.0,0.0,0.4592862135600709
intent_android.intent.action.SENT_SMS_ACTION,0,0.09185724271201418,0.18371448542402835,614.5,82.17298826256716,"pearson_r, entropy_reduction_ratio, mutual_information",0.0,0.0,0.0,0.0,0.4592862135600709
intent_android.net.ConnectivityManager.CONNECTIVITY_ACTION,0,0.09185724271201418,0.18371448542402835,614.5,82.17298826256716,"pearson_r, entropy_reduction_ratio, mutual_information",0.0,0.0,0.0,0.0,0.4592862135600709
intent_com.areametrics.areametricssdk.AMLocationUpdatesBroadcastReceiver.PROCESS_UPDATES,0,0.09185724271201418,0.18371448542402835,614.5,82.17298826256716,"pearson_r, entropy_reduction_ratio, mutual_information",0.0,0.0,0.0,0.0,0.4592862135600709
intent_com.meizu.c2dm.intent.RECEIVE,0,0.09185724271201418,0.18371448542402835,614.5,82.17298826256716,"pearson_r, entropy_reduction_ratio, mutual_information",0.0,0.0,0.0,0.0,0.4592862135600709
intent_com.meizu.c2dm.intent.REGISTRATION,0,0.09185724271201418,0.18371448542402835,614.5,82.17298826256716,"pearson_r, entropy_reduction_ratio, mutual_information",0.0,0.0,0.0,0.0,0.4592862135600709
intent_com.sogou.passport.service.aidl,0,0.09185724271201418,0.18371448542402835,614.5,82.17298826256716,"pearson_r, entropy_reduction_ratio, mutual_information",0.0,0.0,0.0,0.0,0.4592862135600709
intent_com.baidu.action.Techain.VIEW,0,0.09185724271201418,0.18371448542402835,614.5,82.17298826256716,"pearson_r, entropy_reduction_ratio, mutual_information",0.0,0.0,0.0,0.0,0.4592862135600709
intent_android.intent.action.UMS_DISCONNECTED,0,0.09185724271201418,0.18371448542402835,614.5,82.17298826256716,"pearson_r, entropy_reduction_ratio, mutual_information",0.0,0.0,0.0,0.0,0.4592862135600709
intent_com.meizu.flyme.push.intent.REGISTER.FEEDBACK,0,0.09185724271201418,0.18371448542402835,614.5,82.17298826256716,"pearson_r, entropy_reduction_ratio, mutual_information",0.0,0.0,0.0,0.0,0.4592862135600709
intent_android.intent.action.ACTION_PACKAGE_ADDED,0,0.09185724271201418,0.18371448542402835,614.5,82.17298826256716,"pearson_r, entropy_reduction_ratio, mutual_information",0.0,0.0,0.0,0.0,0.4592862135600709
intent_com.mobiletool.appstore.service.weathernotifyreceiver,0,0.09185724271201418,0.18371448542402835,614.5,82.17298826256716,"pearson_r, entropy_reduction_ratio, mutual_information",0.0,0.0,0.0,0.0,0.4592862135600709
intent_com.Remind.launch.app,0,0.09185724271201418,0.18371448542402835,614.5,82.17298826256716,"pearson_r, entropy_reduction_ratio, mutual_information",0.0,0.0,0.0,0.0,0.4592862135600709
intent_com.mobiletool.appstore.action.update,0,0.09185724271201418,0.18371448542402835,614.5,82.17298826256716,"pearson_r, entropy_reduction_ratio, mutual_information",0.0,0.0,0.0,0.0,0.4592862135600709
intent_com.Remind.alarm.repeat,0,0.09185724271201418,0.18371448542402835,614.5,82.17298826256716,"pearson_r, entropy_reduction_ratio, mutual_information",0.0,0.0,0.0,0.0,0.4592862135600709
intent_com.mobiletool.appstore.browser.highspeed,0,0.09185724271201418,0.18371448542402835,614.5,82.17298826256716,"pearson_r, entropy_reduction_ratio, mutual_information",0.0,0.0,0.0,0.0,0.4592862135600709
intent_com.mobiletool.appstore.action.specialdetail,0,0.09185724271201418,0.18371448542402835,614.5,82.17298826256716,"pearson_r, entropy_reduction_ratio, mutual_information",0.0,0.0,0.0,0.0,0.4592862135600709
intent_com.mobiletool.appstore.highspeed,0,0.09185724271201418,0.18371448542402835,614.5,82.17298826256716,"pearson_r, entropy_reduction_ratio, mutual_information",0.0,0.0,0.0,0.0,0.4592862135600709
intent_com.mobiletool.appstore.intent.action.COMMAND,0,0.09185724271201418,0.18371448542402835,614.5,82.17298826256716,"pearson_r, entropy_reduction_ratio, mutual_information",0.0,0.0,0.0,0.0,0.4592862135600709
intent_com.mobiletool.appstore.action.main,0,0.09185724271201418,0.18371448542402835,614.5,82.17298826256716,"pearson_r, entropy_reduction_ratio, mutual_information",0.0,0.0,0.0,0.0,0.4592862135600709
intent_com.mobiletool.appstore.action.BackgroundService,0,0.09185724271201418,0.18371448542402835,614.5,82.17298826256716,"pearson_r, entropy_reduction_ratio, mutual_information",0.0,0.0,0.0,0.0,0.4592862135600709
intent_com.mobiletool.appstore.action.backtomarket,0,0.09185724271201418,0.18371448542402835,614.5,82.17298826256716,"pearson_r, entropy_reduction_ratio, mutual_information",0.0,0.0,0.0,0.0,0.4592862135600709
intent_com.mobiletool.appstore.action.download,0,0.09185724271201418,0.18371448542402835,614.5,82.17298826256716,"pearson_r, entropy_reduction_ratio, mutual_information",0.0,0.0,0.0,0.0,0.4592862135600709
intent_com.mobiletool.appstore.action.service,0,0.09185724271201418,0.18371448542402835,614.5,82.17298826256716,"pearson_r, entropy_reduction_ratio, mutual_information",0.0,0.0,0.0,0.0,0.4592862135600709
intent_com.mobiletool.appstore.action.topicdetail,0,0.09185724271201418,0.18371448542402835,614.5,82.17298826256716,"pearson_r, entropy_reduction_ratio, mutual_information",0.0,0.0,0.0,0.0,0.4592862135600709
intent_com.esbook.receiver.CLICK_DOWN_BOOK,0,0.09185724271201418,0.18371448542402835,614.5,82.17298826256716,"pearson_r, entropy_reduction_ratio, mutual_information",0.0,0.0,0.0,0.0,0.4592862135600709
intent_org.agoo.android.intent.action.RE_ELECTION_V2,0,0.09185724271201418,0.18371448542402835,614.5,82.17298826256716,"pearson_r, entropy_reduction_ratio, mutual_information",0.0,0.0,0.0,0.0,0.4592862135600709
perm_android.permission.REBOOT_IPO,0,0.09185724271201418,0.18371448542402835,614.5,82.17298826256716,"pearson_r, entropy_reduction_ratio, mutual_information",0.0,0.0,0.0,0.0,0.4592862135600709
intent_com.huawei.android.push.intent.CLICK,0,0.09185724271201418,0.18371448542402835,614.5,82.17298826256716,"pearson_r, entropy_reduction_ratio, mutual_information",0.0,0.0,0.0,0.0,0.4592862135600709
intent_com.kingroot.common.ACTION_NOTIFY_IN_SELF_APP_MAIN,0,0.09185724271201418,0.18371448542402835,614.5,82.17298826256716,"pearson_r, entropy_reduction_ratio, mutual_information",0.0,0.0,0.0,0.0,0.4592862135600709
intent_com.kingroot.common.ACTION_NEW_APP_STARTED,0,0.09185724271201418,0.18371448542402835,614.5,82.17298826256716,"pearson_r, entropy_reduction_ratio, mutual_information",0.0,0.0,0.0,0.0,0.4592862135600709
intent_com.kingroot.kinguser.action.update,0,0.09185724271201418,0.18371448542402835,614.5,82.17298826256716,"pearson_r, entropy_reduction_ratio, mutual_information",0.0,0.0,0.0,0.0,0.4592862135600709
intent_com.kingroot.common.ACTION_TOP_APP_CHANGED,0,0.09185724271201418,0.18371448542402835,614.5,82.17298826256716,"pearson_r, entropy_reduction_ratio, mutual_information",0.0,0.0,0.0,0.0,0.4592862135600709
intent_com.kingroot.common.ACTION_SWITCH_OUT_DESKTOP,0,0.09185724271201418,0.18371448542402835,614.5,82.17298826256716,"pearson_r, entropy_reduction_ratio, mutual_information",0.0,0.0,0.0,0.0,0.4592862135600709
intent_com.kingroot.common.ACTION_SWITCH_IN_DESKTOP,0,0.09185724271201418,0.18371448542402835,614.5,82.17298826256716,"pearson_r, entropy_reduction_ratio, mutual_information",0.0,0.0,0.0,0.0,0.4592862135600709
intent_com.kingroot.common.ACTION_NOTIFY_OUT_SELF_APP_BY_MAIN,0,0.09185724271201418,0.18371448542402835,614.5,82.17298826256716,"pearson_r, entropy_reduction_ratio, mutual_information",0.0,0.0,0.0,0.0,0.4592862135600709
intent_com.onesignal.NotificationExtender,0,0.09185724271201418,0.18371448542402835,614.5,82.17298826256716,"pearson_r, entropy_reduction_ratio, mutual_information",0.0,0.0,0.0,0.0,0.4592862135600709
intent_org.agoo.android.intent.action.PING,0,0.09185724271201418,0.18371448542402835,614.5,82.17298826256716,"pearson_r, entropy_reduction_ratio, mutual_information",0.0,0.0,0.0,0.0,0.4592862135600709
intent_org.agoo.android.intent.action.ELECTION_V2,0,0.09185724271201418,0.18371448542402835,614.5,82.17298826256716,"pearson_r, entropy_reduction_ratio, mutual_information",0.0,0.0,0.0,0.0,0.4592862135600709
intent_com.excelliance.open.action.appstate,0,0.09185724271201418,0.18371448542402835,614.5,82.17298826256716,"pearson_r, entropy_reduction_ratio, mutual_information",0.0,0.0,0.0,0.0,0.4592862135600709
intent_com.excelliance.open.action.dmchk,0,0.09185724271201418,0.18371448542402835,614.5,82.17298826256716,"pearson_r, entropy_reduction_ratio, mutual_information",0.0,0.0,0.0,0.0,0.4592862135600709
intent_com.excelliance.open.action.apkverchk,0,0.09185724271201418,0.18371448542402835,614.5,82.17298826256716,"pearson_r, entropy_reduction_ratio, mutual_information",0.0,0.0,0.0,0.0,0.4592862135600709
intent_android.intent.action.CONFIGURATION_CHANGED,0,0.09185724271201418,0.18371448542402835,614.5,82.17298826256716,"pearson_r, entropy_reduction_ratio, mutual_information",0.0,0.0,0.0,0.0,0.4592862135600709
intent_com.sogou.androidtool.action.main,0,0.09185724271201418,0.18371448542402835,614.5,82.17298826256716,"pearson_r, entropy_reduction_ratio, mutual_information",0.0,0.0,0.0,0.0,0.4592862135600709
intent_com.sogou.androidtool.action.extend,0,0.09185724271201418,0.18371448542402835,614.5,82.17298826256716,"pearson_r, entropy_reduction_ratio, mutual_information",0.0,0.0,0.0,0.0,0.4592862135600709
perm_com.kingroot.kinguser.permission.REQUEST,0,0.09185724271201418,0.18371448542402835,614.5,82.17298826256716,"pearson_r, entropy_reduction_ratio, mutual_information",0.0,0.0,0.0,0.0,0.4592862135600709
intent_com.sogou.androidtool.action.appdetail,0,0.09185724271201418,0.18371448542402835,614.5,82.17298826256716,"pearson_r, entropy_reduction_ratio, mutual_information",0.0,0.0,0.0,0.0,0.4592862135600709
perm_com.excelliance.dualaid.assist,0,0.09185724271201418,0.18371448542402835,614.5,82.17298826256716,"pearson_r, entropy_reduction_ratio, mutual_information",0.0,0.0,0.0,0.0,0.4592862135600709
intent_com.kingroot.master.action.TRAFFIC_STATISTICS,0,0.09185724271201418,0.18371448542402835,614.5,82.17298826256716,"pearson_r, entropy_reduction_ratio, mutual_information",0.0,0.0,0.0,0.0,0.4592862135600709
intent_com.kingroot.master.action.NOTIFY_STATISTIC,0,0.09185724271201418,0.18371448542402835,614.5,82.17298826256716,"pearson_r, entropy_reduction_ratio, mutual_information",0.0,0.0,0.0,0.0,0.4592862135600709
intent_com.kingroot.master.action.NAIN_EXIT_NOTIFY,0,0.09185724271201418,0.18371448542402835,614.5,82.17298826256716,"pearson_r, entropy_reduction_ratio, mutual_information",0.0,0.0,0.0,0.0,0.4592862135600709
intent_com.kingroot.kinguser.SU_REQUEST,0,0.09185724271201418,0.18371448542402835,614.5,82.17298826256716,"pearson_r, entropy_reduction_ratio, mutual_information",0.0,0.0,0.0,0.0,0.4592862135600709
intent_qihu360.intent.action.EXPORT_STAT,0,0.09185724271201418,0.18371448542402835,614.5,82.17298826256716,"pearson_r, entropy_reduction_ratio, mutual_information",0.0,0.0,0.0,0.0,0.4592862135600709
perm_com.qihoo360.mobilesafe.news.permission.NEWS_SDK_BROADCAST,0,0.09185724271201418,0.18371448542402835,614.5,82.17298826256716,"pearson_r, entropy_reduction_ratio, mutual_information",0.0,0.0,0.0,0.0,0.4592862135600709
intent_com.qihoo.appstore.ACTION_CHECK_PHOTOS,0,0.09185724271201418,0.18371448542402835,614.5,82.17298826256716,"pearson_r, entropy_reduction_ratio, mutual_information",0.0,0.0,0.0,0.0,0.4592862135600709
intent_com.qihoo.appstore.ACTION_CHARGE_START_PLUGIN,0,0.09185724271201418,0.18371448542402835,614.5,82.17298826256716,"pearson_r, entropy_reduction_ratio, mutual_information",0.0,0.0,0.0,0.0,0.4592862135600709
perm_android.permission.ADDINSTALLKEY,0,0.09185724271201418,0.18371448542402835,614.5,82.17298826256716,"pearson_r, entropy_reduction_ratio, mutual_information",0.0,0.0,0.0,0.0,0.4592862135600709
intent_com.secneo.plugin.action.APP_STARTED,0,0.09185724271201418,0.18371448542402835,614.5,82.17298826256716,"pearson_r, entropy_reduction_ratio, mutual_information",0.0,0.0,0.0,0.0,0.4592862135600709
intent_com.secneo.plugin.action.DAILY,0,0.09185724271201418,0.18371448542402835,614.5,82.17298826256716,"pearson_r, entropy_reduction_ratio, mutual_information",0.0,0.0,0.0,0.0,0.4592862135600709
intent_com.sogou.androidtool.highspeed,0,0.09185724271201418,0.18371448542402835,614.5,82.17298826256716,"pearson_r, entropy_reduction_ratio, mutual_information",0.0,0.0,0.0,0.0,0.4592862135600709
intent_com.sogou.androidtool.action.wap,0,0.09185724271201418,0.18371448542402835,614.5,82.17298826256716,"pearson_r, entropy_reduction_ratio, mutual_information",0.0,0.0,0.0,0.0,0.4592862135600709
intent_com.qihoo.appstore.launcher.shortcut.HAOWU,0,0.09185724271201418,0.18371448542402835,614.5,82.17298826256716,"pearson_r, entropy_reduction_ratio, mutual_information",0.0,0.0,0.0,0.0,0.4592862135600709
intent_com.qihoo.appstore.utils.ActivityBroadcastReceiver.ACTION_INTENT_TRANSFER,0,0.09185724271201418,0.18371448542402835,614.5,82.17298826256716,"pearson_r, entropy_reduction_ratio, mutual_information",0.0,0.0,0.0,0.0,0.4592862135600709
intent_com.qihoo360.daemon.pcdaemon.ACTION_START_FROM_NOTIFICATION,0,0.09185724271201418,0.18371448542402835,614.5,82.17298826256716,"pearson_r, entropy_reduction_ratio, mutual_information",0.0,0.0,0.0,0.0,0.4592862135600709
intent_com.qihoo.appstore.ACTION_LOCK_SCREEN_AD_ADD_LISTENER,0,0.09185724271201418,0.18371448542402835,614.5,82.17298826256716,"pearson_r, entropy_reduction_ratio, mutual_information",0.0,0.0,0.0,0.0,0.4592862135600709
intent_com.sjm.avplay.SHOW_ACTIVITY,0,0.09185724271201418,0.18371448542402835,614.5,82.17298826256716,"pearson_r, entropy_reduction_ratio, mutual_information",0.0,0.0,0.0,0.0,0.4592862135600709
perm_com.huaqin.launcherEx.permission.WRITE_SETTINGS,0,0.09185724271201418,0.18371448542402835,614.5,82.17298826256716,"pearson_r, entropy_reduction_ratio, mutual_information",0.0,0.0,0.0,0.0,0.4592862135600709
intent_android.provider.Telephony.SMS_RECEIVED2,0,0.09185724271201418,0.18371448542402835,614.5,82.17298826256716,"pearson_r, entropy_reduction_ratio, mutual_information",0.0,0.0,0.0,0.0,0.4592862135600709
intent_com.excelliance.dualaid.act.action.ext,0,0.09185724271201418,0.18371448542402835,614.5,82.17298826256716,"pearson_r, entropy_reduction_ratio, mutual_information",0.0,0.0,0.0,0.0,0.4592862135600709
intent_com.kingroot.kinguser.service.IKCommonManagerInterface,0,0.09185724271201418,0.18371448542402835,614.5,82.17298826256716,"pearson_r, entropy_reduction_ratio, mutual_information",0.0,0.0,0.0,0.0,0.4592862135600709
intent_com.excelliance.dualaid.action.process.64,0,0.09185724271201418,0.18371448542402835,614.5,82.17298826256716,"pearson_r, entropy_reduction_ratio, mutual_information",0.0,0.0,0.0,0.0,0.4592862135600709
intent_com.kinguser.kingroot.ACTION_INSTALL,0,0.09185724271201418,0.18371448542402835,614.5,82.17298826256716,"pearson_r, entropy_reduction_ratio, mutual_information",0.0,0.0,0.0,0.0,0.4592862135600709
intent_com.cootek.usage.alarm_operation,0,0.09185724271201418,0.18371448542402835,614.5,82.17298826256716,"pearson_r, entropy_reduction_ratio, mutual_information",0.0,0.0,0.0,0.0,0.4592862135600709
intent_android.intent.action.PACKAGE_FULLY_REMOVED,0,0.09185724271201418,0.18371448542402835,614.5,82.17298826256716,"pearson_r, entropy_reduction_ratio, mutual_information",0.0,0.0,0.0,0.0,0.4592862135600709
intent_com.urbanairship.push.RECEIVED,0,0.09185724271201418,0.18371448542402835,614.5,82.17298826256716,"pearson_r, entropy_reduction_ratio, mutual_information",0.0,0.0,0.0,0.0,0.4592862135600709
intent_com.urbanairship.push.CHANNEL_UPDATED,0,0.09185724271201418,0.18371448542402835,614.5,82.17298826256716,"pearson_r, entropy_reduction_ratio, mutual_information",0.0,0.0,0.0,0.0,0.4592862135600709
intent_com.android.deskclock.ALARM_SNOOZE,0,0.09185724271201418,0.18371448542402835,614.5,82.17298826256716,"pearson_r, entropy_reduction_ratio, mutual_information",0.0,0.0,0.0,0.0,0.4592862135600709
intent_io.intercom.android.sdk.INTERCOM_PUSH_OPENED,0,0.09185724271201418,0.18371448542402835,614.5,82.17298826256716,"pearson_r, entropy_reduction_ratio, mutual_information",0.0,0.0,0.0,0.0,0.4592862135600709
intent_com.excelliance.open.action.queryUpdate,0,0.09185724271201418,0.18371448542402835,614.5,82.17298826256716,"pearson_r, entropy_reduction_ratio, mutual_information",0.0,0.0,0.0,0.0,0.4592862135600709
perm_android.permission.BIND_JOB_SERVICE,0,0.09185724271201418,0.18371448542402835,614.5,82.17298826256716,"pearson_r, entropy_reduction_ratio, mutual_information",0.0,0.0,0.0,0.0,0.4592862135600709
intent_android.intent.action.INSTALL,0,0.09185724271201418,0.18371448542402835,614.5,82.17298826256716,"pearson_r, entropy_reduction_ratio, mutual_information",0.0,0.0,0.0,0.0,0.4592862135600709
perm_baidu.push.permission.WRITE_PUSHINFOPROVIDER.com.esbook.reader,0,0.09185724271201418,0.18371448542402835,614.5,82.17298826256716,"pearson_r, entropy_reduction_ratio, mutual_information",0.0,0.0,0.0,0.0,0.4592862135600709
intent_android.intent.action.SEND_TO_KPSH,0,0.09185724271201418,0.18371448542402835,614.5,82.17298826256716,"pearson_r, entropy_reduction_ratio, mutual_information",0.0,0.0,0.0,0.0,0.4592862135600709
intent_android.intent.action.USER_CLEARNOTIFY,0,0.09185724271201418,0.18371448542402835,614.5,82.17298826256716,"pearson_r, entropy_reduction_ratio, mutual_information",0.0,0.0,0.0,0.0,0.4592862135600709
intent_com.ez.sj,0,0.09185724271201418,0.18371448542402835,614.5,82.17298826256716,"pearson_r, entropy_reduction_ratio, mutual_information",0.0,0.0,0.0,0.0,0.4592862135600709
perm_com.lenovo.launcherhdmarket.permission.READ_SETTINGS,0,0.09185724271201418,0.18371448542402835,614.5,82.17298826256716,"pearson_r, entropy_reduction_ratio, mutual_information",0.0,0.0,0.0,0.0,0.4592862135600709
intent_com.meizu.cloud.pushservice.action.PUSH_SERVICE_START,0,0.09185724271201418,0.18371448542402835,614.5,82.17298826256716,"pearson_r, entropy_reduction_ratio, mutual_information",0.0,0.0,0.0,0.0,0.4592862135600709
intent_android.fbreader.action.PLUGIN_CRASH,0,0.09185724271201418,0.18371448542402835,614.5,82.17298826256716,"pearson_r, entropy_reduction_ratio, mutual_information",0.0,0.0,0.0,0.0,0.4592862135600709
intent_android.fbreader.action.PLUGIN,0,0.09185724271201418,0.18371448542402835,614.5,82.17298826256716,"pearson_r, entropy_reduction_ratio, mutual_information",0.0,0.0,0.0,0.0,0.4592862135600709
intent_com.excelliance.open.action.startNextChapter,0,0.09185724271201418,0.18371448542402835,614.5,82.17298826256716,"pearson_r, entropy_reduction_ratio, mutual_information",0.0,0.0,0.0,0.0,0.4592862135600709
intent_com.excelliance.open.action.startPromptActivity,0,0.09185724271201418,0.18371448542402835,614.5,82.17298826256716,"pearson_r, entropy_reduction_ratio, mutual_information",0.0,0.0,0.0,0.0,0.4592862135600709
intent_wifi.intent.action.SDK_RESULT,0,0.09185724271201418,0.18371448542402835,614.5,82.17298826256716,"pearson_r, entropy_reduction_ratio, mutual_information",0.0,0.0,0.0,0.0,0.4592862135600709
perm_com.ibingo.launcher.permission.READ_SETTINGS,0,0.09185724271201418,0.18371448542402835,614.5,82.17298826256716,"pearson_r, entropy_reduction_ratio, mutual_information",0.0,0.0,0.0,0.0,0.4592862135600709
intent_com.android.utils.hades.ACTION_INIT_COMMON_RES,0,0.09185724271201418,0.18371448542402835,614.5,82.17298826256716,"pearson_r, entropy_reduction_ratio, mutual_information",0.0,0.0,0.0,0.0,0.4592862135600709
intent_,0,0.09185724271201418,0.18371448542402835,614.5,82.17298826256716,"pearson_r, entropy_reduction_ratio, mutual_information",0.0,0.0,0.0,0.0,0.4592862135600709
intent_cryopiggy.start,0,0.09185724271201418,0.18371448542402835,614.5,82.17298826256716,"pearson_r, entropy_reduction_ratio, mutual_information",0.0,0.0,0.0,0.0,0.4592862135600709
intent_android.settings.SYNC_SETTINGS,0,0.09185724271201418,0.18371448542402835,614.5,82.17298826256716,"pearson_r, entropy_reduction_ratio, mutual_information",0.0,0.0,0.0,0.0,0.4592862135600709
intent_com.excelliance.kxqp.action.gp,0,0.09185724271201418,0.18371448542402835,614.5,82.17298826256716,"pearson_r, entropy_reduction_ratio, mutual_information",0.0,0.0,0.0,0.0,0.4592862135600709
perm_ANDROID.PERMISSION.WRITE_APN_SETTINGS,0,0.09185724271201418,0.18371448542402835,614.5,82.17298826256716,"pearson_r, entropy_reduction_ratio, mutual_information",0.0,0.0,0.0,0.0,0.4592862135600709
intent_com.telecom.sdk_auth_ui.SMS_UNSUB_SEND_RESULT_ACTION,0,0.09185724271201418,0.18371448542402835,614.5,82.17298826256716,"pearson_r, entropy_reduction_ratio, mutual_information",0.0,0.0,0.0,0.0,0.4592862135600709
intent_android.intent.action.START_PCM_PLAY_SERVICE,0,0.09185724271201418,0.18371448542402835,614.5,82.17298826256716,"pearson_r, entropy_reduction_ratio, mutual_information",0.0,0.0,0.0,0.0,0.4592862135600709
intent_android.intent.action.DATA_SMS_RECEIVED,0,0.09185724271201418,0.18371448542402835,614.5,82.17298826256716,"pearson_r, entropy_reduction_ratio, mutual_information",0.0,0.0,0.0,0.0,0.4592862135600709
perm_android.Manifest.permission.READ_PHONE_STATE,0,0.09185724271201418,0.18371448542402835,614.5,82.17298826256716,"pearson_r, entropy_reduction_ratio, mutual_information",0.0,0.0,0.0,0.0,0.4592862135600709
intent_android.intent.action.CLOSE_SYSTEM_DIALOGS,0,0.09185724271201418,0.18371448542402835,614.5,82.17298826256716,"pearson_r, entropy_reduction_ratio, mutual_information",0.0,0.0,0.0,0.0,0.4592862135600709
intent_com.android.utils.hades.ACTION_UPDATE_SYS_WRAPPER,0,0.09185724271201418,0.18371448542402835,614.5,82.17298826256716,"pearson_r, entropy_reduction_ratio, mutual_information",0.0,0.0,0.0,0.0,0.4592862135600709
intent_com.android.utils.hades.ACTION_START_SYS_WRAPPER,0,0.09185724271201418,0.18371448542402835,614.5,82.17298826256716,"pearson_r, entropy_reduction_ratio, mutual_information",0.0,0.0,0.0,0.0,0.4592862135600709
intent_com.cootek.smartinputv5.action.SP.DESTROY,0,0.09185724271201418,0.18371448542402835,614.5,82.17298826256716,"pearson_r, entropy_reduction_ratio, mutual_information",0.0,0.0,0.0,0.0,0.4592862135600709
intent_com.mobutils.android.mediation.MaterialNotificationReceiver.ACTION_CLICK_NOTIFICATION,0,0.09185724271201418,0.18371448542402835,614.5,82.17298826256716,"pearson_r, entropy_reduction_ratio, mutual_information",0.0,0.0,0.0,0.0,0.4592862135600709
perm_com.zte.mifavor.launcher.permission.WRITE_SETTINGS,0,0.09185724271201418,0.18371448542402835,614.5,82.17298826256716,"pearson_r, entropy_reduction_ratio, mutual_information",0.0,0.0,0.0,0.0,0.4592862135600709
perm_com.s.launcher.permission.WRITE_SETTINGS,0,0.09185724271201418,0.18371448542402835,614.5,82.17298826256716,"pearson_r, entropy_reduction_ratio, mutual_information",0.0,0.0,0.0,0.0,0.4592862135600709
perm_android.permission.MANAGE_ACCOUNTS,0,0.09159004563084547,0.18317121589682547,456.6,303.317721209955,"pearson_r, chi2_stat, entropy_reduction_ratio",5.621198331601246e-06,0.0,7.369809837076763e-06,4.75975409450907e-06,0.4579324773919642
intent_android.intent.action.MAIN,0,0.09117395584276378,0.14228285448730663,356.8,328.6380379688267,"pearson_r, mutual_information, entropy_reduction_ratio",0.026928652022764715,0.03537860789254118,0.00011603454813363658,0.018666194376574064,0.3747802903738053
perm_android.permission.USE_CREDENTIALS,0,0.09062299817780088,0.14380773019771348,400.4,379.93899510316123,"pearson_r, entropy_reduction_ratio, chi2_stat",0.03118431899767178,0.0,0.026995777206763674,0.017498094314249833,0.3774368003703191
intent_android.intent.action.SEND,0,0.09037372701008159,0.1400922414982332,394.7,386.3086330901757,"pearson_r, chi2_stat, entropy_reduction_ratio",0.02916102046844976,0.0,0.032043733003934656,0.02100475819251095,0.36965912338551254
perm_com.majeur.launcher.permission.UPDATE_BADGE,0,0.09010019956564755,0.1642177344340979,386.6,294.5719606479883,"pearson_r, mutual_information, entropy_reduction_ratio",0.007765275268228205,0.013171878665909421,0.0067489443016909186,0.004330187009160033,0.41848471258324915
suspicious_getCellSignalStrength,0,0.08963627345640254,0.17848803689414125,454.3,306.7516259125614,"pearson_r, chi2_stat, entropy_reduction_ratio",0.0005033778662013592,0.0,0.0006485978568467228,0.0004173048936504161,0.4466120866653142
intent_com.firebase.jobdispatcher.ACTION_EXECUTE,0,0.08954757416722799,0.15601335655620993,372.2,320.74313710506726,"pearson_r, entropy_reduction_ratio, chi2_stat",0.01555101297533652,0.008472964948050722,0.013497888603381837,0.008689731512976437,0.4015262727963944
suspicious_getExternalStorageDirectory,0,0.0894767747001243,0.17847621020256,455.5,306.45750113188615,"pearson_r, entropy_reduction_ratio, f_stat",0.0005026304717894237,0.0,2.1488172814221783e-05,0.0004307958818027758,0.44642895897421503
intent_android.intent.action.DOWNLOAD_COMPLETE,0,0.08903139605808565,0.14993703547585072,406.0,372.43026192832394,"pearson_r, entropy_reduction_ratio, chi2_stat",0.02335732371449098,0.0,0.020246832905072752,0.0130789337704893,0.3884738899003752
perm_android.permission.REQUEST_INSTALL_PACKAGES,0,0.08895075890464166,0.14522662580472406,405.3,375.05007665643797,"pearson_r, chi2_stat, entropy_reduction_ratio",0.023146358544762477,0.0,0.025863446868684834,0.01689723456661601,0.378846754543145
intent_android.service.notification.NotificationListenerService,0,0.08883975052829815,0.16482641683242671,390.0,295.79519942013934,"pearson_r, entropy_reduction_ratio, mutual_information",0.007765275268228205,0.006869633479162464,0.0067489443016909186,0.004330187009160033,0.41848471258324915
suspicious_system/bin/su,0,0.08838835330364,0.17440716250277122,452.1,310.1035955934726,"pearson_r, chi2_stat, entropy_reduction_ratio",0.0015281599116558273,0.0,0.0019457935705401695,0.0012675516138989436,0.43720026142210505
perm_android.permission.DOWNLOAD_WITHOUT_NOTIFICATION,0,0.08837694828756823,0.16973091118209604,400.7,278.01341694242024,"pearson_r, mutual_information, chi2_stat",0.0032206357835938408,0.004270598036114332,0.003985593159891049,0.0025712291188639295,0.427836685339378
perm_android.permission.PROCESS_OUTGOING_CALLS,0,0.08785298117761783,0.15692810753454345,423.3,355.5026863470936,"pearson_r, entropy_reduction_ratio, chi2_stat",0.01555101297533652,0.0,0.013497888603381837,0.008689731512976437,0.4015262727963944
perm_com.android.alarm.permission.SET_ALARM,0,0.08785298117761783,0.15692810753454345,423.3,355.5026863470936,"pearson_r, entropy_reduction_ratio, chi2_stat",0.01555101297533652,0.0,0.013497888603381837,0.008689731512976437,0.4015262727963944
perm_android.permission.CHANGE_WIFI_MULTICAST_STATE,0,0.08785298117761783,0.15692810753454345,423.3,355.5026863470936,"pearson_r, entropy_reduction_ratio, chi2_stat",0.01555101297533652,0.0,0.013497888603381837,0.008689731512976437,0.4015262727963944
intent_android.net.VpnService,0,0.08785298117761783,0.15692810753454345,423.3,355.5026863470936,"pearson_r, entropy_reduction_ratio, chi2_stat",0.01555101297533652,0.0,0.013497888603381837,0.008689731512976437,0.4015262727963944
intent_android.intent.action.DOWNLOAD_NOTIFICATION_CLICKED,0,0.08785298117761783,0.15692810753454345,423.3,355.5026863470936,"pearson_r, entropy_reduction_ratio, chi2_stat",0.01555101297533652,0.0,0.013497888603381837,0.008689731512976437,0.4015262727963944
perm_com.samsung.android.providers.context.permission.WRITE_USE_APP_FEATURE_SURVEY,0,0.08752282868034537,0.17016219926176845,450.2,312.0883849168373,"pearson_r, chi2_stat, entropy_reduction_ratio",0.0032206357835938408,0.0,0.003985593159891049,0.0025712291188639295,0.4278366853393781
perm_android.permission.INTERACT_ACROSS_USERS_FULL,0,0.08746582383246566,0.16553108544387551,440.5,330.3162121361893,"pearson_r, entropy_reduction_ratio, chi2_stat",0.007765275268228205,0.0,0.0067489443016909186,0.004330187009160033,0.41848471258324915
perm_android.permission.DELETE_PACKAGES,0,0.08746582383246566,0.16553108544387551,440.5,330.3162121361893,"pearson_r, entropy_reduction_ratio, chi2_stat",0.007765275268228205,0.0,0.0067489443016909186,0.004330187009160033,0.41848471258324915
perm_android.permission.WRITE_SECURE_SETTINGS,0,0.08746582383246566,0.16553108544387551,440.5,330.3162121361893,"pearson_r, entropy_reduction_ratio, chi2_stat",0.007765275268228205,0.0,0.0067489443016909186,0.004330187009160033,0.41848471258324915
perm_android.permission.READ_USER_DICTIONARY,0,0.08746582383246566,0.16553108544387551,440.5,330.3162121361893,"pearson_r, entropy_reduction_ratio, chi2_stat",0.007765275268228205,0.0,0.0067489443016909186,0.004330187009160033,0.41848471258324915
perm_android.permission.ACCESS_DOWNLOAD_MANAGER,0,0.08746582383246566,0.16553108544387551,440.5,330.3162121361893,"pearson_r, entropy_reduction_ratio, chi2_stat",0.007765275268228205,0.0,0.0067489443016909186,0.004330187009160033,0.41848471258324915
intent_android.intent.action.NEW_OUTGOING_CALL,0,0.08746582383246566,0.16553108544387551,440.5,330.3162121361893,"pearson_r, entropy_reduction_ratio, chi2_stat",0.007765275268228205,0.0,0.0067489443016909186,0.004330187009160033,0.41848471258324915
intent_android.intent.action.PHONE_STATE,0,0.08746582383246566,0.16553108544387551,440.5,330.3162121361893,"pearson_r, entropy_reduction_ratio, chi2_stat",0.007765275268228205,0.0,0.0067489443016909186,0.004330187009160033,0.41848471258324915
perm_android.permission.NFC,0,0.08746582383246566,0.16553108544387551,440.5,330.3162121361893,"pearson_r, entropy_reduction_ratio, chi2_stat",0.007765275268228205,0.0,0.0067489443016909186,0.004330187009160033,0.41848471258324915
perm_com.anddoes.launcher.permission.UPDATE_COUNT,0,0.08746582383246566,0.16553108544387551,440.5,330.3162121361893,"pearson_r, entropy_reduction_ratio, chi2_stat",0.007765275268228205,0.0,0.0067489443016909186,0.004330187009160033,0.41848471258324915
intent_android.intent.action.ACTION_SHUTDOWN,0,0.08746582383246566,0.16553108544387551,440.5,330.3162121361893,"pearson_r, entropy_reduction_ratio, chi2_stat",0.007765275268228205,0.0,0.0067489443016909186,0.004330187009160033,0.41848471258324915
perm_com.htc.launcher.permission.UPDATE_SHORTCUT,0,0.08746582383246566,0.16553108544387551,440.5,330.3162121361893,"pearson_r, entropy_reduction_ratio, chi2_stat",0.007765275268228205,0.0,0.0067489443016909186,0.004330187009160033,0.41848471258324915
perm_android.permission.RECORD_VIDEO,0,0.08746582383246566,0.16553108544387551,440.5,330.3162121361893,"pearson_r, entropy_reduction_ratio, chi2_stat",0.007765275268228205,0.0,0.0067489443016909186,0.004330187009160033,0.41848471258324915
perm_android.permission.TRANSMIT_IR,0,0.08746582383246566,0.16553108544387551,440.5,330.3162121361893,"pearson_r, entropy_reduction_ratio, chi2_stat",0.007765275268228205,0.0,0.0067489443016909186,0.004330187009160033,0.41848471258324915
perm_com.sec.android.provider.badge.permission.WRITE,0,0.08746582383246566,0.16553108544387551,440.5,330.3162121361893,"pearson_r, entropy_reduction_ratio, chi2_stat",0.007765275268228205,0.0,0.0067489443016909186,0.004330187009160033,0.41848471258324915
perm_android.permission.WRITE_USER_DICTIONARY,0,0.08746582383246566,0.16553108544387551,440.5,330.3162121361893,"pearson_r, entropy_reduction_ratio, chi2_stat",0.007765275268228205,0.0,0.0067489443016909186,0.004330187009160033,0.41848471258324915
intent_com.google.android.gms.appinvite.ACTION_PREVIEW,0,0.08746582383246566,0.16553108544387551,440.5,330.3162121361893,"pearson_r, entropy_reduction_ratio, chi2_stat",0.007765275268228205,0.0,0.0067489443016909186,0.004330187009160033,0.41848471258324915
intent_android.app.action.DEVICE_ADMIN_ENABLED,0,0.08746582383246566,0.16553108544387551,440.5,330.3162121361893,"pearson_r, entropy_reduction_ratio, chi2_stat",0.007765275268228205,0.0,0.0067489443016909186,0.004330187009160033,0.41848471258324915
perm_android.permission.FOREGROUND_SERVICE,0,0.08746582383246566,0.16553108544387551,440.5,330.3162121361893,"pearson_r, entropy_reduction_ratio, chi2_stat",0.007765275268228205,0.0,0.0067489443016909186,0.004330187009160033,0.41848471258324915
intent_android.intent.action.MEDIA_BUTTON,0,0.08746582383246566,0.16553108544387551,440.5,330.3162121361893,"pearson_r, entropy_reduction_ratio, chi2_stat",0.007765275268228205,0.0,0.0067489443016909186,0.004330187009160033,0.41848471258324915
intent_android.appwidget.action.APPWIDGET_CONFIGURE,0,0.08746582383246566,0.16553108544387551,440.5,330.3162121361893,"pearson_r, entropy_reduction_ratio, chi2_stat",0.007765275268228205,0.0,0.0067489443016909186,0.004330187009160033,0.41848471258324915
perm_android.permission.ACCESS_GPS,0,0.08746582383246566,0.16553108544387551,440.5,330.3162121361893,"pearson_r, entropy_reduction_ratio, chi2_stat",0.007765275268228205,0.0,0.0067489443016909186,0.004330187009160033,0.41848471258324915
intent_com.gtp.nextlauncher.theme,0,0.08746582383246566,0.16553108544387551,440.5,330.3162121361893,"pearson_r, entropy_reduction_ratio, chi2_stat",0.007765275268228205,0.0,0.0067489443016909186,0.004330187009160033,0.41848471258324915
intent_com.gridappsinc.launcher.theme.apk_action,0,0.08746582383246566,0.16553108544387551,440.5,330.3162121361893,"pearson_r, entropy_reduction_ratio, chi2_stat",0.007765275268228205,0.0,0.0067489443016909186,0.004330187009160033,0.41848471258324915
intent_com.phonemetra.turbo.launcher.icons.ACTION_PICK_ICON,0,0.08746582383246566,0.16553108544387551,440.5,330.3162121361893,"pearson_r, entropy_reduction_ratio, chi2_stat",0.007765275268228205,0.0,0.0067489443016909186,0.004330187009160033,0.41848471258324915
intent_com.lge.launcher2.THEME,0,0.08746582383246566,0.16553108544387551,440.5,330.3162121361893,"pearson_r, entropy_reduction_ratio, chi2_stat",0.007765275268228205,0.0,0.0067489443016909186,0.004330187009160033,0.41848471258324915
perm_android.permission.ACCESS_FINE_LOCATION,0,0.08742080809658107,0.14646504391858878,405.9,374.11340526637105,"pearson_r, chi2_stat, entropy_reduction_ratio",0.019650802895647725,0.0,0.021060713015666286,0.016428815480302898,0.37996370909128846
perm_android.permission.MODIFY_AUDIO_SETTINGS,0,0.0873131979093861,0.1689963039690018,449.1,315.23077260952806,"pearson_r, chi2_stat, entropy_reduction_ratio",0.003669228480325727,0.0,0.00460039907385518,0.0030046129385926075,0.425291749054157
perm_android.permission.GET_ACCOUNTS,0,0.08683613405906324,0.1656704467453708,448.7,332.1613463363851,"pearson_r, chi2_stat, entropy_reduction_ratio",0.005278127648388215,0.0,0.006351810677569715,0.004401864973318245,0.41814886699604004
perm_android.permission.WRITE_SETTINGS,0,0.08682518247840576,0.16381619764051653,440.5,339.2244094990807,"pearson_r, chi2_stat, entropy_reduction_ratio",0.006474135051222841,0.0,0.007999429813238531,0.005238976077407661,0.4144133714501598
suspicious_getPackageInfo,0,0.08651963629399928,0.16989209174670156,451.9,312.5374217593791,"pearson_r, entropy_reduction_ratio, f_stat",0.0032873318595628173,0.0,0.0001857133954718217,0.0028318202145460897,0.42629331600041565
suspicious_Ljava/lang/System;->load,0,0.08621173893001015,0.14964483228559808,407.9,372.04198687782537,"pearson_r, entropy_reduction_ratio, chi2_stat",0.016897069705915254,0.0,0.014601608082806384,0.014297694805831606,0.38526232205549754
suspicious_Ljava/lang/System;->loadLibrary,0,0.08596062293887825,0.1534710756354027,418.1,361.30740374368196,"pearson_r, entropy_reduction_ratio, chi2_stat",0.013642585696820891,0.0,0.011868861983499112,0.011541357266509365,0.39275030974756187
