feature,method_count,aggregated_score,score_std,rank_mean,rank_std,top_methods,entropy_reduction_ratio,mutual_information,chi2_stat,f_stat,pearson_r
perm_android.permission.GET_TASKS,5,0.5103305647067555,0.32048237414909997,8.4,3.4409301068170506,"pearson_r, mutual_information, entropy_reduction_ratio",0.5566500051777872,0.6433103510270443,0.03218396588152772,0.32776283463591394,0.9917456668115051
n_permissions,5,0.5088027530224046,0.27475627017407067,10.6,5.678027826631356,"pearson_r, entropy_reduction_ratio, mutual_information",0.6990319780994684,0.5280411033264487,0.23821980366438464,0.17479556865561105,0.9039253113661107
perm_android.permission.MOUNT_UNMOUNT_FILESYSTEMS,5,0.49281259946850475,0.31334877962494345,8.0,4.47213595499958,"pearson_r, mutual_information, entropy_reduction_ratio",0.5219034081664687,0.5576493630619552,0.03737040938300524,0.34713981673109473,1.0
perm_android.permission.CHANGE_WIFI_STATE,5,0.4565578751862609,0.31043105971428914,10.6,3.7735924528226414,"pearson_r, mutual_information, entropy_reduction_ratio",0.5012963121917278,0.5022995202273967,0.02811937942392482,0.2812436759293716,0.9698304881588836
perm_android.permission.WRITE_SETTINGS,5,0.4495764694509152,0.31011569468274797,10.4,4.882622246293481,"pearson_r, entropy_reduction_ratio, mutual_information",0.49466373061989477,0.42428405840202793,0.03350467558814406,0.3111494146062616,0.9842804680382476
intent_android.net.conn.CONNECTIVITY_CHANGE,5,0.3974185101200084,0.3032328576229367,15.2,4.707440918375928,"pearson_r, mutual_information, entropy_reduction_ratio",0.40233335786961216,0.41981164533905446,0.02202458548240318,0.21248884172628876,0.9304341201826836
perm_android.permission.RESTART_PACKAGES,5,0.3747744792874196,0.30288562677731345,13.4,6.829348431585549,"pearson_r, mutual_information, entropy_reduction_ratio",0.3161645339060814,0.36209693631261275,0.03471297311714983,0.22347779905851475,0.937420154042739
intent_android.intent.action.USER_PRESENT,5,0.36020887548272257,0.30185988355379634,16.2,5.5641710972974225,"pearson_r, entropy_reduction_ratio, mutual_information",0.3379057572081442,0.3182656447739174,0.02482183674315044,0.1987760746992024,0.9212750639891986
perm_android.permission.SYSTEM_ALERT_WINDOW,5,0.347905386112409,0.2989070618571331,19.6,4.882622246293481,"pearson_r, mutual_information, entropy_reduction_ratio",0.3131203445186899,0.33015914349075937,0.020788720533668262,0.1729481703597348,0.9025105516591927
intent_android.intent.action.PACKAGE_REMOVED,5,0.3454524657562414,0.3012835079306282,17.0,6.81175454637056,"pearson_r, entropy_reduction_ratio, mutual_information",0.2995871457968602,0.29734906791525506,0.027155357675983337,0.18885504381309887,0.9143157135800095
n_urls,4,0.6653827228084686,0.3636243649822324,202.0,394.52908638020597,"chi2_stat, entropy_reduction_ratio, mutual_information",0.9518824871405634,0.931530077749235,1.0,0.25786899441934785,0.18563205473319616
n_api_calls,4,0.5834768932880813,0.3525589595579742,201.8,395.1260052185885,"entropy_reduction_ratio, mutual_information, chi2_stat",1.0,1.0,0.46524032605720533,0.2763204631873716,0.17582367719582953
suspicious_Base64,4,0.5530679253321577,0.4448393407772428,204.4,397.82538883283956,"f_stat, mutual_information, entropy_reduction_ratio",0.8388453044898575,0.9025497540095098,0.02394456816142094,1.0,0.0
suspicious_getExternalStorageDirectory,4,0.512560654177036,0.4018379341967782,205.4,396.3213847371852,"mutual_information, f_stat, entropy_reduction_ratio",0.7969868731959564,0.8648882849517852,0.02394383001394362,0.8583831410797464,0.01860114164374861
suspicious_getPackageInfo,4,0.5120219498177728,0.4038601544465104,205.8,396.63252514134547,"f_stat, mutual_information, entropy_reduction_ratio",0.8033400522608342,0.82722041575583,0.023581296511971897,0.892161393420491,0.013806591139737012
n_used_permissions,4,0.506350366678644,0.33095062881649717,202.4,395.8022738691631,"entropy_reduction_ratio, mutual_information, f_stat",0.9152919341360952,0.8748557598090771,0.21372412028987514,0.4079130637863775,0.1199669553717947
suspicious_Cipher,4,0.4930879039367123,0.384299974683481,206.2,395.4204850535692,"f_stat, mutual_information, entropy_reduction_ratio",0.7888979639543222,0.7943825701381041,0.023852692852327106,0.8364572682782069,0.021849024460601014
suspicious_Ldalvik/system/PathClassLoader;,4,0.3688334517696304,0.26177004715631697,206.2,393.40279612631116,"mutual_information, entropy_reduction_ratio, f_stat",0.6185667376858175,0.6948467691301988,0.02496230865921238,0.37297051748562665,0.1328209258872965
suspicious_getDeviceId,4,0.36516315473713834,0.25550473821628195,208.6,393.2259401412882,"mutual_information, entropy_reduction_ratio, f_stat",0.6108818577417738,0.626764331981213,0.02175853179624917,0.4651940675724778,0.10121698459397781
perm_android.permission.READ_LOGS,4,0.3254598930522905,0.29782244377736605,21.0,5.966573556070519,"pearson_r, mutual_information, entropy_reduction_ratio",0.2601149524263888,0.2964596348629494,0.02326119715471036,0.15737649253729766,0.8900871882801064
intent_com.google.android.c2dm.intent.RECEIVE,4,0.26971116732706674,0.16457961752834158,212.0,389.0074549414188,"entropy_reduction_ratio, mutual_information, pearson_r",0.4597800885003751,0.4447329342020523,0.02103804130544917,0.20608986040764582,0.21691491221981118
suspicious_getSystemService,3,0.4069545877959121,0.30207063405371204,209.4,393.38154506788953,"mutual_information, entropy_reduction_ratio, f_stat",0.6455664885685723,0.6816184336152638,0.017142140972406354,0.6318255683113528,0.05862030751196502
perm_android.permission.READ_PHONE_STATE,3,0.3306818937122415,0.29427024989500533,28.4,17.001176429882726,"pearson_r, entropy_reduction_ratio, mutual_information",0.3575595334049932,0.28693465240007465,0.010077726634411907,0.13158228789068194,0.8672552682310457
intent_com.igexin.sdk.action.refreshls,3,0.28091332754921305,0.2989078952506169,24.8,11.77115117564973,"pearson_r, entropy_reduction_ratio, mutual_information",0.19216320285535274,0.18966647912908852,0.02564833353299439,0.13068539111178143,0.8664032311168481
perm_com.google.android.c2dm.permission.RECEIVE,3,0.22792737518923656,0.1273736556036404,216.0,386.51416532903426,"mutual_information, entropy_reduction_ratio, pearson_r",0.3485006188121201,0.3619891221525044,0.01706743597083546,0.1661040253353567,0.24597567367536613
perm_android.permission.ACCESS_WIFI_STATE,2,0.3084210139931613,0.28739460399251887,40.6,29.404761519182568,"pearson_r, mutual_information, entropy_reduction_ratio",0.24080283892303855,0.383867369502881,0.0062717557505010445,0.08944817611486244,0.8217149296745235
suspicious_Ljava/lang/System;->load,2,0.30128062492540597,0.286359568633217,37.4,25.601562452319197,"pearson_r, mutual_information, entropy_reduction_ratio",0.26748241057326083,0.3043989897939796,0.006777006396361851,0.0969578975206739,0.8307868203427535
perm_android.permission.SEND_SMS,2,0.26858524056592337,0.2914206660853861,28.0,7.26636084983398,"pearson_r, mutual_information, entropy_reduction_ratio",0.1577497689206425,0.23063932567025563,0.019437313419571788,0.10035984448806329,0.8347399503310835
intent_android.intent.action.MEDIA_MOUNTED,2,0.26786616074540565,0.2952907909601734,28.0,10.373041983911952,"pearson_r, mutual_information, entropy_reduction_ratio",0.17186640523386484,0.18833535373952914,0.021246519188220056,0.1111672093162931,0.846715316249121
perm_android.permission.BROADCAST_STICKY,2,0.26187622567180335,0.29273152672488684,29.6,8.487638069569178,"pearson_r, mutual_information, entropy_reduction_ratio",0.15961465360639912,0.19459994865884395,0.01928168838441337,0.10072549001291563,0.8351593476964446
perm_android.permission.CHANGE_NETWORK_STATE,1,0.27482851964810473,0.2922105724280055,27.8,6.734983296193095,"pearson_r, mutual_information, entropy_reduction_ratio",0.19611483422464032,0.21437753693578626,0.015275391187346466,0.10660806566001736,0.8417667702327333
perm_android.permission.RECORD_AUDIO,1,0.25598755143930096,0.29036553029349393,37.2,10.4,"pearson_r, mutual_information, entropy_reduction_ratio",0.1720732112393218,0.17956842178599774,0.0131254965274045,0.09124263767455648,0.8239279899692241
perm_android.permission.MANAGE_ACCOUNTS,1,0.25461290457341795,0.2896620257151574,34.0,7.293833011524188,"pearson_r, mutual_information, entropy_reduction_ratio",0.14990995745818858,0.1967236391016602,0.016273029214978186,0.08900012796403861,0.8211577691282241
intent_org.agoo.android.intent.action.RECEIVE,1,0.2514523792515266,0.29585288268678295,34.2,15.885842753848472,"pearson_r, entropy_reduction_ratio, mutual_information",0.15961465360639912,0.14248071655746025,0.01928168838441337,0.10072549001291563,0.8351593476964446
intent_org.android.agoo.client.MessageReceiverService,1,0.23509825900177042,0.29572449023447833,49.8,34.42905749508691,"pearson_r, entropy_reduction_ratio, mutual_information",0.1429649738591124,0.10551782974698695,0.01732879759417156,0.0887872745082067,0.8208924193003744
n_activities,1,0.23062613761017142,0.2765537485472717,163.0,172.1476110783998,"pearson_r, entropy_reduction_ratio, chi2_stat",0.4459586852633491,0.009662289308916978,0.014902019823208571,0.012532843534676517,0.6700748501207059
intent_android.intent.action.PACKAGE_ADDED,1,0.22032617616534117,0.29304251857103825,63.4,49.8461633428291,"pearson_r, entropy_reduction_ratio, mutual_information",0.12893909466281558,0.08279804565105128,0.013747670505292816,0.07434103542493839,0.8018050345826079
perm_android.permission.SET_DEBUG_APP,1,0.21744331585557944,0.2950221014557628,67.6,62.448698945614545,"pearson_r, entropy_reduction_ratio, f_stat",0.11891311450576383,0.07273257950600776,0.015918940943261576,0.07580630331858826,0.8038456410042757
intent_com.google.firebase.MESSAGING_EVENT,1,0.18506949744465578,0.11376082696862864,222.8,382.12270280631066,"pearson_r, entropy_reduction_ratio, mutual_information",0.2798574230176246,0.22139112215570375,0.014297417465266797,0.09432509572087269,0.31547642886381116
perm_android.permission.BROADCAST_PACKAGE_ADDED,0,0.23472627049078465,0.28381945885978765,46.8,8.280096617793781,"pearson_r, mutual_information, entropy_reduction_ratio",0.10896574322447673,0.1953733512952077,0.013535114801563058,0.06603474234362992,0.7897224007890458
intent_android.intent.action.BOOT_COMPLETED,0,0.23360279950619503,0.288343325213003,51.8,20.133554082675023,"pearson_r, entropy_reduction_ratio, mutual_information",0.15423302103876887,0.1292504041655017,0.008813824575682926,0.07416233371631371,0.801554414034708
perm_android.permission.RECEIVE_BOOT_COMPLETED,0,0.23346687821172227,0.287270241548782,51.2,17.54308980767071,"pearson_r, entropy_reduction_ratio, mutual_information",0.15019576248186653,0.1369239599014224,0.008722437656611437,0.07241259010682725,0.7990796409118838
perm_android.permission.RECEIVE_USER_PRESENT,0,0.23121469078855186,0.28520216222310546,47.8,6.43117407632541,"pearson_r, mutual_information, entropy_reduction_ratio",0.11975489897253287,0.16311597501458874,0.012582839267618513,0.06798199475476634,0.7926377459332528
intent_org.agoo.android.intent.action.PING_V4,0,0.23087537845165373,0.2827991258552477,48.6,9.981983770774224,"pearson_r, mutual_information, entropy_reduction_ratio",0.10004156880136572,0.19439477977557817,0.013756843910932102,0.06226390870460109,0.7839197910657915
intent_com.umeng.message.message.handler.action,0,0.2306810954183614,0.28548992792250966,45.8,8.1706792863262,"pearson_r, mutual_information, entropy_reduction_ratio",0.11229156586029618,0.16645630346384235,0.013851965396880824,0.06805686563819707,0.7927487767325905
intent_com.sina.weibo.sdk.action.ACTION_SDK_REQ_ACTIVITY,0,0.23018201651525053,0.28777831425964284,46.4,11.146299834474219,"pearson_r, mutual_information, entropy_reduction_ratio",0.1258079697233702,0.14088900344810004,0.01334830517236154,0.072154060475212,0.798710743757209
intent_com.umeng.messge.registercallback.action,0,0.2287433868132757,0.2859517715766295,47.2,9.141115905621152,"pearson_r, mutual_information, entropy_reduction_ratio",0.11229156586029618,0.15676776043841384,0.013851965396880824,0.06805686563819707,0.7927487767325905
perm_android.permission.PROCESS_OUTGOING_CALLS,0,0.228190765492947,0.2791153522274855,54.2,16.029971927611104,"pearson_r, mutual_information, entropy_reduction_ratio",0.08508832171167291,0.2240876167799036,0.011459719913555419,0.052503894706069754,0.7678142743535333
perm_android.permission.BROADCAST_PACKAGE_INSTALL,0,0.22573347889447062,0.2856304459127327,50.6,8.187795796183488,"pearson_r, mutual_information, entropy_reduction_ratio",0.10896574322447673,0.15040939331363753,0.013535114801563058,0.06603474234362992,0.7897224007890458
perm_android.permission.BROADCAST_PACKAGE_CHANGED,0,0.22370438047855243,0.2893952288195975,51.0,19.884667460131183,"pearson_r, mutual_information, entropy_reduction_ratio",0.1167135266120422,0.11851664599509402,0.014485212932253931,0.07130837026732521,0.7974981465860469
perm_android.permission.BROADCAST_PACKAGE_REPLACED,0,0.22295414270785247,0.28967167882491596,52.2,22.080760856456013,"pearson_r, entropy_reduction_ratio, mutual_information",0.1167135266120422,0.11476545714159408,0.014485212932253931,0.07130837026732521,0.7974981465860469
intent_android.intent.action.ACTION_POWER_CONNECTED,0,0.22257686928307394,0.2803740843750976,55.8,8.182909018191515,"pearson_r, mutual_information, entropy_reduction_ratio",0.09951669112053785,0.1747427122167547,0.0104962263432634,0.055384064893662446,0.7727446518411513
perm_android.permission.MODIFY_AUDIO_SETTINGS,0,0.21812847550591954,0.2887647384045097,62.4,29.47948439169179,"pearson_r, entropy_reduction_ratio, mutual_information",0.12064061767983071,0.10032953028374775,0.01187847527737712,0.0668477120041002,0.7909460422845419
perm_android.permission.KILL_BACKGROUND_PROCESSES,0,0.21605216805888938,0.29427538041862533,70.6,64.6485885383432,"pearson_r, entropy_reduction_ratio, f_stat",0.12203813774458824,0.0694857848021989,0.014563698110457275,0.07352120813993987,0.8006520114972626
intent_com.umeng.message.autoupdate.handler.action,0,0.21558295356227547,0.2756573399282417,64.0,18.989470766717012,"pearson_r, mutual_information, entropy_reduction_ratio",0.07089359421646685,0.20242233866041612,0.009906475386737484,0.043476091811726764,0.7512162677360303
perm_android.permission.USE_CREDENTIALS,0,0.21465778382209705,0.27437785516624,67.8,17.679366504487657,"pearson_r, mutual_information, entropy_reduction_ratio",0.07509482302740919,0.2000610326891404,0.008470920999189224,0.041781993524924475,0.7478801488698221
perm_com.android.launcher.permission.READ_SETTINGS,0,0.21394495675338968,0.2844120861648257,61.4,13.047605144240073,"pearson_r, mutual_information, entropy_reduction_ratio",0.09626455100403154,0.12505557630989472,0.01229964026425773,0.05838560995156922,0.7777194062371952
intent_org.agoo.android.intent.action.ELECTION_RESULT_V4,0,0.21318555814898538,0.28725900338210825,63.4,27.401459815126636,"pearson_r, mutual_information, entropy_reduction_ratio",0.10004156880136572,0.1059456782622365,0.013756843910932102,0.06226390870460109,0.7839197910657915
perm_android.permission.READ_EXTERNAL_STORAGE,0,0.21283264234807936,0.2812995833944088,74.4,27.96140196771256,"pearson_r, entropy_reduction_ratio, mutual_information",0.12507933338270913,0.11286825673240573,0.0044799082410652965,0.053022217894448984,0.7687134954897676
intent_com.igexin.sdk.action.service.message,0,0.21213784146253328,0.2923058050204183,71.4,56.76125439064926,"pearson_r, entropy_reduction_ratio, mutual_information",0.10836886159894928,0.07536798266697092,0.01464414616447478,0.06866313427672988,0.7936450826055415
perm_android.permission.ACCESS_COARSE_UPDATES,0,0.21211007810207297,0.2868306270675084,65.0,25.321927256826246,"pearson_r, mutual_information, entropy_reduction_ratio",0.0968712470769013,0.10716569742428966,0.013454699571333937,0.06105129472166694,0.782007451716173
perm_android.permission.VIBRATE,0,0.21076367940072188,0.2789516211525583,78.8,32.43084951092092,"pearson_r, entropy_reduction_ratio, mutual_information",0.12522168113231033,0.11488364338008758,0.003254335422523927,0.048953012593874655,0.761505724474813
perm_android.permission.READ_SMS,0,0.2102886228787421,0.2871994508721757,70.2,33.1746891469988,"pearson_r, entropy_reduction_ratio, mutual_information",0.10332356946799523,0.09439256398157739,0.012129923063123816,0.06048721051264042,0.7811098473683734
perm_android.permission.ACCESS_COARSE_LOCATION,0,0.21000702188526765,0.2801474468944924,76.0,26.510375327407193,"pearson_r, entropy_reduction_ratio, mutual_information",0.11801232678328084,0.1135010092222576,0.004310956792958317,0.05029305809291543,0.763917758534926
intent_android.intent.action.ACTION_POWER_DISCONNECTED,0,0.20872108540332307,0.2868248470357518,73.8,37.7009283705322,"pearson_r, entropy_reduction_ratio, mutual_information",0.10504077035341122,0.08955487131878727,0.01118940241029412,0.05903897583880614,0.7787814070953165
intent_com.umeng.message.unregistercallback.action,0,0.206522863370063,0.2766835425345533,67.8,13.797101144805744,"pearson_r, mutual_information, entropy_reduction_ratio",0.07089359421646685,0.1571218876993537,0.009906475386737484,0.043476091811726764,0.7512162677360303
perm_android.permission.DISABLE_KEYGUARD,0,0.19963928683198812,0.28145790138410304,76.8,24.127992042439008,"pearson_r, mutual_information, entropy_reduction_ratio",0.08246425013302888,0.09887641873525889,0.009926901799615763,0.04770507627373169,0.7592237872183054
perm_android.permission.BLUETOOTH,0,0.19900237161212606,0.27271715029617943,81.0,14.352700094407323,"pearson_r, mutual_information, entropy_reduction_ratio",0.07268811314708447,0.1433196034858869,0.005943230494131856,0.0363790872465541,0.736681823686973
perm_android.permission.FLASHLIGHT,0,0.19768708565109555,0.2772444401536299,80.6,9.243376006633074,"pearson_r, mutual_information, entropy_reduction_ratio",0.0772630386545137,0.11383962567677514,0.008002905702357895,0.0416710052323801,0.7476588529894509
intent_com.taobao.accs.intent.action.RECEIVE,0,0.19682240133654788,0.2777136159715217,79.6,12.90891165048394,"pearson_r, mutual_information, entropy_reduction_ratio",0.07252136575680473,0.11287044911832908,0.00889106348610177,0.04183781113002472,0.747991317191479
n_services,0,0.19510560429391366,0.20337831572459908,300.4,326.9541863931398,"pearson_r, entropy_reduction_ratio, mutual_information",0.25634398780583206,0.16523194536732688,0.0019624612579605934,0.0005127638480526926,0.5514768631903961
perm_android.permission.ACCESS_FINE_LOCATION,0,0.19226423017708477,0.2753499335474849,101.4,32.401234544381175,"pearson_r, mutual_information, entropy_reduction_ratio",0.08930742749916096,0.09280668834091808,0.002945471792363934,0.03739796348170219,0.7388635997712787
perm_android.permission.WRITE_SMS,0,0.1918620703937921,0.28603919724258964,98.8,71.31731907468198,"pearson_r, entropy_reduction_ratio, mutual_information",0.07940528554821595,0.057367586367755054,0.010953507932073423,0.04935342789199038,0.7622305442289257
intent_com.google.firebase.INSTANCE_ID_EVENT,0,0.18934101820970675,0.11427550654145532,222.6,382.7252800639121,"pearson_r, entropy_reduction_ratio, mutual_information",0.26518841841830665,0.25784283826777477,0.014175616606999375,0.09591117185171995,0.31358704590373304
intent_com.taobao.accs.intent.action.COMMAND,0,0.1881372069317272,0.2808644885967873,99.8,50.81889412413458,"pearson_r, entropy_reduction_ratio, mutual_information",0.07252136575680473,0.06944447709422572,0.00889106348610177,0.04183781113002472,0.747991317191479
perm_android.permission.REORDER_TASKS,0,0.18800673859537226,0.2671294052069061,95.6,19.885673234768795,"pearson_r, mutual_information, entropy_reduction_ratio",0.04729378729822497,0.14702338894001954,0.005834262276229145,0.02648532850709189,0.7133969259552958
intent_android.intent.action.VIEW,0,0.1877689809138038,0.2755345894287558,111.4,42.10748152050891,"pearson_r, entropy_reduction_ratio, mutual_information",0.08649895388084548,0.0783007604178754,0.002693932636539344,0.035839392756870835,0.735511864876888
perm_android.permission.WRITE_EXTERNAL_STORAGE,0,0.1873210418160148,0.26641295221533545,132.8,72.81593232253502,"pearson_r, mutual_information, entropy_reduction_ratio",0.09687560364466498,0.09732147896621207,0.0007695978300681894,0.02697746176777763,0.7146610668713512
intent_org.android.agoo.client.ElectionReceiverService,0,0.1871650979297612,0.28203061038668353,101.2,56.24375520891186,"pearson_r, entropy_reduction_ratio, mutual_information",0.06891814456804238,0.0648748255638266,0.009695558721301446,0.04267957804887347,0.7496573827467621
perm_android.permission.CALL_PHONE,0,0.18685749975787097,0.27441918250831787,101.8,24.30144028653446,"pearson_r, mutual_information, entropy_reduction_ratio",0.07088448082137455,0.09131505074632555,0.005141937455466822,0.03446336544664484,0.7324826643195431
perm_com.android.launcher.permission.INSTALL_SHORTCUT,0,0.1865485585618573,0.28571623550911823,116.6,98.60750478538638,"pearson_r, entropy_reduction_ratio, f_stat",0.07926936114969961,0.04134961106894588,0.0097244793965843,0.046121988357954224,0.7562773528361024
intent_com.umeng.message.disablecallback.action,0,0.18632744001470952,0.27804355576675654,99.8,37.53078736184467,"pearson_r, mutual_information, entropy_reduction_ratio",0.06608761420385571,0.07901021694120819,0.008201455915049389,0.038064794895915376,0.740273118117519
perm_android.permission.BATTERY_STATS,0,0.1849539423898803,0.28234622443446,108.6,69.1508495970946,"pearson_r, entropy_reduction_ratio, mutual_information",0.06919925479357314,0.056044795392016074,0.00932650066059507,0.04196160495526816,0.7482375561479491
intent_com.umeng.message.enablecallback.action,0,0.1848261682394654,0.2786385809739737,104.4,46.44825077438331,"pearson_r, mutual_information, entropy_reduction_ratio",0.06608761420385571,0.07150385806498764,0.008201455915049389,0.038064794895915376,0.740273118117519
intent_com.baidu.android.pushservice.action.notification.SHOW,0,0.18466583428778238,0.2742485373614331,98.6,23.195689254686958,"pearson_r, mutual_information, entropy_reduction_ratio",0.0595554575185698,0.09218188218458116,0.007797331056325614,0.03349196689712524,0.7303025337823101
intent_com.baidu.android.pushservice.action.media.CLICK,0,0.18161982043448047,0.2753412207518016,106.6,38.37238590444957,"pearson_r, mutual_information, entropy_reduction_ratio",0.0595554575185698,0.07695181291807159,0.007797331056325614,0.03349196689712524,0.7303025337823101
perm_android.permission.RECEIVE_SMS,0,0.18161717532499974,0.29202286066678246,204.7,284.5254997359639,"pearson_r, entropy_reduction_ratio, f_stat",0.08596131483525225,0.0,0.01015976595060293,0.04948922526980956,0.762475570569334
intent_com.baidu.android.pushservice.action.METHOD,0,0.18108454436373392,0.27554670472820486,107.8,40.703316818166066,"pearson_r, mutual_information, entropy_reduction_ratio",0.0595554575185698,0.0742754325643388,0.007797331056325614,0.03349196689712524,0.7303025337823101
perm_android.permission.ACCESS_DOWNLOAD_MANAGER,0,0.18058800562591829,0.26871941882347833,104.4,9.046546302318912,"pearson_r, mutual_information, entropy_reduction_ratio",0.04555712539097378,0.11157866275377952,0.006005570669479397,0.02646199171969245,0.7133366775956662
perm_android.permission.ACCESS_LOCATION_EXTRA_COMMANDS,0,0.1774937132833235,0.28909049028175915,211.3,281.2268834944483,"pearson_r, entropy_reduction_ratio, f_stat",0.08209695658398054,0.0,0.008368614940946118,0.04426300560545512,0.7527399892862358
intent_com.taobao.accs.intent.action.SERVICE,0,0.17692824788176853,0.2864406882815746,153.0,156.73161774192212,"pearson_r, entropy_reduction_ratio, f_stat",0.07252136575680473,0.013399681844432397,0.00889106348610177,0.04183781113002472,0.747991317191479
perm_android.permission.PACKAGE_USAGE_STATS,0,0.17621962855171372,0.28986291799729685,208.9,282.47591047733613,"pearson_r, entropy_reduction_ratio, f_stat",0.07275602417137683,0.0,0.009968089484599832,0.04473250650399663,0.7536415225985953
intent_com.taobao.accs.intent.action.START_FROM_AGOO,0,0.17568058006045578,0.2871629385255206,161.6,173.90871168518268,"pearson_r, entropy_reduction_ratio, f_stat",0.07252136575680473,0.007161342737868721,0.00889106348610177,0.04183781113002472,0.747991317191479
intent_com.android.vending.INSTALL_REFERRER,0,0.17488510117201878,0.10827785639446398,226.2,379.96863028413276,"pearson_r, entropy_reduction_ratio, mutual_information",0.22874286567225832,0.222620545622444,0.012877399919704028,0.09246533287256715,0.31771936177312027
intent_com.baidu.android.pushservice.action.RECEIVE,0,0.17478010993808923,0.2717004193852147,116.0,37.424590846126826,"pearson_r, mutual_information, entropy_reduction_ratio",0.049507226972529024,0.07393609547739315,0.006497775880271346,0.02763363657942612,0.7163258147808265
perm_android.permission.INTERACT_ACROSS_USERS_FULL,0,0.17386597997573033,0.2744885188492896,120.2,54.29696124093871,"pearson_r, mutual_information, entropy_reduction_ratio",0.051307442135782595,0.059983857624250465,0.006669603311882392,0.02976980893393558,0.7215991878728005
suspicious_Ljava/lang/System;->loadLibrary,0,0.17292984464051747,0.27434253547575077,145.2,77.66183103687422,"pearson_r, entropy_reduction_ratio, mutual_information",0.0673214731144235,0.04566251210711971,0.0025802263243686167,0.029104588810800122,0.7199804228458755
intent_com.xiaomi.mipush.ERROR,0,0.17283137666969858,0.26228556621230376,114.6,12.362847568420474,"pearson_r, mutual_information, entropy_reduction_ratio",0.036140211284131384,0.11316482854943305,0.003978233481575122,0.018893233788956035,0.6919803762443973
perm_android.permission.CAMERA,0,0.17199737239118332,0.26643335004805063,132.8,36.378015338937885,"pearson_r, mutual_information, entropy_reduction_ratio",0.05258745207907423,0.08119827620143436,0.0017513201381627352,0.022317789181378004,0.7021320243558673
intent_com.baidu.android.pushservice.action.BIND_SYNC,0,0.17163649663764094,0.2798237375235261,148.0,120.36860055678973,"pearson_r, entropy_reduction_ratio, f_stat",0.0595554575185698,0.027035193933873904,0.007797331056325614,0.03349196689712524,0.7303025337823101
perm_android.permission.CHANGE_CONFIGURATION,0,0.17123210802451908,0.27593167940662333,134.2,81.89358949270694,"pearson_r, entropy_reduction_ratio, mutual_information",0.05375290998445933,0.04373201640200241,0.006480077048009901,0.03001200303602229,0.7221835336521014
intent_android.intent.action.SCREEN_ON,0,0.1705193647115126,0.2600570537773315,121.0,22.565460332109335,"pearson_r, mutual_information, entropy_reduction_ratio",0.027723414486813914,0.12045681685898398,0.003893776583441122,0.016440405432486576,0.6840824101958375
intent_com.xiaomi.mipush.MESSAGE_ARRIVED,0,0.16910598931513232,0.2673651966183075,125.4,30.838936427834213,"pearson_r, mutual_information, entropy_reduction_ratio",0.0417969882844433,0.07506094067278526,0.004684697052085879,0.022197382843472294,0.7017899377228749
intent_com.tencent.smtt.tbs.video.PLAY,0,0.16890261215608876,0.25873279728254356,125.6,24.100622398602074,"pearson_r, mutual_information, entropy_reduction_ratio",0.02518403773145876,0.12100043393410953,0.003617986523661612,0.015125017725243592,0.6795855848659704
intent_com.igexin.sdk.action.7fjUl2Z3LH6xYy7NQK4ni4,0,0.16867713247567143,0.26548487720572833,123.4,18.84781154404935,"pearson_r, mutual_information, entropy_reduction_ratio",0.033900047428275515,0.08745146523544162,0.004847779360650723,0.020456853675320578,0.6967295166786687
intent_com.baidu.android.pushservice.action.MESSAGE,0,0.16866630446311875,0.2742329552389725,138.0,80.6511004264666,"pearson_r, entropy_reduction_ratio, mutual_information",0.049507226972529024,0.043367068102540735,0.006497775880271346,0.02763363657942612,0.7163258147808265
intent_com.taobao.accs.intent.action.ELECTION,0,0.168384366169803,0.28445294863162585,223.3,275.2659804625338,"pearson_r, entropy_reduction_ratio, f_stat",0.06276788509057266,0.0,0.007732739978257697,0.035861397697218085,0.7355598080829666
perm_android.permission.DOWNLOAD_WITHOUT_NOTIFICATION,0,0.1654377844144006,0.27707064357032984,161.6,130.0424546061785,"pearson_r, entropy_reduction_ratio, f_stat",0.050332317907820105,0.022994453310779917,0.006347105463489516,0.028650824844009586,0.7188642205459039
perm_com.android.launcher.permission.UNINSTALL_SHORTCUT,0,0.16501751648753885,0.2829504476507711,227.5,273.1552672016412,"pearson_r, entropy_reduction_ratio, f_stat",0.054746747866004294,0.0,0.007571175505544186,0.03317844147345321,0.7295912175926925
intent_com.igexin.sdk.action.pushmanager,0,0.16474624640228336,0.2668006843592067,133.6,37.084228453616234,"pearson_r, mutual_information, entropy_reduction_ratio",0.033900047428275515,0.0677970348685013,0.004847779360650723,0.020456853675320578,0.6967295166786687
perm_com.google.android.providers.gsf.permission.READ_GSERVICES,0,0.16327214110763166,0.12999480230467916,237.4,373.5578134639938,"pearson_r, mutual_information, entropy_reduction_ratio",0.15844499084577193,0.2204872278981664,0.009384577004779014,0.05221357128820566,0.3758303385012353
intent_com.tencent.android.tpush.action.INTERNAL_PUSH_MESSAGE,0,0.1620968558772174,0.2767472346513058,170.8,137.5345774705401,"pearson_r, entropy_reduction_ratio, f_stat",0.0449799186243449,0.0171107825510197,0.0062766039363393806,0.027112311556546174,0.7150046627178368
n_receivers,0,0.16193432392857826,0.24515006365613493,190.0,147.2290732158564,"pearson_r, entropy_reduction_ratio, mutual_information",0.1407124983636501,0.013525276217502248,0.00766907738506815,0.006262294169860645,0.6415024735068101
perm_android.permission.ACCESS_MOCK_LOCATION,0,0.16191911620555305,0.25268145125799624,148.4,34.33132680220792,"pearson_r, mutual_information, entropy_reduction_ratio",0.016840725220510968,0.1204161169514381,0.002423074856205081,0.01003818113379632,0.6598774828658148
intent_com.baidu.android.pushservice.action.PUSH_SERVICE,0,0.16121692778630584,0.27014052609817063,153.8,85.63270403298031,"pearson_r, entropy_reduction_ratio, mutual_information",0.03950869513132436,0.03857466925924414,0.005198220704217077,0.02189017415423687,0.7009128796825067
intent_android.intent.action.DELETE,0,0.16118109637061956,0.27015680237160383,153.7,86.23433191020847,"pearson_r, entropy_reduction_ratio, mutual_information",0.03950869513132436,0.038395512180812684,0.005198220704217077,0.02189017415423687,0.7009128796825068
perm_android.permission.ACCESS_SUPERUSER,0,0.1609727286355128,0.27025180969655815,154.9,88.61850822486238,"pearson_r, entropy_reduction_ratio, mutual_information",0.03950869513132436,0.037353673505278906,0.005198220704217077,0.02189017415423687,0.7009128796825068
intent_com.baidu.android.pushservice.action.notification.CLICK,0,0.16017764954118002,0.278602201620034,187.0,178.29357812327396,"pearson_r, entropy_reduction_ratio, f_stat",0.049507226972529024,0.0009237934928471998,0.006497775880271346,0.02763363657942612,0.7163258147808265
perm_com.android.launcher.permission.WRITE_SETTINGS,0,0.1599928908426106,0.27870803784786724,233.1,270.3934910459199,"pearson_r, entropy_reduction_ratio, f_stat",0.049507226972529024,0.0,0.006497775880271346,0.02763363657942612,0.7163258147808265
intent_org.agoo.android.intent.action.ELECTION_V2,0,0.15955683280855423,0.2627421603832007,145.8,34.631777315061385,"pearson_r, mutual_information, entropy_reduction_ratio",0.02955927551837126,0.06459660803787123,0.003898665528162807,0.01625823564891967,0.6834713793094462
intent_cn.jpush.android.intent.NOTIFICATION_RECEIVED_PROXY,0,0.1593937245049842,0.2587231027106247,145.8,16.868906307167634,"pearson_r, mutual_information, entropy_reduction_ratio",0.026421239505613855,0.0798976198881929,0.002918821605618814,0.013605829425233175,0.6741251121002623
intent_com.xiaomi.mipush.RECEIVE_MESSAGE,0,0.15896255326920156,0.2668672046748343,154.4,71.33049838603401,"pearson_r, mutual_information, entropy_reduction_ratio",0.036140211284131384,0.04382071154694785,0.003978233481575122,0.018893233788956035,0.6919803762443973
perm_android.permission.READ_SETTINGS,0,0.1588906151600163,0.2772001163900112,189.4,166.1018964370967,"pearson_r, entropy_reduction_ratio, f_stat",0.04432220332226781,0.00543246717707555,0.006000707122293323,0.026155362829054375,0.7125423353493905
intent_com.tencent.android.tpush.action.SDK,0,0.15867469936701345,0.27861838879964573,236.5,268.7221613488549,"pearson_r, entropy_reduction_ratio, f_stat",0.0449799186243449,0.0,0.0062766039363393806,0.027112311556546174,0.7150046627178368
intent_cn.jpush.android.intent.REPORT,0,0.15757366204752468,0.25025304869305176,160.2,29.818786024920602,"pearson_r, mutual_information, entropy_reduction_ratio",0.016461248798266857,0.10942317688502018,0.0018066482995234229,0.008284658555772475,0.6518925776990404
intent_org.agoo.android.intent.action.PING,0,0.15730151524911418,0.2635946122301339,154.2,50.92897014470252,"pearson_r, mutual_information, entropy_reduction_ratio",0.02955927551837126,0.053320020240670965,0.003898665528162807,0.01625823564891967,0.6834713793094462
perm_com.meizu.flyme.push.permission.RECEIVE,0,0.15641747157747118,0.2427546997417031,212.8,74.22506315254975,"pearson_r, mutual_information, entropy_reduction_ratio",0.00879464570401652,0.13668788785410607,0.0010586970220539328,0.004516090051380718,0.6310300372557986
perm_android.permission.GET_ACCOUNTS,0,0.15591785648424497,0.2649767936796608,166.8,78.2084394423006,"pearson_r, mutual_information, entropy_reduction_ratio",0.034901304211216434,0.03989598504704526,0.002799280500673395,0.016780195103372787,0.685212517558917
intent_android.intent.action.MEDIA_BUTTON,0,0.15575543910606385,0.25522765654837354,155.6,15.49967741599805,"pearson_r, mutual_information, entropy_reduction_ratio",0.018932872576720598,0.08353481203861668,0.0025598130996725187,0.010767375358720655,0.6629823224565887
intent_com.excelliance.kxqp.action.navback,0,0.15423291709672013,0.22252675602821806,532.6,251.24298995195863,"pearson_r, mutual_information, entropy_reduction_ratio",0.0,0.19959527656730708,0.0,0.0,0.5715693089162935
intent_com.huawei.intent.action.PUSH,0,0.15421561134747502,0.2703290403309852,183.0,132.83824750424856,"pearson_r, entropy_reduction_ratio, f_stat",0.03593617245103449,0.016526992535155563,0.004401987649333986,0.019714054028250765,0.6944988500736003
perm_com.android.permission.WRITE_APN_SETTINGS,0,0.15406465605234515,0.2224927076548772,532.8,250.84768286751225,"pearson_r, mutual_information, entropy_reduction_ratio",0.0,0.19875397134543216,0.0,0.0,0.5715693089162935
perm_android.permission.WRITE_APN_SETTINGS,0,0.15358986068432184,0.23413534760987484,241.1,96.99814431214651,"pearson_r, mutual_information, entropy_reduction_ratio",0.0028844836987109343,0.1570727549257594,0.00036985201678784314,0.0015170877440928033,0.6061051250362582
perm_com.android.launcher2.permission.READ_SETTINGS,0,0.15289493367590418,0.24508871535382684,195.0,49.27473997901968,"pearson_r, mutual_information, entropy_reduction_ratio",0.009805485647765637,0.11200704556747684,0.0012995551760542692,0.005316184925573049,0.6360463970626511
intent_com.tencent.android.tpush.action.FEEDBACK,0,0.15253039702877808,0.26782029540518454,181.8,119.13672817397665,"pearson_r, entropy_reduction_ratio, mutual_information",0.029864718493200246,0.023132911641281707,0.004145828168164772,0.01760444496799857,0.687904081873245
intent_com.tencent.android.tpush.action.PUSH_MESSAGE,0,0.15220289792865685,0.2679792804931145,183.6,122.72098435068062,"pearson_r, entropy_reduction_ratio, mutual_information",0.029864718493200246,0.021495416140675627,0.004145828168164772,0.01760444496799857,0.687904081873245
intent_android.intent.action.DOWNLOAD_NOTIFICATION_CLICKED,0,0.1519860266160109,0.2658957731592027,181.6,105.19429642333276,"pearson_r, entropy_reduction_ratio, mutual_information",0.02955927551837126,0.026742577075154494,0.003898665528162807,0.01625823564891967,0.6834713793094462
intent_com.tencent.mm.plugin.openapi.Intent.ACTION_REFRESH_WXAPP,0,0.15177007554045568,0.2715364769509616,198.6,162.97680816607004,"pearson_r, entropy_reduction_ratio, f_stat",0.03535140396914372,0.005008126525309365,0.004449435057453847,0.019671553843097794,0.6943698583072736
intent_com.qihoo.appstore.download_one_apk,0,0.15156456576206728,0.22204628373145538,534.2,248.08095452896015,"pearson_r, mutual_information, entropy_reduction_ratio",0.0,0.18625351989404293,0.0,0.0,0.5715693089162935
intent_android.intent.action.NEW_OUTGOING_CALL,0,0.15127784119785737,0.27310662852548456,246.9,263.55083001197323,"pearson_r, entropy_reduction_ratio, f_stat",0.03404517290827405,0.0,0.004846149712410162,0.020535315683215937,0.6969625676853867
intent_com.inmobi.share.id,0,0.15116176315657537,0.26438846779636926,181.6,92.00891261176821,"pearson_r, mutual_information, entropy_reduction_ratio",0.02518403773145876,0.03229618893654246,0.003617986523661612,0.015125017725243592,0.6795855848659704
intent_cn.jpush.android.intent.DaemonService,0,0.1508908208751049,0.25376369566770995,172.4,19.100785324169266,"pearson_r, mutual_information, entropy_reduction_ratio",0.01810094723439881,0.0688542130397901,0.0020303882305944296,0.009219675119931573,0.6562488807508094
intent_android.intent.action,0,0.15068532864543369,0.26681287811003745,190.0,120.76920137187295,"pearson_r, entropy_reduction_ratio, mutual_information",0.027723414486813914,0.021286636528589316,0.003893776583441122,0.016440405432486576,0.6840824101958375
intent_com.datouniao.AdPublisher.service.check,0,0.14975594470951528,0.2571150972600636,174.4,42.558665392608354,"pearson_r, mutual_information, entropy_reduction_ratio",0.019658393440920546,0.05294242911425,0.0025991103521085385,0.010734604543319239,0.6628451860969781
perm_android.permission.ACCESS_MTK_MMHW,0,0.14949890714560604,0.24574849558875284,200.8,38.519605397771144,"pearson_r, mutual_information, entropy_reduction_ratio",0.009805485647765637,0.09502691291598622,0.0012995551760542692,0.005316184925573049,0.6360463970626511
perm_android.permission.AUTHENTICATE_ACCOUNTS,0,0.1494761920162571,0.2619123878742774,184.8,88.83557845818306,"pearson_r, mutual_information, entropy_reduction_ratio",0.02517161923508907,0.03307464382551767,0.002958816134302745,0.013276488488196203,0.6728993923981798
intent_android.intent.action.ACTION_SHUTDOWN,0,0.148876384021278,0.24671707233337548,184.8,24.16940214403327,"pearson_r, mutual_information, entropy_reduction_ratio",0.010406034499272212,0.08890479738715835,0.0013543198806265837,0.005656205299400492,0.6380605630399324
n_providers,0,0.14884979830359177,0.2012674941311621,335.6,314.008662300899,"pearson_r, mutual_information, entropy_reduction_ratio",0.07181051063589466,0.13061993118657622,0.0009741187433279579,0.0013044724434031418,0.5395399585087569
intent_android.intent.action.UMS_DISCONNECTED,0,0.14817642672855394,0.24605567498686579,204.8,31.454093533274808,"pearson_r, mutual_information, entropy_reduction_ratio",0.009805485647765637,0.08841451083072566,0.0012995551760542692,0.005316184925573049,0.6360463970626511
intent_com.google.android.c2dm.intent.REGISTRATION,0,0.1479160093882021,0.15394157940278858,262.8,359.38692241093025,"pearson_r, mutual_information, entropy_reduction_ratio",0.09513967711582025,0.18260593555653962,0.005549655463491717,0.0264488170097076,0.4298359617954513
intent_com.huawei.android.push.intent.REGISTRATION,0,0.14709935383404313,0.2626816161536952,199.2,112.97946716107313,"pearson_r, entropy_reduction_ratio, mutual_information",0.025146670372438267,0.022142744491977936,0.002875572267742397,0.013099125399755359,0.6722326566383017
intent_com.telecom.sdk_auth_ui.SMS_UNSUB_SEND_RESULT_ACTION,0,0.1468541382551492,0.22150960480458348,535.8,244.91990527517356,"pearson_r, mutual_information, entropy_reduction_ratio",0.0,0.16270138235945256,0.0,0.0,0.5715693089162935
intent_com.huawei.android.push.intent.CLICK,0,0.14672421350879897,0.2532749303935942,187.6,34.027048064738146,"pearson_r, mutual_information, entropy_reduction_ratio",0.016228321789552858,0.0553468407721332,0.0018517523933325613,0.00828757812557727,0.651906574463399
perm_com.android.launcher3.permission.UNINSTALL_SHORTCUT,0,0.14671883649318557,0.2583275741992229,188.6,70.25126333383622,"pearson_r, mutual_information, entropy_reduction_ratio",0.019658393440920546,0.03775688803260139,0.0025991103521085385,0.010734604543319239,0.6628451860969781
perm_com.android.launcher3.permission.READ_SETTINGS,0,0.14663751120097998,0.2686163094331975,258.1,257.9012214007526,"pearson_r, entropy_reduction_ratio, f_stat",0.02955927551837126,0.0,0.003898665528162807,0.01625823564891967,0.6834713793094462
intent_org.agoo.android.intent.action.RE_ELECTION_V2,0,0.14663751120097998,0.2686163094331975,258.1,257.9012214007526,"pearson_r, entropy_reduction_ratio, f_stat",0.02955927551837126,0.0,0.003898665528162807,0.01625823564891967,0.6834713793094462
intent_android.intent.action.TIME_TICK,0,0.14663751120097998,0.2686163094331975,258.1,257.9012214007526,"pearson_r, entropy_reduction_ratio, f_stat",0.02955927551837126,0.0,0.003898665528162807,0.01625823564891967,0.6834713793094462
intent_com.baidu.location.service_v2.2,0,0.1464280013397158,0.2690044543108166,258.7,257.75950030988184,"pearson_r, entropy_reduction_ratio, f_stat",0.027723414486813914,0.0,0.003893776583441122,0.016440405432486576,0.6840824101958375
intent_android.intent.action.PHONE_STATE,0,0.14641739178846153,0.24480087603923803,226.6,39.47961499305686,"pearson_r, mutual_information, entropy_reduction_ratio",0.008863732482649683,0.08544733442048204,0.0011095560503635296,0.004665707042410969,0.6320006289464014
intent_android.fbreader.action.CLOSE,0,0.1461158086978645,0.24659009052030245,209.6,23.77057003944163,"pearson_r, mutual_information, entropy_reduction_ratio",0.009805485647765637,0.07811142067727841,0.0012995551760542692,0.005316184925573049,0.6360463970626511
suspicious_getSimCountryIso,0,0.1460295836152282,0.15215352701261317,261.4,360.4267470651977,"pearson_r, mutual_information, entropy_reduction_ratio",0.08582886427488647,0.1859387493591712,0.005762108807813168,0.028860312682127468,0.4237578829521426
intent_android.intent.action.DOWNLOAD_COMPLETE,0,0.145975537959491,0.2637443978242973,202.6,124.86889124197428,"pearson_r, entropy_reduction_ratio, mutual_information",0.023945733923326412,0.016128795391588315,0.003124638423767064,0.013382574914587853,0.6732959471441854
intent_com.qihoo.commonservice.SERVICE,0,0.14596348855825034,0.24663228179673888,210.6,22.357101779971394,"pearson_r, mutual_information, entropy_reduction_ratio",0.009805485647765637,0.07734981997920766,0.0012995551760542692,0.005316184925573049,0.6360463970626511
intent_android.intent.action.SIM_STATE_CHANGED,0,0.1459481009175622,0.25865705755904056,194.0,80.91106228446145,"pearson_r, mutual_information, entropy_reduction_ratio",0.019658393440920546,0.03390321015448455,0.0025991103521085385,0.010734604543319239,0.6628451860969781
perm_android.permission.BODY_SENSORS,0,0.1458744544348865,0.2279070800625102,272.8,110.05162424971292,"pearson_r, mutual_information, entropy_reduction_ratio",0.0007500540321779314,0.13935319486791356,9.243230876777209e-05,0.0003770140192001879,0.588799576946373
intent_safiap.framework.sdk.ISAFFramework,0,0.14573277577213253,0.22144072305237913,536.2,244.12980154008235,"pearson_r, mutual_information, entropy_reduction_ratio",0.0,0.15709456994436907,0.0,0.0,0.5715693089162935
intent_com.qihoo.psdk.service.action.local,0,0.1455054792608504,0.24676136835130388,211.6,21.039011383617815,"pearson_r, mutual_information, entropy_reduction_ratio",0.009805485647765637,0.07505977349220795,0.0012995551760542692,0.005316184925573049,0.6360463970626511
intent_com.huawei.android.push.intent.RECEIVE,0,0.14545776117312886,0.26348181431862056,206.8,128.1107333520498,"pearson_r, entropy_reduction_ratio, mutual_information",0.025146670372438267,0.013934781187406662,0.002875572267742397,0.013099125399755359,0.6722326566383017
intent_cn.jpush.android.intent.PushService,0,0.1450603833020972,0.253885718080285,195.8,46.591415518311955,"pearson_r, mutual_information, entropy_reduction_ratio",0.016461248798266857,0.04685678315788279,0.0018066482995234229,0.008284658555772475,0.6518925776990404
perm_com.google.android.googleapps.permission.GOOGLE_AUTH.print,0,0.14496745719839238,0.22140674310376293,536.8,242.9447673855109,"pearson_r, mutual_information, entropy_reduction_ratio",0.0,0.15326797707566842,0.0,0.0,0.5715693089162935
intent_android.intent.action.UMS_CONNECTED,0,0.14488464658688566,0.24694166241282067,213.2,19.177069640588993,"pearson_r, mutual_information, entropy_reduction_ratio",0.009805485647765637,0.07195561012238427,0.0012995551760542692,0.005316184925573049,0.6360463970626511
perm_android.permission.CHANGE_COMPONENT_ENABLED_STATE,0,0.14450183546761514,0.25929892685627354,201.6,95.96686928310206,"pearson_r, mutual_information, entropy_reduction_ratio",0.019658393440920546,0.026671882904749363,0.0025991103521085385,0.010734604543319239,0.6628451860969781
perm_android.permission.BLUETOOTH_ADMIN,0,0.1438243431739467,0.2656546644072089,266.5,253.7636695825468,"pearson_r, entropy_reduction_ratio, f_stat",0.027917118092225402,0.0,0.002655347004729065,0.013780479951518548,0.6747687708212606
intent_com.qihoo.appstore.batteryrank.POWERPERCENT,0,0.14382328962550953,0.22137567164932945,537.2,242.1548265056883,"pearson_r, mutual_information, entropy_reduction_ratio",0.0,0.14754713921125406,0.0,0.0,0.5715693089162935
perm_android.permission.WRITE_CONTACTS,0,0.14369720886362627,0.2484415715326162,199.0,19.849433241279208,"pearson_r, mutual_information, entropy_reduction_ratio",0.011303276152208124,0.06140194488163826,0.0013237190499880125,0.0057650338517791005,0.6386920703825179
intent_cn.jpush.android.intent.NOTIFICATION_OPENED,0,0.14355520367617608,0.25339792583261456,204.0,49.88787427822517,"pearson_r, mutual_information, entropy_reduction_ratio",0.015498332469116399,0.04320326449250237,0.00171447924486533,0.007804356561162822,0.6495555856132336
perm_android.permission.MANAGE_DEVICE_ADMINS,0,0.14298779573670597,0.2213679238083088,537.6,241.36495188821428,"pearson_r, mutual_information, entropy_reduction_ratio",0.0,0.1433696697672363,0.0,0.0,0.5715693089162935
intent_android.intent.action.PACKAGE_RESTARTED,0,0.14284101368986743,0.26007375086175,211.4,115.43673592058985,"pearson_r, entropy_reduction_ratio, mutual_information",0.019658393440920546,0.01836777401601082,0.0025991103521085385,0.010734604543319239,0.6628451860969781
intent_android.bluetooth.adapter.action.STATE_CHANGED,0,0.14238258590824665,0.26341672980790226,219.2,149.35916443258512,"pearson_r, entropy_reduction_ratio, f_stat",0.02161218641819673,0.006067144607943633,0.00289967741888378,0.012272677277008913,0.6690612438192003
perm_android.permission.SUBSCRIBED_FEEDS_WRITE,0,0.14236947756640222,0.2478040964377146,220.8,31.17627302934076,"pearson_r, mutual_information, entropy_reduction_ratio",0.00909536055025155,0.05998762813303129,0.001297925527813707,0.005330995493004935,0.6361354781279096
perm_android.permission.WRITE_APN_SETTING,0,0.14209271599756443,0.2213736180007537,538.8,238.99573217946804,"pearson_r, mutual_information, entropy_reduction_ratio",0.0,0.13889427107152863,0.0,0.0,0.5715693089162935
intent_cn.jpush.android.intent.REGISTRATION,0,0.14141858093899393,0.25159487835415995,210.2,52.02460956124515,"pearson_r, mutual_information, entropy_reduction_ratio",0.013358366547384797,0.04172394684354764,0.0014789169402843535,0.0066918750658326535,0.6438397992979202
intent_android.accessibilityservice.AccessibilityService,0,0.14136722651791117,0.25446431556553034,213.0,74.61635209523446,"pearson_r, mutual_information, entropy_reduction_ratio",0.013733292628781141,0.033493346768267034,0.0018926291376053683,0.007864524867459984,0.6498523391874422
perm_com.google.android.finsky.permission.BIND_GET_INSTALL_REFERRER_SERVICE,0,0.14126701208531148,0.12388997829250298,253.6,367.1743999790835,"pearson_r, entropy_reduction_ratio, mutual_information",0.17791162162439844,0.09499443623080321,0.010323583075385095,0.05951107938089515,0.3635943401150754
intent_com.adroid.SERVICE,0,0.14102147965710726,0.24820023157502763,226.2,22.771912523984454,"pearson_r, mutual_information, entropy_reduction_ratio",0.009805485647765637,0.0526397754734923,0.0012995551760542692,0.005316184925573049,0.6360463970626511
perm_com.nd.android.launcher.permission.WRITE_SETTINGS,0,0.1409854697803734,0.22140069027800266,539.4,237.81135380801314,"pearson_r, mutual_information, entropy_reduction_ratio",0.0,0.13335803998557347,0.0,0.0,0.5715693089162935
perm_com.yulong.android.launcher3.READ_SETTINGS,0,0.1408886860260517,0.22140410914556033,539.6,237.41659588158532,"pearson_r, mutual_information, entropy_reduction_ratio",0.0,0.13287412121396497,0.0,0.0,0.5715693089162935
intent_com.secneo.proxy.action.CUSTOM,0,0.14072654850038507,0.22141021571793829,539.8,237.0218555323538,"pearson_r, mutual_information, entropy_reduction_ratio",0.0,0.13206343358563177,0.0,0.0,0.5715693089162935
intent_android.intent.action.EXTERNAL_APPLICATIONS_AVAILABLE,0,0.14062263888899068,0.2483434953915618,227.6,24.80806320533709,"pearson_r, mutual_information, entropy_reduction_ratio",0.009805485647765637,0.05064557163290946,0.0012995551760542692,0.005316184925573049,0.6360463970626511
intent_android.intent.action.SCREEN_OFF,0,0.14062143003533123,0.2637016660328282,271.9,251.0841293272038,"pearson_r, entropy_reduction_ratio, f_stat",0.02046382117623277,0.0,0.002855830178881196,0.011959052597376143,0.667828446224166
intent_android.intent.action.CONFIGURATION_CHANGED,0,0.14060117648664686,0.24841644388557968,227.8,35.22442334517344,"pearson_r, mutual_information, entropy_reduction_ratio",0.00909536055025155,0.05114612273425444,0.001297925527813707,0.005330995493004935,0.6361354781279096
intent_com.sogou.androidtool.action.main,0,0.14048753257029253,0.22142008351470968,540.2,236.23242791793,"pearson_r, mutual_information, entropy_reduction_ratio",0.0,0.13086835393516918,0.0,0.0,0.5715693089162935
suspicious_system/bin/su,0,0.14044869057005943,0.14878199778815562,261.6,360.5427020478989,"pearson_r, mutual_information, entropy_reduction_ratio",0.1056239487643252,0.13905436079336853,0.006114027205541723,0.029669931372964295,0.4217811847140975
perm_com.android.launcher3.permission.INSTALL_SHORTCUT,0,0.14044710250981732,0.26126085602400545,226.0,144.50813125910943,"pearson_r, entropy_reduction_ratio, f_stat",0.019658393440920546,0.006398218115760185,0.0025991103521085385,0.010734604543319239,0.6628451860969781
intent_android.intent.action.ACTION_VIEW_DOWNLOADS,0,0.14041937026868448,0.22142308664357735,540.6,235.44307167551142,"pearson_r, mutual_information, entropy_reduction_ratio",0.0,0.13052754242712886,0.0,0.0,0.5715693089162935
intent_com.baidu.action.Xshield.VIEW,0,0.14037832881651674,0.2484324758573029,228.2,25.72469630530164,"pearson_r, mutual_information, entropy_reduction_ratio",0.009805485647765637,0.04942402127053957,0.0012995551760542692,0.005316184925573049,0.6360463970626511
intent_com.qihoo.commonreceiver.ARRIVED,0,0.14022868485950862,0.2484874366216954,228.8,26.663833182796505,"pearson_r, mutual_information, entropy_reduction_ratio",0.009805485647765637,0.04867580148549909,0.0012995551760542692,0.005316184925573049,0.6360463970626511
perm_com.google.android.providers.talk.permission.READ_ONLY,0,0.14002205134143625,0.22144226147901852,541.0,234.65378752536682,"pearson_r, mutual_information, entropy_reduction_ratio",0.0,0.12854094779088762,0.0,0.0,0.5715693089162935
intent_android.intent.action.RESPOND_VIA_MESSAGE,0,0.13998411305864072,0.26149994027945134,229.6,151.6840136599767,"pearson_r, entropy_reduction_ratio, f_stat",0.019658393440920546,0.004083270859877239,0.0025991103521085385,0.010734604543319239,0.6628451860969781
intent_com.qihoo.appstore.NOTIFY_DELETE,0,0.13973419686559327,0.22145793366648292,541.2,234.2591727126176,"pearson_r, mutual_information, entropy_reduction_ratio",0.0,0.1271016754116729,0.0,0.0,0.5715693089162935
intent_cn.jpush.android.intent.CONNECTION,0,0.13965806011204843,0.24803960767979105,241.4,27.738781516137294,"pearson_r, mutual_information, entropy_reduction_ratio",0.010272132521380215,0.04714858131344799,0.0011293170195854313,0.005087260051850352,0.6346530096539781
intent_android.intent.action.CREATE_SHORTCUT,0,0.13949995944643445,0.2513870186706682,217.8,61.76860043743908,"pearson_r, mutual_information, entropy_reduction_ratio",0.011963896249901337,0.03604445877418571,0.0014794080671513726,0.0063001511011305696,0.6417118830398033
perm_com.android.launcher.permission.CREATE_SHORTCUT,0,0.1394244540350384,0.221476467852043,541.4,233.86457619742242,"pearson_r, mutual_information, entropy_reduction_ratio",0.0,0.12555296125889837,0.0,0.0,0.5715693089162935
intent_com.yuetu.shentu.Intent.WECHAT_SHARE,0,0.13931813800451098,0.2214832285946485,541.8,233.07543843142287,"pearson_r, mutual_information, entropy_reduction_ratio",0.0,0.12502138110626132,0.0,0.0,0.5715693089162935
perm_android.permission.WRITE_MEDIA_STORAGE,0,0.13926823947801548,0.26034654465885965,232.8,138.34363013886835,"pearson_r, entropy_reduction_ratio, f_stat",0.016840725220510968,0.00716173331375023,0.002423074856205081,0.01003818113379632,0.6598774828658148
intent_android.intent.action.SENDTO,0,0.1391674588866653,0.2619291019375591,277.9,248.09562672485782,"pearson_r, entropy_reduction_ratio, f_stat",0.019658393440920546,0.0,0.0025991103521085385,0.010734604543319239,0.6628451860969781
intent_android.intent.action.MEDIA_EJECT,0,0.1390484766983405,0.26205118134002553,278.1,248.1697805938507,"pearson_r, entropy_reduction_ratio, f_stat",0.018932872576720598,0.0,0.0025598130996725187,0.010767375358720655,0.6629823224565887
intent_aspire.iap.SMS_DELIVERED_ACTION,0,0.13873325207035597,0.22152406835141153,542.0,232.68089736804782,"pearson_r, mutual_information, entropy_reduction_ratio",0.0,0.12209695143548635,0.0,0.0,0.5715693089162935
intent_cn.jpush.android.ui.PushActivity,0,0.13859070568429815,0.26105710556816003,281.1,246.44114916141746,"pearson_r, entropy_reduction_ratio, f_stat",0.020041822088018545,0.0,0.002210408241250449,0.010185841463871465,0.6605154566283502
intent_android.intent.action.PACKAGE_REPLACED,0,0.138232260432486,0.26108460314063786,283.9,245.13677814640545,"pearson_r, entropy_reduction_ratio, f_stat",0.01841800605903783,0.0,0.0023790782932302276,0.01012237294408559,0.6602418448660762
intent_android.intent.action.BATTERY_CHANGED,0,0.13783589281526545,0.2610880587275502,285.9,244.22047416217993,"pearson_r, entropy_reduction_ratio, f_stat",0.016840725220510968,0.0,0.002423074856205081,0.01003818113379632,0.6598774828658148
perm_com.s.launcher.permission.READ_SETTINGS,0,0.13782802400588412,0.22159943570055188,543.0,230.70847405329525,"pearson_r, mutual_information, entropy_reduction_ratio",0.0,0.11757081111312705,0.0,0.0,0.5715693089162935
intent_com.qihoo.appstore.download_some_apk,0,0.13768851047279324,0.22161236443300986,543.2,230.31404646699255,"pearson_r, mutual_information, entropy_reduction_ratio",0.0,0.11687324344767265,0.0,0.0,0.5715693089162935
intent_com.qihoo360.daemon.pcdaemon.ACTION_START_SERVICE2,0,0.13748526106856157,0.221631826893418,543.4,229.91963813471872,"pearson_r, mutual_information, entropy_reduction_ratio",0.0,0.11585699642651427,0.0,0.0,0.5715693089162935
intent_com.example.servicejar.action.SHORTCUT_CLICKED,0,0.13727355044066514,0.22165289044957034,543.8,229.1308796299617,"pearson_r, mutual_information, entropy_reduction_ratio",0.0,0.11479844328703212,0.0,0.0,0.5715693089162935
intent_com.xiaomi.push.PING_TIMER,0,0.13711997826714686,0.2596420306742506,286.7,243.69932293709806,"pearson_r, entropy_reduction_ratio, f_stat",0.01810094723439881,0.0,0.0020303882305944296,0.009219675119931573,0.6562488807508094
intent_android.intent.action.DATE_CHANGED,0,0.13698897824115447,0.2465101728223364,264.8,26.969612529660118,"pearson_r, mutual_information, entropy_reduction_ratio",0.007820409133754204,0.0427915320541944,0.001017707884914863,0.004224572542908908,0.6290906695899999
intent_android.app.action.DEVICE_ADMIN_ENABLED,0,0.13697213101053135,0.22885530650527955,286.4,84.84715669956184,"pearson_r, mutual_information, entropy_reduction_ratio",0.0007500540321779314,0.09484157774613795,9.243230876777209e-05,0.0003770140192001879,0.588799576946373
perm_com.google.android.googleapps.permission.GOOGLE_AUTH.wise,0,0.1369683130881389,0.2216846792370311,544.6,227.5535980818585,"pearson_r, mutual_information, entropy_reduction_ratio",0.0,0.11327225652440098,0.0,0.0,0.5715693089162935
perm_com.qihoo360.launcher.permission.WRITE_SETTINGS,0,0.1369236864726231,0.22168946732800737,545.0,226.7650766762819,"pearson_r, mutual_information, entropy_reduction_ratio",0.0,0.11304912344682197,0.0,0.0,0.5715693089162935
intent_android.intent.action.PACKAGE_CHANGED,0,0.13690040978216766,0.24979940387992866,248.2,62.07865977934768,"pearson_r, mutual_information, entropy_reduction_ratio",0.009805485647765637,0.032034426098794255,0.0012995551760542692,0.005316184925573049,0.6360463970626511
intent_com.qihoo360.daemon.pcdaemon.ACTION_START_UI2,0,0.13680912086352282,0.2217019233858852,545.6,225.58244612557957,"pearson_r, mutual_information, entropy_reduction_ratio",0.0,0.11247629540132054,0.0,0.0,0.5715693089162935
intent_com.meizu.cloud.pushservice.action.PUSH_SERVICE_START,0,0.13675432444768454,0.25947597368966574,287.7,243.2162823496815,"pearson_r, entropy_reduction_ratio, f_stat",0.017028033986714822,0.0,0.0021040098222566725,0.00907037662400705,0.6555692018054441
intent_com.meizu.c2dm.intent.REGISTRATION,0,0.13668726739587783,0.24788197267023013,261.6,39.39847712792971,"pearson_r, mutual_information, entropy_reduction_ratio",0.009158994997286257,0.036757777756539406,0.0010708209205492433,0.004636475110313227,0.6318122681947009
intent_com.qihoo.appstore.notification.click_action,0,0.13664919465710587,0.22171970605136126,546.0,224.79412803718873,"pearson_r, mutual_information, entropy_reduction_ratio",0.0,0.11167666436923587,0.0,0.0,0.5715693089162935
intent_download.service.action,0,0.13652723760995183,0.24995712700880032,249.4,64.39751548002454,"pearson_r, mutual_information, entropy_reduction_ratio",0.009805485647765637,0.030168565237715144,0.0012995551760542692,0.005316184925573049,0.6360463970626511
intent_com.huawei.intent.action.PUSH_STATE,0,0.136386754913763,0.25892024006252634,288.7,242.70055624163697,"pearson_r, entropy_reduction_ratio, f_stat",0.017156049087510557,0.0,0.0019408626859543734,0.008749299126500047,0.65408756366885
perm_com.fede.launcher.permission.WRITE_SETTINGS,0,0.13625943233414944,0.22176497111357746,546.6,223.61180648615135,"pearson_r, mutual_information, entropy_reduction_ratio",0.0,0.10972785275445378,0.0,0.0,0.5715693089162935
intent_com.excelliance.open.action.fw,0,0.1361646791112793,0.2217763879024204,547.0,222.82369712398187,"pearson_r, mutual_information, entropy_reduction_ratio",0.0,0.10925408664010289,0.0,0.0,0.5715693089162935
perm_android.permission.MODE_WORLD_READABLE,0,0.13615219241211482,0.2217779044532176,547.2,222.42967427931015,"pearson_r, mutual_information, entropy_reduction_ratio",0.0,0.10919165314428061,0.0,0.0,0.5715693089162935
intent_com.telecom.sdk_auth_ui.SMS_SEND_ACTIOIN,0,0.13606169945271207,0.22178897884596116,547.4,222.03567280957355,"pearson_r, mutual_information, entropy_reduction_ratio",0.0,0.10873918834726684,0.0,0.0,0.5715693089162935
intent_com.kingroot.kinguser.gamebox.ACTION_GAME_ADDED,0,0.1357707492494834,0.22182558176624925,547.6,221.6416928287636,"pearson_r, mutual_information, entropy_reduction_ratio",0.0,0.10728443733112349,0.0,0.0,0.5715693089162935
intent_cn.jpush.android.intent.REGISTER,0,0.13568902667052063,0.25816632054650174,293.5,240.37803560225714,"pearson_r, entropy_reduction_ratio, f_stat",0.016461248798266857,0.0,0.0018066482995234229,0.008284658555772475,0.6518925776990404
intent_cn.jpush.android.intent.PUSH_TIME,0,0.13568902667052063,0.25816632054650174,293.5,240.37803560225714,"pearson_r, entropy_reduction_ratio, f_stat",0.016461248798266857,0.0,0.0018066482995234229,0.008284658555772475,0.6518925776990404
intent_android.intent.action.ERROR_NOTIFY,0,0.13563264692120175,0.22184348777222965,548.0,220.8537977939252,"pearson_r, mutual_information, entropy_reduction_ratio",0.0,0.10659392568971517,0.0,0.0,0.5715693089162935
perm_qiku.permission.RECEIVE_ACTIVITY_RESUMED,0,0.13558849507569112,0.22184928462980566,548.2,220.45988297193665,"pearson_r, mutual_information, entropy_reduction_ratio",0.0,0.10637316646216215,0.0,0.0,0.5715693089162935
intent_android.provider.Telephony.WAP_PUSH_DELIVER,0,0.1354680904263768,0.24237352025818268,269.8,22.749945054878705,"pearson_r, mutual_information, entropy_reduction_ratio",0.005135082740323538,0.04982113692529759,0.0006943640941704587,0.0028477823229696225,0.6188420860491228
perm_com.google.android.launcher.permission.READ_SETTINGS,0,0.13545936247057594,0.22186643976649933,548.6,219.67211930511345,"pearson_r, mutual_information, entropy_reduction_ratio",0.0,0.10572750343658606,0.0,0.0,0.5715693089162935
intent_safiap.framework.ACTION_NETWORK_ERROR,0,0.13456258647662644,0.22199382774813653,549.0,218.88444439932226,"pearson_r, mutual_information, entropy_reduction_ratio",0.0,0.1012436234668387,0.0,0.0,0.5715693089162935
intent_com.qihoo.appstore.ACTION_CHARGE_SHOW_TIPS_DLG,0,0.13447010489501124,0.2220077848870055,549.2,218.49064053180857,"pearson_r, mutual_information, entropy_reduction_ratio",0.0,0.10078121555876261,0.0,0.0,0.5715693089162935
intent_android.net.wifi.WIFI_STATE_CHANGED,0,0.1343468249073337,0.24811582620055136,277.0,56.685095042700596,"pearson_r, mutual_information, entropy_reduction_ratio",0.008264493513012427,0.027791420009343756,0.0010520049111283362,0.004394838532433538,0.6302313675707505
intent_ACTION.TAPCORE.MESSAGE,0,0.13431208524661664,0.25093703248304705,262.0,89.00561780022652,"pearson_r, mutual_information, entropy_reduction_ratio",0.009805485647765637,0.019092803421039188,0.0012995551760542692,0.005316184925573049,0.6360463970626511
intent_com.igexin.sdk.action.64kVIzqls49c7TJxrBbWG4,0,0.1343056075542889,0.2220329891105165,549.6,217.7031005750722,"pearson_r, mutual_information, entropy_reduction_ratio",0.0,0.09995872885515097,0.0,0.0,0.5715693089162935
intent_android.provider.Telephony.SMS_DELIVER,0,0.13406911525807083,0.24288348599855028,277.0,26.164861933516868,"pearson_r, mutual_information, entropy_reduction_ratio",0.005135082740323538,0.042826261083767705,0.0006943640941704587,0.0028477823229696225,0.6188420860491228
perm_com.meizu.c2dm.permission.RECEIVE,0,0.1340432124786359,0.24554403756008164,278.0,41.77559095931499,"pearson_r, mutual_information, entropy_reduction_ratio",0.007136887251496417,0.03411059011700203,0.0008318907789099488,0.0035814125544111324,0.62455528169136
intent_com.qihoo.appstore.notification.click,0,0.1340292007380268,0.22207643116513415,550.0,216.91565180963775,"pearson_r, mutual_information, entropy_reduction_ratio",0.0,0.09857669477384043,0.0,0.0,0.5715693089162935
intent_android.intent.action.DOWNLOAD_WAKEUP.sogou,0,0.1338250827350301,0.22210938954739493,550.2,216.52196193458067,"pearson_r, mutual_information, entropy_reduction_ratio",0.0,0.09755610475885707,0.0,0.0,0.5715693089162935
perm_android.permission.CHANGE_WIFI_MULTICAST_STATE,0,0.133803496903048,0.23433609528060656,285.2,49.19918698515251,"pearson_r, mutual_information, entropy_reduction_ratio",0.002095164896805974,0.06589130183565495,0.00023881681735885016,0.001011596961923296,0.599780604003497
perm_com.tencent.qqlauncher.permission.WRITE_SETTINGS,0,0.13379775211630968,0.22211385913576895,550.4,216.1282952322532,"pearson_r, mutual_information, entropy_reduction_ratio",0.0,0.09741945166525484,0.0,0.0,0.5715693089162935
perm_android.permission.EXPAND_STATUS_BAR,0,0.13375806520454292,0.2565467787293606,301.1,236.7556546315209,"pearson_r, entropy_reduction_ratio, f_stat",0.01303280210429438,0.0,0.0017359102354261465,0.007251252237508403,0.6467703614454857
perm_android.permission.SYSTEM_OVERLAY_WINDOW,0,0.13375806520454292,0.2565467787293606,301.1,236.7556546315209,"pearson_r, entropy_reduction_ratio, f_stat",0.01303280210429438,0.0,0.0017359102354261465,0.007251252237508403,0.6467703614454857
intent_com.ss.android.socialbase.downloader.remote,0,0.13375806520454292,0.2565467787293606,301.1,236.7556546315209,"pearson_r, entropy_reduction_ratio, f_stat",0.01303280210429438,0.0,0.0017359102354261465,0.007251252237508403,0.6467703614454857
perm_com.android.browser.permission.READ_HISTORY_BOOKMARKS,0,0.13358829866362545,0.2562912702354331,302.1,236.1953428838088,"pearson_r, entropy_reduction_ratio, f_stat",0.013038538525193898,0.0,0.0016941841998378451,0.007119236223213446,0.646089534369882
intent_com.qihoo.appstore.launcher.shortcut.HOME_GAME,0,0.13356273300140883,0.222152845014573,551.2,214.55386270118746,"pearson_r, mutual_information, entropy_reduction_ratio",0.0,0.0962443560907507,0.0,0.0,0.5715693089162935
intent_com.sogou.androidtool.highspeed,0,0.13344473402780893,0.2221727915462281,551.4,214.1603137838568,"pearson_r, mutual_information, entropy_reduction_ratio",0.0,0.09565436122275117,0.0,0.0,0.5715693089162935
intent_android.intent.action.ACTION_MEDIA_EJECT,0,0.13325830264935704,0.2222048130726869,552.2,212.58635892267407,"pearson_r, mutual_information, entropy_reduction_ratio",0.0,0.09472220433049165,0.0,0.0,0.5715693089162935
intent_com.secneo.plugin.action.HOURLY,0,0.13314174437149612,0.22222514866348345,552.6,211.79952785594213,"pearson_r, mutual_information, entropy_reduction_ratio",0.0,0.09413941294118698,0.0,0.0,0.5715693089162935
perm_com.fx.launcher.permission.WRITE_SETTINGS,0,0.1331355311662172,0.2222262394765885,552.8,211.40614939021995,"pearson_r, mutual_information, entropy_reduction_ratio",0.0,0.09410834691479252,0.0,0.0,0.5715693089162935
perm_com.google.android.googleapps.permission.GOOGLE_AUTH.mobile,0,0.13312892667849335,0.22222739974067482,553.0,211.01279582053786,"pearson_r, mutual_information, entropy_reduction_ratio",0.0,0.09407532447617324,0.0,0.0,0.5715693089162935
intent_cn.jpush.android.intent.MESSAGE_RECEIVED,0,0.1330737915702844,0.25542589198808957,302.9,235.75970817762732,"pearson_r, entropy_reduction_ratio, f_stat",0.013358366547384797,0.0,0.0014789169402843535,0.0066918750658326535,0.6438397992979202
intent_com.sogou.androidtool.action.appdetail,0,0.13295608845852927,0.22225804056969115,553.2,210.61946728638355,"pearson_r, mutual_information, entropy_reduction_ratio",0.0,0.09321113337635283,0.0,0.0,0.5715693089162935
intent_cn.jpush.android.intent.NOTIFICATION_RECEIVED,0,0.1328775391077166,0.2538720312962115,258.4,136.70201168966022,"pearson_r, entropy_reduction_ratio, f_stat",0.012235664145048081,0.004140521658674081,0.001345183504426865,0.006095153323344215,0.6405711729070898
intent_android.intent.action.SEND_MULTIPLE,0,0.13283203122615256,0.18678582597193497,311.4,331.04084340153554,"pearson_r, mutual_information, entropy_reduction_ratio",0.02917803970900417,0.13103072395853496,0.0017871771831583496,0.007608891104975366,0.49455532417508996
intent_android.service.notification.NotificationListenerService,0,0.13267847975632835,0.2391092398428311,280.2,25.055139193387053,"pearson_r, mutual_information, entropy_reduction_ratio",0.003548256002654431,0.048002449067669935,0.00044484374078932577,0.0018366466688030014,0.6095602033017251
intent_show_cpuad,0,0.13260935394603876,0.22232111773831972,553.8,209.43963330754758,"pearson_r, mutual_information, entropy_reduction_ratio",0.0,0.0914774608139003,0.0,0.0,0.5715693089162935
perm_com.lge.launcher.permission.WRITE_SETTINGS,0,0.13260763383309068,0.2223214360048416,554.0,209.04640633122588,"pearson_r, mutual_information, entropy_reduction_ratio",0.0,0.09146886024915989,0.0,0.0,0.5715693089162935
intent_android.intent.action.CHECK_RECEIVER,0,0.13243054755661873,0.22235448403375485,554.6,207.86688047882953,"pearson_r, mutual_information, entropy_reduction_ratio",0.0,0.09058342886680018,0.0,0.0,0.5715693089162935
perm_android.permission.READ_OWNER_DATA,0,0.1322561072872887,0.2299154022939625,299.2,62.6686524508067,"pearson_r, mutual_information, entropy_reduction_ratio",0.0007500540321779314,0.07126145912992475,9.243230876777209e-05,0.0003770140192001879,0.588799576946373
intent_show_about,0,0.13224132668985664,0.222390414551084,554.8,207.47375737668608,"pearson_r, mutual_information, entropy_reduction_ratio",0.0,0.08963732453298968,0.0,0.0,0.5715693089162935
perm_com.tencent.mm.permission.MM_MESSAGE,0,0.1320838281882803,0.22242080802010566,555.4,206.29454670446336,"pearson_r, mutual_information, entropy_reduction_ratio",0.0,0.08884983202510795,0.0,0.0,0.5715693089162935
perm_android.permission.REQUEST_INSTALL_PACKAGES,0,0.13203393451419926,0.25417812872768875,317.5,229.67847091096718,"pearson_r, entropy_reduction_ratio, f_stat",0.012614860065782977,0.0,0.0011930243732330144,0.006049165636125346,0.6403126224958549
perm_android.permission.ACCESS_NETWORK_STATE,0,0.13197205391819553,0.2515583186729752,350.7,220.9469619614626,"pearson_r, entropy_reduction_ratio, f_stat",0.01982490532069686,0.0,3.264162368461715e-05,0.005123382487981429,0.6348793401586147
intent_com.qihoo.appstore.battery.START_EX,0,0.13196363748927314,0.22244429925707845,555.8,205.50853996853758,"pearson_r, mutual_information, entropy_reduction_ratio",0.0,0.08824887853007217,0.0,0.0,0.5715693089162935
intent_com.sogou.androidtool.action.specialdetail,0,0.13170637259894677,0.22249544615161543,556.2,204.7226416398538,"pearson_r, mutual_information, entropy_reduction_ratio",0.0,0.08696255407844039,0.0,0.0,0.5715693089162935
intent_com.excelliance.kxqp.action.smtsrv,0,0.13166980046556365,0.2225028127060154,556.4,204.32973351913324,"pearson_r, mutual_information, entropy_reduction_ratio",0.0,0.08677969341152472,0.0,0.0,0.5715693089162935
intent_com.mobiletool.appstore.action.BackgroundService,0,0.13165789421587099,0.22250521606193852,556.6,203.9368529716981,"pearson_r, mutual_information, entropy_reduction_ratio",0.0,0.08672016216306146,0.0,0.0,0.5715693089162935
intent_com.meizu.flyme.push.intent.UNREGISTER.FEEDBACK,0,0.13147214586678008,0.2501930279019731,292.0,97.92854537876073,"pearson_r, mutual_information, entropy_reduction_ratio",0.009158994997286257,0.010682170111050654,0.0010708209205492433,0.004636475110313227,0.6318122681947009
perm_,0,0.1313833728448322,0.2225613294315335,557.0,203.15117523657105,"pearson_r, mutual_information, entropy_reduction_ratio",0.0,0.0853475553078674,0.0,0.0,0.5715693089162935
intent_com.qihoo.appstore.clean.scan.finish,0,0.13136279692854783,0.2225655892317147,557.2,202.75837837189368,"pearson_r, mutual_information, entropy_reduction_ratio",0.0,0.08524467572644555,0.0,0.0,0.5715693089162935
perm_android.permission.ACCESS_WIFI_STATE.android.permission.READ_PHONE_STATE,0,0.1310811253958816,0.22262465988572558,557.4,202.36560972655408,"pearson_r, mutual_information, entropy_reduction_ratio",0.0,0.08383631806311444,0.0,0.0,0.5715693089162935
perm_com.google.android.googleapps.permission.GOOGLE_AUTH.blogger,0,0.1308265519982234,0.22267926028694945,558.0,201.18747475924042,"pearson_r, mutual_information, entropy_reduction_ratio",0.0,0.08256345107482344,0.0,0.0,0.5715693089162935
intent_com.excelliance.open.action.appstate,0,0.13082519468171713,0.22267955448563134,558.2,200.7948206503345,"pearson_r, mutual_information, entropy_reduction_ratio",0.0,0.08255666449229218,0.0,0.0,0.5715693089162935
perm_com.android.launcher3.permission.WRITE_SETTINGS,0,0.13081025358326498,0.22268279513376948,558.4,200.4021955967549,"pearson_r, mutual_information, entropy_reduction_ratio",0.0,0.08248195900003144,0.0,0.0,0.5715693089162935
intent_com.meizu.flyme.push.intent.MESSAGE,0,0.13076137825583162,0.2505399752098124,297.2,108.19131203567133,"pearson_r, entropy_reduction_ratio, mutual_information",0.009158994997286257,0.007128332056308327,0.0010708209205492433,0.004636475110313227,0.6318122681947009
intent_com.qihoo360.mobilesafe.pcdaemon.sms.restore.end,0,0.13066858824420455,0.22271371851176616,558.6,200.00959976961107,"pearson_r, mutual_information, entropy_reduction_ratio",0.0,0.08177363230472923,0.0,0.0,0.5715693089162935
intent_com.meizu.c2dm.intent.RECEIVE,0,0.13064135647333092,0.2527978748230358,321.1,227.69198492700616,"pearson_r, entropy_reduction_ratio, f_stat",0.010448881154409407,0.0,0.0012345015955550404,0.00533911941679343,0.6361842801998967
intent_android.intent.action.MEDIA_CHECKING,0,0.13061205995492,0.2442238239459079,297.8,56.85560658369587,"pearson_r, mutual_information, entropy_reduction_ratio",0.0052983383408256495,0.025501331361165554,0.0006871359185594331,0.0028352369503704044,0.6187382572036789
perm_android.permission.UPDATE_APP_OPS_STATS,0,0.1304935245624088,0.2527996509757823,329.3,222.69746294019606,"pearson_r, entropy_reduction_ratio, f_stat",0.009805485647765637,0.0,0.0012995551760542692,0.005316184925573049,0.6360463970626511
perm_android.permission.DELETE_PACKAGES,0,0.1304935245624088,0.2527996509757823,329.3,222.69746294019606,"pearson_r, entropy_reduction_ratio, f_stat",0.009805485647765637,0.0,0.0012995551760542692,0.005316184925573049,0.6360463970626511
intent_android.intent.action.CHINAMOBILE_OMS_GAME,0,0.1304935245624088,0.2527996509757823,329.3,222.69746294019606,"pearson_r, entropy_reduction_ratio, f_stat",0.009805485647765637,0.0,0.0012995551760542692,0.005316184925573049,0.6360463970626511
intent_android.net.wifi.RSSI_CHANGED,0,0.1304935245624088,0.2527996509757823,329.3,222.69746294019606,"pearson_r, entropy_reduction_ratio, f_stat",0.009805485647765637,0.0,0.0012995551760542692,0.005316184925573049,0.6360463970626511
intent_android.net.wifi.supplicant.CONNECTION_CHANGE,0,0.1304935245624088,0.2527996509757823,329.3,222.69746294019606,"pearson_r, entropy_reduction_ratio, f_stat",0.009805485647765637,0.0,0.0012995551760542692,0.005316184925573049,0.6360463970626511
perm_android.permission.BIND_APPWIDGET,0,0.1304935245624088,0.2527996509757823,329.3,222.69746294019606,"pearson_r, entropy_reduction_ratio, f_stat",0.009805485647765637,0.0,0.0012995551760542692,0.005316184925573049,0.6360463970626511
intent_ACTION.TAPCORE.SYNC,0,0.1304935245624088,0.2527996509757823,329.3,222.69746294019606,"pearson_r, entropy_reduction_ratio, f_stat",0.009805485647765637,0.0,0.0012995551760542692,0.005316184925573049,0.6360463970626511
intent_com.qihoo.psdk.service.action.remote,0,0.1304935245624088,0.2527996509757823,329.3,222.69746294019606,"pearson_r, entropy_reduction_ratio, f_stat",0.009805485647765637,0.0,0.0012995551760542692,0.005316184925573049,0.6360463970626511
intent_com.qihoo.commonreceiver.CLEARED,0,0.1304935245624088,0.2527996509757823,329.3,222.69746294019606,"pearson_r, entropy_reduction_ratio, f_stat",0.009805485647765637,0.0,0.0012995551760542692,0.005316184925573049,0.6360463970626511
intent_com.getui.gtc.sdk.service.action,0,0.1304935245624088,0.2527996509757823,329.3,222.69746294019606,"pearson_r, entropy_reduction_ratio, f_stat",0.009805485647765637,0.0,0.0012995551760542692,0.005316184925573049,0.6360463970626511
perm_android.permission.SET_WALLPAPER_HINTS,0,0.1304935245624088,0.2527996509757823,329.3,222.69746294019606,"pearson_r, entropy_reduction_ratio, f_stat",0.009805485647765637,0.0,0.0012995551760542692,0.005316184925573049,0.6360463970626511
intent_com.qihoo360.accounts.action.START_SERVICE,0,0.1304935245624088,0.2527996509757823,329.3,222.69746294019606,"pearson_r, entropy_reduction_ratio, f_stat",0.009805485647765637,0.0,0.0012995551760542692,0.005316184925573049,0.6360463970626511
perm_android.permission.SET_ACTIVITY_WATCHER,0,0.1304935245624088,0.2527996509757823,329.3,222.69746294019606,"pearson_r, entropy_reduction_ratio, f_stat",0.009805485647765637,0.0,0.0012995551760542692,0.005316184925573049,0.6360463970626511
intent_android.intent.action.INPUT_METHOD_CHANGED,0,0.1304935245624088,0.2527996509757823,329.3,222.69746294019606,"pearson_r, entropy_reduction_ratio, f_stat",0.009805485647765637,0.0,0.0012995551760542692,0.005316184925573049,0.6360463970626511
perm_com.android.launcher2.permission.UNINSTALL_SHORTCUT,0,0.1304935245624088,0.2527996509757823,329.3,222.69746294019606,"pearson_r, entropy_reduction_ratio, f_stat",0.009805485647765637,0.0,0.0012995551760542692,0.005316184925573049,0.6360463970626511
intent_android.intent.action.PACKAGE_FULLY_REMOVED,0,0.1304935245624088,0.2527996509757823,329.3,222.69746294019606,"pearson_r, entropy_reduction_ratio, f_stat",0.009805485647765637,0.0,0.0012995551760542692,0.005316184925573049,0.6360463970626511
perm_com.android.launcher2.permission.INSTALL_SHORTCUT,0,0.1304935245624088,0.2527996509757823,329.3,222.69746294019606,"pearson_r, entropy_reduction_ratio, f_stat",0.009805485647765637,0.0,0.0012995551760542692,0.005316184925573049,0.6360463970626511
intent_com.punchbox.service,0,0.1304935245624088,0.2527996509757823,329.3,222.69746294019606,"pearson_r, entropy_reduction_ratio, f_stat",0.009805485647765637,0.0,0.0012995551760542692,0.005316184925573049,0.6360463970626511
intent_android.fbreader.action.PLUGIN_CRASH,0,0.1304935245624088,0.2527996509757823,329.3,222.69746294019606,"pearson_r, entropy_reduction_ratio, f_stat",0.009805485647765637,0.0,0.0012995551760542692,0.005316184925573049,0.6360463970626511
intent_android.fbreader.action.PLUGIN,0,0.1304935245624088,0.2527996509757823,329.3,222.69746294019606,"pearson_r, entropy_reduction_ratio, f_stat",0.009805485647765637,0.0,0.0012995551760542692,0.005316184925573049,0.6360463970626511
intent_,0,0.1304935245624088,0.2527996509757823,329.3,222.69746294019606,"pearson_r, entropy_reduction_ratio, f_stat",0.009805485647765637,0.0,0.0012995551760542692,0.005316184925573049,0.6360463970626511
intent_com.yandex.metrica.IMetricaService,0,0.1304935245624088,0.2527996509757823,329.3,222.69746294019606,"pearson_r, entropy_reduction_ratio, f_stat",0.009805485647765637,0.0,0.0012995551760542692,0.005316184925573049,0.6360463970626511
intent_com.alimama.mobile.sdk.download.action,0,0.1304935245624088,0.2527996509757823,329.3,222.69746294019606,"pearson_r, entropy_reduction_ratio, f_stat",0.009805485647765637,0.0,0.0012995551760542692,0.005316184925573049,0.6360463970626511
perm_android.permission.REAL_GET_TASKS,0,0.13044607566436422,0.2227630084783053,559.0,199.22449648574846,"pearson_r, mutual_information, entropy_reduction_ratio",0.0,0.08066106940552757,0.0,0.0,0.5715693089162935
intent_com.mobiletool.appstore.action.download,0,0.13044569506764275,0.22276309353864082,559.2,198.831989377967,"pearson_r, mutual_information, entropy_reduction_ratio",0.0,0.08065916642192031,0.0,0.0,0.5715693089162935
perm_android.webkit.permission.PLUGIN,0,0.13037195193979595,0.2529019363220547,330.3,223.7672004561884,"pearson_r, entropy_reduction_ratio, f_stat",0.00909536055025155,0.0,0.001297925527813707,0.005330995493004935,0.6361354781279096
perm_android.permission.SUBSCRIBED_FEEDS_READ,0,0.13037195193979595,0.2529019363220547,330.3,223.7672004561884,"pearson_r, entropy_reduction_ratio, f_stat",0.00909536055025155,0.0,0.001297925527813707,0.005330995493004935,0.6361354781279096
perm_cn.swiftpass.wxpay.permission.MM_MESSAGE,0,0.13035616172428494,0.22278317489548263,559.4,198.4395121945224,"pearson_r, mutual_information, entropy_reduction_ratio",0.0,0.08021149970513125,0.0,0.0,0.5715693089162935
intent_com.meizu.flyme.push.intent.REGISTER.FEEDBACK,0,0.13027300583355977,0.25078275688155954,300.0,113.72774507568502,"pearson_r, entropy_reduction_ratio, mutual_information",0.009158994997286257,0.00468646994494917,0.0010708209205492433,0.004636475110313227,0.6318122681947009
intent_android.net.ConnectivityManager.CONNECTIVITY_ACTION,0,0.13009923486099456,0.2228415896631735,560.0,197.26226197628375,"pearson_r, mutual_information, entropy_reduction_ratio",0.0,0.0789268653886792,0.0,0.0,0.5715693089162935
intent_android.settings.SYNC_SETTINGS,0,0.12987951701574826,0.2228924721762704,560.8,195.69302491402195,"pearson_r, mutual_information, entropy_reduction_ratio",0.0,0.07782827616244778,0.0,0.0,0.5715693089162935
intent_com.qihoo.accountcenter.action.START_ACCOUNT_SERVICE,0,0.12986922367562387,0.22289487687901866,561.0,195.30079364918106,"pearson_r, mutual_information, entropy_reduction_ratio",0.0,0.07777680946182579,0.0,0.0,0.5715693089162935
perm_org.adw.launcher.permission.READ_SETTINGS,0,0.1298644734984725,0.222895987235215,561.2,194.90859396137463,"pearson_r, mutual_information, entropy_reduction_ratio",0.0,0.07775305857606891,0.0,0.0,0.5715693089162935
perm_com.google.android.googleapps.permission.GOOGLE_AUTH.knol,0,0.12940258926860865,0.22300585946388365,561.8,193.73218627786144,"pearson_r, mutual_information, entropy_reduction_ratio",0.0,0.07544363742674959,0.0,0.0,0.5715693089162935
intent_com.mobiletool.appstore.action.wap,0,0.12926399739168581,0.22303956315166135,562.6,192.16409654251234,"pearson_r, mutual_information, entropy_reduction_ratio",0.0,0.07475067804213553,0.0,0.0,0.5715693089162935
perm_android.permission.BIND_ACCESSIBILITY_SERVICE,0,0.1290592836218329,0.23831319124062633,302.6,32.30851281009388,"pearson_r, mutual_information, entropy_reduction_ratio",0.0025548144349146476,0.03605008486880171,0.00034718204708522935,0.0014153163851692457,0.6049290203731935
perm_com.lenovo.launcher.permission.READ_SETTINGS,0,0.12888006964523496,0.22313470076310576,563.4,190.59653721933145,"pearson_r, mutual_information, entropy_reduction_ratio",0.0,0.07283103930988119,0.0,0.0,0.5715693089162935
perm_android.permission.GET_DETAILED_TASKS,0,0.1287773931325051,0.22316058498861144,563.8,189.81296056908232,"pearson_r, mutual_information, entropy_reduction_ratio",0.0,0.07231765674623204,0.0,0.0,0.5715693089162935
perm_org.adwfreak.launcher.permission.WRITE_SETTINGS,0,0.12868975241862493,0.22318282586086893,564.2,189.02952150391744,"pearson_r, mutual_information, entropy_reduction_ratio",0.0,0.07187945317683107,0.0,0.0,0.5715693089162935
intent_android.net.wifi.STATE_CHANGE,0,0.12853279197096945,0.2505399967920758,357.5,208.94544742587715,"pearson_r, entropy_reduction_ratio, f_stat",0.007741219122577623,0.0,0.0010415461412556877,0.004297712119627954,0.629583482471386
perm_android.permission.SET_WALLPAPER,0,0.12853279197096945,0.2505399967920758,357.5,208.94544742587715,"pearson_r, entropy_reduction_ratio, f_stat",0.007741219122577623,0.0,0.0010415461412556877,0.004297712119627954,0.629583482471386
perm_android.permission.BAIDU_LOCATION_SERVICE,0,0.12853279197096945,0.2505399967920758,357.5,208.94544742587715,"pearson_r, entropy_reduction_ratio, f_stat",0.007741219122577623,0.0,0.0010415461412556877,0.004297712119627954,0.629583482471386
intent_com.sogou.androidtool.action.update,0,0.128499327635146,0.22323161734732064,565.0,187.46306302842703,"pearson_r, mutual_information, entropy_reduction_ratio",0.0,0.07092732925943647,0.0,0.0,0.5715693089162935
intent_android.intent.action.MEDIA_UNMOUNTED,0,0.1284306718303156,0.2503449319530124,358.7,208.2257428849757,"pearson_r, entropy_reduction_ratio, f_stat",0.007820409133754204,0.0,0.001017707884914863,0.004224572542908908,0.6290906695899999
intent_android.intent.action.MEDIA_REMOVED,0,0.1284306718303156,0.2503449319530124,358.7,208.2257428849757,"pearson_r, entropy_reduction_ratio, f_stat",0.007820409133754204,0.0,0.001017707884914863,0.004224572542908908,0.6290906695899999
perm_com.google.android.googleapps.permission.GOOGLE_AUTH.gbase,0,0.12819512734609012,0.22331088637112806,565.6,186.28859331692854,"pearson_r, mutual_information, entropy_reduction_ratio",0.0,0.06940632781415709,0.0,0.0,0.5715693089162935
intent_com.qihoo.appstore.launcher.shortcut.HAOWU,0,0.12803087308492248,0.2233543653286683,566.0,185.5057950577286,"pearson_r, mutual_information, entropy_reduction_ratio",0.0,0.0685850565083188,0.0,0.0,0.5715693089162935
suspicious_Ljava/lang/Runtime;->exec,0,0.1280088328921878,0.24949027739458846,365.1,205.54230708056187,"pearson_r, entropy_reduction_ratio, f_stat",0.00873983237056042,0.0,0.00043998389545807473,0.003914271002911709,0.6269500771920088
intent_com.qihoo360.daemon.pcdaemon.ACTION_START_DOWNLOAF_PAGE,0,0.12759474909488305,0.22347211195436453,566.4,184.72314419151704,"pearson_r, mutual_information, entropy_reduction_ratio",0.0,0.0664044365581218,0.0,0.0,0.5715693089162935
intent_com.baidu.autoupdatesdk.ACTION_NEW_AS,0,0.12756308481557094,0.2389151566289885,311.6,44.37386618269812,"pearson_r, mutual_information, entropy_reduction_ratio",0.0025548144349146476,0.028569090837492137,0.00034718204708522935,0.0014153163851692457,0.6049290203731935
intent_com.google.android.gms.appinvite.ACTION_PREVIEW,0,0.12754770069639793,0.19264357745439925,332.8,317.66611402540246,"pearson_r, mutual_information, entropy_reduction_ratio",0.01605196802271708,0.1101406949819974,0.0013261541606930326,0.0057633390410668514,0.5044563472755152
intent_com.qihoo.appstore.ACTION_GAME_UNION_GIFT_LiST,0,0.1274190861361187,0.22352048226938895,566.8,183.94064259972563,"pearson_r, mutual_information, entropy_reduction_ratio",0.0,0.06552612176429999,0.0,0.0,0.5715693089162935
intent_com.example.servicejar.action.START_ASSIST,0,0.12731819435280456,0.2235485085918672,567.0,183.54944837835933,"pearson_r, mutual_information, entropy_reduction_ratio",0.0,0.0650216628477293,0.0,0.0,0.5715693089162935
intent_android.intent.action.ACTION_PACKAGE_ADDED,0,0.12731377902952973,0.2235497391863373,567.2,183.158292195576,"pearson_r, mutual_information, entropy_reduction_ratio",0.0,0.06499958623135503,0.0,0.0,0.5715693089162935
intent_show_encourage,0,0.12730558507043613,0.22355202383055442,567.4,182.76717429560483,"pearson_r, mutual_information, entropy_reduction_ratio",0.0,0.0649586164358871,0.0,0.0,0.5715693089162935
perm_com.mx.launcher.permission.READ_SETTINGS,0,0.1271746623561257,0.22358868752799319,568.0,181.5940527660529,"pearson_r, mutual_information, entropy_reduction_ratio",0.0,0.06430400286433502,0.0,0.0,0.5715693089162935
perm_com.google.android.googleapps.permission.GOOGLE_AUTH.talk,0,0.1271649109049803,0.22359143036168183,568.2,181.2030904813712,"pearson_r, mutual_information, entropy_reduction_ratio",0.0,0.06425524560860793,0.0,0.0,0.5715693089162935
intent_com.qihoo360.daemon.pcdaemon.ACTION_START_OPERATE_CLIPBOARD,0,0.12695249611263237,0.22365159086923583,568.4,180.81216773215237,"pearson_r, mutual_information, entropy_reduction_ratio",0.0,0.06319317164686832,0.0,0.0,0.5715693089162935
intent_com.qihoo.appstore.ACTION_PACKAGE_REMOVED_NEED_CLEAR,0,0.12694842815870727,0.22365275071977428,568.6,180.42128477538344,"pearson_r, mutual_information, entropy_reduction_ratio",0.0,0.06317283187724292,0.0,0.0,0.5715693089162935
intent_com.excelliance.kxqp.platform.action.BADGE_REPORT,0,0.1269284178917932,0.22365846024591385,568.8,180.03044187025705,"pearson_r, mutual_information, entropy_reduction_ratio",0.0,0.06307278054267253,0.0,0.0,0.5715693089162935
perm_com.yulong2.android.launcher.permission.READ_SETTINGS,0,0.12688488172741128,0.2236709066468237,569.0,179.63963927819495,"pearson_r, mutual_information, entropy_reduction_ratio",0.0,0.06285509972076282,0.0,0.0,0.5715693089162935
intent_com.excelliance.dualaid.action.ext,0,0.126801254919325,0.2236949075561793,569.2,179.24887726287156,"pearson_r, mutual_information, entropy_reduction_ratio",0.0,0.062436965680331545,0.0,0.0,0.5715693089162935
intent_com.qihoo.appstore.plugin.battery.setPowerRankConfig,0,0.12674657337095843,0.22371066739171097,569.4,178.85815609023817,"pearson_r, mutual_information, entropy_reduction_ratio",0.0,0.06216355793849863,0.0,0.0,0.5715693089162935
intent_com.excelliance.kxqp.action.swpmain,0,0.12673093471813612,0.22371518425405934,569.6,178.467476028547,"pearson_r, mutual_information, entropy_reduction_ratio",0.0,0.062085364674387036,0.0,0.0,0.5715693089162935
intent_com.baidu.action.Techain.VIEW,0,0.12649954720912823,0.2237825153612021,570.0,177.68624032265413,"pearson_r, mutual_information, entropy_reduction_ratio",0.0,0.06092842712934761,0.0,0.0,0.5715693089162935
intent_com.baidu.autoupdatesdk.ACTION_NEW_UPDATE,0,0.12642154652697782,0.23939857011821286,319.8,58.10473302580436,"pearson_r, mutual_information, entropy_reduction_ratio",0.0025548144349146476,0.022861399394526447,0.00034718204708522935,0.0014153163851692457,0.6049290203731935
intent_com.qihoo.appstore.ACTION_EVENT_STAT,0,0.12641379919046491,0.22380770491547924,570.4,176.9051723381767,"pearson_r, mutual_information, entropy_reduction_ratio",0.0,0.06049968703603107,0.0,0.0,0.5715693089162935
intent_android.intent.action.ANY_DATA_STATE,0,0.12629047068704322,0.2238441596218807,571.0,175.73388973103624,"pearson_r, mutual_information, entropy_reduction_ratio",0.0,0.05988304451892255,0.0,0.0,0.5715693089162935
perm_xvtian.gai.receiver,0,0.12625103175271296,0.223855873487348,571.4,174.95325089863292,"pearson_r, mutual_information, entropy_reduction_ratio",0.0,0.05968584984727116,0.0,0.0,0.5715693089162935
perm_com.tencent.qqlauncher.permission.READ_SETTINGS,0,0.1262452064181276,0.22385760598968782,571.6,174.56299722449774,"pearson_r, mutual_information, entropy_reduction_ratio",0.0,0.05965672317434429,0.0,0.0,0.5715693089162935
intent_safiap.framework.ACTION_TO_INSTALL,0,0.1261611993975833,0.2238826562918889,571.8,174.17278777122445,"pearson_r, mutual_information, entropy_reduction_ratio",0.0,0.05923668807162293,0.0,0.0,0.5715693089162935
intent_com.excelliance.kxqp.NEXT_CHAPTER,0,0.12613621726324503,0.2238901295702987,572.0,173.78262283669216,"pearson_r, mutual_information, entropy_reduction_ratio",0.0,0.059111777399931516,0.0,0.0,0.5715693089162935
intent_LOCATION_SERVICE,0,0.12613203522734354,0.22389138167019831,572.2,173.3925027214268,"pearson_r, mutual_information, entropy_reduction_ratio",0.0,0.05909086722042411,0.0,0.0,0.5715693089162935
perm_com.lenovo.launcherhdmarket.permission.READ_SETTINGS,0,0.126113930318078,0.22389680579648516,572.4,173.00242772863044,"pearson_r, mutual_information, entropy_reduction_ratio",0.0,0.0590003426740965,0.0,0.0,0.5715693089162935
intent_android.intent.action.SERVICE_STATE,0,0.12606853971397664,0.22391042972507982,572.6,172.61239816421067,"pearson_r, mutual_information, entropy_reduction_ratio",0.0,0.05877338965358957,0.0,0.0,0.5715693089162935
perm_android.permission.WRITE_SYNC_SETTINGS,0,0.12601946043723572,0.24714188101349732,367.9,204.01382306108573,"pearson_r, entropy_reduction_ratio, f_stat",0.006085630393386595,0.0,0.0007017166460659888,0.003025028117007208,0.6202849270297187
intent_com.qihoo.appstore.launcher.shortcut.PLAYGAME,0,0.1259171789254338,0.22395612042089771,573.2,171.4425851414986,"pearson_r, mutual_information, entropy_reduction_ratio",0.0,0.05801658571087556,0.0,0.0,0.5715693089162935
intent_io.intercom.android.sdk.INTERCOM_PUSH_DISMISSED,0,0.12589026149938937,0.18632112932943065,318.4,326.94868098831654,"pearson_r, mutual_information, entropy_reduction_ratio",0.030749764695933227,0.09631716628357885,0.0018812391401666836,0.008030773749187555,0.4924723636280805
intent_cn.jpush.android.intent.ACTION_RICHPUSH_CALLBACK,0,0.12588508426469278,0.2470156170901467,368.5,203.71548787463362,"pearson_r, entropy_reduction_ratio, f_stat",0.005842052398662385,0.0,0.0007067519158282688,0.0029771451864741712,0.619899471822499
intent_com.urbanairship.push.RECEIVED,0,0.1257830695019858,0.2126969355633863,412.6,261.6177364017967,"pearson_r, mutual_information, entropy_reduction_ratio",0.0030117939153078708,0.07793637371365034,0.0001881239140166684,0.0007662013175451763,0.547012854649409
intent_com.qihoo.appstore.ACTION_LOCK_SCREEN_AD_STATE_CHANGE,0,0.12573273569044402,0.22401233796679107,573.8,170.27319225292044,"pearson_r, mutual_information, entropy_reduction_ratio",0.0,0.05709436953592657,0.0,0.0,0.5715693089162935
perm_com.google.android.googleapps.permission.GOOGLE_AUTH.sierrasandbox,0,0.12564895458551406,0.22403807005675624,574.0,169.88348948617698,"pearson_r, mutual_information, entropy_reduction_ratio",0.0,0.05667546401127677,0.0,0.0,0.5715693089162935
perm_android.permission.DOWNLOAD_CACHE_NON_PURGEABLE,0,0.12562438261358108,0.22404564017010514,574.2,169.4938346961328,"pearson_r, mutual_information, entropy_reduction_ratio",0.0,0.05655260415161189,0.0,0.0,0.5715693089162935
perm_android.permission.WRITE_SOCIAL_STREAM,0,0.12551097569216416,0.216097780845371,425.2,249.1934188537089,"pearson_r, mutual_information, entropy_reduction_ratio",0.001504192640226337,0.07135181688771382,9.40619570083342e-05,0.0003821258349947162,0.5542226811408776
perm_android.permission.INSTALL_PACKAGES,0,0.12550386304131728,0.24667565358363422,371.1,202.47725798222376,"pearson_r, entropy_reduction_ratio, f_stat",0.005135082740323538,0.0,0.0006943640941704587,0.0028477823229696225,0.6188420860491228
perm_android.permission.RUN_INSTRUMENTATION,0,0.12550386304131728,0.24667565358363422,371.1,202.47725798222376,"pearson_r, entropy_reduction_ratio, f_stat",0.005135082740323538,0.0,0.0006943640941704587,0.0028477823229696225,0.6188420860491228
intent_com.areametrics.areametricssdk.AMLocationUpdatesBroadcastReceiver.PROCESS_UPDATES,0,0.12539880380882473,0.22411562792647138,574.8,168.32516151781945,"pearson_r, mutual_information, entropy_reduction_ratio",0.0,0.05542471012783015,0.0,0.0,0.5715693089162935
perm_android.permission.REBOOT_IPO,0,0.12536124403613655,0.22412736723998722,575.4,167.15693225229998,"pearson_r, mutual_information, entropy_reduction_ratio",0.0,0.05523691126438929,0.0,0.0,0.5715693089162935
intent_com.amir.nightjar.service.CONFIG_SERVICES,0,0.12511986442847509,0.22420339642889445,575.6,166.76762275693682,"pearson_r, mutual_information, entropy_reduction_ratio",0.0,0.05403001322608188,0.0,0.0,0.5715693089162935
intent_co.ronash.pushe.RECEIVE,0,0.12501218093638466,0.22423764126490717,576.0,165.98915627233004,"pearson_r, mutual_information, entropy_reduction_ratio",0.0,0.05349159576562983,0.0,0.0,0.5715693089162935
intent_com.qihoo.appstore.CHECK_APP_UPDATE_DESK_NOTIFICATION,0,0.1249556971035524,0.2242556845105524,576.4,165.21089552447805,"pearson_r, mutual_information, entropy_reduction_ratio",0.0,0.05320917660146836,0.0,0.0,0.5715693089162935
perm_android.permission.NFC,0,0.12488772878708379,0.24564914659692738,374.7,200.6917038644099,"pearson_r, entropy_reduction_ratio, f_stat",0.005144618527204982,0.0,0.0005870070711428764,0.002534147670513247,0.6161728706665578
perm_com.motorola.dock.DesktopDock.permission.READ_SETTINGS,0,0.12486599204948487,0.22428445392912297,576.8,164.43284343463745,"pearson_r, mutual_information, entropy_reduction_ratio",0.0,0.052760651331130795,0.0,0.0,0.5715693089162935
perm_com.huawei.launcher.permission.WRITE_SETTINGS,0,0.12475246981785501,0.2243210621895651,577.2,163.65500297882738,"pearson_r, mutual_information, entropy_reduction_ratio",0.0,0.0521930401729815,0.0,0.0,0.5715693089162935
suspicious_getCellSignalStrength,0,0.12474453072409575,0.19984592617912986,378.0,292.17255175666315,"pearson_r, mutual_information, entropy_reduction_ratio",0.00958194307512584,0.09099036750885534,0.0008315447577081859,0.0035572396152842335,0.5187615586635052
intent_android.intent.action.SEARCH,0,0.1246362116464673,0.17414741197041309,301.2,337.9730166744085,"pearson_r, mutual_information, entropy_reduction_ratio",0.04176646313568523,0.09732532148204713,0.003095773558355464,0.014218250451468148,0.4667752496047805
intent_android.net.VpnService,0,0.1246028033108602,0.22436966812578965,577.4,163.26616305897556,"pearson_r, mutual_information, entropy_reduction_ratio",0.0,0.05144470763800745,0.0,0.0,0.5715693089162935
perm_android.permission.BIND_JOB_SERVICE,0,0.12452524792943516,0.22439500806001503,577.8,162.48864575717283,"pearson_r, mutual_information, entropy_reduction_ratio",0.0,0.051056930730882216,0.0,0.0,0.5715693089162935
intent_com.qihoo.appstore.ACTION_CLEAR_BACKGROUND,0,0.12451202508314466,0.22439933881845542,578.0,162.09996915483975,"pearson_r, mutual_information, entropy_reduction_ratio",0.0,0.05099081649942971,0.0,0.0,0.5715693089162935
perm_com.google.android.googleapps.permission.GOOGLE_AUTH.mail,0,0.12445941032216952,0.22441660129554744,578.2,161.7113477774519,"pearson_r, mutual_information, entropy_reduction_ratio",0.0,0.050727742694554025,0.0,0.0,0.5715693089162935
intent_com.qihoo.appstore.launcher.shortcut.GAME_RESERVATION,0,0.12435222263275765,0.22445191722956329,578.6,160.9342722977303,"pearson_r, mutual_information, entropy_reduction_ratio",0.0,0.050191804247494684,0.0,0.0,0.5715693089162935
intent_com.secneo.plugin.action.APP_STARTED,0,0.12414829422502534,0.22451965688394587,579.2,159.7690833672147,"pearson_r, mutual_information, entropy_reduction_ratio",0.0,0.04917216220883308,0.0,0.0,0.5715693089162935
intent_pre_add_game_uninstalled,0,0.12404637645541208,0.22455378125631836,579.8,158.60441355775697,"pearson_r, mutual_information, entropy_reduction_ratio",0.0,0.048662573360766875,0.0,0.0,0.5715693089162935
perm_android.permission.ACCESS_CHECKIN_PROPERTIES,0,0.12403390938868095,0.22455796785691826,580.0,158.21630762977628,"pearson_r, mutual_information, entropy_reduction_ratio",0.0,0.04860023802711117,0.0,0.0,0.5715693089162935
perm_android.permission.RECORD_VIDEO,0,0.12403037067712175,0.24455878566575615,378.1,199.22710658943976,"pearson_r, entropy_reduction_ratio, f_stat",0.004283621637126665,0.0,0.0005293485110269664,0.002200079614178912,0.6131388036232762
perm_com.xiaomi.sdk.permission.PAYMENT,0,0.1239766555121189,0.2245772289887641,580.2,157.82826109413992,"pearson_r, mutual_information, entropy_reduction_ratio",0.0,0.048313968644300875,0.0,0.0,0.5715693089162935
intent_safiap.framework.ACTION_CHECK_UPDATE,0,0.12395099735005286,0.224585879219066,580.4,157.44027439000482,"pearson_r, mutual_information, entropy_reduction_ratio",0.0,0.04818567783397071,0.0,0.0,0.5715693089162935
intent_com.kingroot.kinguser.service.IKingrootAppList,0,0.12393099979674464,0.22459262896685042,580.6,157.05234796079938,"pearson_r, mutual_information, entropy_reduction_ratio",0.0,0.04808569006742965,0.0,0.0,0.5715693089162935
intent_android.provider.Telephony.SMS_RECEIVED,0,0.12387711645715631,0.22078193768359916,445.0,232.65339026113503,"pearson_r, mutual_information, entropy_reduction_ratio",0.00019647882461911622,0.05575070684201079,2.0361035600525813e-05,8.613324310763415e-05,0.5633319023404435
intent_oh.rt.hj.j.g,0,0.12385585951717204,0.22461805280529537,581.0,156.2766777225572,"pearson_r, mutual_information, entropy_reduction_ratio",0.0,0.04770998866956661,0.0,0.0,0.5715693089162935
intent_com.ez.sj,0,0.123804610859377,0.22463544889241616,581.4,155.5012540142362,"pearson_r, mutual_information, entropy_reduction_ratio",0.0,0.047453745380591404,0.0,0.0,0.5715693089162935
perm_com.google.android.googleapps.permission.GOOGLE_AUTH.speech,0,0.12375433379661072,0.22465255931046355,581.6,155.11363576423577,"pearson_r, mutual_information, entropy_reduction_ratio",0.0,0.04720236006675999,0.0,0.0,0.5715693089162935
perm_com.amazon.device.messaging.permission.RECEIVE,0,0.123751427998597,0.2246535495550035,581.8,154.72608054235718,"pearson_r, mutual_information, entropy_reduction_ratio",0.0,0.047187831076691486,0.0,0.0,0.5715693089162935
perm_com.google.android.googleapps.permission.GOOGLE_AUTH.cp,0,0.12374855210867435,0.22465452975112485,582.0,154.33858882340476,"pearson_r, mutual_information, entropy_reduction_ratio",0.0,0.04717345162707819,0.0,0.0,0.5715693089162935
perm_com.sec.android.app.voicenote.Controller,0,0.12364569615124435,0.2246896803719335,582.6,153.17649950302427,"pearson_r, mutual_information, entropy_reduction_ratio",0.0,0.04665917183992815,0.0,0.0,0.5715693089162935
intent_com.excelliance.open.action.gameverchk,0,0.12363351117002375,0.22469385665443245,582.8,152.78926663872693,"pearson_r, mutual_information, entropy_reduction_ratio",0.0,0.046598246933825214,0.0,0.0,0.5715693089162935
intent_com.qihoo.appstore.battery.ACCESSIBILITY_ALERT,0,0.12356045129906168,0.2247189510080333,583.0,152.40209972306812,"pearson_r, mutual_information, entropy_reduction_ratio",0.0,0.046232947579014895,0.0,0.0,0.5715693089162935
intent_com.mobutils.android.mediation.MaterialNotificationReceiver.ACTION_AD_EXPIRES,0,0.1235002099753422,0.2247397118459202,583.2,152.01499925994145,"pearson_r, mutual_information, entropy_reduction_ratio",0.0,0.04593174096041737,0.0,0.0,0.5715693089162935
perm_com.lge.launcher.permission.READ_SETTINGS,0,0.1234393343625334,0.22476075493760034,583.8,150.85410170094812,"pearson_r, mutual_information, entropy_reduction_ratio",0.0,0.0456273628963735,0.0,0.0,0.5715693089162935
intent_com.baidu.autoupdatesdk.ACTION_AS_DOWNLOAD_COMPLETE,0,0.12333954132476313,0.24080701032843596,336.2,88.34115688624414,"pearson_r, mutual_information, entropy_reduction_ratio",0.0025548144349146476,0.007451373383453022,0.00034718204708522935,0.0014153163851692457,0.6049290203731935
intent_com.snowfish.a.a.s.ABGSvc,0,0.1233086041378082,0.22480616111378893,584.0,150.4672721890046,"pearson_r, mutual_information, entropy_reduction_ratio",0.0,0.044973711772747456,0.0,0.0,0.5715693089162935
intent_com.qihoo.appstore.plugin.huajiao.IPluginHelperService,0,0.12327653787316424,0.22481734364252018,584.2,150.08051172620648,"pearson_r, mutual_information, entropy_reduction_ratio",0.0,0.04481338044952769,0.0,0.0,0.5715693089162935
intent_android.provider.Telephony.WAP_PUSH_RECEIVED,0,0.1231422112799528,0.23303463771367827,340.0,47.3962023795156,"pearson_r, mutual_information, entropy_reduction_ratio",0.0007500540321779314,0.025691979093245075,9.243230876777209e-05,0.0003770140192001879,0.588799576946373
intent_com.gtp.nextlauncher.theme,0,0.12290346531896741,0.2249487489098407,585.6,147.3751675147479,"pearson_r, mutual_information, entropy_reduction_ratio",0.0,0.042948017678543546,0.0,0.0,0.5715693089162935
intent_com.sogou.androidtool.service.weatherservice,0,0.12289744166243424,0.22495089026174,585.8,146.98897917871258,"pearson_r, mutual_information, entropy_reduction_ratio",0.0,0.04291789939587769,0.0,0.0,0.5715693089162935
intent_com.qihoo.appstore.checkupdate.INSTALL_ALL_SILENT_TASK,0,0.12286546160090435,0.224962269329353,586.4,145.8308609314229,"pearson_r, mutual_information, entropy_reduction_ratio",0.0,0.042757999088228235,0.0,0.0,0.5715693089162935
intent_safiap.framework.ACTION_START_DOWNLOAD,0,0.1226955671900097,0.2250230159307254,586.8,145.05916034501234,"pearson_r, mutual_information, entropy_reduction_ratio",0.0,0.04190852703375487,0.0,0.0,0.5715693089162935
perm_android.permission.ACCESS_DOWNLOAD_MANAGER_ADVANCED,0,0.12267233167450367,0.22503136251457195,587.0,144.67342534135287,"pearson_r, mutual_information, entropy_reduction_ratio",0.0,0.04179234945622481,0.0,0.0,0.5715693089162935
perm_com.nd.android.launcher.permission.READ_SETTINGS,0,0.12266071591697358,0.22503553856978445,587.2,144.28776801933003,"pearson_r, mutual_information, entropy_reduction_ratio",0.0,0.041734270668574366,0.0,0.0,0.5715693089162935
perm_com.google.android.googleapps.permission.GOOGLE_AUTH.lh2,0,0.12260482695832844,0.22505566401048277,587.8,143.13126842168344,"pearson_r, mutual_information, entropy_reduction_ratio",0.0,0.0414548258753487,0.0,0.0,0.5715693089162935
perm_android.permission.WRITE_APN_STORAGE,0,0.12256182954233877,0.2250711838041883,588.2,142.3606687255999,"pearson_r, mutual_information, entropy_reduction_ratio",0.0,0.04123983879540023,0.0,0.0,0.5715693089162935
intent_com.qihoo.appstore.free.wifi,0,0.12255987558103269,0.22507188983597454,588.4,141.97549084260987,"pearson_r, mutual_information, entropy_reduction_ratio",0.0,0.04123006898886989,0.0,0.0,0.5715693089162935
intent_cn.xiaoneng.xpush.service,0,0.12255489118038428,0.22507369116446171,588.6,141.59039515447367,"pearson_r, mutual_information, entropy_reduction_ratio",0.0,0.04120514698562787,0.0,0.0,0.5715693089162935
perm_com.motorola.mmsp.motoswitch.permission.READ_SETTINGS,0,0.12245305457947726,0.22511058771198553,588.8,141.20538233367733,"pearson_r, mutual_information, entropy_reduction_ratio",0.0,0.04069596398109272,0.0,0.0,0.5715693089162935
intent_show_setting_page,0,0.12241593357143032,0.22512408139323628,589.0,140.820453059916,"pearson_r, mutual_information, entropy_reduction_ratio",0.0,0.040510358940858054,0.0,0.0,0.5715693089162935
intent_com.qihoo.appstore.ACTION_GAME_UNION_DESK,0,0.12240973918228619,0.22512633539111981,589.2,140.4356080201884,"pearson_r, mutual_information, entropy_reduction_ratio",0.0,0.04047938699513739,0.0,0.0,0.5715693089162935
intent_com.sogou.androidtool.intent.action.COMMAND,0,0.12236744678796793,0.22514174224862013,589.4,140.05084790889342,"pearson_r, mutual_information, entropy_reduction_ratio",0.0,0.0402679250235461,0.0,0.0,0.5715693089162935
perm_com.android.browser.permission.WRITE_HISTORY_BOOKMARKS,0,0.12231480560037236,0.24130836298807826,342.6,100.57753228231442,"pearson_r, entropy_reduction_ratio, mutual_information",0.0025548144349146476,0.002327694761499178,0.00034718204708522935,0.0014153163851692457,0.6049290203731935
suspicious_setWifiEnabled,0,0.12226332553511157,0.24204377649520128,381.9,197.52073308895956,"pearson_r, entropy_reduction_ratio, f_stat",0.0030623485496090747,0.0,0.00036972923507108836,0.001538385355329517,0.6063461645355481
perm_android.permission.DEVICE_POWER,0,0.12217530969916998,0.24196700175301739,384.5,196.49834604901895,"pearson_r, entropy_reduction_ratio, f_stat",0.0028844836987109343,0.0,0.00036985201678784314,0.0015170877440928033,0.6061051250362584
intent_cn.jpush.android.intent.NOTIFICATION_CLICK_ACTION,0,0.12217530969916997,0.24196700175301736,384.8,196.2708842391046,"pearson_r, entropy_reduction_ratio, f_stat",0.0028844836987109343,0.0,0.00036985201678784314,0.0015170877440928033,0.6061051250362582
intent_com.mobiletool.appstore.action.extend,0,0.12215436752221838,0.22521983288660433,589.8,139.28158528678514,"pearson_r, mutual_information, entropy_reduction_ratio",0.0,0.039202528694798344,0.0,0.0,0.5715693089162935
intent_cn.ngds.android.intent.alarm,0,0.12207691952950987,0.2252484095949483,590.0,138.89708420265706,"pearson_r, mutual_information, entropy_reduction_ratio",0.0,0.0388152887312558,0.0,0.0,0.5715693089162935
perm_com.samsung.android.scloud.backup.lib.write,0,0.12197758198610856,0.22528521369270973,590.6,137.74411058190475,"pearson_r, mutual_information, entropy_reduction_ratio",0.0,0.03831860101424918,0.0,0.0,0.5715693089162935
intent_android.intent.action.DOWNLOAD_WAKEUP,0,0.12194140857959271,0.21710796306907865,436.4,239.71866844282277,"pearson_r, mutual_information, entropy_reduction_ratio",0.001504192640226337,0.05350398132485656,9.40619570083342e-05,0.0003821258349947162,0.5542226811408776
perm_android.permission.MODIFY_PHONE_STATE,0,0.12184926664807252,0.24154152914517496,390.1,193.68489874019608,"pearson_r, entropy_reduction_ratio, f_stat",0.0025548144349146476,0.0,0.00034718204708522935,0.0014153163851692457,0.6049290203731935
perm_android.permission.SEND_DOWNLOAD_COMPLETED_INTENTS,0,0.12184926664807252,0.24154152914517496,390.1,193.68489874019608,"pearson_r, entropy_reduction_ratio, f_stat",0.0025548144349146476,0.0,0.00034718204708522935,0.0014153163851692457,0.6049290203731935
intent_com.baidu.autoupdatesdk.ACTION_DOWNLOAD_COMPLETE,0,0.12184926664807252,0.24154152914517496,390.1,193.68489874019608,"pearson_r, entropy_reduction_ratio, f_stat",0.0025548144349146476,0.0,0.00034718204708522935,0.0014153163851692457,0.6049290203731935
intent_android.intent.action.PACKAGE_INSTALL,0,0.12184926664807252,0.24154152914517496,390.1,193.68489874019608,"pearson_r, entropy_reduction_ratio, f_stat",0.0025548144349146476,0.0,0.00034718204708522935,0.0014153163851692457,0.6049290203731935
intent_android.intent.action.DATA_SMS_RECEIVED,0,0.12184926664807252,0.24154152914517496,390.1,193.68489874019608,"pearson_r, entropy_reduction_ratio, f_stat",0.0025548144349146476,0.0,0.00034718204708522935,0.0014153163851692457,0.6049290203731935
perm_sec.android.permission.READ_MSG_PREF,0,0.12184330002771153,0.22533523341624165,591.0,136.9759102908245,"pearson_r, mutual_information, entropy_reduction_ratio",0.0,0.0376471912222641,0.0,0.0,0.5715693089162935
intent_com.qihoo360.daemon.pcdaemon.ACTION_START_FROM_NOTIFICATION,0,0.12180750400850653,0.22534861951036583,591.2,136.59194705399,"pearson_r, mutual_information, entropy_reduction_ratio",0.0,0.037468211126239104,0.0,0.0,0.5715693089162935
intent_com.excelliance.kxqp.action.gp,0,0.12169575181236021,0.2253905509817194,591.8,135.44061429275934,"pearson_r, mutual_information, entropy_reduction_ratio",0.0,0.036909450145507526,0.0,0.0,0.5715693089162935
intent_com.easou.action.image.crop,0,0.1216072674124145,0.22542390361239953,592.2,134.6735311781792,"pearson_r, mutual_information, entropy_reduction_ratio",0.0,0.036467028145778915,0.0,0.0,0.5715693089162935
intent_com.unicom.xiaowo.security.RECEIVER_CMD,0,0.12152967346595393,0.22545326153655237,592.4,134.2901336658803,"pearson_r, mutual_information, entropy_reduction_ratio",0.0,0.03607905841347618,0.0,0.0,0.5715693089162935
perm_com.excelliance.dualaid.assist,0,0.12151316260489871,0.22545952176470094,593.0,133.14052726348953,"pearson_r, mutual_information, entropy_reduction_ratio",0.0,0.035996504108199996,0.0,0.0,0.5715693089162935
intent_show_fold,0,0.12150087233408555,0.22546418474860835,593.2,132.75752332730525,"pearson_r, mutual_information, entropy_reduction_ratio",0.0,0.035935052754134174,0.0,0.0,0.5715693089162935
perm_com.facebook.katana.permission.C2D_MESSAGE,0,0.12148090474080708,0.22547176605096603,593.4,132.3746199239114,"pearson_r, mutual_information, entropy_reduction_ratio",0.0,0.035835214787741855,0.0,0.0,0.5715693089162935
perm_com.tencent.mm.plugin.permission.WRITE,0,0.12144037616804382,0.22548717491590656,593.6,131.99181792823373,"pearson_r, mutual_information, entropy_reduction_ratio",0.0,0.035632571923925584,0.0,0.0,0.5715693089162935
intent_com.excelliance.dualaid.action.psjardl,0,0.12141285879849022,0.2254976529600676,593.8,131.60911822514427,"pearson_r, mutual_information, entropy_reduction_ratio",0.0,0.035494985076157594,0.0,0.0,0.5715693089162935
intent_androidx.work.impl.background.systemalarm.UpdateProxies,0,0.12139125893747504,0.19388879788563862,343.4,309.64534551644726,"pearson_r, mutual_information, entropy_reduction_ratio",0.02137465511320858,0.07293016379858726,0.0013168673981166787,0.0055327815964794705,0.5058018267809832
perm_com.google.android.googleapps.permission.GOOGLE_AUTH.dodgeball,0,0.12138316047147539,0.22550897599138275,594.0,131.22652170959955,"pearson_r, mutual_information, entropy_reduction_ratio",0.0,0.03534649344108341,0.0,0.0,0.5715693089162935
perm_android.permission.SIGNAL_PERSISTENT_PROCESSES,0,0.12134810714881092,0.22552236011031046,594.2,130.844029286781,"pearson_r, mutual_information, entropy_reduction_ratio",0.0,0.035171226827761075,0.0,0.0,0.5715693089162935
intent_com.qihoo.appstore.ACTION_WIRTE_CHANNEL_AND_INSTALL,0,0.1213338143650077,0.22552782343182792,594.4,130.46164187223766,"pearson_r, mutual_information, entropy_reduction_ratio",0.0,0.035099762908744996,0.0,0.0,0.5715693089162935
intent_com.qihoo.appstore.ACTION_DAEMON_CORE_SERVICE,0,0.12128208240675731,0.2255476268094594,594.6,130.07936039203145,"pearson_r, mutual_information, entropy_reduction_ratio",0.0,0.034841103117493055,0.0,0.0,0.5715693089162935
intent_cn.play.dservice,0,0.12127598907713429,0.2255499623911592,594.8,129.69718578288428,"pearson_r, mutual_information, entropy_reduction_ratio",0.0,0.034810636469377876,0.0,0.0,0.5715693089162935
intent_com.excelliance.kxqp.action.init,0,0.12124918899257527,0.2255602424301634,595.0,129.3151189923282,"pearson_r, mutual_information, entropy_reduction_ratio",0.0,0.034676636046582734,0.0,0.0,0.5715693089162935
intent_com.qihoo360.daemon.pcdaemon.ACTION_START_CAPTURE,0,0.12121722371792627,0.22557251978716994,595.2,128.9331609788576,"pearson_r, mutual_information, entropy_reduction_ratio",0.0,0.0345168096733378,0.0,0.0,0.5715693089162935
intent_com.qihoo360.daemon.pcdaemon.NotifyServiceStart2,0,0.12120341147285345,0.2255778302515099,595.4,128.55131271208398,"pearson_r, mutual_information, entropy_reduction_ratio",0.0,0.03444774844797373,0.0,0.0,0.5715693089162935
intent_show_lock_forget_pwd,0,0.12119018992232385,0.22558291666033015,595.6,128.1695751728935,"pearson_r, mutual_information, entropy_reduction_ratio",0.0,0.0343816406953257,0.0,0.0,0.5715693089162935
perm_android.permission.WRITE_CLIPS,0,0.12109494215095025,0.2256196472367452,596.0,127.406436258142,"pearson_r, mutual_information, entropy_reduction_ratio",0.0,0.033905401838457645,0.0,0.0,0.5715693089162935
intent_com.sogou.androidtool.service.weathernotifyreceiver,0,0.12109445398586027,0.2256198358876412,596.4,126.6437523133297,"pearson_r, mutual_information, entropy_reduction_ratio",0.0,0.03390296101300782,0.0,0.0,0.5715693089162935
perm_com.android.agedlauncher.permission.READ_SETTINGS,0,0.12107833846895075,0.22562606599585172,596.6,126.26258353130589,"pearson_r, mutual_information, entropy_reduction_ratio",0.0,0.03382238342846019,0.0,0.0,0.5715693089162935
perm_android.permission.STOP_APP_SWITCHES,0,0.12107377001406669,0.22562783292412192,596.8,125.88153160809573,"pearson_r, mutual_information, entropy_reduction_ratio",0.0,0.033799541154039894,0.0,0.0,0.5715693089162935
intent_com.qihoo.appstore.notification,0,0.12102386431733851,0.22564715800281,597.0,125.5005976081389,"pearson_r, mutual_information, entropy_reduction_ratio",0.0,0.03355001267039907,0.0,0.0,0.5715693089162935
intent_com.mobiletool.appstore.action.topicdetail,0,0.1210124299929806,0.2256515917216303,597.4,124.7390876990849,"pearson_r, mutual_information, entropy_reduction_ratio",0.0,0.033492841048609494,0.0,0.0,0.5715693089162935
perm_yulong.permission.ACCESS_YLPARAMS,0,0.12087486527220184,0.22570510795803128,597.8,123.97806257560245,"pearson_r, mutual_information, entropy_reduction_ratio",0.0,0.03280501744471564,0.0,0.0,0.5715693089162935
perm_com.google.android.googleapps.permission.GOOGLE_AUTH,0,0.12081522205500154,0.2257284109848061,598.0,123.59773460707117,"pearson_r, mutual_information, entropy_reduction_ratio",0.0,0.0325068013587142,0.0,0.0,0.5715693089162935
intent_com.easou.eyou.START_EPAY_PROXY_ACTIVITY,0,0.12075305929607297,0.22575276293479588,598.4,122.83745357178323,"pearson_r, mutual_information, entropy_reduction_ratio",0.0,0.03219598756407128,0.0,0.0,0.5715693089162935
intent_com.qihoo.appstore.ACTION_CHECK_PHOTOS,0,0.12075255783437341,0.22575295964761874,598.6,122.45750283261536,"pearson_r, mutual_information, entropy_reduction_ratio",0.0,0.03219348025557356,0.0,0.0,0.5715693089162935
intent_com.google.android.gms.gcm.ACTION_TASK_READY,0,0.12074025278334417,0.1677486319196973,309.0,337.8443428562923,"pearson_r, entropy_reduction_ratio, mutual_information",0.0679645472421179,0.06058674667049619,0.004044664151358371,0.01839756629214905,0.45270773956059934
perm_net.qihoo.launcher.permission.READ_SETTINGS,0,0.12072705637841266,0.2257629689780634,598.8,122.07768018765756,"pearson_r, mutual_information, entropy_reduction_ratio",0.0,0.03206597297576973,0.0,0.0,0.5715693089162935
intent_cn.jpush.android.intent.UNREGISTRATION,0,0.12070839528761838,0.23971998775065445,397.9,190.0558865176241,"pearson_r, entropy_reduction_ratio, f_stat",0.0021087036613523075,0.0,0.0002491378411097049,0.0010380194643843928,0.6001461154712455
intent_com.kingroot.kinguser.action.update,0,0.12069713255951693,0.22577472821362324,599.2,121.3184239924011,"pearson_r, mutual_information, entropy_reduction_ratio",0.0,0.03191635388129111,0.0,0.0,0.5715693089162935
intent_com.excelliance.kxqp.platform.gameplugin.action.UNBIND_REMOTE,0,0.12042517158323626,0.22588230024841363,599.4,120.93899288484256,"pearson_r, mutual_information, entropy_reduction_ratio",0.0,0.03055654899988778,0.0,0.0,0.5715693089162935
intent_com.kingroot.kinguser.ANTILOG_DELETE,0,0.12041500978107371,0.2258863440602154,599.6,120.55969475741054,"pearson_r, mutual_information, entropy_reduction_ratio",0.0,0.030505739989075045,0.0,0.0,0.5715693089162935
intent_com.sogou.passport.service.upload,0,0.1204060741024198,0.22588990139659004,599.8,120.18053086918863,"pearson_r, mutual_information, entropy_reduction_ratio",0.0,0.030461061595805413,0.0,0.0,0.5715693089162935
perm_com.xiaomi.permission.AUTH_SERVICE,0,0.12036473743492034,0.22890655498716583,350.6,49.11863190277189,"pearson_r, mutual_information, entropy_reduction_ratio",0.00010556209257087744,0.02384996476880012,1.2088418113210633e-05,4.938266268672101e-05,0.5778066892324307
intent_com.qihoo.appstore.MEMCLEAR,0,0.12030733020525437,0.2259293022087243,600.4,119.0438574643816,"pearson_r, mutual_information, entropy_reduction_ratio",0.0,0.029967342109978316,0.0,0.0,0.5715693089162935
intent_com.qihoo.appstore.plugin.START_PLUGIN_FROM_PROXY_LISTENER,0,0.12029467274206515,0.22593436477772524,600.6,118.66524343715813,"pearson_r, mutual_information, entropy_reduction_ratio",0.0,0.029904054794032214,0.0,0.0,0.5715693089162935
perm_com.miui.mihome2.permission.WRITE_SETTINGS,0,0.12017214940487782,0.22598351080490292,601.0,117.90843905336038,"pearson_r, mutual_information, entropy_reduction_ratio",0.0,0.029291438108095584,0.0,0.0,0.5715693089162935
perm_com.ty.launcher.permission.READ_SETTINGS,0,0.12010091711944496,0.22601220040829323,601.2,117.53025142489912,"pearson_r, mutual_information, entropy_reduction_ratio",0.0,0.028935276680931175,0.0,0.0,0.5715693089162935
perm_com.meizu.flyme.launcher.permission.READ_SETTINGS,0,0.12009046174517077,0.22601641867891228,601.4,117.15220868596546,"pearson_r, mutual_information, entropy_reduction_ratio",0.0,0.028882999809560304,0.0,0.0,0.5715693089162935
perm_android.permission.PREVENT_POWER_KEY,0,0.12000344100601834,0.21430509810336573,431.4,246.90370592601482,"pearson_r, mutual_information, entropy_reduction_ratio",0.0030117939153078708,0.04903823123381298,0.0001881239140166684,0.0007662013175451763,0.547012854649409
intent_com.qihoo.appstore.checkupdate.CHECK_BAOHE_UPDATE,0,0.11996664976334821,0.22606651229960453,601.8,116.39656352315563,"pearson_r, mutual_information, entropy_reduction_ratio",0.0,0.02826393990044756,0.0,0.0,0.5715693089162935
intent_com.Remind.alarm.repeat,0,0.11995389788460083,0.2260716864125688,602.0,116.01896396710323,"pearson_r, mutual_information, entropy_reduction_ratio",0.0,0.0282001805067106,0.0,0.0,0.5715693089162935
perm_android.permission.READ_PROFILE,0,0.11993015598437382,0.2289709350360193,354.2,52.52580318281673,"pearson_r, mutual_information, entropy_reduction_ratio",9.968276492677136e-05,0.021936672140815117,1.0739848678772918e-05,4.5525914801797934e-05,0.5775581592526466
perm_org.simalliance.openmobileapi.SMARTCARD,0,0.11982710148527272,0.23730637394277515,359.0,94.07231261109722,"pearson_r, mutual_information, entropy_reduction_ratio",0.001375054824823206,0.0024996336549598457,0.0001592112115725667,0.0006643602864905126,0.5944372474485174
intent_com.qihoo.appstore.notification.notify_action,0,0.11980340041332398,0.2261329595620009,602.4,115.26421821189783,"pearson_r, mutual_information, entropy_reduction_ratio",0.0,0.02744769315032639,0.0,0.0,0.5715693089162935
perm_com.teslacoilsw.launcher.permission.READ_SETTINGS,0,0.11980324747069834,0.22613302202600094,602.6,114.88707499105371,"pearson_r, mutual_information, entropy_reduction_ratio",0.0,0.02744692843719817,0.0,0.0,0.5715693089162935
perm_com.google.android.googleapps.permission.GOOGLE_AUTH.sitemaps,0,0.11977817312143602,0.22614326811714702,602.8,114.51008689194154,"pearson_r, mutual_information, entropy_reduction_ratio",0.0,0.027321556690886532,0.0,0.0,0.5715693089162935
intent_com.sogou.androidtool.browser.highspeed,0,0.11971892200061882,0.2261675221462756,603.2,113.75658222713973,"pearson_r, mutual_information, entropy_reduction_ratio",0.0,0.027025301086800523,0.0,0.0,0.5715693089162935
intent_com.qihoo.appstore.powerusage.SAVE_MODE,0,0.11971121120866006,0.22617068287924685,603.4,113.38006879518109,"pearson_r, mutual_information, entropy_reduction_ratio",0.0,0.026986747127006733,0.0,0.0,0.5715693089162935
perm_android.permission.MOUNT_FORMAT_FILESYSTEMS,0,0.11969293316472669,0.23815934788545853,403.9,187.51010639429543,"pearson_r, entropy_reduction_ratio, f_stat",0.0015103197773160546,0.0,0.00018486461753554418,0.0007590160610372913,0.5960104653677446
intent_wifi.intent.action.SDK_RESULT,0,0.11957126679226293,0.2262282225405285,604.0,112.25150333069041,"pearson_r, mutual_information, entropy_reduction_ratio",0.0,0.02628702504502114,0.0,0.0,0.5715693089162935
intent_com.mobiletool.appstore.action.main,0,0.11955978162725919,0.2262329595158503,604.2,111.87564524953588,"pearson_r, mutual_information, entropy_reduction_ratio",0.0,0.026229599220002404,0.0,0.0,0.5715693089162935
intent_com.qihoo.appstore.PACKAGE_ADDED,0,0.11954503319202012,0.22623904567883038,604.4,111.49995515694167,"pearson_r, mutual_information, entropy_reduction_ratio",0.0,0.026155857043807018,0.0,0.0,0.5715693089162935
perm_com.qihoo360.home.permission.WRITE_SETTINGS,0,0.11952086436473812,0.22624902726848004,604.8,110.74908577500764,"pearson_r, mutual_information, entropy_reduction_ratio",0.0,0.02603501290739707,0.0,0.0,0.5715693089162935
intent_com.getui.gis.action.64kVIzqls49c7TJxrBbWG4,0,0.11950513814738269,0.22625552741718472,605.0,110.37390996064242,"pearson_r, mutual_information, entropy_reduction_ratio",0.0,0.025956381820619927,0.0,0.0,0.5715693089162935
perm_android.permission.READ_INSTALL_SESSIONS,0,0.11948730881662797,0.2262629019123662,605.2,109.99890908549958,"pearson_r, mutual_information, entropy_reduction_ratio",0.0,0.025867235166846282,0.0,0.0,0.5715693089162935
intent_com.qihoo.appstore.stablenotification.StableBroadcast,0,0.11939375771443336,0.22630168428713668,606.2,108.1265924738221,"pearson_r, mutual_information, entropy_reduction_ratio",0.0,0.02539947965587333,0.0,0.0,0.5715693089162935
perm_android.permission.ACCESS_GPS,0,0.11934362779090253,0.23323279299019214,362.6,74.31984930017015,"pearson_r, mutual_information, entropy_reduction_ratio",0.0005461667574606057,0.01010924800745315,6.0442090566053146e-05,0.0002552188386256471,0.5857470632604072
intent_com.urbanairship.push.OPENED,0,0.11933710808108475,0.2145297741176098,435.4,244.40589190934003,"pearson_r, mutual_information, entropy_reduction_ratio",0.0030117939153078708,0.04570656660914507,0.0001881239140166684,0.0007662013175451763,0.547012854649409
intent_com.qihoo.appstore.APPWATCHER_CHANGE_TIME,0,0.11932166061165701,0.22633167372998186,606.4,107.75267978106159,"pearson_r, mutual_information, entropy_reduction_ratio",0.0,0.025038994141991528,0.0,0.0,0.5715693089162935
intent_com.qihoo.hongbao.LOGIN,0,0.11931687648608684,0.2263336668399055,606.6,107.3789551076001,"pearson_r, mutual_information, entropy_reduction_ratio",0.0,0.025015073514140652,0.0,0.0,0.5715693089162935
suspicious_adb_enabled,0,0.11926713224835953,0.20251825376194624,388.6,281.79254780778,"pearson_r, mutual_information, entropy_reduction_ratio",0.012129861690426558,0.05818302036042928,0.0007524956560666736,0.0031124446168113882,0.5221578389180637
intent_com.qihoo.appstore.floatwin.FloatWindowService,0,0.11926544025056052,0.2263551200822263,606.8,107.0054204234533,"pearson_r, mutual_information, entropy_reduction_ratio",0.0,0.02475789233650901,0.0,0.0,0.5715693089162935
intent_com.miui.smsextra.hhha,0,0.11924861061155345,0.226362149168574,607.0,106.63207772523238,"pearson_r, mutual_information, entropy_reduction_ratio",0.0,0.02467374414147376,0.0,0.0,0.5715693089162935
intent_com.qihoo360.daemon.pcdaemon.NotifyServiceStop2,0,0.11919325851951301,0.2263853013449841,607.2,106.25892903657555,"pearson_r, mutual_information, entropy_reduction_ratio",0.0,0.024396983681271578,0.0,0.0,0.5715693089162935
intent_com.yuetu.shentu.Intent.WECHAT_PAY,0,0.11917901142512866,0.22639126886858482,607.4,105.88597640858774,"pearson_r, mutual_information, entropy_reduction_ratio",0.0,0.024325748209349702,0.0,0.0,0.5715693089162935
intent_com.lge.launcher2.THEME,0,0.11910601462405242,0.22642189802144255,607.6,105.51322192028827,"pearson_r, mutual_information, entropy_reduction_ratio",0.0,0.023960764203968504,0.0,0.0,0.5715693089162935
perm_com.qiku.launcher.permission.WRITE_SETTINGS,0,0.11905710629331667,0.22644247009446514,608.0,104.7683158211489,"pearson_r, mutual_information, entropy_reduction_ratio",0.0,0.023716222550289823,0.0,0.0,0.5715693089162935
perm_telecom.mdesk.permission.READ_SETTINGS,0,0.11902831309986042,0.22645460012040938,608.4,104.024227947147,"pearson_r, mutual_information, entropy_reduction_ratio",0.0,0.023572256583008565,0.0,0.0,0.5715693089162935
intent_downfile,0,0.11902598171074405,0.2264555829028256,608.6,103.65249635199338,"pearson_r, mutual_information, entropy_reduction_ratio",0.0,0.023560599637426703,0.0,0.0,0.5715693089162935
intent_com.qihoo.appstore.QihooAlliance,0,0.11897875959318668,0.22647550883608125,608.8,103.28097598299506,"pearson_r, mutual_information, entropy_reduction_ratio",0.0,0.02332448904963986,0.0,0.0,0.5715693089162935
intent_com.qihoo.appstore.ACTION_STAT,0,0.1189697393755805,0.22647931930463264,609.0,102.90966912783269,"pearson_r, mutual_information, entropy_reduction_ratio",0.0,0.023279387961608982,0.0,0.0,0.5715693089162935
perm_com.htc.launcher.permission.WRITE_SETTINGS,0,0.11893567000885122,0.22649372383120533,609.4,102.16770526932667,"pearson_r, mutual_information, entropy_reduction_ratio",0.0,0.023109041127962488,0.0,0.0,0.5715693089162935
intent_com.qihoo.appstore.videomini,0,0.11885999967911291,0.22652578728288697,610.0,101.05641988513149,"pearson_r, mutual_information, entropy_reduction_ratio",0.0,0.02273068947927103,0.0,0.0,0.5715693089162935
intent_com.mobiletool.appstore.browser.highspeed,0,0.11873632137430759,0.22657840080131056,610.4,100.31669851026797,"pearson_r, mutual_information, entropy_reduction_ratio",0.0,0.022112297955244338,0.0,0.0,0.5715693089162935
perm_com.google.android.googleapps.permission.GOOGLE_AUTH.sierraqa,0,0.11865803337135432,0.2266118382375169,610.8,99.57790919676913,"pearson_r, mutual_information, entropy_reduction_ratio",0.0,0.02172085794047811,0.0,0.0,0.5715693089162935
intent_com.qihoo.appstore.ACTION_NOTIFY_UNINSTALL,0,0.11856191273073954,0.22665303331943373,611.6,98.10321095662465,"pearson_r, mutual_information, entropy_reduction_ratio",0.0,0.021240254737404155,0.0,0.0,0.5715693089162935
intent_android.intent.action.IMEDIATE_NOTIFY_ALARM,0,0.11855493269089205,0.2266560308614924,611.8,97.73515232504629,"pearson_r, mutual_information, entropy_reduction_ratio",0.0,0.021205354538166764,0.0,0.0,0.5715693089162935
intent_android.media.AUDIO_BECOMING_NOISY,0,0.11855193454672228,0.201813359088874,397.8,277.54668075839066,"pearson_r, mutual_information, entropy_reduction_ratio",0.00886192337250451,0.059849417635750364,0.0007875889031100107,0.0034115144364609963,0.5198492283857855
perm_com.google.android.googleapps.permission.GOOGLE_AUTH.ah,0,0.11853740994377662,0.22666355952854886,612.0,97.36734565551225,"pearson_r, mutual_information, entropy_reduction_ratio",0.0,0.02111774080258954,0.0,0.0,0.5715693089162935
intent_com.excelliance.kxqp.action.SmtCntService,0,0.11844015835784849,0.2267054377033886,612.2,96.99979381421385,"pearson_r, mutual_information, entropy_reduction_ratio",0.0,0.02063148287294892,0.0,0.0,0.5715693089162935
intent_com.amir.nightjar.service.BUFFER_SERVICES,0,0.11830147533024526,0.22676543215996967,612.4,96.63249970894886,"pearson_r, mutual_information, entropy_reduction_ratio",0.0,0.019938067734932806,0.0,0.0,0.5715693089162935
perm_com.google.android.googleapps.permission.GOOGLE_AUTH.finance,0,0.11826267840524249,0.22678227364368306,612.6,96.26546628983833,"pearson_r, mutual_information, entropy_reduction_ratio",0.0,0.019744083109918955,0.0,0.0,0.5715693089162935
intent_android.intent.action.START_PCM_PLAY_SERVICE,0,0.11810832463612178,0.22684952804087372,613.0,95.53219352658034,"pearson_r, mutual_information, entropy_reduction_ratio",0.0,0.018972314264315292,0.0,0.0,0.5715693089162935
perm_com.google.android.googleapps.permission.GOOGLE_AUTH.YouTubeUser,0,0.11810293410634254,0.22685188401208087,613.2,95.16596030093955,"pearson_r, mutual_information, entropy_reduction_ratio",0.0,0.01894536161541913,0.0,0.0,0.5715693089162935
intent_com.google.android.gms.analytics.ANALYTICS_DISPATCH,0,0.11810168500037319,0.17973787740123492,328.2,326.338719737637,"pearson_r, mutual_information, entropy_reduction_ratio",0.045065011273786613,0.05536557476509028,0.002727796753241692,0.011931749296477837,0.47541829291326954
perm_android.permission.INTERACT_ACROSS_USERS,0,0.11800381546130376,0.23539802580287464,414.5,183.12946240296782,"pearson_r, entropy_reduction_ratio, f_stat",0.0007500540321779314,0.0,9.243230876777209e-05,0.0003770140192001879,0.588799576946373
perm_android.permission.RAISED_THREAD_PRIORITY,0,0.11800381546130376,0.23539802580287464,414.5,183.12946240296782,"pearson_r, entropy_reduction_ratio, f_stat",0.0007500540321779314,0.0,9.243230876777209e-05,0.0003770140192001879,0.588799576946373
intent_com.kingroot.master.action.MAIN_EXIT_CHECK,0,0.11788050569033237,0.22694952324470904,613.8,94.06891091109752,"pearson_r, mutual_information, entropy_reduction_ratio",0.0,0.01783321953536837,0.0,0.0,0.5715693089162935
intent_com.excelliance.kxqp.action.smtcnt,0,0.11780160304974416,0.22698435847791387,614.0,93.70378861070667,"pearson_r, mutual_information, entropy_reduction_ratio",0.0,0.017438706332427258,0.0,0.0,0.5715693089162935
perm_com.samsung.android.providers.context.permission.READ_RECORD_AUDIO,0,0.11773880158222509,0.22701215968340557,614.2,93.33895221181776,"pearson_r, mutual_information, entropy_reduction_ratio",0.0,0.017124698994831943,0.0,0.0,0.5715693089162935
perm_com.lenovo.launcherhdmarket.permission.WRITE_SETTINGS,0,0.11773447022507641,0.22701407954219852,614.6,92.61015063155875,"pearson_r, mutual_information, entropy_reduction_ratio",0.0,0.01710304220908856,0.0,0.0,0.5715693089162935
intent_com.qihoo.sdkplugging.host.proxy.activity.VIEW,0,0.11764459647086985,0.22705398668160917,614.8,92.2461923333424,"pearson_r, mutual_information, entropy_reduction_ratio",0.0,0.016653673438055693,0.0,0.0,0.5715693089162935
intent_com.kingroot.master.action.NOTIFY_STATISTIC,0,0.1176184994153312,0.22706560004477155,615.2,91.51917831798973,"pearson_r, mutual_information, entropy_reduction_ratio",0.0,0.01652318816036242,0.0,0.0,0.5715693089162935
perm_me.everything.badger.permission.BADGE_COUNT_READ,0,0.11745064375945827,0.1954443022747138,368.2,296.27041701796685,"pearson_r, mutual_information, entropy_reduction_ratio",0.016206520970963218,0.05805228098241719,0.0012771165636361185,0.00545497836516427,0.5062623219151106
intent_com.qihoo.sdkplugging.host.service.CommonHostProxyService,0,0.1174152431623072,0.22715644055240364,615.8,90.43096814697938,"pearson_r, mutual_information, entropy_reduction_ratio",0.0,0.015506906895242456,0.0,0.0,0.5715693089162935
intent_com.qihoo.appstore.OPEN_BROWSER,0,0.11734406499079682,0.22718841530289438,616.0,90.06886254416672,"pearson_r, mutual_information, entropy_reduction_ratio",0.0,0.015151016037690533,0.0,0.0,0.5715693089162935
intent_com.kingroot.kinguser.SU_REQUEST,0,0.11734018716024679,0.2271901597399085,616.2,89.70707887340888,"pearson_r, mutual_information, entropy_reduction_ratio",0.0,0.015131626884940368,0.0,0.0,0.5715693089162935
perm_android.permission.PERMISSION_NAME,0,0.11732211442173339,0.2271982930532446,616.4,89.3456210454659,"pearson_r, mutual_information, entropy_reduction_ratio",0.0,0.015041263192373441,0.0,0.0,0.5715693089162935
intent_com.excelliance.open.action.dmchk,0,0.11731427000646892,0.2272018249913251,616.6,88.98449303108941,"pearson_r, mutual_information, entropy_reduction_ratio",0.0,0.015002041116051077,0.0,0.0,0.5715693089162935
intent_com.excelliance.dualaid.action.notifystatus,0,0.11731065624705501,0.2272034524279646,616.8,88.62369886209895,"pearson_r, mutual_information, entropy_reduction_ratio",0.0,0.01498397231898153,0.0,0.0,0.5715693089162935
intent_com.qihoo360.mobilesafe.pcdaemon.filehandle,0,0.11730168152170503,0.22720749509014354,617.0,88.2632426324798,"pearson_r, mutual_information, entropy_reduction_ratio",0.0,0.01493909869223163,0.0,0.0,0.5715693089162935
perm_android.permission.FORCE_STOP_PACKAGES,0,0.1172908247148827,0.22721238733439217,617.2,87.90312849950222,"pearson_r, mutual_information, entropy_reduction_ratio",0.0,0.014884814658119937,0.0,0.0,0.5715693089162935
perm_android.permission.INJECT_EVENTS,0,0.11718168583105296,0.22726167639672076,617.6,87.1839434758488,"pearson_r, mutual_information, entropy_reduction_ratio",0.0,0.014339120238971263,0.0,0.0,0.5715693089162935
intent_com.qihoo.appstore.ACTION_UNINSTALL,0,0.11710047114031638,0.22729848348871579,618.0,86.46617835893986,"pearson_r, mutual_information, entropy_reduction_ratio",0.0,0.013933046785288354,0.0,0.0,0.5715693089162935
suspicious_getWifiState,0,0.11707567175808156,0.19328636795500087,354.4,306.5541387748663,"pearson_r, mutual_information, entropy_reduction_ratio",0.01878123490176098,0.05722136644545907,0.0014573129391226554,0.006257841233302129,0.5016606032707629
perm_android.permission.READ_CONTACTS,0,0.11704094506789678,0.23372439825182928,420.3,180.57895779962845,"pearson_r, entropy_reduction_ratio, f_stat",0.0004692751469595198,0.0,3.388242651839925e-05,0.0002119446629879869,0.584489623103018
perm_android.permission.DIAGNOSTIC,0,0.11703414242736258,0.22732862582441113,618.2,86.10783936436914,"pearson_r, mutual_information, entropy_reduction_ratio",0.0,0.013601403220519384,0.0,0.0,0.5715693089162935
intent_com.kingroot.master.action.TRAFFIC_STATISTICS,0,0.11699022588392802,0.22734862359520486,618.8,85.03505159638583,"pearson_r, mutual_information, entropy_reduction_ratio",0.0,0.013381820503346575,0.0,0.0,0.5715693089162935
intent_show_lock_app,0,0.11698741532895755,0.22734990450068032,619.0,84.6782144355914,"pearson_r, mutual_information, entropy_reduction_ratio",0.0,0.013367767728494188,0.0,0.0,0.5715693089162935
intent_com.qihoo360.daemon.pcdaemon.ACTION_SEND_SMS_SEND_STATUS_FORWARD2,0,0.11685082872594517,0.22741231235667766,619.4,83.96570728577233,"pearson_r, mutual_information, entropy_reduction_ratio",0.0,0.012684834713432326,0.0,0.0,0.5715693089162935
perm_org.adw.launcher_donut.permission.READ_SETTINGS,0,0.11682728574773582,0.22742310081421543,619.6,83.61004724313939,"pearson_r, mutual_information, entropy_reduction_ratio",0.0,0.012567119822385524,0.0,0.0,0.5715693089162935
perm_com.anddoes.launcher.permission.READ_SETTINGS,0,0.11679971052337697,0.2274357487741515,619.8,83.2547896520074,"pearson_r, mutual_information, entropy_reduction_ratio",0.0,0.01242924370059133,0.0,0.0,0.5715693089162935
intent_show_start_app,0,0.11675438115089132,0.22745656757939794,620.0,82.89993968634718,"pearson_r, mutual_information, entropy_reduction_ratio",0.0,0.012202596838163058,0.0,0.0,0.5715693089162935
intent_com.google.Ps.Download,0,0.11666379758841647,0.22749827318619517,620.2,82.54550260310977,"pearson_r, mutual_information, entropy_reduction_ratio",0.0,0.011749679025788799,0.0,0.0,0.5715693089162935
perm_com.anddoes.launcher.permission.WRITE_SETTINGS,0,0.1166589968106811,0.22750048732611453,620.4,82.19148374375534,"pearson_r, mutual_information, entropy_reduction_ratio",0.0,0.01172567513711199,0.0,0.0,0.5715693089162935
intent_qihooappstore.gotoadmin,0,0.11665272163062143,0.22750338204542508,620.6,81.83788853581207,"pearson_r, mutual_information, entropy_reduction_ratio",0.0,0.011694299236813694,0.0,0.0,0.5715693089162935
perm_com.huaqin.launcherEx.permission.WRITE_SETTINGS,0,0.11664523813529873,0.22750683501346416,620.8,81.48472249446519,"pearson_r, mutual_information, entropy_reduction_ratio",0.0,0.011656881760200055,0.0,0.0,0.5715693089162935
intent_com.kingroot.kinguser.ACTION_MAIN_START_CHECK,0,0.11663524583131864,0.22751144702711265,621.0,81.13199122417741,"pearson_r, mutual_information, entropy_reduction_ratio",0.0,0.0116069202402996,0.0,0.0,0.5715693089162935
intent_com.excelliance.open.action.apkverchk,0,0.11661589310732619,0.22752038413046752,621.2,80.77970042034076,"pearson_r, mutual_information, entropy_reduction_ratio",0.0,0.011510156620337383,0.0,0.0,0.5715693089162935
intent_selfupdate_notification_cancelled,0,0.11661443730503487,0.2275210566732164,621.4,80.42785587096053,"pearson_r, mutual_information, entropy_reduction_ratio",0.0,0.011502877608880755,0.0,0.0,0.5715693089162935
intent_android.provider.Telephony.SMS_RECEIVED2,0,0.11661185591309293,0.22752224929579457,621.6,80.07646345837209,"pearson_r, mutual_information, entropy_reduction_ratio",0.0,0.011489970649171167,0.0,0.0,0.5715693089162935
perm_android.permission.READ_CALL_LOG,0,0.1165939850634479,0.23293351525709383,421.1,180.1889008790497,"pearson_r, entropy_reduction_ratio, f_stat",0.00032209882865196187,0.0,3.6265254339631854e-05,0.000150599733901959,0.5824609615003459
perm_com.android.voicemail.permission.ADD_VOICEMAIL,0,0.11655851355806301,0.22754691868732344,621.8,79.72552916099083,"pearson_r, mutual_information, entropy_reduction_ratio",0.0,0.011223258874021516,0.0,0.0,0.5715693089162935
intent_safiap.framework.ACTION_TO_UPDATE,0,0.11652223122843622,0.22756372533114477,622.0,79.37505905509614,"pearson_r, mutual_information, entropy_reduction_ratio",0.0,0.011041847225887497,0.0,0.0,0.5715693089162935
intent_com.qihoo.appstore.BATTERY,0,0.11645722251164303,0.22759389332744287,622.2,79.02505931664967,"pearson_r, mutual_information, entropy_reduction_ratio",0.0,0.010716803641921603,0.0,0.0,0.5715693089162935
intent_com.excelliance.kxqp.action.space.stat,0,0.11642424440351776,0.22760922404001846,622.8,77.97794560002207,"pearson_r, mutual_information, entropy_reduction_ratio",0.0,0.010551913101295253,0.0,0.0,0.5715693089162935
intent_show_lock_set_email,0,0.11639179574670486,0.2276243262695124,623.0,77.62989115025216,"pearson_r, mutual_information, entropy_reduction_ratio",0.0,0.010389669817230732,0.0,0.0,0.5715693089162935
perm_com.meizu.flyme.launcher.permission.WRITE_SETTINGS,0,0.11635748017276211,0.22764031643684018,623.4,76.93529749081368,"pearson_r, mutual_information, entropy_reduction_ratio",0.0,0.010218091947516965,0.0,0.0,0.5715693089162935
intent_com.qihoo.appstore.ACTION_CLEAN_START_SERVICE,0,0.11622884165667516,0.22770043277458954,624.0,75.89729902967562,"pearson_r, mutual_information, entropy_reduction_ratio",0.0,0.009574899367082182,0.0,0.0,0.5715693089162935
intent_com.excelliance.appmate.share,0,0.11622501864323845,0.22770222357962602,624.2,75.55236594574653,"pearson_r, mutual_information, entropy_reduction_ratio",0.0,0.009555784299898666,0.0,0.0,0.5715693089162935
intent_com.qihoo360.mobilesafe.pcdaemon.sms.cancel.default.smsreceive,0,0.11622018775164503,0.22770448684966876,624.4,75.2079783001777,"pearson_r, mutual_information, entropy_reduction_ratio",0.0,0.00953162984193162,0.0,0.0,0.5715693089162935
intent_com.qihoo.appstore.LitePluginTipDialogActivity,0,0.11619680969535055,0.22771544493035736,624.6,74.86414362029396,"pearson_r, mutual_information, entropy_reduction_ratio",0.0,0.009414739560459255,0.0,0.0,0.5715693089162935
perm_com.bbk.launcher2.permission.WRITE_SETTINGS,0,0.11618725130891547,0.22771992788041848,624.8,74.52086956014404,"pearson_r, mutual_information, entropy_reduction_ratio",0.0,0.009366947628283814,0.0,0.0,0.5715693089162935
intent_show_moresetting,0,0.11616407474450215,0.22773080414773353,625.0,74.17816390286295,"pearson_r, mutual_information, entropy_reduction_ratio",0.0,0.009251064806217194,0.0,0.0,0.5715693089162935
perm_com.sonyericsson.homescreen.permission.READ_SETTINGS,0,0.11611777805293652,0.22775255688707183,625.2,73.83603456307767,"pearson_r, mutual_information, entropy_reduction_ratio",0.0,0.009019581348389054,0.0,0.0,0.5715693089162935
intent_com.qihoo.appstore.plugin.share.IpluginService,0,0.11606512462568645,0.22777733959362614,625.4,73.49448958935629,"pearson_r, mutual_information, entropy_reduction_ratio",0.0,0.008756314212138792,0.0,0.0,0.5715693089162935
intent_com.amazon.device.messaging.intent.RECEIVE,0,0.11605866871528636,0.2277803814010231,625.6,73.15353716670165,"pearson_r, mutual_information, entropy_reduction_ratio",0.0,0.008724034660138224,0.0,0.0,0.5715693089162935
intent_com.urbanairship.push.DISMISSED,0,0.116055130486672,0.21575313917860933,452.8,236.4008460221748,"pearson_r, mutual_information, entropy_reduction_ratio",0.0030117939153078708,0.029296678637081262,0.0001881239140166684,0.0007662013175451763,0.547012854649409
intent_com.aspire.purchaseservice.BIND,0,0.1160385051358093,0.22778988625117694,625.8,72.81318561908962,"pearson_r, mutual_information, entropy_reduction_ratio",0.0,0.00862321676275291,0.0,0.0,0.5715693089162935
intent_com.google.android.gms.measurement.UPLOAD,0,0.11595730248173435,0.20604924368731198,420.6,261.25282773589265,"pearson_r, mutual_information, entropy_reduction_ratio",0.006698666381914487,0.043061886301909935,0.0005991891288725817,0.002543569918584691,0.52688320067739
perm_com.facebook.receiver.permission.ACCESS,0,0.11588325484259746,0.22786329497961932,626.0,72.47344341205266,"pearson_r, mutual_information, entropy_reduction_ratio",0.0,0.007846965296693657,0.0,0.0,0.5715693089162935
perm_android.permission.READ_CALENDAR,0,0.11584533811253772,0.20545028704946014,420.0,262.0190832744821,"pearson_r, mutual_information, entropy_reduction_ratio",0.006558728646903098,0.04384533359999969,0.0005963179689414429,0.0027011137625784745,0.5255251965842659
perm_android.Manifest.permission.READ_PHONE_STATE,0,0.1157957734495458,0.2279048357125507,626.4,71.79582160543885,"pearson_r, mutual_information, entropy_reduction_ratio",0.0,0.00740955833143547,0.0,0.0,0.5715693089162935
perm_com.qihoo.appstore.permission.NEWS_SDK_BROADCAST,0,0.11579024444037256,0.22790746543323187,626.6,71.45795966860514,"pearson_r, mutual_information, entropy_reduction_ratio",0.0,0.007381913285569258,0.0,0.0,0.5715693089162935
intent_com.sogou.androidtool.action.wap,0,0.11578304455709072,0.22791089061783612,626.8,71.12074240332421,"pearson_r, mutual_information, entropy_reduction_ratio",0.0,0.007345913869160055,0.0,0.0,0.5715693089162935
intent_com.chance.service,0,0.11574253836682405,0.22793017653508782,627.4,70.11305156673755,"pearson_r, mutual_information, entropy_reduction_ratio",0.0,0.007143382917826641,0.0,0.0,0.5715693089162935
intent_com.xiaomi.hy.push.client.ONCLICK,0,0.11565803777147154,0.22797049660712498,628.0,69.11150410749283,"pearson_r, mutual_information, entropy_reduction_ratio",0.0,0.006720879941064165,0.0,0.0,0.5715693089162935
perm_com.miui.mihome2.permission.READ_SETTINGS,0,0.11556954042595957,0.22801285040324162,628.4,68.44735203059355,"pearson_r, mutual_information, entropy_reduction_ratio",0.0,0.006278393213504284,0.0,0.0,0.5715693089162935
intent_com.excelliance.dualaid.platform.gameplugin.action.START_FROM_SHORTCUT,0,0.11555800448830753,0.22801838091049328,628.6,68.11637101314192,"pearson_r, mutual_information, entropy_reduction_ratio",0.0,0.006220713525244088,0.0,0.0,0.5715693089162935
intent_show_feedback,0,0.11551702285525803,0.22803804593201887,629.0,67.45665274826494,"pearson_r, mutual_information, entropy_reduction_ratio",0.0,0.0060158053599966045,0.0,0.0,0.5715693089162935
intent_com.sogou.androidtool.action.topicdetail,0,0.11545996200377076,0.22806547279602624,629.2,67.12793755211015,"pearson_r, mutual_information, entropy_reduction_ratio",0.0,0.005730501102560224,0.0,0.0,0.5715693089162935
intent_action.com.excelliance.install.plugin,0,0.11540460780377579,0.22809213075218737,629.4,66.8,"pearson_r, mutual_information, entropy_reduction_ratio",0.0,0.005453730102585404,0.0,0.0,0.5715693089162935
perm_com.fx.launcher.permission.READ_SETTINGS,0,0.11534502304740821,0.22812088265866007,629.8,66.14650406484081,"pearson_r, mutual_information, entropy_reduction_ratio",0.0,0.005155806320747496,0.0,0.0,0.5715693089162935
perm_com.htc.launcher.permission.UPDATE_SHORTCUT,0,0.11532752778717237,0.20406594679129006,415.4,266.83897766255967,"pearson_r, mutual_information, entropy_reduction_ratio",0.007980219488372868,0.04251587585471629,0.0007151773271908635,0.00308988076788286,0.522336485497699
intent_com.excelliance.dualaid.action.pg,0,0.11532452465664463,0.22813078746400506,630.0,65.82096930310279,"pearson_r, mutual_information, entropy_reduction_ratio",0.0,0.005053314366929582,0.0,0.0,0.5715693089162935
intent_com.kinguser.kingroot.ACTION_INSTALL,0,0.11525106791640279,0.22816633866505945,630.6,64.84936391361136,"pearson_r, mutual_information, entropy_reduction_ratio",0.0,0.0046860306657203615,0.0,0.0,0.5715693089162935
perm_com.sonymobile.home.permission.PROVIDER_INSERT_BADGE,0,0.11524518444975733,0.19501078385857293,363.6,302.67513938214347,"pearson_r, mutual_information, entropy_reduction_ratio",0.017485774557203695,0.047587100359486975,0.0013670424135852532,0.005854598636541193,0.5039314062819695
intent_com.qihoo.appstore.launcher.shortcut.MYFREEZE,0,0.11519672166236516,0.22819269818529278,630.8,64.52720356562804,"pearson_r, mutual_information, entropy_reduction_ratio",0.0,0.004414299395532298,0.0,0.0,0.5715693089162935
intent_com.qihoo.appstore.launcher.shortcut.VIDEOWALLPAPER,0,0.11516735417560423,0.22820696255267886,631.0,64.20591873028529,"pearson_r, mutual_information, entropy_reduction_ratio",0.0,0.004267461961727608,0.0,0.0,0.5715693089162935
intent_com.qihoo.appstore.ACTION_START_RADICALROOT,0,0.11515326699893118,0.22821381002047889,631.2,63.885522616630446,"pearson_r, mutual_information, entropy_reduction_ratio",0.0,0.004197026078362323,0.0,0.0,0.5715693089162935
intent_com.qihoo.appstore.stable_notification_broadcast,0,0.11513670692791933,0.22822186369290903,631.6,63.247450541504044,"pearson_r, mutual_information, entropy_reduction_ratio",0.0,0.004114225723303148,0.0,0.0,0.5715693089162935
intent_com.qihoo.appstore.freeze.ICON,0,0.11512213237723204,0.22822895548701608,632.0,62.61309767133391,"pearson_r, mutual_information, entropy_reduction_ratio",0.0,0.0040413529698666425,0.0,0.0,0.5715693089162935
perm_com.tencent.mtt.extension.Player,0,0.11507959480781686,0.22824967376362898,632.2,62.29735146858171,"pearson_r, mutual_information, entropy_reduction_ratio",0.0,0.003828665122790741,0.0,0.0,0.5715693089162935
perm_android.permission.READ_SYNC_SETTINGS,0,0.1150473762162181,0.2300663005579194,424.5,178.6628109036685,"pearson_r, entropy_reduction_ratio, f_stat",3.642076298303632e-05,0.0,3.936456252316679e-06,1.6547230682642363e-05,0.5751799766311725
intent_android.accounts.AccountAuthenticator,0,0.1150157832419066,0.2185979887362011,472.2,224.6681107767633,"pearson_r, mutual_information, entropy_reduction_ratio",0.001167259377612225,0.02139028131226008,0.0001164058795683697,0.0004906697391804701,0.5519142999009119
intent_com.firebase.jobdispatcher.ACTION_EXECUTE,0,0.11495435666778113,0.18931655078796142,355.0,313.5544609792691,"pearson_r, mutual_information, entropy_reduction_ratio",0.030749764695933227,0.041637642125537694,0.0018812391401666836,0.008030773749187555,0.4924723636280805
suspicious_Landroid/telephony/SmsMessage;->getMessageBody,0,0.1148634657746375,0.17767090415236458,339.0,328.03292517672674,"pearson_r, entropy_reduction_ratio, mutual_information",0.05152763732100272,0.037394702503998636,0.0031040445812750284,0.013727953199633354,0.46856299126727774
perm_org.adwfreak.launcher.permission.READ_SETTINGS,0,0.11476376097918917,0.22840443557723197,632.8,61.35601030054024,"pearson_r, mutual_information, entropy_reduction_ratio",0.0,0.002249495979652315,0.0,0.0,0.5715693089162935
intent_aspire.iap.SMS_SEND_ACTIOIN,0,0.11474190261848201,0.22841520714979502,633.0,61.04424624811089,"pearson_r, mutual_information, entropy_reduction_ratio",0.0,0.002140204176116509,0.0,0.0,0.5715693089162935
perm_android.permission.TRANSMIT_IR,0,0.11471351700931362,0.2135848629398847,451.6,242.58738631676627,"pearson_r, mutual_information, entropy_reduction_ratio",0.004522819382892111,0.02614666232488229,0.0002821858710250026,0.0011522417029325377,0.5414636757648362
intent_com.qihoo360.daemon.pcdaemon.ACTION_START_RECEIVER,0,0.11469612347480895,0.22843779209856102,633.2,60.73351628219792,"pearson_r, mutual_information, entropy_reduction_ratio",0.0,0.0019113084577512594,0.0,0.0,0.5715693089162935
perm_com.sonyericsson.home.WRITE_SETTINGS,0,0.11464793184911837,0.2284616044673028,633.4,60.42383635619307,"pearson_r, mutual_information, entropy_reduction_ratio",0.0,0.001670350329298257,0.0,0.0,0.5715693089162935
intent_com.sjm.avplay.SHOW_ACTIVITY,0,0.11464232472434048,0.22846437753034293,633.6,60.11522269774936,"pearson_r, mutual_information, entropy_reduction_ratio",0.0,0.0016423147054089138,0.0,0.0,0.5715693089162935
intent_com.qihoo.appstore.checkupdate.RESTART_ALL_DOWNLOAD,0,0.11457539756551123,0.2284975169592482,633.8,59.807691813010145,"pearson_r, mutual_information, entropy_reduction_ratio",0.0,0.001307678911262632,0.0,0.0,0.5715693089162935
perm_android.permission.READ_SOCIAL_STREAM,0,0.11449547577704126,0.21994725790116457,476.0,221.66010015336545,"pearson_r, mutual_information, entropy_reduction_ratio",0.001504192640226337,0.016274317312099378,9.40619570083342e-05,0.0003821258349947162,0.5542226811408776
intent_com.amazon.device.messaging.intent.REGISTRATION,0,0.1144901408177353,0.2285398389910061,634.2,59.195945807124325,"pearson_r, mutual_information, entropy_reduction_ratio",0.0,0.0008813951723829394,0.0,0.0,0.5715693089162935
perm_com.huawei.launcher3.permission.READ_SETTINGS,0,0.11447092611529737,0.22854939378466532,634.4,58.89176512892104,"pearson_r, mutual_information, entropy_reduction_ratio",0.0,0.0007853216601932886,0.0,0.0,0.5715693089162935
intent_android.easou.eyou.SEND_SMS_RESULT,0,0.11440529211148001,0.22858207697328636,634.6,58.58873611881383,"pearson_r, mutual_information, entropy_reduction_ratio",0.0,0.0004571516411065314,0.0,0.0,0.5715693089162935
perm_android.permission.ACCESS_CACHE_FILESYSTEM,0,0.11431386178325871,0.22862772356651742,680.1,60.42383635619307,"pearson_r, entropy_reduction_ratio, mutual_information",0.0,0.0,0.0,0.0,0.5715693089162935
perm_android.permission.READ_USER_DICTIONARY,0,0.11431386178325871,0.22862772356651742,680.1,60.42383635619307,"pearson_r, entropy_reduction_ratio, mutual_information",0.0,0.0,0.0,0.0,0.5715693089162935
perm_cn.nubia.launcher.permission.READ_SETTINGS,0,0.11431386178325871,0.22862772356651742,680.1,60.42383635619307,"pearson_r, entropy_reduction_ratio, mutual_information",0.0,0.0,0.0,0.0,0.5715693089162935
perm_android.permission.SAMSUNG_TUNTAP,0,0.11431386178325871,0.22862772356651742,680.1,60.42383635619307,"pearson_r, entropy_reduction_ratio, mutual_information",0.0,0.0,0.0,0.0,0.5715693089162935
perm_com.sec.android.app.twlauncher.settings.READ_SETTINGS,0,0.11431386178325871,0.22862772356651742,680.1,60.42383635619307,"pearson_r, entropy_reduction_ratio, mutual_information",0.0,0.0,0.0,0.0,0.5715693089162935
perm_com.qihoo360.launcher.permission.READ_SETTINGS,0,0.11431386178325871,0.22862772356651742,680.1,60.42383635619307,"pearson_r, entropy_reduction_ratio, mutual_information",0.0,0.0,0.0,0.0,0.5715693089162935
perm_com.huawei.launcher2.permission.READ_SETTINGS,0,0.11431386178325871,0.22862772356651742,680.1,60.42383635619307,"pearson_r, entropy_reduction_ratio, mutual_information",0.0,0.0,0.0,0.0,0.5715693089162935
perm_com.fede.launcher.permission.READ_SETTINGS,0,0.11431386178325871,0.22862772356651742,680.1,60.42383635619307,"pearson_r, entropy_reduction_ratio, mutual_information",0.0,0.0,0.0,0.0,0.5715693089162935
intent_com.morgoo.droidplugin.ACTION_SHORTCUT_PROXY,0,0.11431386178325871,0.22862772356651742,680.1,60.42383635619307,"pearson_r, entropy_reduction_ratio, mutual_information",0.0,0.0,0.0,0.0,0.5715693089162935
perm_com.android.mylauncher.permission.READ_SETTINGS,0,0.11431386178325871,0.22862772356651742,680.1,60.42383635619307,"pearson_r, entropy_reduction_ratio, mutual_information",0.0,0.0,0.0,0.0,0.5715693089162935
perm_com.ebproductions.android.launcher.permission.READ_SETTINGS,0,0.11431386178325871,0.22862772356651742,680.1,60.42383635619307,"pearson_r, entropy_reduction_ratio, mutual_information",0.0,0.0,0.0,0.0,0.5715693089162935
perm_com.android.email.permission.ACCESS_PROVIDER,0,0.11431386178325871,0.22862772356651742,680.1,60.42383635619307,"pearson_r, entropy_reduction_ratio, mutual_information",0.0,0.0,0.0,0.0,0.5715693089162935
perm_com.yulong.android.launcher.permission.READ_SETTINGS,0,0.11431386178325871,0.22862772356651742,680.1,60.42383635619307,"pearson_r, entropy_reduction_ratio, mutual_information",0.0,0.0,0.0,0.0,0.5715693089162935
intent_cn.egame.terminal.sdk.SERVICE_CMD,0,0.11431386178325871,0.22862772356651742,680.1,60.42383635619307,"pearson_r, entropy_reduction_ratio, mutual_information",0.0,0.0,0.0,0.0,0.5715693089162935
intent_cn.egame.terminal.sdk.RECEIVER_CMD,0,0.11431386178325871,0.22862772356651742,680.1,60.42383635619307,"pearson_r, entropy_reduction_ratio, mutual_information",0.0,0.0,0.0,0.0,0.5715693089162935
intent_com.morgoo.droidplugin.ACTION_SHORTCUT_PROXY_ZHUSHOU,0,0.11431386178325871,0.22862772356651742,680.1,60.42383635619307,"pearson_r, entropy_reduction_ratio, mutual_information",0.0,0.0,0.0,0.0,0.5715693089162935
intent_com.qihoo.appstore.launcher.shortcut.MYSOFT,0,0.11431386178325871,0.22862772356651742,680.1,60.42383635619307,"pearson_r, entropy_reduction_ratio, mutual_information",0.0,0.0,0.0,0.0,0.5715693089162935
perm_com.qihoo.appstore.update.permission.clear_sdk,0,0.11431386178325871,0.22862772356651742,680.1,60.42383635619307,"pearson_r, entropy_reduction_ratio, mutual_information",0.0,0.0,0.0,0.0,0.5715693089162935
intent_com.qihoo.appstore.launcher.shortcut.GAMEUNION,0,0.11431386178325871,0.22862772356651742,680.1,60.42383635619307,"pearson_r, entropy_reduction_ratio, mutual_information",0.0,0.0,0.0,0.0,0.5715693089162935
perm_dianxin.permission.READ_SETTINGS,0,0.11431386178325871,0.22862772356651742,680.1,60.42383635619307,"pearson_r, entropy_reduction_ratio, mutual_information",0.0,0.0,0.0,0.0,0.5715693089162935
intent_com.qihoo.appstore.launcher.shortcut.EBOOK,0,0.11431386178325871,0.22862772356651742,680.1,60.42383635619307,"pearson_r, entropy_reduction_ratio, mutual_information",0.0,0.0,0.0,0.0,0.5715693089162935
intent_com.qihoo.appstore.launcher.shortcut.APP_GROUP,0,0.11431386178325871,0.22862772356651742,680.1,60.42383635619307,"pearson_r, entropy_reduction_ratio, mutual_information",0.0,0.0,0.0,0.0,0.5715693089162935
intent_com.qihoo.appstore.gameunion.DOWNLOAD_SLIENT,0,0.11431386178325871,0.22862772356651742,680.1,60.42383635619307,"pearson_r, entropy_reduction_ratio, mutual_information",0.0,0.0,0.0,0.0,0.5715693089162935
intent_com.qihoo.appstore.download,0,0.11431386178325871,0.22862772356651742,680.1,60.42383635619307,"pearson_r, entropy_reduction_ratio, mutual_information",0.0,0.0,0.0,0.0,0.5715693089162935
intent_com.qihoo.appstore.clipboard.change,0,0.11431386178325871,0.22862772356651742,680.1,60.42383635619307,"pearson_r, entropy_reduction_ratio, mutual_information",0.0,0.0,0.0,0.0,0.5715693089162935
intent_com.qihoo.express.push.MSG_ARRIVED,0,0.11431386178325871,0.22862772356651742,680.1,60.42383635619307,"pearson_r, entropy_reduction_ratio, mutual_information",0.0,0.0,0.0,0.0,0.5715693089162935
intent_com.qihoo.appstore.battery.STABLE_NOTIFY,0,0.11431386178325871,0.22862772356651742,680.1,60.42383635619307,"pearson_r, entropy_reduction_ratio, mutual_information",0.0,0.0,0.0,0.0,0.5715693089162935
intent_com.qihoo.appstore.battery.POWER_RANK_START,0,0.11431386178325871,0.22862772356651742,680.1,60.42383635619307,"pearson_r, entropy_reduction_ratio, mutual_information",0.0,0.0,0.0,0.0,0.5715693089162935
intent_com.qihoo360.mobilesafe.pcdaemon.sms.restore.start,0,0.11431386178325871,0.22862772356651742,680.1,60.42383635619307,"pearson_r, entropy_reduction_ratio, mutual_information",0.0,0.0,0.0,0.0,0.5715693089162935
intent_com.qihoo360.mobilesafe.clean.DOWNLOADDLG,0,0.11431386178325871,0.22862772356651742,680.1,60.42383635619307,"pearson_r, entropy_reduction_ratio, mutual_information",0.0,0.0,0.0,0.0,0.5715693089162935
intent_com.qihoo.appstore.battery.NOTIFY,0,0.11431386178325871,0.22862772356651742,680.1,60.42383635619307,"pearson_r, entropy_reduction_ratio, mutual_information",0.0,0.0,0.0,0.0,0.5715693089162935
intent_com.qihoo.appstore.zhushouhelper.IZhushouHelperService,0,0.11431386178325871,0.22862772356651742,680.1,60.42383635619307,"pearson_r, entropy_reduction_ratio, mutual_information",0.0,0.0,0.0,0.0,0.5715693089162935
intent_com.qihoo.appstore.powerusage.HIGH_TEMPERATURE,0,0.11431386178325871,0.22862772356651742,680.1,60.42383635619307,"pearson_r, entropy_reduction_ratio, mutual_information",0.0,0.0,0.0,0.0,0.5715693089162935
intent_com.qihoo.appstore.plugin.streamapp.IPluginHelperServiceStreamApp,0,0.11431386178325871,0.22862772356651742,680.1,60.42383635619307,"pearson_r, entropy_reduction_ratio, mutual_information",0.0,0.0,0.0,0.0,0.5715693089162935
intent_com.qihoo.appstore.stablenotification.NewsBroadcastReceiver,0,0.11431386178325871,0.22862772356651742,680.1,60.42383635619307,"pearson_r, entropy_reduction_ratio, mutual_information",0.0,0.0,0.0,0.0,0.5715693089162935
intent_com.qihoo.appstore.launcher.shortcut.WEBVIEW,0,0.11431386178325871,0.22862772356651742,680.1,60.42383635619307,"pearson_r, entropy_reduction_ratio, mutual_information",0.0,0.0,0.0,0.0,0.5715693089162935
intent_com.qihoo.appstore.launcher.shortcut.VIDEO,0,0.11431386178325871,0.22862772356651742,680.1,60.42383635619307,"pearson_r, entropy_reduction_ratio, mutual_information",0.0,0.0,0.0,0.0,0.5715693089162935
intent_com.qihoo360.daemon.pcdaemon.ACTION_START_OPERATE_AUTHOR,0,0.11431386178325871,0.22862772356651742,680.1,60.42383635619307,"pearson_r, entropy_reduction_ratio, mutual_information",0.0,0.0,0.0,0.0,0.5715693089162935
intent_com.qihoo.appstore.ACTION_NORMAL_INSTALL_ERROR,0,0.11431386178325871,0.22862772356651742,680.1,60.42383635619307,"pearson_r, entropy_reduction_ratio, mutual_information",0.0,0.0,0.0,0.0,0.5715693089162935
intent_com.qihoo.appstore.ACTION_MEM_SCAN,0,0.11431386178325871,0.22862772356651742,680.1,60.42383635619307,"pearson_r, entropy_reduction_ratio, mutual_information",0.0,0.0,0.0,0.0,0.5715693089162935
intent_com.qihoo.appstore.ACTION_LAUNCH_SERVICE_ACTIVITY,0,0.11431386178325871,0.22862772356651742,680.1,60.42383635619307,"pearson_r, entropy_reduction_ratio, mutual_information",0.0,0.0,0.0,0.0,0.5715693089162935
intent_com.qihoo.appstore.ACTION_UPDATE_LAST_WX_CLEAR,0,0.11431386178325871,0.22862772356651742,680.1,60.42383635619307,"pearson_r, entropy_reduction_ratio, mutual_information",0.0,0.0,0.0,0.0,0.5715693089162935
intent_com.qihoo.appstore.ACTION_GET_DOWNLOAD_APK_PATH,0,0.11431386178325871,0.22862772356651742,680.1,60.42383635619307,"pearson_r, entropy_reduction_ratio, mutual_information",0.0,0.0,0.0,0.0,0.5715693089162935
intent_com.qihoo.appstore.ACTION_GAME_UNION_WEB,0,0.11431386178325871,0.22862772356651742,680.1,60.42383635619307,"pearson_r, entropy_reduction_ratio, mutual_information",0.0,0.0,0.0,0.0,0.5715693089162935
intent_com.qihoo.appstore.ACTION_GAME_UNION_DETAIL,0,0.11431386178325871,0.22862772356651742,680.1,60.42383635619307,"pearson_r, entropy_reduction_ratio, mutual_information",0.0,0.0,0.0,0.0,0.5715693089162935
intent_com.qihoo.appstore.ACTION_CLEAN_STOP_SERVICE,0,0.11431386178325871,0.22862772356651742,680.1,60.42383635619307,"pearson_r, entropy_reduction_ratio, mutual_information",0.0,0.0,0.0,0.0,0.5715693089162935
intent_com.qihoo.appstore.ACTION_HANDLE_SYSTEM_APP,0,0.11431386178325871,0.22862772356651742,680.1,60.42383635619307,"pearson_r, entropy_reduction_ratio, mutual_information",0.0,0.0,0.0,0.0,0.5715693089162935
intent_com.qihoo.appstore.ACTION_GET_SIGNIN_FOR_NOTIFYCATION,0,0.11431386178325871,0.22862772356651742,680.1,60.42383635619307,"pearson_r, entropy_reduction_ratio, mutual_information",0.0,0.0,0.0,0.0,0.5715693089162935
intent_com.qihoo.appstore.checkupdate.NOTIFY_APP_UPDATE,0,0.11431386178325871,0.22862772356651742,680.1,60.42383635619307,"pearson_r, entropy_reduction_ratio, mutual_information",0.0,0.0,0.0,0.0,0.5715693089162935
intent_com.qihoo.appstore.checkupdate.INIT_APK_INFO,0,0.11431386178325871,0.22862772356651742,680.1,60.42383635619307,"pearson_r, entropy_reduction_ratio, mutual_information",0.0,0.0,0.0,0.0,0.5715693089162935
intent_com.qihoo.appstore.battery.STOP,0,0.11431386178325871,0.22862772356651742,680.1,60.42383635619307,"pearson_r, entropy_reduction_ratio, mutual_information",0.0,0.0,0.0,0.0,0.5715693089162935
intent_com.qihoo.appstore.ACTION_CLEAR_CREATE_SHORTCUT,0,0.11431386178325871,0.22862772356651742,680.1,60.42383635619307,"pearson_r, entropy_reduction_ratio, mutual_information",0.0,0.0,0.0,0.0,0.5715693089162935
intent_com.qihoo.appstore.battery.ICON,0,0.11431386178325871,0.22862772356651742,680.1,60.42383635619307,"pearson_r, entropy_reduction_ratio, mutual_information",0.0,0.0,0.0,0.0,0.5715693089162935
intent_com.qihoo.appstore.battery.FREEZE_APP,0,0.11431386178325871,0.22862772356651742,680.1,60.42383635619307,"pearson_r, entropy_reduction_ratio, mutual_information",0.0,0.0,0.0,0.0,0.5715693089162935
intent_com.qihoo.appstore.clean.result,0,0.11431386178325871,0.22862772356651742,680.1,60.42383635619307,"pearson_r, entropy_reduction_ratio, mutual_information",0.0,0.0,0.0,0.0,0.5715693089162935
intent_com.qihoo.appstore.activate,0,0.11431386178325871,0.22862772356651742,680.1,60.42383635619307,"pearson_r, entropy_reduction_ratio, mutual_information",0.0,0.0,0.0,0.0,0.5715693089162935
intent_com.qihoo.appstore.accessibility.ALERT,0,0.11431386178325871,0.22862772356651742,680.1,60.42383635619307,"pearson_r, entropy_reduction_ratio, mutual_information",0.0,0.0,0.0,0.0,0.5715693089162935
intent_com.qihoo.appstore.PLUGIN_ICON,0,0.11431386178325871,0.22862772356651742,680.1,60.42383635619307,"pearson_r, entropy_reduction_ratio, mutual_information",0.0,0.0,0.0,0.0,0.5715693089162935
intent_com.qihoo.appstore.battery.START,0,0.11431386178325871,0.22862772356651742,680.1,60.42383635619307,"pearson_r, entropy_reduction_ratio, mutual_information",0.0,0.0,0.0,0.0,0.5715693089162935
intent_com.qihoo.appstore.LitePluginDownload,0,0.11431386178325871,0.22862772356651742,680.1,60.42383635619307,"pearson_r, entropy_reduction_ratio, mutual_information",0.0,0.0,0.0,0.0,0.5715693089162935
intent_com.qihoo.appstore.CLEAN_ACTIVITY_DESTROY,0,0.11431386178325871,0.22862772356651742,680.1,60.42383635619307,"pearson_r, entropy_reduction_ratio, mutual_information",0.0,0.0,0.0,0.0,0.5715693089162935
intent_com.qihoo.appstore.CHECK_STORAGE,0,0.11431386178325871,0.22862772356651742,680.1,60.42383635619307,"pearson_r, entropy_reduction_ratio, mutual_information",0.0,0.0,0.0,0.0,0.5715693089162935
intent_com.qihoo.appstore.plugin.battery.setConfig,0,0.11431386178325871,0.22862772356651742,680.1,60.42383635619307,"pearson_r, entropy_reduction_ratio, mutual_information",0.0,0.0,0.0,0.0,0.5715693089162935
intent_com.qihoo.appstore.open.wallet,0,0.11431386178325871,0.22862772356651742,680.1,60.42383635619307,"pearson_r, entropy_reduction_ratio, mutual_information",0.0,0.0,0.0,0.0,0.5715693089162935
intent_action.qihoo360.daemon.pcdaemon.DaemonStatus,0,0.11431386178325871,0.22862772356651742,680.1,60.42383635619307,"pearson_r, entropy_reduction_ratio, mutual_information",0.0,0.0,0.0,0.0,0.5715693089162935
perm_qiku.permission.READ_WRITE_SAFE_SPACE,0,0.11431386178325871,0.22862772356651742,680.1,60.42383635619307,"pearson_r, entropy_reduction_ratio, mutual_information",0.0,0.0,0.0,0.0,0.5715693089162935
perm_com.sonyericsson.home.READ_SETTINGS,0,0.11431386178325871,0.22862772356651742,680.1,60.42383635619307,"pearson_r, entropy_reduction_ratio, mutual_information",0.0,0.0,0.0,0.0,0.5715693089162935
intent_android.intent.action.defaultSmsSet,0,0.11431386178325871,0.22862772356651742,680.1,60.42383635619307,"pearson_r, entropy_reduction_ratio, mutual_information",0.0,0.0,0.0,0.0,0.5715693089162935
perm_com.yulong.android.launcher3.WRITE_SETTINGS,0,0.11431386178325871,0.22862772356651742,680.1,60.42383635619307,"pearson_r, entropy_reduction_ratio, mutual_information",0.0,0.0,0.0,0.0,0.5715693089162935
perm_android.permission.READ_CELL_BROADCASTS,0,0.11431386178325871,0.22862772356651742,680.1,60.42383635619307,"pearson_r, entropy_reduction_ratio, mutual_information",0.0,0.0,0.0,0.0,0.5715693089162935
perm_xmpp.permission.RECEIVE_NOTIFICATION,0,0.11431386178325871,0.22862772356651742,680.1,60.42383635619307,"pearson_r, entropy_reduction_ratio, mutual_information",0.0,0.0,0.0,0.0,0.5715693089162935
perm_xmpp.permission.ACCESS_API,0,0.11431386178325871,0.22862772356651742,680.1,60.42383635619307,"pearson_r, entropy_reduction_ratio, mutual_information",0.0,0.0,0.0,0.0,0.5715693089162935
intent_com.coolcloud.xmpp.NOTIFICATION.1010048,0,0.11431386178325871,0.22862772356651742,680.1,60.42383635619307,"pearson_r, entropy_reduction_ratio, mutual_information",0.0,0.0,0.0,0.0,0.5715693089162935
intent_action_send_pop,0,0.11431386178325871,0.22862772356651742,680.1,60.42383635619307,"pearson_r, entropy_reduction_ratio, mutual_information",0.0,0.0,0.0,0.0,0.5715693089162935
intent_action_send_cancel,0,0.11431386178325871,0.22862772356651742,680.1,60.42383635619307,"pearson_r, entropy_reduction_ratio, mutual_information",0.0,0.0,0.0,0.0,0.5715693089162935
perm_android.permission.CHANGE_WIMAX_STATE,0,0.11431386178325871,0.22862772356651742,680.1,60.42383635619307,"pearson_r, entropy_reduction_ratio, mutual_information",0.0,0.0,0.0,0.0,0.5715693089162935
perm_com.ztemt.launcher.permission.READ_SETTINGS,0,0.11431386178325871,0.22862772356651742,680.1,60.42383635619307,"pearson_r, entropy_reduction_ratio, mutual_information",0.0,0.0,0.0,0.0,0.5715693089162935
perm_android.permission.ACCESS_WIMAX_STATE,0,0.11431386178325871,0.22862772356651742,680.1,60.42383635619307,"pearson_r, entropy_reduction_ratio, mutual_information",0.0,0.0,0.0,0.0,0.5715693089162935
perm_android.permission.PERSISTENT_ACTIVITY,0,0.11431386178325871,0.22862772356651742,680.1,60.42383635619307,"pearson_r, entropy_reduction_ratio, mutual_information",0.0,0.0,0.0,0.0,0.5715693089162935
perm_com.zte.mifavor.launcher.permission.READ_SETTINGS,0,0.11431386178325871,0.22862772356651742,680.1,60.42383635619307,"pearson_r, entropy_reduction_ratio, mutual_information",0.0,0.0,0.0,0.0,0.5715693089162935
perm_com.yulong.android.launcherL.permission.READ_SETTINGS,0,0.11431386178325871,0.22862772356651742,680.1,60.42383635619307,"pearson_r, entropy_reduction_ratio, mutual_information",0.0,0.0,0.0,0.0,0.5715693089162935
intent_android.intent.action.CAL,0,0.11431386178325871,0.22862772356651742,680.1,60.42383635619307,"pearson_r, entropy_reduction_ratio, mutual_information",0.0,0.0,0.0,0.0,0.5715693089162935
perm_com.qiku.launcher.permission.READ_SETTINGS,0,0.11431386178325871,0.22862772356651742,680.1,60.42383635619307,"pearson_r, entropy_reduction_ratio, mutual_information",0.0,0.0,0.0,0.0,0.5715693089162935
perm_com.android.launcher2.permission.WRITE_SETTINGS,0,0.11431386178325871,0.22862772356651742,680.1,60.42383635619307,"pearson_r, entropy_reduction_ratio, mutual_information",0.0,0.0,0.0,0.0,0.5715693089162935
perm_com.google.android.providers.talk.permission.WRITE_ONLY,0,0.11431386178325871,0.22862772356651742,680.1,60.42383635619307,"pearson_r, entropy_reduction_ratio, mutual_information",0.0,0.0,0.0,0.0,0.5715693089162935
perm_com.google.android.gms.permission.AD_ID_NOTIFICATION,0,0.11431386178325871,0.22862772356651742,680.1,60.42383635619307,"pearson_r, entropy_reduction_ratio, mutual_information",0.0,0.0,0.0,0.0,0.5715693089162935
perm_com.google.android.googleapps.permission.GOOGLE_AUTH.youtube,0,0.11431386178325871,0.22862772356651742,680.1,60.42383635619307,"pearson_r, entropy_reduction_ratio, mutual_information",0.0,0.0,0.0,0.0,0.5715693089162935
perm_com.google.android.googleapps.permission.GOOGLE_AUTH.news,0,0.11431386178325871,0.22862772356651742,680.1,60.42383635619307,"pearson_r, entropy_reduction_ratio, mutual_information",0.0,0.0,0.0,0.0,0.5715693089162935
perm_com.google.android.googleapps.permission.GOOGLE_AUTH.wifi,0,0.11431386178325871,0.22862772356651742,680.1,60.42383635619307,"pearson_r, entropy_reduction_ratio, mutual_information",0.0,0.0,0.0,0.0,0.5715693089162935
perm_com.google.android.googleapps.permission.GOOGLE_AUTH.speechpersonalization,0,0.11431386178325871,0.22862772356651742,680.1,60.42383635619307,"pearson_r, entropy_reduction_ratio, mutual_information",0.0,0.0,0.0,0.0,0.5715693089162935
perm_com.google.android.googleapps.permission.GOOGLE_AUTH.grandcentral,0,0.11431386178325871,0.22862772356651742,680.1,60.42383635619307,"pearson_r, entropy_reduction_ratio, mutual_information",0.0,0.0,0.0,0.0,0.5715693089162935
perm_com.google.android.googleapps.permission.GOOGLE_AUTH.local,0,0.11431386178325871,0.22862772356651742,680.1,60.42383635619307,"pearson_r, entropy_reduction_ratio, mutual_information",0.0,0.0,0.0,0.0,0.5715693089162935
perm_com.google.android.googleapps.permission.GOOGLE_AUTH.jotspot,0,0.11431386178325871,0.22862772356651742,680.1,60.42383635619307,"pearson_r, entropy_reduction_ratio, mutual_information",0.0,0.0,0.0,0.0,0.5715693089162935
perm_com.google.android.googleapps.permission.GOOGLE_AUTH.ig,0,0.11431386178325871,0.22862772356651742,680.1,60.42383635619307,"pearson_r, entropy_reduction_ratio, mutual_information",0.0,0.0,0.0,0.0,0.5715693089162935
perm_com.google.android.googleapps.permission.GOOGLE_AUTH.health,0,0.11431386178325871,0.22862772356651742,680.1,60.42383635619307,"pearson_r, entropy_reduction_ratio, mutual_information",0.0,0.0,0.0,0.0,0.5715693089162935
perm_com.google.android.googleapps.permission.GOOGLE_AUTH.groups2,0,0.11431386178325871,0.22862772356651742,680.1,60.42383635619307,"pearson_r, entropy_reduction_ratio, mutual_information",0.0,0.0,0.0,0.0,0.5715693089162935
perm_com.google.android.googleapps.permission.GOOGLE_AUTH.notebook,0,0.11431386178325871,0.22862772356651742,680.1,60.42383635619307,"pearson_r, entropy_reduction_ratio, mutual_information",0.0,0.0,0.0,0.0,0.5715693089162935
perm_com.google.android.googleapps.permission.GOOGLE_AUTH.cl,0,0.11431386178325871,0.22862772356651742,680.1,60.42383635619307,"pearson_r, entropy_reduction_ratio, mutual_information",0.0,0.0,0.0,0.0,0.5715693089162935
perm_com.google.android.googleapps.permission.GOOGLE_AUTH.adwords,0,0.11431386178325871,0.22862772356651742,680.1,60.42383635619307,"pearson_r, entropy_reduction_ratio, mutual_information",0.0,0.0,0.0,0.0,0.5715693089162935
perm_com.google.android.googleapps.permission.GOOGLE_AUTH.orkut,0,0.11431386178325871,0.22862772356651742,680.1,60.42383635619307,"pearson_r, entropy_reduction_ratio, mutual_information",0.0,0.0,0.0,0.0,0.5715693089162935
perm_com.google.android.googleapps.permission.GOOGLE_AUTH.adsense,0,0.11431386178325871,0.22862772356651742,680.1,60.42383635619307,"pearson_r, entropy_reduction_ratio, mutual_information",0.0,0.0,0.0,0.0,0.5715693089162935
perm_android.permission.SET_TIME_ZONE,0,0.11431386178325871,0.22862772356651742,680.1,60.42383635619307,"pearson_r, entropy_reduction_ratio, mutual_information",0.0,0.0,0.0,0.0,0.5715693089162935
perm_android.permission.USE_SIP,0,0.11431386178325871,0.22862772356651742,680.1,60.42383635619307,"pearson_r, entropy_reduction_ratio, mutual_information",0.0,0.0,0.0,0.0,0.5715693089162935
perm_com.google.android.googleapps.permission.GOOGLE_AUTH.OTHER_SERVICES,0,0.11431386178325871,0.22862772356651742,680.1,60.42383635619307,"pearson_r, entropy_reduction_ratio, mutual_information",0.0,0.0,0.0,0.0,0.5715693089162935
perm_com.google.android.googleapps.permission.GOOGLE_AUTH.writely,0,0.11431386178325871,0.22862772356651742,680.1,60.42383635619307,"pearson_r, entropy_reduction_ratio, mutual_information",0.0,0.0,0.0,0.0,0.5715693089162935
intent_safiap.GET_SHARED_DATA,0,0.11431386178325871,0.22862772356651742,680.1,60.42383635619307,"pearson_r, entropy_reduction_ratio, mutual_information",0.0,0.0,0.0,0.0,0.5715693089162935
intent_safiap.framework.ACTION_SET_TIMER,0,0.11431386178325871,0.22862772356651742,680.1,60.42383635619307,"pearson_r, entropy_reduction_ratio, mutual_information",0.0,0.0,0.0,0.0,0.5715693089162935
intent_safiap.framework.ACTION_TO_INSTALL_IAP,0,0.11431386178325871,0.22862772356651742,680.1,60.42383635619307,"pearson_r, entropy_reduction_ratio, mutual_information",0.0,0.0,0.0,0.0,0.5715693089162935
intent_safiap.framework.ACTION_CANCEL_NOTIFICATION,0,0.11431386178325871,0.22862772356651742,680.1,60.42383635619307,"pearson_r, entropy_reduction_ratio, mutual_information",0.0,0.0,0.0,0.0,0.5715693089162935
perm_com.actionlauncher.playstore.permission.READ_SETTINGS,0,0.11431386178325871,0.22862772356651742,680.1,60.42383635619307,"pearson_r, entropy_reduction_ratio, mutual_information",0.0,0.0,0.0,0.0,0.5715693089162935
perm_com.apusapps.launcher.permission.READ_SETTINGS,0,0.11431386178325871,0.22862772356651742,680.1,60.42383635619307,"pearson_r, entropy_reduction_ratio, mutual_information",0.0,0.0,0.0,0.0,0.5715693089162935
perm_android.permission.ACCOUNT_MANAGER,0,0.11431386178325871,0.22862772356651742,680.1,60.42383635619307,"pearson_r, entropy_reduction_ratio, mutual_information",0.0,0.0,0.0,0.0,0.5715693089162935
perm_com.google.android.googleapps.permission.GOOGLE_AUTH.androidsecure,0,0.11431386178325871,0.22862772356651742,680.1,60.42383635619307,"pearson_r, entropy_reduction_ratio, mutual_information",0.0,0.0,0.0,0.0,0.5715693089162935
perm_com.google.android.googleapps.permission.GOOGLE_AUTH.android,0,0.11431386178325871,0.22862772356651742,680.1,60.42383635619307,"pearson_r, entropy_reduction_ratio, mutual_information",0.0,0.0,0.0,0.0,0.5715693089162935
perm_com.google.android.googleapps.permission.GOOGLE_AUTH.sierra,0,0.11431386178325871,0.22862772356651742,680.1,60.42383635619307,"pearson_r, entropy_reduction_ratio, mutual_information",0.0,0.0,0.0,0.0,0.5715693089162935
perm_com.tsf.shell.permission.READ_SETTINGS,0,0.11431386178325871,0.22862772356651742,680.1,60.42383635619307,"pearson_r, entropy_reduction_ratio, mutual_information",0.0,0.0,0.0,0.0,0.5715693089162935
perm_android.permission.WRITE_USER_DICTIONARY,0,0.11431386178325871,0.22862772356651742,680.1,60.42383635619307,"pearson_r, entropy_reduction_ratio, mutual_information",0.0,0.0,0.0,0.0,0.5715693089162935
intent_android.intent.action.NOTIFICATION_REMOVE,0,0.11431386178325871,0.22862772356651742,680.1,60.42383635619307,"pearson_r, entropy_reduction_ratio, mutual_information",0.0,0.0,0.0,0.0,0.5715693089162935
intent_android.intent.action.NOTIFICATION_ADD,0,0.11431386178325871,0.22862772356651742,680.1,60.42383635619307,"pearson_r, entropy_reduction_ratio, mutual_information",0.0,0.0,0.0,0.0,0.5715693089162935
intent_android.intent.action.NOTIFICATION_UPDATE,0,0.11431386178325871,0.22862772356651742,680.1,60.42383635619307,"pearson_r, entropy_reduction_ratio, mutual_information",0.0,0.0,0.0,0.0,0.5715693089162935
intent_safiap.framework.ACTION_NETWORK_ERROR_FRAMEWORK,0,0.11431386178325871,0.22862772356651742,680.1,60.42383635619307,"pearson_r, entropy_reduction_ratio, mutual_information",0.0,0.0,0.0,0.0,0.5715693089162935
intent_safiap.framework.ACTION_NETWORK_ERROR_IAP,0,0.11431386178325871,0.22862772356651742,680.1,60.42383635619307,"pearson_r, entropy_reduction_ratio, mutual_information",0.0,0.0,0.0,0.0,0.5715693089162935
intent_android.provider.OppoSpeechAssist.SMS_RECEIVED,0,0.11431386178325871,0.22862772356651742,680.1,60.42383635619307,"pearson_r, entropy_reduction_ratio, mutual_information",0.0,0.0,0.0,0.0,0.5715693089162935
perm_android.permission.BROADCAST_SMS,0,0.11431386178325871,0.22862772356651742,680.1,60.42383635619307,"pearson_r, entropy_reduction_ratio, mutual_information",0.0,0.0,0.0,0.0,0.5715693089162935
perm_dianxin.permission.ACCESS_LAUNCHER_DATA,0,0.11431386178325871,0.22862772356651742,680.1,60.42383635619307,"pearson_r, entropy_reduction_ratio, mutual_information",0.0,0.0,0.0,0.0,0.5715693089162935
intent_com.excelliance.kxqp.platform.gameplugin.action.BIND_REMOTE,0,0.11431386178325871,0.22862772356651742,680.1,60.42383635619307,"pearson_r, entropy_reduction_ratio, mutual_information",0.0,0.0,0.0,0.0,0.5715693089162935
perm_org.adw.launcher.permission.WRITE_SETTINGS,0,0.11431386178325871,0.22862772356651742,680.1,60.42383635619307,"pearson_r, entropy_reduction_ratio, mutual_information",0.0,0.0,0.0,0.0,0.5715693089162935
perm_com.sec.android.app.twlauncher.settings.WRITE_SETTINGS,0,0.11431386178325871,0.22862772356651742,680.1,60.42383635619307,"pearson_r, entropy_reduction_ratio, mutual_information",0.0,0.0,0.0,0.0,0.5715693089162935
perm_com.android.voicemail.permission.READ_WRITE_ALL_VOICEMAIL,0,0.11431386178325871,0.22862772356651742,680.1,60.42383635619307,"pearson_r, entropy_reduction_ratio, mutual_information",0.0,0.0,0.0,0.0,0.5715693089162935
perm_telecom.mdesk.permission.WRITE_SETTINGS,0,0.11431386178325871,0.22862772356651742,680.1,60.42383635619307,"pearson_r, entropy_reduction_ratio, mutual_information",0.0,0.0,0.0,0.0,0.5715693089162935
perm_net.qihoo.launcher.permission.WRITE_SETTINGS,0,0.11431386178325871,0.22862772356651742,680.1,60.42383635619307,"pearson_r, entropy_reduction_ratio, mutual_information",0.0,0.0,0.0,0.0,0.5715693089162935
perm_com.android.mylauncher.permission.WRITE_SETTINGS,0,0.11431386178325871,0.22862772356651742,680.1,60.42383635619307,"pearson_r, entropy_reduction_ratio, mutual_information",0.0,0.0,0.0,0.0,0.5715693089162935
perm_org.adw.launcher_donut.permission.WRITE_SETTINGS,0,0.11431386178325871,0.22862772356651742,680.1,60.42383635619307,"pearson_r, entropy_reduction_ratio, mutual_information",0.0,0.0,0.0,0.0,0.5715693089162935
perm_com.ebproductions.android.launcher.permission.WRITE_SETTINGS,0,0.11431386178325871,0.22862772356651742,680.1,60.42383635619307,"pearson_r, entropy_reduction_ratio, mutual_information",0.0,0.0,0.0,0.0,0.5715693089162935
perm_android.permission.BIND_DIRECTORY_SEARCH,0,0.11431386178325871,0.22862772356651742,680.1,60.42383635619307,"pearson_r, entropy_reduction_ratio, mutual_information",0.0,0.0,0.0,0.0,0.5715693089162935
perm_com.huawei.launcher2.permission.WRITE_SETTINGS,0,0.11431386178325871,0.22862772356651742,680.1,60.42383635619307,"pearson_r, entropy_reduction_ratio, mutual_information",0.0,0.0,0.0,0.0,0.5715693089162935
perm_com.huawei.launcher3.permission.WRITE_SETTINGS,0,0.11431386178325871,0.22862772356651742,680.1,60.42383635619307,"pearson_r, entropy_reduction_ratio, mutual_information",0.0,0.0,0.0,0.0,0.5715693089162935
perm_com.samsung.android.providers.context.permission.WRITE_RECORD_AUDIO,0,0.11431386178325871,0.22862772356651742,680.1,60.42383635619307,"pearson_r, entropy_reduction_ratio, mutual_information",0.0,0.0,0.0,0.0,0.5715693089162935
perm_com.samsung.svoice.sync.ACCESS_SERVICE,0,0.11431386178325871,0.22862772356651742,680.1,60.42383635619307,"pearson_r, entropy_reduction_ratio, mutual_information",0.0,0.0,0.0,0.0,0.5715693089162935
perm_com.samsung.svoice.sync.READ_DATABASE,0,0.11431386178325871,0.22862772356651742,680.1,60.42383635619307,"pearson_r, entropy_reduction_ratio, mutual_information",0.0,0.0,0.0,0.0,0.5715693089162935
perm_com.samsung.svoice.sync.WRITE_DATABASE,0,0.11431386178325871,0.22862772356651742,680.1,60.42383635619307,"pearson_r, entropy_reduction_ratio, mutual_information",0.0,0.0,0.0,0.0,0.5715693089162935
perm_com.sec.android.permission.LAUNCH_PERSONAL_PAGE_SERVICE,0,0.11431386178325871,0.22862772356651742,680.1,60.42383635619307,"pearson_r, entropy_reduction_ratio, mutual_information",0.0,0.0,0.0,0.0,0.5715693089162935
perm_com.sec.android.permission.VOIP_INTERFACE,0,0.11431386178325871,0.22862772356651742,680.1,60.42383635619307,"pearson_r, entropy_reduction_ratio, mutual_information",0.0,0.0,0.0,0.0,0.5715693089162935
perm_com.sec.android.settings.permission.SOFT_RESET,0,0.11431386178325871,0.22862772356651742,680.1,60.42383635619307,"pearson_r, entropy_reduction_ratio, mutual_information",0.0,0.0,0.0,0.0,0.5715693089162935
perm_com.samsung.android.scloud.backup.lib.read,0,0.11431386178325871,0.22862772356651742,680.1,60.42383635619307,"pearson_r, entropy_reduction_ratio, mutual_information",0.0,0.0,0.0,0.0,0.5715693089162935
intent_com.qihoo.appstore.ACTION_UNLOCK_BROADCAST_RECEIVE,0,0.11431386178325871,0.22862772356651742,680.1,60.42383635619307,"pearson_r, entropy_reduction_ratio, mutual_information",0.0,0.0,0.0,0.0,0.5715693089162935
perm_android.permission.BACKUP,0,0.11431386178325871,0.22862772356651742,680.1,60.42383635619307,"pearson_r, entropy_reduction_ratio, mutual_information",0.0,0.0,0.0,0.0,0.5715693089162935
perm_android.permission.UPDATE_DEVICE_STATS,0,0.11431386178325871,0.22862772356651742,680.1,60.42383635619307,"pearson_r, entropy_reduction_ratio, mutual_information",0.0,0.0,0.0,0.0,0.5715693089162935
perm_com.huawei.authentication.HW_ACCESS_AUTH_SERVICE,0,0.11431386178325871,0.22862772356651742,680.1,60.42383635619307,"pearson_r, entropy_reduction_ratio, mutual_information",0.0,0.0,0.0,0.0,0.5715693089162935
perm_ACCESS_WIFI_STATE,0,0.11431386178325871,0.22862772356651742,680.1,60.42383635619307,"pearson_r, entropy_reduction_ratio, mutual_information",0.0,0.0,0.0,0.0,0.5715693089162935
perm_android.permission.READ_CLIPS,0,0.11431386178325871,0.22862772356651742,680.1,60.42383635619307,"pearson_r, entropy_reduction_ratio, mutual_information",0.0,0.0,0.0,0.0,0.5715693089162935
perm_android.permission.GET_INTENT_SENDER_INTENT,0,0.11431386178325871,0.22862772356651742,680.1,60.42383635619307,"pearson_r, entropy_reduction_ratio, mutual_information",0.0,0.0,0.0,0.0,0.5715693089162935
perm_android.permission.GET_CLIPS,0,0.11431386178325871,0.22862772356651742,680.1,60.42383635619307,"pearson_r, entropy_reduction_ratio, mutual_information",0.0,0.0,0.0,0.0,0.5715693089162935
intent_android.intent.action.MAIN,0,0.11431386178325871,0.22862772356651742,680.1,60.42383635619307,"pearson_r, entropy_reduction_ratio, mutual_information",0.0,0.0,0.0,0.0,0.5715693089162935
intent_com.google.vr.vrcore.ACTION_NONE,0,0.11431386178325871,0.22862772356651742,680.1,60.42383635619307,"pearson_r, entropy_reduction_ratio, mutual_information",0.0,0.0,0.0,0.0,0.5715693089162935
intent_co.ronash.pushe.ACTION_TASK_READY,0,0.11431386178325871,0.22862772356651742,680.1,60.42383635619307,"pearson_r, entropy_reduction_ratio, mutual_information",0.0,0.0,0.0,0.0,0.5715693089162935
intent_co.ronash.pushe.CHECK_TASKS,0,0.11431386178325871,0.22862772356651742,680.1,60.42383635619307,"pearson_r, entropy_reduction_ratio, mutual_information",0.0,0.0,0.0,0.0,0.5715693089162935
perm_com.google.android.launcher.permission.WRITE_SETTINGS,0,0.11431386178325871,0.22862772356651742,680.1,60.42383635619307,"pearson_r, entropy_reduction_ratio, mutual_information",0.0,0.0,0.0,0.0,0.5715693089162935
intent_co.ronash.pushe.service.ScreenStateService,0,0.11431386178325871,0.22862772356651742,680.1,60.42383635619307,"pearson_r, entropy_reduction_ratio, mutual_information",0.0,0.0,0.0,0.0,0.5715693089162935
intent_android.intent.action.SIG_STR,0,0.11431386178325871,0.22862772356651742,680.1,60.42383635619307,"pearson_r, entropy_reduction_ratio, mutual_information",0.0,0.0,0.0,0.0,0.5715693089162935
perm_android.permission.LOCAL_MAC_ADDRESS,0,0.11431386178325871,0.22862772356651742,680.1,60.42383635619307,"pearson_r, entropy_reduction_ratio, mutual_information",0.0,0.0,0.0,0.0,0.5715693089162935
intent_com.excelliance.kxqp.platform.action.CRASH_REPORT,0,0.11431386178325871,0.22862772356651742,680.1,60.42383635619307,"pearson_r, entropy_reduction_ratio, mutual_information",0.0,0.0,0.0,0.0,0.5715693089162935
intent_com.door.pay.sdk.app.action,0,0.11431386178325871,0.22862772356651742,680.1,60.42383635619307,"pearson_r, entropy_reduction_ratio, mutual_information",0.0,0.0,0.0,0.0,0.5715693089162935
perm_com.huawei.launcher.permission.READ_SETTINGS,0,0.11431386178325871,0.22862772356651742,680.1,60.42383635619307,"pearson_r, entropy_reduction_ratio, mutual_information",0.0,0.0,0.0,0.0,0.5715693089162935
perm_cn.swiftpass.wxpay.permission.MMOAUTH_CALLBACK,0,0.11431386178325871,0.22862772356651742,680.1,60.42383635619307,"pearson_r, entropy_reduction_ratio, mutual_information",0.0,0.0,0.0,0.0,0.5715693089162935
perm_android.hardware.camera.autofocus,0,0.11431386178325871,0.22862772356651742,680.1,60.42383635619307,"pearson_r, entropy_reduction_ratio, mutual_information",0.0,0.0,0.0,0.0,0.5715693089162935
intent_android.intent.action.DOWNLOAD_NOTIFY,0,0.11431386178325871,0.22862772356651742,680.1,60.42383635619307,"pearson_r, entropy_reduction_ratio, mutual_information",0.0,0.0,0.0,0.0,0.5715693089162935
perm_com.asus.email.permission.ACCESS_PROVIDER,0,0.11431386178325871,0.22862772356651742,680.1,60.42383635619307,"pearson_r, entropy_reduction_ratio, mutual_information",0.0,0.0,0.0,0.0,0.5715693089162935
intent_com.evernote.android.job.ADD_JOB_CREATOR,0,0.11431386178325871,0.22862772356651742,680.1,60.42383635619307,"pearson_r, entropy_reduction_ratio, mutual_information",0.0,0.0,0.0,0.0,0.5715693089162935
intent_com.excelliance.appmate.platform.gameservice.PlatService,0,0.11431386178325871,0.22862772356651742,680.1,60.42383635619307,"pearson_r, entropy_reduction_ratio, mutual_information",0.0,0.0,0.0,0.0,0.5715693089162935
intent_com.excelliance.kxqp.action.SmtServService,0,0.11431386178325871,0.22862772356651742,680.1,60.42383635619307,"pearson_r, entropy_reduction_ratio, mutual_information",0.0,0.0,0.0,0.0,0.5715693089162935
intent_com.excelliance.kxqp.action.GENERIC,0,0.11431386178325871,0.22862772356651742,680.1,60.42383635619307,"pearson_r, entropy_reduction_ratio, mutual_information",0.0,0.0,0.0,0.0,0.5715693089162935
perm_com.facebook.katana.permission.RECEIVE_ADM_MESSAGE,0,0.11431386178325871,0.22862772356651742,680.1,60.42383635619307,"pearson_r, entropy_reduction_ratio, mutual_information",0.0,0.0,0.0,0.0,0.5715693089162935
perm_com.facebook.katana.permission.CROSS_PROCESS_BROADCAST_MANAGER,0,0.11431386178325871,0.22862772356651742,680.1,60.42383635619307,"pearson_r, entropy_reduction_ratio, mutual_information",0.0,0.0,0.0,0.0,0.5715693089162935
perm_com.facebook.permission.prod.SYSTEM_COMMUNICATION,0,0.11431386178325871,0.22862772356651742,680.1,60.42383635619307,"pearson_r, entropy_reduction_ratio, mutual_information",0.0,0.0,0.0,0.0,0.5715693089162935
perm_com.tencent.msf.permission.account.sync,0,0.11431386178325871,0.22862772356651742,680.1,60.42383635619307,"pearson_r, entropy_reduction_ratio, mutual_information",0.0,0.0,0.0,0.0,0.5715693089162935
intent_show_taskmanager,0,0.11431386178325871,0.22862772356651742,680.1,60.42383635619307,"pearson_r, entropy_reduction_ratio, mutual_information",0.0,0.0,0.0,0.0,0.5715693089162935
intent_com.easou.eyou.START_EPAY_PROXY_SERVICE,0,0.11431386178325871,0.22862772356651742,680.1,60.42383635619307,"pearson_r, entropy_reduction_ratio, mutual_information",0.0,0.0,0.0,0.0,0.5715693089162935
perm_com.aspire.mm.permission.READ_SETTINGS,0,0.11431386178325871,0.22862772356651742,680.1,60.42383635619307,"pearson_r, entropy_reduction_ratio, mutual_information",0.0,0.0,0.0,0.0,0.5715693089162935
perm_com.tencent.mm.wear.message,0,0.11431386178325871,0.22862772356651742,680.1,60.42383635619307,"pearson_r, entropy_reduction_ratio, mutual_information",0.0,0.0,0.0,0.0,0.5715693089162935
perm_com.tencent.mm.permission.C2D_MESSAGE,0,0.11431386178325871,0.22862772356651742,680.1,60.42383635619307,"pearson_r, entropy_reduction_ratio, mutual_information",0.0,0.0,0.0,0.0,0.5715693089162935
perm_com.baiqi.weather.permission.READ_SETTINGS,0,0.11431386178325871,0.22862772356651742,680.1,60.42383635619307,"pearson_r, entropy_reduction_ratio, mutual_information",0.0,0.0,0.0,0.0,0.5715693089162935
perm_com.mediatek.launcherplus.permission.READ_SETTINGS,0,0.11431386178325871,0.22862772356651742,680.1,60.42383635619307,"pearson_r, entropy_reduction_ratio, mutual_information",0.0,0.0,0.0,0.0,0.5715693089162935
perm_mobi.SyndicateApps.ICS.launcher.permission.READ_SETTINGS,0,0.11431386178325871,0.22862772356651742,680.1,60.42383635619307,"pearson_r, entropy_reduction_ratio, mutual_information",0.0,0.0,0.0,0.0,0.5715693089162935
perm_com.thunderst.launcher.permission.READ_SETTINGS,0,0.11431386178325871,0.22862772356651742,680.1,60.42383635619307,"pearson_r, entropy_reduction_ratio, mutual_information",0.0,0.0,0.0,0.0,0.5715693089162935
perm_com.yulong2.android.launcher.permission.WRITE_SETTINGS,0,0.11431386178325871,0.22862772356651742,680.1,60.42383635619307,"pearson_r, entropy_reduction_ratio, mutual_information",0.0,0.0,0.0,0.0,0.5715693089162935
perm_com.yulong3.android.launcher.permission.WRITE_SETTINGS,0,0.11431386178325871,0.22862772356651742,680.1,60.42383635619307,"pearson_r, entropy_reduction_ratio, mutual_information",0.0,0.0,0.0,0.0,0.5715693089162935
perm_com.yulong3.android.launcher.permission.READ_SETTINGS,0,0.11431386178325871,0.22862772356651742,680.1,60.42383635619307,"pearson_r, entropy_reduction_ratio, mutual_information",0.0,0.0,0.0,0.0,0.5715693089162935
perm_com.yulong.android.launcher.permission.WRITE_SETTINGS,0,0.11431386178325871,0.22862772356651742,680.1,60.42383635619307,"pearson_r, entropy_reduction_ratio, mutual_information",0.0,0.0,0.0,0.0,0.5715693089162935
intent_android.intent.action.PUSH_NOTIFY_ALARM,0,0.11431386178325871,0.22862772356651742,680.1,60.42383635619307,"pearson_r, entropy_reduction_ratio, mutual_information",0.0,0.0,0.0,0.0,0.5715693089162935
intent_android.intent.action.UPDATE_NOTIFICATION,0,0.11431386178325871,0.22862772356651742,680.1,60.42383635619307,"pearson_r, entropy_reduction_ratio, mutual_information",0.0,0.0,0.0,0.0,0.5715693089162935
perm_com.motorola.dlauncher.permission.READ_SETTINGS,0,0.11431386178325871,0.22862772356651742,680.1,60.42383635619307,"pearson_r, entropy_reduction_ratio, mutual_information",0.0,0.0,0.0,0.0,0.5715693089162935
perm_com.tencent.mm.ext.permission.READ,0,0.11431386178325871,0.22862772356651742,680.1,60.42383635619307,"pearson_r, entropy_reduction_ratio, mutual_information",0.0,0.0,0.0,0.0,0.5715693089162935
perm_com.tencent.mm.ext.permission.WRITE,0,0.11431386178325871,0.22862772356651742,680.1,60.42383635619307,"pearson_r, entropy_reduction_ratio, mutual_information",0.0,0.0,0.0,0.0,0.5715693089162935
perm_com.tencent.mm.plugin.permission.READ,0,0.11431386178325871,0.22862772356651742,680.1,60.42383635619307,"pearson_r, entropy_reduction_ratio, mutual_information",0.0,0.0,0.0,0.0,0.5715693089162935
intent_com.baoruan.launcher3.ACTION_THEME,0,0.11431386178325871,0.22862772356651742,680.1,60.42383635619307,"pearson_r, entropy_reduction_ratio, mutual_information",0.0,0.0,0.0,0.0,0.5715693089162935
intent_android.Intent.ACTION_NEW_OUTGOING_CALL,0,0.11431386178325871,0.22862772356651742,680.1,60.42383635619307,"pearson_r, entropy_reduction_ratio, mutual_information",0.0,0.0,0.0,0.0,0.5715693089162935
perm_com.android.email.permission.READ_ATTACHMENT,0,0.11431386178325871,0.22862772356651742,680.1,60.42383635619307,"pearson_r, entropy_reduction_ratio, mutual_information",0.0,0.0,0.0,0.0,0.5715693089162935
intent_com.excelliance.kxqp.action.swpsrv,0,0.11431386178325871,0.22862772356651742,680.1,60.42383635619307,"pearson_r, entropy_reduction_ratio, mutual_information",0.0,0.0,0.0,0.0,0.5715693089162935
intent_android.intent.action.BATTERY_CHANGED_ACTION,0,0.11431386178325871,0.22862772356651742,680.1,60.42383635619307,"pearson_r, entropy_reduction_ratio, mutual_information",0.0,0.0,0.0,0.0,0.5715693089162935
perm_com.facebook.katana.provider.ACCESS,0,0.11431386178325871,0.22862772356651742,680.1,60.42383635619307,"pearson_r, entropy_reduction_ratio, mutual_information",0.0,0.0,0.0,0.0,0.5715693089162935
intent_show_notificationcenter,0,0.11431386178325871,0.22862772356651742,680.1,60.42383635619307,"pearson_r, entropy_reduction_ratio, mutual_information",0.0,0.0,0.0,0.0,0.5715693089162935
perm_com.xgbuy.xg.permission.JPUSH_MESSAGE,0,0.11431386178325871,0.22862772356651742,680.1,60.42383635619307,"pearson_r, entropy_reduction_ratio, mutual_information",0.0,0.0,0.0,0.0,0.5715693089162935
intent_android.settings.ADD_ACCOUNT_SETTINGS,0,0.11431386178325871,0.22862772356651742,680.1,60.42383635619307,"pearson_r, entropy_reduction_ratio, mutual_information",0.0,0.0,0.0,0.0,0.5715693089162935
intent_show_helpcontent,0,0.11431386178325871,0.22862772356651742,680.1,60.42383635619307,"pearson_r, entropy_reduction_ratio, mutual_information",0.0,0.0,0.0,0.0,0.5715693089162935
perm_com.lenovo.launcher.permission.WRITE_SETTINGS,0,0.11431386178325871,0.22862772356651742,680.1,60.42383635619307,"pearson_r, entropy_reduction_ratio, mutual_information",0.0,0.0,0.0,0.0,0.5715693089162935
intent_android.view.InputMethod,0,0.11431386178325871,0.22862772356651742,680.1,60.42383635619307,"pearson_r, entropy_reduction_ratio, mutual_information",0.0,0.0,0.0,0.0,0.5715693089162935
intent_com.dzbook.service.PerpareDataService,0,0.11431386178325871,0.22862772356651742,680.1,60.42383635619307,"pearson_r, entropy_reduction_ratio, mutual_information",0.0,0.0,0.0,0.0,0.5715693089162935
intent_com.esbook.receiver.message,0,0.11431386178325871,0.22862772356651742,680.1,60.42383635619307,"pearson_r, entropy_reduction_ratio, mutual_information",0.0,0.0,0.0,0.0,0.5715693089162935
intent_com.esbook.receiver.CLICK_BOOK_UPDATE,0,0.11431386178325871,0.22862772356651742,680.1,60.42383635619307,"pearson_r, entropy_reduction_ratio, mutual_information",0.0,0.0,0.0,0.0,0.5715693089162935
intent_android.hardware.usb.action.USB_STATE,0,0.11431386178325871,0.22862772356651742,680.1,60.42383635619307,"pearson_r, entropy_reduction_ratio, mutual_information",0.0,0.0,0.0,0.0,0.5715693089162935
intent_cn.uc.gamesdk.sdkweb,0,0.11431386178325871,0.22862772356651742,680.1,60.42383635619307,"pearson_r, entropy_reduction_ratio, mutual_information",0.0,0.0,0.0,0.0,0.5715693089162935
intent_pushy.me,0,0.11431386178325871,0.22862772356651742,680.1,60.42383635619307,"pearson_r, entropy_reduction_ratio, mutual_information",0.0,0.0,0.0,0.0,0.5715693089162935
intent_com.sogou.pushservice.action.METHOD,0,0.11431386178325871,0.22862772356651742,680.1,60.42383635619307,"pearson_r, entropy_reduction_ratio, mutual_information",0.0,0.0,0.0,0.0,0.5715693089162935
intent_show_lock,0,0.11431386178325871,0.22862772356651742,680.1,60.42383635619307,"pearson_r, entropy_reduction_ratio, mutual_information",0.0,0.0,0.0,0.0,0.5715693089162935
intent_com.yuetu.shentu.Intent.WECHAT_AUTH,0,0.11431386178325871,0.22862772356651742,680.1,60.42383635619307,"pearson_r, entropy_reduction_ratio, mutual_information",0.0,0.0,0.0,0.0,0.5715693089162935
intent_android.intent.apicloud.notification,0,0.11431386178325871,0.22862772356651742,680.1,60.42383635619307,"pearson_r, entropy_reduction_ratio, mutual_information",0.0,0.0,0.0,0.0,0.5715693089162935
perm_com.qihoo.appstore.rtservice.ACCESS_RTSERVICE,0,0.11431386178325871,0.22862772356651742,680.1,60.42383635619307,"pearson_r, entropy_reduction_ratio, mutual_information",0.0,0.0,0.0,0.0,0.5715693089162935
perm_android.permission.ACCESS_ALL_DOWNLOADS,0,0.11431386178325871,0.22862772356651742,680.1,60.42383635619307,"pearson_r, entropy_reduction_ratio, mutual_information",0.0,0.0,0.0,0.0,0.5715693089162935
intent_com.excelliance.dualaid.SHORTCUT_ALARM,0,0.11431386178325871,0.22862772356651742,680.1,60.42383635619307,"pearson_r, entropy_reduction_ratio, mutual_information",0.0,0.0,0.0,0.0,0.5715693089162935
intent_com.excelliance.dualaid.action.downloadcomp,0,0.11431386178325871,0.22862772356651742,680.1,60.42383635619307,"pearson_r, entropy_reduction_ratio, mutual_information",0.0,0.0,0.0,0.0,0.5715693089162935
intent_com.excelliance.dualaid.action.download,0,0.11431386178325871,0.22862772356651742,680.1,60.42383635619307,"pearson_r, entropy_reduction_ratio, mutual_information",0.0,0.0,0.0,0.0,0.5715693089162935
intent_com.excelliance.dualaid.action.appcrash,0,0.11431386178325871,0.22862772356651742,680.1,60.42383635619307,"pearson_r, entropy_reduction_ratio, mutual_information",0.0,0.0,0.0,0.0,0.5715693089162935
intent_com.example.servicejar.action.START_SPIRIT,0,0.11431386178325871,0.22862772356651742,680.1,60.42383635619307,"pearson_r, entropy_reduction_ratio, mutual_information",0.0,0.0,0.0,0.0,0.5715693089162935
perm_com.android.agedlauncher.permission.WRITE_SETTINGS,0,0.11431386178325871,0.22862772356651742,680.1,60.42383635619307,"pearson_r, entropy_reduction_ratio, mutual_information",0.0,0.0,0.0,0.0,0.5715693089162935
intent_com.excelliance.dualaid.action.phone_res_download,0,0.11431386178325871,0.22862772356651742,680.1,60.42383635619307,"pearson_r, entropy_reduction_ratio, mutual_information",0.0,0.0,0.0,0.0,0.5715693089162935
intent_com.igexin.sdk.action.user.message,0,0.11431386178325871,0.22862772356651742,680.1,60.42383635619307,"pearson_r, entropy_reduction_ratio, mutual_information",0.0,0.0,0.0,0.0,0.5715693089162935
intent_com.excelliance.dualaid.action.psts,0,0.11431386178325871,0.22862772356651742,680.1,60.42383635619307,"pearson_r, entropy_reduction_ratio, mutual_information",0.0,0.0,0.0,0.0,0.5715693089162935
intent_android.intent.action.mainintentex,0,0.11431386178325871,0.22862772356651742,680.1,60.42383635619307,"pearson_r, entropy_reduction_ratio, mutual_information",0.0,0.0,0.0,0.0,0.5715693089162935
perm_android.Manifest.permission.READ_PHONE_NUMBERS,0,0.11431386178325871,0.22862772356651742,680.1,60.42383635619307,"pearson_r, entropy_reduction_ratio, mutual_information",0.0,0.0,0.0,0.0,0.5715693089162935
intent_android.intent.action.SENT_SMS_ACTION,0,0.11431386178325871,0.22862772356651742,680.1,60.42383635619307,"pearson_r, entropy_reduction_ratio, mutual_information",0.0,0.0,0.0,0.0,0.5715693089162935
perm_android.Manifest.permission.READ_SMS,0,0.11431386178325871,0.22862772356651742,680.1,60.42383635619307,"pearson_r, entropy_reduction_ratio, mutual_information",0.0,0.0,0.0,0.0,0.5715693089162935
intent_com.Remind.alarm.enable,0,0.11431386178325871,0.22862772356651742,680.1,60.42383635619307,"pearson_r, entropy_reduction_ratio, mutual_information",0.0,0.0,0.0,0.0,0.5715693089162935
intent_show_taskmanagerwhitelist,0,0.11431386178325871,0.22862772356651742,680.1,60.42383635619307,"pearson_r, entropy_reduction_ratio, mutual_information",0.0,0.0,0.0,0.0,0.5715693089162935
intent_android.intent.action.apservice,0,0.11431386178325871,0.22862772356651742,680.1,60.42383635619307,"pearson_r, entropy_reduction_ratio, mutual_information",0.0,0.0,0.0,0.0,0.5715693089162935
intent_com.sogou.passport.service.aidl,0,0.11431386178325871,0.22862772356651742,680.1,60.42383635619307,"pearson_r, entropy_reduction_ratio, mutual_information",0.0,0.0,0.0,0.0,0.5715693089162935
intent_com.mobiletool.appstore.service.weatherservice,0,0.11431386178325871,0.22862772356651742,680.1,60.42383635619307,"pearson_r, entropy_reduction_ratio, mutual_information",0.0,0.0,0.0,0.0,0.5715693089162935
intent_com.mobiletool.appstore.service.weathernotifyreceiver,0,0.11431386178325871,0.22862772356651742,680.1,60.42383635619307,"pearson_r, entropy_reduction_ratio, mutual_information",0.0,0.0,0.0,0.0,0.5715693089162935
intent_com.Remind.launch.app,0,0.11431386178325871,0.22862772356651742,680.1,60.42383635619307,"pearson_r, entropy_reduction_ratio, mutual_information",0.0,0.0,0.0,0.0,0.5715693089162935
intent_com.mobiletool.appstore.action.update,0,0.11431386178325871,0.22862772356651742,680.1,60.42383635619307,"pearson_r, entropy_reduction_ratio, mutual_information",0.0,0.0,0.0,0.0,0.5715693089162935
intent_com.mobiletool.appstore.action.specialdetail,0,0.11431386178325871,0.22862772356651742,680.1,60.42383635619307,"pearson_r, entropy_reduction_ratio, mutual_information",0.0,0.0,0.0,0.0,0.5715693089162935
intent_com.mobiletool.appstore.highspeed,0,0.11431386178325871,0.22862772356651742,680.1,60.42383635619307,"pearson_r, entropy_reduction_ratio, mutual_information",0.0,0.0,0.0,0.0,0.5715693089162935
intent_com.mobiletool.appstore.intent.action.COMMAND,0,0.11431386178325871,0.22862772356651742,680.1,60.42383635619307,"pearson_r, entropy_reduction_ratio, mutual_information",0.0,0.0,0.0,0.0,0.5715693089162935
intent_com.mobiletool.appstore.action.appdetail,0,0.11431386178325871,0.22862772356651742,680.1,60.42383635619307,"pearson_r, entropy_reduction_ratio, mutual_information",0.0,0.0,0.0,0.0,0.5715693089162935
intent_com.mobiletool.appstore.action.backtomarket,0,0.11431386178325871,0.22862772356651742,680.1,60.42383635619307,"pearson_r, entropy_reduction_ratio, mutual_information",0.0,0.0,0.0,0.0,0.5715693089162935
intent_com.mobiletool.appstore.action.service,0,0.11431386178325871,0.22862772356651742,680.1,60.42383635619307,"pearson_r, entropy_reduction_ratio, mutual_information",0.0,0.0,0.0,0.0,0.5715693089162935
intent_com.mobiletool.appstore.action.sdk,0,0.11431386178325871,0.22862772356651742,680.1,60.42383635619307,"pearson_r, entropy_reduction_ratio, mutual_information",0.0,0.0,0.0,0.0,0.5715693089162935
intent_com.esbook.receiver.CLICK_DOWN_BOOK,0,0.11431386178325871,0.22862772356651742,680.1,60.42383635619307,"pearson_r, entropy_reduction_ratio, mutual_information",0.0,0.0,0.0,0.0,0.5715693089162935
intent_intent.action.HEJU,0,0.11431386178325871,0.22862772356651742,680.1,60.42383635619307,"pearson_r, entropy_reduction_ratio, mutual_information",0.0,0.0,0.0,0.0,0.5715693089162935
perm_com.facebook.permission.prod.FB_APP_COMMUNICATION,0,0.11431386178325871,0.22862772356651742,680.1,60.42383635619307,"pearson_r, entropy_reduction_ratio, mutual_information",0.0,0.0,0.0,0.0,0.5715693089162935
perm_com.android.broswer.permission.WRITE_HISTORY_BOOKMARKS,0,0.11431386178325871,0.22862772356651742,680.1,60.42383635619307,"pearson_r, entropy_reduction_ratio, mutual_information",0.0,0.0,0.0,0.0,0.5715693089162935
intent_com.kingroot.common.ACTION_NOTIFY_IN_SELF_APP_MAIN,0,0.11431386178325871,0.22862772356651742,680.1,60.42383635619307,"pearson_r, entropy_reduction_ratio, mutual_information",0.0,0.0,0.0,0.0,0.5715693089162935
intent_com.kingroot.common.ACTION_NEW_APP_STARTED,0,0.11431386178325871,0.22862772356651742,680.1,60.42383635619307,"pearson_r, entropy_reduction_ratio, mutual_information",0.0,0.0,0.0,0.0,0.5715693089162935
intent_com.qihoo.appstore.reservation.alarm,0,0.11431386178325871,0.22862772356651742,680.1,60.42383635619307,"pearson_r, entropy_reduction_ratio, mutual_information",0.0,0.0,0.0,0.0,0.5715693089162935
intent_com.kingroot.common.ACTION_TOP_APP_CHANGED,0,0.11431386178325871,0.22862772356651742,680.1,60.42383635619307,"pearson_r, entropy_reduction_ratio, mutual_information",0.0,0.0,0.0,0.0,0.5715693089162935
intent_com.kingroot.common.ACTION_TOP_ACTIVITY_CHANGED,0,0.11431386178325871,0.22862772356651742,680.1,60.42383635619307,"pearson_r, entropy_reduction_ratio, mutual_information",0.0,0.0,0.0,0.0,0.5715693089162935
intent_com.kingroot.common.ACTION_SWITCH_OUT_DESKTOP,0,0.11431386178325871,0.22862772356651742,680.1,60.42383635619307,"pearson_r, entropy_reduction_ratio, mutual_information",0.0,0.0,0.0,0.0,0.5715693089162935
intent_com.kingroot.common.ACTION_SWITCH_IN_DESKTOP,0,0.11431386178325871,0.22862772356651742,680.1,60.42383635619307,"pearson_r, entropy_reduction_ratio, mutual_information",0.0,0.0,0.0,0.0,0.5715693089162935
intent_com.kingroot.common.ACTION_NOTIFY_OUT_SELF_APP_BY_MAIN,0,0.11431386178325871,0.22862772356651742,680.1,60.42383635619307,"pearson_r, entropy_reduction_ratio, mutual_information",0.0,0.0,0.0,0.0,0.5715693089162935
perm_qiku.permission.ACCESS_QKPARAMS,0,0.11431386178325871,0.22862772356651742,680.1,60.42383635619307,"pearson_r, entropy_reduction_ratio, mutual_information",0.0,0.0,0.0,0.0,0.5715693089162935
intent_com.excelliance.open.NEXT_CHAPTER,0,0.11431386178325871,0.22862772356651742,680.1,60.42383635619307,"pearson_r, entropy_reduction_ratio, mutual_information",0.0,0.0,0.0,0.0,0.5715693089162935
intent_com.sogou.androidtool.action.backtomarket,0,0.11431386178325871,0.22862772356651742,680.1,60.42383635619307,"pearson_r, entropy_reduction_ratio, mutual_information",0.0,0.0,0.0,0.0,0.5715693089162935
intent_com.sogou.androidtool.action.extend,0,0.11431386178325871,0.22862772356651742,680.1,60.42383635619307,"pearson_r, entropy_reduction_ratio, mutual_information",0.0,0.0,0.0,0.0,0.5715693089162935
intent_com.sogou.androidtool.action.download,0,0.11431386178325871,0.22862772356651742,680.1,60.42383635619307,"pearson_r, entropy_reduction_ratio, mutual_information",0.0,0.0,0.0,0.0,0.5715693089162935
perm_com.kingroot.kinguser.permission.activityCalled,0,0.11431386178325871,0.22862772356651742,680.1,60.42383635619307,"pearson_r, entropy_reduction_ratio, mutual_information",0.0,0.0,0.0,0.0,0.5715693089162935
perm_com.kingroot.kinguser.permission.REQUEST,0,0.11431386178325871,0.22862772356651742,680.1,60.42383635619307,"pearson_r, entropy_reduction_ratio, mutual_information",0.0,0.0,0.0,0.0,0.5715693089162935
intent_com.sogou.androidtool.action.sdk,0,0.11431386178325871,0.22862772356651742,680.1,60.42383635619307,"pearson_r, entropy_reduction_ratio, mutual_information",0.0,0.0,0.0,0.0,0.5715693089162935
intent_com.sogou.androidtool.action.BackgroundService,0,0.11431386178325871,0.22862772356651742,680.1,60.42383635619307,"pearson_r, entropy_reduction_ratio, mutual_information",0.0,0.0,0.0,0.0,0.5715693089162935
intent_com.kingroot.master.action.NAIN_EXIT_NOTIFY,0,0.11431386178325871,0.22862772356651742,680.1,60.42383635619307,"pearson_r, entropy_reduction_ratio, mutual_information",0.0,0.0,0.0,0.0,0.5715693089162935
intent_com.sogou.androidtool.action.service,0,0.11431386178325871,0.22862772356651742,680.1,60.42383635619307,"pearson_r, entropy_reduction_ratio, mutual_information",0.0,0.0,0.0,0.0,0.5715693089162935
intent_qihu360.intent.action.EXPORT_STAT,0,0.11431386178325871,0.22862772356651742,680.1,60.42383635619307,"pearson_r, entropy_reduction_ratio, mutual_information",0.0,0.0,0.0,0.0,0.5715693089162935
perm_com.qihoo360.mobilesafe.news.permission.NEWS_SDK_BROADCAST,0,0.11431386178325871,0.22862772356651742,680.1,60.42383635619307,"pearson_r, entropy_reduction_ratio, mutual_information",0.0,0.0,0.0,0.0,0.5715693089162935
intent_com.qihoo.appstore.ACTION_STABLE_NOTIFICATION_CLICK,0,0.11431386178325871,0.22862772356651742,680.1,60.42383635619307,"pearson_r, entropy_reduction_ratio, mutual_information",0.0,0.0,0.0,0.0,0.5715693089162935
intent_com.qihoo.appstore.ACTION_CHARGE_START_PLUGIN,0,0.11431386178325871,0.22862772356651742,680.1,60.42383635619307,"pearson_r, entropy_reduction_ratio, mutual_information",0.0,0.0,0.0,0.0,0.5715693089162935
perm_android.permission.ADDINSTALLKEY,0,0.11431386178325871,0.22862772356651742,680.1,60.42383635619307,"pearson_r, entropy_reduction_ratio, mutual_information",0.0,0.0,0.0,0.0,0.5715693089162935
intent_com.qihoo.appstore.ACTION_WX_CLEAR,0,0.11431386178325871,0.22862772356651742,680.1,60.42383635619307,"pearson_r, entropy_reduction_ratio, mutual_information",0.0,0.0,0.0,0.0,0.5715693089162935
intent_com.secneo.plugin.action.DAILY,0,0.11431386178325871,0.22862772356651742,680.1,60.42383635619307,"pearson_r, entropy_reduction_ratio, mutual_information",0.0,0.0,0.0,0.0,0.5715693089162935
intent_com.excelliance.dualaid.b64.action.update.done,0,0.11431386178325871,0.22862772356651742,680.1,60.42383635619307,"pearson_r, entropy_reduction_ratio, mutual_information",0.0,0.0,0.0,0.0,0.5715693089162935
intent_com.qihoo.appstore.msplugin.install,0,0.11431386178325871,0.22862772356651742,680.1,60.42383635619307,"pearson_r, entropy_reduction_ratio, mutual_information",0.0,0.0,0.0,0.0,0.5715693089162935
perm_com.qiku.android.launcher3.permission.WRITE_UNREAD,0,0.11431386178325871,0.22862772356651742,680.1,60.42383635619307,"pearson_r, entropy_reduction_ratio, mutual_information",0.0,0.0,0.0,0.0,0.5715693089162935
intent_com.qihoo.appstore.utils.ActivityBroadcastReceiver.ACTION_INTENT_TRANSFER,0,0.11431386178325871,0.22862772356651742,680.1,60.42383635619307,"pearson_r, entropy_reduction_ratio, mutual_information",0.0,0.0,0.0,0.0,0.5715693089162935
intent_com.qihoo.appstore.push.PushNotifyCancelReceiver.ACTION_INTENT_CANCEL,0,0.11431386178325871,0.22862772356651742,680.1,60.42383635619307,"pearson_r, entropy_reduction_ratio, mutual_information",0.0,0.0,0.0,0.0,0.5715693089162935
intent_com.qihoo.appstore.ACTION_LOCK_SCREEN_AD_ADD_LISTENER,0,0.11431386178325871,0.22862772356651742,680.1,60.42383635619307,"pearson_r, entropy_reduction_ratio, mutual_information",0.0,0.0,0.0,0.0,0.5715693089162935
perm_com.qiku.android.launcher3.permission.READ_UNREAD,0,0.11431386178325871,0.22862772356651742,680.1,60.42383635619307,"pearson_r, entropy_reduction_ratio, mutual_information",0.0,0.0,0.0,0.0,0.5715693089162935
intent_com.excelliance.dualaid.act.action.ext,0,0.11431386178325871,0.22862772356651742,680.1,60.42383635619307,"pearson_r, entropy_reduction_ratio, mutual_information",0.0,0.0,0.0,0.0,0.5715693089162935
intent_com.kingroot.ACTION_SERVICE_PSS_RECORD,0,0.11431386178325871,0.22862772356651742,680.1,60.42383635619307,"pearson_r, entropy_reduction_ratio, mutual_information",0.0,0.0,0.0,0.0,0.5715693089162935
intent_com.kingroot.kinguser.gamebox.ACTION_GAME_REPLACE,0,0.11431386178325871,0.22862772356651742,680.1,60.42383635619307,"pearson_r, entropy_reduction_ratio, mutual_information",0.0,0.0,0.0,0.0,0.5715693089162935
intent_com.kingroot.kinguser.service.IKCommonManagerInterface,0,0.11431386178325871,0.22862772356651742,680.1,60.42383635619307,"pearson_r, entropy_reduction_ratio, mutual_information",0.0,0.0,0.0,0.0,0.5715693089162935
intent_com.excelliance.dualaid.action.process.64,0,0.11431386178325871,0.22862772356651742,680.1,60.42383635619307,"pearson_r, entropy_reduction_ratio, mutual_information",0.0,0.0,0.0,0.0,0.5715693089162935
intent_android.net.wifi.PICK_WIFI_WORK,0,0.11431386178325871,0.22862772356651742,680.1,60.42383635619307,"pearson_r, entropy_reduction_ratio, mutual_information",0.0,0.0,0.0,0.0,0.5715693089162935
intent_android.net.conn.MEDIA_NOFS,0,0.11431386178325871,0.22862772356651742,680.1,60.42383635619307,"pearson_r, entropy_reduction_ratio, mutual_information",0.0,0.0,0.0,0.0,0.5715693089162935
perm_ANDROID.PERMISSION.SEND_SMS,0,0.11431386178325871,0.22862772356651742,680.1,60.42383635619307,"pearson_r, entropy_reduction_ratio, mutual_information",0.0,0.0,0.0,0.0,0.5715693089162935
intent_com.kingroot.kinguser.gamebox.ACTION_GAME_DELETED,0,0.11431386178325871,0.22862772356651742,680.1,60.42383635619307,"pearson_r, entropy_reduction_ratio, mutual_information",0.0,0.0,0.0,0.0,0.5715693089162935
intent_com.android.deskclock.ALARM_SNOOZE,0,0.11431386178325871,0.22862772356651742,680.1,60.42383635619307,"pearson_r, entropy_reduction_ratio, mutual_information",0.0,0.0,0.0,0.0,0.5715693089162935
intent_com.excelliance.open.action.queryUpdate,0,0.11431386178325871,0.22862772356651742,680.1,60.42383635619307,"pearson_r, entropy_reduction_ratio, mutual_information",0.0,0.0,0.0,0.0,0.5715693089162935
intent_qcast.service.Link_service,0,0.11431386178325871,0.22862772356651742,680.1,60.42383635619307,"pearson_r, entropy_reduction_ratio, mutual_information",0.0,0.0,0.0,0.0,0.5715693089162935
intent_android.intent.action.INSTALL,0,0.11431386178325871,0.22862772356651742,680.1,60.42383635619307,"pearson_r, entropy_reduction_ratio, mutual_information",0.0,0.0,0.0,0.0,0.5715693089162935
perm_baidu.push.permission.WRITE_PUSHINFOPROVIDER.com.esbook.reader,0,0.11431386178325871,0.22862772356651742,680.1,60.42383635619307,"pearson_r, entropy_reduction_ratio, mutual_information",0.0,0.0,0.0,0.0,0.5715693089162935
intent_android.intent.action.SEND_TO_KPSH,0,0.11431386178325871,0.22862772356651742,680.1,60.42383635619307,"pearson_r, entropy_reduction_ratio, mutual_information",0.0,0.0,0.0,0.0,0.5715693089162935
intent_android.intent.action.USER_CLEARNOTIFY,0,0.11431386178325871,0.22862772356651742,680.1,60.42383635619307,"pearson_r, entropy_reduction_ratio, mutual_information",0.0,0.0,0.0,0.0,0.5715693089162935
perm_com.huaqin.launcherEx.permission.READ_SETTINGS,0,0.11431386178325871,0.22862772356651742,680.1,60.42383635619307,"pearson_r, entropy_reduction_ratio, mutual_information",0.0,0.0,0.0,0.0,0.5715693089162935
perm_com.sonymobile.home.permission.PROVIDER_ACCESS_MODIFY_CONFIGURATION,0,0.11431386178325871,0.22862772356651742,680.1,60.42383635619307,"pearson_r, entropy_reduction_ratio, mutual_information",0.0,0.0,0.0,0.0,0.5715693089162935
intent_com.snipermob.sdk.notification,0,0.11431386178325871,0.22862772356651742,680.1,60.42383635619307,"pearson_r, entropy_reduction_ratio, mutual_information",0.0,0.0,0.0,0.0,0.5715693089162935
intent_com.excelliance.open.action.startNextChapter,0,0.11431386178325871,0.22862772356651742,680.1,60.42383635619307,"pearson_r, entropy_reduction_ratio, mutual_information",0.0,0.0,0.0,0.0,0.5715693089162935
intent_com.excelliance.open.action.startPromptActivity,0,0.11431386178325871,0.22862772356651742,680.1,60.42383635619307,"pearson_r, entropy_reduction_ratio, mutual_information",0.0,0.0,0.0,0.0,0.5715693089162935
intent_com.areametrics.areametricssdk.AMLocationUpdatesBroadcastReceiver.ACTION_PROCESS_UPDATES,0,0.11431386178325871,0.22862772356651742,680.1,60.42383635619307,"pearson_r, entropy_reduction_ratio, mutual_information",0.0,0.0,0.0,0.0,0.5715693089162935
perm_com.ibingo.launcher.permission.READ_SETTINGS,0,0.11431386178325871,0.22862772356651742,680.1,60.42383635619307,"pearson_r, entropy_reduction_ratio, mutual_information",0.0,0.0,0.0,0.0,0.5715693089162935
intent_com.android.utils.hades.ACTION_UPDATE_COMMON_RES,0,0.11431386178325871,0.22862772356651742,680.1,60.42383635619307,"pearson_r, entropy_reduction_ratio, mutual_information",0.0,0.0,0.0,0.0,0.5715693089162935
intent_com.android.utils.hades.ACTION_INIT_COMMON_RES,0,0.11431386178325871,0.22862772356651742,680.1,60.42383635619307,"pearson_r, entropy_reduction_ratio, mutual_information",0.0,0.0,0.0,0.0,0.5715693089162935
intent_com.excelliance.kxqp.action.time,0,0.11431386178325871,0.22862772356651742,680.1,60.42383635619307,"pearson_r, entropy_reduction_ratio, mutual_information",0.0,0.0,0.0,0.0,0.5715693089162935
intent_cryopiggy.start,0,0.11431386178325871,0.22862772356651742,680.1,60.42383635619307,"pearson_r, entropy_reduction_ratio, mutual_information",0.0,0.0,0.0,0.0,0.5715693089162935
intent_com.yulong.mms.NEW_MESSAGE_EXTERNAL,0,0.11431386178325871,0.22862772356651742,680.1,60.42383635619307,"pearson_r, entropy_reduction_ratio, mutual_information",0.0,0.0,0.0,0.0,0.5715693089162935
intent_com.excelliance.kxqp.action.explore,0,0.11431386178325871,0.22862772356651742,680.1,60.42383635619307,"pearson_r, entropy_reduction_ratio, mutual_information",0.0,0.0,0.0,0.0,0.5715693089162935
intent_com.excelliance.kxqp.action.launcher,0,0.11431386178325871,0.22862772356651742,680.1,60.42383635619307,"pearson_r, entropy_reduction_ratio, mutual_information",0.0,0.0,0.0,0.0,0.5715693089162935
intent_com.telecom.sdk_auth_ui.SMS_CODE_SEND_ACTIOIN,0,0.11431386178325871,0.22862772356651742,680.1,60.42383635619307,"pearson_r, entropy_reduction_ratio, mutual_information",0.0,0.0,0.0,0.0,0.5715693089162935
perm_ANDROID.PERMISSION.WRITE_APN_SETTINGS,0,0.11431386178325871,0.22862772356651742,680.1,60.42383635619307,"pearson_r, entropy_reduction_ratio, mutual_information",0.0,0.0,0.0,0.0,0.5715693089162935
perm_cn.nubia.launcher.permission.WRITE_SETTINGS,0,0.11431386178325871,0.22862772356651742,680.1,60.42383635619307,"pearson_r, entropy_reduction_ratio, mutual_information",0.0,0.0,0.0,0.0,0.5715693089162935
intent_com.gridappsinc.launcher.theme.apk_action,0,0.11431386178325871,0.22862772356651742,680.1,60.42383635619307,"pearson_r, entropy_reduction_ratio, mutual_information",0.0,0.0,0.0,0.0,0.5715693089162935
intent_com.phonemetra.turbo.launcher.icons.ACTION_PICK_ICON,0,0.11431386178325871,0.22862772356651742,680.1,60.42383635619307,"pearson_r, entropy_reduction_ratio, mutual_information",0.0,0.0,0.0,0.0,0.5715693089162935
intent_android.intent.action.CLOSE_SYSTEM_DIALOGS,0,0.11431386178325871,0.22862772356651742,680.1,60.42383635619307,"pearson_r, entropy_reduction_ratio, mutual_information",0.0,0.0,0.0,0.0,0.5715693089162935
intent_com.android.utils.hades.ACTION_UPDATE_SYS_WRAPPER,0,0.11431386178325871,0.22862772356651742,680.1,60.42383635619307,"pearson_r, entropy_reduction_ratio, mutual_information",0.0,0.0,0.0,0.0,0.5715693089162935
intent_com.android.utils.hades.ACTION_START_SYS_WRAPPER,0,0.11431386178325871,0.22862772356651742,680.1,60.42383635619307,"pearson_r, entropy_reduction_ratio, mutual_information",0.0,0.0,0.0,0.0,0.5715693089162935
intent_com.android.utils.hades.ACTION_REGISTER_IMPLICIT_RECEIVERS,0,0.11431386178325871,0.22862772356651742,680.1,60.42383635619307,"pearson_r, entropy_reduction_ratio, mutual_information",0.0,0.0,0.0,0.0,0.5715693089162935
intent_com.tappx.sdk.SILP,0,0.11431386178325871,0.22862772356651742,680.1,60.42383635619307,"pearson_r, entropy_reduction_ratio, mutual_information",0.0,0.0,0.0,0.0,0.5715693089162935
intent_com.cootek.smartinputv5.action.SP.DESTROY,0,0.11431386178325871,0.22862772356651742,680.1,60.42383635619307,"pearson_r, entropy_reduction_ratio, mutual_information",0.0,0.0,0.0,0.0,0.5715693089162935
intent_com.mobutils.android.mediation.MaterialNotificationReceiver.ACTION_CLICK_NOTIFICATION,0,0.11431386178325871,0.22862772356651742,680.1,60.42383635619307,"pearson_r, entropy_reduction_ratio, mutual_information",0.0,0.0,0.0,0.0,0.5715693089162935
intent_com.mobutils.android.mediation.MaterialNotificationReceiver.ACTION_CANCEL_NOTIFICATION,0,0.11431386178325871,0.22862772356651742,680.1,60.42383635619307,"pearson_r, entropy_reduction_ratio, mutual_information",0.0,0.0,0.0,0.0,0.5715693089162935
perm_com.zte.mifavor.launcher.permission.WRITE_SETTINGS,0,0.11431386178325871,0.22862772356651742,680.1,60.42383635619307,"pearson_r, entropy_reduction_ratio, mutual_information",0.0,0.0,0.0,0.0,0.5715693089162935
perm_com.smartisanos.launcher.WRITE_DATABASE,0,0.11431386178325871,0.22862772356651742,680.1,60.42383635619307,"pearson_r, entropy_reduction_ratio, mutual_information",0.0,0.0,0.0,0.0,0.5715693089162935
perm_com.s.launcher.permission.WRITE_SETTINGS,0,0.11431386178325871,0.22862772356651742,680.1,60.42383635619307,"pearson_r, entropy_reduction_ratio, mutual_information",0.0,0.0,0.0,0.0,0.5715693089162935
intent_com.smartdialer.voip.action.STATE_RINGING,0,0.11431386178325871,0.22862772356651742,680.1,60.42383635619307,"pearson_r, entropy_reduction_ratio, mutual_information",0.0,0.0,0.0,0.0,0.5715693089162935
perm_android.permission.WRITE_OWNER_DATA,0,0.11331430721854452,0.22048675330552528,483.8,221.29383181643362,"pearson_r, mutual_information, entropy_reduction_ratio",0.001504192640226337,0.010368474519615629,9.40619570083342e-05,0.0003821258349947162,0.5542226811408776
perm_android.permission.WRITE_INTERNAL_STORAGE,0,0.11327359016855072,0.2079824299825269,437.4,256.31901997315765,"pearson_r, mutual_information, entropy_reduction_ratio",0.009076598132064403,0.025540248132758906,0.0005643717420500052,0.002322301675418608,0.5288644311604617
suspicious_Ldalvik/system/DexClassLoader;,0,0.11275811645100842,0.14995255234344068,331.0,349.98114234912714,"pearson_r, entropy_reduction_ratio, f_stat",0.09070504477756443,0.023667344225191986,0.006137485927599945,0.03599729010752615,0.40728341721715955
intent_io.intercom.android.sdk.INTERCOM_PUSH_OPENED,0,0.11268161353762655,0.19024898939599183,367.4,312.79424547136415,"pearson_r, entropy_reduction_ratio, mutual_information",0.030749764695933227,0.030273926474764866,0.0018812391401666836,0.008030773749187555,0.4924723636280805
perm_com.anddoes.launcher.permission.UPDATE_COUNT,0,0.11223267314278665,0.20651787415924797,439.4,257.02186677401596,"pearson_r, mutual_information, entropy_reduction_ratio",0.00712737069287677,0.025726281194890743,0.0006443122070638014,0.002776593610450707,0.5248888080086512
intent_android.intent.action.QUICKBOOT_POWERON,0,0.11209440424504498,0.22388262058903058,549.1,239.61644350920494,"pearson_r, entropy_reduction_ratio, f_stat",0.00039818654337733344,0.0,4.0199850262906766e-05,0.00017407578718831962,0.5598595590443963
perm_com.samsung.android.providers.context.permission.WRITE_USE_APP_FEATURE_SURVEY,0,0.11174423414541727,0.21337725088378354,464.2,244.15601569488308,"pearson_r, mutual_information, entropy_reduction_ratio",0.0037431580562364017,0.014865508112088083,0.0003375654989060218,0.0014014136865484175,0.5383735253733074
perm_android.permission.CLEAR_APP_CACHE,0,0.11151401612065304,0.2224981732673943,547.3,241.97636248195818,"pearson_r, entropy_reduction_ratio, f_stat",0.0007019947349933449,0.0,7.003819928591878e-05,0.00028795443283378963,0.5565100932361521
perm_com.android.alarm.permission.SET_ALARM,0,0.11151401612065304,0.2224981732673943,547.3,241.97636248195818,"pearson_r, entropy_reduction_ratio, f_stat",0.0007019947349933449,0.0,7.003819928591878e-05,0.00028795443283378963,0.5565100932361521
perm_com.google.android.gms.permission.ACTIVITY_RECOGNITION,0,0.11151401612065304,0.2224981732673943,547.3,241.97636248195818,"pearson_r, entropy_reduction_ratio, f_stat",0.0007019947349933449,0.0,7.003819928591878e-05,0.00028795443283378963,0.5565100932361521
perm_android.permission.WRITE_SECURE_SETTINGS,0,0.11124061231462139,0.2214916831908719,540.7,250.02631861466108,"pearson_r, entropy_reduction_ratio, f_stat",0.001504192640226337,0.0,9.40619570083342e-05,0.0003821258349947162,0.5542226811408776
perm_android.permission.CLEAR_APP_USER_DATA,0,0.11124061231462139,0.2214916831908719,540.7,250.02631861466108,"pearson_r, entropy_reduction_ratio, f_stat",0.001504192640226337,0.0,9.40619570083342e-05,0.0003821258349947162,0.5542226811408776
perm_com.bbk.launcher2.permission.READ_SETTINGS,0,0.11124061231462139,0.2214916831908719,540.7,250.02631861466108,"pearson_r, entropy_reduction_ratio, f_stat",0.001504192640226337,0.0,9.40619570083342e-05,0.0003821258349947162,0.5542226811408776
perm_android.permission.WRITE_CALL_LOG,0,0.11124061231462139,0.2214916831908719,540.7,250.02631861466108,"pearson_r, entropy_reduction_ratio, f_stat",0.001504192640226337,0.0,9.40619570083342e-05,0.0003821258349947162,0.5542226811408776
intent_com.cootek.usage.alarm_operation,0,0.11124061231462139,0.2214916831908719,540.7,250.02631861466108,"pearson_r, entropy_reduction_ratio, f_stat",0.001504192640226337,0.0,9.40619570083342e-05,0.0003821258349947162,0.5542226811408776
intent_android.intent.action.ACTION_BOOT_COMPLETED,0,0.11112760154643246,0.21079556104728567,454.8,252.54100657121012,"pearson_r, mutual_information, entropy_reduction_ratio",0.0075552056634708075,0.013057550971462295,0.0004703097850416709,0.0019302761056414315,0.5326246652065462
suspicious_getCellLocation,0,0.11075560903033614,0.20705503678597478,448.0,256.68268348293384,"pearson_r, mutual_information, entropy_reduction_ratio",0.006950454574716628,0.018714835263677034,0.0006336373732610195,0.002801922124392643,0.5246771958156334
perm_android.permission.READ_SYNC_STATS,0,0.11065021101211436,0.22032134930370417,540.7,253.25552313819338,"pearson_r, entropy_reduction_ratio, f_stat",0.00131011042029943,0.0,0.0001267274746522039,0.0005222567863360104,0.5512919603792842
perm_android.permission.WRITE_PROFILE,0,0.11019579475925574,0.2184111675698977,532.1,262.71170510656736,"pearson_r, entropy_reduction_ratio, f_stat",0.0030117939153078708,0.0,0.0001881239140166684,0.0007662013175451763,0.547012854649409
perm_android.permission.READ_INTERNAL_STORAGE,0,0.11019579475925574,0.2184111675698977,532.1,262.71170510656736,"pearson_r, entropy_reduction_ratio, f_stat",0.0030117939153078708,0.0,0.0001881239140166684,0.0007662013175451763,0.547012854649409
perm_android.permission.MANAGE_USERS,0,0.11019579475925574,0.2184111675698977,532.1,262.71170510656736,"pearson_r, entropy_reduction_ratio, f_stat",0.0030117939153078708,0.0,0.0001881239140166684,0.0007662013175451763,0.547012854649409
intent_android.media.browse.MediaBrowserService,0,0.11019579475925574,0.2184111675698977,532.1,262.71170510656736,"pearson_r, entropy_reduction_ratio, f_stat",0.0030117939153078708,0.0,0.0001881239140166684,0.0007662013175451763,0.547012854649409
intent_com.urbanairship.actions.SHOW_LANDING_PAGE_INTENT_ACTION,0,0.11019579475925574,0.2184111675698977,532.1,262.71170510656736,"pearson_r, entropy_reduction_ratio, f_stat",0.0030117939153078708,0.0,0.0001881239140166684,0.0007662013175451763,0.547012854649409
intent_com.urbanairship.push.CHANNEL_UPDATED,0,0.11019579475925574,0.2184111675698977,532.1,262.71170510656736,"pearson_r, entropy_reduction_ratio, f_stat",0.0030117939153078708,0.0,0.0001881239140166684,0.0007662013175451763,0.547012854649409
perm_android.permission.WRITE_CALENDAR,0,0.10994009253889521,0.21851443688206318,537.5,260.88349890324605,"pearson_r, entropy_reduction_ratio, f_stat",0.0017924793087079325,0.0,0.00017176212218724177,0.0007690545730244076,0.5469671666905564
perm_android.permission.RECEIVE_MMS,0,0.10948418454433717,0.21599576015795002,527.1,270.6548355378119,"pearson_r, entropy_reduction_ratio, f_stat",0.004522819382892111,0.0,0.0002821858710250026,0.0011522417029325377,0.5414636757648362
perm_android.permission.RECEIVE_WAP_PUSH,0,0.10948418454433717,0.21599576015795002,527.1,270.6548355378119,"pearson_r, entropy_reduction_ratio, f_stat",0.004522819382892111,0.0,0.0002821858710250026,0.0011522417029325377,0.5414636757648362
perm_com.android.vending.CHECK_LICENSE,0,0.10948418454433717,0.21599576015795002,527.1,270.6548355378119,"pearson_r, entropy_reduction_ratio, f_stat",0.004522819382892111,0.0,0.0002821858710250026,0.0011522417029325377,0.5414636757648362
intent_com.onesignal.NotificationExtender,0,0.10948418454433717,0.21599576015795002,527.1,270.6548355378119,"pearson_r, entropy_reduction_ratio, f_stat",0.004522819382892111,0.0,0.0002821858710250026,0.0011522417029325377,0.5414636757648362
perm_android.permission.GET_PACKAGE_SIZE,0,0.10894501721483703,0.21392395810444167,518.3,280.8678692908821,"pearson_r, entropy_reduction_ratio, f_stat",0.0060372847078899615,0.0,0.0003762478280333368,0.001540261122523083,0.5367712924157387
intent_android.content.SyncAdapter,0,0.10884665398992047,0.21518725965966118,527.5,272.11063926278223,"pearson_r, entropy_reduction_ratio, f_stat",0.0033706487581569794,0.0,0.00031673940378399573,0.0013311560523165042,0.5392147257353448
intent_android.appwidget.action.APPWIDGET_UPDATE,0,0.10873482636238105,0.21504572178702755,527.9,272.2477548116788,"pearson_r, entropy_reduction_ratio, f_stat",0.0031948818848947366,0.0,0.0002949445565427919,0.0013638619639489368,0.5388204434065188
suspicious_sendTextMessage,0,0.10806559781873495,0.20551257153872396,443.4,275.3627425778585,"pearson_r, entropy_reduction_ratio, mutual_information",0.010101488134500621,0.006829014379913716,0.0008347863263478533,0.003519161039356374,0.5190435392135562
perm_com.oppo.launcher.permission.WRITE_SETTINGS,0,0.10797310423591659,0.19920760772379406,417.8,291.0342935119503,"pearson_r, entropy_reduction_ratio, mutual_information",0.016206520970963218,0.01066458336470884,0.0012771165636361185,0.00545497836516427,0.5062623219151106
intent_android.appwidget.action.APPWIDGET_CONFIGURE,0,0.10754159010280713,0.21022284728239243,515.9,284.16833039591165,"pearson_r, entropy_reduction_ratio, f_stat",0.006746313655181275,0.0,0.0005789811717760619,0.0024219737392114503,0.5279606819478668
perm_com.majeur.launcher.permission.UPDATE_BADGE,0,0.10708741690380849,0.20891558606307176,514.1,287.2181052788978,"pearson_r, entropy_reduction_ratio, f_stat",0.00712737069287677,0.0,0.0006443122070638014,0.002776593610450707,0.5248888080086512
perm_com.huawei.android.launcher.permission.CHANGE_BADGE,0,0.1068243526162291,0.20777484701838056,508.9,292.7699438125437,"pearson_r, entropy_reduction_ratio, f_stat",0.007980219488372868,0.0,0.0007151773271908635,0.00308988076788286,0.522336485497699
intent_com.google.android.gms.iid.InstanceID,0,0.10662588643444557,0.19424315566200187,451.5,348.28206959302395,"pearson_r, entropy_reduction_ratio, f_stat",0.02917803970900417,0.0,0.0017871771831583496,0.007608891104975366,0.49455532417508996
perm_com.sec.android.provider.badge.permission.WRITE,0,0.10658205101957222,0.20665688697379228,506.7,296.14921914467374,"pearson_r, entropy_reduction_ratio, f_stat",0.00886192337250451,0.0,0.0007875889031100107,0.0034115144364609963,0.5198492283857855
perm_com.sec.android.provider.badge.permission.READ,0,0.10658205101957222,0.20665688697379228,506.7,296.14921914467374,"pearson_r, entropy_reduction_ratio, f_stat",0.00886192337250451,0.0,0.0007875889031100107,0.0034115144364609963,0.5198492283857855
suspicious_getSubscriberId,0,0.10619988224260579,0.20574814816925485,506.3,298.3225770872865,"pearson_r, entropy_reduction_ratio, f_stat",0.008870447416744564,0.0,0.0007704201921451062,0.0037094939701768775,0.5176490496339624
intent_android.intent.action.MY_PACKAGE_REPLACED,0,0.10607812558427047,0.17828060544625682,427.1,372.10326523695005,"pearson_r, entropy_reduction_ratio, f_stat",0.05013014867568082,0.0,0.003484970247125749,0.015901692897090383,0.46087381610145545
perm_com.sonyericsson.home.permission.BROADCAST_BADGE,0,0.10596627000843566,0.20342483135046904,492.5,310.3965205990557,"pearson_r, entropy_reduction_ratio, f_stat",0.011663828373245635,0.0,0.0010126964967180655,0.004421028738120503,0.5127337964340941
perm_android.permission.READ_APP_BADGE,0,0.10584018756297484,0.20029221213602605,475.3,325.22140150980226,"pearson_r, entropy_reduction_ratio, f_stat",0.016206520970963218,0.0,0.0012771165636361185,0.00545497836516427,0.5062623219151106
perm_me.everything.badger.permission.BADGE_COUNT_WRITE,0,0.10584018756297484,0.20029221213602605,475.3,325.22140150980226,"pearson_r, entropy_reduction_ratio, f_stat",0.016206520970963218,0.0,0.0012771165636361185,0.00545497836516427,0.5062623219151106
perm_com.android.vending.BILLING,0,0.10539855040305912,0.1866063275810335,438.7,360.9719656704659,"pearson_r, entropy_reduction_ratio, f_stat",0.03531392805032205,0.0,0.002556988781945516,0.01134408386231051,0.47777775132071754
perm_android.permission.FOREGROUND_SERVICE,0,0.10527665475557549,0.2001437365342962,476.9,325.58108053140927,"pearson_r, entropy_reduction_ratio, f_stat",0.014128751941191516,0.0,0.001219024576012246,0.00559406110791791,0.5054414361527557
intent_android.intent.action.SEND,0,0.10510159481364882,0.19793906365737862,462.1,338.8472222108365,"pearson_r, entropy_reduction_ratio, f_stat",0.016863948063164807,0.0,0.0014274118704348075,0.006413734216673259,0.5008028799179712
intent_com.facebook.sdk.ACTION_CURRENT_ACCESS_TOKEN_CHANGED,0,0.10498090276228249,0.19268078420064652,450.3,351.08967515436854,"pearson_r, entropy_reduction_ratio, f_stat",0.024458693294975405,0.0,0.001931794738296657,0.008555645768496047,0.48995838000964437
