feature,method_count,aggregated_score,score_std,rank_mean,rank_std,top_methods,entropy_reduction_ratio,mutual_information,chi2_stat,f_stat,pearson_r
n_api_calls,5,0.9111038069611382,0.1437693352940972,4.4,4.454211490264017,"entropy_reduction_ratio, mutual_information, chi2_stat",1.0,1.0,1.0,0.6293022671108619,0.9262167676948291
suspicious_getSubscriberId,5,0.6511369174945723,0.3106417008561792,9.8,5.81033561853358,"pearson_r, mutual_information, f_stat",0.5825248627718297,0.8688358649594032,0.0822916841673704,0.7643014196931286,0.9577307558811288
perm_android.permission.GET_TASKS,5,0.6298986058492236,0.2972324856081934,8.0,3.7416573867739413,"pearson_r, f_stat, mutual_information",0.614188902635946,0.6444846688036056,0.0943366799525344,0.8260128295944191,0.9704699482596126
perm_android.permission.MOUNT_UNMOUNT_FILESYSTEMS,5,0.6004806367278929,0.28252144786322975,9.4,4.586937976471886,"pearson_r, f_stat, entropy_reduction_ratio",0.5871010580479703,0.5631268190284168,0.11412891437102897,0.7775100509532639,0.9605363412387841
perm_android.permission.CHANGE_WIFI_STATE,5,0.558592698737172,0.2751654317480677,12.2,4.166533331199932,"pearson_r, f_stat, mutual_information",0.5233993264256691,0.5715157332922736,0.08846587499425419,0.6726402614433895,0.9369422975302736
intent_android.net.conn.CONNECTIVITY_CHANGE,5,0.538840698038483,0.2731952737202388,15.2,5.2687759489277965,"pearson_r, f_stat, mutual_information",0.4886963816343497,0.5934020556045446,0.07530112084069311,0.6144194954118873,0.9223844367009405
perm_android.permission.SYSTEM_ALERT_WINDOW,5,0.5333289493152413,0.26888666033453684,14.8,3.919183588453085,"pearson_r, mutual_information, f_stat",0.4722053665600537,0.604658397789572,0.08293460827584082,0.590729934813336,0.9161164391374039
perm_android.permission.READ_LOGS,5,0.5043143275152537,0.2552757949758237,15.0,3.8987177379235853,"pearson_r, f_stat, mutual_information",0.45851739892171756,0.4983437005842107,0.10450858747914993,0.5541865073707573,0.9060154432204337
perm_android.permission.WRITE_SETTINGS,5,0.47768710968417205,0.2632527859555953,17.6,3.6660605559646724,"pearson_r, f_stat, entropy_reduction_ratio",0.4425123389479239,0.415171969161051,0.08297990021697675,0.5445208242433597,0.903250515851549
perm_android.permission.CHANGE_NETWORK_STATE,5,0.4510410314387392,0.252977787535875,17.8,3.919183588453085,"pearson_r, f_stat, mutual_information",0.40001546483297107,0.41022716013987376,0.09049945607802347,0.4730197530909519,0.8814433230518758
intent_android.intent.action.USER_PRESENT,5,0.4493841197563809,0.25341976082466094,18.6,3.6110940170535577,"pearson_r, f_stat, mutual_information",0.39134571519650296,0.42776360728309504,0.08493273132521265,0.46427970032319776,0.8785988446538958
perm_android.permission.READ_PHONE_STATE,4,0.761078594796124,0.3556439318230488,7.8,11.617228585166083,"pearson_r, f_stat, mutual_information",0.8028260623109177,0.9507187044890659,0.06384829723847096,0.9879999099421657,1.0
n_permissions,4,0.57846002552116,0.20324023779442663,12.0,9.09945053286186,"pearson_r, entropy_reduction_ratio, mutual_information",0.7714128566371528,0.6219382720079518,0.43811017600872787,0.26293302220860937,0.7979058007433585
intent_com.google.firebase.INSTANCE_ID_EVENT,4,0.569225452711531,0.4032006809641629,202.8,398.1016955502702,"f_stat, mutual_information, entropy_reduction_ratio",0.7612182494927809,0.9192213558017485,0.1749507169548919,0.9888931937434341,0.0018437475647999457
suspicious_getCellLocation,4,0.5576989554283622,0.2798660801378787,14.4,6.6513156593263565,"pearson_r, f_stat, mutual_information",0.5231684566261671,0.5937933067239064,0.07241525617514823,0.6642125772700634,0.934905180346526
intent_com.google.firebase.MESSAGING_EVENT,4,0.5494480749244319,0.3805003205484054,203.4,397.3016989644016,"f_stat, mutual_information, entropy_reduction_ratio",0.7666435852266786,0.852440935357525,0.1760683459320113,0.9422706815521573,0.009816826553786837
intent_com.google.android.c2dm.intent.RECEIVE,4,0.5237116810409314,0.3896548757981979,204.6,397.70823476513533,"f_stat, mutual_information, entropy_reduction_ratio",0.7031316061269968,0.7872032079476946,0.1282235911299653,1.0,0.0
perm_com.google.android.c2dm.permission.RECEIVE,4,0.5162647068414186,0.37892476200140496,204.8,396.1022090319619,"f_stat, mutual_information, entropy_reduction_ratio",0.6623540769459568,0.8667640321776993,0.1184626720747263,0.9199729843928534,0.01376976861585658
perm_com.google.android.finsky.permission.BIND_GET_INSTALL_REFERRER_SERVICE,4,0.497308474029154,0.3312528546368098,204.8,395.60353891238134,"mutual_information, f_stat, entropy_reduction_ratio",0.6618748783491316,0.8740331770570666,0.15647158436857708,0.7459208219382342,0.04824190843276036
perm_com.android.launcher.permission.INSTALL_SHORTCUT,4,0.3867027830589281,0.24627546912399406,22.6,4.923413450036469,"pearson_r, mutual_information, f_stat",0.30576889577801764,0.3789856880745912,0.07734910027188242,0.33898196300285505,0.8324282681672941
intent_com.android.vending.INSTALL_REFERRER,4,0.36325648625421836,0.2275250528406893,211.4,391.80280754481583,"f_stat, mutual_information, entropy_reduction_ratio",0.4745929071133561,0.5699832358225964,0.09282409903298007,0.5938408577615851,0.08504133154057371
intent_com.facebook.sdk.ACTION_CURRENT_ACCESS_TOKEN_CHANGED,4,0.2941353690765398,0.14110086666639426,214.0,389.52278495615633,"mutual_information, entropy_reduction_ratio, f_stat",0.3779948735675272,0.46916469799834015,0.0985906545435502,0.3664720023349695,0.15845461693831206
n_providers,3,0.39664616283807064,0.1919175038071473,212.4,388.1719206743321,"mutual_information, entropy_reduction_ratio, chi2_stat",0.5863208272917683,0.6511469934887077,0.3266145073126296,0.144312266840067,0.27483621925718055
perm_com.android.launcher.permission.READ_SETTINGS,3,0.385064688806495,0.2448132205409539,22.6,4.498888751680797,"pearson_r, mutual_information, f_stat",0.3082892339527862,0.3702784701489658,0.08106791938042363,0.3349455588112845,0.830742261739015
perm_android.permission.SEND_SMS,3,0.3434409450902766,0.24473616198175316,26.0,6.164414002968976,"pearson_r, mutual_information, f_stat",0.26516556753877996,0.2955090815938229,0.07259355633748957,0.2784630900969421,0.8054734298843487
intent_android.intent.action.PACKAGE_REMOVED,2,0.3087859543985439,0.2577798661425314,47.0,40.44255184826991,"pearson_r, f_stat, entropy_reduction_ratio",0.24966433558936402,0.156190705745395,0.06313481783193141,0.2723903506631611,0.802549562162868
suspicious_Ldalvik/system/PathClassLoader;,2,0.270980749884845,0.14069033626086894,218.8,387.61186772337095,"f_stat, mutual_information, entropy_reduction_ratio",0.35164025295126194,0.38389871661438163,0.06500823179975444,0.4135801327472656,0.14077641531156115
n_services,2,0.20905666605605014,0.13107355781998867,275.4,365.4589443425896,"entropy_reduction_ratio, pearson_r, chi2_stat",0.39507602369284367,0.08041183425536776,0.15978639044553083,0.07794492080624464,0.3320641610802639
perm_android.permission.RESTART_PACKAGES,1,0.3445363308455511,0.24358078315855344,27.6,4.758150901348127,"pearson_r, mutual_information, f_stat",0.24285074338557777,0.3683749205721576,0.0675814687536895,0.2516563170538456,0.7922182044624849
intent_com.igexin.sdk.action.refreshls,1,0.3382599997685536,0.23801113829153786,28.8,2.9257477676655586,"pearson_r, mutual_information, entropy_reduction_ratio",0.2782578679282168,0.33393384051896224,0.06944356240609019,0.22926698497293366,0.780397743016565
perm_android.permission.ACCESS_WIFI_STATE,1,0.3298570160745044,0.25552495108231194,48.6,41.3840549004082,"pearson_r, mutual_information, entropy_reduction_ratio",0.2509398482689324,0.35345435950575815,0.010789631672684047,0.24521118044327564,0.7888900604818718
perm_android.permission.READ_SMS,1,0.3171697766189398,0.24524327500529564,31.8,5.6000000000000005,"pearson_r, mutual_information, f_stat",0.22470843103190177,0.27751987473518663,0.06119165791986321,0.23756447412953183,0.7848644452782155
suspicious_system/bin/su,1,0.3080728922972164,0.24884005419372038,36.2,8.084553172563094,"pearson_r, mutual_information, f_stat",0.21508451558498107,0.25770005159843085,0.049108899943109866,0.23498427564214328,0.783486718717417
perm_android.permission.ACCESS_COARSE_LOCATION,1,0.28635411142403283,0.2668165042849347,69.4,58.070991036833526,"pearson_r, f_stat, entropy_reduction_ratio",0.23660096392455413,0.13016185789657408,0.019157629528526152,0.2529637052620827,0.7928864005084271
suspicious_setWifiEnabled,1,0.2837708285565184,0.2548455982453694,53.8,36.23478991245844,"pearson_r, f_stat, entropy_reduction_ratio",0.20806657350574112,0.15690348036463664,0.049659190729581575,0.22575167856334002,0.7784732196192927
intent_com.dzbook.service.PerpareDataService,1,0.26532283498451475,0.24294615979791387,51.2,15.14463601411404,"pearson_r, mutual_information, entropy_reduction_ratio",0.12535397172510632,0.3860848504577727,0.032595957864083154,0.09544993039102083,0.6871294644845908
n_activities,1,0.256873284145225,0.2507700614257589,129.2,87.32788787094304,"pearson_r, entropy_reduction_ratio, mutual_information",0.5417099526226223,0.09388966163764352,0.04853339710393867,0.01763924164119734,0.5825941677207229
n_receivers,1,0.22188068409633116,0.1329079199152131,231.6,370.5858065279889,"entropy_reduction_ratio, pearson_r, mutual_information",0.37537351677249675,0.24377988085462826,0.07800099563858798,0.05935075435292307,0.35289827286301984
n_urls,1,0.21623782302471586,0.26002334016039425,325.0,173.744640205101,"entropy_reduction_ratio, pearson_r, mutual_information",0.5560275946593903,0.011559060183849123,0.0008639737625555745,0.00033873184550172505,0.5123997546722826
perm_android.permission.WRITE_SMS,0,0.3081618757043666,0.24247548892322754,37.0,6.387487769068525,"pearson_r, mutual_information, entropy_reduction_ratio",0.1913701031557221,0.3557817101431138,0.05545118041986271,0.1841497431119258,0.7540566416912087
perm_android.permission.RECEIVE_SMS,0,0.30330706796949025,0.24560993844752171,36.4,6.770524351924302,"pearson_r, mutual_information, f_stat",0.21400684708956094,0.2432188262799133,0.05972416729576262,0.22276368305008692,0.7768218161321273
perm_com.android.launcher.permission.WRITE_SETTINGS,0,0.3006073810175966,0.24258698947439622,36.2,4.915282290977803,"pearson_r, mutual_information, entropy_reduction_ratio",0.21056820035411838,0.258957135710165,0.06039140108207858,0.2059002294895001,0.767219938452121
suspicious_Ljava/lang/System;->loadLibrary,0,0.2917616290046965,0.25200022325022875,69.4,59.6409255461382,"pearson_r, mutual_information, entropy_reduction_ratio",0.1876205984646158,0.3330459109509407,0.006801956118923947,0.1799421112017049,0.7513975682872972
perm_com.android.launcher.permission.UNINSTALL_SHORTCUT,0,0.2910180549382545,0.24331771770136204,40.4,6.590902821313633,"pearson_r, mutual_information, f_stat",0.18294158851838951,0.2759099850929769,0.05230655814352909,0.1876764002747632,0.7562557426616139
suspicious_sendTextMessage,0,0.280870761077128,0.2508964740308736,50.8,30.148963497938034,"pearson_r, f_stat, entropy_reduction_ratio",0.20123631488926844,0.16620286956732672,0.055364789452702366,0.21123745714231243,0.7703123743340301
intent_com.igexin.sdk.action.pushmanager,0,0.27741863048004783,0.24159459748184084,48.0,17.26267650163207,"pearson_r, entropy_reduction_ratio, mutual_information",0.21791910092911498,0.19240796365902774,0.05527140681301054,0.17395079296616553,0.7475438880329205
intent_android.intent.action.PACKAGE_ADDED,0,0.2753270977610057,0.2505657253805036,51.8,26.270896444544867,"pearson_r, f_stat, entropy_reduction_ratio",0.18968930127828748,0.17092993381706917,0.049898657939331334,0.20149138704191308,0.7646262087284275
n_used_permissions,0,0.27298478562731343,0.23345345826722957,50.0,12.198360545581526,"pearson_r, entropy_reduction_ratio, mutual_information",0.28755192570383037,0.2220973806433898,0.032367888892778925,0.1169561087485442,0.7059506241480237
suspicious_getWifiState,0,0.27142903134550334,0.25151070017311095,55.2,27.389048906451645,"pearson_r, f_stat, entropy_reduction_ratio",0.18442468122897673,0.16752342334419185,0.04478006219717473,0.19791915307148836,0.762497836885685
suspicious_Ljava/lang/System;->load,0,0.27075552061892766,0.25524220463060143,78.6,59.425920270535144,"pearson_r, entropy_reduction_ratio, f_stat",0.20731428183145192,0.18701795491484088,0.0067271933914478405,0.19311931678881689,0.7595988561680805
suspicious_Ljava/lang/Runtime;->exec,0,0.2587098929637298,0.24885353817367667,65.6,37.9188607423799,"pearson_r, mutual_information, f_stat",0.1445554348712507,0.258500201960133,0.010212387867350787,0.1494313867437425,0.7308500533761718
intent_com.igexin.sdk.action.64kVIzqls49c7TJxrBbWG4,0,0.25231924990742877,0.2378203758625568,53.0,11.865917579353061,"pearson_r, mutual_information, entropy_reduction_ratio",0.12535397172510632,0.3210669250723427,0.032595957864083154,0.09544993039102083,0.6871294644845908
perm_android.permission.BROADCAST_STICKY,0,0.24318068270756296,0.26058016413635027,107.6,126.86149928169698,"pearson_r, f_stat, entropy_reduction_ratio",0.17430318450461732,0.05921972727511245,0.04859823330483672,0.18143596701903064,0.7523463014342178
perm_android.permission.DISABLE_KEYGUARD,0,0.2420052244432922,0.2486521299481975,73.4,52.62166854063067,"pearson_r, f_stat, entropy_reduction_ratio",0.15172602020887893,0.12799639092632462,0.044807769256213784,0.1524817801931242,0.7330141616319193
perm_android.permission.ACCESS_FINE_LOCATION,0,0.24160930271307537,0.2458130017649097,68.8,37.24191187358672,"pearson_r, mutual_information, f_stat",0.11481478745047134,0.2564081058435732,0.010109748359479628,0.11904607751399895,0.7076677943978537
intent_com.igexin.sdk.action.7fjUl2Z3LH6xYy7NQK4ni4,0,0.2365214689353782,0.23814258217983436,61.0,16.745148551147583,"pearson_r, mutual_information, entropy_reduction_ratio",0.14805864489903098,0.17873336485033448,0.038264820101314996,0.1140331015129067,0.703517413313304
intent_ACTION.TAPCORE.MESSAGE,0,0.22375070749572634,0.2354583430714531,65.4,8.85663593019381,"pearson_r, mutual_information, entropy_reduction_ratio",0.11972161438618724,0.19410087744264024,0.03117874230477519,0.09090469264213205,0.682847610702897
intent_com.baidu.location.service_v2.2,0,0.21915104758585166,0.2458497603364735,87.2,70.67503095153197,"pearson_r, entropy_reduction_ratio, f_stat",0.13324976173407446,0.09925719000897601,0.038790818221059745,0.11780628495166881,0.7066511830134793
perm_android.permission.DOWNLOAD_WITHOUT_NOTIFICATION,0,0.21523834412113502,0.23528450247799365,72.0,14.463747785411636,"pearson_r, mutual_information, entropy_reduction_ratio",0.07817996481688948,0.23984881609907796,0.024335556677382384,0.07115313412860315,0.6626742488837221
perm_android.permission.RECORD_VIDEO,0,0.21509270250295337,0.24572827168163178,92.0,74.70475219154402,"pearson_r, entropy_reduction_ratio, f_stat",0.12793310200509672,0.09438667481330122,0.03739312334631957,0.11305521573931722,0.7026953966107322
perm_android.permission.ACCESS_DOWNLOAD_MANAGER,0,0.20969215411994072,0.2614498496468162,197.5,296.5535364820322,"pearson_r, entropy_reduction_ratio, f_stat",0.14888406942852755,0.0,0.0435543526870954,0.13545046380801096,0.7205718846760697
perm_android.permission.RECEIVE_MMS,0,0.20832759809607243,0.24092804960891012,86.8,51.011371281313345,"pearson_r, mutual_information, entropy_reduction_ratio",0.10700094739107147,0.12206239442105181,0.031815357637070774,0.0945077281573692,0.6862515628737988
intent_ACTION.TAPCORE.SYNC,0,0.20807498314080036,0.2394850930315408,88.6,53.50177567146721,"pearson_r, entropy_reduction_ratio, mutual_information",0.11972161438618724,0.11572225566801025,0.03117874230477519,0.09090469264213205,0.682847610702897
perm_android.permission.MANAGE_ACCOUNTS,0,0.20315268146473925,0.23496287536229063,82.6,16.596385148579795,"pearson_r, mutual_information, f_stat",0.061096896241580406,0.2229333504937524,0.018343617215068036,0.06159995146634247,0.651789591906953
intent_android.intent.action.MEDIA_MOUNTED,0,0.20032011969851324,0.24721019194645405,112.0,105.7998109639143,"pearson_r, entropy_reduction_ratio, f_stat",0.10447493473145349,0.07188855227536152,0.03239253612871854,0.10081136592293334,0.6920332094340993
perm_android.permission.RECEIVE_USER_PRESENT,0,0.19888908968778624,0.24682294238140606,110.6,97.08264520500047,"pearson_r, f_stat, entropy_reduction_ratio",0.09846866658611289,0.07741288959232105,0.030013065174498817,0.09855903497326123,0.6899917921127371
intent_com.yandex.metrica.IMetricaService,0,0.1976132652474684,0.23434577557320718,85.0,11.47170431975999,"pearson_r, mutual_information, entropy_reduction_ratio",0.06574203949621694,0.18469252724151755,0.021178681740382628,0.06300599640136852,0.6534470813578563
perm_android.permission.EXPAND_STATUS_BAR,0,0.19418823207998137,0.23367992455044279,87.6,11.77454882362802,"pearson_r, mutual_information, entropy_reduction_ratio",0.06168129260757467,0.18129666482342469,0.0199638579159872,0.05914909288752126,0.648850252165399
suspicious_Landroid/telephony/SmsMessage;->getMessageBody,0,0.19174202253081601,0.23644109318857368,94.4,28.246061672381867,"pearson_r, mutual_information, f_stat",0.06618579626202194,0.14843596631911662,0.020348771938280375,0.06638746130517306,0.657352116829488
intent_android.intent.action.ACTION_POWER_CONNECTED,0,0.18824578052723653,0.24507625293571297,123.0,101.0207899394971,"pearson_r, f_stat, entropy_reduction_ratio",0.08353354211034272,0.07183606170039683,0.02502191033537373,0.08436710759209948,0.6764702808979699
suspicious_Ldalvik/system/DexClassLoader;,0,0.18792399161773374,0.2626329378331039,222.3,286.6826817231903,"pearson_r, f_stat, entropy_reduction_ratio",0.11091527447253015,0.0,0.00969037391557162,0.11483011799734426,0.7041841917032227
perm_android.permission.ACCESS_SUPERUSER,0,0.1860640030589144,0.23086991358393477,98.4,22.499777776680375,"pearson_r, mutual_information, entropy_reduction_ratio",0.06979583487209186,0.1509094913572698,0.01842380227100352,0.051702043903509916,0.6394888428906969
intent_android.intent.action.MEDIA_EJECT,0,0.18527302297170334,0.236318437844781,108.4,62.362168018759576,"pearson_r, mutual_information, entropy_reduction_ratio",0.08628692739333944,0.09784858204823373,0.02267544894892741,0.06443876489294598,0.6551153915750701
perm_android.permission.UPDATE_APP_OPS_STATS,0,0.18363981111106414,0.24212087378536484,127.4,110.62115530042163,"pearson_r, entropy_reduction_ratio, f_stat",0.08777682806344697,0.06427082337109631,0.025705000383350423,0.0743315046150998,0.6661148991223272
intent_android.intent.action.SEARCH,0,0.1834666112560678,0.0737539614911984,234.2,378.41955552006027,"pearson_r, mutual_information, entropy_reduction_ratio",0.18426994845958192,0.2524399254888691,0.05336528546241945,0.17064998491836708,0.2566079119511013
perm_android.permission.GET_PACKAGE_SIZE,0,0.18285937661386029,0.2488229781694216,143.2,148.670642697205,"pearson_r, entropy_reduction_ratio, f_stat",0.08679782714829112,0.03643900970880423,0.02702405087620403,0.0859735197875396,0.6780624755484624
perm_android.permission.FOREGROUND_SERVICE,0,0.1825655166758481,0.06375627199731312,240.0,377.0023872603461,"entropy_reduction_ratio, pearson_r, f_stat",0.2364836564643821,0.1703279117147454,0.06413097622825555,0.2087963830398268,0.2330886559320307
perm_android.permission.KILL_BACKGROUND_PROCESSES,0,0.18034249260794702,0.23873159556948972,113.4,61.490161814716345,"pearson_r, mutual_information, f_stat",0.06447169643446478,0.09748460955600424,0.019946689347289166,0.06455714814732484,0.655252319554652
intent_com.igexin.sdk.action.service.message,0,0.1795945508988604,0.2439469247118869,145.6,144.9366758277559,"pearson_r, entropy_reduction_ratio, f_stat",0.09736407922175043,0.037185148025687384,0.025509880067543334,0.07311058357590229,0.6648030636034185
intent_cn.jpush.android.intent.REGISTER,0,0.17656209888525062,0.2300223206505786,109.6,17.499714283381888,"pearson_r, mutual_information, entropy_reduction_ratio",0.043244048794672446,0.15741804115068087,0.014320078460563237,0.04187878398849865,0.625949542031838
perm_android.permission.BATTERY_STATS,0,0.17551188856948316,0.23735953046393213,122.8,70.5844175438177,"pearson_r, mutual_information, entropy_reduction_ratio",0.061571639723676734,0.08932479706894698,0.019908055765254205,0.058587505926837334,0.6481674443627006
intent_com.google.android.gms.gcm.ACTION_TASK_READY,0,0.17251839320584975,0.0682160435673568,240.4,374.99578664299685,"pearson_r, mutual_information, entropy_reduction_ratio",0.18834319431629604,0.19705642119381414,0.052261087008684745,0.16367413442754739,0.26125712908290644
perm_android.permission.CALL_PHONE,0,0.17080789594872361,0.225489838811226,143.6,41.71138933193187,"pearson_r, mutual_information, f_stat",0.02652177351305435,0.19271937178068804,0.006799447433590872,0.026751006292511807,0.601247880723773
perm_com.android.launcher2.permission.READ_SETTINGS,0,0.17027127820559143,0.25041444168658283,217.1,286.8843669494732,"pearson_r, entropy_reduction_ratio, f_stat",0.08295559194992848,0.0,0.025688404462145677,0.07542873236320105,0.667283662252682
perm_com.google.android.gms.permission.ACTIVITY_RECOGNITION,0,0.17027127820559143,0.25041444168658283,217.1,286.8843669494732,"pearson_r, entropy_reduction_ratio, f_stat",0.08295559194992848,0.0,0.025688404462145677,0.07542873236320105,0.667283662252682
perm_android.permission.WRITE_APN_SETTINGS,0,0.16986766012733331,0.2209439175679204,169.0,62.893560878678194,"pearson_r, mutual_information, entropy_reduction_ratio",0.015105575990847497,0.239804562229924,0.00523116805137301,0.014404044487886345,0.5747929498766358
perm_android.permission.RECORD_AUDIO,0,0.16891217470030198,0.2336758669637026,126.4,44.37386618269812,"pearson_r, mutual_information, f_stat",0.04514430333711767,0.11116113155042909,0.010616313724094642,0.04592558451357638,0.6317135403762921
intent_cn.jpush.android.intent.ACTION_RICHPUSH_CALLBACK,0,0.16782876838409672,0.22500768100204666,130.6,24.187600128991715,"pearson_r, mutual_information, entropy_reduction_ratio",0.029784449412795774,0.1683650865251428,0.009954027882627102,0.02782599131189088,0.603214286788027
perm_android.permission.READ_CALL_LOG,0,0.16675249833012437,0.22511916933876347,135.6,24.87247474619283,"pearson_r, mutual_information, entropy_reduction_ratio",0.02857139892068023,0.16484807427061654,0.009680988358647289,0.02769152849851372,0.6029705016021641
intent_android.intent.action.BATTERY_CHANGED,0,0.16567011070950335,0.2206345927953803,164.4,49.9383620075789,"pearson_r, mutual_information, entropy_reduction_ratio",0.0192950013739974,0.20372783583116186,0.006325935116816588,0.017266827270698903,0.581734953954842
intent_safiap.framework.ACTION_TO_INSTALL_IAP,0,0.16541758835853432,0.2238488475689784,138.2,17.769637024992942,"pearson_r, mutual_information, entropy_reduction_ratio",0.037252221750488146,0.15075287046889735,0.009920508915155743,0.027160548632167627,0.6020017920259627
intent_android.intent.action.QUICKBOOT_POWERON,0,0.1642050339799787,0.06997593476090773,246.6,371.72925631432344,"pearson_r, entropy_reduction_ratio, mutual_information",0.17656077531415812,0.17357571466196836,0.0492953272717751,0.1529309686089494,0.2686623840430427
intent_cn.egame.terminal.sdk.RECEIVER_CMD,0,0.16249774997969593,0.22036115878889423,155.4,33.25417267050858,"pearson_r, mutual_information, entropy_reduction_ratio",0.026531393396280537,0.17343841850924097,0.007086077796539814,0.01924393689617133,0.586188923300247
intent_safiap.GET_SHARED_DATA,0,0.16114556278011272,0.22429133614114527,145.2,23.172397372736384,"pearson_r, mutual_information, entropy_reduction_ratio",0.037252221750488146,0.12939274257678937,0.009920508915155743,0.027160548632167627,0.6020017920259627
perm_android.permission.GET_ACCOUNTS,0,0.16039564100157216,0.21598910777578778,209.4,82.87484539955415,"pearson_r, mutual_information, f_stat",0.008310060897615759,0.22640338527399823,0.0017144100868202198,0.008333747119700446,0.5572166016297262
intent_android.intent.action.ANY_DATA_STATE,0,0.1601664847156059,0.22029473051503698,159.0,27.546324618721822,"pearson_r, mutual_information, entropy_reduction_ratio",0.026531393396280537,0.16178209218879083,0.007086077796539814,0.01924393689617133,0.586188923300247
perm_cn.nubia.launcher.permission.READ_SETTINGS,0,0.15913840457210723,0.20553237490542187,551.4,263.3344641325932,"pearson_r, mutual_information, entropy_reduction_ratio",0.0,0.29469552161527285,0.0,0.0,0.5009965012452633
intent_cn.jpush.android.intent.NOTIFICATION_OPENED,0,0.15833405816343749,0.22245803961956087,160.8,25.126878039263055,"pearson_r, mutual_information, entropy_reduction_ratio",0.021872651739546486,0.1497750440652942,0.007424226134654764,0.02153455338275662,0.5910638154949354
intent_com.meizu.flyme.push.intent.REGISTER.FEEDBACK,0,0.15807119921363016,0.21148023762922122,261.8,111.61971152085998,"pearson_r, mutual_information, entropy_reduction_ratio",0.005275714716806944,0.24093266951691633,0.001417215559307963,0.0037876951445030295,0.5389427011306166
perm_android.permission.CLEAR_APP_CACHE,0,0.1580555369828799,0.21265715127381207,239.6,103.34718186772196,"pearson_r, mutual_information, entropy_reduction_ratio",0.004877818414451027,0.2350095529251202,0.0017400803052953343,0.004827219052222272,0.5438230142173107
intent_com.baidu.autoupdatesdk.ACTION_DOWNLOAD_COMPLETE,0,0.15789956172826955,0.22032475833772258,163.8,21.38597671372528,"pearson_r, mutual_information, entropy_reduction_ratio",0.026531393396280537,0.15044747725210908,0.007086077796539814,0.01924393689617133,0.586188923300247
intent_android.net.wifi.RSSI_CHANGED,0,0.15743175053179576,0.2042946610488166,435.0,266.8152919155872,"pearson_r, mutual_information, entropy_reduction_ratio",1.118165665778106e-06,0.28681204183758346,4.181330634421705e-07,1.1172010414071407e-06,0.5003440573216246
intent_com.taobao.accs.intent.action.SERVICE,0,0.15706459545622656,0.21127537441505603,288.2,123.36839141368425,"pearson_r, mutual_information, entropy_reduction_ratio",0.003661576882572697,0.23859789587113234,0.0013158182914232367,0.003625379425463785,0.5381223068105407
intent_com.baidu.autoupdatesdk.ACTION_NEW_AS,0,0.1569352184488934,0.2203658133730857,165.2,20.1037309970065,"pearson_r, mutual_information, entropy_reduction_ratio",0.026531393396280537,0.14562576085522852,0.007086077796539814,0.01924393689617133,0.586188923300247
perm_com.sec.android.provider.badge.permission.WRITE,0,0.1567496471077074,0.11731024152461435,249.4,365.10962737238253,"pearson_r, mutual_information, entropy_reduction_ratio",0.08545631673714338,0.2613735525668268,0.026976272721035026,0.0798954140059384,0.3300466795075934
intent_android.intent.action.SCREEN_ON,0,0.15644074199677666,0.21981500569550347,176.4,34.909024621149186,"pearson_r, mutual_information, entropy_reduction_ratio",0.01835997585162062,0.1591837296808544,0.006225724671061429,0.017096057141195987,0.5813382226391509
perm_com.sonyericsson.home.permission.BROADCAST_BADGE,0,0.15614492624826015,0.09656475640466858,246.2,369.9207482691394,"pearson_r, mutual_information, entropy_reduction_ratio",0.11310615485853043,0.22207655976691593,0.03446072611054542,0.10371344769280588,0.3073677428125031
intent_com.baidu.android.pushservice.action.BIND_SYNC,0,0.15569471036765414,0.2279456598417608,151.0,64.76109943476871,"pearson_r, mutual_information, entropy_reduction_ratio",0.042636213605653624,0.08424691548805023,0.011337724474463705,0.031167319955647955,0.6090853783144552
intent_com.tencent.android.tpush.action.PUSH_MESSAGE,0,0.15547654973445138,0.21765580439049267,182.0,45.11762405091828,"pearson_r, mutual_information, entropy_reduction_ratio",0.015051009321959737,0.17089836408082892,0.0050124231942750355,0.013628324531792422,0.5727926275434008
intent_safiap.framework.ACTION_TO_INSTALL,0,0.15534652816753844,0.22540938331077387,155.2,39.153033088127415,"pearson_r, mutual_information, entropy_reduction_ratio",0.037252221750488146,0.10039756951391797,0.009920508915155743,0.027160548632167627,0.6020017920259627
intent_com.baidu.android.pushservice.action.METHOD,0,0.1550525133734929,0.22815047803332614,153.8,70.22079464090392,"pearson_r, mutual_information, entropy_reduction_ratio",0.042636213605653624,0.08103593051724403,0.011337724474463705,0.031167319955647955,0.6090853783144552
intent_safiap.framework.ACTION_CANCEL_NOTIFICATION,0,0.15307229270894218,0.22600887684468046,163.2,53.90510179936589,"pearson_r, mutual_information, entropy_reduction_ratio",0.037252221750488146,0.08902639222093665,0.009920508915155743,0.027160548632167627,0.6020017920259627
intent_safiap.framework.ACTION_START_DOWNLOAD,0,0.15304040330873542,0.22601792241110852,163.6,54.66113793180672,"pearson_r, mutual_information, entropy_reduction_ratio",0.037252221750488146,0.0888669452199028,0.009920508915155743,0.027160548632167627,0.6020017920259627
intent_com.excelliance.kxqp.action.explore,0,0.15251638545728968,0.20155306507833642,552.2,261.76279338362815,"pearson_r, mutual_information, entropy_reduction_ratio",0.0,0.2615854260411851,0.0,0.0,0.5009965012452633
intent_android.intent.action.DELETE,0,0.152319581370232,0.209530523591969,265.4,104.81335792731764,"pearson_r, mutual_information, entropy_reduction_ratio",0.005275714716806944,0.21217458029992556,0.001417215559307963,0.0037876951445030295,0.5389427011306166
intent_com.unicom.xiaowo.security.RECEIVER_CMD,0,0.1520636453662636,0.21819576951225267,183.2,24.20247921184935,"pearson_r, mutual_information, entropy_reduction_ratio",0.021194366753380964,0.14100360877215926,0.005668862237231852,0.015333320747562738,0.5771180683209832
suspicious_getCellSignalStrength,0,0.15205583291504798,0.22616332018621566,172.6,36.79456481601596,"pearson_r, mutual_information, f_stat",0.025648870194160234,0.10246353761133958,0.006746183958672865,0.025850982845430137,0.5995695899656371
perm_android.permission.VIBRATE,0,0.15194406280804068,0.2172732648125261,219.8,87.6616221615822,"pearson_r, mutual_information, f_stat",0.012220413327873767,0.16513140687516473,0.0009796065032347573,0.012262988637661246,0.5691258986962688
perm_com.anddoes.launcher.permission.UPDATE_COUNT,0,0.15087003853410122,0.10417116491992168,251.8,364.86567391301696,"pearson_r, mutual_information, entropy_reduction_ratio",0.09760186415946462,0.2166053494349293,0.0301487794082921,0.08952756149456036,0.32046663817325977
intent_android.intent.action.MEDIA_BUTTON,0,0.15076932713028635,0.0790725542363101,258.8,365.8089118651978,"pearson_r, mutual_information, entropy_reduction_ratio",0.14755943597966809,0.14946692259928432,0.041885329764394894,0.1269526924406656,0.28798225486741874
perm_com.htc.launcher.permission.UPDATE_SHORTCUT,0,0.15011624925605077,0.10007553850549936,251.0,366.5154839839649,"pearson_r, mutual_information, entropy_reduction_ratio",0.10272647688264946,0.20604225598870468,0.031582995673472544,0.09420431310789201,0.3160252046275352
perm_com.android.launcher3.permission.READ_SETTINGS,0,0.14976353807639642,0.2431261191012547,235.1,278.1147964420448,"pearson_r, entropy_reduction_ratio, f_stat",0.049911833070330106,0.0,0.016390818819828894,0.047979582191130424,0.6345354563006926
intent_android.intent.action.PACKAGE_REPLACED,0,0.1496264485430838,0.23556554773036845,177.6,126.58688715660875,"pearson_r, mutual_information, entropy_reduction_ratio",0.038261528764034096,0.03919446967009126,0.012243772363713617,0.038115492340622316,0.6203169795769577
intent_android.intent.action.ACTION_POWER_DISCONNECTED,0,0.14961861309276428,0.22335304783034476,180.2,30.889480410003664,"pearson_r, mutual_information, f_stat",0.02118050554899764,0.10880404334196768,0.006480876907443453,0.021218979256818826,0.5904086604085937
perm_com.huawei.android.launcher.permission.CHANGE_BADGE,0,0.14936110601540742,0.1249889864646225,256.8,358.9553732708288,"pearson_r, mutual_information, entropy_reduction_ratio",0.07048244355721368,0.24280880755668774,0.02201360343942662,0.06330729643221009,0.348193379091499
perm_android.permission.BAIDU_LOCATION_SERVICE,0,0.149197899746804,0.2403497839274338,236.7,277.2453065427799,"pearson_r, entropy_reduction_ratio, f_stat",0.05888365985598897,0.0,0.015589371152387595,0.043386328141887,0.6281301395837564
perm_android.permission.ACCESS_MOCK_LOCATION,0,0.14906336667466352,0.24112567601047336,194.0,190.6074500117978,"pearson_r, entropy_reduction_ratio, f_stat",0.05210603419339169,0.002686861592015637,0.015907678818535387,0.04466625438087036,0.6299500043885046
intent_cn.jpush.android.intent.REGISTRATION,0,0.1489721675754463,0.22554108841441878,175.6,46.38361779766645,"pearson_r, mutual_information, entropy_reduction_ratio",0.02460247278911621,0.09133376361595821,0.008313892262484347,0.024200162992184897,0.5964105462174878
intent_com.qihoo.appstore.MEMCLEAR,0,0.14869846653603921,0.19962241996953475,554.2,257.8351411270388,"pearson_r, mutual_information, entropy_reduction_ratio",0.0,0.24249583143493275,0.0,0.0,0.5009965012452633
intent_cn.jpush.android.intent.PUSH_TIME,0,0.14795317445406322,0.23933142716322145,188.2,165.1719104448453,"pearson_r, entropy_reduction_ratio, f_stat",0.043244048794672446,0.014373418994743826,0.014320078460563237,0.04187878398849865,0.625949542031838
intent_com.qihoo.accountcenter.action.START_ACCOUNT_SERVICE,0,0.14723737986056235,0.19895616977487554,555.4,255.47962736781972,"pearson_r, mutual_information, entropy_reduction_ratio",0.0,0.23519039805754846,0.0,0.0,0.5009965012452633
intent_com.qihoo.appstore.ACTION_GAME_UNION_GIFT_LiST,0,0.14712124614074912,0.19890495925770324,555.8,254.69464069744382,"pearson_r, mutual_information, entropy_reduction_ratio",0.0,0.23460972945848227,0.0,0.0,0.5009965012452633
perm_android.permission.REORDER_TASKS,0,0.1470664689222229,0.24188745795160607,239.5,275.97970939907884,"pearson_r, entropy_reduction_ratio, f_stat",0.046137222017649145,0.0,0.015227224275928269,0.04439757953283101,0.629570318784706
perm_android.permission.INSTALL_PACKAGES,0,0.14694320480661371,0.241163137349946,239.9,275.73654092267134,"pearson_r, entropy_reduction_ratio, f_stat",0.04816423333888355,0.0,0.015324984583945793,0.0432673237839587,0.6279594823262805
intent_com.qihoo.appstore.battery.STOP,0,0.14680439998569264,0.19876655554733194,556.0,254.30218245229435,"pearson_r, mutual_information, entropy_reduction_ratio",0.0,0.23302549868319983,0.0,0.0,0.5009965012452633
suspicious_getSimCountryIso,0,0.1465251405869152,0.2227893852024808,194.0,36.76955262170047,"pearson_r, mutual_information, f_stat",0.019212673464303092,0.10414604133174028,0.003456602395657272,0.019362382760894345,0.5864480029819811
perm_com.samsung.android.scloud.backup.lib.write,0,0.1462975237267463,0.19854914868217907,556.2,253.9097477451388,"pearson_r, mutual_information, entropy_reduction_ratio",0.0,0.2304911173884682,0.0,0.0,0.5009965012452633
perm_android.webkit.permission.PLUGIN,0,0.14579874170889387,0.23887668307641655,242.9,274.14528994677255,"pearson_r, entropy_reduction_ratio, f_stat",0.053451834838574505,0.0,0.014172155593079628,0.03927980303698937,0.6220899150758258
intent_com.ss.android.socialbase.downloader.remote,0,0.14555562555504675,0.21216726785518036,220.6,50.75076354105423,"pearson_r, mutual_information, entropy_reduction_ratio",0.01056661984289278,0.15205712113736716,0.002834431118615926,0.00760557138483806,0.5547143842915199
intent_org.agoo.android.intent.action.RE_ELECTION_V2,0,0.14540367131992699,0.1981778167158276,556.6,253.124949382711,"pearson_r, mutual_information, entropy_reduction_ratio",0.0,0.22602185535437166,0.0,0.0,0.5009965012452633
perm_ANDROID.PERMISSION.WRITE_APN_SETTINGS,0,0.1452823830129045,0.22873689415415602,188.8,103.63088342767324,"pearson_r, mutual_information, entropy_reduction_ratio",0.037252221750488146,0.05007684374074832,0.009920508915155743,0.027160548632167627,0.6020017920259627
intent_com.sjm.avplay.SHOW_ACTIVITY,0,0.14509107492177015,0.21215506647383028,222.8,47.005957069290695,"pearson_r, mutual_information, entropy_reduction_ratio",0.01056661984289278,0.1497343679709842,0.002834431118615926,0.00760557138483806,0.5547143842915199
intent_cn.jpush.android.intent.PushService,0,0.14507849065511444,0.24099914185227508,242.9,274.26417921412923,"pearson_r, entropy_reduction_ratio, f_stat",0.043244048794672446,0.0,0.014320078460563237,0.04187878398849865,0.625949542031838
intent_cn.jpush.android.intent.REPORT,0,0.14507849065511444,0.24099914185227508,242.9,274.26417921412923,"pearson_r, entropy_reduction_ratio, f_stat",0.043244048794672446,0.0,0.014320078460563237,0.04187878398849865,0.625949542031838
intent_com.inmobi.share.id,0,0.14507849065511444,0.24099914185227508,242.9,274.26417921412923,"pearson_r, entropy_reduction_ratio, f_stat",0.043244048794672446,0.0,0.014320078460563237,0.04187878398849865,0.625949542031838
perm_android.permission.MODIFY_AUDIO_SETTINGS,0,0.14504860013275747,0.2069933916216377,300.4,111.59318975636462,"pearson_r, mutual_information, entropy_reduction_ratio",0.0029139519136776476,0.18426342667834245,0.0008718716062124021,0.002912872683899853,0.534280877781655
intent_io.intercom.android.sdk.INTERCOM_PUSH_DISMISSED,0,0.14494101523249592,0.1443422238640621,272.6,344.26303896875135,"pearson_r, mutual_information, entropy_reduction_ratio",0.049737364879246695,0.24116777434486578,0.013382139628934926,0.03697129768807397,0.3834464996213582
perm_android.permission.CHANGE_CONFIGURATION,0,0.14463225018100942,0.2410603240668447,246.9,272.36526944528003,"pearson_r, entropy_reduction_ratio, f_stat",0.04212934927012565,0.0,0.013700774555062484,0.04167684091523546,0.6256542861646236
intent_android.view.InputMethod,0,0.14420598710153665,0.22247954160013347,192.2,49.450581391931074,"pearson_r, mutual_information, entropy_reduction_ratio",0.026531393396280537,0.08197960411844461,0.007086077796539814,0.01924393689617133,0.586188923300247
intent_org.agoo.android.intent.action.PING_V4,0,0.14416873893938703,0.21337404413331595,218.8,43.61375929680908,"pearson_r, mutual_information, entropy_reduction_ratio",0.008638013953565964,0.1430689438998499,0.003060943090928404,0.008454639481295297,0.5576211542712955
intent_com.qihoo.appstore.floatwin.FloatWindowService,0,0.14412824373799796,0.19767475455726263,557.6,251.16337312593967,"pearson_r, mutual_information, entropy_reduction_ratio",0.0,0.21964471744472647,0.0,0.0,0.5009965012452633
intent_cn.jpush.android.intent.CONNECTION,0,0.14391742853003964,0.23609150627701744,194.8,150.10316452360357,"pearson_r, entropy_reduction_ratio, f_stat",0.03627048901170552,0.020238950809901207,0.012129238396788557,0.03520031480850752,0.6157481496232954
intent_com.baidu.android.pushservice.action.RECEIVE,0,0.14389553828776833,0.23281356348117782,192.0,145.7737973711325,"pearson_r, entropy_reduction_ratio, f_stat",0.042636213605653624,0.025251055088621174,0.011337724474463705,0.031167319955647955,0.6090853783144552
perm_android.permission.READ_APP_BADGE,0,0.1437819915446131,0.12517519908737618,262.4,353.9929942809603,"pearson_r, mutual_information, entropy_reduction_ratio",0.06548782439332443,0.22050483394489426,0.020576979587371095,0.05892251288123947,0.3534178069162363
perm_android.permission.CHANGE_WIFI_MULTICAST_STATE,0,0.14368680009146478,0.22651805738152814,193.8,75.24599657124624,"pearson_r, mutual_information, entropy_reduction_ratio",0.024293024440307516,0.06734879148220725,0.008297990021697673,0.023485629866403034,0.5950085646467084
intent_android.fbreader.action.PLUGIN,0,0.14365167973799173,0.2121430946252832,224.8,43.707665231627274,"pearson_r, mutual_information, entropy_reduction_ratio",0.01056661984289278,0.142537392052092,0.002834431118615926,0.00760557138483806,0.5547143842915199
intent_android.intent.action.CHINAMOBILE_OMS_GAME,0,0.14298999437565968,0.2228326606266981,197.4,59.23039760123175,"pearson_r, mutual_information, entropy_reduction_ratio",0.026531393396280537,0.07589964048905977,0.007086077796539814,0.01924393689617133,0.586188923300247
perm_com.motorola.dlauncher.permission.READ_SETTINGS,0,0.14271076719643244,0.19715288455484362,558.0,250.37891285010406,"pearson_r, mutual_information, entropy_reduction_ratio",0.0,0.21255733473689883,0.0,0.0,0.5009965012452633
intent_com.alimama.mobile.sdk.download.action,0,0.14228581936956314,0.19700411142089533,558.4,249.59455122257773,"pearson_r, mutual_information, entropy_reduction_ratio",0.0,0.21043259560255237,0.0,0.0,0.5009965012452633
perm_com.google.android.providers.gsf.permission.READ_GSERVICES,0,0.1420505355728871,0.10220373443142558,258.2,362.4634602273724,"pearson_r, mutual_information, f_stat",0.08874607019008045,0.18536384814979287,0.026101454115630637,0.09070541577472785,0.31933588963420384
perm_android.permission.PROCESS_OUTGOING_CALLS,0,0.14198350370028937,0.2381444919941088,205.2,177.40056369696237,"pearson_r, entropy_reduction_ratio, f_stat",0.03734021683185501,0.006135882594640741,0.01244698503254651,0.0363777546766932,0.6176166793657113
intent_com.sina.weibo.sdk.action.ACTION_SDK_REQ_ACTIVITY,0,0.14130584970162405,0.2392579220773497,250.3,270.73706801987794,"pearson_r, entropy_reduction_ratio, f_stat",0.037859003924848124,0.0,0.012510955167686865,0.03722216460561867,0.6189371248099667
intent_com.qihoo.appstore.powerusage.SAVE_MODE,0,0.14121545587958836,0.19664516008857344,558.8,248.81028917631198,"pearson_r, mutual_information, entropy_reduction_ratio",0.0,0.20508077815267856,0.0,0.0,0.5009965012452633
perm_android.permission.BACKUP,0,0.14104841934478388,0.19659118725625313,559.0,248.41819579088806,"pearson_r, mutual_information, entropy_reduction_ratio",0.0,0.20424559547865603,0.0,0.0,0.5009965012452633
intent_com.qihoo.appstore.battery.STABLE_NOTIFY,0,0.14101336846343027,0.19657993180290612,559.2,248.0261276559387,"pearson_r, mutual_information, entropy_reduction_ratio",0.0,0.2040703410718881,0.0,0.0,0.5009965012452633
intent_safiap.framework.sdk.ISAFFramework,0,0.14044111602500692,0.23094620386611373,206.2,138.0454997455549,"pearson_r, entropy_reduction_ratio, f_stat",0.037252221750488146,0.025870508801260447,0.009920508915155743,0.027160548632167627,0.6020017920259627
perm_android.permission.SAMSUNG_TUNTAP,0,0.14004168412493906,0.20745177826867806,279.6,78.65265411923491,"pearson_r, mutual_information, entropy_reduction_ratio",0.005275714716806944,0.15078509407346077,0.001417215559307963,0.0037876951445030295,0.5389427011306166
intent_com.baidu.android.pushservice.action.notification.SHOW,0,0.13993163852061205,0.2349587091914569,207.8,177.23588801368643,"pearson_r, entropy_reduction_ratio, f_stat",0.042636213605653624,0.005431556252839791,0.011337724474463705,0.031167319955647955,0.6090853783144552
intent_android.easou.eyou.SEND_SMS_RESULT,0,0.1398141528620745,0.19620954168749466,559.6,247.2420676179521,"pearson_r, mutual_information, entropy_reduction_ratio",0.0,0.1980742630651091,0.0,0.0,0.5009965012452633
perm_android.Manifest.permission.READ_PHONE_STATE,0,0.13952113415951034,0.19612339249883232,560.0,246.4581100308935,"pearson_r, mutual_information, entropy_reduction_ratio",0.0,0.19660916955228844,0.0,0.0,0.5009965012452633
intent_android.net.wifi.PICK_WIFI_WORK,0,0.13924966520837812,0.1960451086067597,560.2,246.06616996247172,"pearson_r, mutual_information, entropy_reduction_ratio",0.0,0.19525182479662723,0.0,0.0,0.5009965012452633
perm_android.permission.READ_SETTINGS,0,0.13919039320713883,0.22820559702661047,208.8,104.20153549732365,"pearson_r, mutual_information, entropy_reduction_ratio",0.024293024440307516,0.04486675706057754,0.008297990021697673,0.023485629866403034,0.5950085646467084
intent_com.baidu.android.pushservice.action.notification.CLICK,0,0.1390619057291637,0.23546247902676823,211.4,184.41106257489002,"pearson_r, entropy_reduction_ratio, f_stat",0.042636213605653624,0.0010828922955979506,0.011337724474463705,0.031167319955647955,0.6090853783144552
intent_com.baidu.android.pushservice.action.MESSAGE,0,0.13884532727004412,0.23558975618347172,253.7,268.81882374565953,"pearson_r, entropy_reduction_ratio, f_stat",0.042636213605653624,0.0,0.011337724474463705,0.031167319955647955,0.6090853783144552
intent_com.baidu.android.pushservice.action.media.CLICK,0,0.13884532727004412,0.23558975618347172,253.7,268.81882374565953,"pearson_r, entropy_reduction_ratio, f_stat",0.042636213605653624,0.0,0.011337724474463705,0.031167319955647955,0.6090853783144552
perm_com.google.android.googleapps.permission.GOOGLE_AUTH.dodgeball,0,0.13882158504186062,0.19592465590514205,560.6,245.2823678946369,"pearson_r, mutual_information, entropy_reduction_ratio",0.0,0.19311142396403982,0.0,0.0,0.5009965012452633
intent_com.tencent.android.tpush.action.SDK,0,0.13879461477156296,0.22603007212269996,208.6,92.18155997812143,"pearson_r, mutual_information, entropy_reduction_ratio",0.023694064117415845,0.051672527699377524,0.007662492291972896,0.020997706862156552,0.589946282886892
perm_com.tencent.mtt.extension.Player,0,0.13864814785327337,0.2280707528468306,209.0,118.27594852716253,"pearson_r, mutual_information, entropy_reduction_ratio",0.031883980187693506,0.035252714865854025,0.00850329335584778,0.023186217681665934,0.5944145331753057
intent_com.tencent.mm.plugin.openapi.Intent.ACTION_REFRESH_WXAPP,0,0.13848751790684533,0.22974497763212942,211.2,119.5849488857189,"pearson_r, mutual_information, entropy_reduction_ratio",0.026149581121853543,0.034899399775784865,0.008866681553261436,0.024851662691605856,0.5976702643917209
intent_com.qihoo.appstore.notification.click_action,0,0.13845599243548515,0.19582469072091274,561.2,244.10686184538116,"pearson_r, mutual_information, entropy_reduction_ratio",0.0,0.19128346093216242,0.0,0.0,0.5009965012452633
intent_android.intent.action.NOTIFICATION_UPDATE,0,0.13832595299214634,0.2073912959462736,282.8,72.98876625892508,"pearson_r, mutual_information, entropy_reduction_ratio",0.005275714716806944,0.14220643840949712,0.001417215559307963,0.0037876951445030295,0.5389427011306166
intent_com.qihoo.appstore.battery.ACCESSIBILITY_ALERT,0,0.1382958001013738,0.19578173314001845,561.4,243.7150795498711,"pearson_r, mutual_information, entropy_reduction_ratio",0.0,0.19048249926160563,0.0,0.0,0.5009965012452633
intent_safiap.framework.ACTION_NETWORK_ERROR_FRAMEWORK,0,0.13797907020048647,0.2207134945963604,217.4,58.92571594813253,"pearson_r, mutual_information, entropy_reduction_ratio",0.021194366753380964,0.07058073294327362,0.005668862237231852,0.015333320747562738,0.5771180683209832
perm_com.google.android.googleapps.permission.GOOGLE_AUTH.ah,0,0.13788685583584004,0.19567440576181963,561.6,243.32332399504986,"pearson_r, mutual_information, entropy_reduction_ratio",0.0,0.18843777793393687,0.0,0.0,0.5009965012452633
perm_android.permission.BLUETOOTH_ADMIN,0,0.13787457719163115,0.23664860481960642,217.4,173.3177428886033,"pearson_r, f_stat, entropy_reduction_ratio",0.03183945838721703,0.005838991879158829,0.008942110030389824,0.03209539639929886,0.6106569292620911
perm_com.tencent.msf.permission.account.sync,0,0.1376238666165869,0.19560715996222838,561.8,242.93159531028482,"pearson_r, mutual_information, entropy_reduction_ratio",0.0,0.18712283183767123,0.0,0.0,0.5009965012452633
perm_com.actionlauncher.playstore.permission.READ_SETTINGS,0,0.13758837292997078,0.19559819085609456,562.2,242.14821907253415,"pearson_r, mutual_information, entropy_reduction_ratio",0.0,0.1869453634045905,0.0,0.0,0.5009965012452633
intent_android.intent.action.MEDIA_REMOVED,0,0.13748713463929102,0.22475297132026617,215.4,94.11609851667248,"pearson_r, mutual_information, entropy_reduction_ratio",0.026531393396280537,0.048385341807216334,0.007086077796539814,0.01924393689617133,0.586188923300247
perm_android.permission.INTERACT_ACROSS_USERS,0,0.1372522160322975,0.21256238337787117,235.2,29.501864347867915,"pearson_r, mutual_information, entropy_reduction_ratio",0.01056661984289278,0.11054007352362094,0.002834431118615926,0.00760557138483806,0.5547143842915199
intent_cn.jpush.android.intent.UNREGISTRATION,0,0.13718996853594023,0.2365101457322241,257.3,267.4530986920885,"pearson_r, entropy_reduction_ratio, f_stat",0.03377874366536998,0.0,0.011200437451966859,0.03143296987465274,0.6095376916877115
intent_cn.jpush.android.intent.NOTIFICATION_RECEIVED_PROXY,0,0.13675944727926373,0.23669932760590698,258.5,266.86363558941486,"pearson_r, entropy_reduction_ratio, f_stat",0.03209841233214629,0.0,0.010755513108920683,0.03142283825078605,0.6095204727044656
intent_aspire.iap.SMS_DELIVERED_ACTION,0,0.13608430162725774,0.20739781157663456,286.2,67.11601895225908,"pearson_r, mutual_information, entropy_reduction_ratio",0.005275714716806944,0.13099818158505414,0.001417215559307963,0.0037876951445030295,0.5389427011306166
intent_com.igexin.sdk.action.user.message,0,0.13567202931554417,0.21729150374352443,226.1,39.9892485550804,"pearson_r, mutual_information, entropy_reduction_ratio",0.015872806522654444,0.07992834475579814,0.00425164667792389,0.011453991044653623,0.5668533575766908
intent_safiap.framework.ACTION_NETWORK_ERROR_IAP,0,0.13537698815745025,0.22156778201486643,225.4,74.14742072385256,"pearson_r, mutual_information, entropy_reduction_ratio",0.021194366753380964,0.05757032272809249,0.005668862237231852,0.015333320747562738,0.5771180683209832
intent_safiap.framework.ACTION_SET_TIMER,0,0.13526701426475485,0.2337281205958954,268.3,261.7024264312427,"pearson_r, entropy_reduction_ratio, f_stat",0.037252221750488146,0.0,0.009920508915155743,0.027160548632167627,0.6020017920259627
intent_safiap.framework.ACTION_CHECK_UPDATE,0,0.13526701426475485,0.2337281205958954,268.3,261.7024264312427,"pearson_r, entropy_reduction_ratio, f_stat",0.037252221750488146,0.0,0.009920508915155743,0.027160548632167627,0.6020017920259627
intent_,0,0.13521507480255276,0.21741061953200574,227.9,43.087585218946764,"pearson_r, mutual_information, entropy_reduction_ratio",0.015872806522654444,0.07764357219084111,0.00425164667792389,0.011453991044653623,0.5668533575766908
perm_com.google.android.googleapps.permission.GOOGLE_AUTH.sitemaps,0,0.1352033059572375,0.19505375409954517,563.6,239.40726806009877,"pearson_r, mutual_information, entropy_reduction_ratio",0.0,0.1750200285409243,0.0,0.0,0.5009965012452633
perm_com.tencent.mm.ext.permission.WRITE,0,0.13497511053081696,0.19500770059912784,564.0,238.62439104165358,"pearson_r, mutual_information, entropy_reduction_ratio",0.0,0.17387905140882143,0.0,0.0,0.5009965012452633
intent_show_moresetting,0,0.13492219369745975,0.1949971721513195,564.2,238.23299519587962,"pearson_r, mutual_information, entropy_reduction_ratio",0.0,0.1736144672420354,0.0,0.0,0.5009965012452633
perm_android.permission.BROADCAST_PACKAGE_CHANGED,0,0.13485582969893403,0.22029401320139744,228.2,57.76815731871669,"pearson_r, mutual_information, entropy_reduction_ratio",0.013972009227609036,0.06859266609697762,0.004842591481673608,0.01375325372702463,0.5731186279613852
intent_android.intent.action.NEW_OUTGOING_CALL,0,0.13483007041556488,0.1943481603456532,444.0,252.0031745831786,"pearson_r, mutual_information, entropy_reduction_ratio",9.204093894390081e-06,0.1750039948577733,3.345064507537364e-06,9.196172618492621e-06,0.4991246118890308
intent_com.sogou.androidtool.service.weathernotifyreceiver,0,0.13466484908308818,0.1949467813419461,564.8,237.05898000286763,"pearson_r, mutual_information, entropy_reduction_ratio",0.0,0.17232774417017757,0.0,0.0,0.5009965012452633
perm_android.permission.ACCESS_MTK_MMHW,0,0.13460999384138736,0.22596399421283753,225.6,114.19211881736848,"pearson_r, mutual_information, entropy_reduction_ratio",0.026531393396280537,0.03399963781769821,0.007086077796539814,0.01924393689617133,0.586188923300247
perm_net.qihoo.launcher.permission.WRITE_SETTINGS,0,0.13450676421926502,0.19491649404706407,565.0,236.66769952826263,"pearson_r, mutual_information, entropy_reduction_ratio",0.0,0.17153731985106183,0.0,0.0,0.5009965012452633
intent_cn.jpush.android.ui.PushActivity,0,0.13432060325872297,0.23527226066216336,268.9,261.80916714278743,"pearson_r, entropy_reduction_ratio, f_stat",0.029037010631628002,0.0,0.009774288815297329,0.02845146941636614,0.6043402474303233
intent_com.qihoo360.daemon.pcdaemon.ACTION_START_CAPTURE,0,0.1341224527608316,0.1948449842800799,565.8,235.1028711011416,"pearson_r, mutual_information, entropy_reduction_ratio",0.0,0.16961576255889463,0.0,0.0,0.5009965012452633
intent_org.android.agoo.client.MessageReceiverService,0,0.133563938414687,0.21633840369375734,239.2,36.45216042980169,"pearson_r, mutual_information, entropy_reduction_ratio",0.010046074732816103,0.08195422321346267,0.003486427203389154,0.009945496949777309,0.5623874699739897
intent_com.qihoo.appstore.ACTION_LAUNCH_SERVICE_ACTIVITY,0,0.1333420000115361,0.19470902039364568,566.8,233.14750695643303,"pearson_r, mutual_information, entropy_reduction_ratio",0.0,0.16571349881241712,0.0,0.0,0.5009965012452633
intent_android.intent.action.MEDIA_UNMOUNTED,0,0.13305671586975534,0.2258168626342117,234.8,103.57683138617439,"pearson_r, mutual_information, entropy_reduction_ratio",0.019192108124619963,0.03682360982507717,0.006607596927169998,0.018382210648455258,0.5842780538234543
perm_android.permission.BLUETOOTH,0,0.13302348523873822,0.2352704625450511,277.7,258.05960551779503,"pearson_r, f_stat, entropy_reduction_ratio",0.02747540412763511,0.0,0.006860853248652934,0.02773386169088067,0.6030473071265223
perm_android.permission.WRITE_EXTERNAL_STORAGE,0,0.13289203306748032,0.23565931257833697,272.6,179.72935208251323,"pearson_r, entropy_reduction_ratio, f_stat",0.029086257740408763,0.003274110425706207,0.0004568339902053682,0.028041474523763318,0.603601488657318
perm_com.motorola.mmsp.motoswitch.permission.READ_SETTINGS,0,0.1328880007451912,0.1946356437309886,567.4,231.97465378786535,"pearson_r, mutual_information, entropy_reduction_ratio",0.0,0.16344350248069273,0.0,0.0,0.5009965012452633
intent_com.qihoo360.daemon.pcdaemon.ACTION_START_RECEIVER,0,0.13288073935232034,0.19463450431637933,567.6,231.58376454319935,"pearson_r, mutual_information, entropy_reduction_ratio",0.0,0.16340719551633842,0.0,0.0,0.5009965012452633
intent_com.qihoo.appstore.ACTION_WX_CLEAR,0,0.1327831696915442,0.19461929872931993,567.8,231.19290646557477,"pearson_r, mutual_information, entropy_reduction_ratio",0.0,0.16291934721245768,0.0,0.0,0.5009965012452633
intent_show_notificationcenter,0,0.1326473620597113,0.19459845777122825,568.0,230.8020797133336,"pearson_r, mutual_information, entropy_reduction_ratio",0.0,0.1622403090532932,0.0,0.0,0.5009965012452633
intent_com.qihoo360.mobilesafe.pcdaemon.sms.cancel.default.smsreceive,0,0.13241764260567282,0.19456406322802075,568.4,230.0205208236865,"pearson_r, mutual_information, entropy_reduction_ratio",0.0,0.16109171178310078,0.0,0.0,0.5009965012452633
perm_android.permission.SET_ACTIVITY_WATCHER,0,0.1323221197088465,0.20762643886471052,291.8,57.88747705678664,"pearson_r, mutual_information, entropy_reduction_ratio",0.005275714716806944,0.11218727199299787,0.001417215559307963,0.0037876951445030295,0.5389427011306166
intent_com.meizu.flyme.push.intent.UNREGISTER.FEEDBACK,0,0.1323180157204093,0.2076268370162602,292.0,57.57082594509132,"pearson_r, mutual_information, entropy_reduction_ratio",0.005275714716806944,0.11216675205081204,0.001417215559307963,0.0037876951445030295,0.5389427011306166
perm_android.permission.WRITE_MEDIA_STORAGE,0,0.1323001885922177,0.2134810434509607,256.8,27.34885738015393,"pearson_r, mutual_information, entropy_reduction_ratio",0.00784602236342911,0.0889923036370528,0.0027659966738992244,0.007512090691478861,0.5543845295952285
intent_android.hardware.usb.action.USB_STATE,0,0.13225251189424037,0.19454000574051297,568.6,229.62978900830788,"pearson_r, mutual_information, entropy_reduction_ratio",0.0,0.1602660582259385,0.0,0.0,0.5009965012452633
intent_com.qihoo.appstore.ACTION_CHARGE_START_PLUGIN,0,0.1320319288093122,0.19450873973209787,569.2,228.4577860349697,"pearson_r, mutual_information, entropy_reduction_ratio",0.0,0.15916314280129767,0.0,0.0,0.5009965012452633
perm_android.hardware.camera.autofocus,0,0.13160098904251138,0.22879476518019481,233.2,136.6344026956608,"pearson_r, entropy_reduction_ratio, f_stat",0.022265515355549055,0.018615655338808722,0.00746695830131124,0.020583305766937253,0.5890735104499507
intent_com.aspire.purchaseservice.BIND,0,0.13159760488010258,0.23167454934886786,278.5,256.5856582118338,"pearson_r, entropy_reduction_ratio, f_stat",0.031883980187693506,0.0,0.00850329335584778,0.023186217681665934,0.5944145331753057
intent_com.baidu.android.pushservice.action.PUSH_SERVICE,0,0.13159760488010258,0.23167454934886786,278.5,256.5856582118338,"pearson_r, entropy_reduction_ratio, f_stat",0.031883980187693506,0.0,0.00850329335584778,0.023186217681665934,0.5944145331753057
intent_com.qihoo.appstore.powerusage.HIGH_TEMPERATURE,0,0.13147178582755725,0.19443381947233568,569.8,227.28607524439326,"pearson_r, mutual_information, entropy_reduction_ratio",0.0,0.156362427892523,0.0,0.0,0.5009965012452633
intent_android.intent.action.CHECK_RECEIVER,0,0.13120989248948428,0.1944009956775134,570.2,226.50509928034734,"pearson_r, mutual_information, entropy_reduction_ratio",0.0,0.15505296120215817,0.0,0.0,0.5009965012452633
intent_com.excelliance.open.NEXT_CHAPTER,0,0.1310661000717239,0.19438357163210104,570.4,226.1146611787922,"pearson_r, mutual_information, entropy_reduction_ratio",0.0,0.1543339991133562,0.0,0.0,0.5009965012452633
intent_com.qihoo.express.push.MSG_ARRIVED,0,0.1310023998805983,0.1943759882600664,570.6,225.72425656096422,"pearson_r, mutual_information, entropy_reduction_ratio",0.0,0.1540154981577282,0.0,0.0,0.5009965012452633
perm_com.sec.android.provider.badge.permission.READ,0,0.1309440542960981,0.09951628843283124,278.4,353.94496747375854,"pearson_r, mutual_information, entropy_reduction_ratio",0.0952403312185008,0.1197256423084796,0.02977927553749681,0.08897529154150217,0.32099973087451106
intent_cn.jpush.android.intent.MESSAGE_RECEIVED,0,0.13070541485225465,0.233043370487848,282.5,255.05175945286086,"pearson_r, entropy_reduction_ratio, f_stat",0.02460247278911621,0.0,0.008313892262484347,0.024200162992184897,0.5964105462174878
intent_cn.jpush.android.intent.NOTIFICATION_RECEIVED,0,0.13070541485225465,0.233043370487848,282.5,255.05175945286086,"pearson_r, entropy_reduction_ratio, f_stat",0.02460247278911621,0.0,0.008313892262484347,0.024200162992184897,0.5964105462174878
intent_com.areametrics.areametricssdk.AMLocationUpdatesBroadcastReceiver.ACTION_PROCESS_UPDATES,0,0.13065429062630407,0.19433601670130185,571.0,224.94354847383377,"pearson_r, mutual_information, entropy_reduction_ratio",0.0,0.15227495188625703,0.0,0.0,0.5009965012452633
perm_android.permission.WRITE_USER_DICTIONARY,0,0.13057653921839452,0.1940928847386939,454.2,239.38454419615314,"pearson_r, mutual_information, entropy_reduction_ratio",1.118165665778106e-06,0.15253598527057735,4.181330634421705e-07,1.1172010414071407e-06,0.5003440573216246
perm_android.permission.AUTHENTICATE_ACCOUNTS,0,0.13043165433121004,0.19090080539896548,447.0,246.27464343695638,"pearson_r, mutual_information, entropy_reduction_ratio",0.0002317584790312818,0.16001114325433466,8.022496322216906e-05,0.00023165637391754125,0.4916034885855446
intent_show_taskmanager,0,0.1304094044735871,0.1943093874807122,571.4,224.16297642563546,"pearson_r, mutual_information, entropy_reduction_ratio",0.0,0.15105052112267212,0.0,0.0,0.5009965012452633
intent_com.kingroot.common.ACTION_TOP_APP_CHANGED,0,0.1303892358070841,0.1943072491767461,571.6,223.77274186102292,"pearson_r, mutual_information, entropy_reduction_ratio",0.0,0.1509496777901571,0.0,0.0,0.5009965012452633
intent_com.qihoo.appstore.launcher.shortcut.GAME_RESERVATION,0,0.13038889937403558,0.19430721357855577,571.8,223.3825418424636,"pearson_r, mutual_information, entropy_reduction_ratio",0.0,0.15094799562491468,0.0,0.0,0.5009965012452633
intent_com.qihoo.appstore.ACTION_STAT,0,0.13037294601572869,0.194305528211225,572.2,222.60224617015885,"pearson_r, mutual_information, entropy_reduction_ratio",0.0,0.1508682288333801,0.0,0.0,0.5009965012452633
intent_com.huawei.intent.action.PUSH_STATE,0,0.13035158998293045,0.18200889683715413,425.0,261.5859323434653,"pearson_r, mutual_information, entropy_reduction_ratio",0.002850363631687894,0.17672130421141383,0.0010388438529171922,0.002803123572399588,0.46834431464623366
perm_android.permission.GET_CLIPS,0,0.13033553515549084,0.1943015964921826,572.8,221.43206633186622,"pearson_r, mutual_information, entropy_reduction_ratio",0.0,0.15068117453219088,0.0,0.0,0.5009965012452633
perm_android.permission.PACKAGE_USAGE_STATS,0,0.129509380139579,0.23223506524780696,287.3,252.62691859736563,"pearson_r, entropy_reduction_ratio, f_stat",0.023220067090485436,0.0,0.00788877986317144,0.02279856162956905,0.593639492114669
perm_android.permission.WRITE_CALL_LOG,0,0.12946374461742344,0.20987741098225987,279.0,46.6561893000275,"pearson_r, mutual_information, entropy_reduction_ratio",0.004928277589265347,0.09227015103834676,0.0017635956616569065,0.0047732357370095,0.5435834630608387
intent_com.esbook.receiver.CLICK_BOOK_UPDATE,0,0.12932909321714975,0.19420661340811698,574.2,218.70290350153104,"pearson_r, mutual_information, entropy_reduction_ratio",0.0,0.14564896484048545,0.0,0.0,0.5009965012452633
intent_com.kingroot.kinguser.gamebox.ACTION_GAME_ADDED,0,0.1293238785048981,0.19420617547687224,574.6,217.92347280639598,"pearson_r, mutual_information, entropy_reduction_ratio",0.0,0.14562289127922717,0.0,0.0,0.5009965012452633
intent_com.qihoo.appstore.ACTION_START_RADICALROOT,0,0.12916084893763574,0.19419276625537343,574.8,217.5338134635625,"pearson_r, mutual_information, entropy_reduction_ratio",0.0,0.14480774344291533,0.0,0.0,0.5009965012452633
perm_android.permission.ACCESS_LOCATION_EXTRA_COMMANDS,0,0.12889782775885888,0.23203940571843917,289.5,251.57106351883954,"pearson_r, entropy_reduction_ratio, f_stat",0.022353691136268707,0.0,0.0071746228467390195,0.022309316141578783,0.5926515086697078
intent_com.secneo.plugin.action.DAILY,0,0.1288246415462025,0.19416683909561647,575.0,217.14419172522207,"pearson_r, mutual_information, entropy_reduction_ratio",0.0,0.14312670648574904,0.0,0.0,0.5009965012452633
perm_android.permission.CLEAR_APP_USER_DATA,0,0.1285087409156785,0.2143727458480047,261.8,46.337457849994315,"pearson_r, mutual_information, entropy_reduction_ratio",0.01056661984289278,0.0668226979405258,0.002834431118615926,0.00760557138483806,0.5547143842915199
intent_android.intent.action.SENT_SMS_ACTION,0,0.12849414638600792,0.21437694738936677,262.0,46.67119025694545,"pearson_r, mutual_information, entropy_reduction_ratio",0.01056661984289278,0.06674972529217293,0.002834431118615926,0.00760557138483806,0.5547143842915199
intent_com.tencent.android.tpush.action.INTERNAL_PUSH_MESSAGE,0,0.12846010923168744,0.2309058875511706,289.1,251.5985691533241,"pearson_r, entropy_reduction_ratio, f_stat",0.023694064117415845,0.0,0.007662492291972896,0.020997706862156552,0.589946282886892
intent_com.excelliance.kxqp.platform.gameplugin.action.UNBIND_REMOTE,0,0.12842508459820673,0.20814998934241555,301.2,44.48100718284154,"pearson_r, mutual_information, entropy_reduction_ratio",0.005275714716806944,0.09270209643979901,0.001417215559307963,0.0037876951445030295,0.5389427011306166
intent_com.kingroot.common.ACTION_TOP_ACTIVITY_CHANGED,0,0.12837496607407894,0.1941357969589737,576.2,214.80726244705977,"pearson_r, mutual_information, entropy_reduction_ratio",0.0,0.14087832912513149,0.0,0.0,0.5009965012452633
perm_com.sonymobile.home.permission.PROVIDER_INSERT_BADGE,0,0.12835537436577327,0.11602299385163649,279.8,348.30182313619895,"pearson_r, mutual_information, entropy_reduction_ratio",0.07048244355721368,0.13778014930851695,0.02201360343942662,0.06330729643221009,0.348193379091499
intent_com.mobiletool.appstore.service.weathernotifyreceiver,0,0.12831452686642605,0.19413194195128103,576.4,214.41790969972635,"pearson_r, mutual_information, entropy_reduction_ratio",0.0,0.14057613308686703,0.0,0.0,0.5009965012452633
intent_com.meizu.c2dm.intent.REGISTRATION,0,0.12823451772399658,0.20818304100613835,302.6,42.83269779035638,"pearson_r, mutual_information, entropy_reduction_ratio",0.005275714716806944,0.09174926206874837,0.001417215559307963,0.0037876951445030295,0.5389427011306166
intent_com.qihoo.appstore.ACTION_CLEAR_BACKGROUND,0,0.1281880073386232,0.19412411557887643,576.6,214.02859622022476,"pearson_r, mutual_information, entropy_reduction_ratio",0.0,0.13994353544785276,0.0,0.0,0.5009965012452633
intent_com.cootek.usage.alarm_operation,0,0.12812823860209668,0.208201774693294,303.2,42.163491316540664,"pearson_r, mutual_information, entropy_reduction_ratio",0.005275714716806944,0.0912178664592489,0.001417215559307963,0.0037876951445030295,0.5389427011306166
perm_com.meizu.flyme.push.permission.RECEIVE,0,0.12805720814435168,0.17865317040289996,386.1,273.74082633030827,"pearson_r, mutual_information, entropy_reduction_ratio",0.005461697959429412,0.1672345761692082,0.0014869044032149914,0.003974330867696492,0.46212853132220927
intent_cn.egame.terminal.sdk.SERVICE_CMD,0,0.12781006627784772,0.2293751708583622,293.5,249.18025603967905,"pearson_r, entropy_reduction_ratio, f_stat",0.026531393396280537,0.0,0.007086077796539814,0.01924393689617133,0.586188923300247
intent_com.baidu.autoupdatesdk.ACTION_AS_DOWNLOAD_COMPLETE,0,0.12781006627784772,0.2293751708583622,293.5,249.18025603967905,"pearson_r, entropy_reduction_ratio, f_stat",0.026531393396280537,0.0,0.007086077796539814,0.01924393689617133,0.586188923300247
intent_com.baidu.autoupdatesdk.ACTION_NEW_UPDATE,0,0.12781006627784772,0.2293751708583622,293.5,249.18025603967905,"pearson_r, entropy_reduction_ratio, f_stat",0.026531393396280537,0.0,0.007086077796539814,0.01924393689617133,0.586188923300247
intent_com.qihoo.appstore.msplugin.install,0,0.12779385714352354,0.19410184640901967,576.8,213.63932222322745,"pearson_r, mutual_information, entropy_reduction_ratio",0.0,0.13797278447235437,0.0,0.0,0.5009965012452633
perm_xmpp.permission.RECEIVE_NOTIFICATION,0,0.12772976471778325,0.19409852762568533,577.2,212.86089354317764,"pearson_r, mutual_information, entropy_reduction_ratio",0.0,0.137652322343653,0.0,0.0,0.5009965012452633
intent_android.intent.action.MY_PACKAGE_REPLACED,0,0.12769503792696307,0.09580106327574689,286.8,357.36782171874404,"pearson_r, entropy_reduction_ratio, f_stat",0.10522206603599708,0.09011617382318247,0.03260125679728838,0.09827694812655942,0.31225874485178795
perm_android.permission.BROADCAST_PACKAGE_REPLACED,0,0.12740791517932076,0.22302103652291724,253.6,106.02660043592834,"pearson_r, mutual_information, entropy_reduction_ratio",0.013972009227609036,0.03135309349891127,0.004842591481673608,0.01375325372702463,0.5731186279613852
intent_com.excelliance.dualaid.platform.gameplugin.action.START_FROM_SHORTCUT,0,0.12728553456251646,0.1940778503321612,577.6,212.0826254081178,"pearson_r, mutual_information, entropy_reduction_ratio",0.0,0.13543117156731901,0.0,0.0,0.5009965012452633
intent_safiap.framework.ACTION_TO_UPDATE,0,0.1272314504761986,0.1940756105007442,577.8,211.69355209831028,"pearson_r, mutual_information, entropy_reduction_ratio",0.0,0.1351607511357297,0.0,0.0,0.5009965012452633
intent_com.qihoo.sdkplugging.host.proxy.activity.VIEW,0,0.12712017771918188,0.1940711918020065,578.0,211.304519591986,"pearson_r, mutual_information, entropy_reduction_ratio",0.0,0.13460438735064606,0.0,0.0,0.5009965012452633
perm_android.permission.RUN_INSTRUMENTATION,0,0.12710982894932749,0.21034683853546174,287.0,44.73030292765744,"pearson_r, mutual_information, entropy_reduction_ratio",0.004928277589265347,0.08050057269786705,0.0017635956616569065,0.0047732357370095,0.5435834630608387
intent_com.kingroot.common.ACTION_NEW_APP_STARTED,0,0.12677072640888792,0.19405897355855461,578.2,210.91552811493042,"pearson_r, mutual_information, entropy_reduction_ratio",0.0,0.13285713079917627,0.0,0.0,0.5009965012452633
perm_com.qihoo.appstore.update.permission.clear_sdk,0,0.1266551787893276,0.19405548712811854,578.4,210.52657789457368,"pearson_r, mutual_information, entropy_reduction_ratio",0.0,0.13227939270137484,0.0,0.0,0.5009965012452633
intent_co.ronash.pushe.service.ScreenStateService,0,0.12657657045086365,0.19405327253461432,578.6,210.13766916000566,"pearson_r, mutual_information, entropy_reduction_ratio",0.0,0.131886351009055,0.0,0.0,0.5009965012452633
intent_android.accessibilityservice.AccessibilityService,0,0.12656487919176862,0.23007264406498923,297.3,247.8135589510792,"pearson_r, entropy_reduction_ratio, f_stat",0.020082970559212994,0.0,0.006914991684748059,0.01936738789051496,0.586459045824367
intent_com.qihoo.appstore.ACTION_CHARGE_SHOW_TIPS_DLG,0,0.12647285084861132,0.1940505453632166,578.8,209.74880214199078,"pearson_r, mutual_information, entropy_reduction_ratio",0.0,0.13136775299779332,0.0,0.0,0.5009965012452633
perm_android.permission.INTERACT_ACROSS_USERS_FULL,0,0.12642948476015928,0.23016315142224916,298.3,247.43920465439587,"pearson_r, entropy_reduction_ratio, f_stat",0.019613607896521695,0.0,0.006634610236095448,0.019390244793895502,0.5865089608742837
intent_com.google.android.gms.measurement.UPLOAD,0,0.1260682881595728,0.19342310537059412,460.2,231.2456702297364,"pearson_r, mutual_information, entropy_reduction_ratio",6.846483621768211e-06,0.13094318557844792,2.508798380653023e-06,6.844889384924787e-06,0.49938205504802874
intent_com.qihoo.appstore.checkupdate.CHECK_BAOHE_UPDATE,0,0.12604346296787602,0.1940416141662653,579.8,207.80510099610163,"pearson_r, mutual_information, entropy_reduction_ratio",0.0,0.12922081359411688,0.0,0.0,0.5009965012452633
perm_android.permission.SYSTEM_OVERLAY_WINDOW,0,0.12604025050267817,0.22244851927562267,257.2,106.54088417128891,"pearson_r, mutual_information, entropy_reduction_ratio",0.012992230712131025,0.029243012385176452,0.004497330825515678,0.012820898324279264,0.5706477802662885
perm_com.sec.android.app.twlauncher.settings.WRITE_SETTINGS,0,0.1259917609405846,0.19404079511718844,580.0,207.41648921915538,"pearson_r, mutual_information, entropy_reduction_ratio",0.0,0.12896230345765972,0.0,0.0,0.5009965012452633
intent_com.umeng.message.unregistercallback.action,0,0.12591261608798804,0.20404040514162036,334.2,65.80395124914614,"pearson_r, mutual_information, entropy_reduction_ratio",0.0018013534059171464,0.09828819614417335,0.0006579091457116184,0.0017815165085228659,0.5270341052356152
intent_org.agoo.android.intent.action.RECEIVE,0,0.1257721383889045,0.21874509974808878,266.0,81.91581043974355,"pearson_r, mutual_information, entropy_reduction_ratio",0.010046074732816103,0.0429952230845503,0.003486427203389154,0.009945496949777309,0.5623874699739897
intent_com.xiaomi.push.PING_TIMER,0,0.1256919939047399,0.22940721895385977,305.5,243.5430146811852,"pearson_r, entropy_reduction_ratio, f_stat",0.019192108124619963,0.0,0.006607596927169998,0.018382210648455258,0.5842780538234543
intent_com.example.servicejar.action.START_ASSIST,0,0.1253626952741747,0.19403524352948132,580.4,206.6393960502208,"pearson_r, mutual_information, entropy_reduction_ratio",0.0,0.1258169751256103,0.0,0.0,0.5009965012452633
intent_com.sogou.androidtool.action.sdk,0,0.12535344831288586,0.19403522276162619,580.6,206.25091514948485,"pearson_r, mutual_information, entropy_reduction_ratio",0.0,0.125770740319166,0.0,0.0,0.5009965012452633
perm_android.permission.RAISED_THREAD_PRIORITY,0,0.12525420486234656,0.2087898047677534,313.2,35.40847356212917,"pearson_r, mutual_information, entropy_reduction_ratio",0.005275714716806944,0.07684769776049835,0.001417215559307963,0.0037876951445030295,0.5389427011306166
intent_android.intent.action.SERVICE_STATE,0,0.12517075802136898,0.22096937231954838,261.9,107.64450752360754,"pearson_r, mutual_information, entropy_reduction_ratio",0.015872806522654444,0.02742198828492227,0.00425164667792389,0.011453991044653623,0.5668533575766908
perm_com.samsung.android.providers.context.permission.WRITE_RECORD_AUDIO,0,0.1251329963378958,0.19403524958819504,581.0,205.4740859573294,"pearson_r, mutual_information, entropy_reduction_ratio",0.0,0.12466848044421566,0.0,0.0,0.5009965012452633
intent_org.agoo.android.intent.action.ELECTION_RESULT_V4,0,0.12504325486992618,0.2133320223366267,279.6,47.386073903627,"pearson_r, mutual_information, entropy_reduction_ratio",0.006299065921331139,0.06099773077172122,0.002248665412757839,0.006191012624889477,0.5494797996189312
intent_com.qihoo.appstore.open.wallet,0,0.12503924036335215,0.19403556464154914,581.4,204.69743525506127,"pearson_r, mutual_information, entropy_reduction_ratio",0.0,0.12419970057149737,0.0,0.0,0.5009965012452633
perm_android.permission.MODIFY_PHONE_STATE,0,0.12492454354327098,0.22851490393954177,307.7,242.33192113297827,"pearson_r, entropy_reduction_ratio, f_stat",0.0192950013739974,0.0,0.006325935116816588,0.017266827270698903,0.581734953954842
intent_android.intent.action.PACKAGE_INSTALL,0,0.12492454354327098,0.22851490393954177,307.7,242.33192113297827,"pearson_r, entropy_reduction_ratio, f_stat",0.0192950013739974,0.0,0.006325935116816588,0.017266827270698903,0.581734953954842
intent_com.easou.action.image.crop,0,0.12490890718987457,0.19403630364568353,581.6,204.30917747374934,"pearson_r, mutual_information, entropy_reduction_ratio",0.0,0.12354803470410962,0.0,0.0,0.5009965012452633
perm_com.ztemt.launcher.permission.READ_SETTINGS,0,0.12486633109283334,0.19403662093701302,581.8,203.9209650820631,"pearson_r, mutual_information, entropy_reduction_ratio",0.0,0.12333515421890336,0.0,0.0,0.5009965012452633
intent_android.fbreader.action.PLUGIN_CRASH,0,0.12474710351823062,0.21558375374402533,274.2,68.38684083944806,"pearson_r, mutual_information, entropy_reduction_ratio",0.01056661984289278,0.048014510953286474,0.002834431118615926,0.00760557138483806,0.5547143842915199
perm_android.permission.SUBSCRIBED_FEEDS_WRITE,0,0.12469645450915327,0.20239308083165203,339.4,68.78837111023927,"pearson_r, mutual_information, entropy_reduction_ratio",0.0012299966177357683,0.09818181156144949,0.0004497330825515678,0.001205198492377535,0.522415532791652
intent_qihu360.intent.action.EXPORT_STAT,0,0.12469284717953388,0.1940383001379853,582.0,203.53279833972704,"pearson_r, mutual_information, entropy_reduction_ratio",0.0,0.12246773465240614,0.0,0.0,0.5009965012452633
perm_android.permission.SET_WALLPAPER,0,0.12466940397142098,0.22878941204765113,308.9,241.92238424751025,"pearson_r, entropy_reduction_ratio, f_stat",0.017768910136322924,0.0,0.006128799143101164,0.017401929993746085,0.5820473805839348
perm_android.permission.BROADCAST_PACKAGE_ADDED,0,0.12464636840926238,0.22126392126596756,263.6,104.16928530041857,"pearson_r, mutual_information, entropy_reduction_ratio",0.011620270073405934,0.029242758995825683,0.0040475977429641095,0.011457588741352427,0.5668636264927638
intent_com.android.utils.hades.ACTION_UPDATE_SYS_WRAPPER,0,0.12463728385611357,0.20893642794689327,315.4,35.296458745885545,"pearson_r, mutual_information, entropy_reduction_ratio",0.005275714716806944,0.07376309272933325,0.001417215559307963,0.0037876951445030295,0.5389427011306166
intent_android.intent.action.START_PCM_PLAY_SERVICE,0,0.12459858994058022,0.1940394725927526,582.4,202.7566028517937,"pearson_r, mutual_information, entropy_reduction_ratio",0.0,0.12199644845763781,0.0,0.0,0.5009965012452633
perm_com.samsung.android.scloud.backup.lib.read,0,0.12454842165218608,0.19404017130860027,582.6,202.3685746354903,"pearson_r, mutual_information, entropy_reduction_ratio",0.0,0.12174560701566704,0.0,0.0,0.5009965012452633
perm_com.yulong3.android.launcher.permission.READ_SETTINGS,0,0.12454460884131399,0.19404022653260658,582.8,201.9805931271616,"pearson_r, mutual_information, entropy_reduction_ratio",0.0,0.12172654296130672,0.0,0.0,0.5009965012452633
perm_android.permission.PERMISSION_NAME,0,0.12452668149142107,0.20896347400065038,316.0,35.36099546110092,"pearson_r, mutual_information, entropy_reduction_ratio",0.005275714716806944,0.0732100809058709,0.001417215559307963,0.0037876951445030295,0.5389427011306166
intent_action_send_pop,0,0.12427366324239289,0.19404491810916075,583.0,201.59265859648758,"pearson_r, mutual_information, entropy_reduction_ratio",0.0,0.12037181496670113,0.0,0.0,0.5009965012452633
perm_android.permission.WRITE_PROFILE,0,0.12422739856657035,0.2157711562464528,276.0,71.73701973179539,"pearson_r, mutual_information, entropy_reduction_ratio",0.01056661984289278,0.04541598619498508,0.002834431118615926,0.00760557138483806,0.5547143842915199
intent_com.excelliance.dualaid.SHORTCUT_ALARM,0,0.12418275603505982,0.19404683123599992,583.2,201.20477131519522,"pearson_r, mutual_information, entropy_reduction_ratio",0.0,0.11991727893003576,0.0,0.0,0.5009965012452633
perm_android.permission.DEVICE_POWER,0,0.12386292361183175,0.22674725729784687,309.9,241.16019572060392,"pearson_r, entropy_reduction_ratio, f_stat",0.021194366753380964,0.0,0.005668862237231852,0.015333320747562738,0.5771180683209832
perm_android.permission.UPDATE_DEVICE_STATS,0,0.12386292361183175,0.22674725729784687,309.9,241.16019572060392,"pearson_r, entropy_reduction_ratio, f_stat",0.021194366753380964,0.0,0.005668862237231852,0.015333320747562738,0.5771180683209832
intent_com.snipermob.sdk.notification,0,0.12381129161423274,0.20914397756164835,318.0,35.86641883433583,"pearson_r, mutual_information, entropy_reduction_ratio",0.005275714716806944,0.06963313151992916,0.001417215559307963,0.0037876951445030295,0.5389427011306166
intent_android.net.ConnectivityManager.CONNECTIVITY_ACTION,0,0.12365847513310846,0.12853681745814316,291.4,336.70022275014907,"pearson_r, mutual_information, entropy_reduction_ratio",0.06097166593510548,0.12462008108690699,0.016355948435364902,0.045570083819738705,0.37077459638842625
intent_com.qihoo.appstore.OPEN_BROWSER,0,0.12333112524824644,0.19407302500854415,583.8,200.04139571598674,"pearson_r, mutual_information, entropy_reduction_ratio",0.0,0.11565912499596886,0.0,0.0,0.5009965012452633
perm_com.google.android.googleapps.permission.GOOGLE_AUTH.sierrasandbox,0,0.12308403496430731,0.19408342176456522,584.2,199.26605330562452,"pearson_r, mutual_information, entropy_reduction_ratio",0.0,0.1144236735762733,0.0,0.0,0.5009965012452633
intent_android.intent.action.PHONE_STATE,0,0.1230292574302139,0.17998674199038314,435.8,247.4650682419642,"pearson_r, mutual_information, entropy_reduction_ratio",0.0031238596012562857,0.14121802663416447,0.0011122958943952004,0.0031153209776120885,0.4665767840436414
perm_android.permission.CHANGE_COMPONENT_ENABLED_STATE,0,0.12293749858150907,0.19409018164644778,584.4,198.87845534396126,"pearson_r, mutual_information, entropy_reduction_ratio",0.0,0.113690991662282,0.0,0.0,0.5009965012452633
perm_android.permission.SIGNAL_PERSISTENT_PROCESSES,0,0.12270441662197976,0.20944221384518094,321.8,37.98631332466998,"pearson_r, mutual_information, entropy_reduction_ratio",0.005275714716806944,0.06409875655866423,0.001417215559307963,0.0037876951445030295,0.5389427011306166
perm_com.lenovo.launcher.permission.WRITE_SETTINGS,0,0.1225516932555687,0.19411009427070186,585.0,197.71595787897343,"pearson_r, mutual_information, entropy_reduction_ratio",0.0,0.1117619650325802,0.0,0.0,0.5009965012452633
perm_net.qihoo.launcher.permission.READ_SETTINGS,0,0.12244960634311056,0.19411587612766926,585.2,197.32855850079073,"pearson_r, mutual_information, entropy_reduction_ratio",0.0,0.11125153047028945,0.0,0.0,0.5009965012452633
suspicious_adb_enabled,0,0.12232559132404427,0.14613835716375953,312.0,319.06363001758757,"pearson_r, mutual_information, f_stat",0.02849804860458059,0.14780616496197968,0.009266898390591787,0.028511546933165974,0.3975452977299034
intent_android.intent.action.PUSH_NOTIFY_ALARM,0,0.12231758038172069,0.1941236718221047,585.6,196.55391117960485,"pearson_r, mutual_information, entropy_reduction_ratio",0.0,0.11059140066334015,0.0,0.0,0.5009965012452633
intent_android.intent.action.SCREEN_OFF,0,0.12212838769579917,0.21649262438437566,290.0,75.94603347114318,"pearson_r, mutual_information, entropy_reduction_ratio",0.00784602236342911,0.03813329915496005,0.0027659966738992244,0.007512090691478861,0.5543845295952285
intent_com.qihoo.appstore.launcher.shortcut.HOME_GAME,0,0.12201266814134411,0.1941430471560893,586.0,195.7794677692224,"pearson_r, mutual_information, entropy_reduction_ratio",0.0,0.10906683946145723,0.0,0.0,0.5009965012452633
perm_com.lge.launcher.permission.WRITE_SETTINGS,0,0.12198969494450214,0.19414458448348154,586.2,195.39232328830118,"pearson_r, mutual_information, entropy_reduction_ratio",0.0,0.1089519734772474,0.0,0.0,0.5009965012452633
intent_com.phonemetra.turbo.launcher.icons.ACTION_PICK_ICON,0,0.12178613985372151,0.1941586804964365,586.8,194.2312024366837,"pearson_r, mutual_information, entropy_reduction_ratio",0.0,0.10793419802334424,0.0,0.0,0.5009965012452633
suspicious_getPackageInfo,0,0.1215923263631387,0.21024727740630114,323.3,64.27954573579375,"pearson_r, mutual_information, entropy_reduction_ratio",0.005461697959429412,0.05868562302157333,2.9797683431162175e-06,0.003946859898030272,0.5398644711683174
intent_co.ronash.pushe.ACTION_TASK_READY,0,0.1215523436227424,0.19417592260218863,587.2,193.4573854883809,"pearson_r, mutual_information, entropy_reduction_ratio",0.0,0.10676521686844874,0.0,0.0,0.5009965012452633
perm_com.facebook.permission.prod.FB_APP_COMMUNICATION,0,0.12146939876123453,0.19418230987958926,587.4,193.07055705104287,"pearson_r, mutual_information, entropy_reduction_ratio",0.0,0.10635049256090938,0.0,0.0,0.5009965012452633
perm_android.permission.DELETE_PACKAGES,0,0.12129687691828558,0.2258159077278908,319.3,236.68958574470489,"pearson_r, entropy_reduction_ratio, f_stat",0.015051009321959737,0.0,0.0050124231942750355,0.013628324531792422,0.5727926275434008
intent_com.tencent.android.tpush.action.FEEDBACK,0,0.12129687691828558,0.2258159077278908,319.3,236.68958574470489,"pearson_r, entropy_reduction_ratio, f_stat",0.015051009321959737,0.0,0.0050124231942750355,0.013628324531792422,0.5727926275434008
perm_com.google.android.googleapps.permission.GOOGLE_AUTH.android,0,0.12111621085217159,0.19421109151308963,587.6,192.68378240007644,"pearson_r, mutual_information, entropy_reduction_ratio",0.0,0.10458455301559468,0.0,0.0,0.5009965012452633
intent_android.provider.Telephony.SMS_RECEIVED,0,0.12103608793353975,0.2239760780282113,277.6,139.65758124785063,"pearson_r, entropy_reduction_ratio, f_stat",0.012480374187161131,0.0071842664252368005,0.004371348882141526,0.012198220860903691,0.5689462293122556
intent_android.intent.action.ACTION_MEDIA_EJECT,0,0.12103207465097135,0.19421832612832116,587.8,192.2970618600295,"pearson_r, mutual_information, entropy_reduction_ratio",0.0,0.10416387200959347,0.0,0.0,0.5009965012452633
perm_com.android.launcher.permission.CREATE_SHORTCUT,0,0.1210196294695689,0.19421940860609344,588.2,191.5237844237629,"pearson_r, mutual_information, entropy_reduction_ratio",0.0,0.10410164610258117,0.0,0.0,0.5009965012452633
intent_show_start_app,0,0.12087359562253186,0.19423234843668288,588.4,191.13722818959155,"pearson_r, mutual_information, entropy_reduction_ratio",0.0,0.10337147686739596,0.0,0.0,0.5009965012452633
perm_android.permission.READ_PROFILE,0,0.12083682634349233,0.17426991583548537,387.8,273.9710933657053,"pearson_r, mutual_information, entropy_reduction_ratio",0.005842570999558953,0.1363786882467255,0.002088524524830478,0.005796750686386073,0.4540775972599606
perm_com.android.vending.CHECK_LICENSE,0,0.12083065780676532,0.2027940677472079,353.8,50.181271406770875,"pearson_r, mutual_information, entropy_reduction_ratio",0.0011433067921192614,0.07965086897976427,0.0004167702593835434,0.0011374241040503588,0.5218049188985092
perm_org.adw.launcher_donut.permission.READ_SETTINGS,0,0.12082183935605686,0.19423703967760064,588.6,190.7507273904873,"pearson_r, mutual_information, entropy_reduction_ratio",0.0,0.10311269553502098,0.0,0.0,0.5009965012452633
intent_com.sogou.androidtool.action.update,0,0.12061092551992036,0.19425672633970456,589.0,189.97789345079073,"pearson_r, mutual_information, entropy_reduction_ratio",0.0,0.10205812635433849,0.0,0.0,0.5009965012452633
perm_android.permission.ACCESS_COARSE_UPDATES,0,0.12053662870818412,0.22456487810770215,278.2,146.7752022652328,"pearson_r, entropy_reduction_ratio, f_stat",0.012864623214994807,0.00328459922074648,0.004501938032418422,0.012434632261436315,0.5695973508113246
intent_com.qihoo.appstore.QihooAlliance,0,0.1205180111794272,0.19426568894870522,589.2,189.5915609936265,"pearson_r, mutual_information, entropy_reduction_ratio",0.0,0.10159355465187275,0.0,0.0,0.5009965012452633
intent_com.umeng.messge.registercallback.action,0,0.12043066153103439,0.21468694532908958,296.0,72.40303861026828,"pearson_r, mutual_information, entropy_reduction_ratio",0.00612980327163168,0.038801168231667536,0.0021712889742618352,0.00606512911927306,0.5489859180583379
perm_com.google.android.googleapps.permission.GOOGLE_AUTH.orkut,0,0.12029806504877291,0.19428761187963733,589.4,189.20528533843867,"pearson_r, mutual_information, entropy_reduction_ratio",0.0,0.10049382399860135,0.0,0.0,0.5009965012452633
intent_com.qihoo.appstore.battery.START,0,0.12011733865742158,0.1943063691082812,589.8,188.43290583122683,"pearson_r, mutual_information, entropy_reduction_ratio",0.0,0.09959019204184462,0.0,0.0,0.5009965012452633
intent_com.kingroot.master.action.MAIN_EXIT_CHECK,0,0.12005316900096626,0.19431319046044074,590.0,188.04680268486354,"pearson_r, mutual_information, entropy_reduction_ratio",0.0,0.09926934375956799,0.0,0.0,0.5009965012452633
intent_android.settings.ADD_ACCOUNT_SETTINGS,0,0.1198317663697885,0.19433737481659222,590.8,186.50297584757195,"pearson_r, mutual_information, entropy_reduction_ratio",0.0,0.0981623306036792,0.0,0.0,0.5009965012452633
intent_android.intent.action.CREATE_SHORTCUT,0,0.1197785950860661,0.22490838724818651,323.9,234.48803807443994,"pearson_r, entropy_reduction_ratio, f_stat",0.012608691525012518,0.0,0.0043956238294358095,0.012396340004280627,0.5694923200716016
intent_android.net.VpnService,0,0.11973093620074912,0.17760028060930477,400.5,260.35168522596507,"pearson_r, mutual_information, entropy_reduction_ratio",0.005461697959429412,0.12560321645119552,0.0014869044032149914,0.003974330867696492,0.46212853132220927
intent_android.intent.action.MEDIA_CHECKING,0,0.11968636036438454,0.22365143465081175,325.4,233.50811549066125,"pearson_r, entropy_reduction_ratio, f_stat",0.015872806522654444,0.0,0.00425164667792389,0.011453991044653623,0.5668533575766908
intent_safiap.framework.ACTION_NETWORK_ERROR,0,0.11968636036438454,0.22365143465081175,325.4,233.50811549066125,"pearson_r, entropy_reduction_ratio, f_stat",0.015872806522654444,0.0,0.00425164667792389,0.011453991044653623,0.5668533575766908
perm_com.xiaomi.permission.AUTH_SERVICE,0,0.11968636036438451,0.22365143465081172,326.0,233.10898738572908,"pearson_r, entropy_reduction_ratio, f_stat",0.015872806522654444,0.0,0.00425164667792389,0.011453991044653623,0.5668533575766906
perm_com.fx.launcher.permission.WRITE_SETTINGS,0,0.11962484272855792,0.19436088690187162,591.8,184.57453778893773,"pearson_r, mutual_information, entropy_reduction_ratio",0.0,0.09712771239752632,0.0,0.0,0.5009965012452633
suspicious_Base64,0,0.11953789632189368,0.19437102841030018,592.0,184.1890333326064,"pearson_r, mutual_information, entropy_reduction_ratio",0.0,0.09669298036420515,0.0,0.0,0.5009965012452633
perm_com.android.browser.permission.READ_HISTORY_BOOKMARKS,0,0.11928430825812675,0.21276440771057478,313.2,71.93997497914494,"pearson_r, mutual_information, entropy_reduction_ratio",0.004877818414451027,0.0411534093013544,0.0017400803052953343,0.004827219052222272,0.5438230142173107
intent_com.snowfish.a.a.s.ABGSvc,0,0.11927747743098216,0.21051055236214689,332.4,49.90230455600222,"pearson_r, mutual_information, entropy_reduction_ratio",0.005275714716806944,0.04696406060367629,0.001417215559307963,0.0037876951445030295,0.5389427011306166
intent_android.intent.apicloud.notification,0,0.11917533208779632,0.19441498912246336,592.2,183.80359082455382,"pearson_r, mutual_information, entropy_reduction_ratio",0.0,0.09488015919371832,0.0,0.0,0.5009965012452633
perm_android.permission.DOWNLOAD_CACHE_NON_PURGEABLE,0,0.11913584966143423,0.19441993903837387,592.6,183.03289321867805,"pearson_r, mutual_information, entropy_reduction_ratio",0.0,0.09468274706190777,0.0,0.0,0.5009965012452633
perm_android.Manifest.permission.READ_PHONE_NUMBERS,0,0.11904458230194079,0.19443150350398467,593.0,182.26244813455128,"pearson_r, mutual_information, entropy_reduction_ratio",0.0,0.09422641026444066,0.0,0.0,0.5009965012452633
intent_android.fbreader.action.CLOSE,0,0.11902576762345134,0.21791125599273364,293.2,104.59043933362169,"pearson_r, mutual_information, entropy_reduction_ratio",0.01056661984289278,0.01940783147939005,0.002834431118615926,0.00760557138483806,0.5547143842915199
perm_com.samsung.android.providers.context.permission.READ_RECORD_AUDIO,0,0.11898405156470857,0.19443926747239348,593.2,181.87732129102847,"pearson_r, mutual_information, entropy_reduction_ratio",0.0,0.0939237565782795,0.0,0.0,0.5009965012452633
perm_cn.nubia.launcher.permission.WRITE_SETTINGS,0,0.11882902465121033,0.1944594942627971,593.6,181.10726103610534,"pearson_r, mutual_information, entropy_reduction_ratio",0.0,0.09314862201078837,0.0,0.0,0.5009965012452633
perm_android.permission.SET_WALLPAPER_HINTS,0,0.1188087799620087,0.22396553325847102,330.7,230.96354690729876,"pearson_r, entropy_reduction_ratio, f_stat",0.011861083317386716,0.0,0.0041489950108488365,0.01138317488233787,0.5666506465994701
intent_show_lock_forget_pwd,0,0.11879947030835387,0.1944634061658599,593.8,180.72232844892184,"pearson_r, mutual_information, entropy_reduction_ratio",0.0,0.09300085029650602,0.0,0.0,0.5009965012452633
perm_android.permission.BROADCAST_PACKAGE_INSTALL,0,0.11879781661009725,0.22407697558996542,328.5,232.31616388017432,"pearson_r, entropy_reduction_ratio, f_stat",0.011620270073405934,0.0,0.0040475977429641095,0.011457588741352427,0.5668636264927638
intent_com.qihoo.psdk.service.action.local,0,0.1187694115785358,0.21068745841882763,334.4,52.807575214167905,"pearson_r, mutual_information, entropy_reduction_ratio",0.005275714716806944,0.04442373134144452,0.001417215559307963,0.0037876951445030295,0.5389427011306166
intent_android.Intent.ACTION_NEW_OUTGOING_CALL,0,0.11873632057371367,0.19447182480040598,594.2,179.9526604415728,"pearson_r, mutual_information, entropy_reduction_ratio",0.0,0.09268510162330505,0.0,0.0,0.5009965012452633
intent_co.ronash.pushe.CHECK_TASKS,0,0.11868592415448717,0.19447860184786203,594.4,179.5679258665088,"pearson_r, mutual_information, entropy_reduction_ratio",0.0,0.09243311952717259,0.0,0.0,0.5009965012452633
intent_com.excelliance.open.action.gameverchk,0,0.11866895975084246,0.1944808948308605,594.6,179.18325814651323,"pearson_r, mutual_information, entropy_reduction_ratio",0.0,0.09234829750894898,0.0,0.0,0.5009965012452633
intent_com.miui.smsextra.hhha,0,0.11866463981662503,0.19448147967330576,594.8,178.7986577130824,"pearson_r, mutual_information, entropy_reduction_ratio",0.0,0.09232669783786189,0.0,0.0,0.5009965012452633
intent_com.mobutils.android.mediation.MaterialNotificationReceiver.ACTION_AD_EXPIRES,0,0.11861811154265363,0.1944878029939153,595.2,178.02966045016205,"pearson_r, mutual_information, entropy_reduction_ratio",0.0,0.0920940564680048,0.0,0.0,0.5009965012452633
intent_com.qihoo.appstore.ACTION_EVENT_STAT,0,0.11838235764630453,0.19452052367722084,596.2,176.10837572358676,"pearson_r, mutual_information, entropy_reduction_ratio",0.0,0.09091528698625943,0.0,0.0,0.5009965012452633
perm_com.facebook.receiver.permission.ACCESS,0,0.11835473055596919,0.19452443254041243,596.4,175.72432956195905,"pearson_r, mutual_information, entropy_reduction_ratio",0.0,0.09077715153458268,0.0,0.0,0.5009965012452633
perm_android.permission.ACCESS_GPS,0,0.11828616178741595,0.22356837148658273,332.9,229.9548651366176,"pearson_r, entropy_reduction_ratio, f_stat",0.011213296061725664,0.0,0.00394438993158572,0.01093130208488691,0.5653418208588815
intent_com.excelliance.appmate.share,0,0.11812261474404058,0.19455789048625402,596.8,174.95645172442198,"pearson_r, mutual_information, entropy_reduction_ratio",0.0,0.08961657247493962,0.0,0.0,0.5009965012452633
intent_android.intent.action.PACKAGE_FULLY_REMOVED,0,0.1180063672306965,0.19457506088257243,597.4,173.80517828879553,"pearson_r, mutual_information, entropy_reduction_ratio",0.0,0.08903533490821922,0.0,0.0,0.5009965012452633
perm_com.qihoo360.launcher.permission.WRITE_SETTINGS,0,0.11784637599973084,0.19459914421312327,598.2,172.27118157138182,"pearson_r, mutual_information, entropy_reduction_ratio",0.0,0.08823537875339099,0.0,0.0,0.5009965012452633
perm_com.bbk.launcher2.permission.WRITE_SETTINGS,0,0.1178361547397299,0.1946007005891296,598.4,171.8878704272061,"pearson_r, mutual_information, entropy_reduction_ratio",0.0,0.08818427245338624,0.0,0.0,0.5009965012452633
perm_com.facebook.katana.permission.C2D_MESSAGE,0,0.11778923433070754,0.19460787248405317,598.6,171.50463550586616,"pearson_r, mutual_information, entropy_reduction_ratio",0.0,0.08794967040827437,0.0,0.0,0.5009965012452633
perm_android.permission.STOP_APP_SWITCHES,0,0.11755856894402665,0.17758159502555265,403.7,257.71914946313166,"pearson_r, mutual_information, entropy_reduction_ratio",0.005461697959429412,0.1147413801675831,0.0014869044032149914,0.003974330867696492,0.46212853132220927
intent_android.intent.action,0,0.11755032198419509,0.22271057902899438,333.9,229.47121823880224,"pearson_r, entropy_reduction_ratio, f_stat",0.011009015037039294,0.0,0.00373347915065562,0.01011213719024279,0.5628969785430377
intent_com.taobao.accs.intent.action.COMMAND,0,0.11749392410269552,0.2108268984013303,362.4,48.35948717676812,"pearson_r, mutual_information, entropy_reduction_ratio",0.003661576882572697,0.04074453910347713,0.0013158182914232367,0.003625379425463785,0.5381223068105407
intent_com.excelliance.kxqp.action.SmtCntService,0,0.11746040245726615,0.19465939729123805,598.8,171.12147731947616,"pearson_r, mutual_information, entropy_reduction_ratio",0.0,0.08630551104106747,0.0,0.0,0.5009965012452633
intent_com.kingroot.kinguser.action.update,0,0.11739772485319688,0.19466946883272238,599.0,170.73839638464455,"pearson_r, mutual_information, entropy_reduction_ratio",0.0,0.0859921230207211,0.0,0.0,0.5009965012452633
intent_show_encourage,0,0.11717469236595776,0.19470595781474073,599.4,169.97246835884923,"pearson_r, mutual_information, entropy_reduction_ratio",0.0,0.08487696058452558,0.0,0.0,0.5009965012452633
perm_com.kingroot.kinguser.permission.activityCalled,0,0.11717236701988742,0.19470634359720254,599.6,169.58962232400896,"pearson_r, mutual_information, entropy_reduction_ratio",0.0,0.08486533385417387,0.0,0.0,0.5009965012452633
intent_com.easou.eyou.START_EPAY_PROXY_ACTIVITY,0,0.11707258759332233,0.1947230012484769,599.8,169.20685565307335,"pearson_r, mutual_information, entropy_reduction_ratio",0.0,0.0843664367213483,0.0,0.0,0.5009965012452633
intent_com.sogou.androidtool.action.topicdetail,0,0.11704272348514347,0.19472802639252956,600.2,168.44156256696266,"pearson_r, mutual_information, entropy_reduction_ratio",0.0,0.08421711618045404,0.0,0.0,0.5009965012452633
intent_com.kingroot.kinguser.service.IKCommonManagerInterface,0,0.11701881694852105,0.19473206218285172,600.4,168.05903724584408,"pearson_r, mutual_information, entropy_reduction_ratio",0.0,0.084097583497342,0.0,0.0,0.5009965012452633
intent_com.qihoo360.daemon.pcdaemon.NotifyServiceStop2,0,0.11698777266709055,0.19473732032933044,600.6,167.6765934768476,"pearson_r, mutual_information, entropy_reduction_ratio",0.0,0.08394236209018943,0.0,0.0,0.5009965012452633
intent_android.intent.action.PACKAGE_RESTARTED,0,0.11697707361116294,0.22237156750024556,340.9,226.52514209243972,"pearson_r, entropy_reduction_ratio, f_stat",0.009993786058160429,0.0,0.003527191323313813,0.009708647137346595,0.5616557435369939
intent_android.appwidget.action.APPWIDGET_UPDATE,0,0.11694493850967654,0.12152814292229058,300.8,338.5211367108412,"pearson_r, mutual_information, entropy_reduction_ratio",0.05828839098223091,0.09473813264354916,0.019025581597872633,0.057437190901470786,0.35523539642325924
perm_com.google.android.googleapps.permission.GOOGLE_AUTH.blogger,0,0.1168222253432799,0.194765691822981,601.0,166.91195283741664,"pearson_r, mutual_information, entropy_reduction_ratio",0.0,0.08311462547113625,0.0,0.0,0.5009965012452633
perm_android.permission.ACCESS_CACHE_FILESYSTEM,0,0.11681343931004215,0.21141273524245835,341.4,63.91431764479693,"pearson_r, mutual_information, entropy_reduction_ratio",0.005275714716806944,0.03464386999897626,0.001417215559307963,0.0037876951445030295,0.5389427011306166
perm_android.permission.SET_DEBUG_APP,0,0.11679307377919534,0.20300420502852495,365.8,42.12552670293868,"pearson_r, mutual_information, entropy_reduction_ratio",0.0009574537775760633,0.06165483530052205,0.0003480526346027118,0.0009537022277158936,0.5200513249555601
intent_com.urbanairship.push.DISMISSED,0,0.11678713885984063,0.1442977343185222,315.2,320.09148692209857,"pearson_r, mutual_information, entropy_reduction_ratio",0.03857003724015965,0.10890385860376882,0.01040833082250494,0.028515826984740925,0.3975376406480287
intent_com.excelliance.kxqp.platform.action.CRASH_REPORT,0,0.11664024373070178,0.19479752438692696,601.2,166.52975710064553,"pearson_r, mutual_information, entropy_reduction_ratio",0.0,0.08220471740824563,0.0,0.0,0.5009965012452633
perm_android.permission.READ_INTERNAL_STORAGE,0,0.11662684572938897,0.20180572483320497,365.9,42.698243523592396,"pearson_r, mutual_information, entropy_reduction_ratio",0.0006954638270072815,0.06428483371974998,0.00025657109365104225,0.0006901549694343204,0.5172072050371023
intent_show_lock,0,0.11659324700235407,0.194805854779053,601.6,165.76561766542542,"pearson_r, mutual_information, entropy_reduction_ratio",0.0,0.08196973376650703,0.0,0.0,0.5009965012452633
intent_com.android.utils.hades.ACTION_UPDATE_COMMON_RES,0,0.11658633309948489,0.19480708409762898,602.0,165.00181817180075,"pearson_r, mutual_information, entropy_reduction_ratio",0.0,0.08193516425216121,0.0,0.0,0.5009965012452633
intent_com.mobutils.android.mediation.MaterialNotificationReceiver.ACTION_CLICK_NOTIFICATION,0,0.11653759949186966,0.19481577674154313,602.2,164.62004738184228,"pearson_r, mutual_information, entropy_reduction_ratio",0.0,0.08169149621408496,0.0,0.0,0.5009965012452633
intent_com.qihoo.appstore.utils.ActivityBroadcastReceiver.ACTION_INTENT_TRANSFER,0,0.11646182464143373,0.19482938882840778,602.4,164.23836336252256,"pearson_r, mutual_information, entropy_reduction_ratio",0.0,0.08131262196190542,0.0,0.0,0.5009965012452633
intent_com.qihoo.appstore.notification.click,0,0.11641980587076588,0.19483698741802685,602.6,163.85676672020597,"pearson_r, mutual_information, entropy_reduction_ratio",0.0,0.08110252810856611,0.0,0.0,0.5009965012452633
intent_android.net.wifi.STATE_CHANGE,0,0.11622177484156893,0.22178612624251576,343.7,225.24821863890512,"pearson_r, entropy_reduction_ratio, f_stat",0.009152145137980919,0.0,0.0031171244670108503,0.009101615836208594,0.5597379887666443
intent_com.qihoo.appstore.plugin.huajiao.IPluginHelperService,0,0.1161735467743582,0.19488224301388057,603.6,161.95011577643285,"pearson_r, mutual_information, entropy_reduction_ratio",0.0,0.07987123262652769,0.0,0.0,0.5009965012452633
perm_com.sonyericsson.homescreen.permission.READ_SETTINGS,0,0.11616755035002338,0.1948833603828443,603.8,161.56905644336726,"pearson_r, mutual_information, entropy_reduction_ratio",0.0,0.07984125050485352,0.0,0.0,0.5009965012452633
intent_com.sogou.pushservice.action.METHOD,0,0.11616557627963583,0.1948837283896298,604.0,161.1880888899673,"pearson_r, mutual_information, entropy_reduction_ratio",0.0,0.07983138015291594,0.0,0.0,0.5009965012452633
intent_com.xiaomi.mipush.ERROR,0,0.11591674392533632,0.22142826965030818,344.1,225.02319880403442,"pearson_r, entropy_reduction_ratio, f_stat",0.008926967036270047,0.0,0.0031481315778609754,0.00878773828500843,0.5587208827275422
intent_com.xiaomi.mipush.RECEIVE_MESSAGE,0,0.11591674392533632,0.22142826965030818,344.1,225.02319880403442,"pearson_r, entropy_reduction_ratio, f_stat",0.008926967036270047,0.0,0.0031481315778609754,0.00878773828500843,0.5587208827275422
perm_com.google.android.googleapps.permission.GOOGLE_AUTH.print,0,0.11591094098982968,0.1949318621587745,604.4,160.42643173741664,"pearson_r, mutual_information, entropy_reduction_ratio",0.0,0.07855820370388515,0.0,0.0,0.5009965012452633
intent_com.esbook.receiver.message,0,0.11586737785759449,0.19494022899376334,604.6,160.04574346104928,"pearson_r, mutual_information, entropy_reduction_ratio",0.0,0.07834038804270912,0.0,0.0,0.5009965012452633
perm_android.permission.ACCESS_DOWNLOAD_MANAGER_ADVANCED,0,0.11586728073169184,0.21178861247169398,344.6,69.3414738810764,"pearson_r, mutual_information, entropy_reduction_ratio",0.005275714716806944,0.02991307710722464,0.001417215559307963,0.0037876951445030295,0.5389427011306166
intent_com.excelliance.open.action.queryUpdate,0,0.11585118949090852,0.19494334800073904,604.8,159.6651496100511,"pearson_r, mutual_information, entropy_reduction_ratio",0.0,0.07825944620927924,0.0,0.0,0.5009965012452633
intent_com.qihoo.appstore.clean.scan.finish,0,0.11582127416108885,0.19494912579502022,605.0,159.28465086128043,"pearson_r, mutual_information, entropy_reduction_ratio",0.0,0.078109869560181,0.0,0.0,0.5009965012452633
intent_com.umeng.message.enablecallback.action,0,0.11575214510857953,0.21276738282979257,328.2,84.87025391737673,"pearson_r, mutual_information, entropy_reduction_ratio",0.004234689724215763,0.027970077301277443,0.0015228074318926175,0.004179616839234985,0.5408535342462769
intent_android.intent.action.SENDTO,0,0.1156939033711613,0.22114943914456803,345.3,224.42807311029517,"pearson_r, entropy_reduction_ratio, f_stat",0.008848283978092552,0.0,0.0031277387919217163,0.008551229918944098,0.5579422641668481
intent_android.app.action.DEVICE_ADMIN_ENABLED,0,0.11568683023150188,0.18492354060625785,460.0,225.86013371110892,"pearson_r, mutual_information, entropy_reduction_ratio",0.0014167283584691852,0.09712820715200886,0.0005194219264585961,0.0013920857139595227,0.47797770800661327
intent_com.qihoo.appstore.ACTION_GAME_UNION_DETAIL,0,0.11557844400428123,0.19499669855350932,605.8,157.7636206481076,"pearson_r, mutual_information, entropy_reduction_ratio",0.0,0.07689571877614286,0.0,0.0,0.5009965012452633
perm_android.permission.INJECT_EVENTS,0,0.11554591607975902,0.19500316206811813,606.2,157.00369422405322,"pearson_r, mutual_information, entropy_reduction_ratio",0.0,0.07673307915353178,0.0,0.0,0.5009965012452633
intent_com.getui.gis.action.64kVIzqls49c7TJxrBbWG4,0,0.11554243577300236,0.19500385490079952,606.4,156.62388068235316,"pearson_r, mutual_information, entropy_reduction_ratio",0.0,0.07671567761974853,0.0,0.0,0.5009965012452633
perm_com.meizu.flyme.launcher.permission.WRITE_SETTINGS,0,0.11537143348998398,0.19503819964783334,606.8,155.86455658680072,"pearson_r, mutual_information, entropy_reduction_ratio",0.0,0.07586066620465656,0.0,0.0,0.5009965012452633
perm_com.facebook.katana.permission.RECEIVE_ADM_MESSAGE,0,0.11534158599627213,0.19504425518357574,607.0,155.48504751261453,"pearson_r, mutual_information, entropy_reduction_ratio",0.0,0.07571142873609739,0.0,0.0,0.5009965012452633
intent_com.qihoo360.daemon.pcdaemon.ACTION_START_OPERATE_AUTHOR,0,0.11526810576238519,0.19505924008860437,607.4,154.7263390635221,"pearson_r, mutual_information, entropy_reduction_ratio",0.0,0.07534402756666268,0.0,0.0,0.5009965012452633
perm_android.permission.PREVENT_POWER_KEY,0,0.11516141021191686,0.19508119366742105,607.6,154.34714121097286,"pearson_r, mutual_information, entropy_reduction_ratio",0.0,0.07481054981432096,0.0,0.0,0.5009965012452633
perm_com.android.launcher2.permission.WRITE_SETTINGS,0,0.11514420132757333,0.21981567042131303,352.1,220.69399629351042,"pearson_r, entropy_reduction_ratio, f_stat",0.01056661984289278,0.0,0.002834431118615926,0.00760557138483806,0.5547143842915199
perm_android.permission.BROADCAST_SMS,0,0.11514420132757333,0.21981567042131303,352.1,220.69399629351042,"pearson_r, entropy_reduction_ratio, f_stat",0.01056661984289278,0.0,0.002834431118615926,0.00760557138483806,0.5547143842915199
intent_android.intent.action.SIG_STR,0,0.11514420132757333,0.21981567042131303,352.1,220.69399629351042,"pearson_r, entropy_reduction_ratio, f_stat",0.01056661984289278,0.0,0.002834431118615926,0.00760557138483806,0.5547143842915199
perm_android.permission.FORCE_STOP_PACKAGES,0,0.11514420132757333,0.21981567042131303,352.1,220.69399629351042,"pearson_r, entropy_reduction_ratio, f_stat",0.01056661984289278,0.0,0.002834431118615926,0.00760557138483806,0.5547143842915199
perm_android.permission.WRITE_APN_STORAGE,0,0.11514420132757333,0.21981567042131303,352.1,220.69399629351042,"pearson_r, entropy_reduction_ratio, f_stat",0.01056661984289278,0.0,0.002834431118615926,0.00760557138483806,0.5547143842915199
intent_android.intent.action.DATA_SMS_RECEIVED,0,0.11514420132757333,0.21981567042131303,352.1,220.69399629351042,"pearson_r, entropy_reduction_ratio, f_stat",0.01056661984289278,0.0,0.002834431118615926,0.00760557138483806,0.5547143842915199
intent_android.intent.action.CLOSE_SYSTEM_DIALOGS,0,0.11514420132757333,0.21981567042131303,352.1,220.69399629351042,"pearson_r, entropy_reduction_ratio, f_stat",0.01056661984289278,0.0,0.002834431118615926,0.00760557138483806,0.5547143842915199
intent_android.appwidget.action.APPWIDGET_CONFIGURE,0,0.11507148915852594,0.11251009871912891,319.8,348.6387241830718,"pearson_r, entropy_reduction_ratio, f_stat",0.08624667026250452,0.05324809094086648,0.025624442996065862,0.07392902432789872,0.3363092172652941
perm_com.google.android.googleapps.permission.GOOGLE_AUTH,0,0.11499785423556226,0.1699630651227415,376.8,278.43950869084654,"pearson_r, mutual_information, entropy_reduction_ratio",0.010939334826249262,0.10712129166992265,0.0029738088064299828,0.00798110552348019,0.44597373035172927
intent_com.excelliance.dualaid.action.psjardl,0,0.11499409836079415,0.1951160845497443,607.8,153.9680486334746,"pearson_r, mutual_information, entropy_reduction_ratio",0.0,0.07397399055870743,0.0,0.0,0.5009965012452633
intent_com.excelliance.dualaid.action.ext,0,0.11499062096435822,0.19511681574058518,608.0,153.58906211055526,"pearson_r, mutual_information, entropy_reduction_ratio",0.0,0.07395660357652772,0.0,0.0,0.5009965012452633
perm_com.kingroot.kinguser.permission.REQUEST,0,0.11494009416277358,0.1951274676509838,608.4,152.83141038412228,"pearson_r, mutual_information, entropy_reduction_ratio",0.0,0.07370396956860464,0.0,0.0,0.5009965012452633
intent_com.qihoo.appstore.battery.POWER_RANK_START,0,0.1148918803383975,0.19513768019712502,608.6,152.45274677748512,"pearson_r, mutual_information, entropy_reduction_ratio",0.0,0.0734629004467242,0.0,0.0,0.5009965012452633
intent_android.intent.action.EXTERNAL_APPLICATIONS_AVAILABLE,0,0.1148424167939831,0.21221404403155558,348.6,76.33767091023934,"pearson_r, mutual_information, entropy_reduction_ratio",0.005275714716806944,0.024788757418681008,0.001417215559307963,0.0037876951445030295,0.5389427011306166
intent_com.qihoo.appstore.ACTION_HANDLE_SYSTEM_APP,0,0.11482249102214585,0.19515246078233203,609.0,151.6957481276255,"pearson_r, mutual_information, entropy_reduction_ratio",0.0,0.07311595386546603,0.0,0.0,0.5009965012452633
perm_xmpp.permission.ACCESS_API,0,0.11440005974940333,0.19524454674398967,609.6,150.56108394933932,"pearson_r, mutual_information, entropy_reduction_ratio",0.0,0.07100379750175337,0.0,0.0,0.5009965012452633
intent_show_fold,0,0.11433724994019652,0.19525854715084467,609.8,150.18308826229404,"pearson_r, mutual_information, entropy_reduction_ratio",0.0,0.07068974845571928,0.0,0.0,0.5009965012452633
intent_com.sogou.androidtool.action.wap,0,0.11432134285598536,0.19526210553141993,610.0,149.80520685209842,"pearson_r, mutual_information, entropy_reduction_ratio",0.0,0.07061021303466347,0.0,0.0,0.5009965012452633
intent_com.qihoo.psdk.service.action.remote,0,0.11432052484369744,0.21243795924669767,349.8,78.47394472052491,"pearson_r, mutual_information, entropy_reduction_ratio",0.005275714716806944,0.022179297667252632,0.001417215559307963,0.0037876951445030295,0.5389427011306166
intent_com.secneo.plugin.action.HOURLY,0,0.1143133762901957,0.19526388955874813,610.4,149.04979033866502,"pearson_r, mutual_information, entropy_reduction_ratio",0.0,0.07057038020571511,0.0,0.0,0.5009965012452633
intent_android.intent.action.BOOT_COMPLETED,0,0.11431194538919118,0.22041197777662264,375.7,215.73863817128353,"pearson_r, f_stat, entropy_reduction_ratio",0.0076908582713925856,0.0,0.001067679179160899,0.00771242790282378,0.5550887615925787
intent_com.qihoo.appstore.launcher.shortcut.PLAYGAME,0,0.11430734450546676,0.19526524116650215,610.6,148.67225699504263,"pearson_r, mutual_information, entropy_reduction_ratio",0.0,0.07054022128207046,0.0,0.0,0.5009965012452633
perm_com.android.launcher2.permission.INSTALL_SHORTCUT,0,0.11414521323736185,0.17776686703464714,410.9,252.28959550484836,"pearson_r, mutual_information, entropy_reduction_ratio",0.005461697959429412,0.09767460163425899,0.0014869044032149914,0.003974330867696492,0.46212853132220927
intent_com.xiaomi.mipush.MESSAGE_ARRIVED,0,0.11407953358436562,0.21959183093769416,363.5,215.24404753674375,"pearson_r, entropy_reduction_ratio, f_stat",0.007360639635241483,0.0,0.0026205167450097187,0.007188859336294872,0.553227652205282
intent_com.excelliance.dualaid.b64.action.update.done,0,0.113987632412309,0.19533793545611355,611.0,147.91754459833356,"pearson_r, mutual_information, entropy_reduction_ratio",0.0,0.06894166081628177,0.0,0.0,0.5009965012452633
perm_com.google.android.googleapps.permission.GOOGLE_AUTH.news,0,0.1138461220074785,0.19537077078311527,611.4,147.16331064501097,"pearson_r, mutual_information, entropy_reduction_ratio",0.0,0.06823410879212925,0.0,0.0,0.5009965012452633
perm_android.permission.READ_SOCIAL_STREAM,0,0.11373417958571733,0.1953970318076843,611.8,146.40956252922825,"pearson_r, mutual_information, entropy_reduction_ratio",0.0,0.06767439668332326,0.0,0.0,0.5009965012452633
perm_com.oppo.launcher.permission.WRITE_SETTINGS,0,0.11368972693947858,0.11851252721658374,316.6,343.60011641441565,"pearson_r, entropy_reduction_ratio, mutual_information",0.07048244355721368,0.06445191217704349,0.02201360343942662,0.06330729643221009,0.348193379091499
intent_android.net.wifi.supplicant.CONNECTION_CHANGE,0,0.11364504042897232,0.21904311494986053,364.3,214.84729460712325,"pearson_r, entropy_reduction_ratio, f_stat",0.007244775326014849,0.0,0.0025098437133116236,0.006772518936860491,0.5516980641686746
intent_com.qihoo.appstore.ACTION_NORMAL_INSTALL_ERROR,0,0.11362065093206722,0.1954239233168617,612.2,145.6563077933805,"pearson_r, mutual_information, entropy_reduction_ratio",0.0,0.06710675341507277,0.0,0.0,0.5009965012452633
perm_com.sec.android.permission.LAUNCH_PERSONAL_PAGE_SERVICE,0,0.11352810372084506,0.1954460373798773,612.8,144.5273676505595,"pearson_r, mutual_information, entropy_reduction_ratio",0.0,0.06664401735896193,0.0,0.0,0.5009965012452633
intent_com.sogou.androidtool.intent.action.COMMAND,0,0.11350787641138446,0.19545089368411653,613.0,144.15130939398364,"pearson_r, mutual_information, entropy_reduction_ratio",0.0,0.06654288081165909,0.0,0.0,0.5009965012452633
intent_cn.jpush.android.intent.DaemonService,0,0.11346672687460727,0.21899869256316803,365.1,214.4505537414161,"pearson_r, entropy_reduction_ratio, f_stat",0.006790019914704778,0.0,0.0024084464454268966,0.006701755212760529,0.5514334128001441
intent_com.excelliance.kxqp.action.space.stat,0,0.1132738939198944,0.19550766943143588,613.2,143.7753803681284,"pearson_r, mutual_information, entropy_reduction_ratio",0.0,0.06537296835420867,0.0,0.0,0.5009965012452633
perm_com.tsf.shell.permission.READ_SETTINGS,0,0.11323435241402653,0.19551737316692094,613.4,143.39958158934772,"pearson_r, mutual_information, entropy_reduction_ratio",0.0,0.06517526082486932,0.0,0.0,0.5009965012452633
perm_com.xgbuy.xg.permission.JPUSH_MESSAGE,0,0.11310060194223095,0.19555042986195678,613.6,143.02391408432365,"pearson_r, mutual_information, entropy_reduction_ratio",0.0,0.06450650846589147,0.0,0.0,0.5009965012452633
intent_com.mobiletool.appstore.action.update,0,0.11304364580613901,0.19556461607050604,614.4,141.522577704054,"pearson_r, mutual_information, entropy_reduction_ratio",0.0,0.06422172778543184,0.0,0.0,0.5009965012452633
intent_org.android.agoo.client.ElectionReceiverService,0,0.11284370871558194,0.21833121653614568,366.3,213.85546520956623,"pearson_r, entropy_reduction_ratio, f_stat",0.006299065921331139,0.0,0.002248665412757839,0.006191012624889477,0.5494797996189312
perm_me.everything.badger.permission.BADGE_COUNT_WRITE,0,0.11274395153786412,0.12716501141400044,317.0,334.39168649953007,"pearson_r, mutual_information, entropy_reduction_ratio",0.05567244173308384,0.07568465537096065,0.017719609952047265,0.05031087033061835,0.3643321803026105
intent_com.umeng.message.message.handler.action,0,0.11267042788470087,0.21817034005700234,368.1,212.97567936269155,"pearson_r, entropy_reduction_ratio, f_stat",0.00612980327163168,0.0,0.0021712889742618352,0.00606512911927306,0.5489859180583379
perm_com.tencent.mm.permission.MM_MESSAGE,0,0.1126541107589768,0.19566338877085257,614.8,140.77272463087442,"pearson_r, mutual_information, entropy_reduction_ratio",0.0,0.06227405254962072,0.0,0.0,0.5009965012452633
intent_android.intent.action.INSTALL,0,0.11264760226375177,0.19566506502560035,615.0,140.39800568384152,"pearson_r, mutual_information, entropy_reduction_ratio",0.0,0.062241510073495564,0.0,0.0,0.5009965012452633
intent_com.yuetu.shentu.Intent.WECHAT_PAY,0,0.11258018454411514,0.19568247846869333,615.2,140.0234266114067,"pearson_r, mutual_information, entropy_reduction_ratio",0.0,0.061904421475312374,0.0,0.0,0.5009965012452633
perm_org.simalliance.openmobileapi.SMARTCARD,0,0.11256179427051652,0.21800711516850615,368.7,212.6418585321338,"pearson_r, entropy_reduction_ratio, f_stat",0.006116435920046041,0.0,0.002185674441070763,0.005955456339058428,0.5485514046524074
perm_android.permission.USE_CREDENTIALS,0,0.11253971160029308,0.17790301795903732,441.8,244.26985077982917,"pearson_r, mutual_information, f_stat",0.0040640545189307535,0.09156244277593781,0.0013197198265500326,0.004065340510820207,0.46168700036922655
intent_cn.jpush.android.intent.NOTIFICATION_CLICK_ACTION,0,0.11245148063507912,0.17795597084540177,416.9,248.31278662203445,"pearson_r, mutual_information, entropy_reduction_ratio",0.005461697959429412,0.08920593862284547,0.0014869044032149914,0.003974330867696492,0.46212853132220927
perm_com.qiku.launcher.permission.WRITE_SETTINGS,0,0.11241565888831218,0.19572535753121187,615.8,138.90053995575397,"pearson_r, mutual_information, entropy_reduction_ratio",0.0,0.061081793196297564,0.0,0.0,0.5009965012452633
intent_com.telecom.sdk_auth_ui.SMS_CODE_SEND_ACTIOIN,0,0.11231279448373513,0.1957524425393505,616.2,138.1526691743594,"pearson_r, mutual_information, entropy_reduction_ratio",0.0,0.060567471173412296,0.0,0.0,0.5009965012452633
intent_com.google.android.c2dm.intent.REGISTRATION,0,0.11225978359339277,0.1818830925308446,462.6,222.12482976920884,"pearson_r, mutual_information, f_stat",0.0024863222277923852,0.08534672632830907,0.0007428092878612562,0.0024873665031345193,0.47023569361986656
perm_com.google.android.gms.permission.AD_ID_NOTIFICATION,0,0.1121829115368371,0.19578694519451692,616.4,137.77895340000228,"pearson_r, mutual_information, entropy_reduction_ratio",0.0,0.059918056438922195,0.0,0.0,0.5009965012452633
intent_com.excelliance.kxqp.action.gp,0,0.11214958662104939,0.19579585234266433,616.6,137.40538562953054,"pearson_r, mutual_information, entropy_reduction_ratio",0.0,0.059751431859983606,0.0,0.0,0.5009965012452633
intent_com.qihoo.appstore.notification,0,0.11199905353341774,0.19583636472186944,617.0,136.65869895473173,"pearson_r, mutual_information, entropy_reduction_ratio",0.0,0.058998766421825395,0.0,0.0,0.5009965012452633
intent_com.secneo.proxy.action.CUSTOM,0,0.11193806991202374,0.19585290634139532,617.2,136.28558250966975,"pearson_r, mutual_information, entropy_reduction_ratio",0.0,0.058693848314855315,0.0,0.0,0.5009965012452633
intent_com.umeng.message.disablecallback.action,0,0.11190773455853245,0.2144854721917442,343.0,110.93241185514718,"pearson_r, mutual_information, entropy_reduction_ratio",0.004234689724215763,0.008748024551041945,0.0015228074318926175,0.004179616839234985,0.5408535342462769
perm_telecom.mdesk.permission.WRITE_SETTINGS,0,0.11188585599765202,0.19586712844680526,617.6,135.53980965015407,"pearson_r, mutual_information, entropy_reduction_ratio",0.0,0.0584327787429968,0.0,0.0,0.5009965012452633
intent_com.kingroot.kinguser.gamebox.ACTION_GAME_REPLACE,0,0.11180228980835952,0.19589000403076604,617.8,135.16715577387873,"pearson_r, mutual_information, entropy_reduction_ratio",0.0,0.058014947796534225,0.0,0.0,0.5009965012452633
intent_com.excelliance.kxqp.action.smtsrv,0,0.11179908100886463,0.19589088520385747,618.0,134.7946586478856,"pearson_r, mutual_information, entropy_reduction_ratio",0.0,0.05799890379905986,0.0,0.0,0.5009965012452633
perm_com.miui.mihome2.permission.WRITE_SETTINGS,0,0.111577155684127,0.19595232877653265,618.4,134.05013987310866,"pearson_r, mutual_information, entropy_reduction_ratio",0.0,0.056889277175371726,0.0,0.0,0.5009965012452633
intent_com.amir.nightjar.service.BUFFER_SERVICES,0,0.11148880279615818,0.19597706509151494,618.6,133.6781208724898,"pearson_r, mutual_information, entropy_reduction_ratio",0.0,0.05644751273552766,0.0,0.0,0.5009965012452633
intent_com.qihoo.appstore.LitePluginTipDialogActivity,0,0.11136028820536695,0.19601332435225316,618.8,133.30626391884215,"pearson_r, mutual_information, entropy_reduction_ratio",0.0,0.05580493978157139,0.0,0.0,0.5009965012452633
perm_com.google.android.googleapps.permission.GOOGLE_AUTH.notebook,0,0.11135646127944032,0.1960144091504743,619.0,132.9345703720443,"pearson_r, mutual_information, entropy_reduction_ratio",0.0,0.055785805151938275,0.0,0.0,0.5009965012452633
intent_com.excelliance.kxqp.action.init,0,0.11130284226233651,0.19602963904095794,619.2,132.56304160662577,"pearson_r, mutual_information, entropy_reduction_ratio",0.0,0.0555177100664193,0.0,0.0,0.5009965012452633
perm_com.google.android.googleapps.permission.GOOGLE_AUTH.ig,0,0.11126701490747659,0.19603984744020758,619.4,132.19167901195596,"pearson_r, mutual_information, entropy_reduction_ratio",0.0,0.05533857329211967,0.0,0.0,0.5009965012452633
intent_com.qihoo.appstore.checkupdate.NOTIFY_APP_UPDATE,0,0.11124166092295902,0.19604708713307528,619.6,131.82048399243573,"pearson_r, mutual_information, entropy_reduction_ratio",0.0,0.05521180336953179,0.0,0.0,0.5009965012452633
perm_android.permission.BIND_APPWIDGET,0,0.11121816540017704,0.1960538076220689,619.8,131.4494579676919,"pearson_r, mutual_information, entropy_reduction_ratio",0.0,0.05509432575562191,0.0,0.0,0.5009965012452633
intent_show_about,0,0.11119682820170443,0.19605992031832117,620.0,131.07860237277478,"pearson_r, mutual_information, entropy_reduction_ratio",0.0,0.05498763976325879,0.0,0.0,0.5009965012452633
intent_android.intent.action.BATTERY_CHANGED_ACTION,0,0.11113170916041201,0.1960786319161536,620.2,130.70791865835827,"pearson_r, mutual_information, entropy_reduction_ratio",0.0,0.05466204455679679,0.0,0.0,0.5009965012452633
intent_com.qihoo.appstore.plugin.share.IpluginService,0,0.11112940077078762,0.19607929677403693,620.4,130.3374082909431,"pearson_r, mutual_information, entropy_reduction_ratio",0.0,0.05465050260867481,0.0,0.0,0.5009965012452633
perm_com.sonymobile.home.permission.PROVIDER_ACCESS_MODIFY_CONFIGURATION,0,0.11107658114213477,0.19609453886304132,620.6,129.96707275306312,"pearson_r, mutual_information, entropy_reduction_ratio",0.0,0.054386404465410564,0.0,0.0,0.5009965012452633
intent_android.intent.action.RESPOND_VIA_MESSAGE,0,0.11100971440975409,0.2162948819623775,386.7,206.78046329380348,"pearson_r, entropy_reduction_ratio, f_stat",0.004928277589265347,0.0,0.0017635956616569065,0.0047732357370095,0.5435834630608387
perm_android.permission.SEND_DOWNLOAD_COMPLETED_INTENTS,0,0.11100971440975409,0.2162948819623775,386.7,206.78046329380348,"pearson_r, entropy_reduction_ratio, f_stat",0.004928277589265347,0.0,0.0017635956616569065,0.0047732357370095,0.5435834630608387
intent_android.intent.action.ACTION_VIEW_DOWNLOADS,0,0.11098242247136544,0.1309200670301568,325.8,332.6297641522779,"pearson_r, mutual_information, entropy_reduction_ratio",0.06097166593510548,0.06123981777819187,0.016355948435364902,0.045570083819738705,0.37077459638842625
intent_com.qihoo.appstore.battery.ICON,0,0.11092800069574119,0.19613771330373603,620.8,129.59691354349457,"pearson_r, mutual_information, entropy_reduction_ratio",0.0,0.05364350223344261,0.0,0.0,0.5009965012452633
intent_com.qihoo360.daemon.pcdaemon.ACTION_START_UI2,0,0.11086076923661592,0.1961573942045741,621.2,128.85713018688566,"pearson_r, mutual_information, entropy_reduction_ratio",0.0,0.05330734493781631,0.0,0.0,0.5009965012452633
intent_android.provider.OppoSpeechAssist.SMS_RECEIVED,0,0.1106894557331148,0.19620795104150301,621.8,127.7488160414804,"pearson_r, mutual_information, entropy_reduction_ratio",0.0,0.05245077742031067,0.0,0.0,0.5009965012452633
intent_com.firebase.jobdispatcher.ACTION_EXECUTE,0,0.11061280971975804,0.12074509198951484,333.8,347.5775596899201,"pearson_r, entropy_reduction_ratio, f_stat",0.08364458034092662,0.03559919143035486,0.022303566048224872,0.0632124230842859,0.348304287694998
intent_com.qihoo.appstore.LitePluginDownload,0,0.11059047918738492,0.1962374270208051,622.0,127.37974721281245,"pearson_r, mutual_information, entropy_reduction_ratio",0.0,0.05195589469166131,0.0,0.0,0.5009965012452633
intent_com.urbanairship.push.CHANNEL_UPDATED,0,0.11040631502929657,0.14520778018248945,334.4,315.9984810090074,"pearson_r, mutual_information, entropy_reduction_ratio",0.03857003724015965,0.0769997394510486,0.01040833082250494,0.028515826984740925,0.3975376406480287
perm_android.permission.BIND_DIRECTORY_SEARCH,0,0.11034778799838034,0.19631052838259794,622.4,126.64217307042706,"pearson_r, mutual_information, entropy_reduction_ratio",0.0,0.050742438746638474,0.0,0.0,0.5009965012452633
intent_android.content.SyncAdapter,0,0.11034126705437916,0.19540040756584184,501.4,192.093310659169,"pearson_r, mutual_information, entropy_reduction_ratio",1.0397574084813384e-05,0.05267483479988401,3.7631975709795653e-06,1.0391844058199852e-05,0.49900694785629784
intent_downfile,0,0.11026967790678421,0.19633430550257838,622.6,126.27367104824346,"pearson_r, mutual_information, entropy_reduction_ratio",0.0,0.050351888288657776,0.0,0.0,0.5009965012452633
intent_com.kingroot.common.ACTION_SWITCH_OUT_DESKTOP,0,0.11023740065043017,0.19634416632071405,622.8,125.90536128378331,"pearson_r, mutual_information, entropy_reduction_ratio",0.0,0.05019050200688758,0.0,0.0,0.5009965012452633
perm_com.google.android.providers.talk.permission.READ_ONLY,0,0.11023357247080119,0.1963453372184438,623.0,125.5372454692232,"pearson_r, mutual_information, entropy_reduction_ratio",0.0,0.050171361108742624,0.0,0.0,0.5009965012452633
perm_com.facebook.katana.provider.ACCESS,0,0.11018585485606877,0.19635995672802267,623.4,124.80160255381338,"pearson_r, mutual_information, entropy_reduction_ratio",0.0,0.04993277303508063,0.0,0.0,0.5009965012452633
intent_selfupdate_notification_cancelled,0,0.11017017627030963,0.19636477014913933,623.6,124.43407893338545,"pearson_r, mutual_information, entropy_reduction_ratio",0.0,0.04985438010628482,0.0,0.0,0.5009965012452633
intent_com.taobao.accs.intent.action.ELECTION,0,0.11015812964832405,0.21535375483379043,392.1,204.41536145798827,"pearson_r, entropy_reduction_ratio, f_stat",0.004234689724215763,0.0,0.0015228074318926175,0.004179616839234985,0.5408535342462769
perm_com.google.android.googleapps.permission.GOOGLE_AUTH.local,0,0.11005438054592749,0.19640047151913984,624.0,123.69963621611828,"pearson_r, mutual_information, entropy_reduction_ratio",0.0,0.049275401484374155,0.0,0.0,0.5009965012452633
intent_com.excelliance.kxqp.action.time,0,0.11004577501927437,0.19640313536043494,624.2,123.33272071919924,"pearson_r, mutual_information, entropy_reduction_ratio",0.0,0.04923237385110862,0.0,0.0,0.5009965012452633
perm_android.permission.RECEIVE_BOOT_COMPLETED,0,0.1100147890084647,0.21550143964319307,410.7,198.89937154249634,"pearson_r, f_stat, entropy_reduction_ratio",0.0042057426997003265,0.0,0.0006534927440621953,0.004211223736829499,0.5410034858617315
intent_android.intent.action.CONFIGURATION_CHANGED,0,0.10997390203551775,0.19642544113098281,624.4,122.96601156417165,"pearson_r, mutual_information, entropy_reduction_ratio",0.0,0.048873008932325476,0.0,0.0,0.5009965012452633
intent_android.provider.Telephony.SMS_DELIVER,0,0.10991784421028654,0.2107706039436241,389.2,79.52332991015908,"pearson_r, mutual_information, entropy_reduction_ratio",0.0024746303847334324,0.012409133512652373,0.0008994661651031356,0.002426567078174081,0.5313794239107696
perm_android.permission.ACCOUNT_MANAGER,0,0.1098846653102469,0.21453681504602543,409.9,193.5413134191251,"pearson_r, entropy_reduction_ratio, f_stat",0.005275714716806944,0.0,0.001417215559307963,0.0037876951445030295,0.5389427011306166
intent_cn.play.dservice,0,0.1098846653102469,0.21453681504602543,409.9,193.5413134191251,"pearson_r, entropy_reduction_ratio, f_stat",0.005275714716806944,0.0,0.001417215559307963,0.0037876951445030295,0.5389427011306166
intent_android.intent.action.NOTIFICATION_REMOVE,0,0.1098846653102469,0.21453681504602543,409.9,193.5413134191251,"pearson_r, entropy_reduction_ratio, f_stat",0.005275714716806944,0.0,0.001417215559307963,0.0037876951445030295,0.5389427011306166
intent_android.intent.action.NOTIFICATION_ADD,0,0.1098846653102469,0.21453681504602543,409.9,193.5413134191251,"pearson_r, entropy_reduction_ratio, f_stat",0.005275714716806944,0.0,0.001417215559307963,0.0037876951445030295,0.5389427011306166
perm_,0,0.1098846653102469,0.21453681504602543,409.9,193.5413134191251,"pearson_r, entropy_reduction_ratio, f_stat",0.005275714716806944,0.0,0.001417215559307963,0.0037876951445030295,0.5389427011306166
intent_com.excelliance.kxqp.platform.gameplugin.action.BIND_REMOTE,0,0.1098846653102469,0.21453681504602543,409.9,193.5413134191251,"pearson_r, entropy_reduction_ratio, f_stat",0.005275714716806944,0.0,0.001417215559307963,0.0037876951445030295,0.5389427011306166
intent_com.excelliance.kxqp.NEXT_CHAPTER,0,0.1098846653102469,0.21453681504602543,409.9,193.5413134191251,"pearson_r, entropy_reduction_ratio, f_stat",0.005275714716806944,0.0,0.001417215559307963,0.0037876951445030295,0.5389427011306166
intent_com.adroid.SERVICE,0,0.1098846653102469,0.21453681504602543,409.9,193.5413134191251,"pearson_r, entropy_reduction_ratio, f_stat",0.005275714716806944,0.0,0.001417215559307963,0.0037876951445030295,0.5389427011306166
perm_android.permission.LOCAL_MAC_ADDRESS,0,0.1098846653102469,0.21453681504602543,409.9,193.5413134191251,"pearson_r, entropy_reduction_ratio, f_stat",0.005275714716806944,0.0,0.001417215559307963,0.0037876951445030295,0.5389427011306166
perm_cn.swiftpass.wxpay.permission.MM_MESSAGE,0,0.1098846653102469,0.21453681504602543,409.9,193.5413134191251,"pearson_r, entropy_reduction_ratio, f_stat",0.005275714716806944,0.0,0.001417215559307963,0.0037876951445030295,0.5389427011306166
perm_cn.swiftpass.wxpay.permission.MMOAUTH_CALLBACK,0,0.1098846653102469,0.21453681504602543,409.9,193.5413134191251,"pearson_r, entropy_reduction_ratio, f_stat",0.005275714716806944,0.0,0.001417215559307963,0.0037876951445030295,0.5389427011306166
perm_android.permission.DIAGNOSTIC,0,0.1098846653102469,0.21453681504602543,409.9,193.5413134191251,"pearson_r, entropy_reduction_ratio, f_stat",0.005275714716806944,0.0,0.001417215559307963,0.0037876951445030295,0.5389427011306166
perm_android.permission.ACCESS_CHECKIN_PROPERTIES,0,0.1098846653102469,0.21453681504602543,409.9,193.5413134191251,"pearson_r, entropy_reduction_ratio, f_stat",0.005275714716806944,0.0,0.001417215559307963,0.0037876951445030295,0.5389427011306166
perm_xvtian.gai.receiver,0,0.1098846653102469,0.21453681504602543,409.9,193.5413134191251,"pearson_r, entropy_reduction_ratio, f_stat",0.005275714716806944,0.0,0.001417215559307963,0.0037876951445030295,0.5389427011306166
intent_aspire.iap.SMS_SEND_ACTIOIN,0,0.1098846653102469,0.21453681504602543,409.9,193.5413134191251,"pearson_r, entropy_reduction_ratio, f_stat",0.005275714716806944,0.0,0.001417215559307963,0.0037876951445030295,0.5389427011306166
perm_yulong.permission.ACCESS_YLPARAMS,0,0.1098846653102469,0.21453681504602543,409.9,193.5413134191251,"pearson_r, entropy_reduction_ratio, f_stat",0.005275714716806944,0.0,0.001417215559307963,0.0037876951445030295,0.5389427011306166
intent_com.meizu.c2dm.intent.RECEIVE,0,0.1098846653102469,0.21453681504602543,409.9,193.5413134191251,"pearson_r, entropy_reduction_ratio, f_stat",0.005275714716806944,0.0,0.001417215559307963,0.0037876951445030295,0.5389427011306166
intent_com.meizu.flyme.push.intent.MESSAGE,0,0.1098846653102469,0.21453681504602543,409.9,193.5413134191251,"pearson_r, entropy_reduction_ratio, f_stat",0.005275714716806944,0.0,0.001417215559307963,0.0037876951445030295,0.5389427011306166
perm_android.permission.MODE_WORLD_READABLE,0,0.1098846653102469,0.21453681504602543,409.9,193.5413134191251,"pearson_r, entropy_reduction_ratio, f_stat",0.005275714716806944,0.0,0.001417215559307963,0.0037876951445030295,0.5389427011306166
intent_com.datouniao.AdPublisher.service.check,0,0.1098846653102469,0.21453681504602543,409.9,193.5413134191251,"pearson_r, entropy_reduction_ratio, f_stat",0.005275714716806944,0.0,0.001417215559307963,0.0037876951445030295,0.5389427011306166
intent_com.chance.service,0,0.1098846653102469,0.21453681504602543,409.9,193.5413134191251,"pearson_r, entropy_reduction_ratio, f_stat",0.005275714716806944,0.0,0.001417215559307963,0.0037876951445030295,0.5389427011306166
intent_cn.ngds.android.intent.alarm,0,0.1098846653102469,0.21453681504602543,409.9,193.5413134191251,"pearson_r, entropy_reduction_ratio, f_stat",0.005275714716806944,0.0,0.001417215559307963,0.0037876951445030295,0.5389427011306166
intent_com.punchbox.service,0,0.1098846653102469,0.21453681504602543,409.9,193.5413134191251,"pearson_r, entropy_reduction_ratio, f_stat",0.005275714716806944,0.0,0.001417215559307963,0.0037876951445030295,0.5389427011306166
intent_com.meizu.cloud.pushservice.action.PUSH_SERVICE_START,0,0.1098846653102469,0.21453681504602543,409.9,193.5413134191251,"pearson_r, entropy_reduction_ratio, f_stat",0.005275714716806944,0.0,0.001417215559307963,0.0037876951445030295,0.5389427011306166
intent_com.android.utils.hades.ACTION_START_SYS_WRAPPER,0,0.1098846653102469,0.21453681504602543,409.9,193.5413134191251,"pearson_r, entropy_reduction_ratio, f_stat",0.005275714716806944,0.0,0.001417215559307963,0.0037876951445030295,0.5389427011306166
intent_com.android.utils.hades.ACTION_REGISTER_IMPLICIT_RECEIVERS,0,0.1098846653102469,0.21453681504602543,409.9,193.5413134191251,"pearson_r, entropy_reduction_ratio, f_stat",0.005275714716806944,0.0,0.001417215559307963,0.0037876951445030295,0.5389427011306166
suspicious_getDeviceId,0,0.10985520175882404,0.21501545447665898,408.6,200.44859690204868,"pearson_r, entropy_reduction_ratio, f_stat",0.005461697959429412,0.0,2.9797683431162175e-06,0.003946859898030272,0.5398644711683174
intent_android.intent.action.UPDATE_NOTIFICATION,0,0.10959118965267696,0.19654594357391242,625.4,121.1356264688469,"pearson_r, mutual_information, entropy_reduction_ratio",0.0,0.04695944701812145,0.0,0.0,0.5009965012452633
perm_android.permission.WRITE_SYNC_SETTINGS,0,0.10955562336810332,0.1705396330499023,397.6,269.99599997036995,"pearson_r, mutual_information, entropy_reduction_ratio",0.008201484105495071,0.08314763287095987,0.002884396298985072,0.008151009801681885,0.44539359376339466
intent_com.example.servicejar.action.START_SPIRIT,0,0.10953338748641886,0.19656439606531712,625.6,120.77019499860053,"pearson_r, mutual_information, entropy_reduction_ratio",0.0,0.046670436186831005,0.0,0.0,0.5009965012452633
perm_android.permission.READ_USER_DICTIONARY,0,0.10951785925864252,0.21454354754926808,432.3,182.86978974122545,"pearson_r, entropy_reduction_ratio, f_stat",0.0038928218364132757,0.0,0.0013829983369496122,0.0037184680598583847,0.5385950080599914
perm_android.permission.READ_OWNER_DATA,0,0.10951785925864252,0.21454354754926808,432.3,182.86978974122545,"pearson_r, entropy_reduction_ratio, f_stat",0.0038928218364132757,0.0,0.0013829983369496122,0.0037184680598583847,0.5385950080599914
intent_com.qihoo.appstore.launcher.shortcut.GAMEUNION,0,0.10950501772058865,0.19657347693499458,625.8,120.40498328557669,"pearson_r, mutual_information, entropy_reduction_ratio",0.0,0.046528587357679965,0.0,0.0,0.5009965012452633
intent_com.qihoo.appstore.launcher.shortcut.MYFREEZE,0,0.10947297723645485,0.1965837519514749,626.0,120.03999333555463,"pearson_r, mutual_information, entropy_reduction_ratio",0.0,0.04636838493701102,0.0,0.0,0.5009965012452633
intent_com.mobiletool.appstore.intent.action.COMMAND,0,0.10947059746739143,0.19658451592809964,626.2,119.67522717755752,"pearson_r, mutual_information, entropy_reduction_ratio",0.0,0.046356486091693815,0.0,0.0,0.5009965012452633
perm_com.google.android.googleapps.permission.GOOGLE_AUTH.health,0,0.1094698906960603,0.19658474284433258,626.4,119.31068686416988,"pearson_r, mutual_information, entropy_reduction_ratio",0.0,0.046352952235038256,0.0,0.0,0.5009965012452633
perm_android.permission.WRITE_SECURE_SETTINGS,0,0.1094138273679427,0.21445844644778456,433.9,182.1357735317255,"pearson_r, entropy_reduction_ratio, f_stat",0.0037341690683338757,0.0,0.001349199247654703,0.003664431453216357,0.5383213370705086
intent_com.taobao.accs.intent.action.RECEIVE,0,0.10934501628200008,0.21439320700878797,435.7,181.2753706381537,"pearson_r, entropy_reduction_ratio, f_stat",0.003661576882572697,0.0,0.0013158182914232367,0.003625379425463785,0.5381223068105407
intent_com.qihoo.appstore.activate,0,0.10923778652541374,0.19665979766558034,626.8,118.58229210130828,"pearson_r, mutual_information, entropy_reduction_ratio",0.0,0.04519243138180538,0.0,0.0,0.5009965012452633
intent_action.com.excelliance.install.plugin,0,0.10905646671971454,0.19671917270072053,627.4,117.49144649718123,"pearson_r, mutual_information, entropy_reduction_ratio",0.0,0.044285832353309365,0.0,0.0,0.5009965012452633
intent_android.intent.action.DOWNLOAD_COMPLETE,0,0.10901978911780497,0.20364337010136954,394.2,57.31457057328442,"pearson_r, mutual_information, entropy_reduction_ratio",0.0005719909992255984,0.02801413518799678,0.00019524491101285775,0.0005713194805263529,0.5157462550102633
intent_com.qihoo.appstore.notification.notify_action,0,0.10896932248784474,0.1967479404184035,628.0,116.40274910842956,"pearson_r, mutual_information, entropy_reduction_ratio",0.0,0.043850111193960456,0.0,0.0,0.5009965012452633
perm_android.permission.WRITE_OWNER_DATA,0,0.10888513450026152,0.19647252631694714,511.2,182.9102512162727,"pearson_r, mutual_information, entropy_reduction_ratio",1.118165665778106e-06,0.04407896167991233,4.181330634421705e-07,1.1172010414071407e-06,0.5003440573216246
intent_com.qihoo.appstore.ACTION_PACKAGE_REMOVED_NEED_CLEAR,0,0.1088683501515461,0.19678146080954623,628.2,116.040337814055,"pearson_r, mutual_information, entropy_reduction_ratio",0.0,0.04334524951246722,0.0,0.0,0.5009965012452633
perm_org.adw.launcher.permission.WRITE_SETTINGS,0,0.10861307259230175,0.19686710527479834,628.8,114.95459973398194,"pearson_r, mutual_information, entropy_reduction_ratio",0.0,0.042068861716245465,0.0,0.0,0.5009965012452633
intent_com.sogou.passport.service.aidl,0,0.10847246565817348,0.196914827718658,629.0,114.59319351514732,"pearson_r, mutual_information, entropy_reduction_ratio",0.0,0.0413658270456041,0.0,0.0,0.5009965012452633
perm_android.permission.BIND_ACCESSIBILITY_SERVICE,0,0.10831768228464167,0.2131173716465621,438.5,180.0672096746101,"pearson_r, entropy_reduction_ratio, f_stat",0.0029968636221348968,0.0,0.0010856444871309176,0.002959597619397101,0.5345463056945454
perm_com.huaqin.launcherEx.permission.READ_SETTINGS,0,0.10818968131205249,0.19701198607509968,629.6,113.51052814607111,"pearson_r, mutual_information, entropy_reduction_ratio",0.0,0.039951905314999106,0.0,0.0,0.5009965012452633
intent_com.mobiletool.appstore.action.main,0,0.10806122344187548,0.19705664165841585,630.0,112.79007048495005,"pearson_r, mutual_information, entropy_reduction_ratio",0.0,0.039309615964114045,0.0,0.0,0.5009965012452633
perm_com.s.launcher.permission.READ_SETTINGS,0,0.10796892186170262,0.1970889288215839,630.4,112.0706919760916,"pearson_r, mutual_information, entropy_reduction_ratio",0.0,0.03884810806324983,0.0,0.0,0.5009965012452633
perm_com.google.android.googleapps.permission.GOOGLE_AUTH.speech,0,0.10788528380014775,0.19711833021588612,630.8,111.35241353468724,"pearson_r, mutual_information, entropy_reduction_ratio",0.0,0.038429917755475475,0.0,0.0,0.5009965012452633
perm_com.motorola.dock.DesktopDock.permission.READ_SETTINGS,0,0.1077558904763785,0.19716408699091303,631.2,110.63525658667766,"pearson_r, mutual_information, entropy_reduction_ratio",0.0,0.03778295113662918,0.0,0.0,0.5009965012452633
perm_android.permission.READ_CELL_BROADCASTS,0,0.10769669750625259,0.19718512881656947,631.4,110.27710551152492,"pearson_r, mutual_information, entropy_reduction_ratio",0.0,0.0374869862859997,0.0,0.0,0.5009965012452633
perm_com.google.android.googleapps.permission.GOOGLE_AUTH.speechpersonalization,0,0.10755002342700151,0.19723756480205443,632.2,108.84741613837235,"pearson_r, mutual_information, entropy_reduction_ratio",0.0,0.036753615889744226,0.0,0.0,0.5009965012452633
perm_com.majeur.launcher.permission.UPDATE_BADGE,0,0.10754896864711538,0.11253019146091835,396.7,404.06207443906436,"pearson_r, entropy_reduction_ratio, f_stat",0.09760186415946462,0.0,0.0301487794082921,0.08952756149456036,0.32046663817325977
intent_com.excelliance.appmate.platform.gameservice.PlatService,0,0.10752851368481779,0.19724529004432012,632.4,108.49073693177681,"pearson_r, mutual_information, entropy_reduction_ratio",0.0,0.03664606717882573,0.0,0.0,0.5009965012452633
intent_android.provider.Telephony.WAP_PUSH_DELIVER,0,0.10743601750775607,0.2119737832510498,441.7,178.6699750937465,"pearson_r, entropy_reduction_ratio, f_stat",0.0024746303847334324,0.0,0.0008994661651031356,0.002426567078174081,0.5313794239107696
perm_android.permission.READ_CONTACTS,0,0.1074015624271695,0.20048259754531733,399.0,55.932101694822805,"pearson_r, mutual_information, entropy_reduction_ratio",0.0001195188292871945,0.028992833768698947,3.4725395874982904e-05,0.00011943831750886198,0.5077412958244775
intent_com.kingroot.master.action.NOTIFY_STATISTIC,0,0.10720115938108846,0.19736397958055532,633.4,106.71194872178091,"pearson_r, mutual_information, entropy_reduction_ratio",0.0,0.035009295660179005,0.0,0.0,0.5009965012452633
intent_com.qihoo.appstore.plugin.streamapp.IPluginHelperServiceStreamApp,0,0.10718024610908852,0.19737163352796672,633.6,106.35713422239243,"pearson_r, mutual_information, entropy_reduction_ratio",0.0,0.03490472930017934,0.0,0.0,0.5009965012452633
intent_android.intent.action.DOWNLOAD_WAKEUP.sogou,0,0.1071635283551055,0.1973777581391814,634.0,105.64847372300274,"pearson_r, mutual_information, entropy_reduction_ratio",0.0,0.03482114053026418,0.0,0.0,0.5009965012452633
perm_android.permission.SET_TIME_ZONE,0,0.10715389456061657,0.19707316517913392,516.4,180.48335103271992,"pearson_r, mutual_information, entropy_reduction_ratio",1.118165665778106e-06,0.035422761981687666,4.181330634421705e-07,1.1172010414071407e-06,0.5003440573216246
perm_com.tencent.qqlauncher.permission.WRITE_SETTINGS,0,0.10712714411041997,0.19739110656152106,634.4,104.94112635187406,"pearson_r, mutual_information, entropy_reduction_ratio",0.0,0.03463921930683656,0.0,0.0,0.5009965012452633
perm_android.permission.READ_EXTERNAL_STORAGE,0,0.10697346235738217,0.21158488118152244,446.7,176.81447904512797,"pearson_r, f_stat, entropy_reduction_ratio",0.002231247283734889,0.0,0.000264673338713708,0.0022323660095429116,0.5301390251549193
intent_com.qihoo.appstore.launcher.shortcut.APP_GROUP,0,0.10690577858582825,0.19747287817663742,635.0,103.88262607385317,"pearson_r, mutual_information, entropy_reduction_ratio",0.0,0.033532391683877984,0.0,0.0,0.5009965012452633
intent_com.mobiletool.appstore.highspeed,0,0.10688726239929883,0.197479761437465,635.2,103.53047860412894,"pearson_r, mutual_information, entropy_reduction_ratio",0.0,0.033439810751230814,0.0,0.0,0.5009965012452633
intent_com.taobao.accs.intent.action.START_FROM_AGOO,0,0.10687515324399863,0.21124511622983644,444.1,177.5455997765081,"pearson_r, entropy_reduction_ratio, f_stat",0.0021290898100574675,0.0,0.0007697132809531277,0.0021147147024446486,0.5293622484265379
intent_android.intent.action.SEND,0,0.1068690808173991,0.12742858321155223,334.2,336.20255799145843,"pearson_r, entropy_reduction_ratio, f_stat",0.053672645105978446,0.04959038930023559,0.01738091505728429,0.05342530774307365,0.3602761468804235
perm_com.nd.android.launcher.permission.READ_SETTINGS,0,0.10685061840851003,0.19749340334302218,635.4,103.17867996829578,"pearson_r, mutual_information, entropy_reduction_ratio",0.0,0.03325659079728677,0.0,0.0,0.5009965012452633
intent_com.excelliance.dualaid.act.action.ext,0,0.10666084965139981,0.19756447076090217,635.6,102.82723374670739,"pearson_r, mutual_information, entropy_reduction_ratio",0.0,0.03230774701173576,0.0,0.0,0.5009965012452633
perm_android.permission.ACCESS_NETWORK_STATE,0,0.10661990624415274,0.19757989612105953,635.8,102.47614356522205,"pearson_r, mutual_information, entropy_reduction_ratio",0.0,0.03210302997550043,0.0,0.0,0.5009965012452633
intent_com.qihoo.appstore.ACTION_LOCK_SCREEN_AD_STATE_CHANGE,0,0.10658968736790637,0.19759130202631658,636.0,102.12541309585974,"pearson_r, mutual_information, entropy_reduction_ratio",0.0,0.03195193559426859,0.0,0.0,0.5009965012452633
intent_com.qihoo.commonreceiver.ARRIVED,0,0.10653854881695549,0.19761064452605917,636.2,101.77504605746931,"pearson_r, mutual_information, entropy_reduction_ratio",0.0,0.03169624283951406,0.0,0.0,0.5009965012452633
intent_pre_add_game_uninstalled,0,0.10650719447917038,0.19762252914145936,636.4,101.42504621640555,"pearson_r, mutual_information, entropy_reduction_ratio",0.0,0.031539471150588624,0.0,0.0,0.5009965012452633
intent_com.qihoo.hongbao.LOGIN,0,0.1063166125785158,0.19769518024602878,636.8,100.72616343334039,"pearson_r, mutual_information, entropy_reduction_ratio",0.0,0.030586561647315654,0.0,0.0,0.5009965012452633
perm_android.permission.WRITE_CALENDAR,0,0.10625892095116436,0.18455010489063156,486.4,205.80826028126276,"pearson_r, mutual_information, entropy_reduction_ratio",0.0020383427955741294,0.053313356204784494,0.0007311454836251517,0.0020338257990065987,0.4731779344728314
perm_android.permission.WRITE_INTERNAL_STORAGE,0,0.10625497685915337,0.21039068375972192,446.5,176.4862600884273,"pearson_r, entropy_reduction_ratio, f_stat",0.0018013534059171464,0.0,0.0006579091457116184,0.0017815165085228659,0.5270341052356152
intent_com.umeng.message.autoupdate.handler.action,0,0.10625497685915337,0.21039068375972192,446.5,176.4862600884273,"pearson_r, entropy_reduction_ratio, f_stat",0.0018013534059171464,0.0,0.0006579091457116184,0.0017815165085228659,0.5270341052356152
intent_show_helpcontent,0,0.10621188294953761,0.19773540534250206,637.2,100.02879585399397,"pearson_r, mutual_information, entropy_reduction_ratio",0.0,0.03006291350242479,0.0,0.0,0.5009965012452633
intent_android.intent.action.UMS_DISCONNECTED,0,0.10582903698298637,0.1978842678479513,638.4,97.94610763067617,"pearson_r, mutual_information, entropy_reduction_ratio",0.0,0.028148683669668634,0.0,0.0,0.5009965012452633
perm_android.permission.READ_SYNC_SETTINGS,0,0.10580982062456763,0.15772664542456838,376.4,289.5669870686229,"pearson_r, mutual_information, entropy_reduction_ratio",0.018414786337998822,0.06774494867260976,0.006402840627670432,0.018071661167067876,0.4184148663174913
intent_com.qihoo.appstore.ACTION_MEM_SCAN,0,0.10574212346294412,0.19791845953182027,639.0,96.91026777385356,"pearson_r, mutual_information, entropy_reduction_ratio",0.0,0.027714116069457312,0.0,0.0,0.5009965012452633
intent_show_lock_set_email,0,0.10553987452399849,0.19799859192779312,639.4,96.2218270456345,"pearson_r, mutual_information, entropy_reduction_ratio",0.0,0.0267028713747291,0.0,0.0,0.5009965012452633
intent_com.mobiletool.appstore.action.service,0,0.10550568524302537,0.19801221639565567,639.6,95.8782561376666,"pearson_r, mutual_information, entropy_reduction_ratio",0.0,0.02653192496986357,0.0,0.0,0.5009965012452633
perm_com.yulong2.android.launcher.permission.READ_SETTINGS,0,0.10543924713726534,0.19803875689390235,640.0,95.1924366743493,"pearson_r, mutual_information, entropy_reduction_ratio",0.0,0.026199734441063327,0.0,0.0,0.5009965012452633
perm_com.google.android.googleapps.permission.GOOGLE_AUTH.lh2,0,0.10540368665879407,0.1980529976552824,640.2,94.85019768034223,"pearson_r, mutual_information, entropy_reduction_ratio",0.0,0.026021932048707015,0.0,0.0,0.5009965012452633
perm_com.nd.android.launcher.permission.WRITE_SETTINGS,0,0.10537050365942364,0.19806630842754547,640.8,93.82622234748663,"pearson_r, mutual_information, entropy_reduction_ratio",0.0,0.025856017051854953,0.0,0.0,0.5009965012452633
intent_io.intercom.android.sdk.INTERCOM_PUSH_OPENED,0,0.10534775338926734,0.13958982980090695,346.6,327.6098899606054,"pearson_r, entropy_reduction_ratio, mutual_information",0.049737364879246695,0.043201465128722964,0.013382139628934926,0.03697129768807397,0.3834464996213582
intent_com.tencent.smtt.tbs.video.PLAY,0,0.1052449487057395,0.19780361580930206,523.8,178.02291987269504,"pearson_r, mutual_information, entropy_reduction_ratio",1.118165665778106e-06,0.025878032707302368,4.181330634421705e-07,1.1172010414071407e-06,0.5003440573216246
perm_com.google.android.providers.talk.permission.WRITE_ONLY,0,0.10519548407722465,0.19813686745777986,641.2,93.14590704910226,"pearson_r, mutual_information, entropy_reduction_ratio",0.0,0.02498091914085996,0.0,0.0,0.5009965012452633
intent_qihooappstore.gotoadmin,0,0.10505800664901152,0.19819270730867036,641.6,92.46750780679665,"pearson_r, mutual_information, entropy_reduction_ratio",0.0,0.02429353199979435,0.0,0.0,0.5009965012452633
intent_com.excelliance.open.action.startPromptActivity,0,0.10502531822031454,0.19820603833388983,641.8,92.12903993855574,"pearson_r, mutual_information, entropy_reduction_ratio",0.0,0.024130089856309336,0.0,0.0,0.5009965012452633
intent_com.excelliance.kxqp.action.swpmain,0,0.1048658029722648,0.19827138839809919,642.0,91.79106710350415,"pearson_r, mutual_information, entropy_reduction_ratio",0.0,0.023332513616060743,0.0,0.0,0.5009965012452633
perm_org.adwfreak.launcher.permission.WRITE_SETTINGS,0,0.10484070058495376,0.1982817171053489,642.2,91.45359478992611,"pearson_r, mutual_information, entropy_reduction_ratio",0.0,0.023207001679505537,0.0,0.0,0.5009965012452633
perm_com.google.android.googleapps.permission.GOOGLE_AUTH.knol,0,0.10466815001143515,0.1983530446355096,642.4,91.11662855922623,"pearson_r, mutual_information, entropy_reduction_ratio",0.0,0.022344248811912486,0.0,0.0,0.5009965012452633
intent_com.qihoo.sdkplugging.host.service.CommonHostProxyService,0,0.10419366067198306,0.19855214555303108,643.2,89.77393831173946,"pearson_r, mutual_information, entropy_reduction_ratio",0.0,0.01997180211465198,0.0,0.0,0.5009965012452633
intent_com.example.servicejar.action.SHORTCUT_CLICKED,0,0.10410650152089126,0.19858918979132012,643.6,89.10577983498041,"pearson_r, mutual_information, entropy_reduction_ratio",0.0,0.019536006359193045,0.0,0.0,0.5009965012452633
perm_com.asus.email.permission.ACCESS_PROVIDER,0,0.1040482919097649,0.19861401130504497,644.0,88.43981004050156,"pearson_r, mutual_information, entropy_reduction_ratio",0.0,0.01924495830356125,0.0,0.0,0.5009965012452633
intent_com.kingroot.kinguser.ACTION_MAIN_START_CHECK,0,0.1040063194131928,0.19863194946609317,644.2,88.10766141488492,"pearson_r, mutual_information, entropy_reduction_ratio",0.0,0.019035095820700707,0.0,0.0,0.5009965012452633
intent_com.qihoo.appstore.CHECK_APP_UPDATE_DESK_NOTIFICATION,0,0.10400262112343175,0.19863353166024705,644.4,87.77607874586333,"pearson_r, mutual_information, entropy_reduction_ratio",0.0,0.0190166043718955,0.0,0.0,0.5009965012452633
intent_action.qihoo360.daemon.pcdaemon.DaemonStatus,0,0.10397821983232661,0.19864397755427585,644.6,87.44506847158392,"pearson_r, mutual_information, entropy_reduction_ratio",0.0,0.01889459791636975,0.0,0.0,0.5009965012452633
perm_com.tencent.mm.plugin.permission.READ,0,0.10391465377634021,0.19867124311713055,645.4,86.12688314341811,"pearson_r, mutual_information, entropy_reduction_ratio",0.0,0.018576767636437834,0.0,0.0,0.5009965012452633
intent_com.qihoo.appstore.clean.result,0,0.10381793916998841,0.1987128760213997,645.6,85.79883449091835,"pearson_r, mutual_information, entropy_reduction_ratio",0.0,0.01809319460467874,0.0,0.0,0.5009965012452633
perm_com.tencent.mm.wear.message,0,0.10381562371900736,0.19871387495851725,645.8,85.4713987249536,"pearson_r, mutual_information, entropy_reduction_ratio",0.0,0.0180816173497735,0.0,0.0,0.5009965012452633
intent_android.intent.action.SIM_STATE_CHANGED,0,0.10376987898543902,0.20671883311956393,454.4,173.2254022942363,"pearson_r, entropy_reduction_ratio, f_stat",0.0006954638270072815,0.0,0.00025657109365104225,0.0006901549694343204,0.5172072050371024
perm_com.android.voicemail.permission.READ_WRITE_ALL_VOICEMAIL,0,0.10374821836823274,0.1987430002201329,646.0,85.1445829163547,"pearson_r, mutual_information, entropy_reduction_ratio",0.0,0.01774459059590038,0.0,0.0,0.5009965012452633
intent_com.yuetu.shentu.Intent.WECHAT_SHARE,0,0.10374566543510011,0.19874410503356155,646.2,84.81839423144015,"pearson_r, mutual_information, entropy_reduction_ratio",0.0,0.017731825930237227,0.0,0.0,0.5009965012452633
intent_com.kingroot.kinguser.gamebox.ACTION_GAME_DELETED,0,0.10371225961240231,0.19875857333843844,646.4,84.492839933334,"pearson_r, mutual_information, entropy_reduction_ratio",0.0,0.017564796816748305,0.0,0.0,0.5009965012452633
perm_dianxin.permission.ACCESS_LAUNCHER_DATA,0,0.10362332924026127,0.1987971940491782,646.6,84.16792738329725,"pearson_r, mutual_information, entropy_reduction_ratio",0.0,0.017120144956043085,0.0,0.0,0.5009965012452633
intent_android.media.AUDIO_BECOMING_NOISY,0,0.10355537929573058,0.1404312992092085,352.8,329.2108139171616,"pearson_r, entropy_reduction_ratio, f_stat",0.049737364879246695,0.034239594661039104,0.013382139628934926,0.03697129768807397,0.3834464996213582
perm_android.permission.TRANSMIT_IR,0,0.10342705762286145,0.1800378949301413,447.3,236.64057133129137,"pearson_r, mutual_information, entropy_reduction_ratio",0.005461697959429412,0.04408382356175709,0.0014869044032149914,0.003974330867696492,0.46212853132220927
perm_android.permission.FLASHLIGHT,0,0.103416382963224,0.20616954784990985,458.1,171.76856522658622,"pearson_r, entropy_reduction_ratio, f_stat",0.0005724891921067596,0.0,0.00018216419275037798,0.0005720234640166862,0.5157552379672462
intent_android.net.wifi.WIFI_STATE_CHANGED,0,0.10331622591059417,0.20600185644563984,459.1,171.1871490503887,"pearson_r, entropy_reduction_ratio, f_stat",0.0005393502541864247,0.0,0.0001833068660785997,0.0005387442718285905,0.5153197281608772
perm_baidu.push.permission.WRITE_PUSHINFOPROVIDER.com.esbook.reader,0,0.10328030926340563,0.1989475801641903,646.8,83.84366404207297,"pearson_r, mutual_information, entropy_reduction_ratio",0.0,0.015405045071764828,0.0,0.0,0.5009965012452633
intent_qcast.service.Link_service,0,0.10327054775745444,0.19895189273832925,647.0,83.5200574712446,"pearson_r, mutual_information, entropy_reduction_ratio",0.0,0.015356237542008891,0.0,0.0,0.5009965012452633
perm_com.huawei.authentication.HW_ACCESS_AUTH_SERVICE,0,0.10321393547572817,0.19897693962708546,647.2,83.1971153346076,"pearson_r, mutual_information, entropy_reduction_ratio",0.0,0.015073176133377547,0.0,0.0,0.5009965012452633
intent_android.intent.action.CAL,0,0.10315278134784742,0.19900406479568927,647.4,82.87484539955413,"pearson_r, mutual_information, entropy_reduction_ratio",0.0,0.014767405493973778,0.0,0.0,0.5009965012452633
perm_com.google.android.googleapps.permission.GOOGLE_AUTH.groups2,0,0.10311624867681672,0.1990203031137052,647.6,82.55325553847044,"pearson_r, mutual_information, entropy_reduction_ratio",0.0,0.014584742138820361,0.0,0.0,0.5009965012452633
perm_com.yulong3.android.launcher.permission.WRITE_SETTINGS,0,0.1030902468549586,0.19903187613237663,647.8,82.23235373014687,"pearson_r, mutual_information, entropy_reduction_ratio",0.0,0.014454733029529678,0.0,0.0,0.5009965012452633
intent_com.qihoo.appstore.PACKAGE_ADDED,0,0.1030731308236164,0.19903950126814818,648.2,81.59264672750848,"pearson_r, mutual_information, entropy_reduction_ratio",0.0,0.014369152872818756,0.0,0.0,0.5009965012452633
perm_ANDROID.PERMISSION.SEND_SMS,0,0.10304251807378548,0.19905315309988686,648.4,81.27385803565622,"pearson_r, mutual_information, entropy_reduction_ratio",0.0,0.014216089123664143,0.0,0.0,0.5009965012452633
intent_android.intent.action.DOWNLOAD_WAKEUP,0,0.10302023414805803,0.19906310192597496,648.6,80.95579040439294,"pearson_r, mutual_information, entropy_reduction_ratio",0.0,0.014104669495026917,0.0,0.0,0.5009965012452633
intent_action_send_cancel,0,0.10301108366389355,0.19906718997426273,648.8,80.63845236610138,"pearson_r, mutual_information, entropy_reduction_ratio",0.0,0.014058917074204513,0.0,0.0,0.5009965012452633
intent_com.mobiletool.appstore.action.specialdetail,0,0.10297589847124937,0.19908292411574502,649.0,80.32185256827684,"pearson_r, mutual_information, entropy_reduction_ratio",0.0,0.013882991110983567,0.0,0.0,0.5009965012452633
intent_com.google.android.gms.analytics.ANALYTICS_DISPATCH,0,0.10295141696079671,0.1464416418533718,356.8,316.1438912900264,"pearson_r, mutual_information, entropy_reduction_ratio",0.03189840503035182,0.04722015571023825,0.010720605165604417,0.030002194720062283,0.39491572417772675
intent_com.evernote.android.job.ADD_JOB_CREATOR,0,0.10294243575178597,0.19909790992227974,649.2,80.00599977501687,"pearson_r, mutual_information, entropy_reduction_ratio",0.0,0.013715677513666539,0.0,0.0,0.5009965012452633
intent_com.qihoo.appstore.zhushouhelper.IZhushouHelperService,0,0.10287835340494551,0.19912666793211464,649.4,79.69090286852071,"pearson_r, mutual_information, entropy_reduction_ratio",0.0,0.01339526577946425,0.0,0.0,0.5009965012452633
intent_com.qihoo.appstore.CLEAN_ACTIVITY_DESTROY,0,0.1028361822790002,0.19914563565511187,649.6,79.37657085059797,"pearson_r, mutual_information, entropy_reduction_ratio",0.0,0.013184410149737733,0.0,0.0,0.5009965012452633
perm_dianxin.permission.READ_SETTINGS,0,0.10270630500722722,0.1992042648339864,650.0,78.75023809487817,"pearson_r, mutual_information, entropy_reduction_ratio",0.0,0.012535023790872742,0.0,0.0,0.5009965012452633
intent_android.intent.action.ACTION_SHUTDOWN,0,0.10266684529920178,0.20492105290187357,460.5,170.60773722196774,"pearson_r, entropy_reduction_ratio, f_stat",0.0003489957933779378,0.0,0.0001283539451352817,0.0003480125951789591,0.5125088641623168
intent_com.baoruan.launcher3.ACTION_THEME,0,0.10262474895065635,0.19924124513221234,650.4,78.12707597241817,"pearson_r, mutual_information, entropy_reduction_ratio",0.0,0.01212724350801842,0.0,0.0,0.5009965012452633
intent_cryopiggy.start,0,0.10261815460097698,0.19924424077038744,650.6,77.81670771755896,"pearson_r, mutual_information, entropy_reduction_ratio",0.0,0.012094271759621671,0.0,0.0,0.5009965012452633
intent_com.mobiletool.appstore.action.extend,0,0.1026098080928474,0.199248033554846,650.8,77.50716095948813,"pearson_r, mutual_information, entropy_reduction_ratio",0.0,0.012052539218973667,0.0,0.0,0.5009965012452633
intent_com.yuetu.shentu.Intent.WECHAT_AUTH,0,0.10258256196346434,0.1992604238553354,651.0,77.19844558020583,"pearson_r, mutual_information, entropy_reduction_ratio",0.0,0.011916308572058384,0.0,0.0,0.5009965012452633
intent_com.qihoo.appstore.download_one_apk,0,0.10241352836674042,0.19933760831880085,651.6,76.27738852372963,"pearson_r, mutual_information, entropy_reduction_ratio",0.0,0.011071140588438859,0.0,0.0,0.5009965012452633
intent_com.excelliance.kxqp.platform.action.BADGE_REPORT,0,0.10240036294994581,0.19934364274986224,651.8,75.97210014209163,"pearson_r, mutual_information, entropy_reduction_ratio",0.0,0.011005313504465715,0.0,0.0,0.5009965012452633
intent_com.sogou.androidtool.action.service,0,0.10234639338473897,0.19936841439355896,652.0,75.66769455983182,"pearson_r, mutual_information, entropy_reduction_ratio",0.0,0.010735465678431512,0.0,0.0,0.5009965012452633
perm_com.lenovo.launcher.permission.READ_SETTINGS,0,0.10233225082784025,0.19937491487989345,652.2,75.36418247417005,"pearson_r, mutual_information, entropy_reduction_ratio",0.0,0.010664752893938027,0.0,0.0,0.5009965012452633
intent_android.service.notification.NotificationListenerService,0,0.10226354332663974,0.19456396717866617,520.8,186.64447487134464,"pearson_r, mutual_information, entropy_reduction_ratio",0.0002572354683075451,0.019611493524450324,9.097117601927913e-05,0.0002571135344504552,0.49110090292997105
intent_com.qihoo.appstore.launcher.shortcut.VIDEOWALLPAPER,0,0.10226263639829866,0.19940696785516876,652.6,74.75988228990198,"pearson_r, mutual_information, entropy_reduction_ratio",0.0,0.010316680746230038,0.0,0.0,0.5009965012452633
intent_com.yulong.mms.NEW_MESSAGE_EXTERNAL,0,0.10225544019434211,0.1994102864950387,652.8,74.45911629881194,"pearson_r, mutual_information, entropy_reduction_ratio",0.0,0.010280699726447325,0.0,0.0,0.5009965012452633
perm_com.android.vending.BILLING,0,0.10220577063164515,0.11878889359241036,402.7,397.65029862933585,"pearson_r, f_stat, entropy_reduction_ratio",0.07727780240929602,0.0,0.023748949132530252,0.0781204554408518,0.3318816461755477
perm_com.huawei.launcher3.permission.READ_SETTINGS,0,0.1021986787586909,0.19943649737222355,653.0,74.15928802247228,"pearson_r, mutual_information, entropy_reduction_ratio",0.0,0.009996892548191279,0.0,0.0,0.5009965012452633
intent_com.qihoo.appstore.gameunion.DOWNLOAD_SLIENT,0,0.10215602917605718,0.19945623202960708,653.2,73.86040888053627,"pearson_r, mutual_information, entropy_reduction_ratio",0.0,0.009783644635022518,0.0,0.0,0.5009965012452633
intent_android.intent.action.ACTION_PACKAGE_ADDED,0,0.10215585106444314,0.19945631451715026,653.4,73.56249044180056,"pearson_r, mutual_information, entropy_reduction_ratio",0.0,0.00978275407695235,0.0,0.0,0.5009965012452633
perm_android.permission.REQUEST_INSTALL_PACKAGES,0,0.10205012415566653,0.18848998280033916,507.6,194.92008618918678,"pearson_r, mutual_information, entropy_reduction_ratio",0.0013396826386224505,0.028685380964051748,0.0004654216527387586,0.0013389276882320978,0.47842120783468756
intent_com.sogou.androidtool.highspeed,0,0.10190728641214448,0.19957201685551695,653.8,72.96958270402813,"pearson_r, mutual_information, entropy_reduction_ratio",0.0,0.00853993081545913,0.0,0.0,0.5009965012452633
intent_com.gridappsinc.launcher.theme.apk_action,0,0.10175680683611603,0.19964263134000243,654.6,71.79582160543885,"pearson_r, mutual_information, entropy_reduction_ratio",0.0,0.0077875329353168776,0.0,0.0,0.5009965012452633
intent_com.sogou.passport.service.upload,0,0.1016953830670417,0.19967157843278066,654.8,71.5049648625884,"pearson_r, mutual_information, entropy_reduction_ratio",0.0,0.007480414089945249,0.0,0.0,0.5009965012452633
intent_com.qihoo.appstore.battery.START_EX,0,0.10164257297351804,0.19969652323490264,655.0,71.21516692390745,"pearson_r, mutual_information, entropy_reduction_ratio",0.0,0.007216363622326874,0.0,0.0,0.5009965012452633
perm_com.aspire.mm.permission.READ_SETTINGS,0,0.10163027337706856,0.19970234051148938,655.4,70.63879953679847,"pearson_r, mutual_information, entropy_reduction_ratio",0.0,0.007154865640079474,0.0,0.0,0.5009965012452633
intent_com.excelliance.open.action.appstate,0,0.10160847871450876,0.19971265564570456,655.6,70.35225653808128,"pearson_r, mutual_information, entropy_reduction_ratio",0.0,0.007045892327280504,0.0,0.0,0.5009965012452633
intent_com.amir.nightjar.service.CONFIG_SERVICES,0,0.10158720005177165,0.19972273522799625,655.8,70.0668252456182,"pearson_r, mutual_information, entropy_reduction_ratio",0.0,0.006939499013594915,0.0,0.0,0.5009965012452633
perm_android.permission.NFC,0,0.10152977814830375,0.20293267201586856,464.1,169.0705178320573,"pearson_r, entropy_reduction_ratio, f_stat",0.00010760414943096953,0.0,3.8681733056902856e-05,0.00010749108431522207,0.5073951137747157
intent_com.lge.launcher2.THEME,0,0.1014528045840273,0.19978659529513784,656.0,69.78251930103986,"pearson_r, mutual_information, entropy_reduction_ratio",0.0,0.0062675216748731815,0.0,0.0,0.5009965012452633
intent_com.Remind.alarm.repeat,0,0.1013792992704372,0.19982166679288432,656.4,69.21733886823445,"pearson_r, mutual_information, entropy_reduction_ratio",0.0,0.005899995106922694,0.0,0.0,0.5009965012452633
intent_android.media.browse.MediaBrowserService,0,0.10124741804410538,0.1359692397191322,360.0,342.51773676701765,"pearson_r, entropy_reduction_ratio, f_stat",0.06097166593510548,0.012564795641891483,0.016355948435364902,0.045570083819738705,0.37077459638842625
perm_com.android.browser.permission.WRITE_HISTORY_BOOKMARKS,0,0.10122922306857052,0.16657126394603847,404.0,280.90354216349783,"pearson_r, mutual_information, entropy_reduction_ratio",0.016433007794234202,0.039691788145519845,0.004460713209644975,0.012020722971879012,0.4335398832215746
intent_com.easou.eyou.START_EPAY_PROXY_SERVICE,0,0.10101331380908933,0.1999978059271778,657.0,68.3783591496608,"pearson_r, mutual_information, entropy_reduction_ratio",0.0,0.004070067800183376,0.0,0.0,0.5009965012452633
perm_com.huaqin.launcherEx.permission.WRITE_SETTINGS,0,0.10090714517214532,0.20004937422392088,657.6,67.55027757159847,"pearson_r, mutual_information, entropy_reduction_ratio",0.0,0.0035392246154633423,0.0,0.0,0.5009965012452633
intent_com.kingroot.common.ACTION_SWITCH_IN_DESKTOP,0,0.1009024895324594,0.2000516404181491,657.8,67.27674189495208,"pearson_r, mutual_information, entropy_reduction_ratio",0.0,0.0035159464170337108,0.0,0.0,0.5009965012452633
perm_telecom.mdesk.permission.READ_SETTINGS,0,0.10088790911784318,0.20005874026570225,658.0,67.00447746233083,"pearson_r, mutual_information, entropy_reduction_ratio",0.0,0.0034430443439526343,0.0,0.0,0.5009965012452633
perm_com.mediatek.launcherplus.permission.READ_SETTINGS,0,0.1007888940869546,0.20010706080794885,658.8,65.92844606086207,"pearson_r, mutual_information, entropy_reduction_ratio",0.0,0.0029479691895096354,0.0,0.0,0.5009965012452633
perm_com.anddoes.launcher.permission.WRITE_SETTINGS,0,0.10075264324216957,0.20012479774894285,659.0,65.66277484237169,"pearson_r, mutual_information, entropy_reduction_ratio",0.0,0.0027667149655845047,0.0,0.0,0.5009965012452633
intent_com.qihoo.appstore.ACTION_WIRTE_CHANNEL_AND_INSTALL,0,0.10074526645282686,0.20012841011417207,659.2,65.39847093013721,"pearson_r, mutual_information, entropy_reduction_ratio",0.0,0.002729831018870996,0.0,0.0,0.5009965012452633
perm_com.google.android.googleapps.permission.GOOGLE_AUTH.wise,0,0.1006953126148626,0.18101854739457326,456.7,236.10370602766912,"pearson_r, mutual_information, entropy_reduction_ratio",0.005461697959429412,0.0304250985217628,0.0014869044032149914,0.003974330867696492,0.46212853132220927
perm_mobi.SyndicateApps.ICS.launcher.permission.READ_SETTINGS,0,0.10068851811361783,0.20015623358436208,659.6,64.87403178468254,"pearson_r, mutual_information, entropy_reduction_ratio",0.0,0.0024460893228259043,0.0,0.0,0.5009965012452633
intent_com.mobiletool.appstore.action.BackgroundService,0,0.10046407274236895,0.2002668706061517,659.8,64.61393038656603,"pearson_r, mutual_information, entropy_reduction_ratio",0.0,0.0013238624665814936,0.0,0.0,0.5009965012452633
perm_com.android.voicemail.permission.ADD_VOICEMAIL,0,0.10044522754410841,0.200276203071617,660.0,64.35526396496249,"pearson_r, mutual_information, entropy_reduction_ratio",0.0,0.0012296364752787234,0.0,0.0,0.5009965012452633
perm_com.smartisanos.launcher.WRITE_DATABASE,0,0.10043743938096475,0.2002800618479653,660.2,64.09804989233291,"pearson_r, mutual_information, entropy_reduction_ratio",0.0,0.001190695659560478,0.0,0.0,0.5009965012452633
perm_com.android.alarm.permission.SET_ALARM,0,0.10026900972096313,0.1309679093386814,360.8,348.1771962664988,"pearson_r, entropy_reduction_ratio, f_stat",0.05842770612297901,0.010547067385246021,0.018839986066782784,0.05404202017860462,0.3594882688512032
suspicious_getSystemService,0,0.10019930024905266,0.20039860049810532,702.7,65.92844606086207,"pearson_r, entropy_reduction_ratio, mutual_information",0.0,0.0,0.0,0.0,0.5009965012452633
suspicious_getExternalStorageDirectory,0,0.10019930024905266,0.20039860049810532,702.7,65.92844606086207,"pearson_r, entropy_reduction_ratio, mutual_information",0.0,0.0,0.0,0.0,0.5009965012452633
suspicious_Cipher,0,0.10019930024905266,0.20039860049810532,702.7,65.92844606086207,"pearson_r, entropy_reduction_ratio, mutual_information",0.0,0.0,0.0,0.0,0.5009965012452633
perm_com.bbk.launcher2.permission.READ_SETTINGS,0,0.10019930024905266,0.20039860049810532,702.7,65.92844606086207,"pearson_r, entropy_reduction_ratio, mutual_information",0.0,0.0,0.0,0.0,0.5009965012452633
perm_com.sec.android.app.twlauncher.settings.READ_SETTINGS,0,0.10019930024905266,0.20039860049810532,702.7,65.92844606086207,"pearson_r, entropy_reduction_ratio, mutual_information",0.0,0.0,0.0,0.0,0.5009965012452633
perm_com.qihoo360.launcher.permission.READ_SETTINGS,0,0.10019930024905266,0.20039860049810532,702.7,65.92844606086207,"pearson_r, entropy_reduction_ratio, mutual_information",0.0,0.0,0.0,0.0,0.5009965012452633
perm_org.adwfreak.launcher.permission.READ_SETTINGS,0,0.10019930024905266,0.20039860049810532,702.7,65.92844606086207,"pearson_r, entropy_reduction_ratio, mutual_information",0.0,0.0,0.0,0.0,0.5009965012452633
perm_com.huawei.launcher2.permission.READ_SETTINGS,0,0.10019930024905266,0.20039860049810532,702.7,65.92844606086207,"pearson_r, entropy_reduction_ratio, mutual_information",0.0,0.0,0.0,0.0,0.5009965012452633
perm_com.fede.launcher.permission.READ_SETTINGS,0,0.10019930024905266,0.20039860049810532,702.7,65.92844606086207,"pearson_r, entropy_reduction_ratio, mutual_information",0.0,0.0,0.0,0.0,0.5009965012452633
perm_com.lge.launcher.permission.READ_SETTINGS,0,0.10019930024905266,0.20039860049810532,702.7,65.92844606086207,"pearson_r, entropy_reduction_ratio, mutual_information",0.0,0.0,0.0,0.0,0.5009965012452633
intent_com.morgoo.droidplugin.ACTION_SHORTCUT_PROXY,0,0.10019930024905266,0.20039860049810532,702.7,65.92844606086207,"pearson_r, entropy_reduction_ratio, mutual_information",0.0,0.0,0.0,0.0,0.5009965012452633
perm_com.android.mylauncher.permission.READ_SETTINGS,0,0.10019930024905266,0.20039860049810532,702.7,65.92844606086207,"pearson_r, entropy_reduction_ratio, mutual_information",0.0,0.0,0.0,0.0,0.5009965012452633
perm_com.tencent.qqlauncher.permission.READ_SETTINGS,0,0.10019930024905266,0.20039860049810532,702.7,65.92844606086207,"pearson_r, entropy_reduction_ratio, mutual_information",0.0,0.0,0.0,0.0,0.5009965012452633
perm_com.ebproductions.android.launcher.permission.READ_SETTINGS,0,0.10019930024905266,0.20039860049810532,702.7,65.92844606086207,"pearson_r, entropy_reduction_ratio, mutual_information",0.0,0.0,0.0,0.0,0.5009965012452633
perm_com.android.email.permission.ACCESS_PROVIDER,0,0.10019930024905266,0.20039860049810532,702.7,65.92844606086207,"pearson_r, entropy_reduction_ratio, mutual_information",0.0,0.0,0.0,0.0,0.5009965012452633
perm_com.yulong.android.launcher.permission.READ_SETTINGS,0,0.10019930024905266,0.20039860049810532,702.7,65.92844606086207,"pearson_r, entropy_reduction_ratio, mutual_information",0.0,0.0,0.0,0.0,0.5009965012452633
intent_com.morgoo.droidplugin.ACTION_SHORTCUT_PROXY_ZHUSHOU,0,0.10019930024905266,0.20039860049810532,702.7,65.92844606086207,"pearson_r, entropy_reduction_ratio, mutual_information",0.0,0.0,0.0,0.0,0.5009965012452633
intent_com.qihoo.appstore.launcher.shortcut.MYSOFT,0,0.10019930024905266,0.20039860049810532,702.7,65.92844606086207,"pearson_r, entropy_reduction_ratio, mutual_information",0.0,0.0,0.0,0.0,0.5009965012452633
perm_com.qihoo.appstore.permission.NEWS_SDK_BROADCAST,0,0.10019930024905266,0.20039860049810532,702.7,65.92844606086207,"pearson_r, entropy_reduction_ratio, mutual_information",0.0,0.0,0.0,0.0,0.5009965012452633
intent_com.qihoo.appstore.plugin.battery.setPowerRankConfig,0,0.10019930024905266,0.20039860049810532,702.7,65.92844606086207,"pearson_r, entropy_reduction_ratio, mutual_information",0.0,0.0,0.0,0.0,0.5009965012452633
intent_com.qihoo.appstore.launcher.shortcut.EBOOK,0,0.10019930024905266,0.20039860049810532,702.7,65.92844606086207,"pearson_r, entropy_reduction_ratio, mutual_information",0.0,0.0,0.0,0.0,0.5009965012452633
intent_com.qihoo.appstore.download,0,0.10019930024905266,0.20039860049810532,702.7,65.92844606086207,"pearson_r, entropy_reduction_ratio, mutual_information",0.0,0.0,0.0,0.0,0.5009965012452633
intent_com.qihoo.appstore.clipboard.change,0,0.10019930024905266,0.20039860049810532,702.7,65.92844606086207,"pearson_r, entropy_reduction_ratio, mutual_information",0.0,0.0,0.0,0.0,0.5009965012452633
intent_com.qihoo.appstore.freeze.ICON,0,0.10019930024905266,0.20039860049810532,702.7,65.92844606086207,"pearson_r, entropy_reduction_ratio, mutual_information",0.0,0.0,0.0,0.0,0.5009965012452633
intent_com.qihoo.appstore.free.wifi,0,0.10019930024905266,0.20039860049810532,702.7,65.92844606086207,"pearson_r, entropy_reduction_ratio, mutual_information",0.0,0.0,0.0,0.0,0.5009965012452633
intent_com.qihoo360.mobilesafe.pcdaemon.sms.restore.start,0,0.10019930024905266,0.20039860049810532,702.7,65.92844606086207,"pearson_r, entropy_reduction_ratio, mutual_information",0.0,0.0,0.0,0.0,0.5009965012452633
intent_com.qihoo360.mobilesafe.pcdaemon.sms.restore.end,0,0.10019930024905266,0.20039860049810532,702.7,65.92844606086207,"pearson_r, entropy_reduction_ratio, mutual_information",0.0,0.0,0.0,0.0,0.5009965012452633
intent_com.qihoo360.mobilesafe.pcdaemon.filehandle,0,0.10019930024905266,0.20039860049810532,702.7,65.92844606086207,"pearson_r, entropy_reduction_ratio, mutual_information",0.0,0.0,0.0,0.0,0.5009965012452633
intent_com.qihoo360.mobilesafe.clean.DOWNLOADDLG,0,0.10019930024905266,0.20039860049810532,702.7,65.92844606086207,"pearson_r, entropy_reduction_ratio, mutual_information",0.0,0.0,0.0,0.0,0.5009965012452633
intent_com.qihoo360.daemon.pcdaemon.NotifyServiceStart2,0,0.10019930024905266,0.20039860049810532,702.7,65.92844606086207,"pearson_r, entropy_reduction_ratio, mutual_information",0.0,0.0,0.0,0.0,0.5009965012452633
intent_com.qihoo360.daemon.pcdaemon.ACTION_SEND_SMS_SEND_STATUS_FORWARD2,0,0.10019930024905266,0.20039860049810532,702.7,65.92844606086207,"pearson_r, entropy_reduction_ratio, mutual_information",0.0,0.0,0.0,0.0,0.5009965012452633
intent_com.qihoo360.daemon.pcdaemon.ACTION_START_SERVICE2,0,0.10019930024905266,0.20039860049810532,702.7,65.92844606086207,"pearson_r, entropy_reduction_ratio, mutual_information",0.0,0.0,0.0,0.0,0.5009965012452633
intent_com.qihoo360.daemon.pcdaemon.ACTION_START_OPERATE_CLIPBOARD,0,0.10019930024905266,0.20039860049810532,702.7,65.92844606086207,"pearson_r, entropy_reduction_ratio, mutual_information",0.0,0.0,0.0,0.0,0.5009965012452633
intent_com.qihoo.appstore.battery.NOTIFY,0,0.10019930024905266,0.20039860049810532,702.7,65.92844606086207,"pearson_r, entropy_reduction_ratio, mutual_information",0.0,0.0,0.0,0.0,0.5009965012452633
intent_com.qihoo360.daemon.pcdaemon.ACTION_START_DOWNLOAF_PAGE,0,0.10019930024905266,0.20039860049810532,702.7,65.92844606086207,"pearson_r, entropy_reduction_ratio, mutual_information",0.0,0.0,0.0,0.0,0.5009965012452633
intent_com.qihoo.appstore.videomini,0,0.10019930024905266,0.20039860049810532,702.7,65.92844606086207,"pearson_r, entropy_reduction_ratio, mutual_information",0.0,0.0,0.0,0.0,0.5009965012452633
intent_com.qihoo.appstore.stablenotification.NewsBroadcastReceiver,0,0.10019930024905266,0.20039860049810532,702.7,65.92844606086207,"pearson_r, entropy_reduction_ratio, mutual_information",0.0,0.0,0.0,0.0,0.5009965012452633
intent_com.qihoo.appstore.launcher.shortcut.WEBVIEW,0,0.10019930024905266,0.20039860049810532,702.7,65.92844606086207,"pearson_r, entropy_reduction_ratio, mutual_information",0.0,0.0,0.0,0.0,0.5009965012452633
intent_com.qihoo.appstore.launcher.shortcut.VIDEO,0,0.10019930024905266,0.20039860049810532,702.7,65.92844606086207,"pearson_r, entropy_reduction_ratio, mutual_information",0.0,0.0,0.0,0.0,0.5009965012452633
intent_com.qihoo.appstore.ACTION_NOTIFY_UNINSTALL,0,0.10019930024905266,0.20039860049810532,702.7,65.92844606086207,"pearson_r, entropy_reduction_ratio, mutual_information",0.0,0.0,0.0,0.0,0.5009965012452633
intent_com.qihoo.appstore.ACTION_UNINSTALL,0,0.10019930024905266,0.20039860049810532,702.7,65.92844606086207,"pearson_r, entropy_reduction_ratio, mutual_information",0.0,0.0,0.0,0.0,0.5009965012452633
intent_com.qihoo.appstore.ACTION_UPDATE_LAST_WX_CLEAR,0,0.10019930024905266,0.20039860049810532,702.7,65.92844606086207,"pearson_r, entropy_reduction_ratio, mutual_information",0.0,0.0,0.0,0.0,0.5009965012452633
intent_com.qihoo.appstore.ACTION_GET_DOWNLOAD_APK_PATH,0,0.10019930024905266,0.20039860049810532,702.7,65.92844606086207,"pearson_r, entropy_reduction_ratio, mutual_information",0.0,0.0,0.0,0.0,0.5009965012452633
intent_com.qihoo.appstore.ACTION_GAME_UNION_WEB,0,0.10019930024905266,0.20039860049810532,702.7,65.92844606086207,"pearson_r, entropy_reduction_ratio, mutual_information",0.0,0.0,0.0,0.0,0.5009965012452633
intent_com.qihoo.appstore.ACTION_GAME_UNION_DESK,0,0.10019930024905266,0.20039860049810532,702.7,65.92844606086207,"pearson_r, entropy_reduction_ratio, mutual_information",0.0,0.0,0.0,0.0,0.5009965012452633
intent_com.qihoo.appstore.ACTION_CLEAN_STOP_SERVICE,0,0.10019930024905266,0.20039860049810532,702.7,65.92844606086207,"pearson_r, entropy_reduction_ratio, mutual_information",0.0,0.0,0.0,0.0,0.5009965012452633
intent_com.qihoo.appstore.ACTION_CLEAN_START_SERVICE,0,0.10019930024905266,0.20039860049810532,702.7,65.92844606086207,"pearson_r, entropy_reduction_ratio, mutual_information",0.0,0.0,0.0,0.0,0.5009965012452633
intent_com.qihoo.appstore.ACTION_GET_SIGNIN_FOR_NOTIFYCATION,0,0.10019930024905266,0.20039860049810532,702.7,65.92844606086207,"pearson_r, entropy_reduction_ratio, mutual_information",0.0,0.0,0.0,0.0,0.5009965012452633
intent_com.qihoo.appstore.checkupdate.INSTALL_ALL_SILENT_TASK,0,0.10019930024905266,0.20039860049810532,702.7,65.92844606086207,"pearson_r, entropy_reduction_ratio, mutual_information",0.0,0.0,0.0,0.0,0.5009965012452633
intent_com.qihoo.appstore.checkupdate.INIT_APK_INFO,0,0.10019930024905266,0.20039860049810532,702.7,65.92844606086207,"pearson_r, entropy_reduction_ratio, mutual_information",0.0,0.0,0.0,0.0,0.5009965012452633
intent_com.qihoo.appstore.batteryrank.POWERPERCENT,0,0.10019930024905266,0.20039860049810532,702.7,65.92844606086207,"pearson_r, entropy_reduction_ratio, mutual_information",0.0,0.0,0.0,0.0,0.5009965012452633
intent_com.qihoo.appstore.ACTION_DAEMON_CORE_SERVICE,0,0.10019930024905266,0.20039860049810532,702.7,65.92844606086207,"pearson_r, entropy_reduction_ratio, mutual_information",0.0,0.0,0.0,0.0,0.5009965012452633
intent_com.qihoo.appstore.ACTION_CLEAR_CREATE_SHORTCUT,0,0.10019930024905266,0.20039860049810532,702.7,65.92844606086207,"pearson_r, entropy_reduction_ratio, mutual_information",0.0,0.0,0.0,0.0,0.5009965012452633
intent_com.qihoo.appstore.battery.FREEZE_APP,0,0.10019930024905266,0.20039860049810532,702.7,65.92844606086207,"pearson_r, entropy_reduction_ratio, mutual_information",0.0,0.0,0.0,0.0,0.5009965012452633
intent_com.qihoo.appstore.checkupdate.RESTART_ALL_DOWNLOAD,0,0.10019930024905266,0.20039860049810532,702.7,65.92844606086207,"pearson_r, entropy_reduction_ratio, mutual_information",0.0,0.0,0.0,0.0,0.5009965012452633
intent_com.qihoo.appstore.accessibility.ALERT,0,0.10019930024905266,0.20039860049810532,702.7,65.92844606086207,"pearson_r, entropy_reduction_ratio, mutual_information",0.0,0.0,0.0,0.0,0.5009965012452633
intent_com.qihoo.appstore.PLUGIN_ICON,0,0.10019930024905266,0.20039860049810532,702.7,65.92844606086207,"pearson_r, entropy_reduction_ratio, mutual_information",0.0,0.0,0.0,0.0,0.5009965012452633
intent_com.qihoo.appstore.CHECK_STORAGE,0,0.10019930024905266,0.20039860049810532,702.7,65.92844606086207,"pearson_r, entropy_reduction_ratio, mutual_information",0.0,0.0,0.0,0.0,0.5009965012452633
intent_com.qihoo.appstore.BATTERY,0,0.10019930024905266,0.20039860049810532,702.7,65.92844606086207,"pearson_r, entropy_reduction_ratio, mutual_information",0.0,0.0,0.0,0.0,0.5009965012452633
intent_com.qihoo.appstore.plugin.battery.setConfig,0,0.10019930024905266,0.20039860049810532,702.7,65.92844606086207,"pearson_r, entropy_reduction_ratio, mutual_information",0.0,0.0,0.0,0.0,0.5009965012452633
intent_com.qihoo.appstore.plugin.START_PLUGIN_FROM_PROXY_LISTENER,0,0.10019930024905266,0.20039860049810532,702.7,65.92844606086207,"pearson_r, entropy_reduction_ratio, mutual_information",0.0,0.0,0.0,0.0,0.5009965012452633
intent_com.qihoo.appstore.NOTIFY_DELETE,0,0.10019930024905266,0.20039860049810532,702.7,65.92844606086207,"pearson_r, entropy_reduction_ratio, mutual_information",0.0,0.0,0.0,0.0,0.5009965012452633
perm_qiku.permission.READ_WRITE_SAFE_SPACE,0,0.10019930024905266,0.20039860049810532,702.7,65.92844606086207,"pearson_r, entropy_reduction_ratio, mutual_information",0.0,0.0,0.0,0.0,0.5009965012452633
perm_com.sonyericsson.home.READ_SETTINGS,0,0.10019930024905266,0.20039860049810532,702.7,65.92844606086207,"pearson_r, entropy_reduction_ratio, mutual_information",0.0,0.0,0.0,0.0,0.5009965012452633
perm_com.sonyericsson.home.WRITE_SETTINGS,0,0.10019930024905266,0.20039860049810532,702.7,65.92844606086207,"pearson_r, entropy_reduction_ratio, mutual_information",0.0,0.0,0.0,0.0,0.5009965012452633
intent_android.intent.action.defaultSmsSet,0,0.10019930024905266,0.20039860049810532,702.7,65.92844606086207,"pearson_r, entropy_reduction_ratio, mutual_information",0.0,0.0,0.0,0.0,0.5009965012452633
perm_android.permission.READ_INSTALL_SESSIONS,0,0.10019930024905266,0.20039860049810532,702.7,65.92844606086207,"pearson_r, entropy_reduction_ratio, mutual_information",0.0,0.0,0.0,0.0,0.5009965012452633
perm_com.yulong.android.launcher3.WRITE_SETTINGS,0,0.10019930024905266,0.20039860049810532,702.7,65.92844606086207,"pearson_r, entropy_reduction_ratio, mutual_information",0.0,0.0,0.0,0.0,0.5009965012452633
intent_com.coolcloud.xmpp.NOTIFICATION.1010048,0,0.10019930024905266,0.20039860049810532,702.7,65.92844606086207,"pearson_r, entropy_reduction_ratio, mutual_information",0.0,0.0,0.0,0.0,0.5009965012452633
intent_com.qihoo.appstore.stable_notification_broadcast,0,0.10019930024905266,0.20039860049810532,702.7,65.92844606086207,"pearson_r, entropy_reduction_ratio, mutual_information",0.0,0.0,0.0,0.0,0.5009965012452633
intent_com.qihoo.appstore.stablenotification.StableBroadcast,0,0.10019930024905266,0.20039860049810532,702.7,65.92844606086207,"pearson_r, entropy_reduction_ratio, mutual_information",0.0,0.0,0.0,0.0,0.5009965012452633
perm_android.permission.MANAGE_USERS,0,0.10019930024905266,0.20039860049810532,702.7,65.92844606086207,"pearson_r, entropy_reduction_ratio, mutual_information",0.0,0.0,0.0,0.0,0.5009965012452633
perm_android.permission.WRITE_SOCIAL_STREAM,0,0.10019930024905266,0.20039860049810532,702.7,65.92844606086207,"pearson_r, entropy_reduction_ratio, mutual_information",0.0,0.0,0.0,0.0,0.5009965012452633
perm_android.permission.PERSISTENT_ACTIVITY,0,0.10019930024905266,0.20039860049810532,702.7,65.92844606086207,"pearson_r, entropy_reduction_ratio, mutual_information",0.0,0.0,0.0,0.0,0.5009965012452633
perm_com.zte.mifavor.launcher.permission.READ_SETTINGS,0,0.10019930024905266,0.20039860049810532,702.7,65.92844606086207,"pearson_r, entropy_reduction_ratio, mutual_information",0.0,0.0,0.0,0.0,0.5009965012452633
perm_com.yulong.android.launcherL.permission.READ_SETTINGS,0,0.10019930024905266,0.20039860049810532,702.7,65.92844606086207,"pearson_r, entropy_reduction_ratio, mutual_information",0.0,0.0,0.0,0.0,0.5009965012452633
perm_com.yulong.android.launcher3.READ_SETTINGS,0,0.10019930024905266,0.20039860049810532,702.7,65.92844606086207,"pearson_r, entropy_reduction_ratio, mutual_information",0.0,0.0,0.0,0.0,0.5009965012452633
perm_com.qiku.launcher.permission.READ_SETTINGS,0,0.10019930024905266,0.20039860049810532,702.7,65.92844606086207,"pearson_r, entropy_reduction_ratio, mutual_information",0.0,0.0,0.0,0.0,0.5009965012452633
perm_com.meizu.flyme.launcher.permission.READ_SETTINGS,0,0.10019930024905266,0.20039860049810532,702.7,65.92844606086207,"pearson_r, entropy_reduction_ratio, mutual_information",0.0,0.0,0.0,0.0,0.5009965012452633
perm_com.google.android.googleapps.permission.GOOGLE_AUTH.YouTubeUser,0,0.10019930024905266,0.20039860049810532,702.7,65.92844606086207,"pearson_r, entropy_reduction_ratio, mutual_information",0.0,0.0,0.0,0.0,0.5009965012452633
perm_com.google.android.googleapps.permission.GOOGLE_AUTH.youtube,0,0.10019930024905266,0.20039860049810532,702.7,65.92844606086207,"pearson_r, entropy_reduction_ratio, mutual_information",0.0,0.0,0.0,0.0,0.5009965012452633
perm_com.google.android.googleapps.permission.GOOGLE_AUTH.wifi,0,0.10019930024905266,0.20039860049810532,702.7,65.92844606086207,"pearson_r, entropy_reduction_ratio, mutual_information",0.0,0.0,0.0,0.0,0.5009965012452633
perm_com.google.android.googleapps.permission.GOOGLE_AUTH.talk,0,0.10019930024905266,0.20039860049810532,702.7,65.92844606086207,"pearson_r, entropy_reduction_ratio, mutual_information",0.0,0.0,0.0,0.0,0.5009965012452633
perm_com.google.android.googleapps.permission.GOOGLE_AUTH.grandcentral,0,0.10019930024905266,0.20039860049810532,702.7,65.92844606086207,"pearson_r, entropy_reduction_ratio, mutual_information",0.0,0.0,0.0,0.0,0.5009965012452633
perm_com.google.android.googleapps.permission.GOOGLE_AUTH.jotspot,0,0.10019930024905266,0.20039860049810532,702.7,65.92844606086207,"pearson_r, entropy_reduction_ratio, mutual_information",0.0,0.0,0.0,0.0,0.5009965012452633
perm_com.google.android.googleapps.permission.GOOGLE_AUTH.gbase,0,0.10019930024905266,0.20039860049810532,702.7,65.92844606086207,"pearson_r, entropy_reduction_ratio, mutual_information",0.0,0.0,0.0,0.0,0.5009965012452633
perm_com.google.android.googleapps.permission.GOOGLE_AUTH.finance,0,0.10019930024905266,0.20039860049810532,702.7,65.92844606086207,"pearson_r, entropy_reduction_ratio, mutual_information",0.0,0.0,0.0,0.0,0.5009965012452633
perm_com.google.android.googleapps.permission.GOOGLE_AUTH.cl,0,0.10019930024905266,0.20039860049810532,702.7,65.92844606086207,"pearson_r, entropy_reduction_ratio, mutual_information",0.0,0.0,0.0,0.0,0.5009965012452633
perm_com.google.android.googleapps.permission.GOOGLE_AUTH.adwords,0,0.10019930024905266,0.20039860049810532,702.7,65.92844606086207,"pearson_r, entropy_reduction_ratio, mutual_information",0.0,0.0,0.0,0.0,0.5009965012452633
perm_com.google.android.googleapps.permission.GOOGLE_AUTH.adsense,0,0.10019930024905266,0.20039860049810532,702.7,65.92844606086207,"pearson_r, entropy_reduction_ratio, mutual_information",0.0,0.0,0.0,0.0,0.5009965012452633
perm_com.google.android.googleapps.permission.GOOGLE_AUTH.mobile,0,0.10019930024905266,0.20039860049810532,702.7,65.92844606086207,"pearson_r, entropy_reduction_ratio, mutual_information",0.0,0.0,0.0,0.0,0.5009965012452633
perm_com.google.android.googleapps.permission.GOOGLE_AUTH.mail,0,0.10019930024905266,0.20039860049810532,702.7,65.92844606086207,"pearson_r, entropy_reduction_ratio, mutual_information",0.0,0.0,0.0,0.0,0.5009965012452633
perm_com.google.android.googleapps.permission.GOOGLE_AUTH.cp,0,0.10019930024905266,0.20039860049810532,702.7,65.92844606086207,"pearson_r, entropy_reduction_ratio, mutual_information",0.0,0.0,0.0,0.0,0.5009965012452633
perm_android.permission.USE_SIP,0,0.10019930024905266,0.20039860049810532,702.7,65.92844606086207,"pearson_r, entropy_reduction_ratio, mutual_information",0.0,0.0,0.0,0.0,0.5009965012452633
perm_com.mx.launcher.permission.READ_SETTINGS,0,0.10019930024905266,0.20039860049810532,702.7,65.92844606086207,"pearson_r, entropy_reduction_ratio, mutual_information",0.0,0.0,0.0,0.0,0.5009965012452633
perm_com.apusapps.launcher.permission.READ_SETTINGS,0,0.10019930024905266,0.20039860049810532,702.7,65.92844606086207,"pearson_r, entropy_reduction_ratio, mutual_information",0.0,0.0,0.0,0.0,0.5009965012452633
perm_com.google.android.googleapps.permission.GOOGLE_AUTH.androidsecure,0,0.10019930024905266,0.20039860049810532,702.7,65.92844606086207,"pearson_r, entropy_reduction_ratio, mutual_information",0.0,0.0,0.0,0.0,0.5009965012452633
perm_com.google.android.googleapps.permission.GOOGLE_AUTH.sierraqa,0,0.10019930024905266,0.20039860049810532,702.7,65.92844606086207,"pearson_r, entropy_reduction_ratio, mutual_information",0.0,0.0,0.0,0.0,0.5009965012452633
perm_com.google.android.googleapps.permission.GOOGLE_AUTH.sierra,0,0.10019930024905266,0.20039860049810532,702.7,65.92844606086207,"pearson_r, entropy_reduction_ratio, mutual_information",0.0,0.0,0.0,0.0,0.5009965012452633
perm_com.android.mylauncher.permission.WRITE_SETTINGS,0,0.10019930024905266,0.20039860049810532,702.7,65.92844606086207,"pearson_r, entropy_reduction_ratio, mutual_information",0.0,0.0,0.0,0.0,0.5009965012452633
perm_org.adw.launcher_donut.permission.WRITE_SETTINGS,0,0.10019930024905266,0.20039860049810532,702.7,65.92844606086207,"pearson_r, entropy_reduction_ratio, mutual_information",0.0,0.0,0.0,0.0,0.5009965012452633
perm_com.fede.launcher.permission.WRITE_SETTINGS,0,0.10019930024905266,0.20039860049810532,702.7,65.92844606086207,"pearson_r, entropy_reduction_ratio, mutual_information",0.0,0.0,0.0,0.0,0.5009965012452633
perm_com.ebproductions.android.launcher.permission.WRITE_SETTINGS,0,0.10019930024905266,0.20039860049810532,702.7,65.92844606086207,"pearson_r, entropy_reduction_ratio, mutual_information",0.0,0.0,0.0,0.0,0.5009965012452633
perm_com.huawei.launcher2.permission.WRITE_SETTINGS,0,0.10019930024905266,0.20039860049810532,702.7,65.92844606086207,"pearson_r, entropy_reduction_ratio, mutual_information",0.0,0.0,0.0,0.0,0.5009965012452633
perm_com.huawei.launcher3.permission.WRITE_SETTINGS,0,0.10019930024905266,0.20039860049810532,702.7,65.92844606086207,"pearson_r, entropy_reduction_ratio, mutual_information",0.0,0.0,0.0,0.0,0.5009965012452633
perm_sec.android.permission.READ_MSG_PREF,0,0.10019930024905266,0.20039860049810532,702.7,65.92844606086207,"pearson_r, entropy_reduction_ratio, mutual_information",0.0,0.0,0.0,0.0,0.5009965012452633
perm_com.samsung.svoice.sync.ACCESS_SERVICE,0,0.10019930024905266,0.20039860049810532,702.7,65.92844606086207,"pearson_r, entropy_reduction_ratio, mutual_information",0.0,0.0,0.0,0.0,0.5009965012452633
perm_com.samsung.svoice.sync.READ_DATABASE,0,0.10019930024905266,0.20039860049810532,702.7,65.92844606086207,"pearson_r, entropy_reduction_ratio, mutual_information",0.0,0.0,0.0,0.0,0.5009965012452633
perm_com.samsung.svoice.sync.WRITE_DATABASE,0,0.10019930024905266,0.20039860049810532,702.7,65.92844606086207,"pearson_r, entropy_reduction_ratio, mutual_information",0.0,0.0,0.0,0.0,0.5009965012452633
perm_com.sec.android.permission.VOIP_INTERFACE,0,0.10019930024905266,0.20039860049810532,702.7,65.92844606086207,"pearson_r, entropy_reduction_ratio, mutual_information",0.0,0.0,0.0,0.0,0.5009965012452633
perm_com.sec.android.app.voicenote.Controller,0,0.10019930024905266,0.20039860049810532,702.7,65.92844606086207,"pearson_r, entropy_reduction_ratio, mutual_information",0.0,0.0,0.0,0.0,0.5009965012452633
perm_com.sec.android.settings.permission.SOFT_RESET,0,0.10019930024905266,0.20039860049810532,702.7,65.92844606086207,"pearson_r, entropy_reduction_ratio, mutual_information",0.0,0.0,0.0,0.0,0.5009965012452633
intent_com.qihoo.appstore.ACTION_UNLOCK_BROADCAST_RECEIVE,0,0.10019930024905266,0.20039860049810532,702.7,65.92844606086207,"pearson_r, entropy_reduction_ratio, mutual_information",0.0,0.0,0.0,0.0,0.5009965012452633
perm_ACCESS_WIFI_STATE,0,0.10019930024905266,0.20039860049810532,702.7,65.92844606086207,"pearson_r, entropy_reduction_ratio, mutual_information",0.0,0.0,0.0,0.0,0.5009965012452633
perm_android.permission.READ_CLIPS,0,0.10019930024905266,0.20039860049810532,702.7,65.92844606086207,"pearson_r, entropy_reduction_ratio, mutual_information",0.0,0.0,0.0,0.0,0.5009965012452633
perm_android.permission.GET_INTENT_SENDER_INTENT,0,0.10019930024905266,0.20039860049810532,702.7,65.92844606086207,"pearson_r, entropy_reduction_ratio, mutual_information",0.0,0.0,0.0,0.0,0.5009965012452633
perm_android.permission.WRITE_CLIPS,0,0.10019930024905266,0.20039860049810532,702.7,65.92844606086207,"pearson_r, entropy_reduction_ratio, mutual_information",0.0,0.0,0.0,0.0,0.5009965012452633
intent_android.intent.action.MAIN,0,0.10019930024905266,0.20039860049810532,702.7,65.92844606086207,"pearson_r, entropy_reduction_ratio, mutual_information",0.0,0.0,0.0,0.0,0.5009965012452633
intent_com.qihoo.appstore.APPWATCHER_CHANGE_TIME,0,0.10019930024905266,0.20039860049810532,702.7,65.92844606086207,"pearson_r, entropy_reduction_ratio, mutual_information",0.0,0.0,0.0,0.0,0.5009965012452633
perm_android.permission.ACCESS_WIFI_STATE.android.permission.READ_PHONE_STATE,0,0.10019930024905266,0.20039860049810532,702.7,65.92844606086207,"pearson_r, entropy_reduction_ratio, mutual_information",0.0,0.0,0.0,0.0,0.5009965012452633
perm_qiku.permission.RECEIVE_ACTIVITY_RESUMED,0,0.10019930024905266,0.20039860049810532,702.7,65.92844606086207,"pearson_r, entropy_reduction_ratio, mutual_information",0.0,0.0,0.0,0.0,0.5009965012452633
perm_com.google.android.launcher.permission.WRITE_SETTINGS,0,0.10019930024905266,0.20039860049810532,702.7,65.92844606086207,"pearson_r, entropy_reduction_ratio, mutual_information",0.0,0.0,0.0,0.0,0.5009965012452633
perm_com.xiaomi.sdk.permission.PAYMENT,0,0.10019930024905266,0.20039860049810532,702.7,65.92844606086207,"pearson_r, entropy_reduction_ratio, mutual_information",0.0,0.0,0.0,0.0,0.5009965012452633
perm_com.huawei.launcher.permission.WRITE_SETTINGS,0,0.10019930024905266,0.20039860049810532,702.7,65.92844606086207,"pearson_r, entropy_reduction_ratio, mutual_information",0.0,0.0,0.0,0.0,0.5009965012452633
intent_oh.rt.hj.j.g,0,0.10019930024905266,0.20039860049810532,702.7,65.92844606086207,"pearson_r, entropy_reduction_ratio, mutual_information",0.0,0.0,0.0,0.0,0.5009965012452633
intent_com.door.pay.sdk.app.action,0,0.10019930024905266,0.20039860049810532,702.7,65.92844606086207,"pearson_r, entropy_reduction_ratio, mutual_information",0.0,0.0,0.0,0.0,0.5009965012452633
perm_com.huawei.launcher.permission.READ_SETTINGS,0,0.10019930024905266,0.20039860049810532,702.7,65.92844606086207,"pearson_r, entropy_reduction_ratio, mutual_information",0.0,0.0,0.0,0.0,0.5009965012452633
intent_android.intent.action.DOWNLOAD_NOTIFY,0,0.10019930024905266,0.20039860049810532,702.7,65.92844606086207,"pearson_r, entropy_reduction_ratio, mutual_information",0.0,0.0,0.0,0.0,0.5009965012452633
intent_android.intent.action.ERROR_NOTIFY,0,0.10019930024905266,0.20039860049810532,702.7,65.92844606086207,"pearson_r, entropy_reduction_ratio, mutual_information",0.0,0.0,0.0,0.0,0.5009965012452633
intent_com.excelliance.kxqp.action.SmtServService,0,0.10019930024905266,0.20039860049810532,702.7,65.92844606086207,"pearson_r, entropy_reduction_ratio, mutual_information",0.0,0.0,0.0,0.0,0.5009965012452633
intent_com.excelliance.kxqp.action.GENERIC,0,0.10019930024905266,0.20039860049810532,702.7,65.92844606086207,"pearson_r, entropy_reduction_ratio, mutual_information",0.0,0.0,0.0,0.0,0.5009965012452633
perm_com.facebook.katana.permission.CROSS_PROCESS_BROADCAST_MANAGER,0,0.10019930024905266,0.20039860049810532,702.7,65.92844606086207,"pearson_r, entropy_reduction_ratio, mutual_information",0.0,0.0,0.0,0.0,0.5009965012452633
perm_com.facebook.permission.prod.SYSTEM_COMMUNICATION,0,0.10019930024905266,0.20039860049810532,702.7,65.92844606086207,"pearson_r, entropy_reduction_ratio, mutual_information",0.0,0.0,0.0,0.0,0.5009965012452633
intent_com.excelliance.kxqp.action.smtcnt,0,0.10019930024905266,0.20039860049810532,702.7,65.92844606086207,"pearson_r, entropy_reduction_ratio, mutual_information",0.0,0.0,0.0,0.0,0.5009965012452633
intent_show_setting_page,0,0.10019930024905266,0.20039860049810532,702.7,65.92844606086207,"pearson_r, entropy_reduction_ratio, mutual_information",0.0,0.0,0.0,0.0,0.5009965012452633
intent_co.ronash.pushe.RECEIVE,0,0.10019930024905266,0.20039860049810532,702.7,65.92844606086207,"pearson_r, entropy_reduction_ratio, mutual_information",0.0,0.0,0.0,0.0,0.5009965012452633
perm_com.fx.launcher.permission.READ_SETTINGS,0,0.10019930024905266,0.20039860049810532,702.7,65.92844606086207,"pearson_r, entropy_reduction_ratio, mutual_information",0.0,0.0,0.0,0.0,0.5009965012452633
perm_com.tencent.mm.permission.C2D_MESSAGE,0,0.10019930024905266,0.20039860049810532,702.7,65.92844606086207,"pearson_r, entropy_reduction_ratio, mutual_information",0.0,0.0,0.0,0.0,0.5009965012452633
perm_com.ty.launcher.permission.READ_SETTINGS,0,0.10019930024905266,0.20039860049810532,702.7,65.92844606086207,"pearson_r, entropy_reduction_ratio, mutual_information",0.0,0.0,0.0,0.0,0.5009965012452633
perm_com.baiqi.weather.permission.READ_SETTINGS,0,0.10019930024905266,0.20039860049810532,702.7,65.92844606086207,"pearson_r, entropy_reduction_ratio, mutual_information",0.0,0.0,0.0,0.0,0.5009965012452633
perm_com.thunderst.launcher.permission.READ_SETTINGS,0,0.10019930024905266,0.20039860049810532,702.7,65.92844606086207,"pearson_r, entropy_reduction_ratio, mutual_information",0.0,0.0,0.0,0.0,0.5009965012452633
perm_com.yulong2.android.launcher.permission.WRITE_SETTINGS,0,0.10019930024905266,0.20039860049810532,702.7,65.92844606086207,"pearson_r, entropy_reduction_ratio, mutual_information",0.0,0.0,0.0,0.0,0.5009965012452633
intent_android.intent.action.IMEDIATE_NOTIFY_ALARM,0,0.10019930024905266,0.20039860049810532,702.7,65.92844606086207,"pearson_r, entropy_reduction_ratio, mutual_information",0.0,0.0,0.0,0.0,0.5009965012452633
perm_com.yulong.android.launcher.permission.WRITE_SETTINGS,0,0.10019930024905266,0.20039860049810532,702.7,65.92844606086207,"pearson_r, entropy_reduction_ratio, mutual_information",0.0,0.0,0.0,0.0,0.5009965012452633
perm_android.permission.WRITE_APN_SETTING,0,0.10019930024905266,0.20039860049810532,702.7,65.92844606086207,"pearson_r, entropy_reduction_ratio, mutual_information",0.0,0.0,0.0,0.0,0.5009965012452633
perm_com.tencent.mm.ext.permission.READ,0,0.10019930024905266,0.20039860049810532,702.7,65.92844606086207,"pearson_r, entropy_reduction_ratio, mutual_information",0.0,0.0,0.0,0.0,0.5009965012452633
perm_com.tencent.mm.plugin.permission.WRITE,0,0.10019930024905266,0.20039860049810532,702.7,65.92844606086207,"pearson_r, entropy_reduction_ratio, mutual_information",0.0,0.0,0.0,0.0,0.5009965012452633
perm_com.android.email.permission.READ_ATTACHMENT,0,0.10019930024905266,0.20039860049810532,702.7,65.92844606086207,"pearson_r, entropy_reduction_ratio, mutual_information",0.0,0.0,0.0,0.0,0.5009965012452633
intent_com.excelliance.kxqp.action.swpsrv,0,0.10019930024905266,0.20039860049810532,702.7,65.92844606086207,"pearson_r, entropy_reduction_ratio, mutual_information",0.0,0.0,0.0,0.0,0.5009965012452633
perm_android.permission.MANAGE_DEVICE_ADMINS,0,0.10019930024905266,0.20039860049810532,702.7,65.92844606086207,"pearson_r, entropy_reduction_ratio, mutual_information",0.0,0.0,0.0,0.0,0.5009965012452633
intent_com.qihoo.commonservice.SERVICE,0,0.10019930024905266,0.20039860049810532,702.7,65.92844606086207,"pearson_r, entropy_reduction_ratio, mutual_information",0.0,0.0,0.0,0.0,0.5009965012452633
intent_com.qihoo.commonreceiver.CLEARED,0,0.10019930024905266,0.20039860049810532,702.7,65.92844606086207,"pearson_r, entropy_reduction_ratio, mutual_information",0.0,0.0,0.0,0.0,0.5009965012452633
perm_com.miui.mihome2.permission.READ_SETTINGS,0,0.10019930024905266,0.20039860049810532,702.7,65.92844606086207,"pearson_r, entropy_reduction_ratio, mutual_information",0.0,0.0,0.0,0.0,0.5009965012452633
intent_show_cpuad,0,0.10019930024905266,0.20039860049810532,702.7,65.92844606086207,"pearson_r, entropy_reduction_ratio, mutual_information",0.0,0.0,0.0,0.0,0.5009965012452633
intent_cn.uc.gamesdk.sdkweb,0,0.10019930024905266,0.20039860049810532,702.7,65.92844606086207,"pearson_r, entropy_reduction_ratio, mutual_information",0.0,0.0,0.0,0.0,0.5009965012452633
intent_pushy.me,0,0.10019930024905266,0.20039860049810532,702.7,65.92844606086207,"pearson_r, entropy_reduction_ratio, mutual_information",0.0,0.0,0.0,0.0,0.5009965012452633
intent_show_lock_app,0,0.10019930024905266,0.20039860049810532,702.7,65.92844606086207,"pearson_r, entropy_reduction_ratio, mutual_information",0.0,0.0,0.0,0.0,0.5009965012452633
intent_show_feedback,0,0.10019930024905266,0.20039860049810532,702.7,65.92844606086207,"pearson_r, entropy_reduction_ratio, mutual_information",0.0,0.0,0.0,0.0,0.5009965012452633
perm_com.qihoo.appstore.rtservice.ACCESS_RTSERVICE,0,0.10019930024905266,0.20039860049810532,702.7,65.92844606086207,"pearson_r, entropy_reduction_ratio, mutual_information",0.0,0.0,0.0,0.0,0.5009965012452633
intent_com.baidu.action.Xshield.VIEW,0,0.10019930024905266,0.20039860049810532,702.7,65.92844606086207,"pearson_r, entropy_reduction_ratio, mutual_information",0.0,0.0,0.0,0.0,0.5009965012452633
intent_com.excelliance.dualaid.action.downloadcomp,0,0.10019930024905266,0.20039860049810532,702.7,65.92844606086207,"pearson_r, entropy_reduction_ratio, mutual_information",0.0,0.0,0.0,0.0,0.5009965012452633
intent_com.xiaomi.hy.push.client.ONCLICK,0,0.10019930024905266,0.20039860049810532,702.7,65.92844606086207,"pearson_r, entropy_reduction_ratio, mutual_information",0.0,0.0,0.0,0.0,0.5009965012452633
intent_com.excelliance.dualaid.action.download,0,0.10019930024905266,0.20039860049810532,702.7,65.92844606086207,"pearson_r, entropy_reduction_ratio, mutual_information",0.0,0.0,0.0,0.0,0.5009965012452633
intent_com.excelliance.dualaid.action.notifystatus,0,0.10019930024905266,0.20039860049810532,702.7,65.92844606086207,"pearson_r, entropy_reduction_ratio, mutual_information",0.0,0.0,0.0,0.0,0.5009965012452633
perm_com.android.agedlauncher.permission.READ_SETTINGS,0,0.10019930024905266,0.20039860049810532,702.7,65.92844606086207,"pearson_r, entropy_reduction_ratio, mutual_information",0.0,0.0,0.0,0.0,0.5009965012452633
intent_com.excelliance.dualaid.action.appcrash,0,0.10019930024905266,0.20039860049810532,702.7,65.92844606086207,"pearson_r, entropy_reduction_ratio, mutual_information",0.0,0.0,0.0,0.0,0.5009965012452633
perm_com.android.agedlauncher.permission.WRITE_SETTINGS,0,0.10019930024905266,0.20039860049810532,702.7,65.92844606086207,"pearson_r, entropy_reduction_ratio, mutual_information",0.0,0.0,0.0,0.0,0.5009965012452633
intent_cn.xiaoneng.xpush.service,0,0.10019930024905266,0.20039860049810532,702.7,65.92844606086207,"pearson_r, entropy_reduction_ratio, mutual_information",0.0,0.0,0.0,0.0,0.5009965012452633
perm_android.permission.GET_DETAILED_TASKS,0,0.10019930024905266,0.20039860049810532,702.7,65.92844606086207,"pearson_r, entropy_reduction_ratio, mutual_information",0.0,0.0,0.0,0.0,0.5009965012452633
intent_com.excelliance.dualaid.action.phone_res_download,0,0.10019930024905266,0.20039860049810532,702.7,65.92844606086207,"pearson_r, entropy_reduction_ratio, mutual_information",0.0,0.0,0.0,0.0,0.5009965012452633
intent_com.excelliance.dualaid.action.psts,0,0.10019930024905266,0.20039860049810532,702.7,65.92844606086207,"pearson_r, entropy_reduction_ratio, mutual_information",0.0,0.0,0.0,0.0,0.5009965012452633
intent_com.getui.gtc.sdk.service.action,0,0.10019930024905266,0.20039860049810532,702.7,65.92844606086207,"pearson_r, entropy_reduction_ratio, mutual_information",0.0,0.0,0.0,0.0,0.5009965012452633
intent_android.intent.action.mainintentex,0,0.10019930024905266,0.20039860049810532,702.7,65.92844606086207,"pearson_r, entropy_reduction_ratio, mutual_information",0.0,0.0,0.0,0.0,0.5009965012452633
perm_android.Manifest.permission.READ_SMS,0,0.10019930024905266,0.20039860049810532,702.7,65.92844606086207,"pearson_r, entropy_reduction_ratio, mutual_information",0.0,0.0,0.0,0.0,0.5009965012452633
intent_com.google.Ps.Download,0,0.10019930024905266,0.20039860049810532,702.7,65.92844606086207,"pearson_r, entropy_reduction_ratio, mutual_information",0.0,0.0,0.0,0.0,0.5009965012452633
intent_com.Remind.alarm.enable,0,0.10019930024905266,0.20039860049810532,702.7,65.92844606086207,"pearson_r, entropy_reduction_ratio, mutual_information",0.0,0.0,0.0,0.0,0.5009965012452633
intent_com.excelliance.dualaid.action.pg,0,0.10019930024905266,0.20039860049810532,702.7,65.92844606086207,"pearson_r, entropy_reduction_ratio, mutual_information",0.0,0.0,0.0,0.0,0.5009965012452633
intent_com.areametrics.areametricssdk.AMLocationUpdatesBroadcastReceiver.PROCESS_UPDATES,0,0.10019930024905266,0.20039860049810532,702.7,65.92844606086207,"pearson_r, entropy_reduction_ratio, mutual_information",0.0,0.0,0.0,0.0,0.5009965012452633
perm_com.android.permission.WRITE_APN_SETTINGS,0,0.10019930024905266,0.20039860049810532,702.7,65.92844606086207,"pearson_r, entropy_reduction_ratio, mutual_information",0.0,0.0,0.0,0.0,0.5009965012452633
intent_show_taskmanagerwhitelist,0,0.10019930024905266,0.20039860049810532,702.7,65.92844606086207,"pearson_r, entropy_reduction_ratio, mutual_information",0.0,0.0,0.0,0.0,0.5009965012452633
intent_android.intent.action.apservice,0,0.10019930024905266,0.20039860049810532,702.7,65.92844606086207,"pearson_r, entropy_reduction_ratio, mutual_information",0.0,0.0,0.0,0.0,0.5009965012452633
intent_com.baidu.action.Techain.VIEW,0,0.10019930024905266,0.20039860049810532,702.7,65.92844606086207,"pearson_r, entropy_reduction_ratio, mutual_information",0.0,0.0,0.0,0.0,0.5009965012452633
intent_android.intent.action.UMS_CONNECTED,0,0.10019930024905266,0.20039860049810532,702.7,65.92844606086207,"pearson_r, entropy_reduction_ratio, mutual_information",0.0,0.0,0.0,0.0,0.5009965012452633
intent_com.mobiletool.appstore.service.weatherservice,0,0.10019930024905266,0.20039860049810532,702.7,65.92844606086207,"pearson_r, entropy_reduction_ratio, mutual_information",0.0,0.0,0.0,0.0,0.5009965012452633
intent_com.Remind.launch.app,0,0.10019930024905266,0.20039860049810532,702.7,65.92844606086207,"pearson_r, entropy_reduction_ratio, mutual_information",0.0,0.0,0.0,0.0,0.5009965012452633
intent_com.mobiletool.appstore.action.wap,0,0.10019930024905266,0.20039860049810532,702.7,65.92844606086207,"pearson_r, entropy_reduction_ratio, mutual_information",0.0,0.0,0.0,0.0,0.5009965012452633
intent_com.mobiletool.appstore.browser.highspeed,0,0.10019930024905266,0.20039860049810532,702.7,65.92844606086207,"pearson_r, entropy_reduction_ratio, mutual_information",0.0,0.0,0.0,0.0,0.5009965012452633
intent_com.mobiletool.appstore.action.appdetail,0,0.10019930024905266,0.20039860049810532,702.7,65.92844606086207,"pearson_r, entropy_reduction_ratio, mutual_information",0.0,0.0,0.0,0.0,0.5009965012452633
intent_com.mobiletool.appstore.action.backtomarket,0,0.10019930024905266,0.20039860049810532,702.7,65.92844606086207,"pearson_r, entropy_reduction_ratio, mutual_information",0.0,0.0,0.0,0.0,0.5009965012452633
intent_com.mobiletool.appstore.action.download,0,0.10019930024905266,0.20039860049810532,702.7,65.92844606086207,"pearson_r, entropy_reduction_ratio, mutual_information",0.0,0.0,0.0,0.0,0.5009965012452633
intent_com.mobiletool.appstore.action.topicdetail,0,0.10019930024905266,0.20039860049810532,702.7,65.92844606086207,"pearson_r, entropy_reduction_ratio, mutual_information",0.0,0.0,0.0,0.0,0.5009965012452633
intent_com.mobiletool.appstore.action.sdk,0,0.10019930024905266,0.20039860049810532,702.7,65.92844606086207,"pearson_r, entropy_reduction_ratio, mutual_information",0.0,0.0,0.0,0.0,0.5009965012452633
intent_com.esbook.receiver.CLICK_DOWN_BOOK,0,0.10019930024905266,0.20039860049810532,702.7,65.92844606086207,"pearson_r, entropy_reduction_ratio, mutual_information",0.0,0.0,0.0,0.0,0.5009965012452633
intent_intent.action.HEJU,0,0.10019930024905266,0.20039860049810532,702.7,65.92844606086207,"pearson_r, entropy_reduction_ratio, mutual_information",0.0,0.0,0.0,0.0,0.5009965012452633
perm_android.permission.REBOOT_IPO,0,0.10019930024905266,0.20039860049810532,702.7,65.92844606086207,"pearson_r, entropy_reduction_ratio, mutual_information",0.0,0.0,0.0,0.0,0.5009965012452633
intent_com.qihoo360.accounts.action.START_SERVICE,0,0.10019930024905266,0.20039860049810532,702.7,65.92844606086207,"pearson_r, entropy_reduction_ratio, mutual_information",0.0,0.0,0.0,0.0,0.5009965012452633
perm_com.android.broswer.permission.WRITE_HISTORY_BOOKMARKS,0,0.10019930024905266,0.20039860049810532,702.7,65.92844606086207,"pearson_r, entropy_reduction_ratio, mutual_information",0.0,0.0,0.0,0.0,0.5009965012452633
intent_com.gtp.nextlauncher.theme,0,0.10019930024905266,0.20039860049810532,702.7,65.92844606086207,"pearson_r, entropy_reduction_ratio, mutual_information",0.0,0.0,0.0,0.0,0.5009965012452633
intent_com.kingroot.common.ACTION_NOTIFY_IN_SELF_APP_MAIN,0,0.10019930024905266,0.20039860049810532,702.7,65.92844606086207,"pearson_r, entropy_reduction_ratio, mutual_information",0.0,0.0,0.0,0.0,0.5009965012452633
intent_com.qihoo.appstore.reservation.alarm,0,0.10019930024905266,0.20039860049810532,702.7,65.92844606086207,"pearson_r, entropy_reduction_ratio, mutual_information",0.0,0.0,0.0,0.0,0.5009965012452633
intent_com.qihoo.appstore.download_some_apk,0,0.10019930024905266,0.20039860049810532,702.7,65.92844606086207,"pearson_r, entropy_reduction_ratio, mutual_information",0.0,0.0,0.0,0.0,0.5009965012452633
intent_com.kingroot.common.ACTION_NOTIFY_OUT_SELF_APP_BY_MAIN,0,0.10019930024905266,0.20039860049810532,702.7,65.92844606086207,"pearson_r, entropy_reduction_ratio, mutual_information",0.0,0.0,0.0,0.0,0.5009965012452633
intent_org.agoo.android.intent.action.PING,0,0.10019930024905266,0.20039860049810532,702.7,65.92844606086207,"pearson_r, entropy_reduction_ratio, mutual_information",0.0,0.0,0.0,0.0,0.5009965012452633
intent_org.agoo.android.intent.action.ELECTION_V2,0,0.10019930024905266,0.20039860049810532,702.7,65.92844606086207,"pearson_r, entropy_reduction_ratio, mutual_information",0.0,0.0,0.0,0.0,0.5009965012452633
perm_qiku.permission.ACCESS_QKPARAMS,0,0.10019930024905266,0.20039860049810532,702.7,65.92844606086207,"pearson_r, entropy_reduction_ratio, mutual_information",0.0,0.0,0.0,0.0,0.5009965012452633
intent_com.excelliance.open.action.dmchk,0,0.10019930024905266,0.20039860049810532,702.7,65.92844606086207,"pearson_r, entropy_reduction_ratio, mutual_information",0.0,0.0,0.0,0.0,0.5009965012452633
intent_com.excelliance.open.action.apkverchk,0,0.10019930024905266,0.20039860049810532,702.7,65.92844606086207,"pearson_r, entropy_reduction_ratio, mutual_information",0.0,0.0,0.0,0.0,0.5009965012452633
intent_com.sogou.androidtool.action.main,0,0.10019930024905266,0.20039860049810532,702.7,65.92844606086207,"pearson_r, entropy_reduction_ratio, mutual_information",0.0,0.0,0.0,0.0,0.5009965012452633
intent_com.sogou.androidtool.action.backtomarket,0,0.10019930024905266,0.20039860049810532,702.7,65.92844606086207,"pearson_r, entropy_reduction_ratio, mutual_information",0.0,0.0,0.0,0.0,0.5009965012452633
intent_com.sogou.androidtool.action.specialdetail,0,0.10019930024905266,0.20039860049810532,702.7,65.92844606086207,"pearson_r, entropy_reduction_ratio, mutual_information",0.0,0.0,0.0,0.0,0.5009965012452633
intent_com.sogou.androidtool.action.extend,0,0.10019930024905266,0.20039860049810532,702.7,65.92844606086207,"pearson_r, entropy_reduction_ratio, mutual_information",0.0,0.0,0.0,0.0,0.5009965012452633
intent_com.sogou.androidtool.action.download,0,0.10019930024905266,0.20039860049810532,702.7,65.92844606086207,"pearson_r, entropy_reduction_ratio, mutual_information",0.0,0.0,0.0,0.0,0.5009965012452633
intent_com.sogou.androidtool.action.appdetail,0,0.10019930024905266,0.20039860049810532,702.7,65.92844606086207,"pearson_r, entropy_reduction_ratio, mutual_information",0.0,0.0,0.0,0.0,0.5009965012452633
perm_com.excelliance.dualaid.assist,0,0.10019930024905266,0.20039860049810532,702.7,65.92844606086207,"pearson_r, entropy_reduction_ratio, mutual_information",0.0,0.0,0.0,0.0,0.5009965012452633
intent_com.sogou.androidtool.action.BackgroundService,0,0.10019930024905266,0.20039860049810532,702.7,65.92844606086207,"pearson_r, entropy_reduction_ratio, mutual_information",0.0,0.0,0.0,0.0,0.5009965012452633
intent_com.kingroot.master.action.TRAFFIC_STATISTICS,0,0.10019930024905266,0.20039860049810532,702.7,65.92844606086207,"pearson_r, entropy_reduction_ratio, mutual_information",0.0,0.0,0.0,0.0,0.5009965012452633
intent_com.kingroot.kinguser.service.IKingrootAppList,0,0.10019930024905266,0.20039860049810532,702.7,65.92844606086207,"pearson_r, entropy_reduction_ratio, mutual_information",0.0,0.0,0.0,0.0,0.5009965012452633
intent_com.kingroot.master.action.NAIN_EXIT_NOTIFY,0,0.10019930024905266,0.20039860049810532,702.7,65.92844606086207,"pearson_r, entropy_reduction_ratio, mutual_information",0.0,0.0,0.0,0.0,0.5009965012452633
intent_com.kingroot.kinguser.SU_REQUEST,0,0.10019930024905266,0.20039860049810532,702.7,65.92844606086207,"pearson_r, entropy_reduction_ratio, mutual_information",0.0,0.0,0.0,0.0,0.5009965012452633
perm_com.qihoo360.mobilesafe.news.permission.NEWS_SDK_BROADCAST,0,0.10019930024905266,0.20039860049810532,702.7,65.92844606086207,"pearson_r, entropy_reduction_ratio, mutual_information",0.0,0.0,0.0,0.0,0.5009965012452633
intent_com.qihoo.appstore.ACTION_STABLE_NOTIFICATION_CLICK,0,0.10019930024905266,0.20039860049810532,702.7,65.92844606086207,"pearson_r, entropy_reduction_ratio, mutual_information",0.0,0.0,0.0,0.0,0.5009965012452633
intent_com.qihoo.appstore.ACTION_CHECK_PHOTOS,0,0.10019930024905266,0.20039860049810532,702.7,65.92844606086207,"pearson_r, entropy_reduction_ratio, mutual_information",0.0,0.0,0.0,0.0,0.5009965012452633
perm_android.permission.ADDINSTALLKEY,0,0.10019930024905266,0.20039860049810532,702.7,65.92844606086207,"pearson_r, entropy_reduction_ratio, mutual_information",0.0,0.0,0.0,0.0,0.5009965012452633
intent_com.secneo.plugin.action.APP_STARTED,0,0.10019930024905266,0.20039860049810532,702.7,65.92844606086207,"pearson_r, entropy_reduction_ratio, mutual_information",0.0,0.0,0.0,0.0,0.5009965012452633
intent_com.sogou.androidtool.browser.highspeed,0,0.10019930024905266,0.20039860049810532,702.7,65.92844606086207,"pearson_r, entropy_reduction_ratio, mutual_information",0.0,0.0,0.0,0.0,0.5009965012452633
intent_com.qihoo.appstore.launcher.shortcut.HAOWU,0,0.10019930024905266,0.20039860049810532,702.7,65.92844606086207,"pearson_r, entropy_reduction_ratio, mutual_information",0.0,0.0,0.0,0.0,0.5009965012452633
perm_com.qiku.android.launcher3.permission.WRITE_UNREAD,0,0.10019930024905266,0.20039860049810532,702.7,65.92844606086207,"pearson_r, entropy_reduction_ratio, mutual_information",0.0,0.0,0.0,0.0,0.5009965012452633
intent_com.qihoo360.daemon.pcdaemon.ACTION_START_FROM_NOTIFICATION,0,0.10019930024905266,0.20039860049810532,702.7,65.92844606086207,"pearson_r, entropy_reduction_ratio, mutual_information",0.0,0.0,0.0,0.0,0.5009965012452633
intent_com.qihoo.appstore.push.PushNotifyCancelReceiver.ACTION_INTENT_CANCEL,0,0.10019930024905266,0.20039860049810532,702.7,65.92844606086207,"pearson_r, entropy_reduction_ratio, mutual_information",0.0,0.0,0.0,0.0,0.5009965012452633
intent_com.qihoo.appstore.ACTION_LOCK_SCREEN_AD_ADD_LISTENER,0,0.10019930024905266,0.20039860049810532,702.7,65.92844606086207,"pearson_r, entropy_reduction_ratio, mutual_information",0.0,0.0,0.0,0.0,0.5009965012452633
intent_com.sogou.androidtool.service.weatherservice,0,0.10019930024905266,0.20039860049810532,702.7,65.92844606086207,"pearson_r, entropy_reduction_ratio, mutual_information",0.0,0.0,0.0,0.0,0.5009965012452633
perm_com.qiku.android.launcher3.permission.READ_UNREAD,0,0.10019930024905266,0.20039860049810532,702.7,65.92844606086207,"pearson_r, entropy_reduction_ratio, mutual_information",0.0,0.0,0.0,0.0,0.5009965012452633
intent_android.provider.Telephony.SMS_RECEIVED2,0,0.10019930024905266,0.20039860049810532,702.7,65.92844606086207,"pearson_r, entropy_reduction_ratio, mutual_information",0.0,0.0,0.0,0.0,0.5009965012452633
intent_com.kingroot.ACTION_SERVICE_PSS_RECORD,0,0.10019930024905266,0.20039860049810532,702.7,65.92844606086207,"pearson_r, entropy_reduction_ratio, mutual_information",0.0,0.0,0.0,0.0,0.5009965012452633
intent_com.excelliance.dualaid.action.process.64,0,0.10019930024905266,0.20039860049810532,702.7,65.92844606086207,"pearson_r, entropy_reduction_ratio, mutual_information",0.0,0.0,0.0,0.0,0.5009965012452633
intent_com.kinguser.kingroot.ACTION_INSTALL,0,0.10019930024905266,0.20039860049810532,702.7,65.92844606086207,"pearson_r, entropy_reduction_ratio, mutual_information",0.0,0.0,0.0,0.0,0.5009965012452633
intent_android.net.conn.MEDIA_NOFS,0,0.10019930024905266,0.20039860049810532,702.7,65.92844606086207,"pearson_r, entropy_reduction_ratio, mutual_information",0.0,0.0,0.0,0.0,0.5009965012452633
intent_com.kingroot.kinguser.ANTILOG_DELETE,0,0.10019930024905266,0.20039860049810532,702.7,65.92844606086207,"pearson_r, entropy_reduction_ratio, mutual_information",0.0,0.0,0.0,0.0,0.5009965012452633
intent_com.android.deskclock.ALARM_SNOOZE,0,0.10019930024905266,0.20039860049810532,702.7,65.92844606086207,"pearson_r, entropy_reduction_ratio, mutual_information",0.0,0.0,0.0,0.0,0.5009965012452633
intent_com.excelliance.open.action.fw,0,0.10019930024905266,0.20039860049810532,702.7,65.92844606086207,"pearson_r, entropy_reduction_ratio, mutual_information",0.0,0.0,0.0,0.0,0.5009965012452633
intent_download.service.action,0,0.10019930024905266,0.20039860049810532,702.7,65.92844606086207,"pearson_r, entropy_reduction_ratio, mutual_information",0.0,0.0,0.0,0.0,0.5009965012452633
perm_com.lenovo.launcherhdmarket.permission.WRITE_SETTINGS,0,0.10019930024905266,0.20039860049810532,702.7,65.92844606086207,"pearson_r, entropy_reduction_ratio, mutual_information",0.0,0.0,0.0,0.0,0.5009965012452633
intent_android.intent.action.SEND_TO_KPSH,0,0.10019930024905266,0.20039860049810532,702.7,65.92844606086207,"pearson_r, entropy_reduction_ratio, mutual_information",0.0,0.0,0.0,0.0,0.5009965012452633
intent_android.intent.action.USER_CLEARNOTIFY,0,0.10019930024905266,0.20039860049810532,702.7,65.92844606086207,"pearson_r, entropy_reduction_ratio, mutual_information",0.0,0.0,0.0,0.0,0.5009965012452633
intent_com.ez.sj,0,0.10019930024905266,0.20039860049810532,702.7,65.92844606086207,"pearson_r, entropy_reduction_ratio, mutual_information",0.0,0.0,0.0,0.0,0.5009965012452633
perm_com.lenovo.launcherhdmarket.permission.READ_SETTINGS,0,0.10019930024905266,0.20039860049810532,702.7,65.92844606086207,"pearson_r, entropy_reduction_ratio, mutual_information",0.0,0.0,0.0,0.0,0.5009965012452633
intent_com.excelliance.open.action.startNextChapter,0,0.10019930024905266,0.20039860049810532,702.7,65.92844606086207,"pearson_r, entropy_reduction_ratio, mutual_information",0.0,0.0,0.0,0.0,0.5009965012452633
intent_wifi.intent.action.SDK_RESULT,0,0.10019930024905266,0.20039860049810532,702.7,65.92844606086207,"pearson_r, entropy_reduction_ratio, mutual_information",0.0,0.0,0.0,0.0,0.5009965012452633
perm_com.ibingo.launcher.permission.READ_SETTINGS,0,0.10019930024905266,0.20039860049810532,702.7,65.92844606086207,"pearson_r, entropy_reduction_ratio, mutual_information",0.0,0.0,0.0,0.0,0.5009965012452633
intent_com.android.utils.hades.ACTION_INIT_COMMON_RES,0,0.10019930024905266,0.20039860049810532,702.7,65.92844606086207,"pearson_r, entropy_reduction_ratio, mutual_information",0.0,0.0,0.0,0.0,0.5009965012452633
intent_LOCATION_SERVICE,0,0.10019930024905266,0.20039860049810532,702.7,65.92844606086207,"pearson_r, entropy_reduction_ratio, mutual_information",0.0,0.0,0.0,0.0,0.5009965012452633
intent_android.settings.SYNC_SETTINGS,0,0.10019930024905266,0.20039860049810532,702.7,65.92844606086207,"pearson_r, entropy_reduction_ratio, mutual_information",0.0,0.0,0.0,0.0,0.5009965012452633
intent_com.excelliance.kxqp.action.launcher,0,0.10019930024905266,0.20039860049810532,702.7,65.92844606086207,"pearson_r, entropy_reduction_ratio, mutual_information",0.0,0.0,0.0,0.0,0.5009965012452633
intent_com.excelliance.kxqp.action.navback,0,0.10019930024905266,0.20039860049810532,702.7,65.92844606086207,"pearson_r, entropy_reduction_ratio, mutual_information",0.0,0.0,0.0,0.0,0.5009965012452633
intent_com.telecom.sdk_auth_ui.SMS_SEND_ACTIOIN,0,0.10019930024905266,0.20039860049810532,702.7,65.92844606086207,"pearson_r, entropy_reduction_ratio, mutual_information",0.0,0.0,0.0,0.0,0.5009965012452633
intent_com.telecom.sdk_auth_ui.SMS_UNSUB_SEND_RESULT_ACTION,0,0.10019930024905266,0.20039860049810532,702.7,65.92844606086207,"pearson_r, entropy_reduction_ratio, mutual_information",0.0,0.0,0.0,0.0,0.5009965012452633
intent_com.tappx.sdk.SILP,0,0.10019930024905266,0.20039860049810532,702.7,65.92844606086207,"pearson_r, entropy_reduction_ratio, mutual_information",0.0,0.0,0.0,0.0,0.5009965012452633
perm_com.qihoo360.home.permission.WRITE_SETTINGS,0,0.10019930024905266,0.20039860049810532,702.7,65.92844606086207,"pearson_r, entropy_reduction_ratio, mutual_information",0.0,0.0,0.0,0.0,0.5009965012452633
intent_com.cootek.smartinputv5.action.SP.DESTROY,0,0.10019930024905266,0.20039860049810532,702.7,65.92844606086207,"pearson_r, entropy_reduction_ratio, mutual_information",0.0,0.0,0.0,0.0,0.5009965012452633
intent_com.mobutils.android.mediation.MaterialNotificationReceiver.ACTION_CANCEL_NOTIFICATION,0,0.10019930024905266,0.20039860049810532,702.7,65.92844606086207,"pearson_r, entropy_reduction_ratio, mutual_information",0.0,0.0,0.0,0.0,0.5009965012452633
perm_com.zte.mifavor.launcher.permission.WRITE_SETTINGS,0,0.10019930024905266,0.20039860049810532,702.7,65.92844606086207,"pearson_r, entropy_reduction_ratio, mutual_information",0.0,0.0,0.0,0.0,0.5009965012452633
perm_com.s.launcher.permission.WRITE_SETTINGS,0,0.10019930024905266,0.20039860049810532,702.7,65.92844606086207,"pearson_r, entropy_reduction_ratio, mutual_information",0.0,0.0,0.0,0.0,0.5009965012452633
intent_com.smartdialer.voip.action.STATE_RINGING,0,0.10019930024905266,0.20039860049810532,702.7,65.92844606086207,"pearson_r, entropy_reduction_ratio, mutual_information",0.0,0.0,0.0,0.0,0.5009965012452633
perm_android.permission.MOUNT_FORMAT_FILESYSTEMS,0,0.10006934216427903,0.20013735757912893,586.1,204.04715141358872,"pearson_r, entropy_reduction_ratio, f_stat",1.118165665778106e-06,0.0,4.181330634421705e-07,1.1172010414071407e-06,0.5003440573216246
intent_com.huawei.android.push.intent.CLICK,0,0.10006934216427903,0.20013735757912893,586.1,204.04715141358872,"pearson_r, entropy_reduction_ratio, f_stat",1.118165665778106e-06,0.0,4.181330634421705e-07,1.1172010414071407e-06,0.5003440573216246
intent_com.huawei.android.push.intent.REGISTRATION,0,0.09993888078583892,0.19987240005258997,584.3,207.51713182289313,"pearson_r, entropy_reduction_ratio, f_stat",4.527211349441156e-06,0.0,1.672532253768682e-06,4.523309589445554e-06,0.4996836808760019
intent_com.huawei.android.push.intent.RECEIVE,0,0.09993888078583892,0.19987240005258997,584.3,207.51713182289313,"pearson_r, entropy_reduction_ratio, f_stat",4.527211349441156e-06,0.0,1.672532253768682e-06,4.523309589445554e-06,0.4996836808760019
perm_android.permission.CHANGE_WIMAX_STATE,0,0.09986769226311318,0.18134709383179642,459.5,236.23293589167452,"pearson_r, mutual_information, entropy_reduction_ratio",0.005461697959429412,0.0262869967630157,0.0014869044032149914,0.003974330867696492,0.46212853132220927
perm_android.permission.CAMERA,0,0.0994581543395436,0.16893230945669055,426.8,267.43702062354794,"pearson_r, mutual_information, f_stat",0.010944167718207488,0.03716996270095688,0.0016988254026676257,0.010985784080163312,0.43649203179572266
intent_com.urbanairship.push.RECEIVED,0,0.0987705928818326,0.1496805892818157,373.6,322.0196267310426,"pearson_r, entropy_reduction_ratio, f_stat",0.03857003724015965,0.018821128713728777,0.01040833082250494,0.028515826984740925,0.3975376406480287
perm_android.permission.WRITE_CONTACTS,0,0.09838465636662289,0.19648200795541165,580.5,213.0582080089852,"pearson_r, entropy_reduction_ratio, f_stat",0.0002445111182330286,0.0,8.573909976484812e-05,0.00024440444451792804,0.49134862717059863
perm_com.android.launcher2.permission.UNINSTALL_SHORTCUT,0,0.09836033487702844,0.1819826413591872,464.7,236.8243230751436,"pearson_r, mutual_information, entropy_reduction_ratio",0.005461697959429412,0.01875020983259205,0.0014869044032149914,0.003974330867696492,0.46212853132220927
intent_android.intent.action.PACKAGE_CHANGED,0,0.09811625920383496,0.19352880289030278,530.8,190.84485845838236,"pearson_r, mutual_information, entropy_reduction_ratio",0.0006602026708727976,0.0038540208862840796,0.00024371516120838392,0.0006582232050948215,0.4851651340957147
perm_com.android.launcher3.permission.WRITE_SETTINGS,0,0.09809314107303292,0.19354006825320635,531.0,190.87901927660883,"pearson_r, mutual_information, entropy_reduction_ratio",0.0006602026708727976,0.0037384302322738777,0.00024371516120838392,0.0006582232050948215,0.4851651340957147
intent_android.intent.action.DATE_CHANGED,0,0.09798730299518248,0.17910847159227933,453.6,250.00287998341136,"pearson_r, mutual_information, entropy_reduction_ratio",0.005493024663314047,0.021174212665840932,0.0019726621933779907,0.00534064584022674,0.4559559696131527
perm_me.everything.badger.permission.BADGE_COUNT_READ,0,0.09760702046367199,0.13494211677891826,412.5,384.1025904624961,"pearson_r, entropy_reduction_ratio, f_stat",0.05567244173308384,0.0,0.017719609952047265,0.05031087033061835,0.3643321803026105
perm_android.permission.READ_SYNC_STATS,0,0.09759389194926402,0.1945513585623788,578.3,215.74002873829417,"pearson_r, entropy_reduction_ratio, f_stat",0.0005380096204718787,0.0,0.00019804278904231033,0.0005370160826807447,0.4866963912541251
intent_com.google.android.gms.appinvite.ACTION_PREVIEW,0,0.097420389778567,0.1369517307772547,413.5,382.6178249898977,"pearson_r, entropy_reduction_ratio, f_stat",0.05459420783990443,0.0,0.016813633789326755,0.047272268376212456,0.36842183888739133
intent_com.huawei.intent.action.PUSH,0,0.09734545502657814,0.193910003760966,576.3,218.24976517742235,"pearson_r, entropy_reduction_ratio, f_stat",0.0006602026708727976,0.0,0.00024371516120838392,0.0006582232050948215,0.4851651340957147
perm_com.htc.launcher.permission.WRITE_SETTINGS,0,0.09626118880110011,0.19085901698649943,571.1,224.47859586160993,"pearson_r, entropy_reduction_ratio, f_stat",0.0014167283584691852,0.0,0.0005194219264585961,0.0013920857139595227,0.47797770800661327
perm_android.permission.RECEIVE_WAP_PUSH,0,0.09626118880110011,0.19085901698649943,571.1,224.47859586160993,"pearson_r, entropy_reduction_ratio, f_stat",0.0014167283584691852,0.0,0.0005194219264585961,0.0013920857139595227,0.47797770800661327
perm_android.permission.ACCESS_ALL_DOWNLOADS,0,0.09626118880110011,0.19085901698649943,571.1,224.47859586160993,"pearson_r, entropy_reduction_ratio, f_stat",0.0014167283584691852,0.0,0.0005194219264585961,0.0013920857139595227,0.47797770800661327
intent_android.bluetooth.adapter.action.STATE_CHANGED,0,0.09604235882184775,0.18337941623156617,500.8,215.56474665399256,"pearson_r, mutual_information, entropy_reduction_ratio",0.003851253882920686,0.008392617668122142,0.00135155068412976,0.003843362053318183,0.462773009820748
intent_com.urbanairship.actions.SHOW_LANDING_PAGE_INTENT_ACTION,0,0.09561748013942044,0.15148672098917448,387.4,328.5949482265362,"pearson_r, entropy_reduction_ratio, f_stat",0.03857003724015965,0.003055565001667973,0.01040833082250494,0.028515826984740925,0.3975376406480287
intent_android.provider.Telephony.WAP_PUSH_RECEIVED,0,0.09523223874491177,0.17538965745714657,444.0,271.0033210128614,"pearson_r, entropy_reduction_ratio, mutual_information",0.010939334826249262,0.008293214216670147,0.0029738088064299828,0.00798110552348019,0.44597373035172927
intent_com.urbanairship.push.OPENED,0,0.09500636713908685,0.15186458458706434,431.5,363.12422116956066,"pearson_r, entropy_reduction_ratio, f_stat",0.03857003724015965,0.0,0.01040833082250494,0.028515826984740925,0.3975376406480287
perm_android.permission.READ_CALENDAR,0,0.09464551982515713,0.18534289708108548,562.3,234.5262458660011,"pearson_r, entropy_reduction_ratio, f_stat",0.0033584396667635866,0.0,0.0011998687258608339,0.0033469305776729647,0.4653223601554883
perm_android.permission.ACCESS_WIMAX_STATE,0,0.09461029291051003,0.18376891912078597,522.4,271.4909574921419,"pearson_r, entropy_reduction_ratio, f_stat",0.005461697959429412,0.0,0.0014869044032149914,0.003974330867696492,0.46212853132220927
perm_com.google.android.googleapps.permission.GOOGLE_AUTH.OTHER_SERVICES,0,0.09461029291051003,0.18376891912078597,522.4,271.4909574921419,"pearson_r, entropy_reduction_ratio, f_stat",0.005461697959429412,0.0,0.0014869044032149914,0.003974330867696492,0.46212853132220927
perm_com.google.android.googleapps.permission.GOOGLE_AUTH.writely,0,0.09461029291051003,0.18376891912078597,522.4,271.4909574921419,"pearson_r, entropy_reduction_ratio, f_stat",0.005461697959429412,0.0,0.0014869044032149914,0.003974330867696492,0.46212853132220927
perm_android.permission.BODY_SENSORS,0,0.09461029291051003,0.18376891912078597,522.4,271.4909574921419,"pearson_r, entropy_reduction_ratio, f_stat",0.005461697959429412,0.0,0.0014869044032149914,0.003974330867696492,0.46212853132220927
perm_android.permission.REAL_GET_TASKS,0,0.09461029291051003,0.18376891912078597,522.4,271.4909574921419,"pearson_r, entropy_reduction_ratio, f_stat",0.005461697959429412,0.0,0.0014869044032149914,0.003974330867696492,0.46212853132220927
perm_com.meizu.c2dm.permission.RECEIVE,0,0.09461029291051003,0.18376891912078597,522.4,271.4909574921419,"pearson_r, entropy_reduction_ratio, f_stat",0.005461697959429412,0.0,0.0014869044032149914,0.003974330867696492,0.46212853132220927
intent_com.onesignal.NotificationExtender,0,0.09461029291051003,0.18376891912078597,522.4,271.4909574921419,"pearson_r, entropy_reduction_ratio, f_stat",0.005461697959429412,0.0,0.0014869044032149914,0.003974330867696492,0.46212853132220927
intent_android.intent.action.INPUT_METHOD_CHANGED,0,0.09461029291051003,0.18376891912078597,522.4,271.4909574921419,"pearson_r, entropy_reduction_ratio, f_stat",0.005461697959429412,0.0,0.0014869044032149914,0.003974330867696492,0.46212853132220927
perm_android.permission.BIND_JOB_SERVICE,0,0.09461029291051003,0.18376891912078597,522.4,271.4909574921419,"pearson_r, entropy_reduction_ratio, f_stat",0.005461697959429412,0.0,0.0014869044032149914,0.003974330867696492,0.46212853132220927
perm_com.google.android.launcher.permission.READ_SETTINGS,0,0.09461029291051001,0.18376891912078594,524.3,274.2337688907039,"pearson_r, entropy_reduction_ratio, f_stat",0.005461697959429412,0.0,0.0014869044032149914,0.003974330867696492,0.46212853132220916
intent_android.intent.action.SEND_MULTIPLE,0,0.09456773354413117,0.16713580425503155,425.0,286.81771214483945,"pearson_r, entropy_reduction_ratio, f_stat",0.014204181063800374,0.01107859028130909,0.004989759939767619,0.013791643971207515,0.4287744924645713
intent_com.google.android.gms.iid.InstanceID,0,0.09431595028295917,0.17367311155794968,446.0,272.4481602066712,"pearson_r, entropy_reduction_ratio, f_stat",0.009319047025731086,0.00814105975120043,0.0031904623569214644,0.009296396761283214,0.4416327855196597
perm_com.android.launcher3.permission.INSTALL_SHORTCUT,0,0.09428646208463398,0.183638218830741,533.5,269.05315459960696,"pearson_r, entropy_reduction_ratio, f_stat",0.00426703986537027,0.0,0.0015223760247636685,0.0040940069950283105,0.46154888753800766
perm_com.android.launcher3.permission.UNINSTALL_SHORTCUT,0,0.09428646208463398,0.183638218830741,533.5,269.05315459960696,"pearson_r, entropy_reduction_ratio, f_stat",0.00426703986537027,0.0,0.0015223760247636685,0.0040940069950283105,0.46154888753800766
intent_com.google.vr.vrcore.ACTION_NONE,0,0.09403198864702121,0.15059970286606328,433.3,363.5216087112292,"pearson_r, entropy_reduction_ratio, f_stat",0.034550743960741134,0.0,0.01100680171971331,0.030431842693922614,0.394170554860729
intent_android.accounts.AccountAuthenticator,0,0.09401641499741406,0.18263490643443195,531.5,271.4531267088298,"pearson_r, entropy_reduction_ratio, f_stat",0.004599581385825976,0.0,0.0016312996877903543,0.004582030573890944,0.459269163339563
perm_com.amazon.device.messaging.permission.RECEIVE,0,0.09376762369951328,0.1602699975400527,450.8,345.0742818582689,"pearson_r, entropy_reduction_ratio, f_stat",0.02746885545368661,0.0,0.007434522016074959,0.020200113385419445,0.4137346276423854
intent_androidx.work.impl.background.systemalarm.UpdateProxies,0,0.09376762369951328,0.1602699975400527,450.8,345.0742818582689,"pearson_r, entropy_reduction_ratio, f_stat",0.02746885545368661,0.0,0.007434522016074959,0.020200113385419445,0.4137346276423854
intent_android.intent.action.ACTION_BOOT_COMPLETED,0,0.09376762369951328,0.16026999754005267,451.1,345.50635305302274,"pearson_r, entropy_reduction_ratio, f_stat",0.02746885545368661,0.0,0.007434522016074959,0.020200113385419445,0.41373462764238533
perm_org.adw.launcher.permission.READ_SETTINGS,0,0.09357359590157774,0.17624113568898322,492.5,304.86029587337214,"pearson_r, entropy_reduction_ratio, f_stat",0.010939334826249262,0.0,0.0029738088064299828,0.00798110552348019,0.44597373035172927
perm_com.anddoes.launcher.permission.READ_SETTINGS,0,0.09357359590157774,0.17624113568898322,492.5,304.86029587337214,"pearson_r, entropy_reduction_ratio, f_stat",0.010939334826249262,0.0,0.0029738088064299828,0.00798110552348019,0.44597373035172927
perm_android.permission.SUBSCRIBED_FEEDS_READ,0,0.09357359590157774,0.17624113568898322,492.5,304.86029587337214,"pearson_r, entropy_reduction_ratio, f_stat",0.010939334826249262,0.0,0.0029738088064299828,0.00798110552348019,0.44597373035172927
perm_com.teslacoilsw.launcher.permission.READ_SETTINGS,0,0.09357359590157774,0.17624113568898322,492.5,304.86029587337214,"pearson_r, entropy_reduction_ratio, f_stat",0.010939334826249262,0.0,0.0029738088064299828,0.00798110552348019,0.44597373035172927
intent_com.amazon.device.messaging.intent.REGISTRATION,0,0.09357359590157774,0.17624113568898322,492.5,304.86029587337214,"pearson_r, entropy_reduction_ratio, f_stat",0.010939334826249262,0.0,0.0029738088064299828,0.00798110552348019,0.44597373035172927
intent_com.amazon.device.messaging.intent.RECEIVE,0,0.09340196945473841,0.1649891365474509,466.7,331.10566289328244,"pearson_r, entropy_reduction_ratio, f_stat",0.02194281498369221,0.0,0.0059476176128599656,0.016093587400124097,0.4230258272770158
intent_android.intent.action.DOWNLOAD_NOTIFICATION_CLICKED,0,0.09302701771582926,0.1770388451825655,504.1,293.72851410784074,"pearson_r, entropy_reduction_ratio, f_stat",0.0077075614779039455,0.0,0.0027031012907413393,0.007669212711207674,0.44705521309929336
intent_android.intent.action.TIME_TICK,0,0.09269417663023179,0.17212156217281802,485.5,313.65203649904777,"pearson_r, entropy_reduction_ratio, f_stat",0.011760493851822304,0.0,0.004012234526283733,0.01087139475908722,0.43682676001396564
perm_com.samsung.android.providers.context.permission.WRITE_USE_APP_FEATURE_SURVEY,0,0.09253656213206081,0.16720939608115504,472.9,325.62622744490346,"pearson_r, entropy_reduction_ratio, f_stat",0.015992275106117962,0.0,0.005360867413810175,0.01458286300978522,0.42674680513059066
intent_android.intent.action.VIEW,0,0.0922461973234882,0.1737665696981913,480.0,259.1609538491476,"pearson_r, f_stat, entropy_reduction_ratio",0.009907462940570884,0.0009182096280046943,0.000800768431278419,0.009919581037582236,0.4396849645800048
