feature,method_count,aggregated_score,score_std,rank_mean,rank_std,top_methods,entropy_reduction_ratio,mutual_information,chi2_stat,f_stat,pearson_r
perm_android.permission.GET_TASKS,5,0.7698421891377032,0.2976957907904419,2.8,1.8330302779823362,"f_stat, pearson_r, entropy_reduction_ratio",0.8718695073472043,0.7790534999635258,0.19828793837778594,1.0,1.0
perm_android.permission.SYSTEM_ALERT_WINDOW,5,0.757212832174925,0.2898943944895081,3.8,1.6,"pearson_r, f_stat, entropy_reduction_ratio",0.8539850440353323,0.7528514597646322,0.20499792621305477,0.9782063002352954,0.9960234306263104
n_permissions,5,0.752843991062365,0.20486597039850266,10.4,6.8,"chi2_stat, entropy_reduction_ratio, pearson_r",0.8715880051773166,0.6036656447812249,1.0,0.43362090628815314,0.8553453990651299
suspicious_getSubscriberId,5,0.7317074742343851,0.272290633065709,4.2,2.1354156504062622,"pearson_r, f_stat, mutual_information",0.7892198372015292,0.8051919786930759,0.20375764033416707,0.8828212924528884,0.9775466224902649
perm_android.permission.WRITE_SETTINGS,5,0.6455762200127468,0.24921611094973883,7.8,1.6,"pearson_r, f_stat, mutual_information",0.6758608014603384,0.7050972953013848,0.18427038351336306,0.7211578730869359,0.9414947467017123
suspicious_getCellLocation,5,0.6003555169744162,0.24499054593875988,10.8,4.955804677345546,"pearson_r, f_stat, entropy_reduction_ratio",0.6580111881326237,0.5253267562532438,0.18795957824728873,0.6953917363308719,0.9350883259080531
intent_android.net.conn.CONNECTIVITY_CHANGE,5,0.548288952583436,0.24634817129993494,13.4,5.043808085167397,"pearson_r, f_stat, entropy_reduction_ratio",0.5978001915849864,0.4555719229959684,0.1563517722424823,0.6173682812776176,0.9143525948161254
perm_com.android.launcher.permission.INSTALL_SHORTCUT,5,0.5398988843533326,0.22898797136295182,13.6,3.773592452822642,"pearson_r, mutual_information, entropy_reduction_ratio",0.530784104605103,0.5876517041214218,0.16712322488693038,0.5266507821082231,0.8872846060449847
perm_android.permission.MOUNT_UNMOUNT_FILESYSTEMS,5,0.5294685863334915,0.2325804677415797,14.6,3.7202150475476548,"pearson_r, mutual_information, f_stat",0.5316776568044481,0.5359693103884913,0.15470442575105062,0.5350483758090162,0.8899431629144514
perm_android.permission.CHANGE_WIFI_STATE,5,0.48158144526036717,0.23709564907093633,20.6,3.2,"pearson_r, mutual_information, entropy_reduction_ratio",0.44381999018453455,0.5597439231786843,0.11836400633762684,0.4314426060331999,0.8545367005677902
perm_android.permission.SEND_SMS,5,0.47082088561083857,0.2238775853455535,18.4,4.029888335921977,"pearson_r, entropy_reduction_ratio, mutual_information",0.46099634377045695,0.4488337070861032,0.15373928824114447,0.43476588713511627,0.855769201821372
intent_android.intent.action.PACKAGE_ADDED,5,0.4645168889390354,0.2265410342884119,18.4,4.454211490264017,"pearson_r, entropy_reduction_ratio, f_stat",0.46415060244764345,0.4035201754129465,0.15312133160942554,0.442999794756801,0.8587925404683608
perm_android.permission.READ_LOGS,5,0.4622047221584202,0.22620161096114802,20.4,3.0724582991474434,"pearson_r, mutual_information, entropy_reduction_ratio",0.43013743349035993,0.48297287913049985,0.13998354067918783,0.4110981451490447,0.8468316123430087
perm_android.permission.READ_PHONE_STATE,4,0.7699133262386578,0.3379652385291843,7.6,9.769339793455849,"mutual_information, pearson_r, entropy_reduction_ratio",0.9162593733581013,1.0,0.10092214229157345,0.8596194282595624,0.972765687284052
perm_android.permission.ACCESS_WIFI_STATE,4,0.6844808588897638,0.30713657542657663,11.4,13.305637902783918,"pearson_r, entropy_reduction_ratio, f_stat",0.8578729679514684,0.7559360157246067,0.0867214527342163,0.7690023874091025,0.9528714706294253
suspicious_Ljava/lang/Runtime;->exec,4,0.5806441789493505,0.2689508630951005,14.2,7.782030583337489,"pearson_r, mutual_information, entropy_reduction_ratio",0.5850965056356563,0.7486936320240845,0.09997192697427595,0.5690760750428646,0.900382755069871
n_providers,4,0.4713903852896927,0.2315370513996295,207.0,395.02303730288946,"mutual_information, entropy_reduction_ratio, f_stat",0.6548092696388518,0.7318176044993954,0.4288221017318632,0.47600522560270214,0.06549772497565078
perm_com.android.launcher.permission.READ_SETTINGS,4,0.4354489391331914,0.2437757540157101,27.2,25.182533629482162,"pearson_r, entropy_reduction_ratio, f_stat",0.4747914849946223,0.23868472349934086,0.15842374815030513,0.4456046210423756,0.8597401179793132
intent_com.google.android.c2dm.intent.RECEIVE,4,0.43194026062750457,0.30473538013334234,209.8,395.12802988398585,"f_stat, entropy_reduction_ratio, mutual_information",0.6684600171961516,0.6680871469334844,0.12416655777086841,0.6989875812370182,0.0
perm_com.google.android.c2dm.permission.RECEIVE,4,0.42861060686722574,0.3023310245559518,211.0,394.04619018587147,"mutual_information, f_stat, entropy_reduction_ratio",0.6431136488001161,0.7080629415260751,0.1153687277979953,0.668757958537631,0.007749757674311409
intent_com.google.firebase.INSTANCE_ID_EVENT,4,0.38240944985896846,0.23135133912978392,211.0,393.5022236277706,"entropy_reduction_ratio, mutual_information, f_stat",0.6022758251854131,0.5875665939623315,0.15568971992326924,0.5136078333881803,0.05290727683564853
intent_com.google.firebase.MESSAGING_EVENT,4,0.35732120422521707,0.2058650485326503,213.4,391.30223612956775,"mutual_information, entropy_reduction_ratio, f_stat",0.5595050683779602,0.5673837399419593,0.14581241317472698,0.4330400835310293,0.08086471610040968
n_api_calls,3,0.6398156045976775,0.251976516203124,14.8,12.796874618437112,"entropy_reduction_ratio, pearson_r, mutual_information",1.0,0.6137849769498137,0.5988955913252076,0.22638140553122804,0.7600160491821378
intent_android.intent.action.PACKAGE_REMOVED,3,0.41626834449626726,0.2256663867165031,22.8,4.069397989875161,"pearson_r, entropy_reduction_ratio, mutual_information",0.3862425613393296,0.37981419026879837,0.13079003815636078,0.35883691454003325,0.8256580181768143
perm_android.permission.READ_SMS,3,0.3758383648843675,0.24026007811288885,38.0,29.264312737530673,"pearson_r, entropy_reduction_ratio, f_stat",0.3771105271166669,0.20543087101379845,0.12896078406061476,0.34709359965167846,0.820596042579079
suspicious_system/bin/su,2,0.40670048923441693,0.22656985460779916,25.4,3.7735924528226414,"pearson_r, mutual_information, entropy_reduction_ratio",0.36747702193817416,0.38150346831745435,0.12276749997142766,0.3429664150525553,0.8187880408924731
perm_android.permission.BROADCAST_STICKY,2,0.3925629030937202,0.24916119367745437,28.2,8.084553172563094,"pearson_r, mutual_information, entropy_reduction_ratio",0.2665656780972444,0.5960828476528222,0.09397978912364437,0.23896708047181198,0.7672191201230779
perm_com.android.launcher.permission.WRITE_SETTINGS,2,0.3913138345840153,0.22741341112931548,28.6,9.00222194794152,"pearson_r, entropy_reduction_ratio, f_stat",0.37966066837185874,0.2998533791643826,0.1307295495079808,0.3322880971559707,0.8140374787198835
intent_android.intent.action.USER_PRESENT,2,0.38467643791051176,0.23320380641756402,31.6,13.245376551838758,"pearson_r, entropy_reduction_ratio, f_stat",0.36747702193817416,0.27138321169792834,0.12276749997142766,0.3429664150525553,0.8187880408924731
suspicious_setWifiEnabled,1,0.36654079520810673,0.22838094694395633,29.6,3.4985711369071804,"pearson_r, mutual_information, entropy_reduction_ratio",0.29947173688197243,0.3720706967776216,0.09929763559804448,0.275204917176191,0.7866589896067043
perm_android.permission.CHANGE_NETWORK_STATE,1,0.3620134408742941,0.23520876932198267,35.8,16.01749044014074,"pearson_r, entropy_reduction_ratio, f_stat",0.33425331646468776,0.25304763677677933,0.10608733896243748,0.3119802907132996,0.8046986214542665
intent_com.yandex.metrica.IMetricaService,1,0.32201498624363795,0.23340791893092783,41.0,9.23038460737146,"pearson_r, mutual_information, entropy_reduction_ratio",0.20752653984871766,0.44136102562025686,0.07439094881856644,0.1656755370456209,0.7211208798850277
n_activities,1,0.3165238987047993,0.3158684978470365,120.8,110.18420939499451,"entropy_reduction_ratio, pearson_r, chi2_stat",0.8096188857897634,0.07811593826260532,0.09490232942185826,0.02684218543630155,0.573140154613468
n_urls,1,0.3033412156388711,0.2686322093226174,261.8,351.007350350388,"entropy_reduction_ratio, pearson_r, mutual_information",0.7430158523690626,0.31573444017298347,0.040446731712187094,0.0083272980266919,0.4091817559134305
perm_com.google.android.finsky.permission.BIND_GET_INSTALL_REFERRER_SERVICE,1,0.3029550366393663,0.19037014334619806,219.6,387.27953728540837,"mutual_information, entropy_reduction_ratio, f_stat",0.36008240561703464,0.6405970773843446,0.09980635570263503,0.2535646841322286,0.16072466036058883
suspicious_Ldalvik/system/PathClassLoader;,1,0.2717567441715754,0.1445985657550303,221.2,386.9120830369607,"entropy_reduction_ratio, f_stat, mutual_information",0.42317737045732107,0.35082070938347804,0.0967362956507525,0.3909840487939707,0.09706529657235477
intent_ACTION.TAPCORE.SYNC,0,0.32746195763764835,0.22406792607128131,36.0,3.9749213828703582,"pearson_r, mutual_information, entropy_reduction_ratio",0.2642067833499599,0.36032593000115853,0.08499018379387135,0.1900949275998419,0.7376919634434099
suspicious_sendTextMessage,0,0.3231840989772231,0.2281531086338405,37.6,5.388877434122992,"pearson_r, mutual_information, entropy_reduction_ratio",0.23379601338466835,0.3422988392171008,0.08351527858831832,0.2075628822188624,0.7487474814771655
perm_android.permission.RECEIVE_SMS,0,0.3193151469890503,0.22710995682948815,37.6,5.238320341483518,"pearson_r, mutual_information, entropy_reduction_ratio",0.24037403157245008,0.308658162426023,0.08719335877090718,0.2100667576033087,0.7502834245725624
perm_android.permission.WRITE_SMS,0,0.31840356124999214,0.2260118819121904,39.0,10.237187113655782,"pearson_r, mutual_information, entropy_reduction_ratio",0.26373051476027676,0.2711248085903775,0.09241562617301662,0.21280001543137186,0.7519468412949182
intent_ACTION.TAPCORE.MESSAGE,0,0.3140710758119216,0.22370414215583956,39.4,4.608687448721165,"pearson_r, mutual_information, entropy_reduction_ratio",0.2642067833499599,0.29337152087252494,0.08499018379387135,0.1900949275998419,0.7376919634434099
perm_com.android.launcher.permission.UNINSTALL_SHORTCUT,0,0.30936969399762065,0.22903022217929403,42.0,15.735310610216755,"pearson_r, entropy_reduction_ratio, mutual_information",0.24565976897940522,0.24550244737028862,0.0890648333965918,0.2139679472373871,0.7526534730044306
perm_android.permission.GET_PACKAGE_SIZE,0,0.30450625865231695,0.22619120793859052,42.6,3.6110940170535577,"pearson_r, mutual_information, entropy_reduction_ratio",0.22066826439446324,0.3047917437747044,0.0803323499754601,0.18343155955069185,0.7333073755662654
perm_android.permission.ACCESS_SUPERUSER,0,0.2990649315055518,0.22647110416083704,47.0,13.784048752090222,"pearson_r, entropy_reduction_ratio, mutual_information",0.24341508346636812,0.2421754472431584,0.08395454183233544,0.18887990563457663,0.7368996793513204
perm_com.google.android.gms.permission.ACTIVITY_RECOGNITION,0,0.2975246351869302,0.22556801433997856,44.0,3.9496835316262997,"pearson_r, mutual_information, entropy_reduction_ratio",0.21675422567156805,0.29372816496867293,0.07739017877120674,0.1733018571392715,0.7264487493839319
perm_android.permission.RESTART_PACKAGES,0,0.28343791054351275,0.22825496278275972,50.4,10.762899237658969,"pearson_r, mutual_information, entropy_reduction_ratio",0.1990067977325194,0.2468588198191234,0.0734741152301636,0.17217745452634892,0.7256723654094086
intent_com.inmobi.share.id,0,0.27961783202096036,0.2416226383622168,82.0,93.52860524994479,"pearson_r, entropy_reduction_ratio, f_stat",0.274120337200739,0.09520856101198538,0.08802554750079533,0.19797781172276047,0.7427569026685217
n_used_permissions,0,0.2653448547021512,0.2163881868597821,64.2,19.405153954555477,"pearson_r, entropy_reduction_ratio, mutual_information",0.385755939474133,0.2631651682465189,0.027909271951560875,0.045541164996383575,0.6043527288421596
suspicious_getWifiState,0,0.2635092166092532,0.22815463122754182,51.8,7.413501197140255,"pearson_r, mutual_information, entropy_reduction_ratio",0.15802596596906174,0.26369334666936345,0.05738023163386927,0.1380089047365803,0.7004376340373912
perm_android.permission.RECORD_VIDEO,0,0.2584435392442018,0.22365350940768228,53.8,8.45931439302264,"pearson_r, mutual_information, entropy_reduction_ratio",0.17653596452394135,0.24705579035274466,0.057671910431555555,0.1228827864456592,0.6880712444671082
perm_android.permission.ACCESS_COARSE_LOCATION,0,0.25754069786436345,0.24893570778889618,84.2,73.89830850567556,"pearson_r, entropy_reduction_ratio, f_stat",0.22325720385057346,0.10929820662865208,0.029193260506124353,0.18898589283838851,0.7369689254980788
intent_com.baidu.location.service_v2.2,0,0.2485858670638393,0.22502022234573213,61.8,23.890583919192935,"pearson_r, mutual_information, entropy_reduction_ratio",0.17653596452394135,0.1977674294509322,0.057671910431555555,0.1228827864456592,0.6880712444671082
perm_android.permission.ACCESS_DOWNLOAD_MANAGER,0,0.24630013542720217,0.22678333196041778,55.2,10.007996802557443,"pearson_r, mutual_information, entropy_reduction_ratio",0.11875420326004822,0.312076057316781,0.04458792133841123,0.09417534355408003,0.6619071516666902
suspicious_Ljava/lang/System;->load,0,0.23394209858366494,0.23753613601091159,80.4,40.489998765127176,"pearson_r, entropy_reduction_ratio, mutual_information",0.16263966911460043,0.1590710335518925,0.017268953988219447,0.13371734571946384,0.6970134905441483
suspicious_Ldalvik/system/DexClassLoader;,0,0.22914428161290917,0.24445059768703722,104.4,103.21550271155975,"pearson_r, entropy_reduction_ratio, f_stat",0.1717949486911276,0.0825131247419289,0.034760887305384326,0.14827351850239417,0.7083789288237109
perm_android.permission.RECEIVE_USER_PRESENT,0,0.22813364505789205,0.23348511251886755,84.2,64.68199131133797,"pearson_r, entropy_reduction_ratio, f_stat",0.14829892438386183,0.11866345188809627,0.05617547632933431,0.12645855888496937,0.6910718138031986
intent_com.igexin.sdk.action.refreshls,0,0.2270007877283123,0.22930455280511797,79.0,51.22889809472775,"pearson_r, entropy_reduction_ratio, mutual_information",0.1498082465009133,0.13602890589878436,0.053738557160366816,0.11455123072923346,0.6808769983522637
intent_com.igexin.sdk.action.7fjUl2Z3LH6xYy7NQK4ni4,0,0.22600357524574685,0.2222812700000987,65.2,11.956588142108098,"pearson_r, mutual_information, entropy_reduction_ratio",0.12899236037442222,0.21437345421271603,0.04249509189693568,0.0882235416949912,0.6559334280496693
suspicious_Landroid/telephony/SmsMessage;->getMessageBody,0,0.21682849038255805,0.225107647804247,67.4,11.288932633336067,"pearson_r, mutual_information, entropy_reduction_ratio",0.074281392565633,0.2902024662481733,0.029139241805617836,0.06290576887242207,0.6276135824209441
suspicious_Ljava/lang/System;->loadLibrary,0,0.21616492891430542,0.23359504697399233,90.2,42.16823448995701,"pearson_r, mutual_information, entropy_reduction_ratio",0.12920736091381385,0.15686824125266077,0.01484887912291545,0.1063792760795936,0.6735208872025433
intent_android.intent.action.CHINAMOBILE_OMS_GAME,0,0.20807443529326983,0.22355587704590504,83.8,40.82352263095384,"pearson_r, mutual_information, entropy_reduction_ratio",0.119579672407716,0.15091782738547838,0.03945972819001169,0.08150389071349096,0.6489110577696521
intent_cn.jpush.android.intent.PUSH_TIME,0,0.20641073497603105,0.22250419358081652,74.8,9.589577675789482,"pearson_r, mutual_information, entropy_reduction_ratio",0.06570918650136838,0.2697178838771133,0.026152998522051843,0.054122327367510874,0.6163512786121109
intent_com.igexin.sdk.action.pushmanager,0,0.2034381225339919,0.22797069879615728,98.4,77.45605205534297,"pearson_r, entropy_reduction_ratio, mutual_information",0.12899236037442222,0.10154619065394109,0.04249509189693568,0.0882235416949912,0.6559334280496693
perm_com.android.launcher2.permission.READ_SETTINGS,0,0.20165314007719642,0.22879496231534976,103.4,87.43820675196855,"pearson_r, entropy_reduction_ratio, mutual_information",0.12899236037442222,0.09262127836996366,0.04249509189693568,0.0882235416949912,0.6559334280496693
perm_android.permission.RECEIVE_MMS,0,0.1987120357905085,0.24432257261784973,197.8,288.1273329623554,"pearson_r, entropy_reduction_ratio, f_stat",0.15742156017313508,0.0,0.05160118301770761,0.10880245927048075,0.675734976491219
perm_android.permission.KILL_BACKGROUND_PROCESSES,0,0.19734378883835882,0.22768112862030956,93.6,56.560056577057985,"pearson_r, mutual_information, entropy_reduction_ratio",0.09600241421872231,0.12257725710914683,0.03694885325381223,0.08187901666772376,0.6493114029423889
intent_com.android.vending.INSTALL_REFERRER,0,0.19660075507065025,0.0946313093958388,235.0,379.07519043060574,"mutual_information, pearson_r, entropy_reduction_ratio",0.2023030133561007,0.3472898721189623,0.050583522499707954,0.17323602959427195,0.20959133778420827
perm_android.permission.RECEIVE_BOOT_COMPLETED,0,0.19326417871667104,0.22416314844862487,86.8,22.33741256278354,"pearson_r, mutual_information, entropy_reduction_ratio",0.07630250591598431,0.17788499881867853,0.018493381433491822,0.06430857104243931,0.6293314363727612
perm_android.permission.WRITE_EXTERNAL_STORAGE,0,0.19221093387456087,0.24511349508436878,171.6,155.70690415007292,"pearson_r, entropy_reduction_ratio, f_stat",0.1464769731856717,0.03299167453681735,0.004842540009449301,0.10473842095557742,0.6720050606852885
perm_android.permission.ACCESS_LOCATION_EXTRA_COMMANDS,0,0.19208065762508789,0.23068170508139815,108.6,89.92352306265585,"pearson_r, entropy_reduction_ratio, mutual_information",0.09804677658940893,0.08963046823396156,0.03726557361988596,0.08395340789821325,0.6515070617839697
intent_com.dzbook.service.PerpareDataService,0,0.189410454446143,0.22734728631506218,114.4,95.39517807520463,"pearson_r, entropy_reduction_ratio, mutual_information",0.11019846071809618,0.08394154794923425,0.036424364483087716,0.07485246154819283,0.641635437532104
perm_com.android.launcher3.permission.READ_SETTINGS,0,0.1891970733099258,0.23023406413331882,119.6,108.82021870957621,"pearson_r, entropy_reduction_ratio, f_stat",0.10509710442894961,0.07411050689108421,0.03869508938560337,0.0803786622221634,0.6477040036218285
perm_android.permission.DOWNLOAD_WITHOUT_NOTIFICATION,0,0.18732009644218647,0.22178752623591147,152.4,60.938001279989486,"pearson_r, mutual_information, entropy_reduction_ratio",0.018495266040826016,0.3469180560678838,0.0076064485313808855,0.01549264001759189,0.5480880715532498
intent_cn.egame.terminal.sdk.SERVICE_CMD,0,0.18608211940773642,0.21608517427022045,105.2,21.497906874856447,"pearson_r, mutual_information, entropy_reduction_ratio",0.045392815604505234,0.26043769540821426,0.015176818534619885,0.03011833073919626,0.5792849367521464
intent_com.igexin.sdk.action.64kVIzqls49c7TJxrBbWG4,0,0.18565552891614456,0.22920567671202804,126.6,119.77579054216257,"pearson_r, entropy_reduction_ratio, f_stat",0.11019846071809618,0.06516692029924218,0.036424364483087716,0.07485246154819283,0.641635437532104
intent_android.intent.action.BOOT_COMPLETED,0,0.18450275018156198,0.2336896314951882,124.8,111.4744813847546,"pearson_r, entropy_reduction_ratio, f_stat",0.0963996707326699,0.0710061412072424,0.02385440688839181,0.08190958464188594,0.6493439474376198
intent_android.intent.action.SEARCH,0,0.18442540986642045,0.08613479871294749,237.2,377.42146202885704,"mutual_information, pearson_r, entropy_reduction_ratio",0.18252379755756556,0.3093497946350407,0.05732938903538948,0.1348645267470507,0.23805954135705573
perm_android.permission.ACCESS_MTK_MMHW,0,0.18425434885137495,0.2163549758796175,91.6,11.438531374263045,"pearson_r, mutual_information, entropy_reduction_ratio",0.06375679555891589,0.19374284143971165,0.02124754594846784,0.042583144773226354,0.599941416536553
intent_co.ronash.pushe.ACTION_TASK_READY,0,0.1814347409514287,0.21468134069227862,108.2,15.84171707865028,"pearson_r, mutual_information, entropy_reduction_ratio",0.045392815604505234,0.23720080312667574,0.015176818534619885,0.03011833073919626,0.5792849367521464
n_services,0,0.17832142269493453,0.18480871476109875,229.0,113.13885274299011,"pearson_r, entropy_reduction_ratio, mutual_information",0.2504886720340754,0.13593709560946746,0.00443268731528418,0.00223502642754016,0.4985136320883055
intent_android.intent.action.CREATE_SHORTCUT,0,0.17565994599006476,0.22370191314158333,107.4,67.02417474314771,"pearson_r, mutual_information, entropy_reduction_ratio",0.06885618808381963,0.10458225789096298,0.02739975300500829,0.057138524734589954,0.6203230062359429
intent_cn.jpush.android.intent.MESSAGE_RECEIVED,0,0.17557528852423676,0.2179086238482794,99.6,24.253659517689286,"pearson_r, mutual_information, entropy_reduction_ratio",0.05184648710713502,0.16207205925816068,0.02087881964707958,0.042803492621670394,0.6002755839871382
intent_co.ronash.pushe.CHECK_TASKS,0,0.1750278775352029,0.21339563854384602,111.8,9.620810776644555,"pearson_r, mutual_information, entropy_reduction_ratio",0.045392815604505234,0.2051664860455467,0.015176818534619885,0.03011833073919626,0.5792849367521464
perm_android.permission.UPDATE_APP_OPS_STATS,0,0.17477392961306126,0.21559989979349742,104.6,10.423051376636307,"pearson_r, mutual_information, entropy_reduction_ratio",0.04599929757386058,0.18482125086970122,0.017883155919333166,0.03587432515024055,0.5892916185521707
intent_com.evernote.android.job.ADD_JOB_CREATOR,0,0.17451755727044033,0.21332599366058777,113.0,7.92464510246358,"pearson_r, mutual_information, entropy_reduction_ratio",0.045392815604505234,0.20261488472173383,0.015176818534619885,0.03011833073919626,0.5792849367521464
perm_com.android.email.permission.READ_ATTACHMENT,0,0.17283228976332676,0.21290576967111566,238.4,106.2009416154113,"pearson_r, mutual_information, entropy_reduction_ratio",0.009020270365448923,0.32863117864987124,0.003035363706923977,0.005907825892513814,0.5175668102018758
intent_safiap.framework.ACTION_TO_INSTALL_IAP,0,0.17243628179196988,0.21309235050671435,115.2,6.177378084592201,"pearson_r, mutual_information, entropy_reduction_ratio",0.045392815604505234,0.19220850732938166,0.015176818534619885,0.03011833073919626,0.5792849367521464
intent_android.intent.action.DOWNLOAD_WAKEUP,0,0.1721999872762022,0.21244632718670997,244.5,105.83099734954783,"pearson_r, mutual_information, entropy_reduction_ratio",0.009020270365448923,0.32546966621424855,0.003035363706923977,0.005907825892513814,0.5175668102018757
perm_android.permission.INSTALL_PACKAGES,0,0.17147119518850867,0.2173028438391277,108.2,43.70766523162728,"pearson_r, mutual_information, entropy_reduction_ratio",0.06375679555891589,0.12982707312538033,0.02124754594846784,0.042583144773226354,0.599941416536553
perm_android.permission.CHANGE_CONFIGURATION,0,0.17111957602645195,0.22358511447183357,119.8,73.96593810667177,"pearson_r, mutual_information, entropy_reduction_ratio",0.06375417747386673,0.0968323332202748,0.02525072034714746,0.053817426559467633,0.6159432225315031
intent_com.qihoo360.daemon.pcdaemon.ACTION_START_OPERATE_AUTHOR,0,0.16955014866034923,0.20952226605713603,553.2,265.11159914270064,"pearson_r, mutual_information, entropy_reduction_ratio",0.0,0.3797533644549875,0.0,0.0,0.4679973788467587
intent_cn.jpush.android.intent.REPORT,0,0.1690190317737971,0.22442448571830903,124.6,92.40151513909281,"pearson_r, mutual_information, entropy_reduction_ratio",0.06570918650136838,0.08275936786594339,0.026152998522051843,0.054122327367510874,0.6163512786121109
perm_com.android.launcher3.permission.UNINSTALL_SHORTCUT,0,0.16786019786222567,0.21005676467670287,149.0,35.3779592401823,"pearson_r, mutual_information, entropy_reduction_ratio",0.02714785047880596,0.2311247674234611,0.009106091120771929,0.01789555122846406,0.5540267290596252
intent_cn.jpush.android.intent.NOTIFICATION_RECEIVED,0,0.16657798725891984,0.2167367739165194,116.8,32.13969508256106,"pearson_r, mutual_information, entropy_reduction_ratio",0.04519933956477331,0.14025982365812528,0.01831201390420013,0.0373690657344825,0.591749693433018
intent_cn.jpush.android.intent.NOTIFICATION_OPENED,0,0.16541458681172416,0.2168904799587747,119.4,36.913954001163304,"pearson_r, mutual_information, entropy_reduction_ratio",0.04519933956477331,0.13444282142214692,0.01831201390420013,0.0373690657344825,0.591749693433018
intent_cn.egame.terminal.sdk.RECEIVER_CMD,0,0.1648656267396335,0.21292776173585443,124.4,18.83188785013335,"pearson_r, mutual_information, entropy_reduction_ratio",0.045392815604505234,0.15435523206769983,0.015176818534619885,0.03011833073919626,0.5792849367521464
perm_android.permission.MODIFY_AUDIO_SETTINGS,0,0.1645028479128833,0.21025799566344602,159.2,38.968705392917535,"pearson_r, mutual_information, entropy_reduction_ratio",0.020674484433264455,0.22398510705839111,0.00792433245995683,0.01731032532941956,0.5526199902833845
perm_android.permission.ACCESS_CACHE_FILESYSTEM,0,0.16287021082921277,0.20645018083823077,247.7,99.56485323647095,"pearson_r, mutual_information, entropy_reduction_ratio",0.009020270365448923,0.2788207839793014,0.003035363706923977,0.005907825892513814,0.5175668102018757
intent_android.intent.action.RESPOND_VIA_MESSAGE,0,0.16273597402756393,0.20875945831411805,151.8,30.035978425881186,"pearson_r, mutual_information, entropy_reduction_ratio",0.02714785047880596,0.20550364825015235,0.009106091120771929,0.01789555122846406,0.5540267290596252
perm_android.permission.BIND_APPWIDGET,0,0.16243908127245063,0.20620970205230407,248.1,98.7827920237123,"pearson_r, mutual_information, entropy_reduction_ratio",0.009020270365448923,0.2766651361954907,0.003035363706923977,0.005907825892513814,0.5175668102018757
perm_android.permission.VIBRATE,0,0.1621729078848042,0.23867764772611366,172.6,176.7513507727734,"pearson_r, entropy_reduction_ratio, f_stat",0.08378229316079176,0.00766035324742115,0.013936413236169181,0.06971615146002107,0.6357693283196179
intent_cn.jpush.android.intent.NOTIFICATION_RECEIVED_PROXY,0,0.16203793490591079,0.22752069528486155,144.0,131.14190787082518,"pearson_r, entropy_reduction_ratio, f_stat",0.06570918650136838,0.04785388352651192,0.026152998522051843,0.054122327367510874,0.6163512786121109
perm_android.permission.ACCESS_COARSE_UPDATES,0,0.16196320954932325,0.23411811060369003,211.8,281.13726184908325,"pearson_r, entropy_reduction_ratio, f_stat",0.09152957288119391,0.0,0.03035363706923977,0.06175014177494343,0.6261826960212392
intent_cn.jpush.android.ui.PushActivity,0,0.1615430130925159,0.22777109326877118,146.2,135.5373011388378,"pearson_r, entropy_reduction_ratio, f_stat",0.06570918650136838,0.04537927445953738,0.026152998522051843,0.054122327367510874,0.6163512786121109
perm_android.permission.DISABLE_KEYGUARD,0,0.16140750219525243,0.21931228887300364,123.4,60.20830507496453,"pearson_r, mutual_information, entropy_reduction_ratio",0.04757152526057889,0.10445236402021922,0.01843090650483374,0.04024505950921116,0.5963376556814193
perm_android.webkit.permission.PLUGIN,0,0.16070921948365186,0.22040905717471546,134.8,96.73861690142152,"pearson_r, mutual_information, entropy_reduction_ratio",0.06375679555891589,0.07601719460109631,0.02124754594846784,0.042583144773226354,0.599941416536553
intent_android.intent.action.MEDIA_CHECKING,0,0.16019151829388248,0.2075157557748648,177.7,51.811774723512414,"pearson_r, mutual_information, entropy_reduction_ratio",0.01593628680503749,0.22457063915207445,0.006538249630512961,0.012870626176166031,0.5410417897056214
perm_android.permission.SUBSCRIBED_FEEDS_READ,0,0.1597364141003621,0.20039725644540218,554.6,262.3384074053969,"pearson_r, mutual_information, entropy_reduction_ratio",0.0,0.3306846916550518,0.0,0.0,0.4679973788467587
perm_android.permission.WRITE_MEDIA_STORAGE,0,0.158016729664622,0.2068856828229851,178.9,49.62801628112895,"pearson_r, mutual_information, entropy_reduction_ratio",0.01593628680503749,0.213696696005772,0.006538249630512961,0.012870626176166031,0.5410417897056214
intent_com.baidu.android.pushservice.action.media.CLICK,0,0.15686057807027637,0.21065232605514408,143.7,16.262226169869855,"pearson_r, mutual_information, entropy_reduction_ratio",0.036255558887035036,0.14449314341984645,0.012141454827695908,0.023977128534412553,0.5674356046823918
intent_com.qihoo360.daemon.pcdaemon.ACTION_START_RECEIVER,0,0.15650924955101217,0.19773052954150697,555.4,260.75398367043215,"pearson_r, mutual_information, entropy_reduction_ratio",0.0,0.31454886890830214,0.0,0.0,0.4679973788467587
intent_cn.jpush.android.intent.ACTION_RICHPUSH_CALLBACK,0,0.15550673451634475,0.2098981758713847,153.0,13.490737563232042,"pearson_r, mutual_information, entropy_reduction_ratio",0.02545097096152956,0.16017750037929512,0.01043940982353979,0.020794805169438744,0.5606709862479206
intent_com.qihoo.appstore.APPWATCHER_CHANGE_TIME,0,0.1546022784144719,0.19623749510055116,556.2,259.1697513214071,"pearson_r, mutual_information, entropy_reduction_ratio",0.0,0.30501401322560084,0.0,0.0,0.4679973788467587
intent_com.baidu.android.pushservice.action.notification.CLICK,0,0.15288779184245374,0.21103507040820513,150.1,28.11654317301471,"pearson_r, mutual_information, entropy_reduction_ratio",0.036255558887035036,0.12462921228073333,0.012141454827695908,0.023977128534412553,0.5674356046823918
intent_android.Intent.ACTION_NEW_OUTGOING_CALL,0,0.15280961715293487,0.2017262405901267,253.5,88.25644452389865,"pearson_r, mutual_information, entropy_reduction_ratio",0.009020270365448923,0.22851781559791196,0.003035363706923977,0.005907825892513814,0.5175668102018757
intent_cn.jpush.android.intent.REGISTER,0,0.1524671582006084,0.23306163555591008,217.6,278.26685034333497,"pearson_r, entropy_reduction_ratio, f_stat",0.06570918650136838,0.0,0.026152998522051843,0.054122327367510874,0.6163512786121109
intent_cn.jpush.android.intent.PushService,0,0.1524671582006084,0.23306163555591008,217.6,278.26685034333497,"pearson_r, entropy_reduction_ratio, f_stat",0.06570918650136838,0.0,0.026152998522051843,0.054122327367510874,0.6163512786121109
intent_com.taobao.accs.intent.action.COMMAND,0,0.1518954563786506,0.1970943669067223,304.7,128.72979453102533,"pearson_r, mutual_information, entropy_reduction_ratio",0.0008548782280000557,0.2723608447414817,0.00036152948533951215,0.0007090343903089738,0.48519099504812274
intent_android.intent.action.INSTALL,0,0.15163380309349733,0.19403972485220689,557.4,256.79376939482,"pearson_r, mutual_information, entropy_reduction_ratio",0.0,0.2901716366207281,0.0,0.0,0.4679973788467587
perm_android.permission.FOREGROUND_SERVICE,0,0.1511338226561953,0.09377580601361801,255.2,367.479740938191,"pearson_r, mutual_information, entropy_reduction_ratio",0.13263084440251854,0.2179183083420748,0.036011828012061306,0.07574211329115939,0.2933660192331625
intent_com.umeng.messge.registercallback.action,0,0.1507372830095585,0.20436865518795339,203.6,47.22541688540187,"pearson_r, mutual_information, entropy_reduction_ratio",0.013153532168608444,0.1889849906431954,0.0055066088937999755,0.010873572102540016,0.5351677112396486
perm_com.s.launcher.permission.WRITE_SETTINGS,0,0.1507096618346205,0.19338762606027757,557.6,256.3978159033341,"pearson_r, mutual_information, entropy_reduction_ratio",0.0,0.2855509303263438,0.0,0.0,0.4679973788467587
intent_safiap.framework.ACTION_NETWORK_ERROR_FRAMEWORK,0,0.15062655385270235,0.21551926377047204,154.0,77.24506456725892,"pearson_r, mutual_information, entropy_reduction_ratio",0.045392815604505234,0.08315986763304398,0.015176818534619885,0.03011833073919626,0.5792849367521464
suspicious_getSimCountryIso,0,0.15023606856964963,0.21710037438873078,155.6,68.10462539358102,"pearson_r, mutual_information, entropy_reduction_ratio",0.03734718606466491,0.08971006366441478,0.011514186360023906,0.031261617027227726,0.5813472897319168
perm_android.permission.DELETE_PACKAGES,0,0.14980121650966388,0.21153806560656124,155.5,38.5914498302409,"pearson_r, mutual_information, entropy_reduction_ratio",0.036255558887035036,0.10919633561678403,0.012141454827695908,0.023977128534412553,0.5674356046823918
intent_android.intent.action.SENT_SMS_ACTION,0,0.1496132042780911,0.19263407625439302,558.0,255.60594672268485,"pearson_r, mutual_information, entropy_reduction_ratio",0.0,0.28006864254369684,0.0,0.0,0.4679973788467587
intent_wifi.intent.action.SDK_RESULT,0,0.1491999617628917,0.19235579259546134,558.4,254.8141283367153,"pearson_r, mutual_information, entropy_reduction_ratio",0.0,0.2780024299676998,0.0,0.0,0.4679973788467587
perm_android.permission.ACCESS_DOWNLOAD_MANAGER_ADVANCED,0,0.14916383938465244,0.20048594063233877,255.3,84.76296361029385,"pearson_r, mutual_information, entropy_reduction_ratio",0.009020270365448923,0.2102889267564998,0.003035363706923977,0.005907825892513814,0.5175668102018757
intent_safiap.framework.ACTION_NETWORK_ERROR_IAP,0,0.14898469753049462,0.21605757805620635,159.4,88.01499872180878,"pearson_r, mutual_information, entropy_reduction_ratio",0.045392815604505234,0.0749505860220052,0.015176818534619885,0.03011833073919626,0.5792849367521464
intent_com.xiaomi.push.PING_TIMER,0,0.14871830499888256,0.2101860152476433,163.6,22.922478051031042,"pearson_r, mutual_information, entropy_reduction_ratio",0.02545097096152956,0.12623535279198406,0.01043940982353979,0.020794805169438744,0.5606709862479206
perm_android.permission.ACCESS_ALL_DOWNLOADS,0,0.1485578479768995,0.2003047646415027,249.8,84.75706460230911,"pearson_r, mutual_information, entropy_reduction_ratio",0.009020270365448923,0.20725896971773503,0.003035363706923977,0.005907825892513814,0.5175668102018758
intent_com.baidu.android.pushservice.action.notification.SHOW,0,0.1479110548027847,0.2119342908253184,161.1,49.601814482940036,"pearson_r, mutual_information, entropy_reduction_ratio",0.036255558887035036,0.09974552708238826,0.012141454827695908,0.023977128534412553,0.5674356046823918
perm_android.hardware.camera.autofocus,0,0.14785945105054352,0.2269908873336009,165.4,159.02025028278632,"pearson_r, entropy_reduction_ratio, f_stat",0.053971517535415126,0.019540207822636105,0.021355405360657706,0.04334187377543073,0.601088250758578
intent_show_moresetting,0,0.14755241749756326,0.19127779018420055,559.4,252.83480773026486,"pearson_r, mutual_information, entropy_reduction_ratio",0.0,0.2697647086410577,0.0,0.0,0.4679973788467587
perm_android.permission.MODIFY_PHONE_STATE,0,0.14715816454696323,0.22629348599259463,169.0,156.6128985747981,"pearson_r, entropy_reduction_ratio, f_stat",0.054086243077389885,0.019914905842660542,0.020818951058897684,0.04196763449656713,0.5990030882593009
perm_android.permission.RECORD_AUDIO,0,0.1467907478267656,0.2268833717204844,170.0,149.2769238696993,"pearson_r, entropy_reduction_ratio, f_stat",0.05051197442629175,0.025103506827504975,0.01589195719819751,0.04255209380200569,0.5998942068798281
intent_android.intent.action.PACKAGE_FULLY_REMOVED,0,0.14597951642181,0.20700825298038084,179.6,11.92644121270046,"pearson_r, mutual_information, entropy_reduction_ratio",0.0190698813264617,0.13871240693897094,0.007901888953413125,0.01567043906008977,0.5485429658301145
intent_safiap.framework.ACTION_SET_TIMER,0,0.1457528429597001,0.21725835204826444,168.4,105.97848838325633,"pearson_r, mutual_information, entropy_reduction_ratio",0.045392815604505234,0.058791313168032565,0.015176818534619885,0.03011833073919626,0.5792849367521464
intent_org.agoo.android.intent.action.PING_V4,0,0.145624447557369,0.20805789677180656,174.4,19.4381069037085,"pearson_r, mutual_information, entropy_reduction_ratio",0.02714785047880596,0.11994601589917785,0.009106091120771929,0.01789555122846406,0.5540267290596252
intent_com.mobutils.android.mediation.MaterialNotificationReceiver.ACTION_AD_EXPIRES,0,0.14559905684983207,0.1900657942099365,560.6,250.46005669567353,"pearson_r, mutual_information, entropy_reduction_ratio",0.0,0.25999790540240175,0.0,0.0,0.4679973788467587
intent_com.punchbox.service,0,0.1455057805634326,0.22821032132511795,224.0,275.0487229564973,"pearson_r, entropy_reduction_ratio, f_stat",0.06375679555891589,0.0,0.02124754594846784,0.042583144773226354,0.599941416536553
intent_com.xiaomi.mipush.RECEIVE_MESSAGE,0,0.14543837934493134,0.20928030778191511,171.8,23.33152373935316,"pearson_r, mutual_information, entropy_reduction_ratio",0.022768680248745257,0.11990476796537942,0.009428458659265134,0.018840569179135257,0.5562494206721316
perm_android.permission.SET_TIME_ZONE,0,0.145354791544011,0.18006860116992957,410.3,281.1982574625953,"pearson_r, mutual_information, entropy_reduction_ratio",0.00559596805410294,0.2841729812573669,0.0015657316526983178,0.00304331080678953,0.43239596594909735
intent_android.intent.action.NOTIFICATION_ADD,0,0.1450602646973653,0.20384074013088946,197.4,21.710366187607246,"pearson_r, mutual_information, entropy_reduction_ratio",0.018069487775157402,0.15111888672015478,0.006070727413847954,0.011872732631645554,0.5381694889460208
perm_android.permission.READ_CALL_LOG,0,0.14480173859734613,0.21360079825231232,167.8,62.0270908555286,"pearson_r, mutual_information, entropy_reduction_ratio",0.029398319898755642,0.08930521617896092,0.012066152692337222,0.024578430189259048,0.5686605740274178
perm_com.sonyericsson.home.WRITE_SETTINGS,0,0.14448244173591082,0.18940568755791495,560.8,250.06431172800328,"pearson_r, mutual_information, entropy_reduction_ratio",0.0,0.25441482983279545,0.0,0.0,0.4679973788467587
intent_com.kingroot.common.ACTION_NEW_APP_STARTED,0,0.1433345685306024,0.18875223984229803,561.2,249.27286254223503,"pearson_r, mutual_information, entropy_reduction_ratio",0.0,0.2486754638062532,0.0,0.0,0.4679973788467587
intent_com.facebook.sdk.ACTION_CURRENT_ACCESS_TOKEN_CHANGED,0,0.14267254831355505,0.07178664652143535,267.2,364.54047786219843,"pearson_r, entropy_reduction_ratio, mutual_information",0.15269714190729514,0.14501778632568443,0.04699955090691604,0.10358507831223578,0.2650631841156439
intent_com.umeng.message.unregistercallback.action,0,0.14254406191054214,0.20086886450199545,228.8,49.91753199027372,"pearson_r, mutual_information, entropy_reduction_ratio",0.009458121991406006,0.16684658604540384,0.003950944476706563,0.007743066891009092,0.5247215901481852
intent_com.qihoo360.mobilesafe.pcdaemon.sms.restore.end,0,0.14248097549058916,0.1882829945048785,562.2,247.29448032659366,"pearson_r, mutual_information, entropy_reduction_ratio",0.0,0.24440749860618707,0.0,0.0,0.4679973788467587
perm_com.fede.launcher.permission.READ_SETTINGS,0,0.14196304727250467,0.2038428037013252,201.6,16.16601373251922,"pearson_r, mutual_information, entropy_reduction_ratio",0.018069487775157402,0.13563279959585156,0.006070727413847954,0.011872732631645554,0.5381694889460208
intent_safiap.framework.ACTION_CHECK_UPDATE,0,0.14188722468174197,0.21893671165771827,178.8,126.74920118091477,"pearson_r, entropy_reduction_ratio, mutual_information",0.045392815604505234,0.03946322177824207,0.015176818534619885,0.03011833073919626,0.5792849367521464
intent_com.android.utils.hades.ACTION_START_SYS_WRAPPER,0,0.14186226429169907,0.18795183178485797,562.6,246.5032251310315,"pearson_r, mutual_information, entropy_reduction_ratio",0.0,0.24131394261173672,0.0,0.0,0.4679973788467587
intent_com.excelliance.kxqp.platform.gameplugin.action.UNBIND_REMOTE,0,0.14142757418952845,0.20386224491304467,202.6,15.236141243766415,"pearson_r, mutual_information, entropy_reduction_ratio",0.018069487775157402,0.13295543418097056,0.006070727413847954,0.011872732631645554,0.5381694889460208
intent_cn.jpush.android.intent.CONNECTION,0,0.14131795420476795,0.22091193357406533,176.8,132.2972410899033,"pearson_r, entropy_reduction_ratio, mutual_information",0.03877079733987876,0.03706655303005175,0.01580377790682625,0.03210506673897091,0.5828435760081122
intent_android.intent.action.SIM_STATE_CHANGED,0,0.14108149113427257,0.21931925006278824,181.4,131.94332116480925,"pearson_r, entropy_reduction_ratio, mutual_information",0.045392815604505234,0.03543455404089506,0.015176818534619885,0.03011833073919626,0.5792849367521464
intent_io.intercom.android.sdk.INTERCOM_PUSH_OPENED,0,0.14085092590341822,0.135226152448603,274.6,354.7439076291515,"pearson_r, mutual_information, entropy_reduction_ratio",0.056640642651793895,0.2461622163774904,0.015657316526983177,0.03140783555896679,0.35438661840185687
perm_com.sonymobile.home.permission.PROVIDER_ACCESS_MODIFY_CONFIGURATION,0,0.140566562073779,0.18728290612835796,563.6,244.5253361105961,"pearson_r, mutual_information, entropy_reduction_ratio",0.0,0.2348354315221362,0.0,0.0,0.4679973788467587
intent_android.content.SyncAdapter,0,0.14016070639406988,0.1306292685363427,274.0,355.64532894444153,"pearson_r, mutual_information, entropy_reduction_ratio",0.06238948414219315,0.23779935825327914,0.017223048179681497,0.03467200749642781,0.3487196338987678
intent_android.intent.action.PACKAGE_REPLACED,0,0.1392943797543273,0.22779915064872142,231.6,271.31575700648125,"pearson_r, entropy_reduction_ratio, f_stat",0.04580799112789139,0.0,0.018285795274764063,0.03861644813803121,0.5937616642309499
intent_android.intent.action.DOWNLOAD_NOTIFICATION_CLICKED,0,0.1391765307605896,0.22163772082715633,181.6,140.78863590503317,"pearson_r, entropy_reduction_ratio, f_stat",0.03922428452660261,0.02694613978047029,0.015786002202046203,0.03173558327502687,0.582190644018802
suspicious_getCellSignalStrength,0,0.1389638153571739,0.22613986813767814,189.8,167.64533992926854,"pearson_r, entropy_reduction_ratio, f_stat",0.04333731750852783,0.007399135529886445,0.016978017252541784,0.03660493226253157,0.5904996742323819
perm_android.permission.BROADCAST_PACKAGE_CHANGED,0,0.13896082759293343,0.1914384049949187,308.8,109.52150473765415,"pearson_r, mutual_information, entropy_reduction_ratio",0.0011445365507767077,0.20433706665303916,0.00048203931378601613,0.000949327044176448,0.48789116840288876
intent_safiap.framework.sdk.ISAFFramework,0,0.13893444806679667,0.22039289841465182,186.6,142.33284933563297,"pearson_r, entropy_reduction_ratio, f_stat",0.045392815604505234,0.0246993387035155,0.015176818534619885,0.03011833073919626,0.5792849367521464
suspicious_Base64,0,0.13870160468627635,0.14937250776445365,348.2,336.25787723115127,"pearson_r, mutual_information, entropy_reduction_ratio",0.036255558887035036,0.2646252309306634,9.791495828787146e-05,0.02397016564426997,0.3685591530111255
intent_android.intent.action.PACKAGE_INSTALL,0,0.13867502575182722,0.225766351927571,186.8,173.19515004756917,"pearson_r, entropy_reduction_ratio, f_stat",0.04599929757386058,0.004326731563531065,0.017883155919333166,0.03587432515024055,0.5892916185521707
perm_android.permission.FORCE_STOP_PACKAGES,0,0.13856630237898776,0.19836404110318012,261.6,63.56288225057137,"pearson_r, mutual_information, entropy_reduction_ratio",0.009020270365448923,0.1573012417281764,0.003035363706923977,0.005907825892513814,0.5175668102018758
intent_cn.jpush.android.intent.REGISTRATION,0,0.1385260225272948,0.22715420415043838,236.6,269.04616704201527,"pearson_r, entropy_reduction_ratio, f_stat",0.04519933956477331,0.0,0.01831201390420013,0.0373690657344825,0.591749693433018
intent_com.sogou.androidtool.action.wap,0,0.13850641418711207,0.18628861516689116,564.4,242.94328556270082,"pearson_r, mutual_information, entropy_reduction_ratio",0.0,0.22453469208880164,0.0,0.0,0.4679973788467587
intent_org.agoo.android.intent.action.RECEIVE,0,0.1377003565763552,0.20663854223243952,200.4,25.27924049491994,"pearson_r, mutual_information, entropy_reduction_ratio",0.017082312187201517,0.10546926271905742,0.00712628167562447,0.014180053564468269,0.5446438727354245
intent_android.intent.action.MEDIA_MOUNTED,0,0.13752099685531274,0.22685997187054602,239.2,267.7203018076888,"pearson_r, entropy_reduction_ratio, f_stat",0.0434072258972772,0.0,0.01753129867780937,0.036439389620317376,0.5902270700811597
perm_android.permission.READ_EXTERNAL_STORAGE,0,0.13724376561369733,0.2288550962667498,250.2,264.59281925252617,"pearson_r, entropy_reduction_ratio, f_stat",0.04676948959794906,0.0,0.007378242259661347,0.03849836817565842,0.5935727280352178
intent_org.android.agoo.client.ElectionReceiverService,0,0.13703621389337256,0.20981940849546868,197.4,63.55658895818749,"pearson_r, mutual_information, entropy_reduction_ratio",0.02714785047880596,0.07700484757919551,0.009106091120771929,0.01789555122846406,0.5540267290596252
intent_com.baidu.android.pushservice.action.BIND_SYNC,0,0.13681735185807417,0.2155854650043531,193.3,113.6330057685706,"pearson_r, mutual_information, entropy_reduction_ratio",0.036255558887035036,0.044277012358835514,0.012141454827695908,0.023977128534412553,0.5674356046823918
intent_com.sina.weibo.sdk.action.ACTION_SDK_REQ_ACTIVITY,0,0.13677982175038333,0.22637641383613108,241.0,266.81304315943777,"pearson_r, entropy_reduction_ratio, f_stat",0.04259082172479833,0.0,0.017308909404395126,0.035437025188690456,0.5885623524340328
intent_com.example.servicejar.action.START_ASSIST,0,0.1364495669990231,0.1853819747958852,565.2,241.3614716561034,"pearson_r, mutual_information, entropy_reduction_ratio",0.0,0.21425045614835686,0.0,0.0,0.4679973788467587
intent_safiap.framework.ACTION_START_DOWNLOAD,0,0.1363950576079199,0.22176338467112483,194.0,157.12033604852047,"pearson_r, entropy_reduction_ratio, f_stat",0.045392815604505234,0.012002386409131713,0.015176818534619885,0.03011833073919626,0.5792849367521464
intent_selfupdate_notification_cancelled,0,0.13629474533573513,0.18531724672054986,565.6,240.57065490204744,"pearson_r, mutual_information, entropy_reduction_ratio",0.0,0.21347634783191702,0.0,0.0,0.4679973788467587
perm_android.permission.ACCESS_MOCK_LOCATION,0,0.13626241206193637,0.20273871640586094,226.5,21.651789764358973,"pearson_r, mutual_information, entropy_reduction_ratio",0.011871798124581806,0.12251977596598934,0.0049870350749356505,0.009883097200504664,0.5320503539436704
intent_android.provider.Telephony.SMS_RECEIVED,0,0.13607025891121743,0.21162934780903025,197.2,74.33545587403094,"pearson_r, mutual_information, entropy_reduction_ratio",0.02293065384956721,0.07167356025762034,0.009400437892005077,0.019220284003004854,0.5571263585538896
intent_com.qihoo.appstore.checkupdate.NOTIFY_APP_UPDATE,0,0.1351646212011945,0.18485978759826627,566.0,239.77989907413007,"pearson_r, mutual_information, entropy_reduction_ratio",0.0,0.20782572715921369,0.0,0.0,0.4679973788467587
perm_com.google.android.googleapps.permission.GOOGLE_AUTH.speech,0,0.13494581466932307,0.18477428156233336,566.4,238.9892047771196,"pearson_r, mutual_information, entropy_reduction_ratio",0.0,0.20673169449985662,0.0,0.0,0.4679973788467587
perm_com.android.launcher3.permission.INSTALL_SHORTCUT,0,0.13478245819094786,0.21051150540709895,205.2,79.00734143103412,"pearson_r, mutual_information, entropy_reduction_ratio",0.02714785047880596,0.06573606906707201,0.009106091120771929,0.01789555122846406,0.5540267290596252
suspicious_adb_enabled,0,0.13477878290729292,0.14414326541131833,298.4,341.89975138920477,"pearson_r, mutual_information, entropy_reduction_ratio",0.03072256775862803,0.23962050531997803,0.011146422408642375,0.02410298391570054,0.3683014351335157
intent_com.excelliance.kxqp.action.GENERIC,0,0.1346202587449385,0.18464890586349023,567.2,237.4080032349373,"pearson_r, mutual_information, entropy_reduction_ratio",0.0,0.20510391487793386,0.0,0.0,0.4679973788467587
intent_android.bluetooth.adapter.action.STATE_CHANGED,0,0.1346010102385204,0.20633511425710646,213.2,37.300938325999255,"pearson_r, mutual_information, entropy_reduction_ratio",0.015927878140457645,0.09496171083900205,0.0066493800999142035,0.013279704538366594,0.5421863775748615
intent_com.excelliance.kxqp.action.smtcnt,0,0.13458107746259193,0.1846339657192362,567.4,237.01274227349043,"pearson_r, mutual_information, entropy_reduction_ratio",0.0,0.204908008466201,0.0,0.0,0.4679973788467587
intent_com.example.servicejar.action.SHORTCUT_CLICKED,0,0.13414791326200204,0.1844709343078593,568.0,235.8270552756829,"pearson_r, mutual_information, entropy_reduction_ratio",0.0,0.2027421874632515,0.0,0.0,0.4679973788467587
intent_safiap.GET_SHARED_DATA,0,0.13399458032609357,0.223157459001469,247.2,263.4717442155799,"pearson_r, entropy_reduction_ratio, f_stat",0.045392815604505234,0.0,0.015176818534619885,0.03011833073919626,0.5792849367521464
intent_safiap.framework.ACTION_TO_INSTALL,0,0.13399458032609357,0.223157459001469,247.2,263.4717442155799,"pearson_r, entropy_reduction_ratio, f_stat",0.045392815604505234,0.0,0.015176818534619885,0.03011833073919626,0.5792849367521464
intent_safiap.framework.ACTION_CANCEL_NOTIFICATION,0,0.13399458032609357,0.223157459001469,247.2,263.4717442155799,"pearson_r, entropy_reduction_ratio, f_stat",0.045392815604505234,0.0,0.015176818534619885,0.03011833073919626,0.5792849367521464
intent_co.ronash.pushe.service.ScreenStateService,0,0.13399458032609357,0.223157459001469,247.2,263.4717442155799,"pearson_r, entropy_reduction_ratio, f_stat",0.045392815604505234,0.0,0.015176818534619885,0.03011833073919626,0.5792849367521464
perm_com.mediatek.launcherplus.permission.READ_SETTINGS,0,0.13385430770261342,0.18436266189447667,568.4,235.03667798877692,"pearson_r, mutual_information, entropy_reduction_ratio",0.0,0.2012741596663084,0.0,0.0,0.4679973788467587
intent_com.qihoo.appstore.ACTION_LAUNCH_SERVICE_ACTIVITY,0,0.1338530622571557,0.18436220646196683,568.6,234.64151380350407,"pearson_r, mutual_information, entropy_reduction_ratio",0.0,0.2012679324390199,0.0,0.0,0.4679973788467587
intent_com.umeng.message.message.handler.action,0,0.13379424492292585,0.2040067367697124,229.6,20.76150283577757,"pearson_r, mutual_information, entropy_reduction_ratio",0.013153532168608444,0.10426980021003225,0.0055066088937999755,0.010873572102540016,0.5351677112396486
perm_com.android.vending.CHECK_LICENSE,0,0.13372418809035386,0.2133733471973345,204.8,94.57779866332268,"pearson_r, mutual_information, entropy_reduction_ratio",0.024194136277448375,0.054795452461102546,0.009974070149871301,0.020233521276140688,0.5594237602872063
intent_show_start_app,0,0.13371184490481247,0.18431077733528226,568.8,234.24636603371246,"pearson_r, mutual_information, entropy_reduction_ratio",0.0,0.20056184567730362,0.0,0.0,0.4679973788467587
perm_android.permission.FLASHLIGHT,0,0.13365677925239058,0.19381504910055614,312.2,87.67987226268069,"pearson_r, mutual_information, entropy_reduction_ratio",0.0033137875551811934,0.15909813923539848,0.0013214838018177576,0.002744184868431081,0.5018063008011244
intent_com.qihoo.appstore.checkupdate.CHECK_BAOHE_UPDATE,0,0.1334668992223927,0.1842225648430924,569.0,233.8512347626157,"pearson_r, mutual_information, entropy_reduction_ratio",0.0,0.19933711726520478,0.0,0.0,0.4679973788467587
perm_com.yulong.android.launcher.permission.READ_SETTINGS,0,0.1333707031225021,0.18418826644489764,569.2,233.45612007398734,"pearson_r, mutual_information, entropy_reduction_ratio",0.0,0.1988561367657518,0.0,0.0,0.4679973788467587
intent_android.intent.action.ACTION_POWER_CONNECTED,0,0.1329706781925845,0.21252094966692756,209.8,88.76125280774264,"pearson_r, mutual_information, entropy_reduction_ratio",0.022720608821828015,0.05742661475953866,0.008893079196708342,0.019058732809177758,0.5567543553756698
intent_com.cootek.usage.alarm_operation,0,0.13246407750072214,0.1838745872383136,569.8,232.2708763491454,"pearson_r, mutual_information, entropy_reduction_ratio",0.0,0.19432300865685206,0.0,0.0,0.4679973788467587
intent_com.morgoo.droidplugin.ACTION_SHORTCUT_PROXY_ZHUSHOU,0,0.13226581012983152,0.18380830192504574,570.2,231.48079833973273,"pearson_r, mutual_information, entropy_reduction_ratio",0.0,0.19333167180239888,0.0,0.0,0.4679973788467587
intent_android.intent.action.NOTIFICATION_REMOVE,0,0.1322238189676229,0.20507218813728542,223.6,38.30065273595217,"pearson_r, mutual_information, entropy_reduction_ratio",0.018069487775157402,0.08693665807144284,0.006070727413847954,0.011872732631645554,0.5381694889460208
intent_com.sogou.androidtool.action.appdetail,0,0.13182677039818513,0.18366448268805177,570.6,230.69078871944586,"pearson_r, mutual_information, entropy_reduction_ratio",0.0,0.191136473144167,0.0,0.0,0.4679973788467587
intent_com.sogou.androidtool.browser.highspeed,0,0.1317918872930795,0.18365323099582107,570.8,230.29580977516719,"pearson_r, mutual_information, entropy_reduction_ratio",0.0,0.1909620576186388,0.0,0.0,0.4679973788467587
intent_android.intent.action.apservice,0,0.13110364376667918,0.18343652035089902,571.2,229.50590406349028,"pearson_r, mutual_information, entropy_reduction_ratio",0.0,0.18752083998663718,0.0,0.0,0.4679973788467587
perm_android.permission.PACKAGE_USAGE_STATS,0,0.1310538958122413,0.2023380688222983,245.6,23.22584767021432,"pearson_r, mutual_information, entropy_reduction_ratio",0.010762261241709491,0.10196385798665931,0.004429926750993021,0.008995208214168575,0.5291182248676762
perm_android.permission.PROCESS_OUTGOING_CALLS,0,0.1310436919960138,0.20933947232025316,218.6,71.27019012181741,"pearson_r, mutual_information, entropy_reduction_ratio",0.018294316072413875,0.06643463689819548,0.007495043994859702,0.01532856500149716,0.5476658980131028
perm_android.permission.READ_SETTINGS,0,0.1310374353646528,0.21298641315719616,211.0,98.01734540376005,"pearson_r, mutual_information, entropy_reduction_ratio",0.022768680248745257,0.04790004806398678,0.009428458659265134,0.018840569179135257,0.5562494206721316
intent_com.baidu.android.pushservice.action.METHOD,0,0.13097412921253573,0.21839215494028175,209.3,145.570807513045,"pearson_r, entropy_reduction_ratio, f_stat",0.036255558887035036,0.015060899131143255,0.012141454827695908,0.023977128534412553,0.5674356046823918
intent_com.meizu.c2dm.intent.REGISTRATION,0,0.13088957532627613,0.18337117008194354,571.4,229.11097747598214,"pearson_r, mutual_information, entropy_reduction_ratio",0.0,0.1864504977846219,0.0,0.0,0.4679973788467587
intent_com.amir.nightjar.service.CONFIG_SERVICES,0,0.13070458600637583,0.18331548365290304,571.8,228.32117729198924,"pearson_r, mutual_information, entropy_reduction_ratio",0.0,0.18552555118512043,0.0,0.0,0.4679973788467587
intent_android.intent.action.DOWNLOAD_WAKEUP.sogou,0,0.1301746872339156,0.18316001363132559,572.2,227.53144837582343,"pearson_r, mutual_information, entropy_reduction_ratio",0.0,0.18287605732281928,0.0,0.0,0.4679973788467587
perm_com.teslacoilsw.launcher.permission.READ_SETTINGS,0,0.13016173312110652,0.18619658458855232,333.8,106.37368095539424,"pearson_r, mutual_information, entropy_reduction_ratio",0.00028263878744342236,0.17228695300635427,0.00012050982844650403,0.00023439299196019797,0.47788417099132824
n_receivers,0,0.13015195133943952,0.15849425798210026,377.0,335.04447465970844,"pearson_r, entropy_reduction_ratio, chi2_stat",0.2179192083616804,0.0030056038265616272,0.016646288414043097,0.01017328214639345,0.40301537394851894
intent_com.qihoo.appstore.battery.NOTIFY,0,0.13014377000082805,0.18315112791310473,572.4,227.13661087548172,"pearson_r, mutual_information, entropy_reduction_ratio",0.0,0.18272147115738158,0.0,0.0,0.4679973788467587
perm_android.permission.DIAGNOSTIC,0,0.1301027790488089,0.19828688942762543,281.3,36.67642294444757,"pearson_r, mutual_information, entropy_reduction_ratio",0.009020270365448923,0.11498362507728214,0.003035363706923977,0.005907825892513814,0.5175668102018757
intent_android.intent.action.DOWNLOAD_COMPLETE,0,0.129205725859245,0.20295499665117628,248.4,28.83470131629596,"pearson_r, mutual_information, entropy_reduction_ratio",0.011071520421937632,0.09121119221802791,0.0045173263325314315,0.009251040646439727,0.5299775496772884
intent_com.baidu.android.pushservice.action.MESSAGE,0,0.12915716680122788,0.21938449971030036,214.5,155.95608356200793,"pearson_r, entropy_reduction_ratio, f_stat",0.036255558887035036,0.005976087074604066,0.012141454827695908,0.023977128534412553,0.5674356046823918
intent_com.excelliance.open.action.startNextChapter,0,0.12890714007570475,0.19839244650075974,283.5,33.15418525616336,"pearson_r, mutual_information, entropy_reduction_ratio",0.009020270365448923,0.10900543021176146,0.003035363706923977,0.005907825892513814,0.5175668102018757
intent_com.excelliance.open.action.apkverchk,0,0.12875115091863032,0.19840833919197387,284.1,32.23104093882169,"pearson_r, mutual_information, entropy_reduction_ratio",0.009020270365448923,0.10822548442638928,0.003035363706923977,0.005907825892513814,0.5175668102018757
perm_com.zte.mifavor.launcher.permission.READ_SETTINGS,0,0.12852655306105737,0.18271490940926088,573.2,225.55744279451295,"pearson_r, mutual_information, entropy_reduction_ratio",0.0,0.1746353864585282,0.0,0.0,0.4679973788467587
intent_com.qihoo.appstore.ACTION_GAME_UNION_WEB,0,0.12836139105231612,0.18267352402387618,573.4,225.16269673282918,"pearson_r, mutual_information, entropy_reduction_ratio",0.0,0.17380957641482198,0.0,0.0,0.4679973788467587
intent_com.mobiletool.appstore.action.BackgroundService,0,0.12835301801285093,0.1826714416126218,573.6,224.76796924828946,"pearson_r, mutual_information, entropy_reduction_ratio",0.0,0.17376771121749593,0.0,0.0,0.4679973788467587
perm_com.qihoo360.mobilesafe.news.permission.NEWS_SDK_BROADCAST,0,0.12822997644101183,0.18264101496453122,573.8,224.37326043893913,"pearson_r, mutual_information, entropy_reduction_ratio",0.0,0.17315250335830054,0.0,0.0,0.4679973788467587
intent_com.qihoo.appstore.ACTION_LOCK_SCREEN_AD_ADD_LISTENER,0,0.12804497409840176,0.18259588085526432,574.4,223.18924705280943,"pearson_r, mutual_information, entropy_reduction_ratio",0.0,0.1722274916452502,0.0,0.0,0.4679973788467587
intent_,0,0.12801282380678997,0.19849019845003255,285.5,30.152943471575043,"pearson_r, mutual_information, entropy_reduction_ratio",0.009020270365448923,0.1045338488671875,0.003035363706923977,0.005907825892513814,0.5175668102018757
intent_com.kingroot.master.action.NOTIFY_STATISTIC,0,0.12797863702120285,0.19849425406555896,286.1,29.299146745255225,"pearson_r, mutual_information, entropy_reduction_ratio",0.009020270365448923,0.10436291493925182,0.003035363706923977,0.005907825892513814,0.5175668102018757
perm_com.fede.launcher.permission.WRITE_SETTINGS,0,0.12796985206354866,0.19849530002491625,286.3,29.019993108200424,"pearson_r, mutual_information, entropy_reduction_ratio",0.009020270365448923,0.10431899015098081,0.003035363706923977,0.005907825892513814,0.5175668102018757
intent_android.intent.action.DELETE,0,0.12796194938630706,0.2200675560712449,264.1,255.07594947387727,"pearson_r, entropy_reduction_ratio, f_stat",0.036255558887035036,0.0,0.012141454827695908,0.023977128534412553,0.5674356046823918
intent_android.intent.action.SERVICE_STATE,0,0.12796194938630706,0.2200675560712449,264.1,255.07594947387727,"pearson_r, entropy_reduction_ratio, f_stat",0.036255558887035036,0.0,0.012141454827695908,0.023977128534412553,0.5674356046823918
intent_com.baidu.android.pushservice.action.RECEIVE,0,0.12796194938630706,0.2200675560712449,264.1,255.07594947387727,"pearson_r, entropy_reduction_ratio, f_stat",0.036255558887035036,0.0,0.012141454827695908,0.023977128534412553,0.5674356046823918
intent_com.baidu.android.pushservice.action.PUSH_SERVICE,0,0.12796194938630706,0.2200675560712449,264.1,255.07594947387727,"pearson_r, entropy_reduction_ratio, f_stat",0.036255558887035036,0.0,0.012141454827695908,0.023977128534412553,0.5674356046823918
perm_ANDROID.PERMISSION.WRITE_APN_SETTINGS,0,0.12796194938630706,0.2200675560712449,264.1,255.07594947387727,"pearson_r, entropy_reduction_ratio, f_stat",0.036255558887035036,0.0,0.012141454827695908,0.023977128534412553,0.5674356046823918
perm_com.android.browser.permission.READ_HISTORY_BOOKMARKS,0,0.12794835652030717,0.22166027407573735,261.2,256.6822159792142,"pearson_r, entropy_reduction_ratio, f_stat",0.03073949056113055,0.0,0.01262536017357373,0.025623559198363892,0.5707533726684677
intent_com.huawei.android.push.intent.CLICK,0,0.1279069818388168,0.20123081571919194,255.6,25.663982543634962,"pearson_r, mutual_information, entropy_reduction_ratio",0.009458121991406006,0.09366118568677707,0.003950944476706563,0.007743066891009092,0.5247215901481852
intent_com.mobiletool.appstore.highspeed,0,0.12789713702850747,0.1825603448195622,574.6,222.7946139384882,"pearson_r, mutual_information, entropy_reduction_ratio",0.0,0.17148830629577866,0.0,0.0,0.4679973788467587
perm_com.android.browser.permission.WRITE_HISTORY_BOOKMARKS,0,0.1278276970722289,0.20757010352013228,235.1,70.65366232545911,"pearson_r, mutual_information, entropy_reduction_ratio",0.01593628680503749,0.06275153304380668,0.006538249630512961,0.012870626176166031,0.5410417897056214
intent_com.mobiletool.appstore.action.sdk,0,0.12769920479948166,0.18251350638982525,574.8,222.40000000000003,"pearson_r, mutual_information, entropy_reduction_ratio",0.0,0.1704986451506495,0.0,0.0,0.4679973788467587
perm_com.meizu.flyme.push.permission.RECEIVE,0,0.1276673815328116,0.18250605477513,575.0,222.00540533959978,"pearson_r, mutual_information, entropy_reduction_ratio",0.0,0.1703395288172993,0.0,0.0,0.4679973788467587
perm_com.tencent.mm.permission.C2D_MESSAGE,0,0.12751174157681563,0.1824699261317194,575.2,221.61083006026578,"pearson_r, mutual_information, entropy_reduction_ratio",0.0,0.16956132903731955,0.0,0.0,0.4679973788467587
perm_com.google.android.googleapps.permission.GOOGLE_AUTH.groups2,0,0.12745822228165,0.18245762376839497,575.4,221.21627426570586,"pearson_r, mutual_information, entropy_reduction_ratio",0.0,0.16929373256149136,0.0,0.0,0.4679973788467587
perm_dianxin.permission.READ_SETTINGS,0,0.12681565761301936,0.18231476074915803,576.0,220.03272483882938,"pearson_r, mutual_information, entropy_reduction_ratio",0.0,0.1660809092183381,0.0,0.0,0.4679973788467587
perm_com.sec.android.provider.badge.permission.READ,0,0.12677184982559267,0.15083509579231658,330.0,321.49525657464994,"pearson_r, mutual_information, entropy_reduction_ratio",0.018828509338379353,0.2031696117683243,0.0070817625777867075,0.014631969779252817,0.39014739566422013
intent_android.intent.action.ACTION_POWER_DISCONNECTED,0,0.12677026487869134,0.21136753327991387,229.6,98.07262615021584,"pearson_r, mutual_information, entropy_reduction_ratio",0.018849496585633035,0.04290411545764477,0.007460106896417061,0.015790062883195777,0.5488475425705661
perm_com.google.android.googleapps.permission.GOOGLE_AUTH.news,0,0.12652530719579733,0.18225314218446276,576.2,219.63824803526367,"pearson_r, mutual_information, entropy_reduction_ratio",0.0,0.16462915713222803,0.0,0.0,0.4679973788467587
intent_com.qihoo.appstore.download_one_apk,0,0.1260816837872796,0.1821625305145145,576.4,219.2437912461833,"pearson_r, mutual_information, entropy_reduction_ratio",0.0,0.16241104008963933,0.0,0.0,0.4679973788467587
perm_com.samsung.android.scloud.backup.lib.write,0,0.12595944563313505,0.18213831454475862,576.8,218.45493814514697,"pearson_r, mutual_information, entropy_reduction_ratio",0.0,0.16179984931891647,0.0,0.0,0.4679973788467587
perm_org.adw.launcher.permission.WRITE_SETTINGS,0,0.12590023957405788,0.1987848423643289,291.9,22.720915474513784,"pearson_r, mutual_information, entropy_reduction_ratio",0.009020270365448923,0.09397092770352707,0.003035363706923977,0.005907825892513814,0.5175668102018757
intent_com.yulong.mms.NEW_MESSAGE_EXTERNAL,0,0.12575025638034315,0.18209762714336997,577.0,218.06054205197236,"pearson_r, mutual_information, entropy_reduction_ratio",0.0,0.16075390305495707,0.0,0.0,0.4679973788467587
intent_android.intent.action.TIME_TICK,0,0.12566699879204532,0.16884635134498274,424.1,264.41925043385174,"pearson_r, mutual_information, entropy_reduction_ratio",0.00559596805410294,0.18573401749753846,0.0015657316526983178,0.00304331080678953,0.43239596594909735
perm_com.majeur.launcher.permission.UPDATE_BADGE,0,0.12540379085763345,0.15587847735215482,356.2,304.97108059617716,"pearson_r, mutual_information, entropy_reduction_ratio",0.013528174035985139,0.19603818584453733,0.005156610761552788,0.010589188884395447,0.4017067947616965
intent_com.excelliance.kxqp.action.swpmain,0,0.1253143276919479,0.18201589974220228,577.8,216.4831633176123,"pearson_r, mutual_information, entropy_reduction_ratio",0.0,0.15857425961298083,0.0,0.0,0.4679973788467587
intent_android.intent.action.SCREEN_ON,0,0.12505632104310313,0.1990866829305506,318.6,31.426740206391116,"pearson_r, mutual_information, entropy_reduction_ratio",0.007069426967098247,0.09181544171142847,0.0029532845006620158,0.0059018127958700714,0.5175416392404568
perm_com.yulong2.android.launcher.permission.READ_SETTINGS,0,0.1249214157831473,0.1819457854179656,578.4,215.30034835085615,"pearson_r, mutual_information, entropy_reduction_ratio",0.0,0.15660970006897784,0.0,0.0,0.4679973788467587
perm_com.tencent.mm.wear.message,0,0.12477708471102122,0.18192087551763897,579.0,214.11772462829882,"pearson_r, mutual_information, entropy_reduction_ratio",0.0,0.15588804470834747,0.0,0.0,0.4679973788467587
intent_com.yuetu.shentu.Intent.WECHAT_SHARE,0,0.12462987644142806,0.1818959374176061,579.2,213.7235597682202,"pearson_r, mutual_information, entropy_reduction_ratio",0.0,0.15515200336038165,0.0,0.0,0.4679973788467587
perm_com.kingroot.kinguser.permission.REQUEST,0,0.12454696237963658,0.18188209950669007,579.4,213.32941663071225,"pearson_r, mutual_information, entropy_reduction_ratio",0.0,0.15473743305142426,0.0,0.0,0.4679973788467587
intent_android.provider.Telephony.SMS_DELIVER,0,0.12452380030174555,0.21483179635362867,233.4,135.15413423199456,"pearson_r, entropy_reduction_ratio, f_stat",0.02714785047880596,0.014442779621060492,0.009106091120771929,0.01789555122846406,0.5540267290596252
intent_android.net.ConnectivityManager.CONNECTIVITY_ACTION,0,0.12442220600947777,0.18186156127807845,579.8,212.54119600679772,"pearson_r, mutual_information, entropy_reduction_ratio",0.0,0.15411365120063014,0.0,0.0,0.4679973788467587
perm_android.permission.CALL_PHONE,0,0.12442182944152472,0.22016317075696368,280.8,247.25646604285194,"pearson_r, entropy_reduction_ratio, f_stat",0.02698765215836644,0.0,0.008315178162808775,0.022483645791533242,0.5643226710949151
intent_android.intent.action.SENDTO,0,0.12440952467997538,0.21825419698207427,229.6,151.28198835287697,"pearson_r, entropy_reduction_ratio, f_stat",0.02545097096152956,0.0046914511974482,0.01043940982353979,0.020794805169438744,0.5606709862479206
intent_com.mobiletool.appstore.action.extend,0,0.12409247457605725,0.18180891605255947,580.0,212.14711876431411,"pearson_r, mutual_information, entropy_reduction_ratio",0.0,0.1524649940335276,0.0,0.0,0.4679973788467587
perm_com.miui.mihome2.permission.WRITE_SETTINGS,0,0.1239719601738224,0.1991316746986271,297.5,21.004761364985796,"pearson_r, mutual_information, entropy_reduction_ratio",0.009020270365448923,0.08432953070234955,0.003035363706923977,0.005907825892513814,0.5175668102018757
perm_com.google.android.googleapps.permission.GOOGLE_AUTH.YouTubeUser,0,0.12388645357968349,0.18177722922674855,580.2,211.7530637322634,"pearson_r, mutual_information, entropy_reduction_ratio",0.0,0.15143488905165872,0.0,0.0,0.4679973788467587
intent_com.umeng.message.autoupdate.handler.action,0,0.12382079953810507,0.2020903210705809,268.4,42.55161571550486,"pearson_r, mutual_information, entropy_reduction_ratio",0.009458121991406006,0.07323027418321855,0.003950944476706563,0.007743066891009092,0.5247215901481852
perm_android.permission.GET_ACCOUNTS,0,0.12362460802167127,0.16779485835940877,428.4,265.46457390770615,"pearson_r, mutual_information, entropy_reduction_ratio",0.004202017161371403,0.17913974254660392,0.0011532009497820118,0.0034316351349684424,0.4301964443156306
perm_android.permission.BATTERY_STATS,0,0.12358154997534634,0.21899653320131415,278.2,248.33477404503785,"pearson_r, entropy_reduction_ratio, f_stat",0.02522473798230081,0.0,0.010413633512821775,0.021045944911402287,0.5612234334702069
intent_com.google.vr.vrcore.ACTION_NONE,0,0.12357407014827923,0.13772229290107615,308.6,333.07092337818983,"pearson_r, mutual_information, entropy_reduction_ratio",0.03948780003913326,0.17243573543638516,0.010960121568888223,0.021753245699601957,0.37323344799738756
perm_android.permission.WRITE_APN_SETTINGS,0,0.12347123444048573,0.21877631648389748,278.2,248.25422453605898,"pearson_r, entropy_reduction_ratio, f_stat",0.02545097096152956,0.0,0.01043940982353979,0.020794805169438744,0.5606709862479206
intent_com.qihoo.appstore.CLEAN_ACTIVITY_DESTROY,0,0.12340275881892138,0.18170648540993317,580.8,210.57103314558722,"pearson_r, mutual_information, entropy_reduction_ratio",0.0,0.1490164152478482,0.0,0.0,0.4679973788467587
intent_android.intent.action.mainintentex,0,0.12323982589017302,0.1816838088891564,581.0,210.17706820678606,"pearson_r, mutual_information, entropy_reduction_ratio",0.0,0.14820175060410637,0.0,0.0,0.4679973788467587
intent_android.easou.eyou.SEND_SMS_RESULT,0,0.1232353589100729,0.18168319537988434,581.2,209.78312610884606,"pearson_r, mutual_information, entropy_reduction_ratio",0.0,0.1481794157036057,0.0,0.0,0.4679973788467587
perm_android.permission.WRITE_OWNER_DATA,0,0.12316713943129728,0.18513661950462862,343.2,88.84683449622726,"pearson_r, mutual_information, entropy_reduction_ratio",0.00028263878744342236,0.1373139845573081,0.00012050982844650403,0.00023439299196019797,0.47788417099132824
intent_com.igexin.sdk.action.service.message,0,0.12304850399159636,0.21608104225201388,234.2,140.4170929766031,"pearson_r, entropy_reduction_ratio, f_stat",0.022973778266820597,0.009568238760937452,0.009274907635358551,0.01834185146071001,0.5550837438341553
perm_com.fx.launcher.permission.READ_SETTINGS,0,0.12303266661690064,0.181655817093654,581.4,209.38920698068466,"pearson_r, mutual_information, entropy_reduction_ratio",0.0,0.14716595423774448,0.0,0.0,0.4679973788467587
intent_com.areametrics.areametricssdk.AMLocationUpdatesBroadcastReceiver.PROCESS_UPDATES,0,0.12296759969792229,0.18164721925049732,581.6,208.99531095218381,"pearson_r, mutual_information, entropy_reduction_ratio",0.0,0.14684061964285272,0.0,0.0,0.4679973788467587
intent_org.android.agoo.client.MessageReceiverService,0,0.12282996617635925,0.2054115478037686,263.1,66.32978214949902,"pearson_r, mutual_information, entropy_reduction_ratio",0.011871798124581806,0.055357546538103646,0.0049870350749356505,0.009883097200504664,0.5320503539436704
perm_android.permission.BLUETOOTH,0,0.12276770445725102,0.206297190386861,267.0,69.15779059513108,"pearson_r, mutual_information, entropy_reduction_ratio",0.012652601089469714,0.05269178241032812,0.004079634891562551,0.010476982011238662,0.5339375218836561
intent_com.sogou.androidtool.action.topicdetail,0,0.12229900237379639,0.18156425164788798,582.2,207.81376277811822,"pearson_r, mutual_information, entropy_reduction_ratio",0.0,0.14349763302222318,0.0,0.0,0.4679973788467587
intent_android.intent.action.MEDIA_UNMOUNTED,0,0.1221524206514973,0.18397748794577978,347.9,89.3411439371581,"pearson_r, mutual_information, entropy_reduction_ratio",0.00013527767294762883,0.13565008122103686,5.639961929509357e-05,0.00011125540903667029,0.47480908933517024
perm_android.permission.REQUEST_INSTALL_PACKAGES,0,0.12190440463690115,0.15172699033290965,350.6,308.48312757750625,"pearson_r, mutual_information, entropy_reduction_ratio",0.01601127369757802,0.17879151385356315,0.006070082209531464,0.012423378408863874,0.39622577501496925
perm_com.facebook.katana.permission.RECEIVE_ADM_MESSAGE,0,0.12169927316359956,0.18149817988323677,582.4,207.4199604666822,"pearson_r, mutual_information, entropy_reduction_ratio",0.0,0.14049898697123914,0.0,0.0,0.4679973788467587
intent_android.provider.Telephony.WAP_PUSH_DELIVER,0,0.12163524437753344,0.21638397841498616,287.6,243.39646669580065,"pearson_r, entropy_reduction_ratio, f_stat",0.02714785047880596,0.0,0.009106091120771929,0.01789555122846406,0.5540267290596252
intent_org.agoo.android.intent.action.ELECTION_RESULT_V4,0,0.12163524437753344,0.21638397841498616,287.6,243.39646669580065,"pearson_r, entropy_reduction_ratio, f_stat",0.02714785047880596,0.0,0.009106091120771929,0.01789555122846406,0.5540267290596252
intent_com.aspire.purchaseservice.BIND,0,0.12163524437753344,0.21638397841498616,287.6,243.39646669580065,"pearson_r, entropy_reduction_ratio, f_stat",0.02714785047880596,0.0,0.009106091120771929,0.01789555122846406,0.5540267290596252
intent_android.hardware.usb.action.USB_STATE,0,0.12163524437753344,0.21638397841498616,287.6,243.39646669580065,"pearson_r, entropy_reduction_ratio, f_stat",0.02714785047880596,0.0,0.009106091120771929,0.01789555122846406,0.5540267290596252
intent_android.provider.Telephony.WAP_PUSH_RECEIVED,0,0.12163524437753344,0.21638397841498616,287.6,243.39646669580065,"pearson_r, entropy_reduction_ratio, f_stat",0.02714785047880596,0.0,0.009106091120771929,0.01789555122846406,0.5540267290596252
perm_android.permission.CLEAR_APP_CACHE,0,0.12162860567025816,0.18823330415703582,333.6,69.22600667379277,"pearson_r, mutual_information, entropy_reduction_ratio",0.0010229935442614344,0.11908552073062989,0.00042129944206997826,0.0008451250240628663,0.4867680896102666
perm_android.permission.BROADCAST_PACKAGE_ADDED,0,0.12155983048140281,0.1886388565879396,332.0,66.78023659736465,"pearson_r, mutual_information, entropy_reduction_ratio",0.0011445365507767077,0.11733208109538616,0.00048203931378601613,0.000949327044176448,0.48789116840288876
perm_android.permission.CHANGE_WIMAX_STATE,0,0.12153920200073123,0.18148188121114167,582.8,206.63242727122963,"pearson_r, mutual_information, entropy_reduction_ratio",0.0,0.13969863115689748,0.0,0.0,0.4679973788467587
intent_com.xiaomi.mipush.ERROR,0,0.12145742575185545,0.2175390366470797,284.8,245.0052244340924,"pearson_r, entropy_reduction_ratio, f_stat",0.022768680248745257,0.0,0.009428458659265134,0.018840569179135257,0.5562494206721316
intent_cn.jpush.android.intent.DaemonService,0,0.12145742575185545,0.2175390366470797,284.8,245.0052244340924,"pearson_r, entropy_reduction_ratio, f_stat",0.022768680248745257,0.0,0.009428458659265134,0.018840569179135257,0.5562494206721316
intent_com.esbook.receiver.CLICK_DOWN_BOOK,0,0.12132863394660946,0.18146129882769454,583.2,205.84499022322595,"pearson_r, mutual_information, entropy_reduction_ratio",0.0,0.13864579088628867,0.0,0.0,0.4679973788467587
intent_com.excelliance.dualaid.b64.action.update.done,0,0.12132569843767424,0.1814610187818994,583.4,205.45130809999728,"pearson_r, mutual_information, entropy_reduction_ratio",0.0,0.13863111334161254,0.0,0.0,0.4679973788467587
perm_android.permission.DEVICE_POWER,0,0.12128102566260035,0.19413177505688628,334.4,46.000434780553974,"pearson_r, mutual_information, entropy_reduction_ratio",0.003483557875558694,0.09575918006033,0.0014766422503310079,0.002904889535585642,0.5027808585911964
intent_com.huawei.android.push.intent.RECEIVE,0,0.12125729730805875,0.20090954695060506,290.1,51.55230353728144,"pearson_r, mutual_information, entropy_reduction_ratio",0.007865760617210697,0.06842027172767534,0.0033246900499571018,0.006538394704311648,0.5201373694411389
intent_cn.jpush.android.intent.UNREGISTRATION,0,0.1211348562394089,0.21711745098113833,286.2,244.19696967816782,"pearson_r, entropy_reduction_ratio, f_stat",0.022973778266820597,0.0,0.009274907635358551,0.01834185146071001,0.5550837438341553
perm_android.permission.BAIDU_LOCATION_SERVICE,0,0.1211348562394089,0.21711745098113833,286.2,244.19696967816782,"pearson_r, entropy_reduction_ratio, f_stat",0.022973778266820597,0.0,0.009274907635358551,0.01834185146071001,0.5550837438341553
perm_android.permission.READ_CONTACTS,0,0.12111226090019103,0.1983395882229017,329.8,27.874002224294955,"pearson_r, mutual_information, entropy_reduction_ratio",0.006045768309103849,0.0790681833163348,0.001930136806738739,0.0049834087437508326,0.5135338073250268
perm_com.lge.launcher.permission.READ_SETTINGS,0,0.1211037017032625,0.2087017667840348,255.6,100.66051857605343,"pearson_r, mutual_information, entropy_reduction_ratio",0.018069487775157402,0.03133607174964081,0.006070727413847954,0.011872732631645554,0.5381694889460208
intent_com.tencent.mm.plugin.openapi.Intent.ACTION_REFRESH_WXAPP,0,0.12100706926723825,0.20604171013201197,267.8,76.24014690437053,"pearson_r, mutual_information, entropy_reduction_ratio",0.011871798124581806,0.04624306199249869,0.0049870350749356505,0.009883097200504664,0.5320503539436705
perm_com.lge.launcher.permission.WRITE_SETTINGS,0,0.12084566433952484,0.1998509111690268,307.9,31.103697529393514,"pearson_r, mutual_information, entropy_reduction_ratio",0.009020270365448923,0.06869805153086184,0.003035363706923977,0.005907825892513814,0.5175668102018757
perm_cn.swiftpass.wxpay.permission.MM_MESSAGE,0,0.12073647567799084,0.18140864528062775,584.2,203.87682555896345,"pearson_r, mutual_information, entropy_reduction_ratio",0.0,0.13568499954319552,0.0,0.0,0.4679973788467587
perm_qiku.permission.READ_WRITE_SAFE_SPACE,0,0.12063642883987125,0.18140051134144405,584.8,202.69622591454439,"pearson_r, mutual_information, entropy_reduction_ratio",0.0,0.13518476535259752,0.0,0.0,0.4679973788467587
perm_android.permission.ACCESS_CHECKIN_PROPERTIES,0,0.12053209113742051,0.18139226328691513,585.0,202.3027434317192,"pearson_r, mutual_information, entropy_reduction_ratio",0.0,0.13466307684034387,0.0,0.0,0.4679973788467587
intent_com.qihoo.appstore.battery.ICON,0,0.12047203254062915,0.18138762425850485,585.4,201.51585545559436,"pearson_r, mutual_information, entropy_reduction_ratio",0.0,0.13436278385638709,0.0,0.0,0.4679973788467587
perm_com.meizu.flyme.launcher.permission.READ_SETTINGS,0,0.12036306758385432,0.1999791259884877,309.1,32.921725349683605,"pearson_r, mutual_information, entropy_reduction_ratio",0.009020270365448923,0.06628506775250918,0.003035363706923977,0.005907825892513814,0.5175668102018757
perm_com.sec.android.permission.VOIP_INTERFACE,0,0.12015293092415273,0.18136430854805263,585.8,200.72907113818863,"pearson_r, mutual_information, entropy_reduction_ratio",0.0,0.13276727577400493,0.0,0.0,0.4679973788467587
perm_com.htc.launcher.permission.WRITE_SETTINGS,0,0.12007944542252999,0.20915189212642818,257.8,105.0202837550918,"pearson_r, mutual_information, entropy_reduction_ratio",0.018069487775157402,0.026214790345978303,0.006070727413847954,0.011872732631645554,0.5381694889460208
perm_me.everything.badger.permission.BADGE_COUNT_READ,0,0.12004513356182751,0.1503579991131364,346.8,311.02533658851655,"pearson_r, mutual_information, entropy_reduction_ratio",0.017050522271253213,0.16889679990254872,0.006388060403507949,0.012834034997988015,0.39505625023383967
intent_com.qihoo.appstore.battery.START_EX,0,0.11981789290719594,0.18134224231225624,586.0,200.33571823316979,"pearson_r, mutual_information, entropy_reduction_ratio",0.0,0.13109208568922096,0.0,0.0,0.4679973788467587
intent_show_setting_page,0,0.11978723415321044,0.1813403465896877,586.2,199.94239170321038,"pearson_r, mutual_information, entropy_reduction_ratio",0.0,0.13093879191929353,0.0,0.0,0.4679973788467587
intent_com.qihoo.commonreceiver.CLEARED,0,0.11972759830071673,0.1813367184596094,586.4,199.5490917042721,"pearson_r, mutual_information, entropy_reduction_ratio",0.0,0.13064061265682494,0.0,0.0,0.4679973788467587
perm_android.permission.WRITE_CLIPS,0,0.11932366258031442,0.18131420740066986,586.8,198.76257192942535,"pearson_r, mutual_information, entropy_reduction_ratio",0.0,0.12862093405481337,0.0,0.0,0.4679973788467587
intent_android.intent.action.CHECK_RECEIVER,0,0.11903013773219287,0.18130010610113825,587.2,197.97616018096724,"pearson_r, mutual_information, entropy_reduction_ratio",0.0,0.12715330981420567,0.0,0.0,0.4679973788467587
intent_qihu360.intent.action.EXPORT_STAT,0,0.11899355982891761,0.18129848197613407,587.4,197.58299521973038,"pearson_r, mutual_information, entropy_reduction_ratio",0.0,0.12697042029782937,0.0,0.0,0.4679973788467587
perm_com.samsung.svoice.sync.ACCESS_SERVICE,0,0.11891648634958454,0.18129515635933158,587.6,197.189857751356,"pearson_r, mutual_information, entropy_reduction_ratio",0.0,0.12658505290116398,0.0,0.0,0.4679973788467587
perm_com.meizu.flyme.launcher.permission.WRITE_SETTINGS,0,0.11875601111739464,0.20043900356893943,313.3,39.773860763069,"pearson_r, mutual_information, entropy_reduction_ratio",0.009020270365448923,0.058249785420210774,0.003035363706923977,0.005907825892513814,0.5175668102018757
intent_com.qihoo.appstore.battery.ACCESSIBILITY_ALERT,0,0.11868895456516852,0.18128610293385256,588.0,196.40366595356616,"pearson_r, mutual_information, entropy_reduction_ratio",0.0,0.12544739397908394,0.0,0.0,0.4679973788467587
intent_action.qihoo360.daemon.pcdaemon.DaemonStatus,0,0.11855232656899932,0.1812812152477802,588.2,196.01061195761824,"pearson_r, mutual_information, entropy_reduction_ratio",0.0,0.12476425399823794,0.0,0.0,0.4679973788467587
perm_com.ibingo.launcher.permission.READ_SETTINGS,0,0.11844902333993282,0.18127779307906478,588.6,195.22458861526638,"pearson_r, mutual_information, entropy_reduction_ratio",0.0,0.12424773785290535,0.0,0.0,0.4679973788467587
intent_cn.ngds.android.intent.alarm,0,0.11827932712465725,0.20058511350727562,314.9,42.53045967303904,"pearson_r, mutual_information, entropy_reduction_ratio",0.009020270365448923,0.05586636545652393,0.003035363706923977,0.005907825892513814,0.5175668102018757
intent_com.xiaomi.mipush.MESSAGE_ARRIVED,0,0.11823703503401584,0.21525383433365183,299.0,237.79571064255975,"pearson_r, entropy_reduction_ratio, f_stat",0.0190698813264617,0.0,0.007901888953413125,0.01567043906008977,0.5485429658301145
intent_android.intent.action.ACTION_BOOT_COMPLETED,0,0.11822183096381016,0.15953287153585455,381.2,282.4835570435915,"pearson_r, mutual_information, entropy_reduction_ratio",0.009135040308155106,0.15659966252229535,0.003396379418455914,0.006679826308054452,0.41529824626209005
perm_android.permission.INTERACT_ACROSS_USERS,0,0.11803345961711972,0.2006622042206715,309.8,52.60950484465711,"pearson_r, mutual_information, entropy_reduction_ratio",0.009020270365448923,0.05463702791883617,0.003035363706923977,0.005907825892513814,0.5175668102018758
perm_android.permission.READ_APP_BADGE,0,0.11802035147163432,0.16013408593302428,395.8,277.26334052665527,"pearson_r, mutual_information, entropy_reduction_ratio",0.008156881370764224,0.15593889419108523,0.0031715456278728613,0.006392058831004665,0.4164423773374446
intent_android.intent.action.NOTIFICATION_UPDATE,0,0.11781676583200992,0.21021361548293754,264.8,118.91198425726483,"pearson_r, entropy_reduction_ratio, mutual_information",0.018069487775157402,0.014901392393377995,0.006070727413847954,0.011872732631645554,0.5381694889460208
intent_com.qihoo360.mobilesafe.pcdaemon.sms.restore.start,0,0.11752001858345587,0.18125759679593692,589.6,193.26003208113156,"pearson_r, mutual_information, entropy_reduction_ratio",0.0,0.1196027140705206,0.0,0.0,0.4679973788467587
intent_android.intent.action.USER_CLEARNOTIFY,0,0.11750039160927091,0.18125737552742452,589.8,192.86720820294985,"pearson_r, mutual_information, entropy_reduction_ratio",0.0,0.11950457919959585,0.0,0.0,0.4679973788467587
intent_com.excelliance.kxqp.action.explore,0,0.11716936013196015,0.1812549243802441,590.4,191.6889146507956,"pearson_r, mutual_information, entropy_reduction_ratio",0.0,0.11784942181304213,0.0,0.0,0.4679973788467587
perm_,0,0.11711874517798279,0.18125476274294394,590.6,191.29621010359824,"pearson_r, mutual_information, entropy_reduction_ratio",0.0,0.11759634704315529,0.0,0.0,0.4679973788467587
intent_com.android.utils.hades.ACTION_INIT_COMMON_RES,0,0.11703926092510816,0.18125462301506096,591.0,190.51089207706735,"pearson_r, mutual_information, entropy_reduction_ratio",0.0,0.11719892577878212,0.0,0.0,0.4679973788467587
perm_android.permission.MANAGE_ACCOUNTS,0,0.11703390938746024,0.2146116128844711,306.8,234.1789059672113,"pearson_r, entropy_reduction_ratio, f_stat",0.01760806759444612,0.0,0.0067618404990105446,0.014720014335146943,0.5460796245086975
perm_com.android.agedlauncher.permission.READ_SETTINGS,0,0.11699216459474429,0.1812546060030801,591.2,190.11827897390614,"pearson_r, mutual_information, entropy_reduction_ratio",0.0,0.11696344412696276,0.0,0.0,0.4679973788467587
intent_com.qihoo.appstore.msplugin.install,0,0.11694101120570466,0.181254642981379,591.4,189.72569673083294,"pearson_r, mutual_information, entropy_reduction_ratio",0.0,0.11670767718176465,0.0,0.0,0.4679973788467587
intent_show_taskmanager,0,0.11665100602412119,0.18125594431764303,591.6,189.33314553981296,"pearson_r, mutual_information, entropy_reduction_ratio",0.0,0.11525765127384734,0.0,0.0,0.4679973788467587
intent_android.intent.action.NEW_OUTGOING_CALL,0,0.11660650403254373,0.21410054992645655,307.4,233.8705624913063,"pearson_r, entropy_reduction_ratio, f_stat",0.017082312187201517,0.0,0.00712628167562447,0.014180053564468269,0.5446438727354245
perm_android.permission.REBOOT_IPO,0,0.1166032379283553,0.20113389630349435,319.1,50.01839661564533,"pearson_r, mutual_information, entropy_reduction_ratio",0.009020270365448923,0.04748591947501406,0.003035363706923977,0.005907825892513814,0.5175668102018757
perm_android.permission.INJECT_EVENTS,0,0.11634828403250301,0.1812592825516735,592.2,188.1556802225221,"pearson_r, mutual_information, entropy_reduction_ratio",0.0,0.11374404131575638,0.0,0.0,0.4679973788467587
intent_com.kingroot.kinguser.ANTILOG_DELETE,0,0.11632251300655168,0.1812596601446218,592.4,187.7632551912115,"pearson_r, mutual_information, entropy_reduction_ratio",0.0,0.1136151861859997,0.0,0.0,0.4679973788467587
intent_com.kingroot.master.action.NAIN_EXIT_NOTIFY,0,0.11631462470925195,0.20123387830118217,320.3,52.20881151683114,"pearson_r, mutual_information, entropy_reduction_ratio",0.009020270365448923,0.04604285337949744,0.003035363706923977,0.005907825892513814,0.5175668102018757
perm_com.sec.android.app.voicenote.Controller,0,0.1160766815201324,0.181263998688586,592.6,187.37086219580675,"pearson_r, mutual_information, entropy_reduction_ratio",0.0,0.1123860287539033,0.0,0.0,0.4679973788467587
intent_com.qihoo.appstore.powerusage.HIGH_TEMPERATURE,0,0.11603519289041472,0.18126486241424,592.8,186.97850143799954,"pearson_r, mutual_information, entropy_reduction_ratio",0.0,0.11217858560531496,0.0,0.0,0.4679973788467587
intent_android.net.wifi.RSSI_CHANGED,0,0.11601511428987085,0.18126529405600078,593.0,186.58617312116138,"pearson_r, mutual_information, entropy_reduction_ratio",0.0,0.1120781926025956,0.0,0.0,0.4679973788467587
intent_com.meizu.flyme.push.intent.REGISTER.FEEDBACK,0,0.11564757594531203,0.18127476687698843,593.2,186.19387745036084,"pearson_r, mutual_information, entropy_reduction_ratio",0.0,0.11024050087980143,0.0,0.0,0.4679973788467587
perm_com.android.launcher.permission.CREATE_SHORTCUT,0,0.11564623983711733,0.20147158089237807,316.2,63.21835176592317,"pearson_r, mutual_information, entropy_reduction_ratio",0.009020270365448923,0.04270092901882408,0.003035363706923977,0.005907825892513814,0.5175668102018758
intent_pre_add_game_uninstalled,0,0.11564518618373318,0.18127483822194088,593.4,185.8016146323815,"pearson_r, mutual_information, entropy_reduction_ratio",0.0,0.11022855207190724,0.0,0.0,0.4679973788467587
perm_android.permission.RECEIVE_WAP_PUSH,0,0.11561855845709242,0.2113327974140107,271.4,132.03082973305894,"pearson_r, entropy_reduction_ratio, f_stat",0.018069487775157402,0.003910355518790392,0.006070727413847954,0.011872732631645554,0.5381694889460208
perm_com.android.launcher2.permission.UNINSTALL_SHORTCUT,0,0.11552655795830043,0.2015150507182571,322.3,55.897763819315706,"pearson_r, mutual_information, entropy_reduction_ratio",0.009020270365448923,0.04210251962473971,0.003035363706923977,0.005907825892513814,0.5175668102018757
perm_telecom.mdesk.permission.WRITE_SETTINGS,0,0.11530645735653129,0.18128622523927326,594.2,184.2328960853626,"pearson_r, mutual_information, entropy_reduction_ratio",0.0,0.1085349079358978,0.0,0.0,0.4679973788467587
intent_com.xiaomi.hy.push.client.ONCLICK,0,0.11529199923205591,0.1812867675961563,594.4,183.84080069451394,"pearson_r, mutual_information, entropy_reduction_ratio",0.0,0.10846261731352082,0.0,0.0,0.4679973788467587
intent_com.tencent.android.tpush.action.SDK,0,0.11527739046346759,0.21295267146061259,315.9,230.0137821957632,"pearson_r, entropy_reduction_ratio, f_stat",0.01593628680503749,0.0,0.006538249630512961,0.012870626176166031,0.5410417897056214
intent_com.tencent.android.tpush.action.INTERNAL_PUSH_MESSAGE,0,0.11527739046346759,0.21295267146061259,315.9,230.0137821957632,"pearson_r, entropy_reduction_ratio, f_stat",0.01593628680503749,0.0,0.006538249630512961,0.012870626176166031,0.5410417897056214
intent_com.tencent.android.tpush.action.FEEDBACK,0,0.11527739046346759,0.21295267146061259,315.9,230.0137821957632,"pearson_r, entropy_reduction_ratio, f_stat",0.01593628680503749,0.0,0.006538249630512961,0.012870626176166031,0.5410417897056214
intent_com.tencent.android.tpush.action.PUSH_MESSAGE,0,0.11527739046346759,0.21295267146061259,315.9,230.0137821957632,"pearson_r, entropy_reduction_ratio, f_stat",0.01593628680503749,0.0,0.006538249630512961,0.012870626176166031,0.5410417897056214
intent_android.intent.action,0,0.11527739046346759,0.21295267146061259,315.9,230.0137821957632,"pearson_r, entropy_reduction_ratio, f_stat",0.01593628680503749,0.0,0.006538249630512961,0.012870626176166031,0.5410417897056214
perm_com.lenovo.launcherhdmarket.permission.READ_SETTINGS,0,0.11504952509569019,0.18129655037329098,594.8,183.05671252374225,"pearson_r, mutual_information, entropy_reduction_ratio",0.0,0.10725024663169228,0.0,0.0,0.4679973788467587
intent_com.qihoo360.mobilesafe.clean.DOWNLOADDLG,0,0.11491040336594441,0.18130274872405916,595.0,182.66472018427643,"pearson_r, mutual_information, entropy_reduction_ratio",0.0,0.10655463798296329,0.0,0.0,0.4679973788467587
perm_android.permission.CLEAR_APP_USER_DATA,0,0.11483648735333433,0.21175156509177964,319.4,227.72294570376522,"pearson_r, entropy_reduction_ratio, f_stat",0.018069487775157402,0.0,0.006070727413847954,0.011872732631645554,0.5381694889460208
intent_com.excelliance.kxqp.platform.gameplugin.action.BIND_REMOTE,0,0.11483648735333433,0.21175156509177964,319.4,227.72294570376522,"pearson_r, entropy_reduction_ratio, f_stat",0.018069487775157402,0.0,0.006070727413847954,0.011872732631645554,0.5381694889460208
intent_com.snowfish.a.a.s.ABGSvc,0,0.11483648735333433,0.21175156509177964,319.4,227.72294570376522,"pearson_r, entropy_reduction_ratio, f_stat",0.018069487775157402,0.0,0.006070727413847954,0.011872732631645554,0.5381694889460208
intent_co.ronash.pushe.RECEIVE,0,0.11483648735333433,0.21175156509177964,319.4,227.72294570376522,"pearson_r, entropy_reduction_ratio, f_stat",0.018069487775157402,0.0,0.006070727413847954,0.011872732631645554,0.5381694889460208
intent_android.intent.action.UMS_DISCONNECTED,0,0.11483648735333433,0.21175156509177964,319.4,227.72294570376522,"pearson_r, entropy_reduction_ratio, f_stat",0.018069487775157402,0.0,0.006070727413847954,0.011872732631645554,0.5381694889460208
perm_com.tencent.mtt.extension.Player,0,0.11483648735333433,0.21175156509177964,319.4,227.72294570376522,"pearson_r, entropy_reduction_ratio, f_stat",0.018069487775157402,0.0,0.006070727413847954,0.011872732631645554,0.5381694889460208
intent_cn.play.dservice,0,0.11483648735333432,0.21175156509177961,320.9,226.8326255193463,"pearson_r, entropy_reduction_ratio, f_stat",0.018069487775157402,0.0,0.006070727413847954,0.011872732631645554,0.5381694889460207
perm_android.permission.WRITE_CALL_LOG,0,0.11481672346295595,0.20213396296342265,311.2,73.14478792094485,"pearson_r, mutual_information, entropy_reduction_ratio",0.007270388636080936,0.03946005567227889,0.003071817750805623,0.006064288139112648,0.5182170671165016
intent_com.cootek.smartinputv5.action.SP.DESTROY,0,0.11479962052039856,0.18130798972242368,595.2,182.27276263885398,"pearson_r, mutual_information, entropy_reduction_ratio",0.0,0.10600072375523407,0.0,0.0,0.4679973788467587
intent_android.accessibilityservice.AccessibilityService,0,0.11457967847020711,0.21257397369774172,321.4,227.3276050109181,"pearson_r, entropy_reduction_ratio, f_stat",0.014785726150741854,0.0,0.006143635501611246,0.012365739766381096,0.5396032909323014
intent_com.Remind.alarm.enable,0,0.11454718508157882,0.18132094291206866,595.6,181.48895283184595,"pearson_r, mutual_information, entropy_reduction_ratio",0.0,0.10473854656113536,0.0,0.0,0.4679973788467587
intent_com.telecom.sdk_auth_ui.SMS_SEND_ACTIOIN,0,0.11447923339355744,0.18132466968214392,596.4,179.9217607739542,"pearson_r, mutual_information, entropy_reduction_ratio",0.0,0.10439878812102847,0.0,0.0,0.4679973788467587
intent_android.net.wifi.STATE_CHANGE,0,0.11433950443179652,0.2123893099229291,326.0,225.13729144679698,"pearson_r, entropy_reduction_ratio, f_stat",0.014528131039400578,0.0,0.006015223911659094,0.012156318770682547,0.5389978484372404
perm_android.permission.BIND_DIRECTORY_SEARCH,0,0.11431227290335592,0.18133425878947435,597.2,178.35515131332764,"pearson_r, mutual_information, entropy_reduction_ratio",0.0,0.10356398567002094,0.0,0.0,0.4679973788467587
intent_com.kingroot.kinguser.action.update,0,0.11429863619499495,0.2019768917045909,325.9,62.63417597446301,"pearson_r, mutual_information, entropy_reduction_ratio",0.009020270365448923,0.0359629108082123,0.003035363706923977,0.005907825892513814,0.5175668102018757
perm_com.google.android.googleapps.permission.GOOGLE_AUTH.dodgeball,0,0.11413784760387355,0.18134493280460762,597.4,177.96359178213953,"pearson_r, mutual_information, entropy_reduction_ratio",0.0,0.10269185917260905,0.0,0.0,0.4679973788467587
intent_android.intent.action.ERROR_NOTIFY,0,0.11406179833713839,0.18134979654227915,597.6,177.57206987586758,"pearson_r, mutual_information, entropy_reduction_ratio",0.0,0.10231161283893325,0.0,0.0,0.4679973788467587
perm_com.google.android.providers.talk.permission.WRITE_ONLY,0,0.11394153904790585,0.18135774781636807,598.0,176.7891399379498,"pearson_r, mutual_information, entropy_reduction_ratio",0.0,0.10171031639277053,0.0,0.0,0.4679973788467587
perm_android.permission.INTERACT_ACROSS_USERS_FULL,0,0.11386577844534289,0.19042242200450685,352.4,34.94338277843174,"pearson_r, mutual_information, entropy_reduction_ratio",0.0014365931916689389,0.07581345227438507,0.0006025491422325202,0.0011916404068798515,0.490284657211548
intent_com.sogou.androidtool.action.specialdetail,0,0.1137479132440107,0.1813712193747165,598.4,176.00636352132273,"pearson_r, mutual_information, entropy_reduction_ratio",0.0,0.10074218737329478,0.0,0.0,0.4679973788467587
perm_com.sec.android.settings.permission.SOFT_RESET,0,0.11374543121333783,0.18137139742344852,598.6,175.61503352503738,"pearson_r, mutual_information, entropy_reduction_ratio",0.0,0.10072977721993048,0.0,0.0,0.4679973788467587
intent_com.google.android.gms.measurement.UPLOAD,0,0.11371501316467145,0.10333795719793826,303.4,353.35908082289325,"pearson_r, mutual_information, entropy_reduction_ratio",0.08284555285293632,0.08573538077698697,0.027104586655804657,0.056873785012052376,0.316015760525577
intent_com.qihoo360.daemon.pcdaemon.NotifyServiceStart2,0,0.11371344784394015,0.18137370389341845,598.8,175.22374268346172,"pearson_r, mutual_information, entropy_reduction_ratio",0.0,0.10056986037294202,0.0,0.0,0.4679973788467587
perm_android.permission.BLUETOOTH_ADMIN,0,0.11367593658737576,0.21206248827502683,335.0,220.29253278311546,"pearson_r, entropy_reduction_ratio, f_stat",0.014094826305132986,0.0,0.0048929801651720626,0.011708043916015445,0.5376838325505583
perm_com.qihoo.appstore.rtservice.ACCESS_RTSERVICE,0,0.11363425740961261,0.18137951163601113,599.2,174.44127951835253,"pearson_r, mutual_information, entropy_reduction_ratio",0.0,0.10017390820130435,0.0,0.0,0.4679973788467587
intent_cn.jpush.android.intent.NOTIFICATION_CLICK_ACTION,0,0.11347824207790613,0.18139135769420228,599.6,173.65897615729511,"pearson_r, mutual_information, entropy_reduction_ratio",0.0,0.099393831542772,0.0,0.0,0.4679973788467587
intent_com.excelliance.kxqp.action.SmtServService,0,0.11345090006322849,0.1813934889371949,599.8,173.26788507972273,"pearson_r, mutual_information, entropy_reduction_ratio",0.0,0.09925712146938373,0.0,0.0,0.4679973788467587
intent_com.qihoo.appstore.ACTION_WIRTE_CHANNEL_AND_INSTALL,0,0.1133900331447113,0.1813982924700935,600.0,172.87683476972848,"pearson_r, mutual_information, entropy_reduction_ratio",0.0,0.09895278687679782,0.0,0.0,0.4679973788467587
intent_com.qihoo.appstore.launcher.shortcut.MYSOFT,0,0.11334550100530685,0.1814018585528775,600.2,172.4858255045904,"pearson_r, mutual_information, entropy_reduction_ratio",0.0,0.09873012617977554,0.0,0.0,0.4679973788467587
perm_com.samsung.android.providers.context.permission.WRITE_USE_APP_FEATURE_SURVEY,0,0.11323956305395208,0.16374617803457747,437.0,253.33929817539166,"pearson_r, mutual_information, entropy_reduction_ratio",0.005578698815371326,0.12800291519154253,0.002129353467835983,0.004174499228964236,0.4263123485660464
intent_android.intent.action.ACTION_MEDIA_EJECT,0,0.11297624633034464,0.1814331096395016,600.8,171.31304678862026,"pearson_r, mutual_information, entropy_reduction_ratio",0.0,0.09688385280496449,0.0,0.0,0.4679973788467587
intent_com.huawei.intent.action.PUSH,0,0.11258646536683412,0.2039158191516112,312.9,87.72935654614139,"pearson_r, mutual_information, entropy_reduction_ratio",0.007865760617210697,0.02506611202155225,0.0033246900499571018,0.006538394704311648,0.5201373694411389
perm_com.sec.android.app.twlauncher.settings.READ_SETTINGS,0,0.11247096615567057,0.18148073407527845,601.8,169.35926310656882,"pearson_r, mutual_information, entropy_reduction_ratio",0.0,0.09435745193159412,0.0,0.0,0.4679973788467587
perm_com.qiku.launcher.permission.WRITE_SETTINGS,0,0.11244725867687637,0.18148310648704702,602.0,168.96863614292448,"pearson_r, mutual_information, entropy_reduction_ratio",0.0,0.09423891453762315,0.0,0.0,0.4679973788467587
intent_com.chance.service,0,0.11243911329948411,0.18148392444854985,602.2,168.57805313859808,"pearson_r, mutual_information, entropy_reduction_ratio",0.0,0.0941981876506618,0.0,0.0,0.4679973788467587
intent_com.android.utils.hades.ACTION_UPDATE_SYS_WRAPPER,0,0.11231195205659295,0.18149688314328624,602.8,167.40657095825122,"pearson_r, mutual_information, entropy_reduction_ratio",0.0,0.09356238143620607,0.0,0.0,0.4679973788467587
intent_com.qihoo.appstore.notification.notify_action,0,0.11221074784333966,0.18150745062114054,603.0,167.0161668821315,"pearson_r, mutual_information, entropy_reduction_ratio",0.0,0.0930563603699397,0.0,0.0,0.4679973788467587
intent_android.net.wifi.WIFI_STATE_CHANGED,0,0.11219380002024013,0.19999391237684794,355.2,49.628217779807485,"pearson_r, mutual_information, entropy_reduction_ratio",0.005423894262745845,0.03747641093622328,0.002218083087534057,0.004513267913014615,0.5113373439016828
intent_com.qihoo.appstore.launcher.shortcut.VIDEOWALLPAPER,0,0.11208563273490244,0.1815208259475446,603.4,166.23549560788754,"pearson_r, mutual_information, entropy_reduction_ratio",0.0,0.09243078482775349,0.0,0.0,0.4679973788467587
intent_com.easou.eyou.START_EPAY_PROXY_ACTIVITY,0,0.11205186789386375,0.18152449448646643,603.6,165.84522905407923,"pearson_r, mutual_information, entropy_reduction_ratio",0.0,0.09226196062256005,0.0,0.0,0.4679973788467587
intent_com.qihoo.appstore.launcher.shortcut.WEBVIEW,0,0.11204847364589776,0.18152486465593598,603.8,165.4550089903597,"pearson_r, mutual_information, entropy_reduction_ratio",0.0,0.09224498938273017,0.0,0.0,0.4679973788467587
intent_com.qihoo.appstore.ACTION_EVENT_STAT,0,0.11196710708998188,0.18153381407616823,604.0,165.06483574644238,"pearson_r, mutual_information, entropy_reduction_ratio",0.0,0.09183815660315064,0.0,0.0,0.4679973788467587
perm_com.google.android.googleapps.permission.GOOGLE_AUTH.sierra,0,0.11191343532481772,0.18153979698204295,604.4,164.28463105232942,"pearson_r, mutual_information, entropy_reduction_ratio",0.0,0.09156979777732992,0.0,0.0,0.4679973788467587
perm_android.permission.SET_WALLPAPER,0,0.11188998471574207,0.20288549188501048,356.2,60.25080912319767,"pearson_r, mutual_information, entropy_reduction_ratio",0.0070064192087379885,0.026329977015514525,0.002939455280100648,0.005849959488806286,0.5173241125855509
intent_qihooappstore.gotoadmin,0,0.11185660061015172,0.18154620144385036,604.6,163.8946002771293,"pearson_r, mutual_information, entropy_reduction_ratio",0.0,0.0912856242039999,0.0,0.0,0.4679973788467587
perm_android.permission.REAL_GET_TASKS,0,0.11176108871896964,0.19717970918512315,356.1,43.118905366439904,"pearson_r, mutual_information, entropy_reduction_ratio",0.003908806002043464,0.045235404710678974,0.0016623450249785509,0.003244409778545109,0.5047544780786021
intent_com.onesignal.NotificationExtender,0,0.11137888555110442,0.17635929206503748,472.9,225.8400761601005,"pearson_r, mutual_information, entropy_reduction_ratio",0.00047046816418613207,0.1003734101177086,0.00019271297075289153,0.000375609405295702,0.4554822270975788
intent_com.esbook.receiver.CLICK_BOOK_UPDATE,0,0.1112713099857507,0.1816162809838417,605.8,161.55543940084468,"pearson_r, mutual_information, entropy_reduction_ratio",0.0,0.08835917108199479,0.0,0.0,0.4679973788467587
intent_cryopiggy.start,0,0.11119328150755836,0.18162619158820942,606.0,161.1657531859669,"pearson_r, mutual_information, entropy_reduction_ratio",0.0,0.08796902869103314,0.0,0.0,0.4679973788467587
intent_com.datouniao.AdPublisher.service.check,0,0.11109391795420906,0.18163900531512323,606.2,160.7761176294539,"pearson_r, mutual_information, entropy_reduction_ratio",0.0,0.0874722109242867,0.0,0.0,0.4679973788467587
intent_action_send_cancel,0,0.11109195086049717,0.18163926117326043,606.4,160.38653310050688,"pearson_r, mutual_information, entropy_reduction_ratio",0.0,0.08746237545572719,0.0,0.0,0.4679973788467587
intent_com.kingroot.common.ACTION_SWITCH_IN_DESKTOP,0,0.11089389238827099,0.18166545676988136,606.8,159.6075186198946,"pearson_r, mutual_information, entropy_reduction_ratio",0.0,0.08647208309459628,0.0,0.0,0.4679973788467587
intent_com.excelliance.open.action.appstate,0,0.11088895852342576,0.20340935951282824,334.5,79.05820640515442,"pearson_r, mutual_information, entropy_reduction_ratio",0.009020270365448923,0.018914522450366365,0.003035363706923977,0.005907825892513814,0.5175668102018757
intent_com.qihoo.appstore.ACTION_CLEAR_CREATE_SHORTCUT,0,0.11088444650270872,0.18166672758526883,607.0,159.21808942453745,"pearson_r, mutual_information, entropy_reduction_ratio",0.0,0.08642485366678497,0.0,0.0,0.4679973788467587
perm_com.xiaomi.sdk.permission.PAYMENT,0,0.11087523054749937,0.20341556857068932,328.8,85.86827120654054,"pearson_r, mutual_information, entropy_reduction_ratio",0.009020270365448923,0.01884588257073436,0.003035363706923977,0.005907825892513814,0.5175668102018758
perm_android.permission.REORDER_TASKS,0,0.11076141387264819,0.20933023061585396,348.4,213.99495321151852,"pearson_r, entropy_reduction_ratio, f_stat",0.010849240826434726,0.0,0.004538733880878537,0.009065054413960818,0.5293540402419669
perm_com.baiqi.weather.permission.READ_SETTINGS,0,0.11073695769570227,0.18168682383614812,607.4,158.43938904199297,"pearson_r, mutual_information, entropy_reduction_ratio",0.0,0.08568740963175266,0.0,0.0,0.4679973788467587
perm_android.permission.ACCESS_FINE_LOCATION,0,0.11061341975760001,0.20995087032380472,364.4,210.8180257947598,"pearson_r, entropy_reduction_ratio, f_stat",0.01148162408198916,0.0,0.0017752120710234692,0.00938551208653626,0.5304247505484512
perm_android.permission.SYSTEM_OVERLAY_WINDOW,0,0.11059129802999104,0.20918387968966545,350.4,213.028261035948,"pearson_r, entropy_reduction_ratio, f_stat",0.010682043053048249,0.0,0.004452447454040006,0.00892881617431359,0.5288931834685533
perm_com.huawei.launcher2.permission.WRITE_SETTINGS,0,0.11049455730239224,0.18172088770440262,607.6,158.05011863329938,"pearson_r, mutual_information, entropy_reduction_ratio",0.0,0.08447540766520246,0.0,0.0,0.4679973788467587
intent_com.mobutils.android.mediation.MaterialNotificationReceiver.ACTION_CANCEL_NOTIFICATION,0,0.11046811347629011,0.18172468163933186,607.8,157.66090193830556,"pearson_r, mutual_information, entropy_reduction_ratio",0.0,0.08434318853469183,0.0,0.0,0.4679973788467587
intent_show_lock_set_email,0,0.11046361309765232,0.18172532884008874,608.2,156.88263128848905,"pearson_r, mutual_information, entropy_reduction_ratio",0.0,0.08432068664150284,0.0,0.0,0.4679973788467587
intent_org.agoo.android.intent.action.ELECTION_V2,0,0.11041883781957325,0.20362399113211088,336.5,82.92285571541781,"pearson_r, mutual_information, entropy_reduction_ratio",0.009020270365448923,0.01656391893110388,0.003035363706923977,0.005907825892513814,0.5175668102018757
perm_com.google.android.googleapps.permission.GOOGLE_AUTH.adwords,0,0.11039171335368163,0.1817357289026261,608.4,156.4935781430024,"pearson_r, mutual_information, entropy_reduction_ratio",0.0,0.08396118792164947,0.0,0.0,0.4679973788467587
intent_aspire.iap.SMS_DELIVERED_ACTION,0,0.11031748261839583,0.18174658487919565,608.8,155.7156382641127,"pearson_r, mutual_information, entropy_reduction_ratio",0.0,0.08359003424522049,0.0,0.0,0.4679973788467587
intent_com.secneo.plugin.action.DAILY,0,0.11030029828653434,0.18174911521969242,609.0,155.32675236416938,"pearson_r, mutual_information, entropy_reduction_ratio",0.0,0.08350411258591306,0.0,0.0,0.4679973788467587
intent_com.excelliance.open.action.fw,0,0.11005606748504797,0.203792423152767,337.5,84.85988451559429,"pearson_r, mutual_information, entropy_reduction_ratio",0.009020270365448923,0.014750067258477424,0.003035363706923977,0.005907825892513814,0.5175668102018757
intent_com.door.pay.sdk.app.action,0,0.11005279437535971,0.18178627626258304,609.8,153.77177894529282,"pearson_r, mutual_information, entropy_reduction_ratio",0.0,0.08226659303003987,0.0,0.0,0.4679973788467587
intent_com.Remind.launch.app,0,0.1100376861490849,0.18178858806560066,610.0,153.3831803034479,"pearson_r, mutual_information, entropy_reduction_ratio",0.0,0.08219105189866584,0.0,0.0,0.4679973788467587
intent_com.excelliance.kxqp.action.smtsrv,0,0.1099388787420521,0.1818038302950439,610.2,152.99464042900328,"pearson_r, mutual_information, entropy_reduction_ratio",0.0,0.08169701486350182,0.0,0.0,0.4679973788467587
intent_com.qihoo.appstore.ACTION_MEM_SCAN,0,0.10980062205803982,0.1818255164230042,610.4,152.60615977082972,"pearson_r, mutual_information, entropy_reduction_ratio",0.0,0.08100573144344042,0.0,0.0,0.4679973788467587
intent_com.qihoo.appstore.NOTIFY_DELETE,0,0.10978104095085588,0.18182862158595978,610.6,152.21773878231144,"pearson_r, mutual_information, entropy_reduction_ratio",0.0,0.08090782590752074,0.0,0.0,0.4679973788467587
perm_android.permission.READ_CELL_BROADCASTS,0,0.10969740139214335,0.18184197946591693,610.8,151.8293779214023,"pearson_r, mutual_information, entropy_reduction_ratio",0.0,0.08048962811395807,0.0,0.0,0.4679973788467587
perm_com.google.android.googleapps.permission.GOOGLE_AUTH.health,0,0.10961288714295443,0.1818556323372317,611.0,151.44107765068236,"pearson_r, mutual_information, entropy_reduction_ratio",0.0,0.08006705686801349,0.0,0.0,0.4679973788467587
perm_org.simalliance.openmobileapi.SMARTCARD,0,0.10944298030082997,0.20765872837863614,308.8,118.50637113674522,"pearson_r, entropy_reduction_ratio, f_stat",0.009458121991406006,0.0013411779968430368,0.003950944476706563,0.007743066891009092,0.5247215901481852
intent_android.service.notification.NotificationListenerService,0,0.10941021842736162,0.1558526659749276,389.6,275.6473108883887,"pearson_r, mutual_information, entropy_reduction_ratio",0.01050831246077262,0.11448474390543095,0.004046721473020976,0.008128878592714552,0.409882435704869
perm_com.anddoes.launcher.permission.WRITE_SETTINGS,0,0.10939714761260118,0.20410459688869106,338.9,87.57648086101656,"pearson_r, mutual_information, entropy_reduction_ratio",0.009020270365448923,0.01145546789624345,0.003035363706923977,0.005907825892513814,0.5175668102018757
intent_android.intent.action.ANY_DATA_STATE,0,0.10917474470146138,0.20779901052855604,355.4,210.6443448089694,"pearson_r, entropy_reduction_ratio, f_stat",0.009458121991406006,0.0,0.003950944476706563,0.007743066891009092,0.5247215901481852
intent_android.intent.action.EXTERNAL_APPLICATIONS_AVAILABLE,0,0.10917474470146138,0.20779901052855604,355.4,210.6443448089694,"pearson_r, entropy_reduction_ratio, f_stat",0.009458121991406006,0.0,0.003950944476706563,0.007743066891009092,0.5247215901481852
intent_android.intent.action.PACKAGE_CHANGED,0,0.10917474470146138,0.20779901052855604,355.4,210.6443448089694,"pearson_r, entropy_reduction_ratio, f_stat",0.009458121991406006,0.0,0.003950944476706563,0.007743066891009092,0.5247215901481852
intent_com.mobiletool.appstore.action.main,0,0.10914462068471018,0.1819341055142645,611.8,149.88849188646873,"pearson_r, mutual_information, entropy_reduction_ratio",0.0,0.07772572457679222,0.0,0.0,0.4679973788467587
intent_android.fbreader.action.CLOSE,0,0.1090447148753196,0.18195146752485994,612.0,149.5005016713991,"pearson_r, mutual_information, entropy_reduction_ratio",0.0,0.0772261955298393,0.0,0.0,0.4679973788467587
perm_com.yulong3.android.launcher.permission.WRITE_SETTINGS,0,0.1089662782168522,0.1819652511342685,612.4,148.72471213621492,"pearson_r, mutual_information, entropy_reduction_ratio",0.0,0.07683401223750239,0.0,0.0,0.4679973788467587
intent_show_fold,0,0.10895395797648358,0.18196742835461407,612.6,148.33691381446496,"pearson_r, mutual_information, entropy_reduction_ratio",0.0,0.07677241103565918,0.0,0.0,0.4679973788467587
perm_com.samsung.android.providers.context.permission.WRITE_RECORD_AUDIO,0,0.10889294906335845,0.18197825857157943,612.8,147.94918046410396,"pearson_r, mutual_information, entropy_reduction_ratio",0.0,0.07646736647003358,0.0,0.0,0.4679973788467587
intent_com.qihoo.appstore.ACTION_GAME_UNION_GIFT_LiST,0,0.10886678625459947,0.1819829278238688,613.0,147.5615125972894,"pearson_r, mutual_information, entropy_reduction_ratio",0.0,0.07633655242623871,0.0,0.0,0.4679973788467587
perm_android.permission.WRITE_SOCIAL_STREAM,0,0.10877310344542371,0.18199976970479592,613.4,146.78637538954357,"pearson_r, mutual_information, entropy_reduction_ratio",0.0,0.07586813838035987,0.0,0.0,0.4679973788467587
intent_com.qihoo.appstore.plugin.START_PLUGIN_FROM_PROXY_LISTENER,0,0.10875888591343696,0.18200234239135024,613.8,146.0115063959002,"pearson_r, mutual_information, entropy_reduction_ratio",0.0,0.07579705072042617,0.0,0.0,0.4679973788467587
intent_com.qihoo.appstore.launcher.shortcut.PLAYGAME,0,0.10871113396208106,0.18201101543817397,614.0,145.62417381739888,"pearson_r, mutual_information, entropy_reduction_ratio",0.0,0.07555829096364654,0.0,0.0,0.4679973788467587
intent_android.net.conn.MEDIA_NOFS,0,0.10867278847743973,0.18201801599293405,614.2,145.23690990929268,"pearson_r, mutual_information, entropy_reduction_ratio",0.0,0.07536656354044001,0.0,0.0,0.4679973788467587
intent_com.qihoo.appstore.launcher.shortcut.HAOWU,0,0.10861680548122629,0.1820282940834103,614.4,144.84971522236418,"pearson_r, mutual_information, entropy_reduction_ratio",0.0,0.07508664855937283,0.0,0.0,0.4679973788467587
perm_org.adwfreak.launcher.permission.WRITE_SETTINGS,0,0.10835374743684903,0.18207750382754703,615.2,143.30163990687618,"pearson_r, mutual_information, entropy_reduction_ratio",0.0,0.07377135833748648,0.0,0.0,0.4679973788467587
perm_android.permission.RAISED_THREAD_PRIORITY,0,0.10823944172063607,0.1662237243934315,453.5,237.23385087293087,"pearson_r, mutual_information, entropy_reduction_ratio",0.00559596805410294,0.09859623214049226,0.0015657316526983178,0.00304331080678953,0.4323959659490973
perm_android.permission.WRITE_PROFILE,0,0.10822760787536734,0.1821016349723919,615.6,142.5280323304858,"pearson_r, mutual_information, entropy_reduction_ratio",0.0,0.07314066053007805,0.0,0.0,0.4679973788467587
intent_com.qihoo.appstore.reservation.alarm,0,0.10809230294687662,0.18212790440543697,615.8,142.1413381110506,"pearson_r, mutual_information, entropy_reduction_ratio",0.0,0.07246413588762442,0.0,0.0,0.4679973788467587
intent_com.morgoo.droidplugin.ACTION_SHORTCUT_PROXY,0,0.1079421918589489,0.18215751442723171,616.0,141.75471773454314,"pearson_r, mutual_information, entropy_reduction_ratio",0.0,0.07171358044798587,0.0,0.0,0.4679973788467587
perm_telecom.mdesk.permission.READ_SETTINGS,0,0.10780123872640619,0.18218576400471448,616.8,140.20898687316728,"pearson_r, mutual_information, entropy_reduction_ratio",0.0,0.07100881478527227,0.0,0.0,0.4679973788467587
intent_com.sogou.androidtool.action.backtomarket,0,0.10779635721298116,0.1821867500855126,617.2,139.43658056622016,"pearson_r, mutual_information, entropy_reduction_ratio",0.0,0.07098440721814712,0.0,0.0,0.4679973788467587
intent_com.excelliance.dualaid.action.download,0,0.10775365336605922,0.18219539847358976,617.4,139.05049442558627,"pearson_r, mutual_information, entropy_reduction_ratio",0.0,0.07077088798353744,0.0,0.0,0.4679973788467587
intent_oh.rt.hj.j.g,0,0.10773547924684974,0.1821990911188036,617.6,138.66448716235894,"pearson_r, mutual_information, entropy_reduction_ratio",0.0,0.07068001738749,0.0,0.0,0.4679973788467587
intent_com.qihoo.appstore.checkupdate.RESTART_ALL_DOWNLOAD,0,0.10773085345293092,0.1822000321404204,617.8,138.27855943710145,"pearson_r, mutual_information, entropy_reduction_ratio",0.0,0.0706568884178959,0.0,0.0,0.4679973788467587
perm_android.permission.MOUNT_FORMAT_FILESYSTEMS,0,0.10768047449923254,0.18653884352554867,382.8,35.2272621700864,"pearson_r, mutual_information, entropy_reduction_ratio",0.00028263878744342236,0.05988065989698437,0.00012050982844650403,0.00023439299196019797,0.47788417099132824
intent_android.intent.action.MEDIA_REMOVED,0,0.10757324296252369,0.20630004577852235,373.4,204.41878582948289,"pearson_r, entropy_reduction_ratio, f_stat",0.007865760617210697,0.0,0.0033246900499571018,0.006538394704311648,0.520137369441139
intent_com.huawei.android.push.intent.REGISTRATION,0,0.10757324296252366,0.2063000457785223,373.9,204.02117537157756,"pearson_r, entropy_reduction_ratio, f_stat",0.007865760617210697,0.0,0.0033246900499571018,0.006538394704311648,0.5201373694411389
intent_com.huawei.intent.action.PUSH_STATE,0,0.10757324296252366,0.2063000457785223,373.9,204.02117537157756,"pearson_r, entropy_reduction_ratio, f_stat",0.007865760617210697,0.0,0.0033246900499571018,0.006538394704311648,0.5201373694411389
intent_com.qihoo.appstore.stable_notification_broadcast,0,0.10748485710270746,0.18225074454981355,618.0,137.89271191763544,"pearson_r, mutual_information, entropy_reduction_ratio",0.0,0.06942690666677856,0.0,0.0,0.4679973788467587
perm_com.huawei.launcher3.permission.READ_SETTINGS,0,0.10746385611405107,0.1822551348036545,618.2,137.50694527913853,"pearson_r, mutual_information, entropy_reduction_ratio",0.0,0.06932190172349666,0.0,0.0,0.4679973788467587
suspicious_getDeviceId,0,0.10720219087584952,0.20677480964732364,397.0,198.78229297399707,"pearson_r, entropy_reduction_ratio, f_stat",0.00849016111584789,0.0,0.00014437557841492416,0.0066808047457032555,0.5206956129392816
perm_android.permission.READ_OWNER_DATA,0,0.10716462876480379,0.1808084721719509,498.2,206.15760960973523,"pearson_r, mutual_information, entropy_reduction_ratio",3.487108892099861e-05,0.07118985601824414,1.4517097121009577e-05,2.8404007161435715e-05,0.4645554956125714
intent_com.mobiletool.appstore.browser.highspeed,0,0.10713359281691497,0.18232543495879142,618.8,136.35013751368206,"pearson_r, mutual_information, entropy_reduction_ratio",0.0,0.06767058523781613,0.0,0.0,0.4679973788467587
perm_android.permission.BROADCAST_SMS,0,0.1071060540333525,0.20525221074894306,386.0,196.65502790419572,"pearson_r, entropy_reduction_ratio, f_stat",0.009020270365448923,0.0,0.003035363706923977,0.005907825892513814,0.5175668102018758
perm_android.permission.SIGNAL_PERSISTENT_PROCESSES,0,0.1071060540333525,0.20525221074894306,386.0,196.65502790419572,"pearson_r, entropy_reduction_ratio, f_stat",0.009020270365448923,0.0,0.003035363706923977,0.005907825892513814,0.5175668102018758
intent_com.excelliance.kxqp.NEXT_CHAPTER,0,0.1071060540333525,0.20525221074894306,386.0,196.65502790419572,"pearson_r, entropy_reduction_ratio, f_stat",0.009020270365448923,0.0,0.003035363706923977,0.005907825892513814,0.5175668102018758
perm_android.permission.BACKUP,0,0.1071060540333525,0.20525221074894306,386.0,196.65502790419572,"pearson_r, entropy_reduction_ratio, f_stat",0.009020270365448923,0.0,0.003035363706923977,0.005907825892513814,0.5175668102018758
intent_com.adroid.SERVICE,0,0.1071060540333525,0.20525221074894306,386.0,196.65502790419572,"pearson_r, entropy_reduction_ratio, f_stat",0.009020270365448923,0.0,0.003035363706923977,0.005907825892513814,0.5175668102018758
intent_com.baidu.autoupdatesdk.ACTION_AS_DOWNLOAD_COMPLETE,0,0.1071060540333525,0.20525221074894306,386.0,196.65502790419572,"pearson_r, entropy_reduction_ratio, f_stat",0.009020270365448923,0.0,0.003035363706923977,0.005907825892513814,0.5175668102018758
intent_com.baidu.autoupdatesdk.ACTION_NEW_UPDATE,0,0.1071060540333525,0.20525221074894306,386.0,196.65502790419572,"pearson_r, entropy_reduction_ratio, f_stat",0.009020270365448923,0.0,0.003035363706923977,0.005907825892513814,0.5175668102018758
intent_com.baidu.autoupdatesdk.ACTION_NEW_AS,0,0.1071060540333525,0.20525221074894306,386.0,196.65502790419572,"pearson_r, entropy_reduction_ratio, f_stat",0.009020270365448923,0.0,0.003035363706923977,0.005907825892513814,0.5175668102018758
intent_com.baidu.autoupdatesdk.ACTION_DOWNLOAD_COMPLETE,0,0.1071060540333525,0.20525221074894306,386.0,196.65502790419572,"pearson_r, entropy_reduction_ratio, f_stat",0.009020270365448923,0.0,0.003035363706923977,0.005907825892513814,0.5175668102018758
perm_com.motorola.dlauncher.permission.READ_SETTINGS,0,0.1071060540333525,0.20525221074894306,386.0,196.65502790419572,"pearson_r, entropy_reduction_ratio, f_stat",0.009020270365448923,0.0,0.003035363706923977,0.005907825892513814,0.5175668102018758
perm_com.facebook.katana.provider.ACCESS,0,0.1071060540333525,0.20525221074894306,386.0,196.65502790419572,"pearson_r, entropy_reduction_ratio, f_stat",0.009020270365448923,0.0,0.003035363706923977,0.005907825892513814,0.5175668102018758
intent_android.intent.action.DATA_SMS_RECEIVED,0,0.1071060540333525,0.20525221074894306,386.0,196.65502790419572,"pearson_r, entropy_reduction_ratio, f_stat",0.009020270365448923,0.0,0.003035363706923977,0.005907825892513814,0.5175668102018758
perm_android.Manifest.permission.READ_PHONE_STATE,0,0.1071060540333525,0.20525221074894306,386.0,196.65502790419572,"pearson_r, entropy_reduction_ratio, f_stat",0.009020270365448923,0.0,0.003035363706923977,0.005907825892513814,0.5175668102018758
perm_com.google.android.launcher.permission.READ_SETTINGS,0,0.10710605403335247,0.20525221074894304,391.9,192.1880329260904,"pearson_r, entropy_reduction_ratio, f_stat",0.009020270365448923,0.0,0.003035363706923977,0.005907825892513814,0.5175668102018757
perm_android.permission.MANAGE_USERS,0,0.10710605403335247,0.20525221074894304,391.9,192.1880329260904,"pearson_r, entropy_reduction_ratio, f_stat",0.009020270365448923,0.0,0.003035363706923977,0.005907825892513814,0.5175668102018757
perm_com.android.launcher2.permission.WRITE_SETTINGS,0,0.10710605403335247,0.20525221074894304,391.9,192.1880329260904,"pearson_r, entropy_reduction_ratio, f_stat",0.009020270365448923,0.0,0.003035363706923977,0.005907825892513814,0.5175668102018757
perm_com.google.android.launcher.permission.WRITE_SETTINGS,0,0.10710605403335247,0.20525221074894304,391.9,192.1880329260904,"pearson_r, entropy_reduction_ratio, f_stat",0.009020270365448923,0.0,0.003035363706923977,0.005907825892513814,0.5175668102018757
perm_com.miui.mihome2.permission.READ_SETTINGS,0,0.10710605403335247,0.20525221074894304,391.9,192.1880329260904,"pearson_r, entropy_reduction_ratio, f_stat",0.009020270365448923,0.0,0.003035363706923977,0.005907825892513814,0.5175668102018757
intent_org.agoo.android.intent.action.RE_ELECTION_V2,0,0.10710605403335247,0.20525221074894304,391.9,192.1880329260904,"pearson_r, entropy_reduction_ratio, f_stat",0.009020270365448923,0.0,0.003035363706923977,0.005907825892513814,0.5175668102018757
intent_org.agoo.android.intent.action.PING,0,0.10710605403335247,0.20525221074894304,391.9,192.1880329260904,"pearson_r, entropy_reduction_ratio, f_stat",0.009020270365448923,0.0,0.003035363706923977,0.005907825892513814,0.5175668102018757
intent_com.excelliance.open.action.gameverchk,0,0.10710605403335247,0.20525221074894304,391.9,192.1880329260904,"pearson_r, entropy_reduction_ratio, f_stat",0.009020270365448923,0.0,0.003035363706923977,0.005907825892513814,0.5175668102018757
intent_com.excelliance.open.action.dmchk,0,0.10710605403335247,0.20525221074894304,391.9,192.1880329260904,"pearson_r, entropy_reduction_ratio, f_stat",0.009020270365448923,0.0,0.003035363706923977,0.005907825892513814,0.5175668102018757
intent_com.excelliance.open.NEXT_CHAPTER,0,0.10710605403335247,0.20525221074894304,391.9,192.1880329260904,"pearson_r, entropy_reduction_ratio, f_stat",0.009020270365448923,0.0,0.003035363706923977,0.005907825892513814,0.5175668102018757
intent_com.kingroot.master.action.TRAFFIC_STATISTICS,0,0.10710605403335247,0.20525221074894304,391.9,192.1880329260904,"pearson_r, entropy_reduction_ratio, f_stat",0.009020270365448923,0.0,0.003035363706923977,0.005907825892513814,0.5175668102018757
intent_com.kingroot.master.action.MAIN_EXIT_CHECK,0,0.10710605403335247,0.20525221074894304,391.9,192.1880329260904,"pearson_r, entropy_reduction_ratio, f_stat",0.009020270365448923,0.0,0.003035363706923977,0.005907825892513814,0.5175668102018757
perm_com.android.launcher2.permission.INSTALL_SHORTCUT,0,0.10710605403335247,0.20525221074894304,391.9,192.1880329260904,"pearson_r, entropy_reduction_ratio, f_stat",0.009020270365448923,0.0,0.003035363706923977,0.005907825892513814,0.5175668102018757
intent_com.excelliance.open.action.queryUpdate,0,0.10710605403335247,0.20525221074894304,391.9,192.1880329260904,"pearson_r, entropy_reduction_ratio, f_stat",0.009020270365448923,0.0,0.003035363706923977,0.005907825892513814,0.5175668102018757
intent_com.excelliance.open.action.startPromptActivity,0,0.10710605403335247,0.20525221074894304,391.9,192.1880329260904,"pearson_r, entropy_reduction_ratio, f_stat",0.009020270365448923,0.0,0.003035363706923977,0.005907825892513814,0.5175668102018757
perm_com.facebook.katana.permission.C2D_MESSAGE,0,0.10701875282039908,0.1823504341895502,619.0,135.9647013014775,"pearson_r, mutual_information, entropy_reduction_ratio",0.0,0.06709638525523672,0.0,0.0,0.4679973788467587
intent_com.mobiletool.appstore.action.topicdetail,0,0.10693939166951236,0.18236787713837854,619.2,135.57934946001177,"pearson_r, mutual_information, entropy_reduction_ratio",0.0,0.06669957950080314,0.0,0.0,0.4679973788467587
intent_android.intent.action.ACTION_SHUTDOWN,0,0.10692471232850016,0.2056616290531679,379.4,201.41658322988204,"pearson_r, entropy_reduction_ratio, f_stat",0.007270388636080936,0.0,0.003071817750805623,0.006064288139112648,0.5182170671165016
perm_android.permission.SET_DEBUG_APP,0,0.10692471232850016,0.2056616290531679,379.4,201.41658322988204,"pearson_r, entropy_reduction_ratio, f_stat",0.007270388636080936,0.0,0.003071817750805623,0.006064288139112648,0.5182170671165016
perm_com.google.android.googleapps.permission.GOOGLE_AUTH.local,0,0.10676689527240671,0.1824062610691459,619.8,134.42380741520455,"pearson_r, mutual_information, entropy_reduction_ratio",0.0,0.06583709751527485,0.0,0.0,0.4679973788467587
intent_android.intent.action.PHONE_STATE,0,0.10669323270081743,0.20543887115548887,416.8,180.4681689384585,"pearson_r, entropy_reduction_ratio, f_stat",0.007069426967098247,0.0,0.0029532845006620158,0.0059018127958700714,0.5175416392404568
perm_com.google.android.googleapps.permission.GOOGLE_AUTH.adsense,0,0.10667730678427993,0.18242645054655596,620.2,133.65388135029974,"pearson_r, mutual_information, entropy_reduction_ratio",0.0,0.065389155074641,0.0,0.0,0.4679973788467587
perm_com.bbk.launcher2.permission.WRITE_SETTINGS,0,0.10666314186599954,0.18242965863089394,620.4,133.26905117093017,"pearson_r, mutual_information, entropy_reduction_ratio",0.0,0.06531833048323908,0.0,0.0,0.4679973788467587
intent_com.sogou.androidtool.action.extend,0,0.10665225488053096,0.1824321272775488,620.6,132.88431058631414,"pearson_r, mutual_information, entropy_reduction_ratio",0.0,0.06526389555589618,0.0,0.0,0.4679973788467587
intent_com.qihoo.appstore.ACTION_GAME_UNION_DESK,0,0.10657485822386965,0.18244975106931346,621.2,131.73063425035195,"pearson_r, mutual_information, entropy_reduction_ratio",0.0,0.06487691227258952,0.0,0.0,0.4679973788467587
intent_com.excelliance.dualaid.action.appcrash,0,0.10654817863828445,0.18245585625101507,621.4,131.3462599391395,"pearson_r, mutual_information, entropy_reduction_ratio",0.0,0.06474351434466358,0.0,0.0,0.4679973788467587
intent_com.qihoo.appstore.ACTION_START_RADICALROOT,0,0.1060304855045007,0.1825773684779798,621.8,130.57779290522564,"pearson_r, mutual_information, entropy_reduction_ratio",0.0,0.06215504867574483,0.0,0.0,0.4679973788467587
intent_com.qihoo.appstore.ACTION_CLEAN_START_SERVICE,0,0.10602869810155295,0.18257779804591112,622.2,129.80970687895416,"pearson_r, mutual_information, entropy_reduction_ratio",0.0,0.062146111661006045,0.0,0.0,0.4679973788467587
perm_xmpp.permission.RECEIVE_NOTIFICATION,0,0.10596916445243285,0.18259214522350703,622.4,129.42580886361114,"pearson_r, mutual_information, entropy_reduction_ratio",0.0,0.061848443415405574,0.0,0.0,0.4679973788467587
perm_com.android.mylauncher.permission.READ_SETTINGS,0,0.10580395946488327,0.1826323591109011,622.6,129.0420086638456,"pearson_r, mutual_information, entropy_reduction_ratio",0.0,0.06102241847765766,0.0,0.0,0.4679973788467587
perm_com.tencent.mm.ext.permission.READ,0,0.10565686483452823,0.18266866012036856,623.0,128.27470522281467,"pearson_r, mutual_information, entropy_reduction_ratio",0.0,0.06028694532588252,0.0,0.0,0.4679973788467587
perm_com.anddoes.launcher.permission.UPDATE_COUNT,0,0.10560209631046899,0.15188537355938586,387.2,285.6343116644077,"pearson_r, mutual_information, entropy_reduction_ratio",0.013528174035985139,0.09702971310871503,0.005156610761552788,0.010589188884395447,0.4017067947616965
intent_android.settings.SYNC_SETTINGS,0,0.10557059769720811,0.1826901667424921,623.4,127.50780368275504,"pearson_r, mutual_information, entropy_reduction_ratio",0.0,0.05985560963928192,0.0,0.0,0.4679973788467587
perm_com.huaqin.launcherEx.permission.READ_SETTINGS,0,0.10523619553182828,0.18277504946142453,624.0,126.35822094347482,"pearson_r, mutual_information, entropy_reduction_ratio",0.0,0.05818359881238267,0.0,0.0,0.4679973788467587
intent_android.accounts.AccountAuthenticator,0,0.10510040575090665,0.12028288882897373,328.9,347.90248633776673,"pearson_r, entropy_reduction_ratio, mutual_information",0.06815408553797907,0.057311323905916006,0.01878877983237981,0.03795958181788159,0.3432882576603768
intent_android.intent.action.SIG_STR,0,0.10507049118398111,0.18281800288007083,624.6,125.20958429768865,"pearson_r, mutual_information, entropy_reduction_ratio",0.0,0.05735507707314684,0.0,0.0,0.4679973788467587
intent_action.com.excelliance.install.plugin,0,0.10497965589969113,0.18284179956362445,625.0,124.44436507933978,"pearson_r, mutual_information, entropy_reduction_ratio",0.0,0.05690090065169702,0.0,0.0,0.4679973788467587
intent_com.excelliance.dualaid.act.action.ext,0,0.104898955357093,0.18286308999152026,625.2,124.06192002383327,"pearson_r, mutual_information, entropy_reduction_ratio",0.0,0.05649739793870627,0.0,0.0,0.4679973788467587
intent_downfile,0,0.1045008106078125,0.18297017628591442,626.4,121.76961854255764,"pearson_r, mutual_information, entropy_reduction_ratio",0.0,0.054506674192303796,0.0,0.0,0.4679973788467587
intent_com.qihoo.appstore.download_some_apk,0,0.104432839150376,0.18298879812492785,626.6,121.38797304510855,"pearson_r, mutual_information, entropy_reduction_ratio",0.0,0.05416681690512135,0.0,0.0,0.4679973788467587
intent_com.qihoo.appstore.utils.ActivityBroadcastReceiver.ACTION_INTENT_TRANSFER,0,0.10423446590882254,0.18304371203218928,627.0,120.62503886009736,"pearson_r, mutual_information, entropy_reduction_ratio",0.0,0.05317495069735407,0.0,0.0,0.4679973788467587
perm_xvtian.gai.receiver,0,0.10404711791264117,0.18309634815400183,627.4,119.86258799141623,"pearson_r, mutual_information, entropy_reduction_ratio",0.0,0.05223821071644717,0.0,0.0,0.4679973788467587
intent_com.excelliance.dualaid.action.process.64,0,0.10403182425490351,0.18310067814812747,627.6,119.48154669236585,"pearson_r, mutual_information, entropy_reduction_ratio",0.0,0.05216174242775884,0.0,0.0,0.4679973788467587
intent_com.qihoo.appstore.checkupdate.INIT_APK_INFO,0,0.10399644961864248,0.1831107127240748,627.8,119.10062972125715,"pearson_r, mutual_information, entropy_reduction_ratio",0.0,0.051984869246453666,0.0,0.0,0.4679973788467587
perm_android.permission.WRITE_CALENDAR,0,0.10396635656013535,0.1673502042616925,470.0,224.4228152394493,"pearson_r, mutual_information, entropy_reduction_ratio",0.0035660292784972045,0.07855628772501834,0.0013914177171698598,0.0028650293203152243,0.4334530187596761
perm_com.sonyericsson.home.permission.BROADCAST_BADGE,0,0.10395351589496953,0.15161412264928034,391.4,285.11583610876477,"pearson_r, mutual_information, entropy_reduction_ratio",0.01381529590405777,0.08895572730108069,0.0052502833801576715,0.010851557699227486,0.400894715190324
intent_com.alimama.mobile.sdk.download.action,0,0.10385351558517752,0.18315153093766184,628.0,118.71983827482246,"pearson_r, mutual_information, entropy_reduction_ratio",0.0,0.05127019907912893,0.0,0.0,0.4679973788467587
intent_com.qihoo.appstore.CHECK_APP_UPDATE_DESK_NOTIFICATION,0,0.1035500167533806,0.1832396509526148,628.2,118.33917356480059,"pearson_r, mutual_information, entropy_reduction_ratio",0.0,0.04975270492014428,0.0,0.0,0.4679973788467587
intent_com.qihoo.sdkplugging.host.service.CommonHostProxyService,0,0.10333678324311715,0.18330273957212306,628.4,117.95863681816606,"pearson_r, mutual_information, entropy_reduction_ratio",0.0,0.048686537368827054,0.0,0.0,0.4679973788467587
perm_android.permission.BIND_ACCESSIBILITY_SERVICE,0,0.10320685109897543,0.1785739638769832,499.4,204.9327694635487,"pearson_r, mutual_information, entropy_reduction_ratio",0.0003224784856168797,0.057752989111861705,0.0001325536423543046,0.0002609645657683778,0.45756526968927586
perm_android.permission.READ_SOCIAL_STREAM,0,0.10316603885734783,0.18335395658276524,629.0,116.81780686179654,"pearson_r, mutual_information, entropy_reduction_ratio",0.0,0.047832815439980525,0.0,0.0,0.4679973788467587
perm_com.sonyericsson.homescreen.permission.READ_SETTINGS,0,0.10310297153464235,0.18337303166228813,629.2,116.43779455142561,"pearson_r, mutual_information, entropy_reduction_ratio",0.0,0.04751747882645307,0.0,0.0,0.4679973788467587
perm_cn.nubia.launcher.permission.WRITE_SETTINGS,0,0.10309902455524451,0.18337422826810257,629.4,116.05791657616469,"pearson_r, mutual_information, entropy_reduction_ratio",0.0,0.047497743929463876,0.0,0.0,0.4679973788467587
intent_show_notificationcenter,0,0.10305821659706811,0.18338661947794516,629.8,115.29856894168289,"pearson_r, mutual_information, entropy_reduction_ratio",0.0,0.04729370413858183,0.0,0.0,0.4679973788467587
perm_android.permission.LOCAL_MAC_ADDRESS,0,0.10304557461916078,0.18339046537455567,630.0,114.91910198048016,"pearson_r, mutual_information, entropy_reduction_ratio",0.0,0.047230494249045206,0.0,0.0,0.4679973788467587
intent_com.qihoo360.mobilesafe.pcdaemon.filehandle,0,0.10288498228947278,0.18343961648852802,630.2,114.53977475095715,"pearson_r, mutual_information, entropy_reduction_ratio",0.0,0.04642753260060518,0.0,0.0,0.4679973788467587
intent_com.qihoo.appstore.battery.STOP,0,0.10286969221595968,0.18344432482286235,630.4,114.16058864599464,"pearson_r, mutual_information, entropy_reduction_ratio",0.0,0.0463510822330397,0.0,0.0,0.4679973788467587
perm_org.adw.launcher.permission.READ_SETTINGS,0,0.10271400777683384,0.20102478181689906,427.3,175.93055448102243,"pearson_r, entropy_reduction_ratio, f_stat",0.003908806002043464,0.0,0.0016623450249785509,0.003244409778545109,0.5047544780786021
perm_android.permission.UPDATE_DEVICE_STATS,0,0.10271400777683384,0.20102478181689906,427.3,175.93055448102243,"pearson_r, entropy_reduction_ratio, f_stat",0.003908806002043464,0.0,0.0016623450249785509,0.003244409778545109,0.5047544780786021
intent_android.app.action.DEVICE_ADMIN_ENABLED,0,0.10264143161805292,0.19002673939922402,390.1,46.65233113146652,"pearson_r, mutual_information, entropy_reduction_ratio",0.0005675886645009521,0.029920245222256656,0.00024101965689300806,0.00047072893263558883,0.48200757561397845
intent_android.intent.action.DATE_CHANGED,0,0.10259133768381974,0.20089216858131395,429.2,175.03074015726494,"pearson_r, entropy_reduction_ratio, f_stat",0.0038121706878225725,0.0,0.00160128306225841,0.0031762606902269847,0.5043669739787907
perm_com.google.android.gms.permission.AD_ID_NOTIFICATION,0,0.10254408132115689,0.1835457723563095,631.4,112.26682501968246,"pearson_r, mutual_information, entropy_reduction_ratio",0.0,0.04472302775902579,0.0,0.0,0.4679973788467587
perm_com.ty.launcher.permission.READ_SETTINGS,0,0.10244379086650957,0.1835774729700658,631.8,111.51035826325733,"pearson_r, mutual_information, entropy_reduction_ratio",0.0,0.044221575485789096,0.0,0.0,0.4679973788467587
intent_com.amazon.device.messaging.intent.RECEIVE,0,0.10236053948870456,0.1540217540381131,400.2,276.8901587272469,"pearson_r, mutual_information, entropy_reduction_ratio",0.016832720359259336,0.07486947022939638,0.004697194958094952,0.00919333578021661,0.40620997611655557
intent_com.snipermob.sdk.notification,0,0.10233009140464874,0.18361367041007598,632.0,111.13235352497489,"pearson_r, mutual_information, entropy_reduction_ratio",0.0,0.043653078176485054,0.0,0.0,0.4679973788467587
perm_android.permission.CHANGE_WIFI_MULTICAST_STATE,0,0.10231732281880841,0.20056011867498058,432.6,173.6175106376082,"pearson_r, entropy_reduction_ratio, f_stat",0.0036164276419469615,0.0,0.0015260316735207524,0.0030144331391540042,0.5034297216394203
intent_show_encourage,0,0.10220518918198498,0.18365375068988884,632.2,110.75450329444848,"pearson_r, mutual_information, entropy_reduction_ratio",0.0,0.04302856706316622,0.0,0.0,0.4679973788467587
perm_android.permission.WRITE_SECURE_SETTINGS,0,0.10213560333222638,0.20033516305298524,434.0,172.95606378499713,"pearson_r, entropy_reduction_ratio, f_stat",0.0034873610592658986,0.0,0.0014841491513466688,0.0029078637914229013,0.5027986426590965
perm_android.permission.RUN_INSTRUMENTATION,0,0.10213560333222638,0.20033516305298524,434.0,172.95606378499713,"pearson_r, entropy_reduction_ratio, f_stat",0.0034873610592658986,0.0,0.0014841491513466688,0.0029078637914229013,0.5027986426590965
intent_android.intent.action.MEDIA_EJECT,0,0.10212918965053434,0.20032947307041382,435.6,172.16979990695233,"pearson_r, entropy_reduction_ratio, f_stat",0.003483557875558694,0.0,0.0014766422503310079,0.002904889535585642,0.5027808585911964
intent_com.qihoo.appstore.launcher.shortcut.EBOOK,0,0.10187423869001497,0.1837615501670115,633.0,109.2446795043127,"pearson_r, mutual_information, entropy_reduction_ratio",0.0,0.04137381460331613,0.0,0.0,0.4679973788467587
perm_android.permission.READ_USER_DICTIONARY,0,0.10173862361332642,0.1838063938629002,633.2,108.86762604190467,"pearson_r, mutual_information, entropy_reduction_ratio",0.0,0.04069573921987342,0.0,0.0,0.4679973788467587
intent_com.qihoo.appstore.launcher.shortcut.APP_GROUP,0,0.10171922049548401,0.18381284170418066,633.4,108.49073693177681,"pearson_r, mutual_information, entropy_reduction_ratio",0.0,0.04059872363066137,0.0,0.0,0.4679973788467587
perm_com.motorola.mmsp.motoswitch.permission.READ_SETTINGS,0,0.10166524908800992,0.18383081881311442,633.6,108.11401389274197,"pearson_r, mutual_information, entropy_reduction_ratio",0.0,0.04032886659329083,0.0,0.0,0.4679973788467587
intent_com.excelliance.dualaid.action.notifystatus,0,0.10139206065501656,0.18392275893324952,634.4,106.60881764657181,"pearson_r, mutual_information, entropy_reduction_ratio",0.0,0.03896292442832411,0.0,0.0,0.4679973788467587
perm_com.google.android.googleapps.permission.GOOGLE_AUTH,0,0.10121569487946573,0.18398295138197054,634.6,106.23295157341718,"pearson_r, mutual_information, entropy_reduction_ratio",0.0,0.038081095550569995,0.0,0.0,0.4679973788467587
perm_android.permission.ACCESS_WIFI_STATE.android.permission.READ_PHONE_STATE,0,0.1011061424815723,0.1840206713921703,634.8,105.85726238666858,"pearson_r, mutual_information, entropy_reduction_ratio",0.0,0.03753333356110279,0.0,0.0,0.4679973788467587
intent_com.meizu.cloud.pushservice.action.PUSH_SERVICE_START,0,0.10107797987927084,0.1840304089644519,635.2,105.10642225858514,"pearson_r, mutual_information, entropy_reduction_ratio",0.0,0.03739252054959549,0.0,0.0,0.4679973788467587
intent_android.intent.action.SCREEN_OFF,0,0.10106600403766634,0.1889475555796226,397.4,49.4594783636059,"pearson_r, mutual_information, entropy_reduction_ratio",0.0003165098314166063,0.026195329239697075,0.00013165100803275119,0.0002607794770650771,0.47842575063212023
perm_com.qiku.android.launcher3.permission.READ_UNREAD,0,0.10102768723505581,0.1840478398713746,635.4,104.7312751760428,"pearson_r, mutual_information, entropy_reduction_ratio",0.0,0.03714105732852046,0.0,0.0,0.4679973788467587
perm_com.samsung.android.providers.context.permission.READ_RECORD_AUDIO,0,0.10097235534664865,0.18406707892380983,635.8,103.98153682264942,"pearson_r, mutual_information, entropy_reduction_ratio",0.0,0.03686439788648464,0.0,0.0,0.4679973788467587
intent_com.amazon.device.messaging.intent.REGISTRATION,0,0.10094950071398615,0.1672826840072016,474.5,222.31711585030965,"pearson_r, mutual_information, entropy_reduction_ratio",0.00559596805410294,0.06214652710724251,0.0015657316526983178,0.00304331080678953,0.43239596594909735
intent_com.qihoo.appstore.ACTION_CHARGE_START_PLUGIN,0,0.10086324380117233,0.18410520633999755,636.0,103.60694957385822,"pearson_r, mutual_information, entropy_reduction_ratio",0.0,0.03631884015910299,0.0,0.0,0.4679973788467587
intent_download.service.action,0,0.10084896717321738,0.18411021364839117,636.2,103.23255300533839,"pearson_r, mutual_information, entropy_reduction_ratio",0.0,0.03624745701932822,0.0,0.0,0.4679973788467587
intent_android.intent.action.SEND_MULTIPLE,0,0.10060985401012798,0.16468322304493702,471.8,227.93586817348427,"pearson_r, mutual_information, entropy_reduction_ratio",0.0052897626921407535,0.06500762509975679,0.002080298388136841,0.004128279931826328,0.42654330393877926
intent_cn.xiaoneng.xpush.service,0,0.100566652085008,0.1842101124774845,636.8,102.11052835041058,"pearson_r, mutual_information, entropy_reduction_ratio",0.0,0.0348358815782813,0.0,0.0,0.4679973788467587
intent_com.qihoo.appstore.ACTION_UPDATE_LAST_WX_CLEAR,0,0.10048715653211455,0.18423854489499825,637.0,101.73691562063398,"pearson_r, mutual_information, entropy_reduction_ratio",0.0,0.03443840381381406,0.0,0.0,0.4679973788467587
perm_android.permission.EXPAND_STATUS_BAR,0,0.1003170948716439,0.1980245999719282,439.8,170.27201766585137,"pearson_r, entropy_reduction_ratio, f_stat",0.0023274561184830097,0.0,0.0009640786275720323,0.0019309337556739081,0.4963630058564906
perm_sec.android.permission.READ_MSG_PREF,0,0.10023443990332181,0.1843298134433224,637.2,101.36350428038683,"pearson_r, mutual_information, entropy_reduction_ratio",0.0,0.03317482066985039,0.0,0.0,0.4679973788467587
intent_com.qihoo.appstore.MEMCLEAR,0,0.100103421332878,0.1843776583493949,637.6,100.61729473604426,"pearson_r, mutual_information, entropy_reduction_ratio",0.0,0.0325197278176313,0.0,0.0,0.4679973788467587
intent_com.qihoo.appstore.launcher.shortcut.VIDEO,0,0.10007646144334385,0.18438754812506108,637.8,100.24450109607011,"pearson_r, mutual_information, entropy_reduction_ratio",0.0,0.032384928369960625,0.0,0.0,0.4679973788467587
intent_com.qihoo.appstore.launcher.shortcut.HOME_GAME,0,0.10007383288689979,0.18438851318137986,638.0,99.87191797497432,"pearson_r, mutual_information, entropy_reduction_ratio",0.0,0.03237178558774024,0.0,0.0,0.4679973788467587
perm_com.tencent.msf.permission.account.sync,0,0.09993136789249699,0.18444103481036286,638.2,99.49954773766562,"pearson_r, mutual_information, entropy_reduction_ratio",0.0,0.03165946061572627,0.0,0.0,0.4679973788467587
suspicious_getPackageInfo,0,0.09985308483842718,0.16723958876726955,488.1,218.70354363841477,"pearson_r, mutual_information, entropy_reduction_ratio",0.003908806002043464,0.0608657037645401,1.0034275804699628e-05,0.0032406005348322255,0.4312402796149154
intent_android.intent.action.MAIN,0,0.09976821502910208,0.15100421504505648,426.9,278.37284350309744,"pearson_r, mutual_information, entropy_reduction_ratio",0.018069487775157402,0.07104452114530374,2.438043138091594e-05,0.011877417046171745,0.3978252687474966
perm_com.android.voicemail.permission.READ_WRITE_ALL_VOICEMAIL,0,0.09935857802666648,0.18465648807463328,639.4,97.26993368970702,"pearson_r, mutual_information, entropy_reduction_ratio",0.0,0.028795511286573705,0.0,0.0,0.4679973788467587
intent_android.appwidget.action.APPWIDGET_UPDATE,0,0.09930997306845805,0.1695198079496237,487.2,214.5687768525514,"pearson_r, mutual_information, entropy_reduction_ratio",0.003061876841542526,0.05384187851191764,0.0012026663605028888,0.0024602351721828373,0.4359832084561444
intent_com.baidu.action.Xshield.VIEW,0,0.09911715753920686,0.18474935037342438,639.6,96.89912280304708,"pearson_r, mutual_information, entropy_reduction_ratio",0.0,0.02758840884927562,0.0,0.0,0.4679973788467587
intent_com.excelliance.dualaid.platform.gameplugin.action.START_FROM_SHORTCUT,0,0.09899634100487578,0.18479627853662448,639.8,96.52854500094777,"pearson_r, mutual_information, entropy_reduction_ratio",0.0,0.026984326177620237,0.0,0.0,0.4679973788467587
intent_com.qihoo.appstore.ACTION_UNINSTALL,0,0.09895895552745779,0.18481086158229362,640.2,95.78809946961053,"pearson_r, mutual_information, entropy_reduction_ratio",0.0,0.026797398790530214,0.0,0.0,0.4679973788467587
perm_android.permission.READ_CLIPS,0,0.0989021136230743,0.18483308979567073,640.4,95.41823725053823,"pearson_r, mutual_information, entropy_reduction_ratio",0.0,0.0265131892686128,0.0,0.0,0.4679973788467587
intent_com.qihoo.appstore.QihooAlliance,0,0.09854833529898414,0.18497294662870697,641.6,93.2042917466787,"pearson_r, mutual_information, entropy_reduction_ratio",0.0,0.02474429764816205,0.0,0.0,0.4679973788467587
intent_com.qihoo360.daemon.pcdaemon.ACTION_START_CAPTURE,0,0.09851715472289067,0.18498539774329142,642.0,92.46837297151929,"pearson_r, mutual_information, entropy_reduction_ratio",0.0,0.024588394767694723,0.0,0.0,0.4679973788467587
intent_qcast.service.Link_service,0,0.0984615950431988,0.18500763401060513,642.2,92.10081432864749,"pearson_r, mutual_information, entropy_reduction_ratio",0.0,0.024310596369235323,0.0,0.0,0.4679973788467587
perm_com.google.android.googleapps.permission.GOOGLE_AUTH.talk,0,0.09833801068924189,0.1850573250133724,642.4,91.73352713157823,"pearson_r, mutual_information, entropy_reduction_ratio",0.0,0.023692674599450812,0.0,0.0,0.4679973788467587
intent_com.qihoo.appstore.ACTION_STABLE_NOTIFICATION_CLICK,0,0.09831866842095692,0.18506513085352427,642.6,91.36651465389276,"pearson_r, mutual_information, entropy_reduction_ratio",0.0,0.023595963258025935,0.0,0.0,0.4679973788467587
intent_com.qihoo.appstore.ACTION_HANDLE_SYSTEM_APP,0,0.09813922162545483,0.18513791875903546,642.8,90.99978021951482,"pearson_r, mutual_information, entropy_reduction_ratio",0.0,0.022698729280515424,0.0,0.0,0.4679973788467587
perm_android.permission.BROADCAST_PACKAGE_INSTALL,0,0.09809341426232558,0.19489927970363963,443.6,168.48335229333492,"pearson_r, entropy_reduction_ratio, f_stat",0.0011445365507767077,0.0,0.00048203931378601613,0.000949327044176448,0.48789116840288876
perm_android.permission.BROADCAST_PACKAGE_REPLACED,0,0.09809341426232558,0.19489927970363963,443.6,168.48335229333492,"pearson_r, entropy_reduction_ratio, f_stat",0.0011445365507767077,0.0,0.00048203931378601613,0.000949327044176448,0.48789116840288876
perm_android.permission.SET_WALLPAPER_HINTS,0,0.09809341426232558,0.19489927970363963,443.6,168.48335229333492,"pearson_r, entropy_reduction_ratio, f_stat",0.0011445365507767077,0.0,0.00048203931378601613,0.000949327044176448,0.48789116840288876
perm_com.s.launcher.permission.READ_SETTINGS,0,0.0980840244127266,0.18516044220935785,643.0,90.63332720362858,"pearson_r, mutual_information, entropy_reduction_ratio",0.0,0.022422743216874243,0.0,0.0,0.4679973788467587
intent_android.net.wifi.PICK_WIFI_WORK,0,0.09801074295686894,0.1851904424572937,643.2,90.26715903361531,"pearson_r, mutual_information, entropy_reduction_ratio",0.0,0.02205633593758606,0.0,0.0,0.4679973788467587
perm_com.google.android.googleapps.permission.GOOGLE_AUTH.mobile,0,0.09782319664495638,0.18526772684368048,643.4,89.9012791900093,"pearson_r, mutual_information, entropy_reduction_ratio",0.0,0.02111860437802322,0.0,0.0,0.4679973788467587
intent_com.kinguser.kingroot.ACTION_INSTALL,0,0.09770251188826598,0.18531784322934508,643.6,89.53569120747323,"pearson_r, mutual_information, entropy_reduction_ratio",0.0,0.020515180594571258,0.0,0.0,0.4679973788467587
intent_com.mobiletool.appstore.action.service,0,0.09768103900865731,0.18532679172763644,643.8,89.17039867579375,"pearson_r, mutual_information, entropy_reduction_ratio",0.0,0.020407816196527897,0.0,0.0,0.4679973788467587
perm_android.permission.USE_CREDENTIALS,0,0.09763989247573131,0.1383948333430691,367.0,318.33378708519143,"pearson_r, mutual_information, entropy_reduction_ratio",0.027920906789928743,0.055326043532265,0.010177549513103455,0.021937165904211374,0.37283779663914796
perm_com.yulong.android.launcher.permission.WRITE_SETTINGS,0,0.09749803444757674,0.18540344225279173,644.4,88.07633053210154,"pearson_r, mutual_information, entropy_reduction_ratio",0.0,0.019492793391124957,0.0,0.0,0.4679973788467587
intent_com.android.utils.hades.ACTION_UPDATE_COMMON_RES,0,0.09743036706257135,0.18543195931673226,644.6,87.71225684019309,"pearson_r, mutual_information, entropy_reduction_ratio",0.0,0.019154456466098105,0.0,0.0,0.4679973788467587
intent_com.taobao.accs.intent.action.START_FROM_AGOO,0,0.09742328743035425,0.1938840794171716,448.3,166.21841053264828,"pearson_r, entropy_reduction_ratio, f_stat",0.0008548782280000557,0.0,0.00036152948533951215,0.0007090343903089738,0.48519099504812274
intent_com.taobao.accs.intent.action.RECEIVE,0,0.09742328743035425,0.1938840794171716,448.3,166.21841053264828,"pearson_r, entropy_reduction_ratio, f_stat",0.0008548782280000557,0.0,0.00036152948533951215,0.0007090343903089738,0.48519099504812274
intent_com.taobao.accs.intent.action.SERVICE,0,0.09742328743035425,0.1938840794171716,448.3,166.21841053264828,"pearson_r, entropy_reduction_ratio, f_stat",0.0008548782280000557,0.0,0.00036152948533951215,0.0007090343903089738,0.48519099504812274
perm_android.permission.ACCESS_GPS,0,0.09742328743035424,0.19388407941717153,448.8,165.78226684419536,"pearson_r, entropy_reduction_ratio, f_stat",0.0008548782280000557,0.0,0.00036152948533951215,0.0007090343903089738,0.48519099504812263
perm_com.qihoo.appstore.update.permission.clear_sdk,0,0.09742310435910222,0.1854350256464096,644.8,87.34849741123197,"pearson_r, mutual_information, entropy_reduction_ratio",0.0,0.019118142948752394,0.0,0.0,0.4679973788467587
perm_org.adw.launcher_donut.permission.WRITE_SETTINGS,0,0.09721535628928128,0.1855231974247626,645.4,86.25914444277777,"pearson_r, mutual_information, entropy_reduction_ratio",0.0,0.018079402599647725,0.0,0.0,0.4679973788467587
perm_android.permission.NFC,0,0.0972010868192464,0.1935400764933924,450.8,164.95502417325758,"pearson_r, entropy_reduction_ratio, f_stat",0.0007702650624037777,0.0,0.0003183605372751436,0.0006359361062376641,0.4842808723903154
perm_com.google.android.googleapps.permission.GOOGLE_AUTH.mail,0,0.09712742482010306,0.18556078462818057,645.8,85.53455442100578,"pearson_r, mutual_information, entropy_reduction_ratio",0.0,0.017639745253756604,0.0,0.0,0.4679973788467587
perm_com.yulong2.android.launcher.permission.WRITE_SETTINGS,0,0.09706868452580128,0.18558598237177537,646.0,85.1727656002786,"pearson_r, mutual_information, entropy_reduction_ratio",0.0,0.01734604378224768,0.0,0.0,0.4679973788467587
intent_android.fbreader.action.PLUGIN,0,0.09698651200487189,0.18562135082721432,646.2,84.81131999916049,"pearson_r, mutual_information, entropy_reduction_ratio",0.0,0.016935181177600813,0.0,0.0,0.4679973788467587
intent_com.areametrics.areametricssdk.AMLocationUpdatesBroadcastReceiver.ACTION_PROCESS_UPDATES,0,0.09696111087837514,0.18563231198191185,646.4,84.45022202457493,"pearson_r, mutual_information, entropy_reduction_ratio",0.0,0.016808175545116977,0.0,0.0,0.4679973788467587
intent_com.kingroot.kinguser.gamebox.ACTION_GAME_REPLACE,0,0.09691232536132835,0.1856534011986924,646.8,83.72908694115803,"pearson_r, mutual_information, entropy_reduction_ratio",0.0,0.016564247959883052,0.0,0.0,0.4679973788467587
intent_com.qihoo.hongbao.LOGIN,0,0.09687683123130067,0.1856687754744702,647.2,83.00939705840538,"pearson_r, mutual_information, entropy_reduction_ratio",0.0,0.016386777309744686,0.0,0.0,0.4679973788467587
intent_com.mobiletool.appstore.service.weathernotifyreceiver,0,0.09683487101758963,0.18568698389643712,647.4,82.65010586805077,"pearson_r, mutual_information, entropy_reduction_ratio",0.0,0.016176976241189463,0.0,0.0,0.4679973788467587
intent_com.umeng.message.disablecallback.action,0,0.09665738257360162,0.19267519651084433,453.0,163.95609168310887,"pearson_r, entropy_reduction_ratio, f_stat",0.0005675886645009521,0.0,0.00024101965689300806,0.00047072893263558883,0.48200757561397856
intent_com.umeng.message.enablecallback.action,0,0.09665738257360162,0.19267519651084433,453.0,163.95609168310887,"pearson_r, entropy_reduction_ratio, f_stat",0.0005675886645009521,0.0,0.00024101965689300806,0.00047072893263558883,0.48200757561397856
intent_com.taobao.accs.intent.action.ELECTION,0,0.09665738257360162,0.19267519651084433,453.0,163.95609168310887,"pearson_r, entropy_reduction_ratio, f_stat",0.0005675886645009521,0.0,0.00024101965689300806,0.00047072893263558883,0.48200757561397856
intent_android.intent.action.BATTERY_CHANGED,0,0.0966573825736016,0.19267519651084433,453.5,163.51636003776503,"pearson_r, entropy_reduction_ratio, f_stat",0.0005675886645009521,0.0,0.00024101965689300806,0.00047072893263558883,0.48200757561397845
perm_com.zte.mifavor.launcher.permission.WRITE_SETTINGS,0,0.09641400465756966,0.18587161400195165,648.6,80.5024223238034,"pearson_r, mutual_information, entropy_reduction_ratio",0.0,0.014072644441089658,0.0,0.0,0.4679973788467587
intent_pushy.me,0,0.0961889329687088,0.1859718391014217,648.8,80.14586701758239,"pearson_r, mutual_information, entropy_reduction_ratio",0.0,0.012947285996785273,0.0,0.0,0.4679973788467587
intent_com.qihoo.appstore.ACTION_CHECK_PHOTOS,0,0.09609152444622086,0.18601553640523708,649.0,79.78972364910157,"pearson_r, mutual_information, entropy_reduction_ratio",0.0,0.012460243384345667,0.0,0.0,0.4679973788467587
perm_android.permission.MODE_WORLD_READABLE,0,0.09581096672843045,0.18614247617715132,649.6,78.72382104547518,"pearson_r, mutual_information, entropy_reduction_ratio",0.0,0.011057454795393535,0.0,0.0,0.4679973788467587
intent_com.sogou.androidtool.intent.action.COMMAND,0,0.09577287652951241,0.18615983400581185,649.8,78.36938177630343,"pearson_r, mutual_information, entropy_reduction_ratio",0.0,0.01086700380080333,0.0,0.0,0.4679973788467587
perm_com.android.launcher3.permission.WRITE_SETTINGS,0,0.09570434251983567,0.1910899392148506,462.0,159.9099746732517,"pearson_r, entropy_reduction_ratio, f_stat",0.00028263878744342236,0.0,0.00012050982844650403,0.00023439299196019797,0.47788417099132824
perm_com.anddoes.launcher.permission.READ_SETTINGS,0,0.09570434251983567,0.1910899392148506,462.0,159.9099746732517,"pearson_r, entropy_reduction_ratio, f_stat",0.00028263878744342236,0.0,0.00012050982844650403,0.00023439299196019797,0.47788417099132824
intent_android.intent.action.PACKAGE_RESTARTED,0,0.09570434251983567,0.1910899392148506,462.0,159.9099746732517,"pearson_r, entropy_reduction_ratio, f_stat",0.00028263878744342236,0.0,0.00012050982844650403,0.00023439299196019797,0.47788417099132824
intent_android.intent.action.CLOSE_SYSTEM_DIALOGS,0,0.09570434251983567,0.1910899392148506,462.0,159.9099746732517,"pearson_r, entropy_reduction_ratio, f_stat",0.00028263878744342236,0.0,0.00012050982844650403,0.00023439299196019797,0.47788417099132824
perm_android.permission.STOP_APP_SWITCHES,0,0.09557047757238955,0.18625256341487112,650.0,78.01538309846335,"pearson_r, mutual_information, entropy_reduction_ratio",0.0,0.009855009015189101,0.0,0.0,0.4679973788467587
intent_android.media.AUDIO_BECOMING_NOISY,0,0.09553636683546654,0.1615528453314622,435.8,256.7718053058006,"pearson_r, mutual_information, entropy_reduction_ratio",0.01120684762595528,0.03963698741424752,0.0031314633053966356,0.006107682795097489,0.41759885303663574
intent_com.qihoo.appstore.ACTION_UNLOCK_BROADCAST_RECEIVE,0,0.09553007745299978,0.18627117258882467,650.2,77.66183103687422,"pearson_r, mutual_information, entropy_reduction_ratio",0.0,0.009653008418240233,0.0,0.0,0.4679973788467587
perm_com.google.android.googleapps.permission.GOOGLE_AUTH.jotspot,0,0.09543417626995673,0.18631547963279044,650.8,76.60391634897003,"pearson_r, mutual_information, entropy_reduction_ratio",0.0,0.009173502503024941,0.0,0.0,0.4679973788467587
intent_com.kingroot.common.ACTION_NOTIFY_IN_SELF_APP_MAIN,0,0.09541682967889345,0.18632351384535176,651.0,76.25221308263781,"pearson_r, mutual_information, entropy_reduction_ratio",0.0,0.009086769547708559,0.0,0.0,0.4679973788467587
intent_com.android.utils.hades.ACTION_REGISTER_IMPLICIT_RECEIVERS,0,0.09541033872096369,0.18632652175625963,651.2,75.90098813586026,"pearson_r, mutual_information, entropy_reduction_ratio",0.0,0.009054314758059718,0.0,0.0,0.4679973788467587
intent_com.firebase.jobdispatcher.ACTION_EXECUTE,0,0.09540988912371459,0.13924085880371392,373.0,323.69677168609513,"pearson_r, entropy_reduction_ratio, mutual_information",0.03948780003913326,0.03161483031356199,0.010960121568888223,0.021753245699601957,0.37323344799738756
intent_android.intent.action.BATTERY_CHANGED_ACTION,0,0.09539282750475778,0.18633464072568273,651.4,75.5502481796056,"pearson_r, mutual_information, entropy_reduction_ratio",0.0,0.00896675867703023,0.0,0.0,0.4679973788467587
perm_android.permission.WRITE_USER_DICTIONARY,0,0.09525821670881461,0.18639726011523094,651.6,75.2,"pearson_r, mutual_information, entropy_reduction_ratio",0.0,0.00829370469731438,0.0,0.0,0.4679973788467587
perm_android.permission.GET_DETAILED_TASKS,0,0.09525398056249737,0.18639923669113936,651.8,74.85025050058283,"pearson_r, mutual_information, entropy_reduction_ratio",0.0,0.008272523965728211,0.0,0.0,0.4679973788467587
intent_com.qihoo.appstore.battery.STABLE_NOTIFY,0,0.09521361678855855,0.18641808859571077,652.0,74.50100670460769,"pearson_r, mutual_information, entropy_reduction_ratio",0.0,0.008070705096034095,0.0,0.0,0.4679973788467587
intent_com.meizu.flyme.push.intent.UNREGISTER.FEEDBACK,0,0.09503681850350375,0.18650105152758925,652.6,73.45638161521434,"pearson_r, mutual_information, entropy_reduction_ratio",0.0,0.007186713670760084,0.0,0.0,0.4679973788467587
perm_android.permission.WRITE_CONTACTS,0,0.09489905866675852,0.1868941616070389,418.8,65.62438571141067,"pearson_r, mutual_information, entropy_reduction_ratio",1.2869281875673052e-06,0.0058323587204411635,5.099195404512094e-07,1.0493412803714132e-06,0.46866008842434304
perm_com.smartisanos.launcher.WRITE_DATABASE,0,0.09478778386601915,0.18661898545410424,653.0,72.7626277700304,"pearson_r, mutual_information, entropy_reduction_ratio",0.0,0.005941540483337056,0.0,0.0,0.4679973788467587
perm_android.permission.SAMSUNG_TUNTAP,0,0.09469673714497448,0.1866624150926348,653.4,72.07107602915333,"pearson_r, mutual_information, entropy_reduction_ratio",0.0,0.00548630687811369,0.0,0.0,0.4679973788467587
perm_com.huaqin.launcherEx.permission.WRITE_SETTINGS,0,0.09466532351682744,0.18667743838516132,653.6,71.726145860488,"pearson_r, mutual_information, entropy_reduction_ratio",0.0,0.005329238737378495,0.0,0.0,0.4679973788467587
intent_com.kingroot.kinguser.service.IKCommonManagerInterface,0,0.09450968657283262,0.18675216433531935,654.0,71.03801799036907,"pearson_r, mutual_information, entropy_reduction_ratio",0.0,0.004551054017404427,0.0,0.0,0.4679973788467587
intent_com.excelliance.kxqp.action.space.stat,0,0.0943002007418978,0.18685351626062818,654.6,70.0102849587116,"pearson_r, mutual_information, entropy_reduction_ratio",0.0,0.0035036248627303133,0.0,0.0,0.4679973788467587
intent_com.excelliance.kxqp.action.time,0,0.09421734543458635,0.18689384675628898,654.8,69.66893138264717,"pearson_r, mutual_information, entropy_reduction_ratio",0.0,0.0030893483261731007,0.0,0.0,0.4679973788467587
intent_com.gridappsinc.launcher.theme.apk_action,0,0.09420718285696805,0.1868988029901818,655.0,69.32820493853853,"pearson_r, mutual_information, entropy_reduction_ratio",0.0,0.0030385354380816076,0.0,0.0,0.4679973788467587
suspicious_Cipher,0,0.09413176113326091,0.18356108791638714,532.3,191.97333148122422,"pearson_r, mutual_information, entropy_reduction_ratio",0.00013527767294762883,0.009222537251296386,1.0338015756738107e-06,0.00011428858213771018,0.4611856683583471
perm_android.Manifest.permission.READ_PHONE_NUMBERS,0,0.09390049963572908,0.1870493479445689,655.6,68.3098821547805,"pearson_r, mutual_information, entropy_reduction_ratio",0.0,0.0015051193318867534,0.0,0.0,0.4679973788467587
intent_com.secneo.plugin.action.HOURLY,0,0.09375388814958308,0.1871219842622417,656.0,67.63431081928756,"pearson_r, mutual_information, entropy_reduction_ratio",0.0,0.0007720619011566994,0.0,0.0,0.4679973788467587
intent_android.intent.apicloud.notification,0,0.09372566184583309,0.18713601803949273,656.2,67.29754824657434,"pearson_r, mutual_information, entropy_reduction_ratio",0.0,0.0006309303824067489,0.0,0.0,0.4679973788467587
intent_com.excelliance.kxqp.platform.action.BADGE_REPORT,0,0.09368697011954685,0.18715528105723608,656.4,66.96148146509304,"pearson_r, mutual_information, entropy_reduction_ratio",0.0,0.0004374717509755702,0.0,0.0,0.4679973788467587
perm_yulong.permission.ACCESS_YLPARAMS,0,0.09364110884231498,0.18717815236515412,656.6,66.62612100370244,"pearson_r, mutual_information, entropy_reduction_ratio",0.0,0.00020816536481622252,0.0,0.0,0.4679973788467587
intent_com.google.android.gms.appinvite.ACTION_PREVIEW,0,0.09363814096972344,0.12684261752349993,406.7,392.7048000725227,"pearson_r, entropy_reduction_ratio, f_stat",0.06815408553797907,0.0,0.01878877983237981,0.03795958181788159,0.34328825766037674
perm_com.sec.android.permission.LAUNCH_PERSONAL_PAGE_SERVICE,0,0.09362009505245467,0.18718864615577208,657.0,65.95756211383195,"pearson_r, mutual_information, entropy_reduction_ratio",0.0,0.00010309641551462488,0.0,0.0,0.4679973788467587
suspicious_getSystemService,0,0.09359947576935174,0.18719895153870347,702.4,51.05918134870554,"pearson_r, entropy_reduction_ratio, mutual_information",0.0,0.0,0.0,0.0,0.4679973788467587
perm_com.bbk.launcher2.permission.READ_SETTINGS,0,0.09359947576935174,0.18719895153870347,702.4,51.05918134870554,"pearson_r, entropy_reduction_ratio, mutual_information",0.0,0.0,0.0,0.0,0.4679973788467587
perm_com.lenovo.launcher.permission.READ_SETTINGS,0,0.09359947576935174,0.18719895153870347,702.4,51.05918134870554,"pearson_r, entropy_reduction_ratio, mutual_information",0.0,0.0,0.0,0.0,0.4679973788467587
perm_cn.nubia.launcher.permission.READ_SETTINGS,0,0.09359947576935174,0.18719895153870347,702.4,51.05918134870554,"pearson_r, entropy_reduction_ratio, mutual_information",0.0,0.0,0.0,0.0,0.4679973788467587
perm_net.qihoo.launcher.permission.READ_SETTINGS,0,0.09359947576935174,0.18719895153870347,702.4,51.05918134870554,"pearson_r, entropy_reduction_ratio, mutual_information",0.0,0.0,0.0,0.0,0.4679973788467587
perm_com.qihoo360.launcher.permission.READ_SETTINGS,0,0.09359947576935174,0.18719895153870347,702.4,51.05918134870554,"pearson_r, entropy_reduction_ratio, mutual_information",0.0,0.0,0.0,0.0,0.4679973788467587
perm_org.adwfreak.launcher.permission.READ_SETTINGS,0,0.09359947576935174,0.18719895153870347,702.4,51.05918134870554,"pearson_r, entropy_reduction_ratio, mutual_information",0.0,0.0,0.0,0.0,0.4679973788467587
perm_com.huawei.launcher2.permission.READ_SETTINGS,0,0.09359947576935174,0.18719895153870347,702.4,51.05918134870554,"pearson_r, entropy_reduction_ratio, mutual_information",0.0,0.0,0.0,0.0,0.4679973788467587
perm_com.tencent.qqlauncher.permission.READ_SETTINGS,0,0.09359947576935174,0.18719895153870347,702.4,51.05918134870554,"pearson_r, entropy_reduction_ratio, mutual_information",0.0,0.0,0.0,0.0,0.4679973788467587
perm_org.adw.launcher_donut.permission.READ_SETTINGS,0,0.09359947576935174,0.18719895153870347,702.4,51.05918134870554,"pearson_r, entropy_reduction_ratio, mutual_information",0.0,0.0,0.0,0.0,0.4679973788467587
perm_com.ebproductions.android.launcher.permission.READ_SETTINGS,0,0.09359947576935174,0.18719895153870347,702.4,51.05918134870554,"pearson_r, entropy_reduction_ratio, mutual_information",0.0,0.0,0.0,0.0,0.4679973788467587
perm_com.android.email.permission.ACCESS_PROVIDER,0,0.09359947576935174,0.18719895153870347,702.4,51.05918134870554,"pearson_r, entropy_reduction_ratio, mutual_information",0.0,0.0,0.0,0.0,0.4679973788467587
perm_android.permission.PERMISSION_NAME,0,0.09359947576935174,0.18719895153870347,702.4,51.05918134870554,"pearson_r, entropy_reduction_ratio, mutual_information",0.0,0.0,0.0,0.0,0.4679973788467587
intent_com.qihoo.appstore.plugin.huajiao.IPluginHelperService,0,0.09359947576935174,0.18719895153870347,702.4,51.05918134870554,"pearson_r, entropy_reduction_ratio, mutual_information",0.0,0.0,0.0,0.0,0.4679973788467587
perm_com.qihoo.appstore.permission.NEWS_SDK_BROADCAST,0,0.09359947576935174,0.18719895153870347,702.4,51.05918134870554,"pearson_r, entropy_reduction_ratio, mutual_information",0.0,0.0,0.0,0.0,0.4679973788467587
intent_com.qihoo.appstore.plugin.battery.setPowerRankConfig,0,0.09359947576935174,0.18719895153870347,702.4,51.05918134870554,"pearson_r, entropy_reduction_ratio, mutual_information",0.0,0.0,0.0,0.0,0.4679973788467587
intent_com.qihoo.appstore.launcher.shortcut.GAME_RESERVATION,0,0.09359947576935174,0.18719895153870347,702.4,51.05918134870554,"pearson_r, entropy_reduction_ratio, mutual_information",0.0,0.0,0.0,0.0,0.4679973788467587
intent_com.qihoo.appstore.launcher.shortcut.GAMEUNION,0,0.09359947576935174,0.18719895153870347,702.4,51.05918134870554,"pearson_r, entropy_reduction_ratio, mutual_information",0.0,0.0,0.0,0.0,0.4679973788467587
intent_com.qihoo.appstore.gameunion.DOWNLOAD_SLIENT,0,0.09359947576935174,0.18719895153870347,702.4,51.05918134870554,"pearson_r, entropy_reduction_ratio, mutual_information",0.0,0.0,0.0,0.0,0.4679973788467587
intent_com.qihoo.appstore.notification,0,0.09359947576935174,0.18719895153870347,702.4,51.05918134870554,"pearson_r, entropy_reduction_ratio, mutual_information",0.0,0.0,0.0,0.0,0.4679973788467587
intent_com.qihoo.appstore.floatwin.FloatWindowService,0,0.09359947576935174,0.18719895153870347,702.4,51.05918134870554,"pearson_r, entropy_reduction_ratio, mutual_information",0.0,0.0,0.0,0.0,0.4679973788467587
intent_com.qihoo.appstore.download,0,0.09359947576935174,0.18719895153870347,702.4,51.05918134870554,"pearson_r, entropy_reduction_ratio, mutual_information",0.0,0.0,0.0,0.0,0.4679973788467587
intent_com.qihoo.appstore.clipboard.change,0,0.09359947576935174,0.18719895153870347,702.4,51.05918134870554,"pearson_r, entropy_reduction_ratio, mutual_information",0.0,0.0,0.0,0.0,0.4679973788467587
intent_com.qihoo.appstore.clean.scan.finish,0,0.09359947576935174,0.18719895153870347,702.4,51.05918134870554,"pearson_r, entropy_reduction_ratio, mutual_information",0.0,0.0,0.0,0.0,0.4679973788467587
intent_com.qihoo.express.push.MSG_ARRIVED,0,0.09359947576935174,0.18719895153870347,702.4,51.05918134870554,"pearson_r, entropy_reduction_ratio, mutual_information",0.0,0.0,0.0,0.0,0.4679973788467587
intent_com.qihoo.appstore.freeze.ICON,0,0.09359947576935174,0.18719895153870347,702.4,51.05918134870554,"pearson_r, entropy_reduction_ratio, mutual_information",0.0,0.0,0.0,0.0,0.4679973788467587
intent_com.qihoo.appstore.free.wifi,0,0.09359947576935174,0.18719895153870347,702.4,51.05918134870554,"pearson_r, entropy_reduction_ratio, mutual_information",0.0,0.0,0.0,0.0,0.4679973788467587
intent_com.qihoo.appstore.battery.POWER_RANK_START,0,0.09359947576935174,0.18719895153870347,702.4,51.05918134870554,"pearson_r, entropy_reduction_ratio, mutual_information",0.0,0.0,0.0,0.0,0.4679973788467587
intent_com.qihoo.appstore.launcher.shortcut.MYFREEZE,0,0.09359947576935174,0.18719895153870347,702.4,51.05918134870554,"pearson_r, entropy_reduction_ratio, mutual_information",0.0,0.0,0.0,0.0,0.4679973788467587
intent_com.qihoo360.mobilesafe.pcdaemon.sms.cancel.default.smsreceive,0,0.09359947576935174,0.18719895153870347,702.4,51.05918134870554,"pearson_r, entropy_reduction_ratio, mutual_information",0.0,0.0,0.0,0.0,0.4679973788467587
intent_com.qihoo360.daemon.pcdaemon.NotifyServiceStop2,0,0.09359947576935174,0.18719895153870347,702.4,51.05918134870554,"pearson_r, entropy_reduction_ratio, mutual_information",0.0,0.0,0.0,0.0,0.4679973788467587
intent_com.qihoo360.daemon.pcdaemon.ACTION_START_UI2,0,0.09359947576935174,0.18719895153870347,702.4,51.05918134870554,"pearson_r, entropy_reduction_ratio, mutual_information",0.0,0.0,0.0,0.0,0.4679973788467587
intent_com.qihoo360.daemon.pcdaemon.ACTION_SEND_SMS_SEND_STATUS_FORWARD2,0,0.09359947576935174,0.18719895153870347,702.4,51.05918134870554,"pearson_r, entropy_reduction_ratio, mutual_information",0.0,0.0,0.0,0.0,0.4679973788467587
intent_com.qihoo360.daemon.pcdaemon.ACTION_START_SERVICE2,0,0.09359947576935174,0.18719895153870347,702.4,51.05918134870554,"pearson_r, entropy_reduction_ratio, mutual_information",0.0,0.0,0.0,0.0,0.4679973788467587
intent_com.qihoo360.daemon.pcdaemon.ACTION_START_OPERATE_CLIPBOARD,0,0.09359947576935174,0.18719895153870347,702.4,51.05918134870554,"pearson_r, entropy_reduction_ratio, mutual_information",0.0,0.0,0.0,0.0,0.4679973788467587
intent_com.qihoo360.daemon.pcdaemon.ACTION_START_DOWNLOAF_PAGE,0,0.09359947576935174,0.18719895153870347,702.4,51.05918134870554,"pearson_r, entropy_reduction_ratio, mutual_information",0.0,0.0,0.0,0.0,0.4679973788467587
intent_com.qihoo.appstore.zhushouhelper.IZhushouHelperService,0,0.09359947576935174,0.18719895153870347,702.4,51.05918134870554,"pearson_r, entropy_reduction_ratio, mutual_information",0.0,0.0,0.0,0.0,0.4679973788467587
intent_com.qihoo.appstore.videomini,0,0.09359947576935174,0.18719895153870347,702.4,51.05918134870554,"pearson_r, entropy_reduction_ratio, mutual_information",0.0,0.0,0.0,0.0,0.4679973788467587
intent_com.qihoo.appstore.powerusage.SAVE_MODE,0,0.09359947576935174,0.18719895153870347,702.4,51.05918134870554,"pearson_r, entropy_reduction_ratio, mutual_information",0.0,0.0,0.0,0.0,0.4679973788467587
intent_com.qihoo.appstore.plugin.streamapp.IPluginHelperServiceStreamApp,0,0.09359947576935174,0.18719895153870347,702.4,51.05918134870554,"pearson_r, entropy_reduction_ratio, mutual_information",0.0,0.0,0.0,0.0,0.4679973788467587
intent_com.qihoo.appstore.stablenotification.NewsBroadcastReceiver,0,0.09359947576935174,0.18719895153870347,702.4,51.05918134870554,"pearson_r, entropy_reduction_ratio, mutual_information",0.0,0.0,0.0,0.0,0.4679973788467587
intent_com.qihoo.appstore.ACTION_NOTIFY_UNINSTALL,0,0.09359947576935174,0.18719895153870347,702.4,51.05918134870554,"pearson_r, entropy_reduction_ratio, mutual_information",0.0,0.0,0.0,0.0,0.4679973788467587
intent_com.qihoo.appstore.ACTION_NORMAL_INSTALL_ERROR,0,0.09359947576935174,0.18719895153870347,702.4,51.05918134870554,"pearson_r, entropy_reduction_ratio, mutual_information",0.0,0.0,0.0,0.0,0.4679973788467587
intent_com.qihoo.appstore.ACTION_GET_DOWNLOAD_APK_PATH,0,0.09359947576935174,0.18719895153870347,702.4,51.05918134870554,"pearson_r, entropy_reduction_ratio, mutual_information",0.0,0.0,0.0,0.0,0.4679973788467587
intent_com.qihoo.appstore.ACTION_GAME_UNION_DETAIL,0,0.09359947576935174,0.18719895153870347,702.4,51.05918134870554,"pearson_r, entropy_reduction_ratio, mutual_information",0.0,0.0,0.0,0.0,0.4679973788467587
intent_com.qihoo.accountcenter.action.START_ACCOUNT_SERVICE,0,0.09359947576935174,0.18719895153870347,702.4,51.05918134870554,"pearson_r, entropy_reduction_ratio, mutual_information",0.0,0.0,0.0,0.0,0.4679973788467587
intent_com.qihoo.appstore.ACTION_PACKAGE_REMOVED_NEED_CLEAR,0,0.09359947576935174,0.18719895153870347,702.4,51.05918134870554,"pearson_r, entropy_reduction_ratio, mutual_information",0.0,0.0,0.0,0.0,0.4679973788467587
intent_com.qihoo.appstore.ACTION_CLEAR_BACKGROUND,0,0.09359947576935174,0.18719895153870347,702.4,51.05918134870554,"pearson_r, entropy_reduction_ratio, mutual_information",0.0,0.0,0.0,0.0,0.4679973788467587
intent_com.qihoo.appstore.ACTION_CLEAN_STOP_SERVICE,0,0.09359947576935174,0.18719895153870347,702.4,51.05918134870554,"pearson_r, entropy_reduction_ratio, mutual_information",0.0,0.0,0.0,0.0,0.4679973788467587
intent_com.qihoo.appstore.ACTION_GET_SIGNIN_FOR_NOTIFYCATION,0,0.09359947576935174,0.18719895153870347,702.4,51.05918134870554,"pearson_r, entropy_reduction_ratio, mutual_information",0.0,0.0,0.0,0.0,0.4679973788467587
intent_com.qihoo.appstore.checkupdate.INSTALL_ALL_SILENT_TASK,0,0.09359947576935174,0.18719895153870347,702.4,51.05918134870554,"pearson_r, entropy_reduction_ratio, mutual_information",0.0,0.0,0.0,0.0,0.4679973788467587
intent_com.qihoo.appstore.batteryrank.POWERPERCENT,0,0.09359947576935174,0.18719895153870347,702.4,51.05918134870554,"pearson_r, entropy_reduction_ratio, mutual_information",0.0,0.0,0.0,0.0,0.4679973788467587
intent_com.qihoo.appstore.ACTION_DAEMON_CORE_SERVICE,0,0.09359947576935174,0.18719895153870347,702.4,51.05918134870554,"pearson_r, entropy_reduction_ratio, mutual_information",0.0,0.0,0.0,0.0,0.4679973788467587
intent_com.qihoo.appstore.battery.FREEZE_APP,0,0.09359947576935174,0.18719895153870347,702.4,51.05918134870554,"pearson_r, entropy_reduction_ratio, mutual_information",0.0,0.0,0.0,0.0,0.4679973788467587
intent_com.qihoo.appstore.clean.result,0,0.09359947576935174,0.18719895153870347,702.4,51.05918134870554,"pearson_r, entropy_reduction_ratio, mutual_information",0.0,0.0,0.0,0.0,0.4679973788467587
intent_com.qihoo.appstore.activate,0,0.09359947576935174,0.18719895153870347,702.4,51.05918134870554,"pearson_r, entropy_reduction_ratio, mutual_information",0.0,0.0,0.0,0.0,0.4679973788467587
intent_com.qihoo.appstore.accessibility.ALERT,0,0.09359947576935174,0.18719895153870347,702.4,51.05918134870554,"pearson_r, entropy_reduction_ratio, mutual_information",0.0,0.0,0.0,0.0,0.4679973788467587
intent_com.qihoo.appstore.ACTION_STAT,0,0.09359947576935174,0.18719895153870347,702.4,51.05918134870554,"pearson_r, entropy_reduction_ratio, mutual_information",0.0,0.0,0.0,0.0,0.4679973788467587
intent_com.qihoo.appstore.PLUGIN_ICON,0,0.09359947576935174,0.18719895153870347,702.4,51.05918134870554,"pearson_r, entropy_reduction_ratio, mutual_information",0.0,0.0,0.0,0.0,0.4679973788467587
intent_com.qihoo.appstore.PACKAGE_ADDED,0,0.09359947576935174,0.18719895153870347,702.4,51.05918134870554,"pearson_r, entropy_reduction_ratio, mutual_information",0.0,0.0,0.0,0.0,0.4679973788467587
intent_com.qihoo.appstore.OPEN_BROWSER,0,0.09359947576935174,0.18719895153870347,702.4,51.05918134870554,"pearson_r, entropy_reduction_ratio, mutual_information",0.0,0.0,0.0,0.0,0.4679973788467587
intent_com.qihoo.appstore.battery.START,0,0.09359947576935174,0.18719895153870347,702.4,51.05918134870554,"pearson_r, entropy_reduction_ratio, mutual_information",0.0,0.0,0.0,0.0,0.4679973788467587
intent_com.qihoo.appstore.LitePluginTipDialogActivity,0,0.09359947576935174,0.18719895153870347,702.4,51.05918134870554,"pearson_r, entropy_reduction_ratio, mutual_information",0.0,0.0,0.0,0.0,0.4679973788467587
intent_com.qihoo.appstore.LitePluginDownload,0,0.09359947576935174,0.18719895153870347,702.4,51.05918134870554,"pearson_r, entropy_reduction_ratio, mutual_information",0.0,0.0,0.0,0.0,0.4679973788467587
intent_com.qihoo.appstore.CHECK_STORAGE,0,0.09359947576935174,0.18719895153870347,702.4,51.05918134870554,"pearson_r, entropy_reduction_ratio, mutual_information",0.0,0.0,0.0,0.0,0.4679973788467587
intent_com.qihoo.appstore.BATTERY,0,0.09359947576935174,0.18719895153870347,702.4,51.05918134870554,"pearson_r, entropy_reduction_ratio, mutual_information",0.0,0.0,0.0,0.0,0.4679973788467587
intent_com.qihoo.appstore.plugin.battery.setConfig,0,0.09359947576935174,0.18719895153870347,702.4,51.05918134870554,"pearson_r, entropy_reduction_ratio, mutual_information",0.0,0.0,0.0,0.0,0.4679973788467587
intent_com.qihoo.appstore.open.wallet,0,0.09359947576935174,0.18719895153870347,702.4,51.05918134870554,"pearson_r, entropy_reduction_ratio, mutual_information",0.0,0.0,0.0,0.0,0.4679973788467587
intent_com.qihoo.appstore.notification.click_action,0,0.09359947576935174,0.18719895153870347,702.4,51.05918134870554,"pearson_r, entropy_reduction_ratio, mutual_information",0.0,0.0,0.0,0.0,0.4679973788467587
perm_com.sonyericsson.home.READ_SETTINGS,0,0.09359947576935174,0.18719895153870347,702.4,51.05918134870554,"pearson_r, entropy_reduction_ratio, mutual_information",0.0,0.0,0.0,0.0,0.4679973788467587
intent_android.intent.action.defaultSmsSet,0,0.09359947576935174,0.18719895153870347,702.4,51.05918134870554,"pearson_r, entropy_reduction_ratio, mutual_information",0.0,0.0,0.0,0.0,0.4679973788467587
perm_com.nd.android.launcher.permission.WRITE_SETTINGS,0,0.09359947576935174,0.18719895153870347,702.4,51.05918134870554,"pearson_r, entropy_reduction_ratio, mutual_information",0.0,0.0,0.0,0.0,0.4679973788467587
perm_android.permission.READ_INSTALL_SESSIONS,0,0.09359947576935174,0.18719895153870347,702.4,51.05918134870554,"pearson_r, entropy_reduction_ratio, mutual_information",0.0,0.0,0.0,0.0,0.4679973788467587
perm_com.yulong.android.launcher3.WRITE_SETTINGS,0,0.09359947576935174,0.18719895153870347,702.4,51.05918134870554,"pearson_r, entropy_reduction_ratio, mutual_information",0.0,0.0,0.0,0.0,0.4679973788467587
perm_xmpp.permission.ACCESS_API,0,0.09359947576935174,0.18719895153870347,702.4,51.05918134870554,"pearson_r, entropy_reduction_ratio, mutual_information",0.0,0.0,0.0,0.0,0.4679973788467587
intent_com.coolcloud.xmpp.NOTIFICATION.1010048,0,0.09359947576935174,0.18719895153870347,702.4,51.05918134870554,"pearson_r, entropy_reduction_ratio, mutual_information",0.0,0.0,0.0,0.0,0.4679973788467587
intent_action_send_pop,0,0.09359947576935174,0.18719895153870347,702.4,51.05918134870554,"pearson_r, entropy_reduction_ratio, mutual_information",0.0,0.0,0.0,0.0,0.4679973788467587
intent_com.qihoo.appstore.notification.click,0,0.09359947576935174,0.18719895153870347,702.4,51.05918134870554,"pearson_r, entropy_reduction_ratio, mutual_information",0.0,0.0,0.0,0.0,0.4679973788467587
intent_com.qihoo.appstore.stablenotification.StableBroadcast,0,0.09359947576935174,0.18719895153870347,702.4,51.05918134870554,"pearson_r, entropy_reduction_ratio, mutual_information",0.0,0.0,0.0,0.0,0.4679973788467587
perm_com.ztemt.launcher.permission.READ_SETTINGS,0,0.09359947576935174,0.18719895153870347,702.4,51.05918134870554,"pearson_r, entropy_reduction_ratio, mutual_information",0.0,0.0,0.0,0.0,0.4679973788467587
perm_android.permission.ACCESS_WIMAX_STATE,0,0.09359947576935174,0.18719895153870347,702.4,51.05918134870554,"pearson_r, entropy_reduction_ratio, mutual_information",0.0,0.0,0.0,0.0,0.4679973788467587
perm_com.nd.android.launcher.permission.READ_SETTINGS,0,0.09359947576935174,0.18719895153870347,702.4,51.05918134870554,"pearson_r, entropy_reduction_ratio, mutual_information",0.0,0.0,0.0,0.0,0.4679973788467587
perm_android.permission.PERSISTENT_ACTIVITY,0,0.09359947576935174,0.18719895153870347,702.4,51.05918134870554,"pearson_r, entropy_reduction_ratio, mutual_information",0.0,0.0,0.0,0.0,0.4679973788467587
perm_com.android.voicemail.permission.ADD_VOICEMAIL,0,0.09359947576935174,0.18719895153870347,702.4,51.05918134870554,"pearson_r, entropy_reduction_ratio, mutual_information",0.0,0.0,0.0,0.0,0.4679973788467587
perm_android.permission.SUBSCRIBED_FEEDS_WRITE,0,0.09359947576935174,0.18719895153870347,702.4,51.05918134870554,"pearson_r, entropy_reduction_ratio, mutual_information",0.0,0.0,0.0,0.0,0.4679973788467587
perm_com.yulong.android.launcherL.permission.READ_SETTINGS,0,0.09359947576935174,0.18719895153870347,702.4,51.05918134870554,"pearson_r, entropy_reduction_ratio, mutual_information",0.0,0.0,0.0,0.0,0.4679973788467587
perm_com.yulong.android.launcher3.READ_SETTINGS,0,0.09359947576935174,0.18719895153870347,702.4,51.05918134870554,"pearson_r, entropy_reduction_ratio, mutual_information",0.0,0.0,0.0,0.0,0.4679973788467587
intent_android.intent.action.CAL,0,0.09359947576935174,0.18719895153870347,702.4,51.05918134870554,"pearson_r, entropy_reduction_ratio, mutual_information",0.0,0.0,0.0,0.0,0.4679973788467587
perm_com.qiku.launcher.permission.READ_SETTINGS,0,0.09359947576935174,0.18719895153870347,702.4,51.05918134870554,"pearson_r, entropy_reduction_ratio, mutual_information",0.0,0.0,0.0,0.0,0.4679973788467587
perm_com.google.android.providers.talk.permission.READ_ONLY,0,0.09359947576935174,0.18719895153870347,702.4,51.05918134870554,"pearson_r, entropy_reduction_ratio, mutual_information",0.0,0.0,0.0,0.0,0.4679973788467587
perm_com.google.android.googleapps.permission.GOOGLE_AUTH.youtube,0,0.09359947576935174,0.18719895153870347,702.4,51.05918134870554,"pearson_r, entropy_reduction_ratio, mutual_information",0.0,0.0,0.0,0.0,0.4679973788467587
perm_com.google.android.googleapps.permission.GOOGLE_AUTH.wifi,0,0.09359947576935174,0.18719895153870347,702.4,51.05918134870554,"pearson_r, entropy_reduction_ratio, mutual_information",0.0,0.0,0.0,0.0,0.4679973788467587
perm_com.google.android.googleapps.permission.GOOGLE_AUTH.speechpersonalization,0,0.09359947576935174,0.18719895153870347,702.4,51.05918134870554,"pearson_r, entropy_reduction_ratio, mutual_information",0.0,0.0,0.0,0.0,0.4679973788467587
perm_com.google.android.googleapps.permission.GOOGLE_AUTH.sitemaps,0,0.09359947576935174,0.18719895153870347,702.4,51.05918134870554,"pearson_r, entropy_reduction_ratio, mutual_information",0.0,0.0,0.0,0.0,0.4679973788467587
perm_com.google.android.googleapps.permission.GOOGLE_AUTH.grandcentral,0,0.09359947576935174,0.18719895153870347,702.4,51.05918134870554,"pearson_r, entropy_reduction_ratio, mutual_information",0.0,0.0,0.0,0.0,0.4679973788467587
perm_com.google.android.googleapps.permission.GOOGLE_AUTH.lh2,0,0.09359947576935174,0.18719895153870347,702.4,51.05918134870554,"pearson_r, entropy_reduction_ratio, mutual_information",0.0,0.0,0.0,0.0,0.4679973788467587
perm_com.google.android.googleapps.permission.GOOGLE_AUTH.knol,0,0.09359947576935174,0.18719895153870347,702.4,51.05918134870554,"pearson_r, entropy_reduction_ratio, mutual_information",0.0,0.0,0.0,0.0,0.4679973788467587
perm_com.google.android.googleapps.permission.GOOGLE_AUTH.ig,0,0.09359947576935174,0.18719895153870347,702.4,51.05918134870554,"pearson_r, entropy_reduction_ratio, mutual_information",0.0,0.0,0.0,0.0,0.4679973788467587
perm_com.google.android.googleapps.permission.GOOGLE_AUTH.gbase,0,0.09359947576935174,0.18719895153870347,702.4,51.05918134870554,"pearson_r, entropy_reduction_ratio, mutual_information",0.0,0.0,0.0,0.0,0.4679973788467587
perm_com.google.android.googleapps.permission.GOOGLE_AUTH.finance,0,0.09359947576935174,0.18719895153870347,702.4,51.05918134870554,"pearson_r, entropy_reduction_ratio, mutual_information",0.0,0.0,0.0,0.0,0.4679973788467587
perm_com.google.android.googleapps.permission.GOOGLE_AUTH.notebook,0,0.09359947576935174,0.18719895153870347,702.4,51.05918134870554,"pearson_r, entropy_reduction_ratio, mutual_information",0.0,0.0,0.0,0.0,0.4679973788467587
perm_com.google.android.googleapps.permission.GOOGLE_AUTH.cl,0,0.09359947576935174,0.18719895153870347,702.4,51.05918134870554,"pearson_r, entropy_reduction_ratio, mutual_information",0.0,0.0,0.0,0.0,0.4679973788467587
perm_com.google.android.googleapps.permission.GOOGLE_AUTH.blogger,0,0.09359947576935174,0.18719895153870347,702.4,51.05918134870554,"pearson_r, entropy_reduction_ratio, mutual_information",0.0,0.0,0.0,0.0,0.4679973788467587
perm_com.google.android.googleapps.permission.GOOGLE_AUTH.ah,0,0.09359947576935174,0.18719895153870347,702.4,51.05918134870554,"pearson_r, entropy_reduction_ratio, mutual_information",0.0,0.0,0.0,0.0,0.4679973788467587
perm_com.google.android.googleapps.permission.GOOGLE_AUTH.orkut,0,0.09359947576935174,0.18719895153870347,702.4,51.05918134870554,"pearson_r, entropy_reduction_ratio, mutual_information",0.0,0.0,0.0,0.0,0.4679973788467587
perm_com.google.android.googleapps.permission.GOOGLE_AUTH.print,0,0.09359947576935174,0.18719895153870347,702.4,51.05918134870554,"pearson_r, entropy_reduction_ratio, mutual_information",0.0,0.0,0.0,0.0,0.4679973788467587
perm_com.google.android.googleapps.permission.GOOGLE_AUTH.cp,0,0.09359947576935174,0.18719895153870347,702.4,51.05918134870554,"pearson_r, entropy_reduction_ratio, mutual_information",0.0,0.0,0.0,0.0,0.4679973788467587
perm_com.google.android.googleapps.permission.GOOGLE_AUTH.OTHER_SERVICES,0,0.09359947576935174,0.18719895153870347,702.4,51.05918134870554,"pearson_r, entropy_reduction_ratio, mutual_information",0.0,0.0,0.0,0.0,0.4679973788467587
perm_com.google.android.googleapps.permission.GOOGLE_AUTH.wise,0,0.09359947576935174,0.18719895153870347,702.4,51.05918134870554,"pearson_r, entropy_reduction_ratio, mutual_information",0.0,0.0,0.0,0.0,0.4679973788467587
perm_android.permission.TRANSMIT_IR,0,0.09359947576935174,0.18719895153870347,702.4,51.05918134870554,"pearson_r, entropy_reduction_ratio, mutual_information",0.0,0.0,0.0,0.0,0.4679973788467587
perm_com.google.android.googleapps.permission.GOOGLE_AUTH.writely,0,0.09359947576935174,0.18719895153870347,702.4,51.05918134870554,"pearson_r, entropy_reduction_ratio, mutual_information",0.0,0.0,0.0,0.0,0.4679973788467587
perm_com.actionlauncher.playstore.permission.READ_SETTINGS,0,0.09359947576935174,0.18719895153870347,702.4,51.05918134870554,"pearson_r, entropy_reduction_ratio, mutual_information",0.0,0.0,0.0,0.0,0.4679973788467587
perm_com.mx.launcher.permission.READ_SETTINGS,0,0.09359947576935174,0.18719895153870347,702.4,51.05918134870554,"pearson_r, entropy_reduction_ratio, mutual_information",0.0,0.0,0.0,0.0,0.4679973788467587
perm_com.apusapps.launcher.permission.READ_SETTINGS,0,0.09359947576935174,0.18719895153870347,702.4,51.05918134870554,"pearson_r, entropy_reduction_ratio, mutual_information",0.0,0.0,0.0,0.0,0.4679973788467587
perm_android.permission.ACCOUNT_MANAGER,0,0.09359947576935174,0.18719895153870347,702.4,51.05918134870554,"pearson_r, entropy_reduction_ratio, mutual_information",0.0,0.0,0.0,0.0,0.4679973788467587
perm_com.google.android.googleapps.permission.GOOGLE_AUTH.androidsecure,0,0.09359947576935174,0.18719895153870347,702.4,51.05918134870554,"pearson_r, entropy_reduction_ratio, mutual_information",0.0,0.0,0.0,0.0,0.4679973788467587
perm_com.google.android.googleapps.permission.GOOGLE_AUTH.android,0,0.09359947576935174,0.18719895153870347,702.4,51.05918134870554,"pearson_r, entropy_reduction_ratio, mutual_information",0.0,0.0,0.0,0.0,0.4679973788467587
perm_com.google.android.googleapps.permission.GOOGLE_AUTH.sierraqa,0,0.09359947576935174,0.18719895153870347,702.4,51.05918134870554,"pearson_r, entropy_reduction_ratio, mutual_information",0.0,0.0,0.0,0.0,0.4679973788467587
perm_com.google.android.googleapps.permission.GOOGLE_AUTH.sierrasandbox,0,0.09359947576935174,0.18719895153870347,702.4,51.05918134870554,"pearson_r, entropy_reduction_ratio, mutual_information",0.0,0.0,0.0,0.0,0.4679973788467587
perm_android.permission.BODY_SENSORS,0,0.09359947576935174,0.18719895153870347,702.4,51.05918134870554,"pearson_r, entropy_reduction_ratio, mutual_information",0.0,0.0,0.0,0.0,0.4679973788467587
perm_com.tsf.shell.permission.READ_SETTINGS,0,0.09359947576935174,0.18719895153870347,702.4,51.05918134870554,"pearson_r, entropy_reduction_ratio, mutual_information",0.0,0.0,0.0,0.0,0.4679973788467587
intent_android.provider.OppoSpeechAssist.SMS_RECEIVED,0,0.09359947576935174,0.18719895153870347,702.4,51.05918134870554,"pearson_r, entropy_reduction_ratio, mutual_information",0.0,0.0,0.0,0.0,0.4679973788467587
intent_com.miui.smsextra.hhha,0,0.09359947576935174,0.18719895153870347,702.4,51.05918134870554,"pearson_r, entropy_reduction_ratio, mutual_information",0.0,0.0,0.0,0.0,0.4679973788467587
perm_dianxin.permission.ACCESS_LAUNCHER_DATA,0,0.09359947576935174,0.18719895153870347,702.4,51.05918134870554,"pearson_r, entropy_reduction_ratio, mutual_information",0.0,0.0,0.0,0.0,0.4679973788467587
intent_com.tencent.smtt.tbs.video.PLAY,0,0.09359947576935174,0.18719895153870347,702.4,51.05918134870554,"pearson_r, entropy_reduction_ratio, mutual_information",0.0,0.0,0.0,0.0,0.4679973788467587
perm_com.qihoo360.launcher.permission.WRITE_SETTINGS,0,0.09359947576935174,0.18719895153870347,702.4,51.05918134870554,"pearson_r, entropy_reduction_ratio, mutual_information",0.0,0.0,0.0,0.0,0.4679973788467587
perm_com.sec.android.app.twlauncher.settings.WRITE_SETTINGS,0,0.09359947576935174,0.18719895153870347,702.4,51.05918134870554,"pearson_r, entropy_reduction_ratio, mutual_information",0.0,0.0,0.0,0.0,0.4679973788467587
perm_net.qihoo.launcher.permission.WRITE_SETTINGS,0,0.09359947576935174,0.18719895153870347,702.4,51.05918134870554,"pearson_r, entropy_reduction_ratio, mutual_information",0.0,0.0,0.0,0.0,0.4679973788467587
perm_com.android.mylauncher.permission.WRITE_SETTINGS,0,0.09359947576935174,0.18719895153870347,702.4,51.05918134870554,"pearson_r, entropy_reduction_ratio, mutual_information",0.0,0.0,0.0,0.0,0.4679973788467587
perm_com.ebproductions.android.launcher.permission.WRITE_SETTINGS,0,0.09359947576935174,0.18719895153870347,702.4,51.05918134870554,"pearson_r, entropy_reduction_ratio, mutual_information",0.0,0.0,0.0,0.0,0.4679973788467587
perm_com.tencent.qqlauncher.permission.WRITE_SETTINGS,0,0.09359947576935174,0.18719895153870347,702.4,51.05918134870554,"pearson_r, entropy_reduction_ratio, mutual_information",0.0,0.0,0.0,0.0,0.4679973788467587
perm_com.huawei.launcher3.permission.WRITE_SETTINGS,0,0.09359947576935174,0.18719895153870347,702.4,51.05918134870554,"pearson_r, entropy_reduction_ratio, mutual_information",0.0,0.0,0.0,0.0,0.4679973788467587
perm_com.samsung.svoice.sync.READ_DATABASE,0,0.09359947576935174,0.18719895153870347,702.4,51.05918134870554,"pearson_r, entropy_reduction_ratio, mutual_information",0.0,0.0,0.0,0.0,0.4679973788467587
perm_com.samsung.svoice.sync.WRITE_DATABASE,0,0.09359947576935174,0.18719895153870347,702.4,51.05918134870554,"pearson_r, entropy_reduction_ratio, mutual_information",0.0,0.0,0.0,0.0,0.4679973788467587
perm_com.samsung.android.scloud.backup.lib.read,0,0.09359947576935174,0.18719895153870347,702.4,51.05918134870554,"pearson_r, entropy_reduction_ratio, mutual_information",0.0,0.0,0.0,0.0,0.4679973788467587
perm_com.huawei.authentication.HW_ACCESS_AUTH_SERVICE,0,0.09359947576935174,0.18719895153870347,702.4,51.05918134870554,"pearson_r, entropy_reduction_ratio, mutual_information",0.0,0.0,0.0,0.0,0.4679973788467587
perm_ACCESS_WIFI_STATE,0,0.09359947576935174,0.18719895153870347,702.4,51.05918134870554,"pearson_r, entropy_reduction_ratio, mutual_information",0.0,0.0,0.0,0.0,0.4679973788467587
perm_android.permission.GET_INTENT_SENDER_INTENT,0,0.09359947576935174,0.18719895153870347,702.4,51.05918134870554,"pearson_r, entropy_reduction_ratio, mutual_information",0.0,0.0,0.0,0.0,0.4679973788467587
perm_android.permission.GET_CLIPS,0,0.09359947576935174,0.18719895153870347,702.4,51.05918134870554,"pearson_r, entropy_reduction_ratio, mutual_information",0.0,0.0,0.0,0.0,0.4679973788467587
perm_qiku.permission.RECEIVE_ACTIVITY_RESUMED,0,0.09359947576935174,0.18719895153870347,702.4,51.05918134870554,"pearson_r, entropy_reduction_ratio, mutual_information",0.0,0.0,0.0,0.0,0.4679973788467587
perm_com.huawei.launcher.permission.WRITE_SETTINGS,0,0.09359947576935174,0.18719895153870347,702.4,51.05918134870554,"pearson_r, entropy_reduction_ratio, mutual_information",0.0,0.0,0.0,0.0,0.4679973788467587
intent_com.unicom.xiaowo.security.RECEIVER_CMD,0,0.09359947576935174,0.18719895153870347,702.4,51.05918134870554,"pearson_r, entropy_reduction_ratio, mutual_information",0.0,0.0,0.0,0.0,0.4679973788467587
intent_com.excelliance.kxqp.platform.action.CRASH_REPORT,0,0.09359947576935174,0.18719895153870347,702.4,51.05918134870554,"pearson_r, entropy_reduction_ratio, mutual_information",0.0,0.0,0.0,0.0,0.4679973788467587
intent_com.amir.nightjar.service.BUFFER_SERVICES,0,0.09359947576935174,0.18719895153870347,702.4,51.05918134870554,"pearson_r, entropy_reduction_ratio, mutual_information",0.0,0.0,0.0,0.0,0.4679973788467587
perm_com.huawei.launcher.permission.READ_SETTINGS,0,0.09359947576935174,0.18719895153870347,702.4,51.05918134870554,"pearson_r, entropy_reduction_ratio, mutual_information",0.0,0.0,0.0,0.0,0.4679973788467587
perm_cn.swiftpass.wxpay.permission.MMOAUTH_CALLBACK,0,0.09359947576935174,0.18719895153870347,702.4,51.05918134870554,"pearson_r, entropy_reduction_ratio, mutual_information",0.0,0.0,0.0,0.0,0.4679973788467587
intent_android.intent.action.DOWNLOAD_NOTIFY,0,0.09359947576935174,0.18719895153870347,702.4,51.05918134870554,"pearson_r, entropy_reduction_ratio, mutual_information",0.0,0.0,0.0,0.0,0.4679973788467587
perm_com.asus.email.permission.ACCESS_PROVIDER,0,0.09359947576935174,0.18719895153870347,702.4,51.05918134870554,"pearson_r, entropy_reduction_ratio, mutual_information",0.0,0.0,0.0,0.0,0.4679973788467587
perm_android.permission.PREVENT_POWER_KEY,0,0.09359947576935174,0.18719895153870347,702.4,51.05918134870554,"pearson_r, entropy_reduction_ratio, mutual_information",0.0,0.0,0.0,0.0,0.4679973788467587
intent_com.excelliance.appmate.share,0,0.09359947576935174,0.18719895153870347,702.4,51.05918134870554,"pearson_r, entropy_reduction_ratio, mutual_information",0.0,0.0,0.0,0.0,0.4679973788467587
intent_com.excelliance.appmate.platform.gameservice.PlatService,0,0.09359947576935174,0.18719895153870347,702.4,51.05918134870554,"pearson_r, entropy_reduction_ratio, mutual_information",0.0,0.0,0.0,0.0,0.4679973788467587
intent_com.excelliance.kxqp.action.SmtCntService,0,0.09359947576935174,0.18719895153870347,702.4,51.05918134870554,"pearson_r, entropy_reduction_ratio, mutual_information",0.0,0.0,0.0,0.0,0.4679973788467587
perm_com.facebook.katana.permission.CROSS_PROCESS_BROADCAST_MANAGER,0,0.09359947576935174,0.18719895153870347,702.4,51.05918134870554,"pearson_r, entropy_reduction_ratio, mutual_information",0.0,0.0,0.0,0.0,0.4679973788467587
perm_com.facebook.permission.prod.SYSTEM_COMMUNICATION,0,0.09359947576935174,0.18719895153870347,702.4,51.05918134870554,"pearson_r, entropy_reduction_ratio, mutual_information",0.0,0.0,0.0,0.0,0.4679973788467587
intent_com.excelliance.kxqp.action.init,0,0.09359947576935174,0.18719895153870347,702.4,51.05918134870554,"pearson_r, entropy_reduction_ratio, mutual_information",0.0,0.0,0.0,0.0,0.4679973788467587
intent_com.easou.action.image.crop,0,0.09359947576935174,0.18719895153870347,702.4,51.05918134870554,"pearson_r, entropy_reduction_ratio, mutual_information",0.0,0.0,0.0,0.0,0.4679973788467587
intent_com.easou.eyou.START_EPAY_PROXY_SERVICE,0,0.09359947576935174,0.18719895153870347,702.4,51.05918134870554,"pearson_r, entropy_reduction_ratio, mutual_information",0.0,0.0,0.0,0.0,0.4679973788467587
perm_com.aspire.mm.permission.READ_SETTINGS,0,0.09359947576935174,0.18719895153870347,702.4,51.05918134870554,"pearson_r, entropy_reduction_ratio, mutual_information",0.0,0.0,0.0,0.0,0.4679973788467587
perm_com.facebook.receiver.permission.ACCESS,0,0.09359947576935174,0.18719895153870347,702.4,51.05918134870554,"pearson_r, entropy_reduction_ratio, mutual_information",0.0,0.0,0.0,0.0,0.4679973788467587
perm_mobi.SyndicateApps.ICS.launcher.permission.READ_SETTINGS,0,0.09359947576935174,0.18719895153870347,702.4,51.05918134870554,"pearson_r, entropy_reduction_ratio, mutual_information",0.0,0.0,0.0,0.0,0.4679973788467587
perm_com.thunderst.launcher.permission.READ_SETTINGS,0,0.09359947576935174,0.18719895153870347,702.4,51.05918134870554,"pearson_r, entropy_reduction_ratio, mutual_information",0.0,0.0,0.0,0.0,0.4679973788467587
perm_com.motorola.dock.DesktopDock.permission.READ_SETTINGS,0,0.09359947576935174,0.18719895153870347,702.4,51.05918134870554,"pearson_r, entropy_reduction_ratio, mutual_information",0.0,0.0,0.0,0.0,0.4679973788467587
perm_android.permission.DOWNLOAD_CACHE_NON_PURGEABLE,0,0.09359947576935174,0.18719895153870347,702.4,51.05918134870554,"pearson_r, entropy_reduction_ratio, mutual_information",0.0,0.0,0.0,0.0,0.4679973788467587
intent_android.intent.action.IMEDIATE_NOTIFY_ALARM,0,0.09359947576935174,0.18719895153870347,702.4,51.05918134870554,"pearson_r, entropy_reduction_ratio, mutual_information",0.0,0.0,0.0,0.0,0.4679973788467587
perm_com.fx.launcher.permission.WRITE_SETTINGS,0,0.09359947576935174,0.18719895153870347,702.4,51.05918134870554,"pearson_r, entropy_reduction_ratio, mutual_information",0.0,0.0,0.0,0.0,0.4679973788467587
perm_com.yulong3.android.launcher.permission.READ_SETTINGS,0,0.09359947576935174,0.18719895153870347,702.4,51.05918134870554,"pearson_r, entropy_reduction_ratio, mutual_information",0.0,0.0,0.0,0.0,0.4679973788467587
intent_android.intent.action.PUSH_NOTIFY_ALARM,0,0.09359947576935174,0.18719895153870347,702.4,51.05918134870554,"pearson_r, entropy_reduction_ratio, mutual_information",0.0,0.0,0.0,0.0,0.4679973788467587
intent_android.intent.action.UPDATE_NOTIFICATION,0,0.09359947576935174,0.18719895153870347,702.4,51.05918134870554,"pearson_r, entropy_reduction_ratio, mutual_information",0.0,0.0,0.0,0.0,0.4679973788467587
perm_android.permission.WRITE_APN_SETTING,0,0.09359947576935174,0.18719895153870347,702.4,51.05918134870554,"pearson_r, entropy_reduction_ratio, mutual_information",0.0,0.0,0.0,0.0,0.4679973788467587
perm_com.tencent.mm.ext.permission.WRITE,0,0.09359947576935174,0.18719895153870347,702.4,51.05918134870554,"pearson_r, entropy_reduction_ratio, mutual_information",0.0,0.0,0.0,0.0,0.4679973788467587
perm_com.tencent.mm.plugin.permission.READ,0,0.09359947576935174,0.18719895153870347,702.4,51.05918134870554,"pearson_r, entropy_reduction_ratio, mutual_information",0.0,0.0,0.0,0.0,0.4679973788467587
perm_com.tencent.mm.plugin.permission.WRITE,0,0.09359947576935174,0.18719895153870347,702.4,51.05918134870554,"pearson_r, entropy_reduction_ratio, mutual_information",0.0,0.0,0.0,0.0,0.4679973788467587
intent_com.baoruan.launcher3.ACTION_THEME,0,0.09359947576935174,0.18719895153870347,702.4,51.05918134870554,"pearson_r, entropy_reduction_ratio, mutual_information",0.0,0.0,0.0,0.0,0.4679973788467587
perm_com.tencent.mm.permission.MM_MESSAGE,0,0.09359947576935174,0.18719895153870347,702.4,51.05918134870554,"pearson_r, entropy_reduction_ratio, mutual_information",0.0,0.0,0.0,0.0,0.4679973788467587
intent_com.excelliance.kxqp.action.swpsrv,0,0.09359947576935174,0.18719895153870347,702.4,51.05918134870554,"pearson_r, entropy_reduction_ratio, mutual_information",0.0,0.0,0.0,0.0,0.4679973788467587
perm_com.xgbuy.xg.permission.JPUSH_MESSAGE,0,0.09359947576935174,0.18719895153870347,702.4,51.05918134870554,"pearson_r, entropy_reduction_ratio, mutual_information",0.0,0.0,0.0,0.0,0.4679973788467587
intent_android.settings.ADD_ACCOUNT_SETTINGS,0,0.09359947576935174,0.18719895153870347,702.4,51.05918134870554,"pearson_r, entropy_reduction_ratio, mutual_information",0.0,0.0,0.0,0.0,0.4679973788467587
intent_show_helpcontent,0,0.09359947576935174,0.18719895153870347,702.4,51.05918134870554,"pearson_r, entropy_reduction_ratio, mutual_information",0.0,0.0,0.0,0.0,0.4679973788467587
perm_com.lenovo.launcher.permission.WRITE_SETTINGS,0,0.09359947576935174,0.18719895153870347,702.4,51.05918134870554,"pearson_r, entropy_reduction_ratio, mutual_information",0.0,0.0,0.0,0.0,0.4679973788467587
perm_android.permission.MANAGE_DEVICE_ADMINS,0,0.09359947576935174,0.18719895153870347,702.4,51.05918134870554,"pearson_r, entropy_reduction_ratio, mutual_information",0.0,0.0,0.0,0.0,0.4679973788467587
intent_android.view.InputMethod,0,0.09359947576935174,0.18719895153870347,702.4,51.05918134870554,"pearson_r, entropy_reduction_ratio, mutual_information",0.0,0.0,0.0,0.0,0.4679973788467587
intent_com.qihoo.psdk.service.action.remote,0,0.09359947576935174,0.18719895153870347,702.4,51.05918134870554,"pearson_r, entropy_reduction_ratio, mutual_information",0.0,0.0,0.0,0.0,0.4679973788467587
intent_com.esbook.receiver.message,0,0.09359947576935174,0.18719895153870347,702.4,51.05918134870554,"pearson_r, entropy_reduction_ratio, mutual_information",0.0,0.0,0.0,0.0,0.4679973788467587
intent_com.qihoo.commonservice.SERVICE,0,0.09359947576935174,0.18719895153870347,702.4,51.05918134870554,"pearson_r, entropy_reduction_ratio, mutual_information",0.0,0.0,0.0,0.0,0.4679973788467587
intent_com.qihoo.commonreceiver.ARRIVED,0,0.09359947576935174,0.18719895153870347,702.4,51.05918134870554,"pearson_r, entropy_reduction_ratio, mutual_information",0.0,0.0,0.0,0.0,0.4679973788467587
intent_safiap.framework.ACTION_NETWORK_ERROR,0,0.09359947576935174,0.18719895153870347,702.4,51.05918134870554,"pearson_r, entropy_reduction_ratio, mutual_information",0.0,0.0,0.0,0.0,0.4679973788467587
intent_show_cpuad,0,0.09359947576935174,0.18719895153870347,702.4,51.05918134870554,"pearson_r, entropy_reduction_ratio, mutual_information",0.0,0.0,0.0,0.0,0.4679973788467587
intent_cn.uc.gamesdk.sdkweb,0,0.09359947576935174,0.18719895153870347,702.4,51.05918134870554,"pearson_r, entropy_reduction_ratio, mutual_information",0.0,0.0,0.0,0.0,0.4679973788467587
intent_aspire.iap.SMS_SEND_ACTIOIN,0,0.09359947576935174,0.18719895153870347,702.4,51.05918134870554,"pearson_r, entropy_reduction_ratio, mutual_information",0.0,0.0,0.0,0.0,0.4679973788467587
intent_com.sogou.pushservice.action.METHOD,0,0.09359947576935174,0.18719895153870347,702.4,51.05918134870554,"pearson_r, entropy_reduction_ratio, mutual_information",0.0,0.0,0.0,0.0,0.4679973788467587
intent_show_lock_app,0,0.09359947576935174,0.18719895153870347,702.4,51.05918134870554,"pearson_r, entropy_reduction_ratio, mutual_information",0.0,0.0,0.0,0.0,0.4679973788467587
intent_show_lock,0,0.09359947576935174,0.18719895153870347,702.4,51.05918134870554,"pearson_r, entropy_reduction_ratio, mutual_information",0.0,0.0,0.0,0.0,0.4679973788467587
intent_com.yuetu.shentu.Intent.WECHAT_PAY,0,0.09359947576935174,0.18719895153870347,702.4,51.05918134870554,"pearson_r, entropy_reduction_ratio, mutual_information",0.0,0.0,0.0,0.0,0.4679973788467587
intent_show_lock_forget_pwd,0,0.09359947576935174,0.18719895153870347,702.4,51.05918134870554,"pearson_r, entropy_reduction_ratio, mutual_information",0.0,0.0,0.0,0.0,0.4679973788467587
intent_com.qihoo.psdk.service.action.local,0,0.09359947576935174,0.18719895153870347,702.4,51.05918134870554,"pearson_r, entropy_reduction_ratio, mutual_information",0.0,0.0,0.0,0.0,0.4679973788467587
intent_show_about,0,0.09359947576935174,0.18719895153870347,702.4,51.05918134870554,"pearson_r, entropy_reduction_ratio, mutual_information",0.0,0.0,0.0,0.0,0.4679973788467587
intent_show_feedback,0,0.09359947576935174,0.18719895153870347,702.4,51.05918134870554,"pearson_r, entropy_reduction_ratio, mutual_information",0.0,0.0,0.0,0.0,0.4679973788467587
intent_com.yuetu.shentu.Intent.WECHAT_AUTH,0,0.09359947576935174,0.18719895153870347,702.4,51.05918134870554,"pearson_r, entropy_reduction_ratio, mutual_information",0.0,0.0,0.0,0.0,0.4679973788467587
intent_com.qihoo.sdkplugging.host.proxy.activity.VIEW,0,0.09359947576935174,0.18719895153870347,702.4,51.05918134870554,"pearson_r, entropy_reduction_ratio, mutual_information",0.0,0.0,0.0,0.0,0.4679973788467587
intent_android.intent.action.ACTION_VIEW_DOWNLOADS,0,0.09359947576935174,0.18719895153870347,702.4,51.05918134870554,"pearson_r, entropy_reduction_ratio, mutual_information",0.0,0.0,0.0,0.0,0.4679973788467587
intent_com.excelliance.dualaid.SHORTCUT_ALARM,0,0.09359947576935174,0.18719895153870347,702.4,51.05918134870554,"pearson_r, entropy_reduction_ratio, mutual_information",0.0,0.0,0.0,0.0,0.4679973788467587
intent_com.excelliance.dualaid.action.downloadcomp,0,0.09359947576935174,0.18719895153870347,702.4,51.05918134870554,"pearson_r, entropy_reduction_ratio, mutual_information",0.0,0.0,0.0,0.0,0.4679973788467587
intent_com.excelliance.dualaid.action.psjardl,0,0.09359947576935174,0.18719895153870347,702.4,51.05918134870554,"pearson_r, entropy_reduction_ratio, mutual_information",0.0,0.0,0.0,0.0,0.4679973788467587
intent_com.example.servicejar.action.START_SPIRIT,0,0.09359947576935174,0.18719895153870347,702.4,51.05918134870554,"pearson_r, entropy_reduction_ratio, mutual_information",0.0,0.0,0.0,0.0,0.4679973788467587
perm_com.android.agedlauncher.permission.WRITE_SETTINGS,0,0.09359947576935174,0.18719895153870347,702.4,51.05918134870554,"pearson_r, entropy_reduction_ratio, mutual_information",0.0,0.0,0.0,0.0,0.4679973788467587
perm_com.xiaomi.permission.AUTH_SERVICE,0,0.09359947576935174,0.18719895153870347,702.4,51.05918134870554,"pearson_r, entropy_reduction_ratio, mutual_information",0.0,0.0,0.0,0.0,0.4679973788467587
intent_com.getui.gis.action.64kVIzqls49c7TJxrBbWG4,0,0.09359947576935174,0.18719895153870347,702.4,51.05918134870554,"pearson_r, entropy_reduction_ratio, mutual_information",0.0,0.0,0.0,0.0,0.4679973788467587
intent_com.excelliance.dualaid.action.phone_res_download,0,0.09359947576935174,0.18719895153870347,702.4,51.05918134870554,"pearson_r, entropy_reduction_ratio, mutual_information",0.0,0.0,0.0,0.0,0.4679973788467587
intent_com.igexin.sdk.action.user.message,0,0.09359947576935174,0.18719895153870347,702.4,51.05918134870554,"pearson_r, entropy_reduction_ratio, mutual_information",0.0,0.0,0.0,0.0,0.4679973788467587
intent_com.excelliance.dualaid.action.psts,0,0.09359947576935174,0.18719895153870347,702.4,51.05918134870554,"pearson_r, entropy_reduction_ratio, mutual_information",0.0,0.0,0.0,0.0,0.4679973788467587
intent_com.getui.gtc.sdk.service.action,0,0.09359947576935174,0.18719895153870347,702.4,51.05918134870554,"pearson_r, entropy_reduction_ratio, mutual_information",0.0,0.0,0.0,0.0,0.4679973788467587
perm_android.Manifest.permission.READ_SMS,0,0.09359947576935174,0.18719895153870347,702.4,51.05918134870554,"pearson_r, entropy_reduction_ratio, mutual_information",0.0,0.0,0.0,0.0,0.4679973788467587
intent_com.google.Ps.Download,0,0.09359947576935174,0.18719895153870347,702.4,51.05918134870554,"pearson_r, entropy_reduction_ratio, mutual_information",0.0,0.0,0.0,0.0,0.4679973788467587
intent_com.excelliance.dualaid.action.pg,0,0.09359947576935174,0.18719895153870347,702.4,51.05918134870554,"pearson_r, entropy_reduction_ratio, mutual_information",0.0,0.0,0.0,0.0,0.4679973788467587
perm_com.android.permission.WRITE_APN_SETTINGS,0,0.09359947576935174,0.18719895153870347,702.4,51.05918134870554,"pearson_r, entropy_reduction_ratio, mutual_information",0.0,0.0,0.0,0.0,0.4679973788467587
intent_show_taskmanagerwhitelist,0,0.09359947576935174,0.18719895153870347,702.4,51.05918134870554,"pearson_r, entropy_reduction_ratio, mutual_information",0.0,0.0,0.0,0.0,0.4679973788467587
intent_safiap.framework.ACTION_TO_UPDATE,0,0.09359947576935174,0.18719895153870347,702.4,51.05918134870554,"pearson_r, entropy_reduction_ratio, mutual_information",0.0,0.0,0.0,0.0,0.4679973788467587
intent_com.meizu.c2dm.intent.RECEIVE,0,0.09359947576935174,0.18719895153870347,702.4,51.05918134870554,"pearson_r, entropy_reduction_ratio, mutual_information",0.0,0.0,0.0,0.0,0.4679973788467587
intent_com.sogou.passport.service.aidl,0,0.09359947576935174,0.18719895153870347,702.4,51.05918134870554,"pearson_r, entropy_reduction_ratio, mutual_information",0.0,0.0,0.0,0.0,0.4679973788467587
intent_com.baidu.action.Techain.VIEW,0,0.09359947576935174,0.18719895153870347,702.4,51.05918134870554,"pearson_r, entropy_reduction_ratio, mutual_information",0.0,0.0,0.0,0.0,0.4679973788467587
intent_android.intent.action.UMS_CONNECTED,0,0.09359947576935174,0.18719895153870347,702.4,51.05918134870554,"pearson_r, entropy_reduction_ratio, mutual_information",0.0,0.0,0.0,0.0,0.4679973788467587
intent_com.meizu.flyme.push.intent.MESSAGE,0,0.09359947576935174,0.18719895153870347,702.4,51.05918134870554,"pearson_r, entropy_reduction_ratio, mutual_information",0.0,0.0,0.0,0.0,0.4679973788467587
intent_android.intent.action.ACTION_PACKAGE_ADDED,0,0.09359947576935174,0.18719895153870347,702.4,51.05918134870554,"pearson_r, entropy_reduction_ratio, mutual_information",0.0,0.0,0.0,0.0,0.4679973788467587
intent_com.mobiletool.appstore.service.weatherservice,0,0.09359947576935174,0.18719895153870347,702.4,51.05918134870554,"pearson_r, entropy_reduction_ratio, mutual_information",0.0,0.0,0.0,0.0,0.4679973788467587
intent_com.mobiletool.appstore.action.wap,0,0.09359947576935174,0.18719895153870347,702.4,51.05918134870554,"pearson_r, entropy_reduction_ratio, mutual_information",0.0,0.0,0.0,0.0,0.4679973788467587
intent_com.mobiletool.appstore.action.update,0,0.09359947576935174,0.18719895153870347,702.4,51.05918134870554,"pearson_r, entropy_reduction_ratio, mutual_information",0.0,0.0,0.0,0.0,0.4679973788467587
perm_android.permission.WRITE_APN_STORAGE,0,0.09359947576935174,0.18719895153870347,702.4,51.05918134870554,"pearson_r, entropy_reduction_ratio, mutual_information",0.0,0.0,0.0,0.0,0.4679973788467587
intent_com.Remind.alarm.repeat,0,0.09359947576935174,0.18719895153870347,702.4,51.05918134870554,"pearson_r, entropy_reduction_ratio, mutual_information",0.0,0.0,0.0,0.0,0.4679973788467587
intent_com.mobiletool.appstore.action.specialdetail,0,0.09359947576935174,0.18719895153870347,702.4,51.05918134870554,"pearson_r, entropy_reduction_ratio, mutual_information",0.0,0.0,0.0,0.0,0.4679973788467587
intent_com.mobiletool.appstore.intent.action.COMMAND,0,0.09359947576935174,0.18719895153870347,702.4,51.05918134870554,"pearson_r, entropy_reduction_ratio, mutual_information",0.0,0.0,0.0,0.0,0.4679973788467587
intent_com.mobiletool.appstore.action.appdetail,0,0.09359947576935174,0.18719895153870347,702.4,51.05918134870554,"pearson_r, entropy_reduction_ratio, mutual_information",0.0,0.0,0.0,0.0,0.4679973788467587
intent_com.mobiletool.appstore.action.backtomarket,0,0.09359947576935174,0.18719895153870347,702.4,51.05918134870554,"pearson_r, entropy_reduction_ratio, mutual_information",0.0,0.0,0.0,0.0,0.4679973788467587
intent_com.mobiletool.appstore.action.download,0,0.09359947576935174,0.18719895153870347,702.4,51.05918134870554,"pearson_r, entropy_reduction_ratio, mutual_information",0.0,0.0,0.0,0.0,0.4679973788467587
intent_intent.action.HEJU,0,0.09359947576935174,0.18719895153870347,702.4,51.05918134870554,"pearson_r, entropy_reduction_ratio, mutual_information",0.0,0.0,0.0,0.0,0.4679973788467587
perm_com.meizu.c2dm.permission.RECEIVE,0,0.09359947576935174,0.18719895153870347,702.4,51.05918134870554,"pearson_r, entropy_reduction_ratio, mutual_information",0.0,0.0,0.0,0.0,0.4679973788467587
perm_android.permission.ACCESS_NETWORK_STATE,0,0.09359947576935174,0.18719895153870347,702.4,51.05918134870554,"pearson_r, entropy_reduction_ratio, mutual_information",0.0,0.0,0.0,0.0,0.4679973788467587
intent_com.qihoo360.accounts.action.START_SERVICE,0,0.09359947576935174,0.18719895153870347,702.4,51.05918134870554,"pearson_r, entropy_reduction_ratio, mutual_information",0.0,0.0,0.0,0.0,0.4679973788467587
perm_com.android.broswer.permission.WRITE_HISTORY_BOOKMARKS,0,0.09359947576935174,0.18719895153870347,702.4,51.05918134870554,"pearson_r, entropy_reduction_ratio, mutual_information",0.0,0.0,0.0,0.0,0.4679973788467587
intent_com.gtp.nextlauncher.theme,0,0.09359947576935174,0.18719895153870347,702.4,51.05918134870554,"pearson_r, entropy_reduction_ratio, mutual_information",0.0,0.0,0.0,0.0,0.4679973788467587
intent_com.kingroot.kinguser.gamebox.ACTION_GAME_ADDED,0,0.09359947576935174,0.18719895153870347,702.4,51.05918134870554,"pearson_r, entropy_reduction_ratio, mutual_information",0.0,0.0,0.0,0.0,0.4679973788467587
intent_com.kingroot.common.ACTION_TOP_APP_CHANGED,0,0.09359947576935174,0.18719895153870347,702.4,51.05918134870554,"pearson_r, entropy_reduction_ratio, mutual_information",0.0,0.0,0.0,0.0,0.4679973788467587
intent_com.kingroot.common.ACTION_TOP_ACTIVITY_CHANGED,0,0.09359947576935174,0.18719895153870347,702.4,51.05918134870554,"pearson_r, entropy_reduction_ratio, mutual_information",0.0,0.0,0.0,0.0,0.4679973788467587
intent_com.kingroot.common.ACTION_SWITCH_OUT_DESKTOP,0,0.09359947576935174,0.18719895153870347,702.4,51.05918134870554,"pearson_r, entropy_reduction_ratio, mutual_information",0.0,0.0,0.0,0.0,0.4679973788467587
intent_com.kingroot.common.ACTION_NOTIFY_OUT_SELF_APP_BY_MAIN,0,0.09359947576935174,0.18719895153870347,702.4,51.05918134870554,"pearson_r, entropy_reduction_ratio, mutual_information",0.0,0.0,0.0,0.0,0.4679973788467587
perm_qiku.permission.ACCESS_QKPARAMS,0,0.09359947576935174,0.18719895153870347,702.4,51.05918134870554,"pearson_r, entropy_reduction_ratio, mutual_information",0.0,0.0,0.0,0.0,0.4679973788467587
intent_com.sogou.passport.service.upload,0,0.09359947576935174,0.18719895153870347,702.4,51.05918134870554,"pearson_r, entropy_reduction_ratio, mutual_information",0.0,0.0,0.0,0.0,0.4679973788467587
intent_com.ss.android.socialbase.downloader.remote,0,0.09359947576935174,0.18719895153870347,702.4,51.05918134870554,"pearson_r, entropy_reduction_ratio, mutual_information",0.0,0.0,0.0,0.0,0.4679973788467587
intent_com.sogou.androidtool.action.main,0,0.09359947576935174,0.18719895153870347,702.4,51.05918134870554,"pearson_r, entropy_reduction_ratio, mutual_information",0.0,0.0,0.0,0.0,0.4679973788467587
intent_com.sogou.androidtool.action.download,0,0.09359947576935174,0.18719895153870347,702.4,51.05918134870554,"pearson_r, entropy_reduction_ratio, mutual_information",0.0,0.0,0.0,0.0,0.4679973788467587
perm_com.kingroot.kinguser.permission.activityCalled,0,0.09359947576935174,0.18719895153870347,702.4,51.05918134870554,"pearson_r, entropy_reduction_ratio, mutual_information",0.0,0.0,0.0,0.0,0.4679973788467587
intent_com.sogou.androidtool.action.sdk,0,0.09359947576935174,0.18719895153870347,702.4,51.05918134870554,"pearson_r, entropy_reduction_ratio, mutual_information",0.0,0.0,0.0,0.0,0.4679973788467587
perm_com.excelliance.dualaid.assist,0,0.09359947576935174,0.18719895153870347,702.4,51.05918134870554,"pearson_r, entropy_reduction_ratio, mutual_information",0.0,0.0,0.0,0.0,0.4679973788467587
intent_com.sogou.androidtool.action.BackgroundService,0,0.09359947576935174,0.18719895153870347,702.4,51.05918134870554,"pearson_r, entropy_reduction_ratio, mutual_information",0.0,0.0,0.0,0.0,0.4679973788467587
intent_com.kingroot.kinguser.service.IKingrootAppList,0,0.09359947576935174,0.18719895153870347,702.4,51.05918134870554,"pearson_r, entropy_reduction_ratio, mutual_information",0.0,0.0,0.0,0.0,0.4679973788467587
intent_com.kingroot.kinguser.SU_REQUEST,0,0.09359947576935174,0.18719895153870347,702.4,51.05918134870554,"pearson_r, entropy_reduction_ratio, mutual_information",0.0,0.0,0.0,0.0,0.4679973788467587
intent_com.sogou.androidtool.action.service,0,0.09359947576935174,0.18719895153870347,702.4,51.05918134870554,"pearson_r, entropy_reduction_ratio, mutual_information",0.0,0.0,0.0,0.0,0.4679973788467587
intent_com.sogou.androidtool.service.weathernotifyreceiver,0,0.09359947576935174,0.18719895153870347,702.4,51.05918134870554,"pearson_r, entropy_reduction_ratio, mutual_information",0.0,0.0,0.0,0.0,0.4679973788467587
intent_com.qihoo.appstore.plugin.share.IpluginService,0,0.09359947576935174,0.18719895153870347,702.4,51.05918134870554,"pearson_r, entropy_reduction_ratio, mutual_information",0.0,0.0,0.0,0.0,0.4679973788467587
intent_com.qihoo.appstore.ACTION_CHARGE_SHOW_TIPS_DLG,0,0.09359947576935174,0.18719895153870347,702.4,51.05918134870554,"pearson_r, entropy_reduction_ratio, mutual_information",0.0,0.0,0.0,0.0,0.4679973788467587
perm_android.permission.ADDINSTALLKEY,0,0.09359947576935174,0.18719895153870347,702.4,51.05918134870554,"pearson_r, entropy_reduction_ratio, mutual_information",0.0,0.0,0.0,0.0,0.4679973788467587
intent_com.secneo.plugin.action.APP_STARTED,0,0.09359947576935174,0.18719895153870347,702.4,51.05918134870554,"pearson_r, entropy_reduction_ratio, mutual_information",0.0,0.0,0.0,0.0,0.4679973788467587
intent_com.qihoo.appstore.ACTION_WX_CLEAR,0,0.09359947576935174,0.18719895153870347,702.4,51.05918134870554,"pearson_r, entropy_reduction_ratio, mutual_information",0.0,0.0,0.0,0.0,0.4679973788467587
intent_com.secneo.proxy.action.CUSTOM,0,0.09359947576935174,0.18719895153870347,702.4,51.05918134870554,"pearson_r, entropy_reduction_ratio, mutual_information",0.0,0.0,0.0,0.0,0.4679973788467587
intent_com.sogou.androidtool.highspeed,0,0.09359947576935174,0.18719895153870347,702.4,51.05918134870554,"pearson_r, entropy_reduction_ratio, mutual_information",0.0,0.0,0.0,0.0,0.4679973788467587
intent_com.sogou.androidtool.action.update,0,0.09359947576935174,0.18719895153870347,702.4,51.05918134870554,"pearson_r, entropy_reduction_ratio, mutual_information",0.0,0.0,0.0,0.0,0.4679973788467587
perm_com.qiku.android.launcher3.permission.WRITE_UNREAD,0,0.09359947576935174,0.18719895153870347,702.4,51.05918134870554,"pearson_r, entropy_reduction_ratio, mutual_information",0.0,0.0,0.0,0.0,0.4679973788467587
intent_com.qihoo.appstore.ACTION_LOCK_SCREEN_AD_STATE_CHANGE,0,0.09359947576935174,0.18719895153870347,702.4,51.05918134870554,"pearson_r, entropy_reduction_ratio, mutual_information",0.0,0.0,0.0,0.0,0.4679973788467587
intent_com.qihoo360.daemon.pcdaemon.ACTION_START_FROM_NOTIFICATION,0,0.09359947576935174,0.18719895153870347,702.4,51.05918134870554,"pearson_r, entropy_reduction_ratio, mutual_information",0.0,0.0,0.0,0.0,0.4679973788467587
intent_com.qihoo.appstore.push.PushNotifyCancelReceiver.ACTION_INTENT_CANCEL,0,0.09359947576935174,0.18719895153870347,702.4,51.05918134870554,"pearson_r, entropy_reduction_ratio, mutual_information",0.0,0.0,0.0,0.0,0.4679973788467587
intent_com.sogou.androidtool.service.weatherservice,0,0.09359947576935174,0.18719895153870347,702.4,51.05918134870554,"pearson_r, entropy_reduction_ratio, mutual_information",0.0,0.0,0.0,0.0,0.4679973788467587
intent_com.sjm.avplay.SHOW_ACTIVITY,0,0.09359947576935174,0.18719895153870347,702.4,51.05918134870554,"pearson_r, entropy_reduction_ratio, mutual_information",0.0,0.0,0.0,0.0,0.4679973788467587
intent_android.provider.Telephony.SMS_RECEIVED2,0,0.09359947576935174,0.18719895153870347,702.4,51.05918134870554,"pearson_r, entropy_reduction_ratio, mutual_information",0.0,0.0,0.0,0.0,0.4679973788467587
perm_android.permission.SET_ACTIVITY_WATCHER,0,0.09359947576935174,0.18719895153870347,702.4,51.05918134870554,"pearson_r, entropy_reduction_ratio, mutual_information",0.0,0.0,0.0,0.0,0.4679973788467587
perm_android.permission.CHANGE_COMPONENT_ENABLED_STATE,0,0.09359947576935174,0.18719895153870347,702.4,51.05918134870554,"pearson_r, entropy_reduction_ratio, mutual_information",0.0,0.0,0.0,0.0,0.4679973788467587
intent_android.intent.action.INPUT_METHOD_CHANGED,0,0.09359947576935174,0.18719895153870347,702.4,51.05918134870554,"pearson_r, entropy_reduction_ratio, mutual_information",0.0,0.0,0.0,0.0,0.4679973788467587
intent_com.excelliance.dualaid.action.ext,0,0.09359947576935174,0.18719895153870347,702.4,51.05918134870554,"pearson_r, entropy_reduction_ratio, mutual_information",0.0,0.0,0.0,0.0,0.4679973788467587
intent_com.kingroot.kinguser.ACTION_MAIN_START_CHECK,0,0.09359947576935174,0.18719895153870347,702.4,51.05918134870554,"pearson_r, entropy_reduction_ratio, mutual_information",0.0,0.0,0.0,0.0,0.4679973788467587
intent_com.kingroot.ACTION_SERVICE_PSS_RECORD,0,0.09359947576935174,0.18719895153870347,702.4,51.05918134870554,"pearson_r, entropy_reduction_ratio, mutual_information",0.0,0.0,0.0,0.0,0.4679973788467587
perm_ANDROID.PERMISSION.SEND_SMS,0,0.09359947576935174,0.18719895153870347,702.4,51.05918134870554,"pearson_r, entropy_reduction_ratio, mutual_information",0.0,0.0,0.0,0.0,0.4679973788467587
intent_com.kingroot.kinguser.gamebox.ACTION_GAME_DELETED,0,0.09359947576935174,0.18719895153870347,702.4,51.05918134870554,"pearson_r, entropy_reduction_ratio, mutual_information",0.0,0.0,0.0,0.0,0.4679973788467587
intent_com.android.deskclock.ALARM_SNOOZE,0,0.09359947576935174,0.18719895153870347,702.4,51.05918134870554,"pearson_r, entropy_reduction_ratio, mutual_information",0.0,0.0,0.0,0.0,0.4679973788467587
perm_com.lenovo.launcherhdmarket.permission.WRITE_SETTINGS,0,0.09359947576935174,0.18719895153870347,702.4,51.05918134870554,"pearson_r, entropy_reduction_ratio, mutual_information",0.0,0.0,0.0,0.0,0.4679973788467587
perm_baidu.push.permission.WRITE_PUSHINFOPROVIDER.com.esbook.reader,0,0.09359947576935174,0.18719895153870347,702.4,51.05918134870554,"pearson_r, entropy_reduction_ratio, mutual_information",0.0,0.0,0.0,0.0,0.4679973788467587
intent_android.intent.action.SEND_TO_KPSH,0,0.09359947576935174,0.18719895153870347,702.4,51.05918134870554,"pearson_r, entropy_reduction_ratio, mutual_information",0.0,0.0,0.0,0.0,0.4679973788467587
intent_com.ez.sj,0,0.09359947576935174,0.18719895153870347,702.4,51.05918134870554,"pearson_r, entropy_reduction_ratio, mutual_information",0.0,0.0,0.0,0.0,0.4679973788467587
intent_android.fbreader.action.PLUGIN_CRASH,0,0.09359947576935174,0.18719895153870347,702.4,51.05918134870554,"pearson_r, entropy_reduction_ratio, mutual_information",0.0,0.0,0.0,0.0,0.4679973788467587
intent_LOCATION_SERVICE,0,0.09359947576935174,0.18719895153870347,702.4,51.05918134870554,"pearson_r, entropy_reduction_ratio, mutual_information",0.0,0.0,0.0,0.0,0.4679973788467587
intent_com.excelliance.kxqp.action.gp,0,0.09359947576935174,0.18719895153870347,702.4,51.05918134870554,"pearson_r, entropy_reduction_ratio, mutual_information",0.0,0.0,0.0,0.0,0.4679973788467587
intent_com.excelliance.kxqp.action.launcher,0,0.09359947576935174,0.18719895153870347,702.4,51.05918134870554,"pearson_r, entropy_reduction_ratio, mutual_information",0.0,0.0,0.0,0.0,0.4679973788467587
intent_com.telecom.sdk_auth_ui.SMS_CODE_SEND_ACTIOIN,0,0.09359947576935174,0.18719895153870347,702.4,51.05918134870554,"pearson_r, entropy_reduction_ratio, mutual_information",0.0,0.0,0.0,0.0,0.4679973788467587
intent_com.excelliance.kxqp.action.navback,0,0.09359947576935174,0.18719895153870347,702.4,51.05918134870554,"pearson_r, entropy_reduction_ratio, mutual_information",0.0,0.0,0.0,0.0,0.4679973788467587
intent_com.telecom.sdk_auth_ui.SMS_UNSUB_SEND_RESULT_ACTION,0,0.09359947576935174,0.18719895153870347,702.4,51.05918134870554,"pearson_r, entropy_reduction_ratio, mutual_information",0.0,0.0,0.0,0.0,0.4679973788467587
intent_android.intent.action.START_PCM_PLAY_SERVICE,0,0.09359947576935174,0.18719895153870347,702.4,51.05918134870554,"pearson_r, entropy_reduction_ratio, mutual_information",0.0,0.0,0.0,0.0,0.4679973788467587
intent_com.phonemetra.turbo.launcher.icons.ACTION_PICK_ICON,0,0.09359947576935174,0.18719895153870347,702.4,51.05918134870554,"pearson_r, entropy_reduction_ratio, mutual_information",0.0,0.0,0.0,0.0,0.4679973788467587
intent_com.lge.launcher2.THEME,0,0.09359947576935174,0.18719895153870347,702.4,51.05918134870554,"pearson_r, entropy_reduction_ratio, mutual_information",0.0,0.0,0.0,0.0,0.4679973788467587
intent_com.tappx.sdk.SILP,0,0.09359947576935174,0.18719895153870347,702.4,51.05918134870554,"pearson_r, entropy_reduction_ratio, mutual_information",0.0,0.0,0.0,0.0,0.4679973788467587
perm_com.qihoo360.home.permission.WRITE_SETTINGS,0,0.09359947576935174,0.18719895153870347,702.4,51.05918134870554,"pearson_r, entropy_reduction_ratio, mutual_information",0.0,0.0,0.0,0.0,0.4679973788467587
intent_com.mobutils.android.mediation.MaterialNotificationReceiver.ACTION_CLICK_NOTIFICATION,0,0.09359947576935174,0.18719895153870347,702.4,51.05918134870554,"pearson_r, entropy_reduction_ratio, mutual_information",0.0,0.0,0.0,0.0,0.4679973788467587
intent_com.smartdialer.voip.action.STATE_RINGING,0,0.09359947576935174,0.18719895153870347,702.4,51.05918134870554,"pearson_r, entropy_reduction_ratio, mutual_information",0.0,0.0,0.0,0.0,0.4679973788467587
intent_com.urbanairship.push.CHANNEL_UPDATED,0,0.0932319704716445,0.15670970631185127,424.6,275.5297443108457,"pearson_r, mutual_information, entropy_reduction_ratio",0.016832720359259336,0.02922662514409604,0.004697194958094952,0.00919333578021661,0.40620997611655557
intent_android.intent.action.QUICKBOOT_POWERON,0,0.09286309298072268,0.13824457065165316,377.2,322.84386319086195,"pearson_r, entropy_reduction_ratio, mutual_information",0.030488046201468926,0.02992818985978942,0.011136122465595175,0.023762149347683212,0.3690009570290767
intent_io.intercom.android.sdk.INTERCOM_PUSH_DISMISSED,0,0.09161848262792013,0.13271014249289634,415.2,384.27120631137586,"pearson_r, entropy_reduction_ratio, f_stat",0.056640642651793895,0.0,0.015657316526983177,0.03140783555896679,0.35438661840185687
intent_android.appwidget.action.APPWIDGET_CONFIGURE,0,0.0913042035275627,0.1820890830630795,576.3,221.6345189721132,"pearson_r, entropy_reduction_ratio, f_stat",0.00047046816418613207,0.0,0.00019271297075289153,0.000375609405295702,0.4554822270975788
perm_com.facebook.permission.prod.FB_APP_COMMUNICATION,0,0.0913042035275627,0.1820890830630795,576.3,221.6345189721132,"pearson_r, entropy_reduction_ratio, f_stat",0.00047046816418613207,0.0,0.00019271297075289153,0.000375609405295702,0.4554822270975788
perm_android.permission.SEND_DOWNLOAD_COMPLETED_INTENTS,0,0.09130420352756269,0.18208908306307947,576.7,222.2391954629066,"pearson_r, entropy_reduction_ratio, f_stat",0.00047046816418613207,0.0,0.00019271297075289153,0.000375609405295702,0.45548222709757874
intent_android.intent.action.VIEW,0,0.09115505729584003,0.12198354823123943,367.2,345.8979040121521,"pearson_r, entropy_reduction_ratio, f_stat",0.05363395156624568,0.014270129129579118,0.010316825454707478,0.04475319344447375,0.3328011868841942
perm_android.permission.WRITE_SYNC_SETTINGS,0,0.08994769751213386,0.14718969737793647,402.8,308.2923288049834,"pearson_r, entropy_reduction_ratio, mutual_information",0.022234468536035046,0.01804527668528877,0.008294536300074718,0.016976801527558084,0.3841874045117127
perm_com.sec.android.provider.badge.permission.WRITE,0,0.08945326652063693,0.15323959411292049,420.6,293.1843106307021,"pearson_r, mutual_information, entropy_reduction_ratio",0.016103224039581147,0.01666819571939021,0.006096847568018588,0.012558096912483586,0.39583996836371105
intent_com.google.android.c2dm.intent.REGISTRATION,0,0.08912156417735152,0.17594009326005783,564.6,232.39242672686217,"pearson_r, entropy_reduction_ratio, f_stat",0.002147311399661486,0.0,0.0007128056840939683,0.0017492125286926678,0.44099849127430946
intent_android.net.VpnService,0,0.0888776403771612,0.17176514132002657,508.5,218.02499856667814,"pearson_r, entropy_reduction_ratio, f_stat",0.00559596805410294,0.0017872254231179358,0.0015657316526983178,0.00304331080678953,0.4323959659490973
perm_android.permission.WRITE_INTERNAL_STORAGE,0,0.0888033371076498,0.17460443726926259,563.6,233.65495928826334,"pearson_r, entropy_reduction_ratio, f_stat",0.0027531320477994867,0.0,0.0010977127311229975,0.002158687465034556,0.43800715329429196
perm_android.permission.USE_SIP,0,0.08852019529253762,0.17194776800566236,555.5,243.38837277076323,"pearson_r, entropy_reduction_ratio, f_stat",0.00559596805410294,0.0,0.0015657316526983178,0.00304331080678953,0.4323959659490973
perm_android.permission.READ_CALENDAR,0,0.08799882334100204,0.17153535706443615,555.4,244.8465641988876,"pearson_r, entropy_reduction_ratio, f_stat",0.004078505217552656,0.0,0.0015809118764779416,0.0032767129921036295,0.4310579866188759
intent_android.intent.action.MY_PACKAGE_REPLACED,0,0.08799730812284601,0.1369145993892271,430.6,371.1806029414791,"pearson_r, entropy_reduction_ratio, f_stat",0.03776730207194663,0.0,0.013585517673823657,0.028008939817671687,0.36062478105078805
intent_android.media.browse.MediaBrowserService,0,0.08781796919737521,0.1385848763319227,434.0,368.0510834109852,"pearson_r, entropy_reduction_ratio, f_stat",0.03600388149162859,0.0,0.0128725430076468,0.02629678907307867,0.363916632414522
intent_android.intent.action.CONFIGURATION_CHANGED,0,0.08760896935261703,0.16503626740061997,504.4,289.9948965068179,"pearson_r, entropy_reduction_ratio, f_stat",0.01120684762595528,0.0,0.0031314633053966356,0.006107682795097489,0.41759885303663574
perm_android.permission.BIND_JOB_SERVICE,0,0.08760896935261703,0.16503626740061997,504.4,289.9948965068179,"pearson_r, entropy_reduction_ratio, f_stat",0.01120684762595528,0.0,0.0031314633053966356,0.006107682795097489,0.41759885303663574
perm_com.android.alarm.permission.SET_ALARM,0,0.08760832899017663,0.16947710495442922,553.2,247.7845031473922,"pearson_r, entropy_reduction_ratio, f_stat",0.0052897626921407535,0.0,0.002080298388136841,0.004128279931826328,0.42654330393877926
intent_com.urbanairship.push.RECEIVED,0,0.08740933085130331,0.15949578270341744,442.2,279.8774017315439,"pearson_r, entropy_reduction_ratio, f_stat",0.016832720359259336,0.0001134270423900759,0.004697194958094952,0.00919333578021661,0.40620997611655557
perm_android.permission.READ_INTERNAL_STORAGE,0,0.08738664544282529,0.15950820494620174,487.8,310.024773203691,"pearson_r, entropy_reduction_ratio, f_stat",0.016832720359259336,0.0,0.004697194958094952,0.00919333578021661,0.40620997611655557
intent_android.net.wifi.supplicant.CONNECTION_CHANGE,0,0.08738664544282529,0.15950820494620174,487.8,310.024773203691,"pearson_r, entropy_reduction_ratio, f_stat",0.016832720359259336,0.0,0.004697194958094952,0.00919333578021661,0.40620997611655557
perm_com.amazon.device.messaging.permission.RECEIVE,0,0.08738664544282529,0.15950820494620174,487.8,310.024773203691,"pearson_r, entropy_reduction_ratio, f_stat",0.016832720359259336,0.0,0.004697194958094952,0.00919333578021661,0.40620997611655557
intent_androidx.work.impl.background.systemalarm.UpdateProxies,0,0.08738664544282529,0.15950820494620174,487.8,310.024773203691,"pearson_r, entropy_reduction_ratio, f_stat",0.016832720359259336,0.0,0.004697194958094952,0.00919333578021661,0.40620997611655557
intent_com.urbanairship.push.OPENED,0,0.08738664544282529,0.15950820494620174,487.8,310.024773203691,"pearson_r, entropy_reduction_ratio, f_stat",0.016832720359259336,0.0,0.004697194958094952,0.00919333578021661,0.40620997611655557
intent_com.urbanairship.actions.SHOW_LANDING_PAGE_INTENT_ACTION,0,0.08738664544282529,0.15950820494620174,487.8,310.024773203691,"pearson_r, entropy_reduction_ratio, f_stat",0.016832720359259336,0.0,0.004697194958094952,0.00919333578021661,0.40620997611655557
intent_com.urbanairship.push.DISMISSED,0,0.08738664544282529,0.15950820494620174,487.8,310.024773203691,"pearson_r, entropy_reduction_ratio, f_stat",0.016832720359259336,0.0,0.004697194958094952,0.00919333578021661,0.40620997611655557
intent_com.google.android.gms.analytics.ANALYTICS_DISPATCH,0,0.08735473396027178,0.16822457729332807,550.4,251.15939162213303,"pearson_r, entropy_reduction_ratio, f_stat",0.005958155651023351,0.0,0.0023379357939941163,0.004698451039725607,0.4237791273166158
perm_com.sonymobile.home.permission.PROVIDER_INSERT_BADGE,0,0.08721917878658471,0.1674901069798383,549.4,252.65043043699725,"pearson_r, entropy_reduction_ratio, f_stat",0.006382313994106119,0.0,0.002495506917443669,0.005047291484331187,0.42217078153704257
perm_com.huawei.android.launcher.permission.CHANGE_BADGE,0,0.08721917878658471,0.1674901069798383,549.4,252.65043043699725,"pearson_r, entropy_reduction_ratio, f_stat",0.006382313994106119,0.0,0.002495506917443669,0.005047291484331187,0.42217078153704257
perm_android.permission.READ_SYNC_STATS,0,0.0869637834607775,0.1653245642657299,520.4,278.7677169257588,"pearson_r, entropy_reduction_ratio, f_stat",0.008044615590948646,0.0,0.0030912495524114967,0.006115227433857315,0.41756782472667003
perm_android.permission.READ_SYNC_SETTINGS,0,0.08687760133852046,0.14332332758602354,442.0,359.2709284091882,"pearson_r, entropy_reduction_ratio, f_stat",0.0289625830653153,0.0,0.010646767339179915,0.021933934068499496,0.37284472221960757
perm_android.permission.READ_PROFILE,0,0.08665246536342139,0.15132078904393237,462.2,340.29422563422963,"pearson_r, entropy_reduction_ratio, f_stat",0.02162955220905583,0.0,0.0075957315397535575,0.015089850645877673,0.3889471924224199
intent_com.google.android.gms.iid.InstanceID,0,0.08658676397481083,0.14389037305777483,444.0,356.2880856834817,"pearson_r, entropy_reduction_ratio, f_stat",0.027556465787856907,0.0,0.010116803682552442,0.021517561442265368,0.37374298896137936
perm_android.permission.CAMERA,0,0.08655299105028731,0.16537213562066527,536.6,266.6455324958586,"pearson_r, entropy_reduction_ratio, f_stat",0.007561998522868707,0.0,0.001759566903446159,0.006192639294125765,0.4172507505309959
perm_com.oppo.launcher.permission.WRITE_SETTINGS,0,0.08629015712845114,0.15831155174884828,490.0,311.5817709687138,"pearson_r, entropy_reduction_ratio, f_stat",0.013336093195371452,0.0,0.005085325416169201,0.010246560478649441,0.4027828065520656
intent_android.intent.action.MEDIA_BUTTON,0,0.08628203984371911,0.14933000546010955,460.0,342.5200724045235,"pearson_r, entropy_reduction_ratio, f_stat",0.02185255302071276,0.0,0.008167564238502917,0.01682149404490734,0.38456858791447257
perm_me.everything.badger.permission.BADGE_COUNT_WRITE,0,0.08626577358131778,0.15450356790098874,473.6,329.55309132217224,"pearson_r, entropy_reduction_ratio, f_stat",0.017050522271253213,0.0,0.006388060403507949,0.012834034997988015,0.39505625023383967
intent_android.intent.action.SEND,0,0.08622835359820705,0.1596874700933439,496.2,305.6857209619056,"pearson_r, entropy_reduction_ratio, f_stat",0.011806813723363603,0.0,0.00442876777286896,0.009407014372766812,0.4054991721220359
perm_com.android.vending.BILLING,0,0.08621789604708173,0.16035595911962583,498.2,298.5420573386604,"pearson_r, entropy_reduction_ratio, f_stat",0.011199911629272991,0.0,0.004046972385810724,0.009007437735655877,0.40683515848466906
perm_com.htc.launcher.permission.UPDATE_SHORTCUT,0,0.08619615368872598,0.15782344404592552,489.0,313.30496325465384,"pearson_r, entropy_reduction_ratio, f_stat",0.013528174035985139,0.0,0.005156610761552788,0.010589188884395447,0.4017067947616965
perm_android.permission.AUTHENTICATE_ACCOUNTS,0,0.08614610186618851,0.1551364931710482,480.2,322.69205134307225,"pearson_r, entropy_reduction_ratio, f_stat",0.01601127369757802,0.0,0.006070082209531464,0.012423378408863874,0.39622577501496925
intent_com.google.android.gms.gcm.ACTION_TASK_READY,0,0.08614610186618851,0.1551364931710482,480.2,322.69205134307225,"pearson_r, entropy_reduction_ratio, f_stat",0.01601127369757802,0.0,0.006070082209531464,0.012423378408863874,0.39622577501496925
perm_com.google.android.providers.gsf.permission.READ_GSERVICES,0,0.0861402903329222,0.1603376213798788,500.2,297.405716152195,"pearson_r, entropy_reduction_ratio, f_stat",0.011166106037334486,0.0,0.0037741081588999717,0.009041634710761014,0.40671960275761554
suspicious_getExternalStorageDirectory,0,0.08476623245629815,0.1552295291401202,516.6,304.3147055270251,"pearson_r, entropy_reduction_ratio, f_stat",0.01593628680503749,0.0,6.604292556073757e-05,0.012875864562996619,0.3949529679878959
