feature,method_count,aggregated_score,score_std,rank_mean,rank_std,top_methods,entropy_reduction_ratio,mutual_information,chi2_stat,f_stat,pearson_r
intent_cryopiggy.start,5,0.8664512362556799,0.20674913623659777,6.2,9.431860898041277,"chi2_stat, f_stat, pearson_r",0.8660799403938657,0.4661762408845343,1.0,1.0,1.0
intent_android.intent.action.USER_PRESENT,5,0.6967368558791077,0.1953465860768437,6.6,4.841487374764082,"entropy_reduction_ratio, pearson_r, mutual_information",0.9145600161171631,0.7579826015890755,0.5747143580101132,0.3811670363561891,0.8552602673229974
intent_android.net.conn.CONNECTIVITY_CHANGE,5,0.6919402625977689,0.30606497452495557,4.1,2.33238075793812,"entropy_reduction_ratio, mutual_information, pearson_r",1.0,1.0,0.417638730979868,0.2518509089666498,0.7902116730423271
intent_android.app.action.DEVICE_ADMIN_ENABLED,4,0.7127898570239546,0.1599311708645335,8.5,9.038805230781334,"pearson_r, chi2_stat, entropy_reduction_ratio",0.7493385796785295,0.45960219412174236,0.794330567087295,0.6275720876158299,0.9331058566163758
intent_android.intent.action.EXTERNAL_APPLICATIONS_AVAILABLE,4,0.6961930832293619,0.18730720155187655,9.1,10.72100741535048,"pearson_r, chi2_stat, entropy_reduction_ratio",0.7493385796785295,0.3766183251487793,0.794330567087295,0.6275720876158299,0.933105856616376
intent_android.intent.action.PACKAGE_REPLACED,4,0.5961120144338603,0.21396934811882123,11.0,13.023056476879765,"pearson_r, entropy_reduction_ratio, chi2_stat",0.7905375987588694,0.308421240203965,0.6073775246966661,0.4081378002633344,0.8660859082464669
intent_com.inmobi.share.id,4,0.3923299093388142,0.19195441703338165,13.4,8.499411744350311,"pearson_r, entropy_reduction_ratio, mutual_information",0.47719055123359244,0.37734774776630714,0.2657903197650326,0.1385353241731626,0.7027856037559761
perm_android.permission.CHANGE_NETWORK_STATE,4,0.3560486038809672,0.19326456096658798,24.8,4.4,"pearson_r, entropy_reduction_ratio, mutual_information",0.4359980018420478,0.3510757993568596,0.21407938074941554,0.10852885951135699,0.6705609779451561
perm_android.permission.CHANGE_WIFI_STATE,4,0.33703195567852423,0.21847328329873827,23.2,2.315167380558045,"pearson_r, mutual_information, entropy_reduction_ratio",0.343015097007224,0.5517921102359562,0.12494512232939463,0.0611555117855668,0.6042519370344793
perm_android.permission.GET_TASKS,3,0.4470275952513118,0.3098457393167814,20.8,6.4,"mutual_information, entropy_reduction_ratio, pearson_r",0.6082046422288354,0.8546088012360689,0.10924090193873925,0.060296861503920114,0.6027867693489954
perm_android.permission.RECEIVE_USER_PRESENT,3,0.27302715113620923,0.21490236066941606,35.6,31.257639066314653,"pearson_r, chi2_stat, entropy_reduction_ratio",0.20312337066127942,0.09807778397492241,0.25,0.12499999161324644,0.6889346094315979
intent_cn.jpush.android.intent.UNREGISTRATION,3,0.2660788449127288,0.22092384210870106,50.4,60.341030816518206,"pearson_r, chi2_stat, entropy_reduction_ratio",0.20312337066127942,0.06333625285752016,0.25,0.12499999161324644,0.6889346094315979
intent_cn.jpush.android.intent.PushService,3,0.2660226484017244,0.2209754364106397,50.6,60.73746784316911,"pearson_r, chi2_stat, entropy_reduction_ratio",0.20312337066127942,0.06305527030249795,0.25,0.12499999161324644,0.6889346094315979
intent_cn.jpush.android.intent.REPORT,3,0.2659120614986928,0.22107709850241392,51.8,63.11703415085344,"pearson_r, chi2_stat, entropy_reduction_ratio",0.20312337066127942,0.06250233578734013,0.25,0.12499999161324644,0.6889346094315979
intent_cn.jpush.android.intent.ACTION_RICHPUSH_CALLBACK,3,0.26469785536164564,0.2222047329446576,54.0,67.48333127521195,"pearson_r, chi2_stat, entropy_reduction_ratio",0.20312337066127942,0.056431305102104465,0.25,0.12499999161324644,0.6889346094315979
intent_cn.jpush.android.intent.REGISTRATION,3,0.26263324575320385,0.2241695162949535,62.2,83.78878206538153,"pearson_r, chi2_stat, entropy_reduction_ratio",0.20312337066127942,0.046108257059895526,0.25,0.12499999161324644,0.6889346094315979
intent_cn.jpush.android.intent.NOTIFICATION_RECEIVED,3,0.2553974959930837,0.23150558871066798,100.0,159.20427129948493,"pearson_r, chi2_stat, entropy_reduction_ratio",0.20312337066127942,0.009929508259294947,0.25,0.12499999161324644,0.6889346094315979
intent_cn.jpush.android.intent.NOTIFICATION_RECEIVED_PROXY,3,0.2534115943412248,0.23363553537592363,165.3,289.7122020212473,"pearson_r, chi2_stat, entropy_reduction_ratio",0.20312337066127942,0.0,0.25,0.12499999161324644,0.6889346094315979
intent_cn.jpush.android.ui.PushActivity,3,0.2534115943412248,0.23363553537592363,165.3,289.7122020212473,"pearson_r, chi2_stat, entropy_reduction_ratio",0.20312337066127942,0.0,0.25,0.12499999161324644,0.6889346094315979
intent_cn.jpush.android.intent.REGISTER,3,0.2534115943412248,0.23363553537592363,165.3,289.7122020212473,"pearson_r, chi2_stat, entropy_reduction_ratio",0.20312337066127942,0.0,0.25,0.12499999161324644,0.6889346094315979
intent_cn.jpush.android.intent.PUSH_TIME,3,0.2534115943412248,0.23363553537592363,165.3,289.7122020212473,"pearson_r, chi2_stat, entropy_reduction_ratio",0.20312337066127942,0.0,0.25,0.12499999161324644,0.6889346094315979
intent_cn.jpush.android.intent.MESSAGE_RECEIVED,3,0.2534115943412248,0.23363553537592363,165.3,289.7122020212473,"pearson_r, chi2_stat, entropy_reduction_ratio",0.20312337066127942,0.0,0.25,0.12499999161324644,0.6889346094315979
intent_cn.jpush.android.intent.NOTIFICATION_OPENED,3,0.2534115943412248,0.23363553537592363,165.3,289.7122020212473,"pearson_r, chi2_stat, entropy_reduction_ratio",0.20312337066127942,0.0,0.25,0.12499999161324644,0.6889346094315979
intent_android.intent.action.MEDIA_EJECT,3,0.2534115943412247,0.23363553537592355,166.8,288.9433508492625,"pearson_r, chi2_stat, entropy_reduction_ratio",0.20312337066127942,0.0,0.25,0.12499999161324644,0.6889346094315977
intent_android.intent.action.MEDIA_UNMOUNTED,3,0.2534115943412247,0.23363553537592355,166.8,288.9433508492625,"pearson_r, chi2_stat, entropy_reduction_ratio",0.20312337066127942,0.0,0.25,0.12499999161324644,0.6889346094315977
perm_android.permission.READ_PHONE_STATE,2,0.36954800642346236,0.3611096150569493,28.1,13.484806264830059,"mutual_information, pearson_r, entropy_reduction_ratio",0.31193534321925204,0.9920967743835271,0.024044033117306404,0.017276424108911448,0.5023874572883148
n_services,2,0.30074440930005775,0.2612673516568202,225.2,383.2729575641882,"entropy_reduction_ratio, mutual_information, pearson_r",0.6237955758092171,0.5635697877712141,0.013861221675240825,0.008308176536892373,0.2941872847077243
n_activities,2,0.2874725153760899,0.24050281365531392,105.0,89.40246081624376,"entropy_reduction_ratio, mutual_information, pearson_r",0.5342256850249731,0.5194841351576049,3.472947159568063e-05,1.74515849534173e-05,0.3836005756413225
intent_com.google.android.c2dm.intent.RECEIVE,2,0.27781214822813544,0.28511590652968904,217.8,391.3839036036102,"entropy_reduction_ratio, mutual_information, f_stat",0.770062938050463,0.39589438560704787,0.017380352330882917,0.20572306515228345,0.0
suspicious_Ldalvik/system/PathClassLoader;,2,0.25564658638610027,0.24215536629965978,218.6,390.45747527739815,"entropy_reduction_ratio, mutual_information, f_stat",0.6566767993973976,0.40929573920547313,0.01688788259340872,0.12813426220328059,0.06723824853094137
n_receivers,1,0.3556433272676106,0.2943728194295004,27.2,11.21427661510095,"entropy_reduction_ratio, pearson_r, mutual_information",0.7909101978844645,0.3758574843562518,0.0349812782312214,0.03181748208376055,0.5446501937823549
suspicious_Ljava/lang/System;->load,1,0.330507343757635,0.3703759922646839,41.5,19.76866206904251,"mutual_information, pearson_r, entropy_reduction_ratio",0.18117369919822432,0.9920967743835271,0.007764425334598327,0.007967886837704732,0.4635339330341208
suspicious_Ljava/lang/System;->loadLibrary,1,0.3202331504562208,0.35214487990766313,42.8,17.284675293449975,"mutual_information, pearson_r, entropy_reduction_ratio",0.18117369919822432,0.9407258078764559,0.007764425334598327,0.007967886837704732,0.4635339330341208
perm_android.permission.WRITE_EXTERNAL_STORAGE,1,0.2997287373659595,0.37118550547506557,51.4,24.204131878668978,"mutual_information, pearson_r, entropy_reduction_ratio",0.08884971293285157,0.9703629039382273,0.0018371427440815747,0.0033509809339866635,0.43424294628065047
n_providers,1,0.2988687132403415,0.30003554217500333,223.2,385.6586055049206,"entropy_reduction_ratio, mutual_information, pearson_r",0.8362438676564342,0.3437876633332826,0.02272491850029229,0.011262032829650635,0.2803250838820477
n_urls,1,0.27994425407196377,0.2445066111296444,53.0,28.319604517012593,"entropy_reduction_ratio, pearson_r, mutual_information",0.6252011558024984,0.3569844554784938,0.0008578424894180299,0.0014137800630115065,0.4152640365263974
suspicious_Cipher,1,0.27594730981886756,0.3907595827965646,456.9,235.09028053069312,"mutual_information, pearson_r, entropy_reduction_ratio",0.0,1.0,0.0,0.0,0.37973654909433796
perm_android.permission.ACCESS_WIFI_STATE,1,0.2748045136662807,0.33540165092738367,51.8,20.52705531731232,"mutual_information, pearson_r, entropy_reduction_ratio",0.06608297888325602,0.8625961752101123,0.0038396512812450133,0.0037930259075588794,0.4377107370492314
intent_android.intent.action.BOOT_COMPLETED,1,0.2746246169047799,0.2200536081139615,30.0,5.89915248150105,"mutual_information, pearson_r, entropy_reduction_ratio",0.24887693779293188,0.5276044415674737,0.046531267558313286,0.02462631601601838,0.5254841215891625
suspicious_getCellLocation,1,0.2712554858351336,0.1928253456536152,28.8,5.2687759489277965,"pearson_r, entropy_reduction_ratio, mutual_information",0.3672482207721294,0.2589204930114352,0.09766756951084274,0.04942024534252089,0.5830209005387398
suspicious_getDeviceId,1,0.27114112335514456,0.379248294464241,118.9,74.45428127381258,"mutual_information, pearson_r, entropy_reduction_ratio",0.0013215479788425014,0.9683870975341093,4.0483019595714366e-07,4.505529174940379e-05,0.38595151114082576
perm_android.permission.ACCESS_NETWORK_STATE,1,0.26962472932568976,0.37907412047483763,457.8,233.34729482040285,"mutual_information, pearson_r, entropy_reduction_ratio",0.0,0.9683870975341107,0.0,0.0,0.37973654909433796
suspicious_getSystemService,1,0.2696247293256895,0.3790741204748372,458.1,232.7664924339412,"mutual_information, pearson_r, entropy_reduction_ratio",0.0,0.9683870975341093,0.0,0.0,0.37973654909433796
intent_android.intent.action.MAIN,1,0.2652779552366295,0.37107686842569365,458.4,232.1857876787466,"mutual_information, pearson_r, entropy_reduction_ratio",0.0,0.9466532270888096,0.0,0.0,0.37973654909433796
suspicious_getExternalStorageDirectory,1,0.25164888962203413,0.3462196288806501,458.8,231.4116678130124,"mutual_information, pearson_r, entropy_reduction_ratio",0.0,0.8785078990158327,0.0,0.0,0.37973654909433796
suspicious_getCellSignalStrength,1,0.2352391293464688,0.18619658877363995,31.6,6.118823416311343,"pearson_r, entropy_reduction_ratio, mutual_information",0.28297445787285075,0.20175624078081203,0.08426398391693456,0.04110663519522377,0.566094328966523
suspicious_getPackageInfo,1,0.23426179326579488,0.3150853216270894,459.4,230.2508197596699,"mutual_information, pearson_r, entropy_reduction_ratio",0.0,0.7915724172346364,0.0,0.0,0.37973654909433796
suspicious_Base64,1,0.23149566430002927,0.31020344882494316,459.6,229.86395976751118,"mutual_information, pearson_r, entropy_reduction_ratio",0.0,0.7777417724058084,0.0,0.0,0.37973654909433796
perm_android.permission.ACCESS_FINE_LOCATION,1,0.2306186676198913,0.21401285889918012,39.4,8.2365041127896,"mutual_information, pearson_r, entropy_reduction_ratio",0.1498257993589981,0.49019410281000314,0.020003088962434603,0.011763973734143809,0.481306373233877
n_api_calls,1,0.21838126724339135,0.22152727429790123,52.8,20.390193721492693,"entropy_reduction_ratio, pearson_r, mutual_information",0.5245018254805461,0.11606205269820383,0.005167812320748026,0.004354178171239048,0.4418204675462196
n_used_permissions,1,0.2172341259132334,0.17945006774433236,248.4,363.1917399941799,"entropy_reduction_ratio, pearson_r, mutual_information",0.40824611904234204,0.31678932624784695,0.00024115355704353437,0.0004160713850445013,0.36047795933388993
intent_com.google.firebase.MESSAGING_EVENT,1,0.21369668865774197,0.17278450955000232,226.0,385.6034232213194,"entropy_reduction_ratio, mutual_information, pearson_r",0.4636308315242749,0.3427163626741444,0.01895091113314599,0.034222585704416594,0.20896275225272792
n_permissions,1,0.2112684835402434,0.19424071602933043,49.2,16.178998732925347,"entropy_reduction_ratio, pearson_r, mutual_information",0.43972231462357914,0.16845903144806745,0.008718419582378515,0.003556982072729122,0.43588566997446293
suspicious_getSimCountryIso,1,0.20748496074983258,0.2185809071561634,49.0,13.446189051177289,"mutual_information, pearson_r, entropy_reduction_ratio",0.07909429290545637,0.49644235114955354,0.00780239776037767,0.005379422813041426,0.448706339120734
intent_android.intent.action.MEDIA_MOUNTED,1,0.20361967724678634,0.1978651065513208,42.6,22.473095024940378,"pearson_r, entropy_reduction_ratio, chi2_stat",0.13884926816160437,0.1061621772892755,0.12147550493933322,0.05612691856416051,0.5954845172795581
suspicious_Ldalvik/system/DexClassLoader;,1,0.1983576116453401,0.25363612119614,146.0,87.06549259034833,"mutual_information, pearson_r, entropy_reduction_ratio",1.323087006439232e-05,0.6111641172822152,2.914765801747605e-07,9.836965563057401e-07,0.38060943490128435
intent_com.android.vending.INSTALL_REFERRER,1,0.18282371130461852,0.204550227677423,239.6,376.63435849640695,"mutual_information, pearson_r, entropy_reduction_ratio",0.07867022369770299,0.534260243209244,0.0013234994329341572,0.008967093984858024,0.29089749619835326
intent_com.google.firebase.INSTANCE_ID_EVENT,1,0.18228895838416048,0.1579708603045387,226.4,385.9516031836116,"entropy_reduction_ratio, mutual_information, pearson_r",0.4649122059375487,0.21114629150695613,0.015413643318695715,0.05630855739296244,0.16366409376463947
intent_android.intent.action.PACKAGE_ADDED,0,0.18780428333900612,0.2067444103660994,171.9,286.30235765707556,"pearson_r, entropy_reduction_ratio, chi2_stat",0.23827491367598305,0.0,0.08966490002309939,0.042345618461676275,0.5687359845342719
intent_android.intent.action.PACKAGE_REMOVED,0,0.16932640092187914,0.20194663412655195,176.7,283.9615466925055,"pearson_r, entropy_reduction_ratio, chi2_stat",0.17432818733622774,0.0,0.07966304213254417,0.03658850267781759,0.5560522724628062
intent_com.google.android.gms.appinvite.ACTION_PREVIEW,0,0.15874898507280139,0.11975601565019704,231.2,381.9845023034311,"pearson_r, entropy_reduction_ratio, mutual_information",0.24700631974335635,0.24487936347108344,0.013255557521322861,0.012177015185733938,0.2764266694425104
perm_com.android.launcher.permission.UNINSTALL_SHORTCUT,0,0.1462592159852007,0.1930380991103291,101.8,127.37095430277657,"pearson_r, entropy_reduction_ratio, chi2_stat",0.09961861397355434,0.020608638242438658,0.05728885944809482,0.02558279602991414,0.5281971722320015
perm_android.permission.RESTART_PACKAGES,0,0.13415558687182869,0.19028735469708644,120.0,159.2143209639133,"pearson_r, entropy_reduction_ratio, chi2_stat",0.08837035472322041,0.007482952444874784,0.04448177116548514,0.019756318128300195,0.5106865378972629
suspicious_getSubscriberId,0,0.12882761467032888,0.18522237007743894,181.9,281.3727776455995,"pearson_r, entropy_reduction_ratio, chi2_stat",0.10628860737402959,0.0,0.03148054596970694,0.014410121991361498,0.49195879801654635
intent_android.intent.action.CREATE_SHORTCUT,0,0.12347318729302444,0.1831580627225737,112.8,138.8458137647657,"pearson_r, entropy_reduction_ratio, chi2_stat",0.0722636839210012,0.014702163363255095,0.029888300007699792,0.013216878859724003,0.4872949103134421
intent_com.qihoo.appstore.ACTION_UNINSTALL,0,0.11749054174715175,0.153834789754503,464.8,219.8221098979809,"pearson_r, mutual_information, entropy_reduction_ratio",0.0,0.20771615964142073,0.0,0.0,0.37973654909433796
perm_android.permission.ADDINSTALLKEY,0,0.11681324483881353,0.15344301352331077,465.0,219.43655119418915,"pearson_r, mutual_information, entropy_reduction_ratio",0.0,0.20432967509972963,0.0,0.0,0.37973654909433796
perm_android.permission.WRITE_CALENDAR,0,0.1163136662499618,0.18266363848467632,185.3,279.71621333058266,"pearson_r, entropy_reduction_ratio, chi2_stat",0.06613229805801832,0.0,0.025346740780665625,0.01120209926191436,0.47888719314921074
intent_android.net.wifi.RSSI_CHANGED,0,0.11305675036390297,0.15147175785801462,465.4,218.66558942824088,"pearson_r, mutual_information, entropy_reduction_ratio",0.0,0.18554720272517683,0.0,0.0,0.37973654909433796
suspicious_getWifiState,0,0.11283062731295952,0.18069170845728616,188.3,278.22681394861996,"pearson_r, entropy_reduction_ratio, chi2_stat",0.060844902739007285,0.0,0.021825617239504973,0.009646084380302206,0.47183653220598315
suspicious_setWifiEnabled,0,0.11283062731295952,0.18069170845728616,188.3,278.22681394861996,"pearson_r, entropy_reduction_ratio, chi2_stat",0.060844902739007285,0.0,0.021825617239504973,0.009646084380302206,0.47183653220598315
intent_android.intent.action.ACTION_POWER_DISCONNECTED,0,0.11283062731295952,0.18069170845728616,188.3,278.22681394861996,"pearson_r, entropy_reduction_ratio, chi2_stat",0.060844902739007285,0.0,0.021825617239504973,0.009646084380302206,0.47183653220598315
perm_android.permission.READ_CALENDAR,0,0.11283062731295952,0.18069170845728616,188.3,278.22681394861996,"pearson_r, entropy_reduction_ratio, chi2_stat",0.060844902739007285,0.0,0.021825617239504973,0.009646084380302206,0.47183653220598315
perm_com.google.android.googleapps.permission.GOOGLE_AUTH.lh2,0,0.11047857635940042,0.15032130705153562,465.8,217.89483702006345,"pearson_r, mutual_information, entropy_reduction_ratio",0.0,0.17265633270266417,0.0,0.0,0.37973654909433796
suspicious_sendTextMessage,0,0.1103053099065191,0.14631287259561712,266.6,341.48270820057644,"pearson_r, mutual_information, entropy_reduction_ratio",0.003980755562267311,0.1781837597361515,0.0003024081563799892,0.0001312006469109011,0.3689284254308858
intent_android.intent.action.ACTION_POWER_CONNECTED,0,0.10988785113659741,0.17898812222004384,190.7,277.022309570908,"pearson_r, entropy_reduction_ratio, chi2_stat",0.056212879118769515,0.0,0.01901879867845578,0.008409208036108676,0.465798369849653
intent_com.kingroot.common.ACTION_NOTIFY_IN_SELF_APP_MAIN,0,0.109815984638614,0.15005283913240572,466.2,217.12429619920476,"pearson_r, mutual_information, entropy_reduction_ratio",0.0,0.16934337409873204,0.0,0.0,0.37973654909433796
intent_com.google.android.gms.gcm.ACTION_TASK_READY,0,0.10891183829087314,0.14489078389269375,265.2,344.2391029502604,"pearson_r, mutual_information, entropy_reduction_ratio",0.00531850288418181,0.1714307607902349,0.000403210875173319,0.0001756544479892399,0.36723106245678644
perm_android.permission.RECORD_AUDIO,0,0.10852269430852797,0.13972956288585914,255.2,361.62267628012484,"pearson_r, mutual_information, entropy_reduction_ratio",0.01552972765491635,0.16720173805924998,0.001159231266123292,0.0005211266318687274,0.35820164793048154
intent_android.intent.action.apservice,0,0.10814059301253873,0.14942429153404513,466.8,215.968886648054,"pearson_r, mutual_information, entropy_reduction_ratio",0.0,0.16096641596835573,0.0,0.0,0.37973654909433796
intent_io.intercom.android.sdk.INTERCOM_PUSH_OPENED,0,0.10744819123400565,0.1491857338816578,467.0,215.5838583938974,"pearson_r, mutual_information, entropy_reduction_ratio",0.0,0.15750440707569024,0.0,0.0,0.37973654909433796
perm_com.anddoes.launcher.permission.READ_SETTINGS,0,0.1072804974024203,0.14912983417624762,467.4,214.81396602642016,"pearson_r, mutual_information, entropy_reduction_ratio",0.0,0.15666593791776354,0.0,0.0,0.37973654909433796
perm_com.s.launcher.permission.WRITE_SETTINGS,0,0.1066901149940674,0.1489388769138852,467.6,214.42910250243554,"pearson_r, mutual_information, entropy_reduction_ratio",0.0,0.153714025875999,0.0,0.0,0.37973654909433796
intent_com.gtp.nextlauncher.theme,0,0.10666191418349676,0.14892998359197576,467.8,214.0442944813059,"pearson_r, mutual_information, entropy_reduction_ratio",0.0,0.15357302182314586,0.0,0.0,0.37973654909433796
intent_com.mobiletool.appstore.action.specialdetail,0,0.10662839509929922,0.14891944020875394,468.0,213.65954226291885,"pearson_r, mutual_information, entropy_reduction_ratio",0.0,0.15340542640215815,0.0,0.0,0.37973654909433796
perm_android.permission.KILL_BACKGROUND_PROCESSES,0,0.10622604479162963,0.14553882440587765,274.8,329.20959888800326,"pearson_r, mutual_information, entropy_reduction_ratio",0.002648451969100119,0.1572634947707005,0.0002016054375866595,8.710880475882638e-05,0.370929562976002
intent_com.sogou.androidtool.action.wap,0,0.10606195127110474,0.14874572257771015,468.2,213.27484614928218,"pearson_r, mutual_information, entropy_reduction_ratio",0.0,0.15057320726118575,0.0,0.0,0.37973654909433796
intent_com.qihoo.appstore.plugin.streamapp.IPluginHelperServiceStreamApp,0,0.10602524466309826,0.14873475605995523,468.4,212.89020644454268,"pearson_r, mutual_information, entropy_reduction_ratio",0.0,0.15038967422115335,0.0,0.0,0.37973654909433796
intent_android.intent.action.PACKAGE_INSTALL,0,0.10514521166408797,0.17616651458381474,193.3,275.6946862019651,"pearson_r, entropy_reduction_ratio, chi2_stat",0.04842477058279347,0.0,0.01483377151658033,0.006569919209795541,0.45589759701127053
intent_android.accounts.AccountAuthenticator,0,0.10476130587018255,0.14458434800828948,272.4,334.8713782932187,"pearson_r, mutual_information, entropy_reduction_ratio",0.0033139260700814945,0.1502513887736822,0.0002520067969833244,0.0001091093859404944,0.3698800983242253
intent_android.settings.SYNC_SETTINGS,0,0.10385078029133059,0.14814858453098756,468.8,212.1210974891465,"pearson_r, mutual_information, entropy_reduction_ratio",0.0,0.13951735236231497,0.0,0.0,0.37973654909433796
intent_android.intent.action.PHONE_STATE,0,0.10349010683001514,0.1747999541263541,141.2,168.54364419935865,"pearson_r, entropy_reduction_ratio, chi2_stat",0.04510177081319037,0.0014918926945221996,0.013235776768027466,0.005868831649298383,0.4517522622250373
perm_com.sonyericsson.homescreen.permission.READ_SETTINGS,0,0.10306457404925576,0.14796754041466065,469.0,211.73662885764475,"pearson_r, mutual_information, entropy_reduction_ratio",0.0,0.13558632115194083,0.0,0.0,0.37973654909433796
perm_com.ibingo.launcher.permission.READ_SETTINGS,0,0.10285131090880013,0.14792127487684825,469.2,211.35221787338781,"pearson_r, mutual_information, entropy_reduction_ratio",0.0,0.13452000544966267,0.0,0.0,0.37973654909433796
intent_com.igexin.sdk.action.service.message,0,0.10235451937572115,0.14781821704336148,469.4,210.96786485149815,"pearson_r, mutual_information, entropy_reduction_ratio",0.0,0.13203604778426786,0.0,0.0,0.37973654909433796
intent_aspire.iap.SMS_SEND_ACTIOIN,0,0.10231145838482185,0.14780959534084623,469.6,210.58357010935114,"pearson_r, mutual_information, entropy_reduction_ratio",0.0,0.13182074282977127,0.0,0.0,0.37973654909433796
intent_com.qihoo.appstore.battery.START,0,0.10062621942797294,0.14751127483931764,469.8,210.19933396659468,"pearson_r, mutual_information, entropy_reduction_ratio",0.0,0.12339454804552671,0.0,0.0,0.37973654909433796
perm_android.permission.READ_CALL_LOG,0,0.1002758907219917,0.1474588563882338,470.0,209.8151567451694,"pearson_r, mutual_information, entropy_reduction_ratio",0.0,0.12164290451562056,0.0,0.0,0.37973654909433796
intent_com.sogou.androidtool.action.download,0,0.09994485381316802,0.1474123676245372,470.2,209.43103876932858,"pearson_r, mutual_information, entropy_reduction_ratio",0.0,0.11998771997150215,0.0,0.0,0.37973654909433796
intent_action.com.excelliance.install.plugin,0,0.09985587348718822,0.1474003763805801,470.4,209.0469803656585,"pearson_r, mutual_information, entropy_reduction_ratio",0.0,0.11954281834160312,0.0,0.0,0.37973654909433796
intent_android.intent.action.IMEDIATE_NOTIFY_ALARM,0,0.09975477793999085,0.14738701202429583,470.6,208.66298186309905,"pearson_r, mutual_information, entropy_reduction_ratio",0.0,0.11903734060561633,0.0,0.0,0.37973654909433796
intent_android.intent.action.VIEW,0,0.09954852721060817,0.10401478380111787,263.0,367.45775267369174,"pearson_r, entropy_reduction_ratio, mutual_information",0.12907661582005284,0.06512599260469748,0.006431819061223192,0.009693125539925657,0.28741508302714164
intent_com.sina.weibo.sdk.action.ACTION_SDK_REQ_ACTIVITY,0,0.09942344037387343,0.14734514711050561,471.0,207.89516588896433,"pearson_r, mutual_information, entropy_reduction_ratio",0.0,0.11738065277502917,0.0,0.0,0.37973654909433796
intent_com.qihoo.appstore.ACTION_GAME_UNION_WEB,0,0.09921151406392927,0.14731992674630884,471.2,207.51134908722463,"pearson_r, mutual_information, entropy_reduction_ratio",0.0,0.11632102122530837,0.0,0.0,0.37973654909433796
intent_android.intent.action.CLOSE_SYSTEM_DIALOGS,0,0.09903531243230572,0.1472998830903865,471.6,206.74389954724177,"pearson_r, mutual_information, entropy_reduction_ratio",0.0,0.11544001306719062,0.0,0.0,0.37973654909433796
perm_com.google.android.googleapps.permission.GOOGLE_AUTH.youtube,0,0.0987971819718031,0.1472741303320893,472.0,205.97669771117316,"pearson_r, mutual_information, entropy_reduction_ratio",0.0,0.11424936076467751,0.0,0.0,0.37973654909433796
intent_com.kingroot.master.action.NOTIFY_STATISTIC,0,0.09872557144643034,0.14726668632131157,472.2,205.59319054871443,"pearson_r, mutual_information, entropy_reduction_ratio",0.0,0.11389130813781374,0.0,0.0,0.37973654909433796
perm_com.android.launcher.permission.INSTALL_SHORTCUT,0,0.09845528808328251,0.17200426972197844,197.1,273.7967129094138,"pearson_r, entropy_reduction_ratio, chi2_stat",0.03678101530195901,0.0,0.009678089603331016,0.004309141286912591,0.44150819422420995
intent_android.intent.action.MY_PACKAGE_REPLACED,0,0.09845528808328251,0.17200426972197844,197.1,273.7967129094138,"pearson_r, entropy_reduction_ratio, chi2_stat",0.03678101530195901,0.0,0.009678089603331016,0.004309141286912591,0.44150819422420995
perm_android.permission.MODE_WORLD_READABLE,0,0.0983412390781477,0.14722910846207726,472.4,205.20974635723323,"pearson_r, mutual_information, entropy_reduction_ratio",0.0,0.11196964629640048,0.0,0.0,0.37973654909433796
intent_android.intent.action.MEDIA_BUTTON,0,0.0982222401579221,0.14069376820810708,265.8,348.5133569893699,"pearson_r, mutual_information, entropy_reduction_ratio",0.00733542872255387,0.11795067464798986,0.0005544149533633135,0.00024302903699058436,0.3650276534287128
perm_com.google.android.googleapps.permission.GOOGLE_AUTH.speech,0,0.09820573304896292,0.1472168141326981,472.6,204.8263654903831,"pearson_r, mutual_information, entropy_reduction_ratio",0.0,0.1112921161504766,0.0,0.0,0.37973654909433796
perm_com.android.vending.BILLING,0,0.09796731449522657,0.11614992323491379,282.0,361.7407911751175,"pearson_r, entropy_reduction_ratio, mutual_information",0.11871789304253462,0.04357779383757241,0.007610605268896395,0.004701781330017695,0.3152284989971117
perm_com.amazon.device.messaging.permission.RECEIVE,0,0.09788705867576242,0.1447128833635102,291.5,306.73033759313734,"pearson_r, mutual_information, entropy_reduction_ratio",0.0013215479788425014,0.11444797864230202,0.00010080271879332975,4.3376991024155974e-05,0.3735215870478501
perm_baidu.push.permission.WRITE_PUSHINFOPROVIDER.com.esbook.reader,0,0.09785267968916647,0.14718712092787767,472.8,204.44304830441166,"pearson_r, mutual_information, entropy_reduction_ratio",0.0,0.10952684935149434,0.0,0.0,0.37973654909433796
intent_com.qihoo.appstore.launcher.shortcut.PLAYGAME,0,0.09735369153983732,0.14715092245412822,473.0,204.05979515818396,"pearson_r, mutual_information, entropy_reduction_ratio",0.0,0.10703190860484862,0.0,0.0,0.37973654909433796
perm_android.permission.SYSTEM_ALERT_WINDOW,0,0.09732573654106427,0.16987613295152323,199.1,272.7523418781221,"pearson_r, entropy_reduction_ratio, chi2_stat",0.039813309879676406,0.0,0.007369417811345159,0.0035572817464060397,0.43588867326789377
perm_com.s.launcher.permission.READ_SETTINGS,0,0.09718884200653008,0.14714044916827781,473.2,203.67660641320592,"pearson_r, mutual_information, entropy_reduction_ratio",0.0,0.10620766093831241,0.0,0.0,0.37973654909433796
perm_android.permission.MOUNT_UNMOUNT_FILESYSTEMS,0,0.09688927347100587,0.1644062881559987,116.8,97.83843825409315,"pearson_r, mutual_information, entropy_reduction_ratio",0.023459940174085994,0.028450877584373705,0.005139462842257429,0.0023158637807982867,0.42508022297351394
intent_com.qihoo.appstore.launcher.shortcut.MYFREEZE,0,0.09677817354428006,0.14711756824656272,473.8,202.52743024094292,"pearson_r, mutual_information, entropy_reduction_ratio",0.0,0.10415431862706234,0.0,0.0,0.37973654909433796
intent_com.qihoo.appstore.launcher.shortcut.VIDEO,0,0.09677561910365863,0.14711744026128737,474.0,202.14450276967713,"pearson_r, mutual_information, entropy_reduction_ratio",0.0,0.10414154642395516,0.0,0.0,0.37973654909433796
perm_android.permission.ACCOUNT_MANAGER,0,0.0965738565753806,0.14710789144456599,474.2,201.76164154764402,"pearson_r, mutual_information, entropy_reduction_ratio",0.0,0.10313273378256504,0.0,0.0,0.37973654909433796
intent_android.net.conn.MEDIA_NOFS,0,0.09599628964878393,0.14708667403399958,474.8,200.61345916961804,"pearson_r, mutual_information, entropy_reduction_ratio",0.0,0.10024489914958166,0.0,0.0,0.37973654909433796
perm_com.tencent.mm.permission.C2D_MESSAGE,0,0.0959366863004584,0.14708500068299496,475.0,200.2308667513578,"pearson_r, mutual_information, entropy_reduction_ratio",0.0,0.09994688240795405,0.0,0.0,0.37973654909433796
intent_android.media.AUDIO_BECOMING_NOISY,0,0.09586597472085329,0.1445379386650656,293.3,305.484304015771,"pearson_r, mutual_information, entropy_reduction_ratio",0.0013215479788425014,0.10434255886775635,0.00010080271879332975,4.3376991024155974e-05,0.3735215870478501
perm_com.android.launcher3.permission.INSTALL_SHORTCUT,0,0.09584584558930687,0.1470826361469066,475.2,199.84834250000677,"pearson_r, mutual_information, entropy_reduction_ratio",0.0,0.0994926788521964,0.0,0.0,0.37973654909433796
intent_com.qihoo360.mobilesafe.pcdaemon.sms.restore.start,0,0.0957732300832985,0.14708090737646654,475.4,199.46588680774465,"pearson_r, mutual_information, entropy_reduction_ratio",0.0,0.09912960132215456,0.0,0.0,0.37973654909433796
intent_com.qihoo.appstore.ACTION_STAT,0,0.09565750701885459,0.14707844866895003,475.6,199.0835000696944,"pearson_r, mutual_information, entropy_reduction_ratio",0.0,0.09855098599993492,0.0,0.0,0.37973654909433796
intent_com.telecom.sdk_auth_ui.SMS_SEND_ACTIOIN,0,0.09553796812335222,0.14707629127256372,476.0,198.31893505159815,"pearson_r, mutual_information, entropy_reduction_ratio",0.0,0.09795329152242313,0.0,0.0,0.37973654909433796
perm_com.qihoo.appstore.update.permission.clear_sdk,0,0.09553236809597117,0.1470761997339437,476.2,197.93675757675734,"pearson_r, mutual_information, entropy_reduction_ratio",0.0,0.09792529138551784,0.0,0.0,0.37973654909433796
perm_com.google.android.googleapps.permission.GOOGLE_AUTH.talk,0,0.0953037073259117,0.1470731904046614,476.6,197.17261473135662,"pearson_r, mutual_information, entropy_reduction_ratio",0.0,0.09678198753522055,0.0,0.0,0.37973654909433796
perm_com.ty.launcher.permission.READ_SETTINGS,0,0.09516178002780593,0.14707203776587063,476.8,196.79065018440278,"pearson_r, mutual_information, entropy_reduction_ratio",0.0,0.0960723510446917,0.0,0.0,0.37973654909433796
intent_com.sjm.avplay.SHOW_ACTIVITY,0,0.09510117138295424,0.14707171247145473,477.0,196.40875744222814,"pearson_r, mutual_information, entropy_reduction_ratio",0.0,0.09576930782043319,0.0,0.0,0.37973654909433796
intent_com.mobiletool.appstore.highspeed,0,0.09509076696857065,0.1470716666770214,477.2,196.02693692449515,"pearson_r, mutual_information, entropy_reduction_ratio",0.0,0.09571728574851528,0.0,0.0,0.37973654909433796
perm_com.tencent.mm.wear.message,0,0.09507541799866032,0.14707160449483303,477.4,195.64518905406285,"pearson_r, mutual_information, entropy_reduction_ratio",0.0,0.09564054089896362,0.0,0.0,0.37973654909433796
perm_android.permission.READ_LOGS,0,0.09506445562975133,0.14386853303835598,287.0,315.93891814716335,"pearson_r, mutual_information, entropy_reduction_ratio",0.0019843277604988615,0.10100439526294926,0.0001512040781899946,6.51986860505038e-05,0.372117152361068
intent_android.intent.action.PACKAGE_RESTARTED,0,0.09503132439269067,0.14386718039298527,287.2,315.8138059046817,"pearson_r, mutual_information, entropy_reduction_ratio",0.0019843277604988615,0.10083873907764598,0.0001512040781899946,6.51986860505038e-05,0.372117152361068
perm_com.android.launcher3.permission.READ_SETTINGS,0,0.09500241277476212,0.14707139645045778,477.6,195.26351425701628,"pearson_r, mutual_information, entropy_reduction_ratio",0.0,0.09527551477947264,0.0,0.0,0.37973654909433796
intent_cn.jpush.android.intent.NOTIFICATION_CLICK_ACTION,0,0.09499067576931647,0.1470713765289408,477.8,194.88191296269648,"pearson_r, mutual_information, entropy_reduction_ratio",0.0,0.0952168297522444,0.0,0.0,0.37973654909433796
perm_android.permission.UPDATE_DEVICE_STATS,0,0.09489613331697327,0.14707135269968233,478.0,194.50038560373088,"pearson_r, mutual_information, entropy_reduction_ratio",0.0,0.09474411749052843,0.0,0.0,0.37973654909433796
perm_me.everything.badger.permission.BADGE_COUNT_READ,0,0.09488456750199019,0.14707136647342509,478.2,194.11893261606397,"pearson_r, mutual_information, entropy_reduction_ratio",0.0,0.09468628841561298,0.0,0.0,0.37973654909433796
intent_com.kingroot.common.ACTION_NOTIFY_OUT_SELF_APP_BY_MAIN,0,0.0948710927415924,0.14707138710899392,478.4,193.73755443898844,"pearson_r, mutual_information, entropy_reduction_ratio",0.0,0.09461891461362403,0.0,0.0,0.37973654909433796
intent_com.sogou.androidtool.service.weatherservice,0,0.09467861590612522,0.14707222094055827,478.6,193.356251515176,"pearson_r, mutual_information, entropy_reduction_ratio",0.0,0.09365653043628817,0.0,0.0,0.37973654909433796
perm_com.qiku.android.launcher3.permission.WRITE_UNREAD,0,0.09431841870027632,0.14707648841727744,479.2,192.21279874139495,"pearson_r, mutual_information, entropy_reduction_ratio",0.0,0.0918555444070437,0.0,0.0,0.37973654909433796
perm_android.permission.CLEAR_APP_CACHE,0,0.09419684867058135,0.14707872512925843,479.4,191.83180132605747,"pearson_r, mutual_information, entropy_reduction_ratio",0.0,0.09124769425856884,0.0,0.0,0.37973654909433796
perm_com.anddoes.launcher.permission.UPDATE_COUNT,0,0.09407669497634344,0.14071959452440083,273.6,341.7060725243261,"pearson_r, mutual_information, entropy_reduction_ratio",0.006661738603824195,0.09727075968092112,0.0005040135939666487,0.0002204777525557658,0.3657264852504495
perm_com.huawei.launcher.permission.READ_SETTINGS,0,0.09386563999356859,0.14708685785433412,479.6,191.45088142915404,"pearson_r, mutual_information, entropy_reduction_ratio",0.0,0.08959165087350499,0.0,0.0,0.37973654909433796
intent_com.qihoo.appstore.checkupdate.INIT_APK_INFO,0,0.09347033229821186,0.14710046875430133,479.8,191.07003951431005,"pearson_r, mutual_information, entropy_reduction_ratio",0.0,0.0876151123967214,0.0,0.0,0.37973654909433796
intent_android.intent.action.ACTION_MEDIA_EJECT,0,0.0934266670767357,0.14710223272706988,480.0,190.6892760487595,"pearson_r, mutual_information, entropy_reduction_ratio",0.0,0.08739678628934054,0.0,0.0,0.37973654909433796
perm_android.permission.RECEIVE_SMS,0,0.0933540220382886,0.1432843147510878,286.4,322.1357477834461,"pearson_r, mutual_information, entropy_reduction_ratio",0.002648451969100119,0.09290338100399544,0.0002016054375866595,8.710880475882638e-05,0.370929562976002
intent_android.net.wifi.WIFI_STATE_CHANGED,0,0.09314896617263717,0.1427848970686222,282.8,328.867085613626,"pearson_r, mutual_information, entropy_reduction_ratio",0.0033139260700814945,0.09218969028595524,0.0002520067969833244,0.0001091093859404944,0.3698800983242253
perm_com.google.android.googleapps.permission.GOOGLE_AUTH.local,0,0.09309749442124446,0.14711719829978984,480.2,190.3085915033791,"pearson_r, mutual_information, entropy_reduction_ratio",0.0,0.08575092301188429,0.0,0.0,0.37973654909433796
perm_android.permission.CHANGE_COMPONENT_ENABLED_STATE,0,0.09303304178110773,0.14712047329993724,480.4,189.92798635272266,"pearson_r, mutual_information, entropy_reduction_ratio",0.0,0.0854286598112007,0.0,0.0,0.37973654909433796
intent_com.qihoo.appstore.CHECK_APP_UPDATE_DESK_NOTIFICATION,0,0.09293706870266945,0.14712555909568953,480.6,189.54746107505636,"pearson_r, mutual_information, entropy_reduction_ratio",0.0,0.0849487944190093,0.0,0.0,0.37973654909433796
perm_com.sonymobile.home.permission.PROVIDER_ACCESS_MODIFY_CONFIGURATION,0,0.09282463949892075,0.14713183520624193,480.8,189.16701615239378,"pearson_r, mutual_information, entropy_reduction_ratio",0.0,0.0843866484002658,0.0,0.0,0.37973654909433796
perm_cn.nubia.launcher.permission.WRITE_SETTINGS,0,0.09274430436087099,0.14713653006800825,481.0,188.78665207053172,"pearson_r, mutual_information, entropy_reduction_ratio",0.0,0.083984972710017,0.0,0.0,0.37973654909433796
intent_com.qihoo.appstore.freeze.ICON,0,0.09270151815485153,0.1471391020776898,481.2,188.40636931908648,"pearson_r, mutual_information, entropy_reduction_ratio",0.0,0.08377104167991965,0.0,0.0,0.37973654909433796
intent_com.sogou.passport.service.aidl,0,0.09267366986296133,0.14714080283649889,481.4,188.02616839153,"pearson_r, mutual_information, entropy_reduction_ratio",0.0,0.08363180022046869,0.0,0.0,0.37973654909433796
intent_android.intent.action.TIME_TICK,0,0.09236336561130941,0.1471611785610244,481.8,187.26601400147328,"pearson_r, mutual_information, entropy_reduction_ratio",0.0,0.08208027896220908,0.0,0.0,0.37973654909433796
intent_com.ss.android.socialbase.downloader.remote,0,0.09226216925533433,0.1471683887934963,482.0,186.886061545531,"pearson_r, mutual_information, entropy_reduction_ratio",0.0,0.08157429718233365,0.0,0.0,0.37973654909433796
intent_com.sogou.androidtool.action.update,0,0.09220045295367647,0.1471729225352107,482.2,186.5061929266693,"pearson_r, mutual_information, entropy_reduction_ratio",0.0,0.08126571567404442,0.0,0.0,0.37973654909433796
perm_com.huaqin.launcherEx.permission.READ_SETTINGS,0,0.09154937965285195,0.14722704691841074,482.4,186.12640865820197,"pearson_r, mutual_information, entropy_reduction_ratio",0.0,0.07801034916992176,0.0,0.0,0.37973654909433796
intent_cn.egame.terminal.sdk.RECEIVER_CMD,0,0.09150389201037698,0.14723125801939788,482.6,185.7467092575263,"pearson_r, mutual_information, entropy_reduction_ratio",0.0,0.07778291095754696,0.0,0.0,0.37973654909433796
intent_com.urbanairship.push.CHANNEL_UPDATED,0,0.09149309640123066,0.143898387444451,294.2,311.7267393086451,"pearson_r, mutual_information, entropy_reduction_ratio",0.0019843277604988615,0.0831475991203459,0.0001512040781899946,6.51986860505038e-05,0.372117152361068
perm_android.permission.WRITE_SETTINGS,0,0.09119909795413113,0.16714602281915425,203.3,270.6860912570131,"pearson_r, entropy_reduction_ratio, chi2_stat",0.023459940174085994,0.0,0.005139462842257429,0.0023158637807982867,0.42508022297351394
perm_android.permission.SET_WALLPAPER_HINTS,0,0.0911924993774407,0.13321812843614178,268.0,358.6909533289068,"pearson_r, mutual_information, entropy_reduction_ratio",0.025356387511480023,0.07586416707336349,0.0018648502976766005,0.0008640724835194241,0.352013019521164
intent_com.excelliance.open.action.fw,0,0.09113598282603455,0.14726737899664424,482.8,185.36709524616282,"pearson_r, mutual_information, entropy_reduction_ratio",0.0,0.07594336503583483,0.0,0.0,0.37973654909433796
perm_com.tencent.msf.permission.account.sync,0,0.09109514481500573,0.14727161457694274,483.2,184.6081254983106,"pearson_r, mutual_information, entropy_reduction_ratio",0.0,0.07573917498069069,0.0,0.0,0.37973654909433796
intent_com.meizu.flyme.push.intent.UNREGISTER.FEEDBACK,0,0.09094528588723431,0.14728754444704764,483.8,183.4703245759379,"pearson_r, mutual_information, entropy_reduction_ratio",0.0,0.07498988034183361,0.0,0.0,0.37973654909433796
perm_com.xgbuy.xg.permission.JPUSH_MESSAGE,0,0.09089079647601218,0.1472934873880469,484.0,183.09123408836373,"pearson_r, mutual_information, entropy_reduction_ratio",0.0,0.07471743328572295,0.0,0.0,0.37973654909433796
intent_android.intent.action.ACTION_VIEW_DOWNLOADS,0,0.09057559802841057,0.14732944194938893,484.2,182.71223275960477,"pearson_r, mutual_information, entropy_reduction_ratio",0.0,0.07314144104771492,0.0,0.0,0.37973654909433796
perm_com.lenovo.launcher.permission.READ_SETTINGS,0,0.09043765849986811,0.147346022318763,484.4,182.3333211456425,"pearson_r, mutual_information, entropy_reduction_ratio",0.0,0.07245174340500261,0.0,0.0,0.37973654909433796
intent_com.taobao.accs.intent.action.START_FROM_AGOO,0,0.09031925406441388,0.1454650431550122,315.6,279.06458033939026,"pearson_r, mutual_information, entropy_reduction_ratio",0.0006601071918241908,0.07551780441487237,5.0401359396664875e-05,2.1644412471566754e-05,0.3753463129435046
intent_com.mobiletool.appstore.action.sdk,0,0.09027869317518082,0.14736576823239828,484.6,181.95449980695724,"pearson_r, mutual_information, entropy_reduction_ratio",0.0,0.07165691678156613,0.0,0.0,0.37973654909433796
perm_android.permission.ACCESS_ALL_DOWNLOADS,0,0.09027705640145989,0.14736597509842467,484.8,181.57576930857266,"pearson_r, mutual_information, entropy_reduction_ratio",0.0,0.07164873291296149,0.0,0.0,0.37973654909433796
intent_com.qihoo.accountcenter.action.START_ACCOUNT_SERVICE,0,0.09022952171288315,0.1473720144328884,485.2,180.8185831157849,"pearson_r, mutual_information, entropy_reduction_ratio",0.0,0.07141105947007773,0.0,0.0,0.37973654909433796
perm_cn.swiftpass.wxpay.permission.MM_MESSAGE,0,0.0900601872348678,0.14739402485728892,485.4,180.44012857454965,"pearson_r, mutual_information, entropy_reduction_ratio",0.0,0.07056438708000105,0.0,0.0,0.37973654909433796
intent_com.qihoo.appstore.ACTION_GET_SIGNIN_FOR_NOTIFYCATION,0,0.08993288697009208,0.1474110817615291,485.6,180.061767180043,"pearson_r, mutual_information, entropy_reduction_ratio",0.0,0.06992788575612248,0.0,0.0,0.37973654909433796
perm_com.tencent.mm.permission.MM_MESSAGE,0,0.08989666852325705,0.14741601464343548,485.8,179.683499520685,"pearson_r, mutual_information, entropy_reduction_ratio",0.0,0.06974679352194728,0.0,0.0,0.37973654909433796
perm_com.huaqin.launcherEx.permission.WRITE_SETTINGS,0,0.08989215359513836,0.147416632051361,486.0,179.30532618971475,"pearson_r, mutual_information, entropy_reduction_ratio",0.0,0.06972421888135381,0.0,0.0,0.37973654909433796
intent_com.Remind.alarm.repeat,0,0.08981934998359682,0.14742666381560277,486.2,178.92724778523814,"pearson_r, mutual_information, entropy_reduction_ratio",0.0,0.06936020082364613,0.0,0.0,0.37973654909433796
intent_android.intent.action.SEND,0,0.08981013316472612,0.13918344385815548,275.8,346.7534570844248,"pearson_r, mutual_information, entropy_reduction_ratio",0.010044137789511211,0.07542675580062218,0.000756020390949973,0.00033417698448191157,0.3624895748580653
intent_com.cootek.smartinputv5.action.SP.DESTROY,0,0.08974318169020382,0.14743731239813757,486.4,178.54926491027624,"pearson_r, mutual_information, entropy_reduction_ratio",0.0,0.06897935935668115,0.0,0.0,0.37973654909433796
perm_com.google.android.providers.talk.permission.WRITE_ONLY,0,0.08973673816760894,0.1474382204096979,486.6,178.17137817281426,"pearson_r, mutual_information, entropy_reduction_ratio",0.0,0.06894714174370672,0.0,0.0,0.37973654909433796
intent_com.xiaomi.push.PING_TIMER,0,0.08968870986726614,0.14744502379670638,486.8,177.79358818585106,"pearson_r, mutual_information, entropy_reduction_ratio",0.0,0.06870700024199271,0.0,0.0,0.37973654909433796
intent_com.kingroot.kinguser.gamebox.ACTION_GAME_DELETED,0,0.08963486940110192,0.14745272451755098,487.0,177.4158955674491,"pearson_r, mutual_information, entropy_reduction_ratio",0.0,0.06843779791117163,0.0,0.0,0.37973654909433796
intent_com.qihoo.appstore.checkupdate.INSTALL_ALL_SILENT_TASK,0,0.08957086662105657,0.147461980510505,487.2,177.03830094078515,"pearson_r, mutual_information, entropy_reduction_ratio",0.0,0.06811778401094488,0.0,0.0,0.37973654909433796
intent_android.net.ConnectivityManager.CONNECTIVITY_ACTION,0,0.0894754933981982,0.1474759783135703,487.4,176.66080493420154,"pearson_r, mutual_information, entropy_reduction_ratio",0.0,0.06764091789665302,0.0,0.0,0.37973654909433796
intent_show_cpuad,0,0.08946231796467456,0.14747793134536746,487.6,176.28340818125795,"pearson_r, mutual_information, entropy_reduction_ratio",0.0,0.06757504072903484,0.0,0.0,0.37973654909433796
intent_android.intent.action.CAL,0,0.0892832352339194,0.14750494155505112,487.8,175.90611132078385,"pearson_r, mutual_information, entropy_reduction_ratio",0.0,0.06667962707525905,0.0,0.0,0.37973654909433796
intent_com.excelliance.kxqp.platform.gameplugin.action.UNBIND_REMOTE,0,0.08915049868492379,0.14752551951783954,488.0,175.5289149969315,"pearson_r, mutual_information, entropy_reduction_ratio",0.0,0.06601594433028099,0.0,0.0,0.37973654909433796
intent_android.intent.action.NOTIFICATION_REMOVE,0,0.0891411998364963,0.14752697890322147,488.2,175.15181985922953,"pearson_r, mutual_information, entropy_reduction_ratio",0.0,0.06596945008814355,0.0,0.0,0.37973654909433796
perm_com.android.launcher3.permission.UNINSTALL_SHORTCUT,0,0.08908536889419358,0.1475357901457627,488.4,174.77482656263746,"pearson_r, mutual_information, entropy_reduction_ratio",0.0,0.0656902953766299,0.0,0.0,0.37973654909433796
intent_com.yuetu.shentu.Intent.WECHAT_PAY,0,0.08903653274120135,0.14754356632734963,488.6,174.39793576760016,"pearson_r, mutual_information, entropy_reduction_ratio",0.0,0.06544611461166885,0.0,0.0,0.37973654909433796
intent_com.baidu.android.pushservice.action.METHOD,0,0.08900162993319678,0.14754916326799858,488.8,174.02114814010395,"pearson_r, mutual_information, entropy_reduction_ratio",0.0,0.06527160057164592,0.0,0.0,0.37973654909433796
intent_android.net.wifi.STATE_CHANGE,0,0.0889957615673861,0.14258655572385756,286.0,330.934736768445,"pearson_r, mutual_information, entropy_reduction_ratio",0.003980755562267311,0.07163601804048654,0.0003024081563799892,0.0001312006469109011,0.3689284254308858
intent_com.qihoo.appstore.CHECK_STORAGE,0,0.08894965449953218,0.14755755874913082,489.2,173.2678850797227,"pearson_r, mutual_information, entropy_reduction_ratio",0.0,0.06501172340332297,0.0,0.0,0.37973654909433796
intent_android.intent.action.ACTION_SHUTDOWN,0,0.08890680741859203,0.1475645344533537,489.4,172.89141100702486,"pearson_r, mutual_information, entropy_reduction_ratio",0.0,0.06479748799862214,0.0,0.0,0.37973654909433796
intent_com.sogou.androidtool.action.backtomarket,0,0.0888769259086216,0.14756942856090086,489.6,172.51504282235797,"pearson_r, mutual_information, entropy_reduction_ratio",0.0,0.06464808044877007,0.0,0.0,0.37973654909433796
intent_com.qihoo.appstore.launcher.shortcut.EBOOK,0,0.0888749409827001,0.14756975451113738,489.8,172.13878122027006,"pearson_r, mutual_information, entropy_reduction_ratio",0.0,0.06463815581916257,0.0,0.0,0.37973654909433796
intent_com.qihoo.appstore.plugin.battery.setConfig,0,0.08870175087460218,0.14759860286810428,490.2,171.3865805715255,"pearson_r, mutual_information, entropy_reduction_ratio",0.0,0.06377220527867296,0.0,0.0,0.37973654909433796
perm_android.permission.ACCESS_COARSE_LOCATION,0,0.0885599447792197,0.12176529040811815,324.0,365.81252028874025,"pearson_r, entropy_reduction_ratio, chi2_stat",0.10662436082544771,0.005895082824941527,0.00695538759673975,0.004139635286597235,0.3191852573623723
perm_com.google.android.googleapps.permission.GOOGLE_AUTH.ah,0,0.08849829090342096,0.14763352424741769,491.0,169.88348948617698,"pearson_r, mutual_information, entropy_reduction_ratio",0.0,0.06275490542276682,0.0,0.0,0.37973654909433796
intent_com.qihoo.appstore.battery.STOP,0,0.08847499232184725,0.14763759420195688,491.2,169.5079939117917,"pearson_r, mutual_information, entropy_reduction_ratio",0.0,0.06263841251489828,0.0,0.0,0.37973654909433796
intent_safiap.framework.ACTION_TO_INSTALL_IAP,0,0.0884670427844314,0.14763898622057123,491.4,169.13261069350287,"pearson_r, mutual_information, entropy_reduction_ratio",0.0,0.06259866482781905,0.0,0.0,0.37973654909433796
intent_com.easou.action.image.crop,0,0.08845745505766528,0.147640667357661,491.6,168.75734058108407,"pearson_r, mutual_information, entropy_reduction_ratio",0.0,0.06255072619398844,0.0,0.0,0.37973654909433796
intent_com.qihoo.appstore.floatwin.FloatWindowService,0,0.08845349723670667,0.1476413620529891,491.8,168.38218433076582,"pearson_r, mutual_information, entropy_reduction_ratio",0.0,0.06253093708919545,0.0,0.0,0.37973654909433796
intent_com.qihoo.appstore.PLUGIN_ICON,0,0.08844184800810166,0.1476434092241787,492.2,167.63221647404177,"pearson_r, mutual_information, entropy_reduction_ratio",0.0,0.06247269094617038,0.0,0.0,0.37973654909433796
intent_com.qihoo.appstore.stable_notification_broadcast,0,0.0883802099364693,0.14765430187391163,492.4,167.25740641298967,"pearson_r, mutual_information, entropy_reduction_ratio",0.0,0.06216450058800857,0.0,0.0,0.37973654909433796
intent_com.baidu.android.pushservice.action.notification.SHOW,0,0.08833740525808488,0.1476619263752466,492.8,166.5081379392611,"pearson_r, mutual_information, entropy_reduction_ratio",0.0,0.06195047719608642,0.0,0.0,0.37973654909433796
intent_com.qihoo.appstore.accessibility.ALERT,0,0.08818217094352203,0.14768999019906756,493.0,166.13368111253058,"pearson_r, mutual_information, entropy_reduction_ratio",0.0,0.06117430562327218,0.0,0.0,0.37973654909433796
intent_com.excelliance.dualaid.action.appcrash,0,0.08782427373246808,0.14775715768112443,493.2,165.75934362804406,"pearson_r, mutual_information, entropy_reduction_ratio",0.0,0.05938481956800243,0.0,0.0,0.37973654909433796
perm_com.google.android.c2dm.permission.RECEIVE,0,0.08782153412569321,0.08762246082066218,288.6,365.3034902652861,"pearson_r, entropy_reduction_ratio, mutual_information",0.1447069512170466,0.03490704935590917,0.001698832270595981,0.025068211942614438,0.23272662584229986
intent_cn.play.dservice,0,0.08781009344388863,0.1477598897186283,493.4,165.3851262961697,"pearson_r, mutual_information, entropy_reduction_ratio",0.0,0.05931391812510519,0.0,0.0,0.37973654909433796
perm_com.sec.android.app.voicenote.Controller,0,0.08765377290877897,0.14779036446551178,493.6,165.0110299343653,"pearson_r, mutual_information, entropy_reduction_ratio",0.0,0.058532315449556914,0.0,0.0,0.37973654909433796
perm_com.android.launcher.permission.READ_SETTINGS,0,0.08760660392397948,0.14584174632857386,324.8,273.63143094315757,"pearson_r, mutual_information, entropy_reduction_ratio",0.0006601071918241908,0.061954553712700366,5.0401359396664875e-05,2.1644412471566754e-05,0.3753463129435046
perm_com.google.android.googleapps.permission.GOOGLE_AUTH.androidsecure,0,0.08756608241093244,0.1478077465410649,493.8,164.6370553672532,"pearson_r, mutual_information, entropy_reduction_ratio",0.0,0.05809386296032423,0.0,0.0,0.37973654909433796
perm_com.huawei.android.launcher.permission.CHANGE_BADGE,0,0.08748459290338084,0.14378277246735693,298.0,316.6076436221968,"pearson_r, mutual_information, entropy_reduction_ratio",0.002648451969100119,0.06355623532945665,0.0002016054375866595,8.710880475882638e-05,0.370929562976002
intent_com.qihoo.appstore.ACTION_GET_DOWNLOAD_APK_PATH,0,0.08746522659764427,0.14782799300014926,494.0,164.26320342669567,"pearson_r, mutual_information, entropy_reduction_ratio",0.0,0.057589583893883405,0.0,0.0,0.37973654909433796
perm_com.htc.launcher.permission.UPDATE_SHORTCUT,0,0.08746073405450142,0.14083096651908913,285.0,339.78787500439154,"pearson_r, mutual_information, entropy_reduction_ratio",0.00733542872255387,0.06414314413088654,0.0005544149533633135,0.00024302903699058436,0.3650276534287128
intent_show_encourage,0,0.08722043032162624,0.14787826786743966,494.4,163.5158707893518,"pearson_r, mutual_information, entropy_reduction_ratio",0.0,0.05636560251379326,0.0,0.0,0.37973654909433796
perm_android.permission.WRITE_MEDIA_STORAGE,0,0.08705893920606447,0.14791231181386547,494.6,163.1423917931817,"pearson_r, mutual_information, entropy_reduction_ratio",0.0,0.055558146935984404,0.0,0.0,0.37973654909433796
intent_com.qihoo.psdk.service.action.local,0,0.08700923726229513,0.14792292982653912,494.8,162.7690388249559,"pearson_r, mutual_information, entropy_reduction_ratio",0.0,0.055309637217137705,0.0,0.0,0.37973654909433796
intent_com.kingroot.ACTION_SERVICE_PSS_RECORD,0,0.08685046187465684,0.1479572919444405,495.2,162.02271445695507,"pearson_r, mutual_information, entropy_reduction_ratio",0.0,0.05451576027894621,0.0,0.0,0.37973654909433796
intent_com.qihoo.appstore.launcher.shortcut.HOME_GAME,0,0.08680746511687314,0.14796671317928958,495.4,161.6497448188521,"pearson_r, mutual_information, entropy_reduction_ratio",0.0,0.054300776490027736,0.0,0.0,0.37973654909433796
intent_com.sogou.androidtool.action.service,0,0.08670607798681884,0.1479891240808513,495.6,161.27690473220275,"pearson_r, mutual_information, entropy_reduction_ratio",0.0,0.05379384083975626,0.0,0.0,0.37973654909433796
intent_com.qihoo.appstore.plugin.huajiao.IPluginHelperService,0,0.08667357855257618,0.1479963659325606,495.8,160.9041950975797,"pearson_r, mutual_information, entropy_reduction_ratio",0.0,0.05363134366854295,0.0,0.0,0.37973654909433796
perm_com.huawei.launcher.permission.WRITE_SETTINGS,0,0.08657593098936313,0.14801829433171385,496.0,160.5316168236027,"pearson_r, mutual_information, entropy_reduction_ratio",0.0,0.05314310585247767,0.0,0.0,0.37973654909433796
intent_com.google.android.gms.analytics.ANALYTICS_DISPATCH,0,0.08651887480910826,0.13167350955459042,285.4,354.5953186380215,"pearson_r, mutual_information, entropy_reduction_ratio",0.03402055237506532,0.047518068551735924,0.0024696666104365786,0.001175236322370663,0.3474108501859328
intent_com.areametrics.areametricssdk.AMLocationUpdatesBroadcastReceiver.PROCESS_UPDATES,0,0.08646927616230263,0.148042536124739,496.2,160.15917082702447,"pearson_r, mutual_information, entropy_reduction_ratio",0.0,0.05260983171717516,0.0,0.0,0.37973654909433796
intent_com.qihoo360.mobilesafe.pcdaemon.filehandle,0,0.08643417074279816,0.14805058166656906,496.4,159.7868580328182,"pearson_r, mutual_information, entropy_reduction_ratio",0.0,0.05243430461965286,0.0,0.0,0.37973654909433796
intent_com.kingroot.kinguser.SU_REQUEST,0,0.08641406096322915,0.1480552052750885,496.6,159.41467937426592,"pearson_r, mutual_information, entropy_reduction_ratio",0.0,0.05233375572180779,0.0,0.0,0.37973654909433796
intent_android.intent.action.SEND_TO_KPSH,0,0.08639681325604616,0.14805917942914998,496.8,159.04263579304765,"pearson_r, mutual_information, entropy_reduction_ratio",0.0,0.052247517185892794,0.0,0.0,0.37973654909433796
perm_com.asus.email.permission.ACCESS_PROVIDER,0,0.0862981851269031,0.1480820572710636,497.2,158.29895767186846,"pearson_r, mutual_information, entropy_reduction_ratio",0.0,0.0517543765401775,0.0,0.0,0.37973654909433796
intent_com.excelliance.open.action.dmchk,0,0.08627108097848842,0.14808838977178293,497.6,157.5558313741513,"pearson_r, mutual_information, entropy_reduction_ratio",0.0,0.0516188557981041,0.0,0.0,0.37973654909433796
perm_android.permission.WRITE_CALL_LOG,0,0.08624465424909711,0.14809458284705387,497.8,157.18447760513757,"pearson_r, mutual_information, entropy_reduction_ratio",0.0,0.051486722151147586,0.0,0.0,0.37973654909433796
intent_com.sogou.androidtool.service.weathernotifyreceiver,0,0.0862441611402449,0.1480946985833846,498.0,156.81326474504635,"pearson_r, mutual_information, entropy_reduction_ratio",0.0,0.05148425660688653,0.0,0.0,0.37973654909433796
perm_android.permission.BAIDU_LOCATION_SERVICE,0,0.08620732908484666,0.1481033616511238,498.2,156.44219379694212,"pearson_r, mutual_information, entropy_reduction_ratio",0.0,0.051300096329895316,0.0,0.0,0.37973654909433796
intent_android.intent.action.SENDTO,0,0.08620618274672584,0.14611470507370083,327.2,272.4007342134011,"pearson_r, mutual_information, entropy_reduction_ratio",0.0006601071918241908,0.05495244782643214,5.0401359396664875e-05,2.1644412471566754e-05,0.3753463129435046
perm_com.samsung.svoice.sync.READ_DATABASE,0,0.08613359945033038,0.14812081174374378,498.4,156.07126577304356,"pearson_r, mutual_information, entropy_reduction_ratio",0.0,0.050931448157313916,0.0,0.0,0.37973654909433796
intent_com.qihoo.appstore.battery.POWER_RANK_START,0,0.08609247490283042,0.14813060784869925,498.6,155.70048169482328,"pearson_r, mutual_information, entropy_reduction_ratio",0.0,0.05072582541981416,0.0,0.0,0.37973654909433796
intent_android.intent.action.INSTALL,0,0.08609044133145013,0.14813109342531422,498.8,155.32984259310894,"pearson_r, mutual_information, entropy_reduction_ratio",0.0,0.05071565756291273,0.0,0.0,0.37973654909433796
perm_android.permission.SET_ACTIVITY_WATCHER,0,0.0860566755486063,0.14813917211333838,499.0,154.95934950818554,"pearson_r, mutual_information, entropy_reduction_ratio",0.0,0.05054682864869353,0.0,0.0,0.37973654909433796
intent_com.qihoo.appstore.notification.click,0,0.08585358704967044,0.1481884023032423,499.2,154.589003489899,"pearson_r, mutual_information, entropy_reduction_ratio",0.0,0.04953138615401428,0.0,0.0,0.37973654909433796
intent_android.intent.action.UPDATE_NOTIFICATION,0,0.08581124071083476,0.14819880557713683,499.4,154.218805597761,"pearson_r, mutual_information, entropy_reduction_ratio",0.0,0.04931965445983591,0.0,0.0,0.37973654909433796
intent_org.agoo.android.intent.action.RE_ELECTION_V2,0,0.0857966493458049,0.14820240129712053,499.6,153.84875690105525,"pearson_r, mutual_information, entropy_reduction_ratio",0.0,0.049246697634686545,0.0,0.0,0.37973654909433796
intent_android.intent.action.SERVICE_STATE,0,0.08572925110250829,0.1482190835398781,499.8,153.47885847894491,"pearson_r, mutual_information, entropy_reduction_ratio",0.0,0.04890970641820345,0.0,0.0,0.37973654909433796
perm_ANDROID.PERMISSION.WRITE_APN_SETTINGS,0,0.08564971128625101,0.1482389263026705,500.0,153.10911142058137,"pearson_r, mutual_information, entropy_reduction_ratio",0.0,0.04851200733691711,0.0,0.0,0.37973654909433796
intent_android.view.InputMethod,0,0.08564109030820628,0.14623989488230896,329.2,271.4357382512479,"pearson_r, mutual_information, entropy_reduction_ratio",0.0006601071918241908,0.05212698563383433,5.0401359396664875e-05,2.1644412471566754e-05,0.3753463129435046
perm_android.permission.DISABLE_KEYGUARD,0,0.08554604203418356,0.13710873043903415,285.2,350.66987324262686,"pearson_r, mutual_information, entropy_reduction_ratio",0.016915607439678293,0.05174806172399676,0.001260033984916622,0.0005688614762218842,0.3572376455461042
intent_com.excelliance.kxqp.action.smtcnt,0,0.08551508992124468,0.14827289307157246,500.4,152.37007580230443,"pearson_r, mutual_information, entropy_reduction_ratio",0.0,0.04783890051188545,0.0,0.0,0.37973654909433796
intent_com.mobiletool.appstore.action.main,0,0.08549113009982291,0.14827898888799562,500.6,152.000789471634,"pearson_r, mutual_information, entropy_reduction_ratio",0.0,0.04771910140477661,0.0,0.0,0.37973654909433796
intent_com.qihoo.appstore.ACTION_GAME_UNION_GIFT_LiST,0,0.08548440335973578,0.14828070303273333,500.8,151.63165896342358,"pearson_r, mutual_information, entropy_reduction_ratio",0.0,0.047685467704340956,0.0,0.0,0.37973654909433796
intent_com.qihoo.appstore.battery.NOTIFY,0,0.08547248828563189,0.14828374224437546,501.0,151.2626854184468,"pearson_r, mutual_information, entropy_reduction_ratio",0.0,0.04762589233382153,0.0,0.0,0.37973654909433796
intent_com.mobutils.android.mediation.MaterialNotificationReceiver.ACTION_CANCEL_NOTIFICATION,0,0.08544986308104699,0.14828952368777915,501.4,150.52521383475926,"pearson_r, mutual_information, entropy_reduction_ratio",0.0,0.04751276631089696,0.0,0.0,0.37973654909433796
intent_com.qihoo.appstore.powerusage.HIGH_TEMPERATURE,0,0.08541467796055774,0.1482985415645109,501.8,149.7883840623164,"pearson_r, mutual_information, entropy_reduction_ratio",0.0,0.04733684070845075,0.0,0.0,0.37973654909433796
intent_com.onesignal.NotificationExtender,0,0.08525893779343986,0.14833885178075853,502.2,149.05220561937352,"pearson_r, mutual_information, entropy_reduction_ratio",0.0,0.04655813987286136,0.0,0.0,0.37973654909433796
intent_com.snipermob.sdk.notification,0,0.08514029002131349,0.14836999286821692,502.6,148.31668820466564,"pearson_r, mutual_information, entropy_reduction_ratio",0.0,0.04596490101222946,0.0,0.0,0.37973654909433796
perm_org.simalliance.openmobileapi.SMARTCARD,0,0.08511801787509034,0.14837588014193365,502.8,147.94918046410396,"pearson_r, mutual_information, entropy_reduction_ratio",0.0,0.0458535402811137,0.0,0.0,0.37973654909433796
intent_com.qihoo.appstore.ACTION_DAEMON_CORE_SERVICE,0,0.08511799295629845,0.14837588673616284,503.0,147.58184170147763,"pearson_r, mutual_information, entropy_reduction_ratio",0.0,0.045853415687154286,0.0,0.0,0.37973654909433796
perm_com.nd.android.launcher.permission.WRITE_SETTINGS,0,0.08508341822854953,0.14838505204544136,503.4,146.84767618181775,"pearson_r, mutual_information, entropy_reduction_ratio",0.0,0.045680542048409725,0.0,0.0,0.37973654909433796
intent_com.meizu.c2dm.intent.RECEIVE,0,0.08507800477800778,0.1483864899470061,503.6,146.48085199096843,"pearson_r, mutual_information, entropy_reduction_ratio",0.0,0.045653474795700956,0.0,0.0,0.37973654909433796
intent_com.qihoo.appstore.plugin.share.IpluginService,0,0.08506370164004795,0.14839029282973543,503.8,146.11420191069723,"pearson_r, mutual_information, entropy_reduction_ratio",0.0,0.04558195910590179,0.0,0.0,0.37973654909433796
intent_com.yuetu.shentu.Intent.WECHAT_SHARE,0,0.0850503374220131,0.14839385097009639,504.0,145.7477272550073,"pearson_r, mutual_information, entropy_reduction_ratio",0.0,0.0455151380157275,0.0,0.0,0.37973654909433796
perm_com.google.android.googleapps.permission.GOOGLE_AUTH.android,0,0.08504030949237953,0.14839652394974776,504.2,145.3814293505192,"pearson_r, mutual_information, entropy_reduction_ratio",0.0,0.045464998367559725,0.0,0.0,0.37973654909433796
intent_com.tappx.sdk.SILP,0,0.08497662710340535,0.14841356084559243,504.4,145.0153095366141,"pearson_r, mutual_information, entropy_reduction_ratio",0.0,0.04514658642268881,0.0,0.0,0.37973654909433796
perm_com.zte.mifavor.launcher.permission.READ_SETTINGS,0,0.08481444551442642,0.14845743380818952,504.6,144.64936916557915,"pearson_r, mutual_information, entropy_reduction_ratio",0.0,0.04433567847779411,0.0,0.0,0.37973654909433796
intent_com.sogou.passport.service.upload,0,0.08477679351445047,0.14846771883704674,505.0,143.91803222668105,"pearson_r, mutual_information, entropy_reduction_ratio",0.0,0.04414741847791438,0.0,0.0,0.37973654909433796
intent_org.agoo.android.intent.action.ELECTION_V2,0,0.08475092786114269,0.14847480602264498,505.2,143.55263842925353,"pearson_r, mutual_information, entropy_reduction_ratio",0.0,0.04401809021137547,0.0,0.0,0.37973654909433796
intent_com.secneo.plugin.action.HOURLY,0,0.08474090873697565,0.14847755601339088,505.4,143.18742961587097,"pearson_r, mutual_information, entropy_reduction_ratio",0.0,0.043967994590540294,0.0,0.0,0.37973654909433796
perm_com.qiku.launcher.permission.WRITE_SETTINGS,0,0.0847194928683611,0.14848344301305827,505.6,142.82240720559224,"pearson_r, mutual_information, entropy_reduction_ratio",0.0,0.04386091524746753,0.0,0.0,0.37973654909433796
intent_android.intent.action.CHINAMOBILE_OMS_GAME,0,0.08471724207604789,0.14848406243641527,505.8,142.45757263129258,"pearson_r, mutual_information, entropy_reduction_ratio",0.0,0.04384966128590143,0.0,0.0,0.37973654909433796
intent_com.umeng.message.disablecallback.action,0,0.0847141684845105,0.1464638982872788,333.8,269.42858051810316,"pearson_r, mutual_information, entropy_reduction_ratio",0.0006601071918241908,0.04749237651535543,5.0401359396664875e-05,2.1644412471566754e-05,0.3753463129435046
perm_sec.android.permission.READ_MSG_PREF,0,0.08468146313885672,0.14849392686356958,506.0,142.09292733982224,"pearson_r, mutual_information, entropy_reduction_ratio",0.0,0.043670766599945635,0.0,0.0,0.37973654909433796
intent_android.intent.action.DATE_CHANGED,0,0.08467762860463826,0.1484949860702918,506.2,141.72847279216694,"pearson_r, mutual_information, entropy_reduction_ratio",0.0,0.043651593928853386,0.0,0.0,0.37973654909433796
intent_com.qihoo.appstore.msplugin.install,0,0.08463136558041233,0.14850779584236645,506.6,141.00014184390028,"pearson_r, mutual_information, entropy_reduction_ratio",0.0,0.04342027880772368,0.0,0.0,0.37973654909433796
intent_show_notificationcenter,0,0.08455214018350882,0.14852986387263958,506.8,140.6362684374127,"pearson_r, mutual_information, entropy_reduction_ratio",0.0,0.043024151823206104,0.0,0.0,0.37973654909433796
perm_com.android.browser.permission.READ_HISTORY_BOOKMARKS,0,0.08449391077078601,0.14498111489558074,312.8,303.74851439965926,"pearson_r, mutual_information, entropy_reduction_ratio",0.0019843277604988615,0.04815167096812266,0.0001512040781899946,6.51986860505038e-05,0.372117152361068
intent_ACTION.TAPCORE.MESSAGE,0,0.08448613884281778,0.1485483749239577,507.0,140.27259176332348,"pearson_r, mutual_information, entropy_reduction_ratio",0.0,0.0426941451197509,0.0,0.0,0.37973654909433796
perm_com.google.android.googleapps.permission.GOOGLE_AUTH.wise,0,0.08436975246820375,0.14858129731892947,507.2,139.9091133557782,"pearson_r, mutual_information, entropy_reduction_ratio",0.0,0.04211221324668078,0.0,0.0,0.37973654909433796
perm_android.permission.REBOOT_IPO,0,0.08434803300663304,0.14858748070384176,507.4,139.54583476406597,"pearson_r, mutual_information, entropy_reduction_ratio",0.0,0.04200361593882728,0.0,0.0,0.37973654909433796
intent_com.baidu.android.pushservice.action.PUSH_SERVICE,0,0.08432728271638505,0.14859339979320013,507.6,139.1827575527946,"pearson_r, mutual_information, entropy_reduction_ratio",0.0,0.04189986448758729,0.0,0.0,0.37973654909433796
perm_org.adwfreak.launcher.permission.WRITE_SETTINGS,0,0.08429554976002952,0.14860247368346785,507.8,138.8198833020688,"pearson_r, mutual_information, entropy_reduction_ratio",0.0,0.04174119970580965,0.0,0.0,0.37973654909433796
perm_android.permission.DOWNLOAD_CACHE_NON_PURGEABLE,0,0.08429198851560235,0.14860349366168873,508.0,138.45721360767016,"pearson_r, mutual_information, entropy_reduction_ratio",0.0,0.04172339348367384,0.0,0.0,0.37973654909433796
intent_com.excelliance.open.NEXT_CHAPTER,0,0.08425218768166183,0.1486149157926249,508.4,137.73249435046185,"pearson_r, mutual_information, entropy_reduction_ratio",0.0,0.04152438931397118,0.0,0.0,0.37973654909433796
intent_android.intent.action.DOWNLOAD_COMPLETE,0,0.08409053464468166,0.14351821431610842,303.0,325.2349919673466,"pearson_r, mutual_information, entropy_reduction_ratio",0.003980755562267311,0.04710988342696435,0.0003024081563799892,0.0001312006469109011,0.3689284254308858
intent_co.ronash.pushe.service.ScreenStateService,0,0.08391266901112368,0.14871404795228058,508.8,137.00861286795075,"pearson_r, mutual_information, entropy_reduction_ratio",0.0,0.039826795961280394,0.0,0.0,0.37973654909433796
intent_android.intent.action.NOTIFICATION_ADD,0,0.08387788634562289,0.1487243750904326,509.0,136.64699045350395,"pearson_r, mutual_information, entropy_reduction_ratio",0.0,0.03965288263377648,0.0,0.0,0.37973654909433796
perm_android.permission.ACCESS_LOCATION_EXTRA_COMMANDS,0,0.0838774511760792,0.14404568259326989,307.0,319.73332638309694,"pearson_r, mutual_information, entropy_reduction_ratio",0.0033139260700814945,0.04583211530316537,0.0002520067969833244,0.0001091093859404944,0.3698800983242253
intent_cn.xiaoneng.xpush.service,0,0.0838456011410502,0.14873398919534683,509.2,136.28558250966975,"pearson_r, mutual_information, entropy_reduction_ratio",0.0,0.039491456610913064,0.0,0.0,0.37973654909433796
intent_com.qihoo.appstore.checkupdate.NOTIFY_APP_UPDATE,0,0.0838257604970831,0.14873991107347864,509.4,135.92439074720915,"pearson_r, mutual_information, entropy_reduction_ratio",0.0,0.03939225339107755,0.0,0.0,0.37973654909433796
perm_com.google.android.googleapps.permission.GOOGLE_AUTH.OTHER_SERVICES,0,0.08376686967261511,0.1487575492887609,509.6,135.56341689408688,"pearson_r, mutual_information, entropy_reduction_ratio",0.0,0.03909779926873759,0.0,0.0,0.37973654909433796
perm_com.google.android.googleapps.permission.GOOGLE_AUTH,0,0.0836446195319464,0.1487944550413977,510.0,134.84212991494906,"pearson_r, mutual_information, entropy_reduction_ratio",0.0,0.03848654856539399,0.0,0.0,0.37973654909433796
perm_com.tencent.mm.plugin.permission.READ,0,0.08357842253747802,0.14881460290032958,510.2,134.48182033271263,"pearson_r, mutual_information, entropy_reduction_ratio",0.0,0.038155563593052125,0.0,0.0,0.37973654909433796
perm_com.tencent.mm.ext.permission.READ,0,0.08357774455205308,0.14881480984866421,510.4,134.12173574778996,"pearson_r, mutual_information, entropy_reduction_ratio",0.0,0.038152173665927415,0.0,0.0,0.37973654909433796
intent_com.qihoo.appstore.clean.scan.finish,0,0.08357048895449093,0.1488170253035305,510.6,133.7618779772473,"pearson_r, mutual_information, entropy_reduction_ratio",0.0,0.03811589567811671,0.0,0.0,0.37973654909433796
perm_android.permission.BROADCAST_PACKAGE_CHANGED,0,0.0835556807238782,0.14677630550576828,340.4,267.076468450517,"pearson_r, mutual_information, entropy_reduction_ratio",0.0006601071918241908,0.041699937712193956,5.0401359396664875e-05,2.1644412471566754e-05,0.3753463129435046
perm_android.permission.DOWNLOAD_WITHOUT_NOTIFICATION,0,0.08354558354928242,0.14413483704122879,308.6,319.37883461494437,"pearson_r, mutual_information, entropy_reduction_ratio",0.0033139260700814945,0.044172777169181464,0.0002520067969833244,0.0001091093859404944,0.3698800983242253
perm_com.meizu.flyme.launcher.permission.READ_SETTINGS,0,0.08349969965719783,0.14883871291476433,510.8,133.4022488566066,"pearson_r, mutual_information, entropy_reduction_ratio",0.0,0.037761949191651205,0.0,0.0,0.37973654909433796
intent_selfupdate_notification_cancelled,0,0.08348845976367378,0.14884216856239021,511.0,133.04285024006364,"pearson_r, mutual_information, entropy_reduction_ratio",0.0,0.03770574972403097,0.0,0.0,0.37973654909433796
intent_org.agoo.android.intent.action.RECEIVE,0,0.08345464223122213,0.14680525459055074,340.8,266.9542282864237,"pearson_r, mutual_information, entropy_reduction_ratio",0.0006601071918241908,0.0411947452489136,5.0401359396664875e-05,2.1644412471566754e-05,0.3753463129435046
intent_com.tencent.android.tpush.action.FEEDBACK,0,0.08343003476211323,0.1488601844217897,511.2,132.683684000709,"pearson_r, mutual_information, entropy_reduction_ratio",0.0,0.03741362471622823,0.0,0.0,0.37973654909433796
intent_com.alimama.mobile.sdk.download.action,0,0.08340575092391128,0.14886769889744655,511.6,131.96605624174725,"pearson_r, mutual_information, entropy_reduction_ratio",0.0,0.03729220552521843,0.0,0.0,0.37973654909433796
perm_com.google.android.providers.gsf.permission.READ_GSERVICES,0,0.08339073880512912,0.150874534435929,199.0,75.38434850816182,"pearson_r, mutual_information, entropy_reduction_ratio",0.00031825158211231205,0.03247283839500223,4.3458314989981414e-05,2.1354231829713578e-05,0.38409779150171136
intent_com.mobiletool.appstore.action.topicdetail,0,0.08336634760315163,0.1488799249030875,511.8,131.6075985648245,"pearson_r, mutual_information, entropy_reduction_ratio",0.0,0.0370951889214202,0.0,0.0,0.37973654909433796
perm_android.permission.ACCESS_DOWNLOAD_MANAGER,0,0.08336319465227846,0.1488809049552484,512.0,131.24938095092108,"pearson_r, mutual_information, entropy_reduction_ratio",0.0,0.03707942416705432,0.0,0.0,0.37973654909433796
intent_com.qihoo.appstore.download_one_apk,0,0.0833395255581878,0.14888827049514256,512.2,130.89140537101738,"pearson_r, mutual_information, entropy_reduction_ratio",0.0,0.036961078696601056,0.0,0.0,0.37973654909433796
intent_com.excelliance.dualaid.SHORTCUT_ALARM,0,0.08330507443535497,0.148899017517556,512.4,130.53367381637582,"pearson_r, mutual_information, entropy_reduction_ratio",0.0,0.03678882308243687,0.0,0.0,0.37973654909433796
perm_com.htc.launcher.permission.WRITE_SETTINGS,0,0.08328635085006245,0.14890487138432854,512.6,130.17618829878222,"pearson_r, mutual_information, entropy_reduction_ratio",0.0,0.0366952051559743,0.0,0.0,0.37973654909433796
intent_android.intent.action.PACKAGE_FULLY_REMOVED,0,0.08321597534406329,0.14892695620248675,512.8,129.81895085079066,"pearson_r, mutual_information, entropy_reduction_ratio",0.0,0.03634332762597847,0.0,0.0,0.37973654909433796
intent_com.baidu.android.pushservice.action.RECEIVE,0,0.08320188204952891,0.14893139446832893,513.0,129.4619635259716,"pearson_r, mutual_information, entropy_reduction_ratio",0.0,0.036272861153306635,0.0,0.0,0.37973654909433796
perm_com.google.android.googleapps.permission.GOOGLE_AUTH.notebook,0,0.08305274411753376,0.14897867975326562,513.4,128.74874756672392,"pearson_r, mutual_information, entropy_reduction_ratio",0.0,0.035527171493330865,0.0,0.0,0.37973654909433796
perm_android.permission.UPDATE_APP_OPS_STATS,0,0.08304732577336611,0.14898040863911732,513.6,128.39252314679388,"pearson_r, mutual_information, entropy_reduction_ratio",0.0,0.03550007977249259,0.0,0.0,0.37973654909433796
intent_com.qihoo.appstore.ACTION_LOCK_SCREEN_AD_STATE_CHANGE,0,0.08293785653104183,0.1490155025973039,513.8,128.03655727955203,"pearson_r, mutual_information, entropy_reduction_ratio",0.0,0.03495273356087113,0.0,0.0,0.37973654909433796
perm_com.facebook.katana.permission.CROSS_PROCESS_BROADCAST_MANAGER,0,0.08291639147538031,0.14902242067552285,514.2,127.32540987564109,"pearson_r, mutual_information, entropy_reduction_ratio",0.0,0.03484540828256361,0.0,0.0,0.37973654909433796
suspicious_Ljava/lang/Runtime;->exec,0,0.08287563359828647,0.16033933251714305,212.5,266.2386147800503,"pearson_r, entropy_reduction_ratio, chi2_stat",0.009251050960732015,0.0,0.0010106051959830361,0.0006337289273068988,0.4034827829074104
intent_com.amazon.device.messaging.intent.RECEIVE,0,0.08278165566590995,0.14613073828296416,329.5,288.9316528177555,"pearson_r, mutual_information, entropy_reduction_ratio",0.0013215479788425014,0.038920963593039634,0.00010080271879332975,4.3376991024155974e-05,0.3735215870478501
intent_com.kinguser.kingroot.ACTION_INSTALL,0,0.08275156550355903,0.14907594449621567,514.8,126.26068271635474,"pearson_r, mutual_information, entropy_reduction_ratio",0.0,0.03402127842345713,0.0,0.0,0.37973654909433796
perm_android.permission.READ_SYNC_SETTINGS,0,0.08269172184990395,0.1470326250832439,343.6,266.1643101544608,"pearson_r, mutual_information, entropy_reduction_ratio",0.0006601071918241908,0.037380143342322744,5.0401359396664875e-05,2.1644412471566754e-05,0.3753463129435046
intent_com.excelliance.dualaid.action.psts,0,0.08260686143819859,0.14912351902298387,515.0,125.90631437700017,"pearson_r, mutual_information, entropy_reduction_ratio",0.0,0.03329775809665503,0.0,0.0,0.37973654909433796
perm_com.android.launcher3.permission.WRITE_SETTINGS,0,0.08258107835401127,0.14913205311532887,515.2,125.55222021135268,"pearson_r, mutual_information, entropy_reduction_ratio",0.0,0.033168842675718374,0.0,0.0,0.37973654909433796
intent_com.mobiletool.appstore.browser.highspeed,0,0.08246503489692311,0.14917067762811206,515.4,125.1984025457194,"pearson_r, mutual_information, entropy_reduction_ratio",0.0,0.03258862539027759,0.0,0.0,0.37973654909433796
intent_com.excelliance.kxqp.action.space.stat,0,0.08245674376328926,0.14917345073086738,515.6,124.8448637309521,"pearson_r, mutual_information, entropy_reduction_ratio",0.0,0.03254716972210839,0.0,0.0,0.37973654909433796
intent_com.excelliance.dualaid.b64.action.update.done,0,0.08240929973264396,0.14918935360614471,516.2,123.78594427478428,"pearson_r, mutual_information, entropy_reduction_ratio",0.0,0.03230994956888188,0.0,0.0,0.37973654909433796
intent_com.qihoo.appstore.ACTION_NOTIFY_UNINSTALL,0,0.08227980488006834,0.14923305773525464,516.4,123.43354487334469,"pearson_r, mutual_information, entropy_reduction_ratio",0.0,0.03166247530600367,0.0,0.0,0.37973654909433796
intent_android.provider.Telephony.SMS_DELIVER,0,0.08226533457942001,0.14923796854194366,516.6,123.08143645570603,"pearson_r, mutual_information, entropy_reduction_ratio",0.0,0.0315901238027621,0.0,0.0,0.37973654909433796
perm_com.android.email.permission.ACCESS_PROVIDER,0,0.08219085636742321,0.1492633305293863,516.8,122.72962152634545,"pearson_r, mutual_information, entropy_reduction_ratio",0.0,0.03121773274277804,0.0,0.0,0.37973654909433796
perm_com.kingroot.kinguser.permission.REQUEST,0,0.08201608237131566,0.14932341269052088,517.2,122.0268822841918,"pearson_r, mutual_information, entropy_reduction_ratio",0.0,0.030343862762240305,0.0,0.0,0.37973654909433796
perm_com.samsung.android.scloud.backup.lib.write,0,0.08197444784306765,0.14933784251907914,517.4,121.6759631151527,"pearson_r, mutual_information, entropy_reduction_ratio",0.0,0.03013569012100032,0.0,0.0,0.37973654909433796
intent_com.xiaomi.mipush.ERROR,0,0.08189826940801433,0.1493643612504198,517.6,121.32534772255961,"pearson_r, mutual_information, entropy_reduction_ratio",0.0,0.02975479794573368,0.0,0.0,0.37973654909433796
perm_android.permission.WRITE_CONTACTS,0,0.08187246698211634,0.14641466612729453,334.3,288.03482428345364,"pearson_r, mutual_information, entropy_reduction_ratio",0.0013215479788425014,0.03437502017407166,0.00010080271879332975,4.3376991024155974e-05,0.3735215870478501
perm_android.permission.WRITE_INTERNAL_STORAGE,0,0.08186432522701546,0.1441594784327214,314.2,323.3839204413231,"pearson_r, mutual_information, entropy_reduction_ratio",0.003980755562267311,0.03597883633863337,0.0003024081563799892,0.0001312006469109011,0.3689284254308858
intent_cn.ngds.android.intent.alarm,0,0.08179793569062574,0.14939951865994747,518.0,120.62503886009736,"pearson_r, mutual_information, entropy_reduction_ratio",0.0,0.029253129358790708,0.0,0.0,0.37973654909433796
perm_com.baiqi.weather.permission.READ_SETTINGS,0,0.08179786999098466,0.14939954176700507,518.2,120.27535075816657,"pearson_r, mutual_information, entropy_reduction_ratio",0.0,0.02925280086058535,0.0,0.0,0.37973654909433796
intent_com.example.servicejar.action.START_SPIRIT,0,0.08166855598257008,0.14944523945467628,518.6,119.5769208501373,"pearson_r, mutual_information, entropy_reduction_ratio",0.0,0.02860623081851243,0.0,0.0,0.37973654909433796
perm_android.permission.FOREGROUND_SERVICE,0,0.08152816801940994,0.14230533642047916,309.4,334.78177967147496,"pearson_r, mutual_information, entropy_reduction_ratio",0.00733542872255387,0.03448031395542916,0.0005544149533633135,0.00024302903699058436,0.3650276534287128
perm_android.permission.WRITE_SYNC_SETTINGS,0,0.08147205982084338,0.14654669015857907,335.7,287.8330418836586,"pearson_r, mutual_information, entropy_reduction_ratio",0.0013215479788425014,0.03237298436770684,0.00010080271879332975,4.3376991024155974e-05,0.3735215870478501
intent_com.aspire.purchaseservice.BIND,0,0.08140913326650727,0.14953822234224032,519.2,118.53168352807614,"pearson_r, mutual_information, entropy_reduction_ratio",0.0,0.0273091172381984,0.0,0.0,0.37973654909433796
intent_android.fbreader.action.CLOSE,0,0.0812588014511833,0.14959290172709824,519.4,118.18392445675511,"pearson_r, mutual_information, entropy_reduction_ratio",0.0,0.026557458161578555,0.0,0.0,0.37973654909433796
perm_com.tsf.shell.permission.READ_SETTINGS,0,0.08114701604553036,0.14963393951486983,519.6,117.83649689294062,"pearson_r, mutual_information, entropy_reduction_ratio",0.0,0.02599853113331387,0.0,0.0,0.37973654909433796
intent_,0,0.08114042598808294,0.14963636888077234,519.8,117.48940377753222,"pearson_r, mutual_information, entropy_reduction_ratio",0.0,0.025965580846076756,0.0,0.0,0.37973654909433796
perm_ANDROID.PERMISSION.SEND_SMS,0,0.0811378388306944,0.1496373229198272,520.0,117.14264808343714,"pearson_r, mutual_information, entropy_reduction_ratio",0.0,0.025952645059134083,0.0,0.0,0.37973654909433796
intent_com.google.android.c2dm.intent.REGISTRATION,0,0.08112199832903588,0.12878498118900242,386.1,399.5377829442417,"pearson_r, entropy_reduction_ratio, chi2_stat",0.06467825064120306,0.0,0.004485720986303173,0.0023459622112291002,0.3341000578064441
intent_android.intent.action.DOWNLOAD_NOTIFY,0,0.08111449095651156,0.14964594048963517,520.2,116.7962328159603,"pearson_r, mutual_information, entropy_reduction_ratio",0.0,0.02583590568821984,0.0,0.0,0.37973654909433796
intent_com.evernote.android.job.ADD_JOB_CREATOR,0,0.08110346496495527,0.1496500150141864,520.4,116.45016101319912,"pearson_r, mutual_information, entropy_reduction_ratio",0.0,0.02578077573043833,0.0,0.0,0.37973654909433796
perm_com.google.android.gms.permission.ACTIVITY_RECOGNITION,0,0.0810715279413841,0.13949442966127232,307.0,343.54446582647785,"pearson_r, mutual_information, entropy_reduction_ratio",0.014149689532012212,0.030473486250382455,0.001058428547329962,0.0004737930157997586,0.35920224236139614
perm_android.Manifest.permission.READ_PHONE_NUMBERS,0,0.08106799890827462,0.14966314235767988,520.8,115.75906012057976,"pearson_r, mutual_information, entropy_reduction_ratio",0.0,0.025603445447035137,0.0,0.0,0.37973654909433796
perm_com.qihoo360.home.permission.WRITE_SETTINGS,0,0.08101876804055277,0.1496814183901192,521.0,115.41403727450141,"pearson_r, mutual_information, entropy_reduction_ratio",0.0,0.025357291108425876,0.0,0.0,0.37973654909433796
intent_com.qihoo360.daemon.pcdaemon.ACTION_START_OPERATE_AUTHOR,0,0.08097496750465319,0.14969773107920797,521.2,115.06937038152248,"pearson_r, mutual_information, entropy_reduction_ratio",0.0,0.02513828842892798,0.0,0.0,0.37973654909433796
perm_android.permission.READ_USER_DICTIONARY,0,0.08093060896945364,0.14761638297379795,351.0,264.63635426751176,"pearson_r, mutual_information, entropy_reduction_ratio",0.0006601071918241908,0.028574578940071173,5.0401359396664875e-05,2.1644412471566754e-05,0.3753463129435046
intent_com.qihoo.appstore.ACTION_CLEAR_BACKGROUND,0,0.08088020084386369,0.1497331944639999,521.4,114.72506264979766,"pearson_r, mutual_information, entropy_reduction_ratio",0.0,0.024664455124980496,0.0,0.0,0.37973654909433796
perm_xmpp.permission.ACCESS_API,0,0.08082868689068987,0.14975256902547177,521.6,114.38111732274693,"pearson_r, mutual_information, entropy_reduction_ratio",0.0,0.0244068853591114,0.0,0.0,0.37973654909433796
perm_com.android.broswer.permission.WRITE_HISTORY_BOOKMARKS,0,0.08081993748445411,0.14975586649764822,521.8,114.03753767948518,"pearson_r, mutual_information, entropy_reduction_ratio",0.0,0.024363138327932587,0.0,0.0,0.37973654909433796
intent_com.baidu.autoupdatesdk.ACTION_AS_DOWNLOAD_COMPLETE,0,0.08071860413082294,0.14979420061485454,522.0,113.69432703525713,"pearson_r, mutual_information, entropy_reduction_ratio",0.0,0.023856471559776726,0.0,0.0,0.37973654909433796
intent_com.excelliance.open.action.appstate,0,0.08069649264818475,0.1498026004635039,522.2,113.35148874187759,"pearson_r, mutual_information, entropy_reduction_ratio",0.0,0.023745914146585806,0.0,0.0,0.37973654909433796
perm_android.permission.ACCESS_MTK_MMHW,0,0.08069192002563641,0.14980433911026236,522.4,113.00902618817668,"pearson_r, mutual_information, entropy_reduction_ratio",0.0,0.0237230510338441,0.0,0.0,0.37973654909433796
perm_android.permission.READ_SOCIAL_STREAM,0,0.08065599815826095,0.14981801638687386,522.6,112.66694280045057,"pearson_r, mutual_information, entropy_reduction_ratio",0.0,0.023543441696966812,0.0,0.0,0.37973654909433796
intent_show_lock_forget_pwd,0,0.08064525092756566,0.1498221148554153,522.8,112.3252420429175,"pearson_r, mutual_information, entropy_reduction_ratio",0.0,0.02348970554349033,0.0,0.0,0.37973654909433796
intent_android.intent.action.RESPOND_VIA_MESSAGE,0,0.08064400806165534,0.14982258901542853,523.0,111.98392741817908,"pearson_r, mutual_information, entropy_reduction_ratio",0.0,0.023483491213938723,0.0,0.0,0.37973654909433796
intent_com.android.utils.hades.ACTION_INIT_COMMON_RES,0,0.08060526893086775,0.1498373881234024,523.2,111.64300246768714,"pearson_r, mutual_information, entropy_reduction_ratio",0.0,0.02328979556000083,0.0,0.0,0.37973654909433796
perm_android.permission.CHANGE_WIFI_MULTICAST_STATE,0,0.0806019377220623,0.14616086866496789,331.0,300.22891266498635,"pearson_r, mutual_information, entropy_reduction_ratio",0.0019843277604988615,0.028691805724504124,0.0001512040781899946,6.51986860505038e-05,0.372117152361068
perm_android.permission.BLUETOOTH_ADMIN,0,0.08051383503698734,0.1430075790215305,315.0,330.39673121869714,"pearson_r, mutual_information, entropy_reduction_ratio",0.006661738603824195,0.029456459984140607,0.0005040135939666487,0.0002204777525557658,0.3657264852504495
intent_com.morgoo.droidplugin.ACTION_SHORTCUT_PROXY_ZHUSHOU,0,0.08050592519568762,0.14987551575481087,523.4,111.30247077221601,"pearson_r, mutual_information, entropy_reduction_ratio",0.0,0.022793076884100177,0.0,0.0,0.37973654909433796
perm_android.permission.GET_DETAILED_TASKS,0,0.0805012432088201,0.14987731893802453,523.6,110.96233595234015,"pearson_r, mutual_information, entropy_reduction_ratio",0.0,0.022769666949762492,0.0,0.0,0.37973654909433796
perm_android.permission.ACCESS_WIFI_STATE.android.permission.READ_PHONE_STATE,0,0.08048097561889057,0.1498851311337397,523.8,110.62260166891757,"pearson_r, mutual_information, entropy_reduction_ratio",0.0,0.022668329000114902,0.0,0.0,0.37973654909433796
intent_com.esbook.receiver.CLICK_BOOK_UPDATE,0,0.08045013585960661,0.14989703864837337,524.0,110.28327162357853,"pearson_r, mutual_information, entropy_reduction_ratio",0.0,0.022514130203695137,0.0,0.0,0.37973654909433796
intent_com.excelliance.dualaid.action.notifystatus,0,0.08041374568949405,0.1499111206506468,524.6,109.26774455437433,"pearson_r, mutual_information, entropy_reduction_ratio",0.0,0.022332179353132312,0.0,0.0,0.37973654909433796
perm_android.permission.PERMISSION_NAME,0,0.08039151593947805,0.14991973969020997,524.8,108.93006931054437,"pearson_r, mutual_information, entropy_reduction_ratio",0.0,0.02222103060305229,0.0,0.0,0.37973654909433796
intent_org.android.agoo.client.MessageReceiverService,0,0.0803573457334352,0.1478240123241739,352.8,264.3886533117486,"pearson_r, mutual_information, entropy_reduction_ratio",0.0006601071918241908,0.025708262759978923,5.0401359396664875e-05,2.1644412471566754e-05,0.3753463129435046
intent_com.qihoo360.mobilesafe.pcdaemon.sms.cancel.default.smsreceive,0,0.0803562351627532,0.14993344499318156,525.0,108.59281744203895,"pearson_r, mutual_information, entropy_reduction_ratio",0.0,0.022044626719428004,0.0,0.0,0.37973654909433796
perm_android.permission.ACCESS_MOCK_LOCATION,0,0.08035559423692187,0.14993369426516104,525.2,108.25599290570477,"pearson_r, mutual_information, entropy_reduction_ratio",0.0,0.022041422090271393,0.0,0.0,0.37973654909433796
intent_com.excelliance.open.action.queryUpdate,0,0.08035288998211518,0.14993474613314753,525.4,107.91959970274166,"pearson_r, mutual_information, entropy_reduction_ratio",0.0,0.022027900816237976,0.0,0.0,0.37973654909433796
intent_com.qihoo.appstore.ACTION_WX_CLEAR,0,0.0803246864962127,0.1499457275676012,525.6,107.58364187923738,"pearson_r, mutual_information, entropy_reduction_ratio",0.0,0.02188688338672556,0.0,0.0,0.37973654909433796
perm_com.nd.android.launcher.permission.READ_SETTINGS,0,0.0803048824525837,0.14995345075783545,525.8,107.24812352670791,"pearson_r, mutual_information, entropy_reduction_ratio",0.0,0.021787863168580546,0.0,0.0,0.37973654909433796
intent_android.hardware.usb.action.USB_STATE,0,0.08029621273711307,0.14995683494477072,526.0,106.91304878264393,"pearson_r, mutual_information, entropy_reduction_ratio",0.0,0.021744514591227376,0.0,0.0,0.37973654909433796
intent_com.qihoo.appstore.videomini,0,0.08023531030166223,0.14998066230389012,526.2,106.57842183106297,"pearson_r, mutual_information, entropy_reduction_ratio",0.0,0.02144000241397319,0.0,0.0,0.37973654909433796
intent_com.android.deskclock.ALARM_SNOOZE,0,0.08022266238957826,0.14998562258017423,526.4,106.24424690306765,"pearson_r, mutual_information, entropy_reduction_ratio",0.0,0.021376762853553322,0.0,0.0,0.37973654909433796
intent_show_lock_app,0,0.08016980025556283,0.15000639852365757,526.8,105.57727028106002,"pearson_r, mutual_information, entropy_reduction_ratio",0.0,0.02111245218347625,0.0,0.0,0.37973654909433796
intent_com.qihoo.appstore.launcher.shortcut.HAOWU,0,0.08016256011248565,0.1500092496315366,527.0,105.24447728978467,"pearson_r, mutual_information, entropy_reduction_ratio",0.0,0.02107625146809029,0.0,0.0,0.37973654909433796
perm_android.hardware.camera.autofocus,0,0.08013026686936975,0.15002198280082363,527.4,104.58030407299455,"pearson_r, mutual_information, entropy_reduction_ratio",0.0,0.020914785252510754,0.0,0.0,0.37973654909433796
perm_android.permission.READ_CLIPS,0,0.08011037371668502,0.15002983993751018,527.6,104.2489328482551,"pearson_r, mutual_information, entropy_reduction_ratio",0.0,0.02081531948908713,0.0,0.0,0.37973654909433796
intent_com.getui.gtc.sdk.service.action,0,0.08005737723479966,0.15005082127305341,528.0,103.58764405082297,"pearson_r, mutual_information, entropy_reduction_ratio",0.0,0.02055033707966035,0.0,0.0,0.37973654909433796
perm_com.meizu.flyme.launcher.permission.WRITE_SETTINGS,0,0.08004569460824468,0.1500554561077601,528.2,103.25773578768808,"pearson_r, mutual_information, entropy_reduction_ratio",0.0,0.020491923946885413,0.0,0.0,0.37973654909433796
intent_com.qihoo.appstore.launcher.shortcut.WEBVIEW,0,0.08003718410558974,0.15005883466983608,528.4,102.92832457589115,"pearson_r, mutual_information, entropy_reduction_ratio",0.0,0.02044937143361073,0.0,0.0,0.37973654909433796
intent_com.qihoo.hongbao.LOGIN,0,0.08003327395676198,0.15006038757133075,528.6,102.59941520301176,"pearson_r, mutual_information, entropy_reduction_ratio",0.0,0.020429820689471887,0.0,0.0,0.37973654909433796
intent_com.qihoo.appstore.checkupdate.RESTART_ALL_DOWNLOAD,0,0.08001665279528399,0.15006699297431408,528.8,102.27101251087721,"pearson_r, mutual_information, entropy_reduction_ratio",0.0,0.02034671488208196,0.0,0.0,0.37973654909433796
perm_com.anddoes.launcher.permission.WRITE_SETTINGS,0,0.0800075523734475,0.1500706125623384,529.0,101.94312139619818,"pearson_r, mutual_information, entropy_reduction_ratio",0.0,0.02030121277289951,0.0,0.0,0.37973654909433796
perm_com.yulong2.android.launcher.permission.READ_SETTINGS,0,0.07999331971984731,0.15007627768707396,529.2,101.61574681121031,"pearson_r, mutual_information, entropy_reduction_ratio",0.0,0.020230049504898612,0.0,0.0,0.37973654909433796
perm_com.yulong.android.launcher.permission.READ_SETTINGS,0,0.07999123726642343,0.15007710701571889,529.4,101.28889376432146,"pearson_r, mutual_information, entropy_reduction_ratio",0.0,0.020219637237779226,0.0,0.0,0.37973654909433796
perm_android.permission.PERSISTENT_ACTIVITY,0,0.07987167263383757,0.1501249092316328,529.6,100.96256732076498,"pearson_r, mutual_information, entropy_reduction_ratio",0.0,0.019621814074849843,0.0,0.0,0.37973654909433796
intent_com.huawei.android.push.intent.REGISTRATION,0,0.07984581074947847,0.15013529697210995,529.8,100.63677260325869,"pearson_r, mutual_information, entropy_reduction_ratio",0.0,0.019492504653054358,0.0,0.0,0.37973654909433796
perm_com.google.android.googleapps.permission.GOOGLE_AUTH.adwords,0,0.07976280460504455,0.15016875289976112,530.0,100.31151479266974,"pearson_r, mutual_information, entropy_reduction_ratio",0.0,0.01907747393088479,0.0,0.0,0.37973654909433796
perm_com.tencent.qqlauncher.permission.WRITE_SETTINGS,0,0.07961852340828882,0.15022732481141648,530.6,99.33901549743686,"pearson_r, mutual_information, entropy_reduction_ratio",0.0,0.018356067947106165,0.0,0.0,0.37973654909433796
intent_com.qihoo.appstore.clipboard.change,0,0.07959083128543246,0.15023862739753627,531.0,98.69346482923781,"pearson_r, mutual_information, entropy_reduction_ratio",0.0,0.018217607332824327,0.0,0.0,0.37973654909433796
intent_com.punchbox.service,0,0.07955586301416918,0.15025292770692578,531.2,98.37154059991131,"pearson_r, mutual_information, entropy_reduction_ratio",0.0,0.018042765976507946,0.0,0.0,0.37973654909433796
perm_android.permission.DELETE_PACKAGES,0,0.07954748913136853,0.15025635684363212,531.4,98.05019122877833,"pearson_r, mutual_information, entropy_reduction_ratio",0.0,0.01800089656250468,0.0,0.0,0.37973654909433796
intent_download.service.action,0,0.07949070350951563,0.15027965794947834,531.8,97.40923980814141,"pearson_r, mutual_information, entropy_reduction_ratio",0.0,0.017716968453240237,0.0,0.0,0.37973654909433796
perm_net.qihoo.launcher.permission.READ_SETTINGS,0,0.07948831667896573,0.15028063914914683,532.0,97.08964929383563,"pearson_r, mutual_information, entropy_reduction_ratio",0.0,0.017705034300490696,0.0,0.0,0.37973654909433796
perm_android.permission.CALL_PHONE,0,0.079462830091716,0.13890009381191656,314.4,350.0060570904452,"pearson_r, mutual_information, entropy_reduction_ratio",0.0176107534512815,0.021032189668709938,0.0013104353443132866,0.000592882820504639,0.3567678891737706
intent_com.umeng.message.enablecallback.action,0,0.07946106050465616,0.14816583364640337,358.8,263.9161988207621,"pearson_r, mutual_information, entropy_reduction_ratio",0.0006601071918241908,0.021226836616083808,5.0401359396664875e-05,2.1644412471566754e-05,0.3753463129435046
intent_com.qihoo.appstore.notification.notify_action,0,0.07945107184760149,0.1502959689002089,532.2,96.77065670956254,"pearson_r, mutual_information, entropy_reduction_ratio",0.0,0.017518810143669458,0.0,0.0,0.37973654909433796
intent_show_taskmanagerwhitelist,0,0.07939229902216803,0.15032023134842576,532.6,96.13448912851204,"pearson_r, mutual_information, entropy_reduction_ratio",0.0,0.017224946016502218,0.0,0.0,0.37973654909433796
perm_android.permission.READ_INTERNAL_STORAGE,0,0.07934268728867451,0.14662904926358974,336.8,300.02793203300257,"pearson_r, mutual_information, entropy_reduction_ratio",0.0019843277604988615,0.022395553557565145,0.0001512040781899946,6.51986860505038e-05,0.372117152361068
intent_com.urbanairship.push.RECEIVED,0,0.07934062605009853,0.14662984985396638,337.0,300.0289985984688,"pearson_r, mutual_information, entropy_reduction_ratio",0.0019843277604988615,0.02238524736468534,0.0001512040781899946,6.51986860505038e-05,0.372117152361068
intent_com.adroid.SERVICE,0,0.07925673852556141,0.1503765285333105,533.2,95.18487274772184,"pearson_r, mutual_information, entropy_reduction_ratio",0.0,0.01654714353346907,0.0,0.0,0.37973654909433796
perm_,0,0.07917702533261134,0.15040985112216856,533.4,94.86959470768282,"pearson_r, mutual_information, entropy_reduction_ratio",0.0,0.01614857756871876,0.0,0.0,0.37973654909433796
perm_android.permission.VIBRATE,0,0.07911160639714912,0.148958613907059,372.4,246.0736475122844,"pearson_r, mutual_information, entropy_reduction_ratio",0.00016283838892582284,0.018688251702681843,1.7143319522675125e-05,1.049605436224772e-05,0.37667930252025306
intent_com.amir.nightjar.service.CONFIG_SERVICES,0,0.0790619783091023,0.150458229181679,533.6,94.554957564371,"pearson_r, mutual_information, entropy_reduction_ratio",0.0,0.015573342451173542,0.0,0.0,0.37973654909433796
intent_com.kingroot.common.ACTION_NEW_APP_STARTED,0,0.07905494428817053,0.15046119794546223,533.8,94.2409677369667,"pearson_r, mutual_information, entropy_reduction_ratio",0.0,0.015538172346514657,0.0,0.0,0.37973654909433796
perm_android.Manifest.permission.READ_SMS,0,0.07903057399752113,0.15047149333749063,534.0,93.92763171718958,"pearson_r, mutual_information, entropy_reduction_ratio",0.0,0.015416320893267669,0.0,0.0,0.37973654909433796
intent_com.kingroot.kinguser.action.update,0,0.07898779597259145,0.1504896016715524,534.2,93.61495607006394,"pearson_r, mutual_information, entropy_reduction_ratio",0.0,0.015202430768619319,0.0,0.0,0.37973654909433796
intent_com.qihoo.appstore.stablenotification.NewsBroadcastReceiver,0,0.07893741359635179,0.1505109885733744,534.4,93.30294743468718,"pearson_r, mutual_information, entropy_reduction_ratio",0.0,0.014950518887420983,0.0,0.0,0.37973654909433796
intent_android.intent.action.ERROR_NOTIFY,0,0.07886443010806185,0.1505420836884294,534.8,92.68095813056748,"pearson_r, mutual_information, entropy_reduction_ratio",0.0,0.01458560144597125,0.0,0.0,0.37973654909433796
intent_com.igexin.sdk.action.user.message,0,0.07885973597595687,0.15054408827987956,535.0,92.37099111734159,"pearson_r, mutual_information, entropy_reduction_ratio",0.0,0.014562130785446407,0.0,0.0,0.37973654909433796
intent_android.intent.action.ACTION_PACKAGE_ADDED,0,0.07884410295232694,0.150550768266218,535.2,92.0617184284543,"pearson_r, mutual_information, entropy_reduction_ratio",0.0,0.014483965667296721,0.0,0.0,0.37973654909433796
perm_me.everything.badger.permission.BADGE_COUNT_WRITE,0,0.07881834906609365,0.150561786406466,535.4,91.75314708499104,"pearson_r, mutual_information, entropy_reduction_ratio",0.0,0.014355196236130323,0.0,0.0,0.37973654909433796
intent_safiap.framework.ACTION_CANCEL_NOTIFICATION,0,0.07881513650689367,0.1505631619971426,535.6,91.44528418677477,"pearson_r, mutual_information, entropy_reduction_ratio",0.0,0.014339133440130354,0.0,0.0,0.37973654909433796
intent_android.intent.action.PACKAGE_CHANGED,0,0.07880594938686715,0.15056709728804799,535.8,91.1381369131496,"pearson_r, mutual_information, entropy_reduction_ratio",0.0,0.014293197839997777,0.0,0.0,0.37973654909433796
perm_com.excelliance.dualaid.assist,0,0.07868834442673911,0.15061766214027467,536.0,90.83171252376562,"pearson_r, mutual_information, entropy_reduction_ratio",0.0,0.013705173039357569,0.0,0.0,0.37973654909433796
intent_show_lock,0,0.07868445318514247,0.15061934118700737,536.2,90.52601835936451,"pearson_r, mutual_information, entropy_reduction_ratio",0.0,0.013685716831374442,0.0,0.0,0.37973654909433796
intent_com.sogou.androidtool.action.BackgroundService,0,0.07865565959578619,0.1506317773570298,536.4,90.22106184256535,"pearson_r, mutual_information, entropy_reduction_ratio",0.0,0.013541748884592957,0.0,0.0,0.37973654909433796
intent_com.excelliance.kxqp.action.launcher,0,0.07861683112762219,0.15064858089990665,536.8,89.61339185635147,"pearson_r, mutual_information, entropy_reduction_ratio",0.0,0.013347606543773005,0.0,0.0,0.37973654909433796
perm_android.permission.BACKUP,0,0.07858971635269883,0.1506603378088202,537.0,89.31069364863313,"pearson_r, mutual_information, entropy_reduction_ratio",0.0,0.013212032669156208,0.0,0.0,0.37973654909433796
perm_android.permission.BROADCAST_PACKAGE_REPLACED,0,0.07855931908121677,0.14853077537802395,365.2,264.0131814891067,"pearson_r, mutual_information, entropy_reduction_ratio",0.0006601071918241908,0.0167181294988868,5.0401359396664875e-05,2.1644412471566754e-05,0.3753463129435046
intent_android.intent.action.MEDIA_REMOVED,0,0.07855655904270308,0.1506747400281349,537.2,89.00876361347797,"pearson_r, mutual_information, entropy_reduction_ratio",0.0,0.013046246119177445,0.0,0.0,0.37973654909433796
intent_safiap.framework.ACTION_TO_INSTALL,0,0.07854560160737219,0.15067950561653146,537.6,88.407239522564,"pearson_r, mutual_information, entropy_reduction_ratio",0.0,0.012991458942522972,0.0,0.0,0.37973654909433796
perm_android.permission.ACCESS_DOWNLOAD_MANAGER_ADVANCED,0,0.07847869225381686,0.1507086715849684,537.8,88.10766141488492,"pearson_r, mutual_information, entropy_reduction_ratio",0.0,0.012656912174746347,0.0,0.0,0.37973654909433796
perm_android.permission.PACKAGE_USAGE_STATS,0,0.07847691018667373,0.14638687494449373,338.0,310.3552802837419,"pearson_r, mutual_information, entropy_reduction_ratio",0.002648451969100119,0.018517821745921034,0.0002016054375866595,8.710880475882638e-05,0.370929562976002
perm_android.permission.FLASHLIGHT,0,0.07845785958179426,0.14698294653371555,344.2,300.4223027672879,"pearson_r, mutual_information, entropy_reduction_ratio",0.0019843277604988615,0.01797141502316392,0.0001512040781899946,6.51986860505038e-05,0.372117152361068
perm_android.permission.FORCE_STOP_PACKAGES,0,0.07843110173368098,0.15072948529016067,538.0,87.80888337748065,"pearson_r, mutual_information, entropy_reduction_ratio",0.0,0.012418959574066891,0.0,0.0,0.37973654909433796
perm_android.permission.DEVICE_POWER,0,0.07843065728037188,0.14768748430291329,352.5,287.53521523458653,"pearson_r, mutual_information, entropy_reduction_ratio",0.0013215479788425014,0.01716597166534936,0.00010080271879332975,4.3376991024155974e-05,0.3735215870478501
intent_android.net.VpnService,0,0.07841897396284578,0.14641064916451882,338.4,310.39626286410083,"pearson_r, mutual_information, entropy_reduction_ratio",0.002648451969100119,0.018228140626781263,0.0002016054375866595,8.710880475882638e-05,0.370929562976002
intent_com.qihoo.appstore.PACKAGE_ADDED,0,0.07833414812365372,0.15077206494182788,538.2,87.51091360510414,"pearson_r, mutual_information, entropy_reduction_ratio",0.0,0.011934191523930592,0.0,0.0,0.37973654909433796
perm_android.permission.CLEAR_APP_USER_DATA,0,0.07831581530720613,0.1507801429486799,538.4,87.21376038217822,"pearson_r, mutual_information, entropy_reduction_ratio",0.0,0.011842527441692646,0.0,0.0,0.37973654909433796
intent_com.qihoo360.mobilesafe.pcdaemon.sms.restore.end,0,0.07822725235467624,0.15081928597658212,538.8,86.62193717529065,"pearson_r, mutual_information, entropy_reduction_ratio",0.0,0.011399712679043281,0.0,0.0,0.37973654909433796
intent_com.sogou.androidtool.action.appdetail,0,0.07822188653082045,0.1508216639189064,539.0,86.32728421536264,"pearson_r, mutual_information, entropy_reduction_ratio",0.0,0.011372883559764317,0.0,0.0,0.37973654909433796
perm_android.permission.BROADCAST_SMS,0,0.07820423261455255,0.15082949263095952,539.2,86.03348185445013,"pearson_r, mutual_information, entropy_reduction_ratio",0.0,0.011284613978424807,0.0,0.0,0.37973654909433796
intent_android.intent.action.NEW_OUTGOING_CALL,0,0.07818433754630752,0.14598629279963815,336.2,318.3054507858764,"pearson_r, mutual_information, entropy_reduction_ratio",0.0033139260700814945,0.017366547154306942,0.0002520067969833244,0.0001091093859404944,0.3698800983242253
intent_android.intent.action.UMS_CONNECTED,0,0.07817495537524397,0.15084249308241407,539.4,85.74053883665532,"pearson_r, mutual_information, entropy_reduction_ratio",0.0,0.011138227781881869,0.0,0.0,0.37973654909433796
intent_android.intent.action.ANY_DATA_STATE,0,0.07812672054844876,0.15086395870320043,539.6,85.44846400023818,"pearson_r, mutual_information, entropy_reduction_ratio",0.0,0.010897053647905837,0.0,0.0,0.37973654909433796
perm_com.android.launcher2.permission.READ_SETTINGS,0,0.07809730090623773,0.1508770799132682,539.8,85.15726627833939,"pearson_r, mutual_information, entropy_reduction_ratio",0.0,0.010749955436850714,0.0,0.0,0.37973654909433796
perm_com.huawei.authentication.HW_ACCESS_AUTH_SERVICE,0,0.07797741913190435,0.1509307727677064,540.0,84.8669546996945,"pearson_r, mutual_information, entropy_reduction_ratio",0.0,0.010150546565183846,0.0,0.0,0.37973654909433796
perm_android.permission.RUN_INSTRUMENTATION,0,0.07790420493081444,0.14880905217540843,368.8,264.3402353029141,"pearson_r, mutual_information, entropy_reduction_ratio",0.0006601071918241908,0.013442558746875175,5.0401359396664875e-05,2.1644412471566754e-05,0.3753463129435046
intent_com.tencent.android.tpush.action.PUSH_MESSAGE,0,0.07789495950664825,0.15096791488129024,540.4,84.28902656929904,"pearson_r, mutual_information, entropy_reduction_ratio",0.0,0.009738248438903294,0.0,0.0,0.37973654909433796
intent_com.excelliance.open.action.gameverchk,0,0.0778668530824682,0.15098061387593043,540.6,84.00142855928107,"pearson_r, mutual_information, entropy_reduction_ratio",0.0,0.009597716318003036,0.0,0.0,0.37973654909433796
intent_android.settings.ADD_ACCOUNT_SETTINGS,0,0.0778282539628829,0.15099808602452164,540.8,83.71475377733606,"pearson_r, mutual_information, entropy_reduction_ratio",0.0,0.009404720720076516,0.0,0.0,0.37973654909433796
intent_android.intent.action.SENT_SMS_ACTION,0,0.07780235901234113,0.15100982853205655,541.0,83.42901174052105,"pearson_r, mutual_information, entropy_reduction_ratio",0.0,0.009275245967367661,0.0,0.0,0.37973654909433796
perm_com.google.android.googleapps.permission.GOOGLE_AUTH.grandcentral,0,0.07779237502757907,0.15101436044067396,541.2,83.14421206554309,"pearson_r, mutual_information, entropy_reduction_ratio",0.0,0.009225326043557396,0.0,0.0,0.37973654909433796
intent_ACTION.TAPCORE.SYNC,0,0.07776010644507404,0.15102902485054318,541.6,82.57747876994065,"pearson_r, mutual_information, entropy_reduction_ratio",0.0,0.009063983131032231,0.0,0.0,0.37973654909433796
intent_com.qihoo.commonreceiver.CLEARED,0,0.07773111621045561,0.15104222172129655,541.8,82.29556488657211,"pearson_r, mutual_information, entropy_reduction_ratio",0.0,0.008919031957940107,0.0,0.0,0.37973654909433796
intent_show_moresetting,0,0.07769793319310267,0.15105735312167876,542.2,81.73469275650335,"pearson_r, mutual_information, entropy_reduction_ratio",0.0,0.008753116871175427,0.0,0.0,0.37973654909433796
intent_com.qihoo.appstore.ACTION_CLEAN_STOP_SERVICE,0,0.07767205917884432,0.1510691708069754,542.4,81.45575486115146,"pearson_r, mutual_information, entropy_reduction_ratio",0.0,0.008623746799883609,0.0,0.0,0.37973654909433796
perm_com.smartisanos.launcher.WRITE_DATABASE,0,0.07765081396179621,0.15107888689856933,542.6,81.1778294856422,"pearson_r, mutual_information, entropy_reduction_ratio",0.0,0.008517520714643125,0.0,0.0,0.37973654909433796
intent_com.esbook.receiver.CLICK_DOWN_BOOK,0,0.07762379004138574,0.15109126213288657,542.8,80.90092706514555,"pearson_r, mutual_information, entropy_reduction_ratio",0.0,0.008382401112590743,0.0,0.0,0.37973654909433796
intent_com.huawei.intent.action.PUSH_STATE,0,0.07761060250821852,0.15109730783431866,543.0,80.62505813951392,"pearson_r, mutual_information, entropy_reduction_ratio",0.0,0.008316463446754683,0.0,0.0,0.37973654909433796
intent_pushy.me,0,0.07757589612711865,0.1511132394944497,543.2,80.35023335373707,"pearson_r, mutual_information, entropy_reduction_ratio",0.0,0.008142931541255278,0.0,0.0,0.37973654909433796
intent_com.baidu.action.Xshield.VIEW,0,0.07752933606362035,0.15113465991738945,543.6,79.8037593099473,"pearson_r, mutual_information, entropy_reduction_ratio",0.0,0.007910131223763765,0.0,0.0,0.37973654909433796
perm_android.permission.STOP_APP_SWITCHES,0,0.07751010935975394,0.15114352120643235,543.8,79.53213187133863,"pearson_r, mutual_information, entropy_reduction_ratio",0.0,0.007813997704431764,0.0,0.0,0.37973654909433796
intent_com.igexin.sdk.action.pushmanager,0,0.07747098803760158,0.15116158021357254,544.0,79.26159221211746,"pearson_r, mutual_information, entropy_reduction_ratio",0.0,0.0076183910936699125,0.0,0.0,0.37973654909433796
perm_android.permission.SET_WALLPAPER,0,0.07746858759074196,0.13481177661619073,388.9,396.3680612763849,"pearson_r, entropy_reduction_ratio, chi2_stat",0.037699404266112076,0.0,0.002721673407419903,0.0013099139794155489,0.34561194630076225
intent_android.accessibilityservice.AccessibilityService,0,0.07740963853953797,0.151189977284309,544.4,78.72382104547518,"pearson_r, mutual_information, entropy_reduction_ratio",0.0,0.007311643603351897,0.0,0.0,0.37973654909433796
intent_android.intent.action.BATTERY_CHANGED,0,0.07740209780540709,0.151193474195702,544.6,78.45661221337562,"pearson_r, mutual_information, entropy_reduction_ratio",0.0,0.007273939932697502,0.0,0.0,0.37973654909433796
perm_android.permission.BIND_ACCESSIBILITY_SERVICE,0,0.07739540883309545,0.15119657730566638,544.8,78.19053651178,"pearson_r, mutual_information, entropy_reduction_ratio",0.0,0.007240495071139337,0.0,0.0,0.37973654909433796
intent_com.sogou.androidtool.action.topicdetail,0,0.07734518029350261,0.1512199148204368,545.0,77.92560554785571,"pearson_r, mutual_information, entropy_reduction_ratio",0.0,0.006989352373175087,0.0,0.0,0.37973654909433796
perm_android.permission.BATTERY_STATS,0,0.07731670329801228,0.14635758961473921,341.2,319.1337650578515,"pearson_r, mutual_information, entropy_reduction_ratio",0.0033139260700814945,0.013028375912830781,0.0002520067969833244,0.0001091093859404944,0.3698800983242253
intent_action_send_cancel,0,0.07730450256367911,0.15123886103687204,545.2,77.66183103687422,"pearson_r, mutual_information, entropy_reduction_ratio",0.0,0.006785963724057592,0.0,0.0,0.37973654909433796
intent_io.intercom.android.sdk.INTERCOM_PUSH_DISMISSED,0,0.07724909131540823,0.15126473617430702,545.4,77.39922480231957,"pearson_r, mutual_information, entropy_reduction_ratio",0.0,0.006508907482703209,0.0,0.0,0.37973654909433796
intent_org.agoo.android.intent.action.PING_V4,0,0.07722804054863726,0.15127458627490684,545.6,77.13779877595678,"pearson_r, mutual_information, entropy_reduction_ratio",0.0,0.006403653648848332,0.0,0.0,0.37973654909433796
intent_com.android.utils.hades.ACTION_REGISTER_IMPLICIT_RECEIVERS,0,0.07721800160230849,0.15127928761137036,545.8,76.87756499785877,"pearson_r, mutual_information, entropy_reduction_ratio",0.0,0.006353458917204534,0.0,0.0,0.37973654909433796
suspicious_system/bin/su,0,0.07719543427012375,0.1540762443664199,271.5,241.6476774148678,"pearson_r, entropy_reduction_ratio, chi2_stat",0.0005218596098517696,0.0,7.226738694268337e-05,3.535467463592796e-05,0.38534768967918837
intent_cn.uc.gamesdk.sdkweb,0,0.07718043031155437,0.15129690496267936,546.2,76.36072288814452,"pearson_r, mutual_information, entropy_reduction_ratio",0.0,0.006165602463433883,0.0,0.0,0.37973654909433796
intent_com.qihoo.appstore.ACTION_CHARGE_SHOW_TIPS_DLG,0,0.07715856055404172,0.15130717603128044,546.4,76.10413917783973,"pearson_r, mutual_information, entropy_reduction_ratio",0.0,0.006056253675870591,0.0,0.0,0.37973654909433796
intent_com.qihoo.appstore.ACTION_CLEAN_START_SERVICE,0,0.07714435212729231,0.1513138553798575,546.6,75.8487969581588,"pearson_r, mutual_information, entropy_reduction_ratio",0.0,0.005985211542123628,0.0,0.0,0.37973654909433796
intent_com.qihoo.express.push.MSG_ARRIVED,0,0.07713280205286129,0.15131928875815445,546.8,75.59470880954566,"pearson_r, mutual_information, entropy_reduction_ratio",0.0,0.005927461169968432,0.0,0.0,0.37973654909433796
intent_qihu360.intent.action.EXPORT_STAT,0,0.07712951271355142,0.15132083673640725,547.0,75.34188741994721,"pearson_r, mutual_information, entropy_reduction_ratio",0.0,0.005911014473419119,0.0,0.0,0.37973654909433796
perm_android.permission.READ_EXTERNAL_STORAGE,0,0.07709639650323523,0.13038640223548228,323.0,356.7839682496959,"pearson_r, entropy_reduction_ratio, mutual_information",0.03263975147942079,0.011475134498426109,0.002382496912406519,0.0020641757764383382,0.3369204238494844
intent_com.sogou.androidtool.action.specialdetail,0,0.07705525440401188,0.15135585491934914,547.6,74.59115229033534,"pearson_r, mutual_information, entropy_reduction_ratio",0.0,0.0055397229257214695,0.0,0.0,0.37973654909433796
perm_android.permission.BROADCAST_PACKAGE_INSTALL,0,0.0770337520291793,0.14919579892305704,373.6,265.0800633770861,"pearson_r, mutual_information, entropy_reduction_ratio",0.0006601071918241908,0.009090294238699406,5.0401359396664875e-05,2.1644412471566754e-05,0.3753463129435046
perm_com.facebook.katana.provider.ACCESS,0,0.07698851758359812,0.14921642459929663,374.2,265.19683256027025,"pearson_r, mutual_information, entropy_reduction_ratio",0.0006601071918241908,0.008864122010793524,5.0401359396664875e-05,2.1644412471566754e-05,0.3753463129435046
perm_org.adw.launcher.permission.WRITE_SETTINGS,0,0.07695282850198276,0.15140438193219574,547.8,74.34352695426819,"pearson_r, mutual_information, entropy_reduction_ratio",0.0,0.0050275934155758215,0.0,0.0,0.37973654909433796
intent_com.excelliance.dualaid.action.downloadcomp,0,0.0769283363737086,0.151416024488478,548.0,74.09723341663978,"pearson_r, mutual_information, entropy_reduction_ratio",0.0,0.004905132774205077,0.0,0.0,0.37973654909433796
perm_com.qihoo.appstore.rtservice.ACCESS_RTSERVICE,0,0.0769180792085272,0.15142090476722672,548.2,73.85228500188738,"pearson_r, mutual_information, entropy_reduction_ratio",0.0,0.0048538469482979915,0.0,0.0,0.37973654909433796
perm_com.ebproductions.android.launcher.permission.READ_SETTINGS,0,0.07690234183857554,0.15142839758166737,548.4,73.60869513855003,"pearson_r, mutual_information, entropy_reduction_ratio",0.0,0.004775160098539716,0.0,0.0,0.37973654909433796
intent_wifi.intent.action.SDK_RESULT,0,0.07689923898676067,0.1514298756275518,548.6,73.36647735853208,"pearson_r, mutual_information, entropy_reduction_ratio",0.0,0.004759645839465392,0.0,0.0,0.37973654909433796
intent_com.qihoo.appstore.LitePluginDownload,0,0.07686579906255833,0.1514458199837275,548.8,73.12564529629806,"pearson_r, mutual_information, entropy_reduction_ratio",0.0,0.004592446218453692,0.0,0.0,0.37973654909433796
intent_android.bluetooth.adapter.action.STATE_CHANGED,0,0.0768259718412762,0.14929096997329808,375.6,265.4901881426129,"pearson_r, mutual_information, entropy_reduction_ratio",0.0006601071918241908,0.008051393299183963,5.0401359396664875e-05,2.1644412471566754e-05,0.3753463129435046
intent_com.datouniao.AdPublisher.service.check,0,0.0768150141859751,0.15147008778490637,549.0,72.88621268799744,"pearson_r, mutual_information, entropy_reduction_ratio",0.0,0.00433852183553753,0.0,0.0,0.37973654909433796
intent_qcast.service.Link_service,0,0.07677793825228282,0.15148784525273287,549.2,72.6481933705168,"pearson_r, mutual_information, entropy_reduction_ratio",0.0,0.004153142167076158,0.0,0.0,0.37973654909433796
intent_com.meizu.flyme.push.intent.MESSAGE,0,0.07674643634197968,0.1515029599328722,549.4,72.41160128045782,"pearson_r, mutual_information, entropy_reduction_ratio",0.0,0.003995632615560457,0.0,0.0,0.37973654909433796
perm_com.huawei.launcher3.permission.WRITE_SETTINGS,0,0.0767251836726991,0.1515131709544364,549.6,72.17645045303904,"pearson_r, mutual_information, entropy_reduction_ratio",0.0,0.0038893692691574925,0.0,0.0,0.37973654909433796
perm_com.qihoo360.launcher.permission.READ_SETTINGS,0,0.07668374160989758,0.15153311445105314,549.8,71.94275502091924,"pearson_r, mutual_information, entropy_reduction_ratio",0.0,0.003682158955149971,0.0,0.0,0.37973654909433796
perm_android.permission.ACCESS_WIMAX_STATE,0,0.07657840397247327,0.151583999115334,550.0,71.71052921294054,"pearson_r, mutual_information, entropy_reduction_ratio",0.0,0.00315547076802839,0.0,0.0,0.37973654909433796
intent_com.qihoo.appstore.ACTION_START_RADICALROOT,0,0.07650999179029461,0.151617194126752,550.2,71.47978735278946,"pearson_r, mutual_information, entropy_reduction_ratio",0.0,0.0028134098571350502,0.0,0.0,0.37973654909433796
intent_com.excelliance.kxqp.action.SmtCntService,0,0.07637442428771374,0.15168331744850216,550.6,71.0228132363116,"pearson_r, mutual_information, entropy_reduction_ratio",0.0,0.002135572344230732,0.0,0.0,0.37973654909433796
intent_android.intent.action.DELETE,0,0.07634763647710413,0.15169643718671094,550.8,70.79661008833686,"pearson_r, mutual_information, entropy_reduction_ratio",0.0,0.002001633291182697,0.0,0.0,0.37973654909433796
intent_android.intent.action,0,0.07632431125339931,0.1517078755560097,551.0,70.57194910160835,"pearson_r, mutual_information, entropy_reduction_ratio",0.0,0.0018850071726585719,0.0,0.0,0.37973654909433796
intent_com.kingroot.kinguser.ACTION_MAIN_START_CHECK,0,0.07630880099317296,0.15171548903768903,551.2,70.34884505093173,"pearson_r, mutual_information, entropy_reduction_ratio",0.0,0.0018074558715267908,0.0,0.0,0.37973654909433796
intent_com.qihoo.commonservice.SERVICE,0,0.07629376870156765,0.15172287358771586,551.4,70.12731279608538,"pearson_r, mutual_information, entropy_reduction_ratio",0.0,0.0017322944135003083,0.0,0.0,0.37973654909433796
intent_com.excelliance.kxqp.action.gp,0,0.07628065180821944,0.15172932177973322,551.6,69.90736727985112,"pearson_r, mutual_information, entropy_reduction_ratio",0.0,0.0016667099467591905,0.0,0.0,0.37973654909433796
intent_com.huawei.intent.action.PUSH,0,0.07626717373007337,0.15173595196739162,551.8,69.68902352594704,"pearson_r, mutual_information, entropy_reduction_ratio",0.0,0.0015993195560288556,0.0,0.0,0.37973654909433796
intent_com.morgoo.droidplugin.ACTION_SHORTCUT_PROXY,0,0.07625349807929459,0.15174268394403878,552.0,69.47229663686093,"pearson_r, mutual_information, entropy_reduction_ratio",0.0,0.001530941302134967,0.0,0.0,0.37973654909433796
perm_com.samsung.android.providers.context.permission.WRITE_USE_APP_FEATURE_SURVEY,0,0.07624820155747142,0.1486541637463188,365.7,290.04458277995815,"pearson_r, mutual_information, entropy_reduction_ratio",0.0013215479788425014,0.006253693050846997,0.00010080271879332975,4.3376991024155974e-05,0.3735215870478501
perm_android.permission.GET_CLIPS,0,0.07622086436742999,0.15175876692683143,552.4,69.04375424323334,"pearson_r, mutual_information, entropy_reduction_ratio",0.0,0.0013677727428119744,0.0,0.0,0.37973654909433796
perm_com.fx.launcher.permission.WRITE_SETTINGS,0,0.07621134378009198,0.1517634639579347,552.6,68.83196931659009,"pearson_r, mutual_information, entropy_reduction_ratio",0.0,0.0013201698061219252,0.0,0.0,0.37973654909433796
perm_com.google.android.googleapps.permission.GOOGLE_AUTH.YouTubeUser,0,0.07620383402078726,0.15176717051944558,552.8,68.62186240550457,"pearson_r, mutual_information, entropy_reduction_ratio",0.0,0.0012826210095983719,0.0,0.0,0.37973654909433796
perm_com.android.browser.permission.WRITE_HISTORY_BOOKMARKS,0,0.07615825323077455,0.14869661912686363,367.1,290.4502367015734,"pearson_r, mutual_information, entropy_reduction_ratio",0.0013215479788425014,0.005803951417362648,0.00010080271879332975,4.3376991024155974e-05,0.3735215870478501
intent_android.intent.action.CHECK_RECEIVER,0,0.07613589556297867,0.15180076604995418,553.0,68.41344897021345,"pearson_r, mutual_information, entropy_reduction_ratio",0.0,0.0009429287205553894,0.0,0.0,0.37973654909433796
perm_com.sonyericsson.home.READ_SETTINGS,0,0.07613043570701684,0.15180347090277493,553.2,68.20674453453998,"pearson_r, mutual_information, entropy_reduction_ratio",0.0,0.0009156294407462604,0.0,0.0,0.37973654909433796
intent_com.qihoo.appstore.open.wallet,0,0.07613021387271825,0.15180358081670559,553.4,68.00176468298451,"pearson_r, mutual_information, entropy_reduction_ratio",0.0,0.000914520269253265,0.0,0.0,0.37973654909433796
perm_com.huawei.launcher3.permission.READ_SETTINGS,0,0.07610877463149786,0.15181420922343128,553.6,67.79852505770313,"pearson_r, mutual_information, entropy_reduction_ratio",0.0,0.0008073240631512929,0.0,0.0,0.37973654909433796
intent_com.qihoo.appstore.free.wifi,0,0.07609968144819508,0.1518187205606267,553.8,67.59704135537295,"pearson_r, mutual_information, entropy_reduction_ratio",0.0,0.0007618581466374519,0.0,0.0,0.37973654909433796
perm_android.permission.MANAGE_DEVICE_ADMINS,0,0.07600195353076311,0.15186733464705068,554.2,67.19940475926852,"pearson_r, mutual_information, entropy_reduction_ratio",0.0,0.0002732185594775957,0.0,0.0,0.37973654909433796
perm_android.permission.WRITE_SMS,0,0.07594730981886759,0.15189461963773518,605.5,90.83171252376562,"pearson_r, entropy_reduction_ratio, mutual_information",0.0,0.0,0.0,0.0,0.37973654909433796
perm_android.permission.WRITE_APN_SETTINGS,0,0.07594730981886759,0.15189461963773518,605.5,90.83171252376562,"pearson_r, entropy_reduction_ratio, mutual_information",0.0,0.0,0.0,0.0,0.37973654909433796
perm_android.permission.READ_SETTINGS,0,0.07594730981886759,0.15189461963773518,605.5,90.83171252376562,"pearson_r, entropy_reduction_ratio, mutual_information",0.0,0.0,0.0,0.0,0.37973654909433796
perm_android.permission.ACCESS_CACHE_FILESYSTEM,0,0.07594730981886759,0.15189461963773518,605.5,90.83171252376562,"pearson_r, entropy_reduction_ratio, mutual_information",0.0,0.0,0.0,0.0,0.37973654909433796
perm_android.permission.RECEIVE_MMS,0,0.07594730981886759,0.15189461963773518,605.5,90.83171252376562,"pearson_r, entropy_reduction_ratio, mutual_information",0.0,0.0,0.0,0.0,0.37973654909433796
perm_android.permission.GET_PACKAGE_SIZE,0,0.07594730981886759,0.15189461963773518,605.5,90.83171252376562,"pearson_r, entropy_reduction_ratio, mutual_information",0.0,0.0,0.0,0.0,0.37973654909433796
perm_com.android.launcher.permission.WRITE_SETTINGS,0,0.07594730981886759,0.15189461963773518,605.5,90.83171252376562,"pearson_r, entropy_reduction_ratio, mutual_information",0.0,0.0,0.0,0.0,0.37973654909433796
perm_android.permission.INSTALL_PACKAGES,0,0.07594730981886759,0.15189461963773518,605.5,90.83171252376562,"pearson_r, entropy_reduction_ratio, mutual_information",0.0,0.0,0.0,0.0,0.37973654909433796
perm_android.webkit.permission.PLUGIN,0,0.07594730981886759,0.15189461963773518,605.5,90.83171252376562,"pearson_r, entropy_reduction_ratio, mutual_information",0.0,0.0,0.0,0.0,0.37973654909433796
perm_android.permission.WRITE_SECURE_SETTINGS,0,0.07594730981886759,0.15189461963773518,605.5,90.83171252376562,"pearson_r, entropy_reduction_ratio, mutual_information",0.0,0.0,0.0,0.0,0.37973654909433796
intent_android.provider.Telephony.WAP_PUSH_DELIVER,0,0.07594730981886759,0.15189461963773518,605.5,90.83171252376562,"pearson_r, entropy_reduction_ratio, mutual_information",0.0,0.0,0.0,0.0,0.37973654909433796
perm_com.bbk.launcher2.permission.READ_SETTINGS,0,0.07594730981886759,0.15189461963773518,605.5,90.83171252376562,"pearson_r, entropy_reduction_ratio, mutual_information",0.0,0.0,0.0,0.0,0.37973654909433796
perm_cn.nubia.launcher.permission.READ_SETTINGS,0,0.07594730981886759,0.15189461963773518,605.5,90.83171252376562,"pearson_r, entropy_reduction_ratio, mutual_information",0.0,0.0,0.0,0.0,0.37973654909433796
perm_android.permission.SAMSUNG_TUNTAP,0,0.07594730981886759,0.15189461963773518,605.5,90.83171252376562,"pearson_r, entropy_reduction_ratio, mutual_information",0.0,0.0,0.0,0.0,0.37973654909433796
perm_com.sec.android.app.twlauncher.settings.READ_SETTINGS,0,0.07594730981886759,0.15189461963773518,605.5,90.83171252376562,"pearson_r, entropy_reduction_ratio, mutual_information",0.0,0.0,0.0,0.0,0.37973654909433796
perm_org.adwfreak.launcher.permission.READ_SETTINGS,0,0.07594730981886759,0.15189461963773518,605.5,90.83171252376562,"pearson_r, entropy_reduction_ratio, mutual_information",0.0,0.0,0.0,0.0,0.37973654909433796
perm_com.huawei.launcher2.permission.READ_SETTINGS,0,0.07594730981886759,0.15189461963773518,605.5,90.83171252376562,"pearson_r, entropy_reduction_ratio, mutual_information",0.0,0.0,0.0,0.0,0.37973654909433796
perm_com.google.android.launcher.permission.READ_SETTINGS,0,0.07594730981886759,0.15189461963773518,605.5,90.83171252376562,"pearson_r, entropy_reduction_ratio, mutual_information",0.0,0.0,0.0,0.0,0.37973654909433796
perm_com.fede.launcher.permission.READ_SETTINGS,0,0.07594730981886759,0.15189461963773518,605.5,90.83171252376562,"pearson_r, entropy_reduction_ratio, mutual_information",0.0,0.0,0.0,0.0,0.37973654909433796
perm_org.adw.launcher.permission.READ_SETTINGS,0,0.07594730981886759,0.15189461963773518,605.5,90.83171252376562,"pearson_r, entropy_reduction_ratio, mutual_information",0.0,0.0,0.0,0.0,0.37973654909433796
perm_com.lge.launcher.permission.READ_SETTINGS,0,0.07594730981886759,0.15189461963773518,605.5,90.83171252376562,"pearson_r, entropy_reduction_ratio, mutual_information",0.0,0.0,0.0,0.0,0.37973654909433796
intent_com.igexin.sdk.action.refreshls,0,0.07594730981886759,0.15189461963773518,605.5,90.83171252376562,"pearson_r, entropy_reduction_ratio, mutual_information",0.0,0.0,0.0,0.0,0.37973654909433796
perm_android.permission.INTERACT_ACROSS_USERS,0,0.07594730981886759,0.15189461963773518,605.5,90.83171252376562,"pearson_r, entropy_reduction_ratio, mutual_information",0.0,0.0,0.0,0.0,0.37973654909433796
perm_telecom.mdesk.permission.READ_SETTINGS,0,0.07594730981886759,0.15189461963773518,605.5,90.83171252376562,"pearson_r, entropy_reduction_ratio, mutual_information",0.0,0.0,0.0,0.0,0.37973654909433796
perm_com.android.mylauncher.permission.READ_SETTINGS,0,0.07594730981886759,0.15189461963773518,605.5,90.83171252376562,"pearson_r, entropy_reduction_ratio, mutual_information",0.0,0.0,0.0,0.0,0.37973654909433796
perm_com.tencent.qqlauncher.permission.READ_SETTINGS,0,0.07594730981886759,0.15189461963773518,605.5,90.83171252376562,"pearson_r, entropy_reduction_ratio, mutual_information",0.0,0.0,0.0,0.0,0.37973654909433796
perm_org.adw.launcher_donut.permission.READ_SETTINGS,0,0.07594730981886759,0.15189461963773518,605.5,90.83171252376562,"pearson_r, entropy_reduction_ratio, mutual_information",0.0,0.0,0.0,0.0,0.37973654909433796
perm_android.permission.MODIFY_PHONE_STATE,0,0.07594730981886759,0.15189461963773518,605.5,90.83171252376562,"pearson_r, entropy_reduction_ratio, mutual_information",0.0,0.0,0.0,0.0,0.37973654909433796
intent_android.intent.action.SIM_STATE_CHANGED,0,0.07594730981886759,0.15189461963773518,605.5,90.83171252376562,"pearson_r, entropy_reduction_ratio, mutual_information",0.0,0.0,0.0,0.0,0.37973654909433796
perm_android.permission.WRITE_PROFILE,0,0.07594730981886759,0.15189461963773518,605.5,90.83171252376562,"pearson_r, entropy_reduction_ratio, mutual_information",0.0,0.0,0.0,0.0,0.37973654909433796
intent_cn.egame.terminal.sdk.SERVICE_CMD,0,0.07594730981886759,0.15189461963773518,605.5,90.83171252376562,"pearson_r, entropy_reduction_ratio, mutual_information",0.0,0.0,0.0,0.0,0.37973654909433796
intent_com.qihoo.appstore.launcher.shortcut.MYSOFT,0,0.07594730981886759,0.15189461963773518,605.5,90.83171252376562,"pearson_r, entropy_reduction_ratio, mutual_information",0.0,0.0,0.0,0.0,0.37973654909433796
perm_com.qihoo.appstore.permission.NEWS_SDK_BROADCAST,0,0.07594730981886759,0.15189461963773518,605.5,90.83171252376562,"pearson_r, entropy_reduction_ratio, mutual_information",0.0,0.0,0.0,0.0,0.37973654909433796
intent_com.qihoo.appstore.plugin.battery.setPowerRankConfig,0,0.07594730981886759,0.15189461963773518,605.5,90.83171252376562,"pearson_r, entropy_reduction_ratio, mutual_information",0.0,0.0,0.0,0.0,0.37973654909433796
intent_com.qihoo.appstore.launcher.shortcut.GAME_RESERVATION,0,0.07594730981886759,0.15189461963773518,605.5,90.83171252376562,"pearson_r, entropy_reduction_ratio, mutual_information",0.0,0.0,0.0,0.0,0.37973654909433796
intent_com.qihoo.appstore.launcher.shortcut.GAMEUNION,0,0.07594730981886759,0.15189461963773518,605.5,90.83171252376562,"pearson_r, entropy_reduction_ratio, mutual_information",0.0,0.0,0.0,0.0,0.37973654909433796
perm_dianxin.permission.READ_SETTINGS,0,0.07594730981886759,0.15189461963773518,605.5,90.83171252376562,"pearson_r, entropy_reduction_ratio, mutual_information",0.0,0.0,0.0,0.0,0.37973654909433796
intent_com.qihoo.appstore.launcher.shortcut.APP_GROUP,0,0.07594730981886759,0.15189461963773518,605.5,90.83171252376562,"pearson_r, entropy_reduction_ratio, mutual_information",0.0,0.0,0.0,0.0,0.37973654909433796
intent_com.qihoo.appstore.gameunion.DOWNLOAD_SLIENT,0,0.07594730981886759,0.15189461963773518,605.5,90.83171252376562,"pearson_r, entropy_reduction_ratio, mutual_information",0.0,0.0,0.0,0.0,0.37973654909433796
intent_com.qihoo.appstore.notification,0,0.07594730981886759,0.15189461963773518,605.5,90.83171252376562,"pearson_r, entropy_reduction_ratio, mutual_information",0.0,0.0,0.0,0.0,0.37973654909433796
intent_com.qihoo.appstore.download,0,0.07594730981886759,0.15189461963773518,605.5,90.83171252376562,"pearson_r, entropy_reduction_ratio, mutual_information",0.0,0.0,0.0,0.0,0.37973654909433796
intent_com.qihoo.appstore.battery.STABLE_NOTIFY,0,0.07594730981886759,0.15189461963773518,605.5,90.83171252376562,"pearson_r, entropy_reduction_ratio, mutual_information",0.0,0.0,0.0,0.0,0.37973654909433796
intent_com.qihoo360.mobilesafe.clean.DOWNLOADDLG,0,0.07594730981886759,0.15189461963773518,605.5,90.83171252376562,"pearson_r, entropy_reduction_ratio, mutual_information",0.0,0.0,0.0,0.0,0.37973654909433796
intent_com.qihoo360.daemon.pcdaemon.NotifyServiceStop2,0,0.07594730981886759,0.15189461963773518,605.5,90.83171252376562,"pearson_r, entropy_reduction_ratio, mutual_information",0.0,0.0,0.0,0.0,0.37973654909433796
intent_com.qihoo360.daemon.pcdaemon.NotifyServiceStart2,0,0.07594730981886759,0.15189461963773518,605.5,90.83171252376562,"pearson_r, entropy_reduction_ratio, mutual_information",0.0,0.0,0.0,0.0,0.37973654909433796
intent_com.qihoo360.daemon.pcdaemon.ACTION_START_UI2,0,0.07594730981886759,0.15189461963773518,605.5,90.83171252376562,"pearson_r, entropy_reduction_ratio, mutual_information",0.0,0.0,0.0,0.0,0.37973654909433796
intent_com.qihoo360.daemon.pcdaemon.ACTION_SEND_SMS_SEND_STATUS_FORWARD2,0,0.07594730981886759,0.15189461963773518,605.5,90.83171252376562,"pearson_r, entropy_reduction_ratio, mutual_information",0.0,0.0,0.0,0.0,0.37973654909433796
intent_com.qihoo360.daemon.pcdaemon.ACTION_START_SERVICE2,0,0.07594730981886759,0.15189461963773518,605.5,90.83171252376562,"pearson_r, entropy_reduction_ratio, mutual_information",0.0,0.0,0.0,0.0,0.37973654909433796
intent_com.qihoo360.daemon.pcdaemon.ACTION_START_RECEIVER,0,0.07594730981886759,0.15189461963773518,605.5,90.83171252376562,"pearson_r, entropy_reduction_ratio, mutual_information",0.0,0.0,0.0,0.0,0.37973654909433796
intent_com.qihoo360.daemon.pcdaemon.ACTION_START_OPERATE_CLIPBOARD,0,0.07594730981886759,0.15189461963773518,605.5,90.83171252376562,"pearson_r, entropy_reduction_ratio, mutual_information",0.0,0.0,0.0,0.0,0.37973654909433796
intent_com.qihoo360.daemon.pcdaemon.ACTION_START_DOWNLOAF_PAGE,0,0.07594730981886759,0.15189461963773518,605.5,90.83171252376562,"pearson_r, entropy_reduction_ratio, mutual_information",0.0,0.0,0.0,0.0,0.37973654909433796
intent_com.qihoo360.daemon.pcdaemon.ACTION_START_CAPTURE,0,0.07594730981886759,0.15189461963773518,605.5,90.83171252376562,"pearson_r, entropy_reduction_ratio, mutual_information",0.0,0.0,0.0,0.0,0.37973654909433796
intent_com.qihoo.appstore.zhushouhelper.IZhushouHelperService,0,0.07594730981886759,0.15189461963773518,605.5,90.83171252376562,"pearson_r, entropy_reduction_ratio, mutual_information",0.0,0.0,0.0,0.0,0.37973654909433796
intent_com.qihoo.appstore.powerusage.SAVE_MODE,0,0.07594730981886759,0.15189461963773518,605.5,90.83171252376562,"pearson_r, entropy_reduction_ratio, mutual_information",0.0,0.0,0.0,0.0,0.37973654909433796
intent_qihooappstore.gotoadmin,0,0.07594730981886759,0.15189461963773518,605.5,90.83171252376562,"pearson_r, entropy_reduction_ratio, mutual_information",0.0,0.0,0.0,0.0,0.37973654909433796
intent_com.qihoo.appstore.ACTION_NORMAL_INSTALL_ERROR,0,0.07594730981886759,0.15189461963773518,605.5,90.83171252376562,"pearson_r, entropy_reduction_ratio, mutual_information",0.0,0.0,0.0,0.0,0.37973654909433796
intent_com.qihoo.appstore.ACTION_MEM_SCAN,0,0.07594730981886759,0.15189461963773518,605.5,90.83171252376562,"pearson_r, entropy_reduction_ratio, mutual_information",0.0,0.0,0.0,0.0,0.37973654909433796
intent_com.qihoo.appstore.ACTION_LAUNCH_SERVICE_ACTIVITY,0,0.07594730981886759,0.15189461963773518,605.5,90.83171252376562,"pearson_r, entropy_reduction_ratio, mutual_information",0.0,0.0,0.0,0.0,0.37973654909433796
intent_com.qihoo.appstore.ACTION_UPDATE_LAST_WX_CLEAR,0,0.07594730981886759,0.15189461963773518,605.5,90.83171252376562,"pearson_r, entropy_reduction_ratio, mutual_information",0.0,0.0,0.0,0.0,0.37973654909433796
intent_com.qihoo.appstore.ACTION_WIRTE_CHANNEL_AND_INSTALL,0,0.07594730981886759,0.15189461963773518,605.5,90.83171252376562,"pearson_r, entropy_reduction_ratio, mutual_information",0.0,0.0,0.0,0.0,0.37973654909433796
intent_com.qihoo.appstore.ACTION_GAME_UNION_DETAIL,0,0.07594730981886759,0.15189461963773518,605.5,90.83171252376562,"pearson_r, entropy_reduction_ratio, mutual_information",0.0,0.0,0.0,0.0,0.37973654909433796
intent_com.qihoo.appstore.ACTION_GAME_UNION_DESK,0,0.07594730981886759,0.15189461963773518,605.5,90.83171252376562,"pearson_r, entropy_reduction_ratio, mutual_information",0.0,0.0,0.0,0.0,0.37973654909433796
intent_com.qihoo.appstore.ACTION_EVENT_STAT,0,0.07594730981886759,0.15189461963773518,605.5,90.83171252376562,"pearson_r, entropy_reduction_ratio, mutual_information",0.0,0.0,0.0,0.0,0.37973654909433796
intent_com.qihoo.appstore.ACTION_PACKAGE_REMOVED_NEED_CLEAR,0,0.07594730981886759,0.15189461963773518,605.5,90.83171252376562,"pearson_r, entropy_reduction_ratio, mutual_information",0.0,0.0,0.0,0.0,0.37973654909433796
intent_com.qihoo.appstore.ACTION_HANDLE_SYSTEM_APP,0,0.07594730981886759,0.15189461963773518,605.5,90.83171252376562,"pearson_r, entropy_reduction_ratio, mutual_information",0.0,0.0,0.0,0.0,0.37973654909433796
intent_com.qihoo.appstore.checkupdate.CHECK_BAOHE_UPDATE,0,0.07594730981886759,0.15189461963773518,605.5,90.83171252376562,"pearson_r, entropy_reduction_ratio, mutual_information",0.0,0.0,0.0,0.0,0.37973654909433796
intent_com.qihoo.appstore.batteryrank.POWERPERCENT,0,0.07594730981886759,0.15189461963773518,605.5,90.83171252376562,"pearson_r, entropy_reduction_ratio, mutual_information",0.0,0.0,0.0,0.0,0.37973654909433796
intent_com.qihoo.appstore.ACTION_CLEAR_CREATE_SHORTCUT,0,0.07594730981886759,0.15189461963773518,605.5,90.83171252376562,"pearson_r, entropy_reduction_ratio, mutual_information",0.0,0.0,0.0,0.0,0.37973654909433796
intent_com.qihoo.appstore.battery.ICON,0,0.07594730981886759,0.15189461963773518,605.5,90.83171252376562,"pearson_r, entropy_reduction_ratio, mutual_information",0.0,0.0,0.0,0.0,0.37973654909433796
intent_com.qihoo.appstore.battery.FREEZE_APP,0,0.07594730981886759,0.15189461963773518,605.5,90.83171252376562,"pearson_r, entropy_reduction_ratio, mutual_information",0.0,0.0,0.0,0.0,0.37973654909433796
intent_com.qihoo.appstore.battery.ACCESSIBILITY_ALERT,0,0.07594730981886759,0.15189461963773518,605.5,90.83171252376562,"pearson_r, entropy_reduction_ratio, mutual_information",0.0,0.0,0.0,0.0,0.37973654909433796
intent_com.qihoo.appstore.clean.result,0,0.07594730981886759,0.15189461963773518,605.5,90.83171252376562,"pearson_r, entropy_reduction_ratio, mutual_information",0.0,0.0,0.0,0.0,0.37973654909433796
intent_com.qihoo.appstore.activate,0,0.07594730981886759,0.15189461963773518,605.5,90.83171252376562,"pearson_r, entropy_reduction_ratio, mutual_information",0.0,0.0,0.0,0.0,0.37973654909433796
intent_com.qihoo.appstore.QihooAlliance,0,0.07594730981886759,0.15189461963773518,605.5,90.83171252376562,"pearson_r, entropy_reduction_ratio, mutual_information",0.0,0.0,0.0,0.0,0.37973654909433796
intent_com.qihoo.appstore.OPEN_BROWSER,0,0.07594730981886759,0.15189461963773518,605.5,90.83171252376562,"pearson_r, entropy_reduction_ratio, mutual_information",0.0,0.0,0.0,0.0,0.37973654909433796
intent_com.qihoo.appstore.MEMCLEAR,0,0.07594730981886759,0.15189461963773518,605.5,90.83171252376562,"pearson_r, entropy_reduction_ratio, mutual_information",0.0,0.0,0.0,0.0,0.37973654909433796
intent_com.qihoo.appstore.LitePluginTipDialogActivity,0,0.07594730981886759,0.15189461963773518,605.5,90.83171252376562,"pearson_r, entropy_reduction_ratio, mutual_information",0.0,0.0,0.0,0.0,0.37973654909433796
intent_com.qihoo.appstore.CLEAN_ACTIVITY_DESTROY,0,0.07594730981886759,0.15189461963773518,605.5,90.83171252376562,"pearson_r, entropy_reduction_ratio, mutual_information",0.0,0.0,0.0,0.0,0.37973654909433796
intent_com.qihoo.appstore.BATTERY,0,0.07594730981886759,0.15189461963773518,605.5,90.83171252376562,"pearson_r, entropy_reduction_ratio, mutual_information",0.0,0.0,0.0,0.0,0.37973654909433796
intent_com.qihoo.appstore.plugin.START_PLUGIN_FROM_PROXY_LISTENER,0,0.07594730981886759,0.15189461963773518,605.5,90.83171252376562,"pearson_r, entropy_reduction_ratio, mutual_information",0.0,0.0,0.0,0.0,0.37973654909433796
intent_com.qihoo.appstore.notification.click_action,0,0.07594730981886759,0.15189461963773518,605.5,90.83171252376562,"pearson_r, entropy_reduction_ratio, mutual_information",0.0,0.0,0.0,0.0,0.37973654909433796
intent_com.qihoo.appstore.NOTIFY_DELETE,0,0.07594730981886759,0.15189461963773518,605.5,90.83171252376562,"pearson_r, entropy_reduction_ratio, mutual_information",0.0,0.0,0.0,0.0,0.37973654909433796
intent_com.qihoo.appstore.battery.START_EX,0,0.07594730981886759,0.15189461963773518,605.5,90.83171252376562,"pearson_r, entropy_reduction_ratio, mutual_information",0.0,0.0,0.0,0.0,0.37973654909433796
intent_action.qihoo360.daemon.pcdaemon.DaemonStatus,0,0.07594730981886759,0.15189461963773518,605.5,90.83171252376562,"pearson_r, entropy_reduction_ratio, mutual_information",0.0,0.0,0.0,0.0,0.37973654909433796
perm_qiku.permission.READ_WRITE_SAFE_SPACE,0,0.07594730981886759,0.15189461963773518,605.5,90.83171252376562,"pearson_r, entropy_reduction_ratio, mutual_information",0.0,0.0,0.0,0.0,0.37973654909433796
perm_com.sonyericsson.home.WRITE_SETTINGS,0,0.07594730981886759,0.15189461963773518,605.5,90.83171252376562,"pearson_r, entropy_reduction_ratio, mutual_information",0.0,0.0,0.0,0.0,0.37973654909433796
intent_android.intent.action.defaultSmsSet,0,0.07594730981886759,0.15189461963773518,605.5,90.83171252376562,"pearson_r, entropy_reduction_ratio, mutual_information",0.0,0.0,0.0,0.0,0.37973654909433796
perm_android.permission.READ_INSTALL_SESSIONS,0,0.07594730981886759,0.15189461963773518,605.5,90.83171252376562,"pearson_r, entropy_reduction_ratio, mutual_information",0.0,0.0,0.0,0.0,0.37973654909433796
perm_com.yulong.android.launcher3.WRITE_SETTINGS,0,0.07594730981886759,0.15189461963773518,605.5,90.83171252376562,"pearson_r, entropy_reduction_ratio, mutual_information",0.0,0.0,0.0,0.0,0.37973654909433796
perm_android.permission.RECEIVE_WAP_PUSH,0,0.07594730981886759,0.15189461963773518,605.5,90.83171252376562,"pearson_r, entropy_reduction_ratio, mutual_information",0.0,0.0,0.0,0.0,0.37973654909433796
perm_android.permission.READ_CELL_BROADCASTS,0,0.07594730981886759,0.15189461963773518,605.5,90.83171252376562,"pearson_r, entropy_reduction_ratio, mutual_information",0.0,0.0,0.0,0.0,0.37973654909433796
perm_xmpp.permission.RECEIVE_NOTIFICATION,0,0.07594730981886759,0.15189461963773518,605.5,90.83171252376562,"pearson_r, entropy_reduction_ratio, mutual_information",0.0,0.0,0.0,0.0,0.37973654909433796
intent_com.coolcloud.xmpp.NOTIFICATION.1010048,0,0.07594730981886759,0.15189461963773518,605.5,90.83171252376562,"pearson_r, entropy_reduction_ratio, mutual_information",0.0,0.0,0.0,0.0,0.37973654909433796
intent_action_send_pop,0,0.07594730981886759,0.15189461963773518,605.5,90.83171252376562,"pearson_r, entropy_reduction_ratio, mutual_information",0.0,0.0,0.0,0.0,0.37973654909433796
intent_com.qihoo.appstore.stablenotification.StableBroadcast,0,0.07594730981886759,0.15189461963773518,605.5,90.83171252376562,"pearson_r, entropy_reduction_ratio, mutual_information",0.0,0.0,0.0,0.0,0.37973654909433796
perm_android.permission.CHANGE_WIMAX_STATE,0,0.07594730981886759,0.15189461963773518,605.5,90.83171252376562,"pearson_r, entropy_reduction_ratio, mutual_information",0.0,0.0,0.0,0.0,0.37973654909433796
perm_com.ztemt.launcher.permission.READ_SETTINGS,0,0.07594730981886759,0.15189461963773518,605.5,90.83171252376562,"pearson_r, entropy_reduction_ratio, mutual_information",0.0,0.0,0.0,0.0,0.37973654909433796
perm_android.permission.WRITE_SOCIAL_STREAM,0,0.07594730981886759,0.15189461963773518,605.5,90.83171252376562,"pearson_r, entropy_reduction_ratio, mutual_information",0.0,0.0,0.0,0.0,0.37973654909433796
perm_com.android.voicemail.permission.ADD_VOICEMAIL,0,0.07594730981886759,0.15189461963773518,605.5,90.83171252376562,"pearson_r, entropy_reduction_ratio, mutual_information",0.0,0.0,0.0,0.0,0.37973654909433796
perm_android.permission.SUBSCRIBED_FEEDS_WRITE,0,0.07594730981886759,0.15189461963773518,605.5,90.83171252376562,"pearson_r, entropy_reduction_ratio, mutual_information",0.0,0.0,0.0,0.0,0.37973654909433796
perm_com.yulong.android.launcherL.permission.READ_SETTINGS,0,0.07594730981886759,0.15189461963773518,605.5,90.83171252376562,"pearson_r, entropy_reduction_ratio, mutual_information",0.0,0.0,0.0,0.0,0.37973654909433796
perm_com.yulong.android.launcher3.READ_SETTINGS,0,0.07594730981886759,0.15189461963773518,605.5,90.83171252376562,"pearson_r, entropy_reduction_ratio, mutual_information",0.0,0.0,0.0,0.0,0.37973654909433796
perm_com.qiku.launcher.permission.READ_SETTINGS,0,0.07594730981886759,0.15189461963773518,605.5,90.83171252376562,"pearson_r, entropy_reduction_ratio, mutual_information",0.0,0.0,0.0,0.0,0.37973654909433796
perm_com.android.launcher2.permission.WRITE_SETTINGS,0,0.07594730981886759,0.15189461963773518,605.5,90.83171252376562,"pearson_r, entropy_reduction_ratio, mutual_information",0.0,0.0,0.0,0.0,0.37973654909433796
perm_android.permission.SUBSCRIBED_FEEDS_READ,0,0.07594730981886759,0.15189461963773518,605.5,90.83171252376562,"pearson_r, entropy_reduction_ratio, mutual_information",0.0,0.0,0.0,0.0,0.37973654909433796
perm_android.permission.WRITE_OWNER_DATA,0,0.07594730981886759,0.15189461963773518,605.5,90.83171252376562,"pearson_r, entropy_reduction_ratio, mutual_information",0.0,0.0,0.0,0.0,0.37973654909433796
perm_com.google.android.providers.talk.permission.READ_ONLY,0,0.07594730981886759,0.15189461963773518,605.5,90.83171252376562,"pearson_r, entropy_reduction_ratio, mutual_information",0.0,0.0,0.0,0.0,0.37973654909433796
perm_com.google.android.gms.permission.AD_ID_NOTIFICATION,0,0.07594730981886759,0.15189461963773518,605.5,90.83171252376562,"pearson_r, entropy_reduction_ratio, mutual_information",0.0,0.0,0.0,0.0,0.37973654909433796
perm_com.google.android.googleapps.permission.GOOGLE_AUTH.news,0,0.07594730981886759,0.15189461963773518,605.5,90.83171252376562,"pearson_r, entropy_reduction_ratio, mutual_information",0.0,0.0,0.0,0.0,0.37973654909433796
perm_com.google.android.googleapps.permission.GOOGLE_AUTH.wifi,0,0.07594730981886759,0.15189461963773518,605.5,90.83171252376562,"pearson_r, entropy_reduction_ratio, mutual_information",0.0,0.0,0.0,0.0,0.37973654909433796
perm_com.google.android.googleapps.permission.GOOGLE_AUTH.speechpersonalization,0,0.07594730981886759,0.15189461963773518,605.5,90.83171252376562,"pearson_r, entropy_reduction_ratio, mutual_information",0.0,0.0,0.0,0.0,0.37973654909433796
perm_com.google.android.googleapps.permission.GOOGLE_AUTH.sitemaps,0,0.07594730981886759,0.15189461963773518,605.5,90.83171252376562,"pearson_r, entropy_reduction_ratio, mutual_information",0.0,0.0,0.0,0.0,0.37973654909433796
perm_com.google.android.googleapps.permission.GOOGLE_AUTH.knol,0,0.07594730981886759,0.15189461963773518,605.5,90.83171252376562,"pearson_r, entropy_reduction_ratio, mutual_information",0.0,0.0,0.0,0.0,0.37973654909433796
perm_com.google.android.googleapps.permission.GOOGLE_AUTH.jotspot,0,0.07594730981886759,0.15189461963773518,605.5,90.83171252376562,"pearson_r, entropy_reduction_ratio, mutual_information",0.0,0.0,0.0,0.0,0.37973654909433796
perm_com.google.android.googleapps.permission.GOOGLE_AUTH.ig,0,0.07594730981886759,0.15189461963773518,605.5,90.83171252376562,"pearson_r, entropy_reduction_ratio, mutual_information",0.0,0.0,0.0,0.0,0.37973654909433796
perm_com.google.android.googleapps.permission.GOOGLE_AUTH.health,0,0.07594730981886759,0.15189461963773518,605.5,90.83171252376562,"pearson_r, entropy_reduction_ratio, mutual_information",0.0,0.0,0.0,0.0,0.37973654909433796
perm_com.google.android.googleapps.permission.GOOGLE_AUTH.groups2,0,0.07594730981886759,0.15189461963773518,605.5,90.83171252376562,"pearson_r, entropy_reduction_ratio, mutual_information",0.0,0.0,0.0,0.0,0.37973654909433796
perm_com.google.android.googleapps.permission.GOOGLE_AUTH.gbase,0,0.07594730981886759,0.15189461963773518,605.5,90.83171252376562,"pearson_r, entropy_reduction_ratio, mutual_information",0.0,0.0,0.0,0.0,0.37973654909433796
perm_com.google.android.googleapps.permission.GOOGLE_AUTH.finance,0,0.07594730981886759,0.15189461963773518,605.5,90.83171252376562,"pearson_r, entropy_reduction_ratio, mutual_information",0.0,0.0,0.0,0.0,0.37973654909433796
perm_com.google.android.googleapps.permission.GOOGLE_AUTH.dodgeball,0,0.07594730981886759,0.15189461963773518,605.5,90.83171252376562,"pearson_r, entropy_reduction_ratio, mutual_information",0.0,0.0,0.0,0.0,0.37973654909433796
perm_com.google.android.googleapps.permission.GOOGLE_AUTH.cl,0,0.07594730981886759,0.15189461963773518,605.5,90.83171252376562,"pearson_r, entropy_reduction_ratio, mutual_information",0.0,0.0,0.0,0.0,0.37973654909433796
perm_com.google.android.googleapps.permission.GOOGLE_AUTH.blogger,0,0.07594730981886759,0.15189461963773518,605.5,90.83171252376562,"pearson_r, entropy_reduction_ratio, mutual_information",0.0,0.0,0.0,0.0,0.37973654909433796
perm_com.google.android.googleapps.permission.GOOGLE_AUTH.orkut,0,0.07594730981886759,0.15189461963773518,605.5,90.83171252376562,"pearson_r, entropy_reduction_ratio, mutual_information",0.0,0.0,0.0,0.0,0.37973654909433796
perm_com.google.android.googleapps.permission.GOOGLE_AUTH.adsense,0,0.07594730981886759,0.15189461963773518,605.5,90.83171252376562,"pearson_r, entropy_reduction_ratio, mutual_information",0.0,0.0,0.0,0.0,0.37973654909433796
perm_com.google.android.googleapps.permission.GOOGLE_AUTH.print,0,0.07594730981886759,0.15189461963773518,605.5,90.83171252376562,"pearson_r, entropy_reduction_ratio, mutual_information",0.0,0.0,0.0,0.0,0.37973654909433796
perm_com.google.android.googleapps.permission.GOOGLE_AUTH.mobile,0,0.07594730981886759,0.15189461963773518,605.5,90.83171252376562,"pearson_r, entropy_reduction_ratio, mutual_information",0.0,0.0,0.0,0.0,0.37973654909433796
perm_com.google.android.googleapps.permission.GOOGLE_AUTH.mail,0,0.07594730981886759,0.15189461963773518,605.5,90.83171252376562,"pearson_r, entropy_reduction_ratio, mutual_information",0.0,0.0,0.0,0.0,0.37973654909433796
intent_android.net.wifi.supplicant.CONNECTION_CHANGE,0,0.07594730981886759,0.15189461963773518,605.5,90.83171252376562,"pearson_r, entropy_reduction_ratio, mutual_information",0.0,0.0,0.0,0.0,0.37973654909433796
perm_android.permission.READ_OWNER_DATA,0,0.07594730981886759,0.15189461963773518,605.5,90.83171252376562,"pearson_r, entropy_reduction_ratio, mutual_information",0.0,0.0,0.0,0.0,0.37973654909433796
perm_com.google.android.googleapps.permission.GOOGLE_AUTH.cp,0,0.07594730981886759,0.15189461963773518,605.5,90.83171252376562,"pearson_r, entropy_reduction_ratio, mutual_information",0.0,0.0,0.0,0.0,0.37973654909433796
perm_android.permission.USE_SIP,0,0.07594730981886759,0.15189461963773518,605.5,90.83171252376562,"pearson_r, entropy_reduction_ratio, mutual_information",0.0,0.0,0.0,0.0,0.37973654909433796
perm_android.permission.TRANSMIT_IR,0,0.07594730981886759,0.15189461963773518,605.5,90.83171252376562,"pearson_r, entropy_reduction_ratio, mutual_information",0.0,0.0,0.0,0.0,0.37973654909433796
perm_com.google.android.googleapps.permission.GOOGLE_AUTH.writely,0,0.07594730981886759,0.15189461963773518,605.5,90.83171252376562,"pearson_r, entropy_reduction_ratio, mutual_information",0.0,0.0,0.0,0.0,0.37973654909433796
intent_safiap.GET_SHARED_DATA,0,0.07594730981886759,0.15189461963773518,605.5,90.83171252376562,"pearson_r, entropy_reduction_ratio, mutual_information",0.0,0.0,0.0,0.0,0.37973654909433796
intent_safiap.framework.ACTION_SET_TIMER,0,0.07594730981886759,0.15189461963773518,605.5,90.83171252376562,"pearson_r, entropy_reduction_ratio, mutual_information",0.0,0.0,0.0,0.0,0.37973654909433796
intent_safiap.framework.sdk.ISAFFramework,0,0.07594730981886759,0.15189461963773518,605.5,90.83171252376562,"pearson_r, entropy_reduction_ratio, mutual_information",0.0,0.0,0.0,0.0,0.37973654909433796
intent_safiap.framework.ACTION_CHECK_UPDATE,0,0.07594730981886759,0.15189461963773518,605.5,90.83171252376562,"pearson_r, entropy_reduction_ratio, mutual_information",0.0,0.0,0.0,0.0,0.37973654909433796
intent_safiap.framework.ACTION_START_DOWNLOAD,0,0.07594730981886759,0.15189461963773518,605.5,90.83171252376562,"pearson_r, entropy_reduction_ratio, mutual_information",0.0,0.0,0.0,0.0,0.37973654909433796
perm_com.actionlauncher.playstore.permission.READ_SETTINGS,0,0.07594730981886759,0.15189461963773518,605.5,90.83171252376562,"pearson_r, entropy_reduction_ratio, mutual_information",0.0,0.0,0.0,0.0,0.37973654909433796
perm_com.mx.launcher.permission.READ_SETTINGS,0,0.07594730981886759,0.15189461963773518,605.5,90.83171252376562,"pearson_r, entropy_reduction_ratio, mutual_information",0.0,0.0,0.0,0.0,0.37973654909433796
perm_com.apusapps.launcher.permission.READ_SETTINGS,0,0.07594730981886759,0.15189461963773518,605.5,90.83171252376562,"pearson_r, entropy_reduction_ratio, mutual_information",0.0,0.0,0.0,0.0,0.37973654909433796
perm_android.permission.BIND_APPWIDGET,0,0.07594730981886759,0.15189461963773518,605.5,90.83171252376562,"pearson_r, entropy_reduction_ratio, mutual_information",0.0,0.0,0.0,0.0,0.37973654909433796
perm_com.google.android.googleapps.permission.GOOGLE_AUTH.sierraqa,0,0.07594730981886759,0.15189461963773518,605.5,90.83171252376562,"pearson_r, entropy_reduction_ratio, mutual_information",0.0,0.0,0.0,0.0,0.37973654909433796
perm_com.google.android.googleapps.permission.GOOGLE_AUTH.sierra,0,0.07594730981886759,0.15189461963773518,605.5,90.83171252376562,"pearson_r, entropy_reduction_ratio, mutual_information",0.0,0.0,0.0,0.0,0.37973654909433796
perm_com.google.android.googleapps.permission.GOOGLE_AUTH.sierrasandbox,0,0.07594730981886759,0.15189461963773518,605.5,90.83171252376562,"pearson_r, entropy_reduction_ratio, mutual_information",0.0,0.0,0.0,0.0,0.37973654909433796
perm_android.permission.WRITE_USER_DICTIONARY,0,0.07594730981886759,0.15189461963773518,605.5,90.83171252376562,"pearson_r, entropy_reduction_ratio, mutual_information",0.0,0.0,0.0,0.0,0.37973654909433796
intent_com.tencent.mm.plugin.openapi.Intent.ACTION_REFRESH_WXAPP,0,0.07594730981886759,0.15189461963773518,605.5,90.83171252376562,"pearson_r, entropy_reduction_ratio, mutual_information",0.0,0.0,0.0,0.0,0.37973654909433796
perm_com.teslacoilsw.launcher.permission.READ_SETTINGS,0,0.07594730981886759,0.15189461963773518,605.5,90.83171252376562,"pearson_r, entropy_reduction_ratio, mutual_information",0.0,0.0,0.0,0.0,0.37973654909433796
intent_com.baidu.location.service_v2.2,0,0.07594730981886759,0.15189461963773518,605.5,90.83171252376562,"pearson_r, entropy_reduction_ratio, mutual_information",0.0,0.0,0.0,0.0,0.37973654909433796
intent_com.igexin.sdk.action.7fjUl2Z3LH6xYy7NQK4ni4,0,0.07594730981886759,0.15189461963773518,605.5,90.83171252376562,"pearson_r, entropy_reduction_ratio, mutual_information",0.0,0.0,0.0,0.0,0.37973654909433796
intent_android.intent.action.NOTIFICATION_UPDATE,0,0.07594730981886759,0.15189461963773518,605.5,90.83171252376562,"pearson_r, entropy_reduction_ratio, mutual_information",0.0,0.0,0.0,0.0,0.37973654909433796
intent_safiap.framework.ACTION_NETWORK_ERROR_FRAMEWORK,0,0.07594730981886759,0.15189461963773518,605.5,90.83171252376562,"pearson_r, entropy_reduction_ratio, mutual_information",0.0,0.0,0.0,0.0,0.37973654909433796
intent_safiap.framework.ACTION_NETWORK_ERROR_IAP,0,0.07594730981886759,0.15189461963773518,605.5,90.83171252376562,"pearson_r, entropy_reduction_ratio, mutual_information",0.0,0.0,0.0,0.0,0.37973654909433796
intent_android.provider.OppoSpeechAssist.SMS_RECEIVED,0,0.07594730981886759,0.15189461963773518,605.5,90.83171252376562,"pearson_r, entropy_reduction_ratio, mutual_information",0.0,0.0,0.0,0.0,0.37973654909433796
intent_com.miui.smsextra.hhha,0,0.07594730981886759,0.15189461963773518,605.5,90.83171252376562,"pearson_r, entropy_reduction_ratio, mutual_information",0.0,0.0,0.0,0.0,0.37973654909433796
intent_cn.jpush.android.intent.CONNECTION,0,0.07594730981886759,0.15189461963773518,605.5,90.83171252376562,"pearson_r, entropy_reduction_ratio, mutual_information",0.0,0.0,0.0,0.0,0.37973654909433796
intent_com.xiaomi.mipush.RECEIVE_MESSAGE,0,0.07594730981886759,0.15189461963773518,605.5,90.83171252376562,"pearson_r, entropy_reduction_ratio, mutual_information",0.0,0.0,0.0,0.0,0.37973654909433796
intent_org.agoo.android.intent.action.ELECTION_RESULT_V4,0,0.07594730981886759,0.15189461963773518,605.5,90.83171252376562,"pearson_r, entropy_reduction_ratio, mutual_information",0.0,0.0,0.0,0.0,0.37973654909433796
perm_dianxin.permission.ACCESS_LAUNCHER_DATA,0,0.07594730981886759,0.15189461963773518,605.5,90.83171252376562,"pearson_r, entropy_reduction_ratio, mutual_information",0.0,0.0,0.0,0.0,0.37973654909433796
perm_android.permission.ACCESS_SUPERUSER,0,0.07594730981886759,0.15189461963773518,605.5,90.83171252376562,"pearson_r, entropy_reduction_ratio, mutual_information",0.0,0.0,0.0,0.0,0.37973654909433796
intent_com.excelliance.kxqp.platform.gameplugin.action.BIND_REMOTE,0,0.07594730981886759,0.15189461963773518,605.5,90.83171252376562,"pearson_r, entropy_reduction_ratio, mutual_information",0.0,0.0,0.0,0.0,0.37973654909433796
perm_android.permission.SIGNAL_PERSISTENT_PROCESSES,0,0.07594730981886759,0.15189461963773518,605.5,90.83171252376562,"pearson_r, entropy_reduction_ratio, mutual_information",0.0,0.0,0.0,0.0,0.37973654909433796
intent_com.tencent.smtt.tbs.video.PLAY,0,0.07594730981886759,0.15189461963773518,605.5,90.83171252376562,"pearson_r, entropy_reduction_ratio, mutual_information",0.0,0.0,0.0,0.0,0.37973654909433796
perm_com.qihoo360.launcher.permission.WRITE_SETTINGS,0,0.07594730981886759,0.15189461963773518,605.5,90.83171252376562,"pearson_r, entropy_reduction_ratio, mutual_information",0.0,0.0,0.0,0.0,0.37973654909433796
perm_com.sec.android.app.twlauncher.settings.WRITE_SETTINGS,0,0.07594730981886759,0.15189461963773518,605.5,90.83171252376562,"pearson_r, entropy_reduction_ratio, mutual_information",0.0,0.0,0.0,0.0,0.37973654909433796
perm_com.android.voicemail.permission.READ_WRITE_ALL_VOICEMAIL,0,0.07594730981886759,0.15189461963773518,605.5,90.83171252376562,"pearson_r, entropy_reduction_ratio, mutual_information",0.0,0.0,0.0,0.0,0.37973654909433796
perm_telecom.mdesk.permission.WRITE_SETTINGS,0,0.07594730981886759,0.15189461963773518,605.5,90.83171252376562,"pearson_r, entropy_reduction_ratio, mutual_information",0.0,0.0,0.0,0.0,0.37973654909433796
perm_net.qihoo.launcher.permission.WRITE_SETTINGS,0,0.07594730981886759,0.15189461963773518,605.5,90.83171252376562,"pearson_r, entropy_reduction_ratio, mutual_information",0.0,0.0,0.0,0.0,0.37973654909433796
perm_com.android.mylauncher.permission.WRITE_SETTINGS,0,0.07594730981886759,0.15189461963773518,605.5,90.83171252376562,"pearson_r, entropy_reduction_ratio, mutual_information",0.0,0.0,0.0,0.0,0.37973654909433796
perm_org.adw.launcher_donut.permission.WRITE_SETTINGS,0,0.07594730981886759,0.15189461963773518,605.5,90.83171252376562,"pearson_r, entropy_reduction_ratio, mutual_information",0.0,0.0,0.0,0.0,0.37973654909433796
perm_com.fede.launcher.permission.WRITE_SETTINGS,0,0.07594730981886759,0.15189461963773518,605.5,90.83171252376562,"pearson_r, entropy_reduction_ratio, mutual_information",0.0,0.0,0.0,0.0,0.37973654909433796
perm_com.ebproductions.android.launcher.permission.WRITE_SETTINGS,0,0.07594730981886759,0.15189461963773518,605.5,90.83171252376562,"pearson_r, entropy_reduction_ratio, mutual_information",0.0,0.0,0.0,0.0,0.37973654909433796
perm_android.permission.BIND_DIRECTORY_SEARCH,0,0.07594730981886759,0.15189461963773518,605.5,90.83171252376562,"pearson_r, entropy_reduction_ratio, mutual_information",0.0,0.0,0.0,0.0,0.37973654909433796
perm_com.huawei.launcher2.permission.WRITE_SETTINGS,0,0.07594730981886759,0.15189461963773518,605.5,90.83171252376562,"pearson_r, entropy_reduction_ratio, mutual_information",0.0,0.0,0.0,0.0,0.37973654909433796
perm_com.samsung.android.providers.context.permission.WRITE_RECORD_AUDIO,0,0.07594730981886759,0.15189461963773518,605.5,90.83171252376562,"pearson_r, entropy_reduction_ratio, mutual_information",0.0,0.0,0.0,0.0,0.37973654909433796
perm_com.samsung.android.providers.context.permission.READ_RECORD_AUDIO,0,0.07594730981886759,0.15189461963773518,605.5,90.83171252376562,"pearson_r, entropy_reduction_ratio, mutual_information",0.0,0.0,0.0,0.0,0.37973654909433796
perm_com.samsung.svoice.sync.ACCESS_SERVICE,0,0.07594730981886759,0.15189461963773518,605.5,90.83171252376562,"pearson_r, entropy_reduction_ratio, mutual_information",0.0,0.0,0.0,0.0,0.37973654909433796
perm_com.samsung.svoice.sync.WRITE_DATABASE,0,0.07594730981886759,0.15189461963773518,605.5,90.83171252376562,"pearson_r, entropy_reduction_ratio, mutual_information",0.0,0.0,0.0,0.0,0.37973654909433796
perm_com.sec.android.permission.LAUNCH_PERSONAL_PAGE_SERVICE,0,0.07594730981886759,0.15189461963773518,605.5,90.83171252376562,"pearson_r, entropy_reduction_ratio, mutual_information",0.0,0.0,0.0,0.0,0.37973654909433796
perm_com.sec.android.permission.VOIP_INTERFACE,0,0.07594730981886759,0.15189461963773518,605.5,90.83171252376562,"pearson_r, entropy_reduction_ratio, mutual_information",0.0,0.0,0.0,0.0,0.37973654909433796
intent_org.android.agoo.client.ElectionReceiverService,0,0.07594730981886759,0.15189461963773518,605.5,90.83171252376562,"pearson_r, entropy_reduction_ratio, mutual_information",0.0,0.0,0.0,0.0,0.37973654909433796
intent_com.xiaomi.mipush.MESSAGE_ARRIVED,0,0.07594730981886759,0.15189461963773518,605.5,90.83171252376562,"pearson_r, entropy_reduction_ratio, mutual_information",0.0,0.0,0.0,0.0,0.37973654909433796
intent_com.snowfish.a.a.s.ABGSvc,0,0.07594730981886759,0.15189461963773518,605.5,90.83171252376562,"pearson_r, entropy_reduction_ratio, mutual_information",0.0,0.0,0.0,0.0,0.37973654909433796
perm_com.lge.launcher.permission.WRITE_SETTINGS,0,0.07594730981886759,0.15189461963773518,605.5,90.83171252376562,"pearson_r, entropy_reduction_ratio, mutual_information",0.0,0.0,0.0,0.0,0.37973654909433796
intent_com.excelliance.kxqp.NEXT_CHAPTER,0,0.07594730981886759,0.15189461963773518,605.5,90.83171252376562,"pearson_r, entropy_reduction_ratio, mutual_information",0.0,0.0,0.0,0.0,0.37973654909433796
intent_cn.jpush.android.intent.DaemonService,0,0.07594730981886759,0.15189461963773518,605.5,90.83171252376562,"pearson_r, entropy_reduction_ratio, mutual_information",0.0,0.0,0.0,0.0,0.37973654909433796
intent_com.baidu.android.pushservice.action.MESSAGE,0,0.07594730981886759,0.15189461963773518,605.5,90.83171252376562,"pearson_r, entropy_reduction_ratio, mutual_information",0.0,0.0,0.0,0.0,0.37973654909433796
perm_com.sec.android.settings.permission.SOFT_RESET,0,0.07594730981886759,0.15189461963773518,605.5,90.83171252376562,"pearson_r, entropy_reduction_ratio, mutual_information",0.0,0.0,0.0,0.0,0.37973654909433796
perm_com.samsung.android.scloud.backup.lib.read,0,0.07594730981886759,0.15189461963773518,605.5,90.83171252376562,"pearson_r, entropy_reduction_ratio, mutual_information",0.0,0.0,0.0,0.0,0.37973654909433796
intent_com.qihoo.appstore.ACTION_UNLOCK_BROADCAST_RECEIVE,0,0.07594730981886759,0.15189461963773518,605.5,90.83171252376562,"pearson_r, entropy_reduction_ratio, mutual_information",0.0,0.0,0.0,0.0,0.37973654909433796
intent_com.baidu.android.pushservice.action.media.CLICK,0,0.07594730981886759,0.15189461963773518,605.5,90.83171252376562,"pearson_r, entropy_reduction_ratio, mutual_information",0.0,0.0,0.0,0.0,0.37973654909433796
intent_com.baidu.android.pushservice.action.BIND_SYNC,0,0.07594730981886759,0.15189461963773518,605.5,90.83171252376562,"pearson_r, entropy_reduction_ratio, mutual_information",0.0,0.0,0.0,0.0,0.37973654909433796
intent_com.baidu.android.pushservice.action.notification.CLICK,0,0.07594730981886759,0.15189461963773518,605.5,90.83171252376562,"pearson_r, entropy_reduction_ratio, mutual_information",0.0,0.0,0.0,0.0,0.37973654909433796
perm_ACCESS_WIFI_STATE,0,0.07594730981886759,0.15189461963773518,605.5,90.83171252376562,"pearson_r, entropy_reduction_ratio, mutual_information",0.0,0.0,0.0,0.0,0.37973654909433796
perm_android.permission.GET_INTENT_SENDER_INTENT,0,0.07594730981886759,0.15189461963773518,605.5,90.83171252376562,"pearson_r, entropy_reduction_ratio, mutual_information",0.0,0.0,0.0,0.0,0.37973654909433796
intent_com.umeng.message.autoupdate.handler.action,0,0.07594730981886759,0.15189461963773518,605.5,90.83171252376562,"pearson_r, entropy_reduction_ratio, mutual_information",0.0,0.0,0.0,0.0,0.37973654909433796
intent_com.umeng.message.unregistercallback.action,0,0.07594730981886759,0.15189461963773518,605.5,90.83171252376562,"pearson_r, entropy_reduction_ratio, mutual_information",0.0,0.0,0.0,0.0,0.37973654909433796
perm_android.permission.WRITE_CLIPS,0,0.07594730981886759,0.15189461963773518,605.5,90.83171252376562,"pearson_r, entropy_reduction_ratio, mutual_information",0.0,0.0,0.0,0.0,0.37973654909433796
intent_com.qihoo.appstore.APPWATCHER_CHANGE_TIME,0,0.07594730981886759,0.15189461963773518,605.5,90.83171252376562,"pearson_r, entropy_reduction_ratio, mutual_information",0.0,0.0,0.0,0.0,0.37973654909433796
perm_qiku.permission.RECEIVE_ACTIVITY_RESUMED,0,0.07594730981886759,0.15189461963773518,605.5,90.83171252376562,"pearson_r, entropy_reduction_ratio, mutual_information",0.0,0.0,0.0,0.0,0.37973654909433796
intent_co.ronash.pushe.ACTION_TASK_READY,0,0.07594730981886759,0.15189461963773518,605.5,90.83171252376562,"pearson_r, entropy_reduction_ratio, mutual_information",0.0,0.0,0.0,0.0,0.37973654909433796
intent_co.ronash.pushe.CHECK_TASKS,0,0.07594730981886759,0.15189461963773518,605.5,90.83171252376562,"pearson_r, entropy_reduction_ratio, mutual_information",0.0,0.0,0.0,0.0,0.37973654909433796
perm_com.google.android.launcher.permission.WRITE_SETTINGS,0,0.07594730981886759,0.15189461963773518,605.5,90.83171252376562,"pearson_r, entropy_reduction_ratio, mutual_information",0.0,0.0,0.0,0.0,0.37973654909433796
perm_com.xiaomi.sdk.permission.PAYMENT,0,0.07594730981886759,0.15189461963773518,605.5,90.83171252376562,"pearson_r, entropy_reduction_ratio, mutual_information",0.0,0.0,0.0,0.0,0.37973654909433796
intent_android.intent.action.SIG_STR,0,0.07594730981886759,0.15189461963773518,605.5,90.83171252376562,"pearson_r, entropy_reduction_ratio, mutual_information",0.0,0.0,0.0,0.0,0.37973654909433796
perm_android.permission.LOCAL_MAC_ADDRESS,0,0.07594730981886759,0.15189461963773518,605.5,90.83171252376562,"pearson_r, entropy_reduction_ratio, mutual_information",0.0,0.0,0.0,0.0,0.37973654909433796
intent_com.unicom.xiaowo.security.RECEIVER_CMD,0,0.07594730981886759,0.15189461963773518,605.5,90.83171252376562,"pearson_r, entropy_reduction_ratio, mutual_information",0.0,0.0,0.0,0.0,0.37973654909433796
intent_com.excelliance.kxqp.platform.action.CRASH_REPORT,0,0.07594730981886759,0.15189461963773518,605.5,90.83171252376562,"pearson_r, entropy_reduction_ratio, mutual_information",0.0,0.0,0.0,0.0,0.37973654909433796
intent_oh.rt.hj.j.g,0,0.07594730981886759,0.15189461963773518,605.5,90.83171252376562,"pearson_r, entropy_reduction_ratio, mutual_information",0.0,0.0,0.0,0.0,0.37973654909433796
intent_com.door.pay.sdk.app.action,0,0.07594730981886759,0.15189461963773518,605.5,90.83171252376562,"pearson_r, entropy_reduction_ratio, mutual_information",0.0,0.0,0.0,0.0,0.37973654909433796
intent_com.amir.nightjar.service.BUFFER_SERVICES,0,0.07594730981886759,0.15189461963773518,605.5,90.83171252376562,"pearson_r, entropy_reduction_ratio, mutual_information",0.0,0.0,0.0,0.0,0.37973654909433796
perm_com.meizu.flyme.push.permission.RECEIVE,0,0.07594730981886759,0.15189461963773518,605.5,90.83171252376562,"pearson_r, entropy_reduction_ratio, mutual_information",0.0,0.0,0.0,0.0,0.37973654909433796
intent_android.intent.action.DOWNLOAD_WAKEUP,0,0.07594730981886759,0.15189461963773518,605.5,90.83171252376562,"pearson_r, entropy_reduction_ratio, mutual_information",0.0,0.0,0.0,0.0,0.37973654909433796
intent_android.intent.action.SEND_MULTIPLE,0,0.07594730981886759,0.15189461963773518,605.5,90.83171252376562,"pearson_r, entropy_reduction_ratio, mutual_information",0.0,0.0,0.0,0.0,0.37973654909433796
perm_cn.swiftpass.wxpay.permission.MMOAUTH_CALLBACK,0,0.07594730981886759,0.15189461963773518,605.5,90.83171252376562,"pearson_r, entropy_reduction_ratio, mutual_information",0.0,0.0,0.0,0.0,0.37973654909433796
intent_android.intent.action.DOWNLOAD_WAKEUP.sogou,0,0.07594730981886759,0.15189461963773518,605.5,90.83171252376562,"pearson_r, entropy_reduction_ratio, mutual_information",0.0,0.0,0.0,0.0,0.37973654909433796
perm_android.permission.PREVENT_POWER_KEY,0,0.07594730981886759,0.15189461963773518,605.5,90.83171252376562,"pearson_r, entropy_reduction_ratio, mutual_information",0.0,0.0,0.0,0.0,0.37973654909433796
perm_android.permission.DIAGNOSTIC,0,0.07594730981886759,0.15189461963773518,605.5,90.83171252376562,"pearson_r, entropy_reduction_ratio, mutual_information",0.0,0.0,0.0,0.0,0.37973654909433796
intent_downfile,0,0.07594730981886759,0.15189461963773518,605.5,90.83171252376562,"pearson_r, entropy_reduction_ratio, mutual_information",0.0,0.0,0.0,0.0,0.37973654909433796
intent_com.excelliance.appmate.share,0,0.07594730981886759,0.15189461963773518,605.5,90.83171252376562,"pearson_r, entropy_reduction_ratio, mutual_information",0.0,0.0,0.0,0.0,0.37973654909433796
intent_com.excelliance.appmate.platform.gameservice.PlatService,0,0.07594730981886759,0.15189461963773518,605.5,90.83171252376562,"pearson_r, entropy_reduction_ratio, mutual_information",0.0,0.0,0.0,0.0,0.37973654909433796
intent_com.excelliance.kxqp.action.SmtServService,0,0.07594730981886759,0.15189461963773518,605.5,90.83171252376562,"pearson_r, entropy_reduction_ratio, mutual_information",0.0,0.0,0.0,0.0,0.37973654909433796
intent_com.excelliance.kxqp.action.GENERIC,0,0.07594730981886759,0.15189461963773518,605.5,90.83171252376562,"pearson_r, entropy_reduction_ratio, mutual_information",0.0,0.0,0.0,0.0,0.37973654909433796
perm_com.facebook.katana.permission.RECEIVE_ADM_MESSAGE,0,0.07594730981886759,0.15189461963773518,605.5,90.83171252376562,"pearson_r, entropy_reduction_ratio, mutual_information",0.0,0.0,0.0,0.0,0.37973654909433796
perm_com.facebook.permission.prod.SYSTEM_COMMUNICATION,0,0.07594730981886759,0.15189461963773518,605.5,90.83171252376562,"pearson_r, entropy_reduction_ratio, mutual_information",0.0,0.0,0.0,0.0,0.37973654909433796
perm_com.facebook.katana.permission.C2D_MESSAGE,0,0.07594730981886759,0.15189461963773518,605.5,90.83171252376562,"pearson_r, entropy_reduction_ratio, mutual_information",0.0,0.0,0.0,0.0,0.37973654909433796
intent_com.excelliance.kxqp.action.smtsrv,0,0.07594730981886759,0.15189461963773518,605.5,90.83171252376562,"pearson_r, entropy_reduction_ratio, mutual_information",0.0,0.0,0.0,0.0,0.37973654909433796
intent_com.excelliance.kxqp.action.init,0,0.07594730981886759,0.15189461963773518,605.5,90.83171252376562,"pearson_r, entropy_reduction_ratio, mutual_information",0.0,0.0,0.0,0.0,0.37973654909433796
perm_com.bbk.launcher2.permission.WRITE_SETTINGS,0,0.07594730981886759,0.15189461963773518,605.5,90.83171252376562,"pearson_r, entropy_reduction_ratio, mutual_information",0.0,0.0,0.0,0.0,0.37973654909433796
intent_show_setting_page,0,0.07594730981886759,0.15189461963773518,605.5,90.83171252376562,"pearson_r, entropy_reduction_ratio, mutual_information",0.0,0.0,0.0,0.0,0.37973654909433796
intent_show_start_app,0,0.07594730981886759,0.15189461963773518,605.5,90.83171252376562,"pearson_r, entropy_reduction_ratio, mutual_information",0.0,0.0,0.0,0.0,0.37973654909433796
intent_show_taskmanager,0,0.07594730981886759,0.15189461963773518,605.5,90.83171252376562,"pearson_r, entropy_reduction_ratio, mutual_information",0.0,0.0,0.0,0.0,0.37973654909433796
intent_com.excelliance.kxqp.platform.action.BADGE_REPORT,0,0.07594730981886759,0.15189461963773518,605.5,90.83171252376562,"pearson_r, entropy_reduction_ratio, mutual_information",0.0,0.0,0.0,0.0,0.37973654909433796
intent_com.easou.eyou.START_EPAY_PROXY_SERVICE,0,0.07594730981886759,0.15189461963773518,605.5,90.83171252376562,"pearson_r, entropy_reduction_ratio, mutual_information",0.0,0.0,0.0,0.0,0.37973654909433796
intent_android.easou.eyou.SEND_SMS_RESULT,0,0.07594730981886759,0.15189461963773518,605.5,90.83171252376562,"pearson_r, entropy_reduction_ratio, mutual_information",0.0,0.0,0.0,0.0,0.37973654909433796
intent_co.ronash.pushe.RECEIVE,0,0.07594730981886759,0.15189461963773518,605.5,90.83171252376562,"pearson_r, entropy_reduction_ratio, mutual_information",0.0,0.0,0.0,0.0,0.37973654909433796
perm_com.aspire.mm.permission.READ_SETTINGS,0,0.07594730981886759,0.15189461963773518,605.5,90.83171252376562,"pearson_r, entropy_reduction_ratio, mutual_information",0.0,0.0,0.0,0.0,0.37973654909433796
perm_com.fx.launcher.permission.READ_SETTINGS,0,0.07594730981886759,0.15189461963773518,605.5,90.83171252376562,"pearson_r, entropy_reduction_ratio, mutual_information",0.0,0.0,0.0,0.0,0.37973654909433796
intent_com.baidu.autoupdatesdk.ACTION_NEW_UPDATE,0,0.07594730981886759,0.15189461963773518,605.5,90.83171252376562,"pearson_r, entropy_reduction_ratio, mutual_information",0.0,0.0,0.0,0.0,0.37973654909433796
intent_com.baidu.autoupdatesdk.ACTION_NEW_AS,0,0.07594730981886759,0.15189461963773518,605.5,90.83171252376562,"pearson_r, entropy_reduction_ratio, mutual_information",0.0,0.0,0.0,0.0,0.37973654909433796
intent_com.baidu.autoupdatesdk.ACTION_DOWNLOAD_COMPLETE,0,0.07594730981886759,0.15189461963773518,605.5,90.83171252376562,"pearson_r, entropy_reduction_ratio, mutual_information",0.0,0.0,0.0,0.0,0.37973654909433796
perm_com.facebook.receiver.permission.ACCESS,0,0.07594730981886759,0.15189461963773518,605.5,90.83171252376562,"pearson_r, entropy_reduction_ratio, mutual_information",0.0,0.0,0.0,0.0,0.37973654909433796
perm_com.mediatek.launcherplus.permission.READ_SETTINGS,0,0.07594730981886759,0.15189461963773518,605.5,90.83171252376562,"pearson_r, entropy_reduction_ratio, mutual_information",0.0,0.0,0.0,0.0,0.37973654909433796
perm_mobi.SyndicateApps.ICS.launcher.permission.READ_SETTINGS,0,0.07594730981886759,0.15189461963773518,605.5,90.83171252376562,"pearson_r, entropy_reduction_ratio, mutual_information",0.0,0.0,0.0,0.0,0.37973654909433796
perm_com.motorola.mmsp.motoswitch.permission.READ_SETTINGS,0,0.07594730981886759,0.15189461963773518,605.5,90.83171252376562,"pearson_r, entropy_reduction_ratio, mutual_information",0.0,0.0,0.0,0.0,0.37973654909433796
perm_com.thunderst.launcher.permission.READ_SETTINGS,0,0.07594730981886759,0.15189461963773518,605.5,90.83171252376562,"pearson_r, entropy_reduction_ratio, mutual_information",0.0,0.0,0.0,0.0,0.37973654909433796
perm_com.motorola.dock.DesktopDock.permission.READ_SETTINGS,0,0.07594730981886759,0.15189461963773518,605.5,90.83171252376562,"pearson_r, entropy_reduction_ratio, mutual_information",0.0,0.0,0.0,0.0,0.37973654909433796
perm_com.yulong2.android.launcher.permission.WRITE_SETTINGS,0,0.07594730981886759,0.15189461963773518,605.5,90.83171252376562,"pearson_r, entropy_reduction_ratio, mutual_information",0.0,0.0,0.0,0.0,0.37973654909433796
perm_com.yulong3.android.launcher.permission.WRITE_SETTINGS,0,0.07594730981886759,0.15189461963773518,605.5,90.83171252376562,"pearson_r, entropy_reduction_ratio, mutual_information",0.0,0.0,0.0,0.0,0.37973654909433796
perm_com.yulong3.android.launcher.permission.READ_SETTINGS,0,0.07594730981886759,0.15189461963773518,605.5,90.83171252376562,"pearson_r, entropy_reduction_ratio, mutual_information",0.0,0.0,0.0,0.0,0.37973654909433796
perm_com.yulong.android.launcher.permission.WRITE_SETTINGS,0,0.07594730981886759,0.15189461963773518,605.5,90.83171252376562,"pearson_r, entropy_reduction_ratio, mutual_information",0.0,0.0,0.0,0.0,0.37973654909433796
intent_android.intent.action.PUSH_NOTIFY_ALARM,0,0.07594730981886759,0.15189461963773518,605.5,90.83171252376562,"pearson_r, entropy_reduction_ratio, mutual_information",0.0,0.0,0.0,0.0,0.37973654909433796
perm_android.permission.WRITE_APN_SETTING,0,0.07594730981886759,0.15189461963773518,605.5,90.83171252376562,"pearson_r, entropy_reduction_ratio, mutual_information",0.0,0.0,0.0,0.0,0.37973654909433796
intent_android.intent.action.DOWNLOAD_NOTIFICATION_CLICKED,0,0.07594730981886759,0.15189461963773518,605.5,90.83171252376562,"pearson_r, entropy_reduction_ratio, mutual_information",0.0,0.0,0.0,0.0,0.37973654909433796
perm_com.motorola.dlauncher.permission.READ_SETTINGS,0,0.07594730981886759,0.15189461963773518,605.5,90.83171252376562,"pearson_r, entropy_reduction_ratio, mutual_information",0.0,0.0,0.0,0.0,0.37973654909433796
perm_com.tencent.mm.ext.permission.WRITE,0,0.07594730981886759,0.15189461963773518,605.5,90.83171252376562,"pearson_r, entropy_reduction_ratio, mutual_information",0.0,0.0,0.0,0.0,0.37973654909433796
perm_com.tencent.mm.plugin.permission.WRITE,0,0.07594730981886759,0.15189461963773518,605.5,90.83171252376562,"pearson_r, entropy_reduction_ratio, mutual_information",0.0,0.0,0.0,0.0,0.37973654909433796
intent_com.baoruan.launcher3.ACTION_THEME,0,0.07594730981886759,0.15189461963773518,605.5,90.83171252376562,"pearson_r, entropy_reduction_ratio, mutual_information",0.0,0.0,0.0,0.0,0.37973654909433796
intent_android.Intent.ACTION_NEW_OUTGOING_CALL,0,0.07594730981886759,0.15189461963773518,605.5,90.83171252376562,"pearson_r, entropy_reduction_ratio, mutual_information",0.0,0.0,0.0,0.0,0.37973654909433796
perm_com.android.email.permission.READ_ATTACHMENT,0,0.07594730981886759,0.15189461963773518,605.5,90.83171252376562,"pearson_r, entropy_reduction_ratio, mutual_information",0.0,0.0,0.0,0.0,0.37973654909433796
intent_show_fold,0,0.07594730981886759,0.15189461963773518,605.5,90.83171252376562,"pearson_r, entropy_reduction_ratio, mutual_information",0.0,0.0,0.0,0.0,0.37973654909433796
intent_com.excelliance.kxqp.action.swpmain,0,0.07594730981886759,0.15189461963773518,605.5,90.83171252376562,"pearson_r, entropy_reduction_ratio, mutual_information",0.0,0.0,0.0,0.0,0.37973654909433796
intent_com.excelliance.kxqp.action.swpsrv,0,0.07594730981886759,0.15189461963773518,605.5,90.83171252376562,"pearson_r, entropy_reduction_ratio, mutual_information",0.0,0.0,0.0,0.0,0.37973654909433796
intent_android.intent.action.BATTERY_CHANGED_ACTION,0,0.07594730981886759,0.15189461963773518,605.5,90.83171252376562,"pearson_r, entropy_reduction_ratio, mutual_information",0.0,0.0,0.0,0.0,0.37973654909433796
intent_android.intent.action.MEDIA_CHECKING,0,0.07594730981886759,0.15189461963773518,605.5,90.83171252376562,"pearson_r, entropy_reduction_ratio, mutual_information",0.0,0.0,0.0,0.0,0.37973654909433796
intent_com.tencent.android.tpush.action.SDK,0,0.07594730981886759,0.15189461963773518,605.5,90.83171252376562,"pearson_r, entropy_reduction_ratio, mutual_information",0.0,0.0,0.0,0.0,0.37973654909433796
intent_com.tencent.android.tpush.action.INTERNAL_PUSH_MESSAGE,0,0.07594730981886759,0.15189461963773518,605.5,90.83171252376562,"pearson_r, entropy_reduction_ratio, mutual_information",0.0,0.0,0.0,0.0,0.37973654909433796
perm_android.permission.ACCESS_CHECKIN_PROPERTIES,0,0.07594730981886759,0.15189461963773518,605.5,90.83171252376562,"pearson_r, entropy_reduction_ratio, mutual_information",0.0,0.0,0.0,0.0,0.37973654909433796
intent_show_helpcontent,0,0.07594730981886759,0.15189461963773518,605.5,90.83171252376562,"pearson_r, entropy_reduction_ratio, mutual_information",0.0,0.0,0.0,0.0,0.37973654909433796
perm_android.permission.RAISED_THREAD_PRIORITY,0,0.07594730981886759,0.15189461963773518,605.5,90.83171252376562,"pearson_r, entropy_reduction_ratio, mutual_information",0.0,0.0,0.0,0.0,0.37973654909433796
perm_xvtian.gai.receiver,0,0.07594730981886759,0.15189461963773518,605.5,90.83171252376562,"pearson_r, entropy_reduction_ratio, mutual_information",0.0,0.0,0.0,0.0,0.37973654909433796
perm_com.lenovo.launcher.permission.WRITE_SETTINGS,0,0.07594730981886759,0.15189461963773518,605.5,90.83171252376562,"pearson_r, entropy_reduction_ratio, mutual_information",0.0,0.0,0.0,0.0,0.37973654909433796
intent_com.qihoo.psdk.service.action.remote,0,0.07594730981886759,0.15189461963773518,605.5,90.83171252376562,"pearson_r, entropy_reduction_ratio, mutual_information",0.0,0.0,0.0,0.0,0.37973654909433796
intent_com.dzbook.service.PerpareDataService,0,0.07594730981886759,0.15189461963773518,605.5,90.83171252376562,"pearson_r, entropy_reduction_ratio, mutual_information",0.0,0.0,0.0,0.0,0.37973654909433796
intent_com.esbook.receiver.message,0,0.07594730981886759,0.15189461963773518,605.5,90.83171252376562,"pearson_r, entropy_reduction_ratio, mutual_information",0.0,0.0,0.0,0.0,0.37973654909433796
intent_com.qihoo.commonreceiver.ARRIVED,0,0.07594730981886759,0.15189461963773518,605.5,90.83171252376562,"pearson_r, entropy_reduction_ratio, mutual_information",0.0,0.0,0.0,0.0,0.37973654909433796
intent_safiap.framework.ACTION_NETWORK_ERROR,0,0.07594730981886759,0.15189461963773518,605.5,90.83171252376562,"pearson_r, entropy_reduction_ratio, mutual_information",0.0,0.0,0.0,0.0,0.37973654909433796
intent_com.easou.eyou.START_EPAY_PROXY_ACTIVITY,0,0.07594730981886759,0.15189461963773518,605.5,90.83171252376562,"pearson_r, entropy_reduction_ratio, mutual_information",0.0,0.0,0.0,0.0,0.37973654909433796
perm_com.miui.mihome2.permission.READ_SETTINGS,0,0.07594730981886759,0.15189461963773518,605.5,90.83171252376562,"pearson_r, entropy_reduction_ratio, mutual_information",0.0,0.0,0.0,0.0,0.37973654909433796
intent_aspire.iap.SMS_DELIVERED_ACTION,0,0.07594730981886759,0.15189461963773518,605.5,90.83171252376562,"pearson_r, entropy_reduction_ratio, mutual_information",0.0,0.0,0.0,0.0,0.37973654909433796
intent_com.igexin.sdk.action.64kVIzqls49c7TJxrBbWG4,0,0.07594730981886759,0.15189461963773518,605.5,90.83171252376562,"pearson_r, entropy_reduction_ratio, mutual_information",0.0,0.0,0.0,0.0,0.37973654909433796
intent_com.sogou.pushservice.action.METHOD,0,0.07594730981886759,0.15189461963773518,605.5,90.83171252376562,"pearson_r, entropy_reduction_ratio, mutual_information",0.0,0.0,0.0,0.0,0.37973654909433796
intent_show_about,0,0.07594730981886759,0.15189461963773518,605.5,90.83171252376562,"pearson_r, entropy_reduction_ratio, mutual_information",0.0,0.0,0.0,0.0,0.37973654909433796
intent_show_lock_set_email,0,0.07594730981886759,0.15189461963773518,605.5,90.83171252376562,"pearson_r, entropy_reduction_ratio, mutual_information",0.0,0.0,0.0,0.0,0.37973654909433796
intent_show_feedback,0,0.07594730981886759,0.15189461963773518,605.5,90.83171252376562,"pearson_r, entropy_reduction_ratio, mutual_information",0.0,0.0,0.0,0.0,0.37973654909433796
intent_com.yuetu.shentu.Intent.WECHAT_AUTH,0,0.07594730981886759,0.15189461963773518,605.5,90.83171252376562,"pearson_r, entropy_reduction_ratio, mutual_information",0.0,0.0,0.0,0.0,0.37973654909433796
perm_com.miui.mihome2.permission.WRITE_SETTINGS,0,0.07594730981886759,0.15189461963773518,605.5,90.83171252376562,"pearson_r, entropy_reduction_ratio, mutual_information",0.0,0.0,0.0,0.0,0.37973654909433796
perm_android.permission.MOUNT_FORMAT_FILESYSTEMS,0,0.07594730981886759,0.15189461963773518,605.5,90.83171252376562,"pearson_r, entropy_reduction_ratio, mutual_information",0.0,0.0,0.0,0.0,0.37973654909433796
intent_com.huawei.android.push.intent.RECEIVE,0,0.07594730981886759,0.15189461963773518,605.5,90.83171252376562,"pearson_r, entropy_reduction_ratio, mutual_information",0.0,0.0,0.0,0.0,0.37973654909433796
intent_android.intent.apicloud.notification,0,0.07594730981886759,0.15189461963773518,605.5,90.83171252376562,"pearson_r, entropy_reduction_ratio, mutual_information",0.0,0.0,0.0,0.0,0.37973654909433796
intent_com.qihoo.sdkplugging.host.proxy.activity.VIEW,0,0.07594730981886759,0.15189461963773518,605.5,90.83171252376562,"pearson_r, entropy_reduction_ratio, mutual_information",0.0,0.0,0.0,0.0,0.37973654909433796
intent_com.xiaomi.hy.push.client.ONCLICK,0,0.07594730981886759,0.15189461963773518,605.5,90.83171252376562,"pearson_r, entropy_reduction_ratio, mutual_information",0.0,0.0,0.0,0.0,0.37973654909433796
intent_com.excelliance.dualaid.platform.gameplugin.action.START_FROM_SHORTCUT,0,0.07594730981886759,0.15189461963773518,605.5,90.83171252376562,"pearson_r, entropy_reduction_ratio, mutual_information",0.0,0.0,0.0,0.0,0.37973654909433796
intent_com.excelliance.dualaid.action.psjardl,0,0.07594730981886759,0.15189461963773518,605.5,90.83171252376562,"pearson_r, entropy_reduction_ratio, mutual_information",0.0,0.0,0.0,0.0,0.37973654909433796
intent_com.excelliance.dualaid.action.download,0,0.07594730981886759,0.15189461963773518,605.5,90.83171252376562,"pearson_r, entropy_reduction_ratio, mutual_information",0.0,0.0,0.0,0.0,0.37973654909433796
perm_com.android.agedlauncher.permission.READ_SETTINGS,0,0.07594730981886759,0.15189461963773518,605.5,90.83171252376562,"pearson_r, entropy_reduction_ratio, mutual_information",0.0,0.0,0.0,0.0,0.37973654909433796
intent_com.example.servicejar.action.SHORTCUT_CLICKED,0,0.07594730981886759,0.15189461963773518,605.5,90.83171252376562,"pearson_r, entropy_reduction_ratio, mutual_information",0.0,0.0,0.0,0.0,0.37973654909433796
intent_com.example.servicejar.action.START_ASSIST,0,0.07594730981886759,0.15189461963773518,605.5,90.83171252376562,"pearson_r, entropy_reduction_ratio, mutual_information",0.0,0.0,0.0,0.0,0.37973654909433796
perm_com.android.agedlauncher.permission.WRITE_SETTINGS,0,0.07594730981886759,0.15189461963773518,605.5,90.83171252376562,"pearson_r, entropy_reduction_ratio, mutual_information",0.0,0.0,0.0,0.0,0.37973654909433796
perm_com.xiaomi.permission.AUTH_SERVICE,0,0.07594730981886759,0.15189461963773518,605.5,90.83171252376562,"pearson_r, entropy_reduction_ratio, mutual_information",0.0,0.0,0.0,0.0,0.37973654909433796
intent_androidx.work.impl.background.systemalarm.UpdateProxies,0,0.07594730981886759,0.15189461963773518,605.5,90.83171252376562,"pearson_r, entropy_reduction_ratio, mutual_information",0.0,0.0,0.0,0.0,0.37973654909433796
intent_com.getui.gis.action.64kVIzqls49c7TJxrBbWG4,0,0.07594730981886759,0.15189461963773518,605.5,90.83171252376562,"pearson_r, entropy_reduction_ratio, mutual_information",0.0,0.0,0.0,0.0,0.37973654909433796
perm_com.android.launcher.permission.CREATE_SHORTCUT,0,0.07594730981886759,0.15189461963773518,605.5,90.83171252376562,"pearson_r, entropy_reduction_ratio, mutual_information",0.0,0.0,0.0,0.0,0.37973654909433796
intent_com.excelliance.dualaid.action.phone_res_download,0,0.07594730981886759,0.15189461963773518,605.5,90.83171252376562,"pearson_r, entropy_reduction_ratio, mutual_information",0.0,0.0,0.0,0.0,0.37973654909433796
intent_android.intent.action.mainintentex,0,0.07594730981886759,0.15189461963773518,605.5,90.83171252376562,"pearson_r, entropy_reduction_ratio, mutual_information",0.0,0.0,0.0,0.0,0.37973654909433796
intent_com.google.Ps.Download,0,0.07594730981886759,0.15189461963773518,605.5,90.83171252376562,"pearson_r, entropy_reduction_ratio, mutual_information",0.0,0.0,0.0,0.0,0.37973654909433796
intent_com.Remind.alarm.enable,0,0.07594730981886759,0.15189461963773518,605.5,90.83171252376562,"pearson_r, entropy_reduction_ratio, mutual_information",0.0,0.0,0.0,0.0,0.37973654909433796
intent_com.excelliance.dualaid.action.pg,0,0.07594730981886759,0.15189461963773518,605.5,90.83171252376562,"pearson_r, entropy_reduction_ratio, mutual_information",0.0,0.0,0.0,0.0,0.37973654909433796
perm_com.android.permission.WRITE_APN_SETTINGS,0,0.07594730981886759,0.15189461963773518,605.5,90.83171252376562,"pearson_r, entropy_reduction_ratio, mutual_information",0.0,0.0,0.0,0.0,0.37973654909433796
perm_yulong.permission.ACCESS_YLPARAMS,0,0.07594730981886759,0.15189461963773518,605.5,90.83171252376562,"pearson_r, entropy_reduction_ratio, mutual_information",0.0,0.0,0.0,0.0,0.37973654909433796
intent_safiap.framework.ACTION_TO_UPDATE,0,0.07594730981886759,0.15189461963773518,605.5,90.83171252376562,"pearson_r, entropy_reduction_ratio, mutual_information",0.0,0.0,0.0,0.0,0.37973654909433796
intent_com.meizu.c2dm.intent.REGISTRATION,0,0.07594730981886759,0.15189461963773518,605.5,90.83171252376562,"pearson_r, entropy_reduction_ratio, mutual_information",0.0,0.0,0.0,0.0,0.37973654909433796
intent_com.baidu.action.Techain.VIEW,0,0.07594730981886759,0.15189461963773518,605.5,90.83171252376562,"pearson_r, entropy_reduction_ratio, mutual_information",0.0,0.0,0.0,0.0,0.37973654909433796
intent_android.intent.action.UMS_DISCONNECTED,0,0.07594730981886759,0.15189461963773518,605.5,90.83171252376562,"pearson_r, entropy_reduction_ratio, mutual_information",0.0,0.0,0.0,0.0,0.37973654909433796
intent_com.meizu.flyme.push.intent.REGISTER.FEEDBACK,0,0.07594730981886759,0.15189461963773518,605.5,90.83171252376562,"pearson_r, entropy_reduction_ratio, mutual_information",0.0,0.0,0.0,0.0,0.37973654909433796
intent_com.mobiletool.appstore.action.extend,0,0.07594730981886759,0.15189461963773518,605.5,90.83171252376562,"pearson_r, entropy_reduction_ratio, mutual_information",0.0,0.0,0.0,0.0,0.37973654909433796
intent_com.mobiletool.appstore.service.weatherservice,0,0.07594730981886759,0.15189461963773518,605.5,90.83171252376562,"pearson_r, entropy_reduction_ratio, mutual_information",0.0,0.0,0.0,0.0,0.37973654909433796
intent_com.mobiletool.appstore.service.weathernotifyreceiver,0,0.07594730981886759,0.15189461963773518,605.5,90.83171252376562,"pearson_r, entropy_reduction_ratio, mutual_information",0.0,0.0,0.0,0.0,0.37973654909433796
intent_com.Remind.launch.app,0,0.07594730981886759,0.15189461963773518,605.5,90.83171252376562,"pearson_r, entropy_reduction_ratio, mutual_information",0.0,0.0,0.0,0.0,0.37973654909433796
intent_com.mobiletool.appstore.action.wap,0,0.07594730981886759,0.15189461963773518,605.5,90.83171252376562,"pearson_r, entropy_reduction_ratio, mutual_information",0.0,0.0,0.0,0.0,0.37973654909433796
intent_com.mobiletool.appstore.action.update,0,0.07594730981886759,0.15189461963773518,605.5,90.83171252376562,"pearson_r, entropy_reduction_ratio, mutual_information",0.0,0.0,0.0,0.0,0.37973654909433796
perm_android.permission.WRITE_APN_STORAGE,0,0.07594730981886759,0.15189461963773518,605.5,90.83171252376562,"pearson_r, entropy_reduction_ratio, mutual_information",0.0,0.0,0.0,0.0,0.37973654909433796
intent_com.mobiletool.appstore.intent.action.COMMAND,0,0.07594730981886759,0.15189461963773518,605.5,90.83171252376562,"pearson_r, entropy_reduction_ratio, mutual_information",0.0,0.0,0.0,0.0,0.37973654909433796
intent_com.mobiletool.appstore.action.BackgroundService,0,0.07594730981886759,0.15189461963773518,605.5,90.83171252376562,"pearson_r, entropy_reduction_ratio, mutual_information",0.0,0.0,0.0,0.0,0.37973654909433796
intent_com.mobiletool.appstore.action.appdetail,0,0.07594730981886759,0.15189461963773518,605.5,90.83171252376562,"pearson_r, entropy_reduction_ratio, mutual_information",0.0,0.0,0.0,0.0,0.37973654909433796
intent_com.qihoo.sdkplugging.host.service.CommonHostProxyService,0,0.07594730981886759,0.15189461963773518,605.5,90.83171252376562,"pearson_r, entropy_reduction_ratio, mutual_information",0.0,0.0,0.0,0.0,0.37973654909433796
intent_com.mobiletool.appstore.action.backtomarket,0,0.07594730981886759,0.15189461963773518,605.5,90.83171252376562,"pearson_r, entropy_reduction_ratio, mutual_information",0.0,0.0,0.0,0.0,0.37973654909433796
intent_com.mobiletool.appstore.action.download,0,0.07594730981886759,0.15189461963773518,605.5,90.83171252376562,"pearson_r, entropy_reduction_ratio, mutual_information",0.0,0.0,0.0,0.0,0.37973654909433796
intent_com.mobiletool.appstore.action.service,0,0.07594730981886759,0.15189461963773518,605.5,90.83171252376562,"pearson_r, entropy_reduction_ratio, mutual_information",0.0,0.0,0.0,0.0,0.37973654909433796
intent_intent.action.HEJU,0,0.07594730981886759,0.15189461963773518,605.5,90.83171252376562,"pearson_r, entropy_reduction_ratio, mutual_information",0.0,0.0,0.0,0.0,0.37973654909433796
perm_com.meizu.c2dm.permission.RECEIVE,0,0.07594730981886759,0.15189461963773518,605.5,90.83171252376562,"pearson_r, entropy_reduction_ratio, mutual_information",0.0,0.0,0.0,0.0,0.37973654909433796
perm_com.facebook.permission.prod.FB_APP_COMMUNICATION,0,0.07594730981886759,0.15189461963773518,605.5,90.83171252376562,"pearson_r, entropy_reduction_ratio, mutual_information",0.0,0.0,0.0,0.0,0.37973654909433796
intent_com.qihoo360.accounts.action.START_SERVICE,0,0.07594730981886759,0.15189461963773518,605.5,90.83171252376562,"pearson_r, entropy_reduction_ratio, mutual_information",0.0,0.0,0.0,0.0,0.37973654909433796
intent_com.huawei.android.push.intent.CLICK,0,0.07594730981886759,0.15189461963773518,605.5,90.83171252376562,"pearson_r, entropy_reduction_ratio, mutual_information",0.0,0.0,0.0,0.0,0.37973654909433796
intent_com.kingroot.kinguser.gamebox.ACTION_GAME_ADDED,0,0.07594730981886759,0.15189461963773518,605.5,90.83171252376562,"pearson_r, entropy_reduction_ratio, mutual_information",0.0,0.0,0.0,0.0,0.37973654909433796
intent_com.qihoo.appstore.reservation.alarm,0,0.07594730981886759,0.15189461963773518,605.5,90.83171252376562,"pearson_r, entropy_reduction_ratio, mutual_information",0.0,0.0,0.0,0.0,0.37973654909433796
intent_com.qihoo.appstore.download_some_apk,0,0.07594730981886759,0.15189461963773518,605.5,90.83171252376562,"pearson_r, entropy_reduction_ratio, mutual_information",0.0,0.0,0.0,0.0,0.37973654909433796
intent_com.kingroot.common.ACTION_TOP_APP_CHANGED,0,0.07594730981886759,0.15189461963773518,605.5,90.83171252376562,"pearson_r, entropy_reduction_ratio, mutual_information",0.0,0.0,0.0,0.0,0.37973654909433796
intent_com.kingroot.common.ACTION_TOP_ACTIVITY_CHANGED,0,0.07594730981886759,0.15189461963773518,605.5,90.83171252376562,"pearson_r, entropy_reduction_ratio, mutual_information",0.0,0.0,0.0,0.0,0.37973654909433796
intent_com.kingroot.common.ACTION_SWITCH_OUT_DESKTOP,0,0.07594730981886759,0.15189461963773518,605.5,90.83171252376562,"pearson_r, entropy_reduction_ratio, mutual_information",0.0,0.0,0.0,0.0,0.37973654909433796
intent_com.kingroot.common.ACTION_SWITCH_IN_DESKTOP,0,0.07594730981886759,0.15189461963773518,605.5,90.83171252376562,"pearson_r, entropy_reduction_ratio, mutual_information",0.0,0.0,0.0,0.0,0.37973654909433796
intent_org.agoo.android.intent.action.PING,0,0.07594730981886759,0.15189461963773518,605.5,90.83171252376562,"pearson_r, entropy_reduction_ratio, mutual_information",0.0,0.0,0.0,0.0,0.37973654909433796
perm_qiku.permission.ACCESS_QKPARAMS,0,0.07594730981886759,0.15189461963773518,605.5,90.83171252376562,"pearson_r, entropy_reduction_ratio, mutual_information",0.0,0.0,0.0,0.0,0.37973654909433796
intent_com.excelliance.open.action.apkverchk,0,0.07594730981886759,0.15189461963773518,605.5,90.83171252376562,"pearson_r, entropy_reduction_ratio, mutual_information",0.0,0.0,0.0,0.0,0.37973654909433796
intent_android.intent.action.CONFIGURATION_CHANGED,0,0.07594730981886759,0.15189461963773518,605.5,90.83171252376562,"pearson_r, entropy_reduction_ratio, mutual_information",0.0,0.0,0.0,0.0,0.37973654909433796
intent_com.sogou.androidtool.action.main,0,0.07594730981886759,0.15189461963773518,605.5,90.83171252376562,"pearson_r, entropy_reduction_ratio, mutual_information",0.0,0.0,0.0,0.0,0.37973654909433796
intent_com.sogou.androidtool.action.extend,0,0.07594730981886759,0.15189461963773518,605.5,90.83171252376562,"pearson_r, entropy_reduction_ratio, mutual_information",0.0,0.0,0.0,0.0,0.37973654909433796
perm_com.kingroot.kinguser.permission.activityCalled,0,0.07594730981886759,0.15189461963773518,605.5,90.83171252376562,"pearson_r, entropy_reduction_ratio, mutual_information",0.0,0.0,0.0,0.0,0.37973654909433796
intent_com.chance.service,0,0.07594730981886759,0.15189461963773518,605.5,90.83171252376562,"pearson_r, entropy_reduction_ratio, mutual_information",0.0,0.0,0.0,0.0,0.37973654909433796
intent_com.sogou.androidtool.action.sdk,0,0.07594730981886759,0.15189461963773518,605.5,90.83171252376562,"pearson_r, entropy_reduction_ratio, mutual_information",0.0,0.0,0.0,0.0,0.37973654909433796
intent_com.kingroot.master.action.TRAFFIC_STATISTICS,0,0.07594730981886759,0.15189461963773518,605.5,90.83171252376562,"pearson_r, entropy_reduction_ratio, mutual_information",0.0,0.0,0.0,0.0,0.37973654909433796
intent_com.kingroot.kinguser.service.IKingrootAppList,0,0.07594730981886759,0.15189461963773518,605.5,90.83171252376562,"pearson_r, entropy_reduction_ratio, mutual_information",0.0,0.0,0.0,0.0,0.37973654909433796
intent_com.kingroot.master.action.NAIN_EXIT_NOTIFY,0,0.07594730981886759,0.15189461963773518,605.5,90.83171252376562,"pearson_r, entropy_reduction_ratio, mutual_information",0.0,0.0,0.0,0.0,0.37973654909433796
intent_com.kingroot.master.action.MAIN_EXIT_CHECK,0,0.07594730981886759,0.15189461963773518,605.5,90.83171252376562,"pearson_r, entropy_reduction_ratio, mutual_information",0.0,0.0,0.0,0.0,0.37973654909433796
perm_com.qihoo360.mobilesafe.news.permission.NEWS_SDK_BROADCAST,0,0.07594730981886759,0.15189461963773518,605.5,90.83171252376562,"pearson_r, entropy_reduction_ratio, mutual_information",0.0,0.0,0.0,0.0,0.37973654909433796
intent_com.qihoo.appstore.ACTION_STABLE_NOTIFICATION_CLICK,0,0.07594730981886759,0.15189461963773518,605.5,90.83171252376562,"pearson_r, entropy_reduction_ratio, mutual_information",0.0,0.0,0.0,0.0,0.37973654909433796
intent_com.qihoo.appstore.ACTION_CHECK_PHOTOS,0,0.07594730981886759,0.15189461963773518,605.5,90.83171252376562,"pearson_r, entropy_reduction_ratio, mutual_information",0.0,0.0,0.0,0.0,0.37973654909433796
intent_com.qihoo.appstore.ACTION_CHARGE_START_PLUGIN,0,0.07594730981886759,0.15189461963773518,605.5,90.83171252376562,"pearson_r, entropy_reduction_ratio, mutual_information",0.0,0.0,0.0,0.0,0.37973654909433796
intent_com.secneo.plugin.action.APP_STARTED,0,0.07594730981886759,0.15189461963773518,605.5,90.83171252376562,"pearson_r, entropy_reduction_ratio, mutual_information",0.0,0.0,0.0,0.0,0.37973654909433796
intent_com.secneo.plugin.action.DAILY,0,0.07594730981886759,0.15189461963773518,605.5,90.83171252376562,"pearson_r, entropy_reduction_ratio, mutual_information",0.0,0.0,0.0,0.0,0.37973654909433796
intent_com.secneo.proxy.action.CUSTOM,0,0.07594730981886759,0.15189461963773518,605.5,90.83171252376562,"pearson_r, entropy_reduction_ratio, mutual_information",0.0,0.0,0.0,0.0,0.37973654909433796
intent_com.sogou.androidtool.highspeed,0,0.07594730981886759,0.15189461963773518,605.5,90.83171252376562,"pearson_r, entropy_reduction_ratio, mutual_information",0.0,0.0,0.0,0.0,0.37973654909433796
intent_com.qihoo.appstore.launcher.shortcut.VIDEOWALLPAPER,0,0.07594730981886759,0.15189461963773518,605.5,90.83171252376562,"pearson_r, entropy_reduction_ratio, mutual_information",0.0,0.0,0.0,0.0,0.37973654909433796
intent_com.sogou.androidtool.intent.action.COMMAND,0,0.07594730981886759,0.15189461963773518,605.5,90.83171252376562,"pearson_r, entropy_reduction_ratio, mutual_information",0.0,0.0,0.0,0.0,0.37973654909433796
intent_com.sogou.androidtool.browser.highspeed,0,0.07594730981886759,0.15189461963773518,605.5,90.83171252376562,"pearson_r, entropy_reduction_ratio, mutual_information",0.0,0.0,0.0,0.0,0.37973654909433796
intent_com.qihoo.appstore.utils.ActivityBroadcastReceiver.ACTION_INTENT_TRANSFER,0,0.07594730981886759,0.15189461963773518,605.5,90.83171252376562,"pearson_r, entropy_reduction_ratio, mutual_information",0.0,0.0,0.0,0.0,0.37973654909433796
intent_com.qihoo360.daemon.pcdaemon.ACTION_START_FROM_NOTIFICATION,0,0.07594730981886759,0.15189461963773518,605.5,90.83171252376562,"pearson_r, entropy_reduction_ratio, mutual_information",0.0,0.0,0.0,0.0,0.37973654909433796
intent_com.qihoo.appstore.push.PushNotifyCancelReceiver.ACTION_INTENT_CANCEL,0,0.07594730981886759,0.15189461963773518,605.5,90.83171252376562,"pearson_r, entropy_reduction_ratio, mutual_information",0.0,0.0,0.0,0.0,0.37973654909433796
intent_com.qihoo.appstore.ACTION_LOCK_SCREEN_AD_ADD_LISTENER,0,0.07594730981886759,0.15189461963773518,605.5,90.83171252376562,"pearson_r, entropy_reduction_ratio, mutual_information",0.0,0.0,0.0,0.0,0.37973654909433796
perm_com.qiku.android.launcher3.permission.READ_UNREAD,0,0.07594730981886759,0.15189461963773518,605.5,90.83171252376562,"pearson_r, entropy_reduction_ratio, mutual_information",0.0,0.0,0.0,0.0,0.37973654909433796
intent_android.provider.Telephony.SMS_RECEIVED2,0,0.07594730981886759,0.15189461963773518,605.5,90.83171252376562,"pearson_r, entropy_reduction_ratio, mutual_information",0.0,0.0,0.0,0.0,0.37973654909433796
intent_android.intent.action.INPUT_METHOD_CHANGED,0,0.07594730981886759,0.15189461963773518,605.5,90.83171252376562,"pearson_r, entropy_reduction_ratio, mutual_information",0.0,0.0,0.0,0.0,0.37973654909433796
perm_com.android.launcher2.permission.UNINSTALL_SHORTCUT,0,0.07594730981886759,0.15189461963773518,605.5,90.83171252376562,"pearson_r, entropy_reduction_ratio, mutual_information",0.0,0.0,0.0,0.0,0.37973654909433796
intent_com.excelliance.dualaid.action.ext,0,0.07594730981886759,0.15189461963773518,605.5,90.83171252376562,"pearson_r, entropy_reduction_ratio, mutual_information",0.0,0.0,0.0,0.0,0.37973654909433796
intent_com.excelliance.dualaid.act.action.ext,0,0.07594730981886759,0.15189461963773518,605.5,90.83171252376562,"pearson_r, entropy_reduction_ratio, mutual_information",0.0,0.0,0.0,0.0,0.37973654909433796
intent_com.kingroot.kinguser.gamebox.ACTION_GAME_REPLACE,0,0.07594730981886759,0.15189461963773518,605.5,90.83171252376562,"pearson_r, entropy_reduction_ratio, mutual_information",0.0,0.0,0.0,0.0,0.37973654909433796
intent_com.kingroot.kinguser.service.IKCommonManagerInterface,0,0.07594730981886759,0.15189461963773518,605.5,90.83171252376562,"pearson_r, entropy_reduction_ratio, mutual_information",0.0,0.0,0.0,0.0,0.37973654909433796
intent_com.excelliance.dualaid.action.process.64,0,0.07594730981886759,0.15189461963773518,605.5,90.83171252376562,"pearson_r, entropy_reduction_ratio, mutual_information",0.0,0.0,0.0,0.0,0.37973654909433796
intent_android.net.wifi.PICK_WIFI_WORK,0,0.07594730981886759,0.15189461963773518,605.5,90.83171252376562,"pearson_r, entropy_reduction_ratio, mutual_information",0.0,0.0,0.0,0.0,0.37973654909433796
intent_com.kingroot.kinguser.ANTILOG_DELETE,0,0.07594730981886759,0.15189461963773518,605.5,90.83171252376562,"pearson_r, entropy_reduction_ratio, mutual_information",0.0,0.0,0.0,0.0,0.37973654909433796
intent_com.cootek.usage.alarm_operation,0,0.07594730981886759,0.15189461963773518,605.5,90.83171252376562,"pearson_r, entropy_reduction_ratio, mutual_information",0.0,0.0,0.0,0.0,0.37973654909433796
intent_android.provider.Telephony.WAP_PUSH_RECEIVED,0,0.07594730981886759,0.15189461963773518,605.5,90.83171252376562,"pearson_r, entropy_reduction_ratio, mutual_information",0.0,0.0,0.0,0.0,0.37973654909433796
perm_com.android.launcher2.permission.INSTALL_SHORTCUT,0,0.07594730981886759,0.15189461963773518,605.5,90.83171252376562,"pearson_r, entropy_reduction_ratio, mutual_information",0.0,0.0,0.0,0.0,0.37973654909433796
perm_android.permission.BIND_JOB_SERVICE,0,0.07594730981886759,0.15189461963773518,605.5,90.83171252376562,"pearson_r, entropy_reduction_ratio, mutual_information",0.0,0.0,0.0,0.0,0.37973654909433796
perm_com.lenovo.launcherhdmarket.permission.WRITE_SETTINGS,0,0.07594730981886759,0.15189461963773518,605.5,90.83171252376562,"pearson_r, entropy_reduction_ratio, mutual_information",0.0,0.0,0.0,0.0,0.37973654909433796
intent_android.intent.action.USER_CLEARNOTIFY,0,0.07594730981886759,0.15189461963773518,605.5,90.83171252376562,"pearson_r, entropy_reduction_ratio, mutual_information",0.0,0.0,0.0,0.0,0.37973654909433796
intent_com.ez.sj,0,0.07594730981886759,0.15189461963773518,605.5,90.83171252376562,"pearson_r, entropy_reduction_ratio, mutual_information",0.0,0.0,0.0,0.0,0.37973654909433796
perm_com.lenovo.launcherhdmarket.permission.READ_SETTINGS,0,0.07594730981886759,0.15189461963773518,605.5,90.83171252376562,"pearson_r, entropy_reduction_ratio, mutual_information",0.0,0.0,0.0,0.0,0.37973654909433796
intent_com.meizu.cloud.pushservice.action.PUSH_SERVICE_START,0,0.07594730981886759,0.15189461963773518,605.5,90.83171252376562,"pearson_r, entropy_reduction_ratio, mutual_information",0.0,0.0,0.0,0.0,0.37973654909433796
intent_android.fbreader.action.PLUGIN_CRASH,0,0.07594730981886759,0.15189461963773518,605.5,90.83171252376562,"pearson_r, entropy_reduction_ratio, mutual_information",0.0,0.0,0.0,0.0,0.37973654909433796
intent_android.fbreader.action.PLUGIN,0,0.07594730981886759,0.15189461963773518,605.5,90.83171252376562,"pearson_r, entropy_reduction_ratio, mutual_information",0.0,0.0,0.0,0.0,0.37973654909433796
intent_com.excelliance.open.action.startNextChapter,0,0.07594730981886759,0.15189461963773518,605.5,90.83171252376562,"pearson_r, entropy_reduction_ratio, mutual_information",0.0,0.0,0.0,0.0,0.37973654909433796
intent_com.excelliance.open.action.startPromptActivity,0,0.07594730981886759,0.15189461963773518,605.5,90.83171252376562,"pearson_r, entropy_reduction_ratio, mutual_information",0.0,0.0,0.0,0.0,0.37973654909433796
intent_com.areametrics.areametricssdk.AMLocationUpdatesBroadcastReceiver.ACTION_PROCESS_UPDATES,0,0.07594730981886759,0.15189461963773518,605.5,90.83171252376562,"pearson_r, entropy_reduction_ratio, mutual_information",0.0,0.0,0.0,0.0,0.37973654909433796
intent_com.android.utils.hades.ACTION_UPDATE_COMMON_RES,0,0.07594730981886759,0.15189461963773518,605.5,90.83171252376562,"pearson_r, entropy_reduction_ratio, mutual_information",0.0,0.0,0.0,0.0,0.37973654909433796
intent_com.excelliance.kxqp.action.time,0,0.07594730981886759,0.15189461963773518,605.5,90.83171252376562,"pearson_r, entropy_reduction_ratio, mutual_information",0.0,0.0,0.0,0.0,0.37973654909433796
intent_com.yulong.mms.NEW_MESSAGE_EXTERNAL,0,0.07594730981886759,0.15189461963773518,605.5,90.83171252376562,"pearson_r, entropy_reduction_ratio, mutual_information",0.0,0.0,0.0,0.0,0.37973654909433796
intent_LOCATION_SERVICE,0,0.07594730981886759,0.15189461963773518,605.5,90.83171252376562,"pearson_r, entropy_reduction_ratio, mutual_information",0.0,0.0,0.0,0.0,0.37973654909433796
intent_com.excelliance.kxqp.action.explore,0,0.07594730981886759,0.15189461963773518,605.5,90.83171252376562,"pearson_r, entropy_reduction_ratio, mutual_information",0.0,0.0,0.0,0.0,0.37973654909433796
intent_com.telecom.sdk_auth_ui.SMS_CODE_SEND_ACTIOIN,0,0.07594730981886759,0.15189461963773518,605.5,90.83171252376562,"pearson_r, entropy_reduction_ratio, mutual_information",0.0,0.0,0.0,0.0,0.37973654909433796
intent_com.excelliance.kxqp.action.navback,0,0.07594730981886759,0.15189461963773518,605.5,90.83171252376562,"pearson_r, entropy_reduction_ratio, mutual_information",0.0,0.0,0.0,0.0,0.37973654909433796
intent_com.telecom.sdk_auth_ui.SMS_UNSUB_SEND_RESULT_ACTION,0,0.07594730981886759,0.15189461963773518,605.5,90.83171252376562,"pearson_r, entropy_reduction_ratio, mutual_information",0.0,0.0,0.0,0.0,0.37973654909433796
intent_android.intent.action.START_PCM_PLAY_SERVICE,0,0.07594730981886759,0.15189461963773518,605.5,90.83171252376562,"pearson_r, entropy_reduction_ratio, mutual_information",0.0,0.0,0.0,0.0,0.37973654909433796
intent_pre_add_game_uninstalled,0,0.07594730981886759,0.15189461963773518,605.5,90.83171252376562,"pearson_r, entropy_reduction_ratio, mutual_information",0.0,0.0,0.0,0.0,0.37973654909433796
perm_com.tencent.mtt.extension.Player,0,0.07594730981886759,0.15189461963773518,605.5,90.83171252376562,"pearson_r, entropy_reduction_ratio, mutual_information",0.0,0.0,0.0,0.0,0.37973654909433796
intent_android.intent.action.DATA_SMS_RECEIVED,0,0.07594730981886759,0.15189461963773518,605.5,90.83171252376562,"pearson_r, entropy_reduction_ratio, mutual_information",0.0,0.0,0.0,0.0,0.37973654909433796
perm_android.permission.INJECT_EVENTS,0,0.07594730981886759,0.15189461963773518,605.5,90.83171252376562,"pearson_r, entropy_reduction_ratio, mutual_information",0.0,0.0,0.0,0.0,0.37973654909433796
perm_android.Manifest.permission.READ_PHONE_STATE,0,0.07594730981886759,0.15189461963773518,605.5,90.83171252376562,"pearson_r, entropy_reduction_ratio, mutual_information",0.0,0.0,0.0,0.0,0.37973654909433796
intent_com.android.utils.hades.ACTION_UPDATE_SYS_WRAPPER,0,0.07594730981886759,0.15189461963773518,605.5,90.83171252376562,"pearson_r, entropy_reduction_ratio, mutual_information",0.0,0.0,0.0,0.0,0.37973654909433796
intent_com.android.utils.hades.ACTION_START_SYS_WRAPPER,0,0.07594730981886759,0.15189461963773518,605.5,90.83171252376562,"pearson_r, entropy_reduction_ratio, mutual_information",0.0,0.0,0.0,0.0,0.37973654909433796
intent_com.mobutils.android.mediation.MaterialNotificationReceiver.ACTION_CLICK_NOTIFICATION,0,0.07594730981886759,0.15189461963773518,605.5,90.83171252376562,"pearson_r, entropy_reduction_ratio, mutual_information",0.0,0.0,0.0,0.0,0.37973654909433796
intent_com.mobutils.android.mediation.MaterialNotificationReceiver.ACTION_AD_EXPIRES,0,0.07594730981886759,0.15189461963773518,605.5,90.83171252376562,"pearson_r, entropy_reduction_ratio, mutual_information",0.0,0.0,0.0,0.0,0.37973654909433796
perm_com.zte.mifavor.launcher.permission.WRITE_SETTINGS,0,0.07594730981886759,0.15189461963773518,605.5,90.83171252376562,"pearson_r, entropy_reduction_ratio, mutual_information",0.0,0.0,0.0,0.0,0.37973654909433796
intent_com.smartdialer.voip.action.STATE_RINGING,0,0.07594730981886759,0.15189461963773518,605.5,90.83171252376562,"pearson_r, entropy_reduction_ratio, mutual_information",0.0,0.0,0.0,0.0,0.37973654909433796
intent_com.facebook.sdk.ACTION_CURRENT_ACCESS_TOKEN_CHANGED,0,0.07594353123257934,0.13854523216212855,391.1,393.21932811091574,"pearson_r, entropy_reduction_ratio, chi2_stat",0.02464461779603013,0.0,0.001814448938279935,0.0008388775396648183,0.35241971188892185
intent_com.taobao.accs.intent.action.ELECTION,0,0.07564375022909973,0.14985325453112774,382.6,267.39229607451296,"pearson_r, mutual_information, entropy_reduction_ratio",0.0006601071918241908,0.002140285238301628,5.0401359396664875e-05,2.1644412471566754e-05,0.3753463129435046
perm_android.permission.RECEIVE_BOOT_COMPLETED,0,0.07528988115002797,0.15044726822432083,447.3,288.1165736294946,"pearson_r, entropy_reduction_ratio, chi2_stat",0.00022296115102744322,0.0,2.7904049315369702e-05,1.4166993802797747e-05,0.37618437355599427
perm_android.permission.BLUETOOTH,0,0.075256392157974,0.1409098373643844,392.7,391.2448849505895,"pearson_r, entropy_reduction_ratio, chi2_stat",0.0176107534512815,0.0,0.0013104353443132866,0.000592882820504639,0.3567678891737706
perm_android.permission.INTERACT_ACROSS_USERS_FULL,0,0.07521569318143942,0.15006551295133969,437.7,305.2277182694914,"pearson_r, entropy_reduction_ratio, chi2_stat",0.0006601071918241908,0.0,5.0401359396664875e-05,2.1644412471566754e-05,0.3753463129435046
perm_android.permission.ACCESS_COARSE_UPDATES,0,0.07521569318143942,0.15006551295133969,437.7,305.2277182694914,"pearson_r, entropy_reduction_ratio, chi2_stat",0.0006601071918241908,0.0,5.0401359396664875e-05,2.1644412471566754e-05,0.3753463129435046
perm_android.permission.EXPAND_STATUS_BAR,0,0.07521569318143942,0.15006551295133969,437.7,305.2277182694914,"pearson_r, entropy_reduction_ratio, chi2_stat",0.0006601071918241908,0.0,5.0401359396664875e-05,2.1644412471566754e-05,0.3753463129435046
perm_android.permission.MANAGE_USERS,0,0.07521569318143942,0.15006551295133969,437.7,305.2277182694914,"pearson_r, entropy_reduction_ratio, chi2_stat",0.0006601071918241908,0.0,5.0401359396664875e-05,2.1644412471566754e-05,0.3753463129435046
perm_android.permission.READ_APP_BADGE,0,0.07521569318143942,0.15006551295133969,437.7,305.2277182694914,"pearson_r, entropy_reduction_ratio, chi2_stat",0.0006601071918241908,0.0,5.0401359396664875e-05,2.1644412471566754e-05,0.3753463129435046
perm_android.permission.RECORD_VIDEO,0,0.07521569318143942,0.15006551295133969,437.7,305.2277182694914,"pearson_r, entropy_reduction_ratio, chi2_stat",0.0006601071918241908,0.0,5.0401359396664875e-05,2.1644412471566754e-05,0.3753463129435046
perm_android.permission.SET_TIME_ZONE,0,0.07521569318143942,0.15006551295133969,437.7,305.2277182694914,"pearson_r, entropy_reduction_ratio, chi2_stat",0.0006601071918241908,0.0,5.0401359396664875e-05,2.1644412471566754e-05,0.3753463129435046
intent_android.service.notification.NotificationListenerService,0,0.07521569318143942,0.15006551295133969,437.7,305.2277182694914,"pearson_r, entropy_reduction_ratio, chi2_stat",0.0006601071918241908,0.0,5.0401359396664875e-05,2.1644412471566754e-05,0.3753463129435046
intent_com.umeng.messge.registercallback.action,0,0.07521569318143942,0.15006551295133969,437.7,305.2277182694914,"pearson_r, entropy_reduction_ratio, chi2_stat",0.0006601071918241908,0.0,5.0401359396664875e-05,2.1644412471566754e-05,0.3753463129435046
intent_com.umeng.message.message.handler.action,0,0.07521569318143942,0.15006551295133969,437.7,305.2277182694914,"pearson_r, entropy_reduction_ratio, chi2_stat",0.0006601071918241908,0.0,5.0401359396664875e-05,2.1644412471566754e-05,0.3753463129435046
perm_android.permission.BROADCAST_PACKAGE_ADDED,0,0.07521569318143942,0.15006551295133969,437.7,305.2277182694914,"pearson_r, entropy_reduction_ratio, chi2_stat",0.0006601071918241908,0.0,5.0401359396664875e-05,2.1644412471566754e-05,0.3753463129435046
perm_android.permission.READ_SYNC_STATS,0,0.07521569318143942,0.15006551295133969,437.7,305.2277182694914,"pearson_r, entropy_reduction_ratio, chi2_stat",0.0006601071918241908,0.0,5.0401359396664875e-05,2.1644412471566754e-05,0.3753463129435046
intent_android.intent.action.ACTION_BOOT_COMPLETED,0,0.07521569318143942,0.15006551295133969,437.7,305.2277182694914,"pearson_r, entropy_reduction_ratio, chi2_stat",0.0006601071918241908,0.0,5.0401359396664875e-05,2.1644412471566754e-05,0.3753463129435046
intent_android.content.SyncAdapter,0,0.07521569318143942,0.15006551295133969,437.7,305.2277182694914,"pearson_r, entropy_reduction_ratio, chi2_stat",0.0006601071918241908,0.0,5.0401359396664875e-05,2.1644412471566754e-05,0.3753463129435046
intent_com.google.vr.vrcore.ACTION_NONE,0,0.07521569318143942,0.15006551295133969,437.7,305.2277182694914,"pearson_r, entropy_reduction_ratio, chi2_stat",0.0006601071918241908,0.0,5.0401359396664875e-05,2.1644412471566754e-05,0.3753463129435046
intent_com.taobao.accs.intent.action.COMMAND,0,0.07521569318143942,0.15006551295133969,437.7,305.2277182694914,"pearson_r, entropy_reduction_ratio, chi2_stat",0.0006601071918241908,0.0,5.0401359396664875e-05,2.1644412471566754e-05,0.3753463129435046
intent_com.taobao.accs.intent.action.RECEIVE,0,0.07521569318143942,0.15006551295133969,437.7,305.2277182694914,"pearson_r, entropy_reduction_ratio, chi2_stat",0.0006601071918241908,0.0,5.0401359396664875e-05,2.1644412471566754e-05,0.3753463129435046
intent_com.taobao.accs.intent.action.SERVICE,0,0.07521569318143942,0.15006551295133969,437.7,305.2277182694914,"pearson_r, entropy_reduction_ratio, chi2_stat",0.0006601071918241908,0.0,5.0401359396664875e-05,2.1644412471566754e-05,0.3753463129435046
perm_android.permission.READ_PROFILE,0,0.07521569318143942,0.15006551295133969,437.7,305.2277182694914,"pearson_r, entropy_reduction_ratio, chi2_stat",0.0006601071918241908,0.0,5.0401359396664875e-05,2.1644412471566754e-05,0.3753463129435046
intent_com.amazon.device.messaging.intent.REGISTRATION,0,0.07521569318143942,0.15006551295133969,437.7,305.2277182694914,"pearson_r, entropy_reduction_ratio, chi2_stat",0.0006601071918241908,0.0,5.0401359396664875e-05,2.1644412471566754e-05,0.3753463129435046
intent_android.appwidget.action.APPWIDGET_CONFIGURE,0,0.07521569318143942,0.15006551295133969,437.7,305.2277182694914,"pearson_r, entropy_reduction_ratio, chi2_stat",0.0006601071918241908,0.0,5.0401359396664875e-05,2.1644412471566754e-05,0.3753463129435046
intent_com.gridappsinc.launcher.theme.apk_action,0,0.07521569318143942,0.15006551295133969,437.7,305.2277182694914,"pearson_r, entropy_reduction_ratio, chi2_stat",0.0006601071918241908,0.0,5.0401359396664875e-05,2.1644412471566754e-05,0.3753463129435046
intent_com.phonemetra.turbo.launcher.icons.ACTION_PICK_ICON,0,0.07521569318143942,0.15006551295133969,437.7,305.2277182694914,"pearson_r, entropy_reduction_ratio, chi2_stat",0.0006601071918241908,0.0,5.0401359396664875e-05,2.1644412471566754e-05,0.3753463129435046
intent_com.lge.launcher2.THEME,0,0.07521569318143942,0.15006551295133969,437.7,305.2277182694914,"pearson_r, entropy_reduction_ratio, chi2_stat",0.0006601071918241908,0.0,5.0401359396664875e-05,2.1644412471566754e-05,0.3753463129435046
perm_android.permission.USE_CREDENTIALS,0,0.07513837896884235,0.14141875907244528,393.7,389.29058555274617,"pearson_r, entropy_reduction_ratio, chi2_stat",0.016221934250199962,0.0,0.0012096326255199568,0.0005449442734223168,0.3577153836950695
intent_com.google.android.gms.iid.InstanceID,0,0.07502845277126045,0.14194287379976456,394.7,387.3367527100933,"pearson_r, entropy_reduction_ratio, chi2_stat",0.014838981465328839,0.0,0.001108829906726627,0.0004974097758489752,0.35869704270839786
perm_com.android.vending.CHECK_LICENSE,0,0.07502845277126045,0.14194287379976456,394.7,387.3367527100933,"pearson_r, entropy_reduction_ratio, chi2_stat",0.014838981465328839,0.0,0.001108829906726627,0.0004974097758489752,0.35869704270839786
perm_android.permission.REORDER_TASKS,0,0.07499746294730202,0.149262880368762,425.2,328.5750447005981,"pearson_r, entropy_reduction_ratio, chi2_stat",0.0013215479788425014,0.0,0.00010080271879332975,4.3376991024155974e-05,0.3735215870478501
intent_android.intent.action.SCREEN_ON,0,0.07499746294730202,0.149262880368762,425.2,328.5750447005981,"pearson_r, entropy_reduction_ratio, chi2_stat",0.0013215479788425014,0.0,0.00010080271879332975,4.3376991024155974e-05,0.3735215870478501
perm_android.permission.NFC,0,0.07499746294730202,0.149262880368762,425.2,328.5750447005981,"pearson_r, entropy_reduction_ratio, chi2_stat",0.0013215479788425014,0.0,0.00010080271879332975,4.3376991024155974e-05,0.3735215870478501
perm_android.permission.SYSTEM_OVERLAY_WINDOW,0,0.07499746294730202,0.149262880368762,425.2,328.5750447005981,"pearson_r, entropy_reduction_ratio, chi2_stat",0.0013215479788425014,0.0,0.00010080271879332975,4.3376991024155974e-05,0.3735215870478501
intent_android.intent.action.SCREEN_OFF,0,0.07499746294730202,0.149262880368762,425.2,328.5750447005981,"pearson_r, entropy_reduction_ratio, chi2_stat",0.0013215479788425014,0.0,0.00010080271879332975,4.3376991024155974e-05,0.3735215870478501
perm_android.permission.SET_DEBUG_APP,0,0.07499746294730202,0.149262880368762,425.2,328.5750447005981,"pearson_r, entropy_reduction_ratio, chi2_stat",0.0013215479788425014,0.0,0.00010080271879332975,4.3376991024155974e-05,0.3735215870478501
intent_android.media.browse.MediaBrowserService,0,0.07499746294730202,0.149262880368762,425.2,328.5750447005981,"pearson_r, entropy_reduction_ratio, chi2_stat",0.0013215479788425014,0.0,0.00010080271879332975,4.3376991024155974e-05,0.3735215870478501
intent_com.firebase.jobdispatcher.ACTION_EXECUTE,0,0.07499746294730202,0.149262880368762,425.2,328.5750447005981,"pearson_r, entropy_reduction_ratio, chi2_stat",0.0013215479788425014,0.0,0.00010080271879332975,4.3376991024155974e-05,0.3735215870478501
perm_com.oppo.launcher.permission.WRITE_SETTINGS,0,0.07499746294730202,0.149262880368762,425.2,328.5750447005981,"pearson_r, entropy_reduction_ratio, chi2_stat",0.0013215479788425014,0.0,0.00010080271879332975,4.3376991024155974e-05,0.3735215870478501
intent_com.urbanairship.actions.SHOW_LANDING_PAGE_INTENT_ACTION,0,0.07499746294730202,0.149262880368762,425.2,328.5750447005981,"pearson_r, entropy_reduction_ratio, chi2_stat",0.0013215479788425014,0.0,0.00010080271879332975,4.3376991024155974e-05,0.3735215870478501
perm_android.permission.CHANGE_CONFIGURATION,0,0.07497683069130762,0.14221123983676826,395.5,385.3138980104403,"pearson_r, entropy_reduction_ratio, chi2_stat",0.014149689532012212,0.0,0.001058428547329962,0.0004737930157997586,0.35920224236139614
suspicious_adb_enabled,0,0.07492763078030037,0.1424841973920653,396.3,383.9809370268269,"pearson_r, entropy_reduction_ratio, chi2_stat",0.013461845744313224,0.0,0.0010080271879332975,0.000450278022367048,0.35971800294688827
perm_android.permission.REQUEST_INSTALL_PACKAGES,0,0.0748785486874851,0.14802843959413176,361.6,316.24585372776033,"pearson_r, entropy_reduction_ratio, mutual_information",0.002648451969100119,0.0005260142499779393,0.0002016054375866595,8.710880475882638e-05,0.370929562976002
perm_android.permission.READ_SMS,0,0.07486357657716147,0.1486286407539884,418.1,341.5415640884722,"pearson_r, entropy_reduction_ratio, chi2_stat",0.0019843277604988615,0.0,0.0001512040781899946,6.51986860505038e-05,0.372117152361068
perm_android.permission.PROCESS_OUTGOING_CALLS,0,0.07486357657716147,0.1486286407539884,418.1,341.5415640884722,"pearson_r, entropy_reduction_ratio, chi2_stat",0.0019843277604988615,0.0,0.0001512040781899946,6.51986860505038e-05,0.372117152361068
intent_android.provider.Telephony.SMS_RECEIVED,0,0.07486357657716147,0.1486286407539884,418.1,341.5415640884722,"pearson_r, entropy_reduction_ratio, chi2_stat",0.0019843277604988615,0.0,0.0001512040781899946,6.51986860505038e-05,0.372117152361068
perm_android.permission.BODY_SENSORS,0,0.07486357657716147,0.1486286407539884,418.1,341.5415640884722,"pearson_r, entropy_reduction_ratio, chi2_stat",0.0019843277604988615,0.0,0.0001512040781899946,6.51986860505038e-05,0.372117152361068
perm_android.permission.ACCESS_GPS,0,0.07486357657716147,0.1486286407539884,418.1,341.5415640884722,"pearson_r, entropy_reduction_ratio, chi2_stat",0.0019843277604988615,0.0,0.0001512040781899946,6.51986860505038e-05,0.372117152361068
intent_com.urbanairship.push.DISMISSED,0,0.07486357657716147,0.1486286407539884,418.1,341.5415640884722,"pearson_r, entropy_reduction_ratio, chi2_stat",0.0019843277604988615,0.0,0.0001512040781899946,6.51986860505038e-05,0.372117152361068
perm_android.permission.READ_CONTACTS,0,0.07483719554516938,0.14304527831304012,396.7,382.74032972761046,"pearson_r, entropy_reduction_ratio, chi2_stat",0.012090478354978134,0.0,0.0009072244691399675,0.00040354427620369396,0.3607847306255251
perm_com.sonymobile.home.permission.PROVIDER_INSERT_BADGE,0,0.07477334583748953,0.14808142150954165,413.1,351.4777944621822,"pearson_r, entropy_reduction_ratio, chi2_stat",0.002648451969100119,0.0,0.0002016054375866595,8.710880475882638e-05,0.370929562976002
perm_android.permission.SEND_DOWNLOAD_COMPLETED_INTENTS,0,0.07477334583748953,0.14808142150954165,413.1,351.4777944621822,"pearson_r, entropy_reduction_ratio, chi2_stat",0.002648451969100119,0.0,0.0002016054375866595,8.710880475882638e-05,0.370929562976002
perm_android.permission.REAL_GET_TASKS,0,0.07477334583748953,0.14808142150954165,413.1,351.4777944621822,"pearson_r, entropy_reduction_ratio, chi2_stat",0.002648451969100119,0.0,0.0002016054375866595,8.710880475882638e-05,0.370929562976002
intent_com.urbanairship.push.OPENED,0,0.07477334583748953,0.14808142150954165,413.1,351.4777944621822,"pearson_r, entropy_reduction_ratio, chi2_stat",0.002648451969100119,0.0,0.0002016054375866595,8.710880475882638e-05,0.370929562976002
perm_android.permission.MODIFY_AUDIO_SETTINGS,0,0.07472478200460168,0.1439314382597686,397.7,381.24711146446737,"pearson_r, entropy_reduction_ratio, chi2_stat",0.010044137789511211,0.0,0.000756020390949973,0.00033417698448191157,0.3624895748580653
perm_android.permission.SEND_SMS,0,0.07471102811544612,0.1475897395107705,409.3,359.09631020103785,"pearson_r, entropy_reduction_ratio, chi2_stat",0.0033139260700814945,0.0,0.0002520067969833244,0.0001091093859404944,0.3698800983242253
intent_com.yandex.metrica.IMetricaService,0,0.07471102811544612,0.1475897395107705,409.3,359.09631020103785,"pearson_r, entropy_reduction_ratio, chi2_stat",0.0033139260700814945,0.0,0.0002520067969833244,0.0001091093859404944,0.3698800983242253
intent_android.intent.action.QUICKBOOT_POWERON,0,0.0746946526113835,0.14424098312686817,398.3,380.0759924015196,"pearson_r, entropy_reduction_ratio, chi2_stat",0.00936485668168973,0.0,0.0007056190315533082,0.00031124737490990044,0.3630915399687646
perm_android.permission.BROADCAST_STICKY,0,0.07466882111918328,0.14455885790010006,398.9,379.1348572737674,"pearson_r, entropy_reduction_ratio, chi2_stat",0.008686982003265427,0.0,0.0006552176721566433,0.0002884128038914676,0.3637134931166029
perm_android.permission.AUTHENTICATE_ACCOUNTS,0,0.0746685579592888,0.14713746662999444,406.5,364.547390609232,"pearson_r, entropy_reduction_ratio, chi2_stat",0.003980755562267311,0.0,0.0003024081563799892,0.0001312006469109011,0.3689284254308858
perm_com.android.alarm.permission.SET_ALARM,0,0.0746685579592888,0.14713746662999444,406.5,364.547390609232,"pearson_r, entropy_reduction_ratio, chi2_stat",0.003980755562267311,0.0,0.0003024081563799892,0.0001312006469109011,0.3689284254308858
intent_android.intent.action.SEARCH,0,0.0746477749408929,0.14488603443890602,399.5,378.19413004434637,"pearson_r, entropy_reduction_ratio, chi2_stat",0.008010507942236211,0.0,0.0006048163127599784,0.0002656744922033375,0.364357875957265
intent_android.appwidget.action.APPWIDGET_UPDATE,0,0.07463210522832411,0.1452236943940012,400.5,376.2430065795243,"pearson_r, entropy_reduction_ratio, chi2_stat",0.00733542872255387,0.0,0.0005544149533633135,0.00024302903699058436,0.3650276534287128
perm_android.permission.MANAGE_ACCOUNTS,0,0.07462568613282616,0.14631621098537836,404.7,368.0540177745653,"pearson_r, entropy_reduction_ratio, chi2_stat",0.00531850288418181,0.0,0.000403210875173319,0.0001756544479892399,0.36723106245678644
suspicious_Landroid/telephony/SmsMessage;->getMessageBody,0,0.07462568613282616,0.14631621098537836,404.7,368.0540177745653,"pearson_r, entropy_reduction_ratio, chi2_stat",0.00531850288418181,0.0,0.000403210875173319,0.0001756544479892399,0.36723106245678644
perm_com.majeur.launcher.permission.UPDATE_BADGE,0,0.07462254304015922,0.1455732968412223,402.7,371.9523625412265,"pearson_r, entropy_reduction_ratio, chi2_stat",0.006661738603824195,0.0,0.0005040135939666487,0.0002204777525557658,0.3657264852504495
perm_com.sec.android.provider.badge.permission.WRITE,0,0.07462254304015922,0.1455732968412223,402.7,371.9523625412265,"pearson_r, entropy_reduction_ratio, chi2_stat",0.006661738603824195,0.0,0.0005040135939666487,0.0002204777525557658,0.3657264852504495
perm_com.sec.android.provider.badge.permission.READ,0,0.07462254304015922,0.1455732968412223,402.7,371.9523625412265,"pearson_r, entropy_reduction_ratio, chi2_stat",0.006661738603824195,0.0,0.0005040135939666487,0.0002204777525557658,0.3657264852504495
intent_com.google.android.gms.measurement.UPLOAD,0,0.07462254304015922,0.1455732968412223,402.7,371.9523625412265,"pearson_r, entropy_reduction_ratio, chi2_stat",0.006661738603824195,0.0,0.0005040135939666487,0.0002204777525557658,0.3657264852504495
perm_com.sonyericsson.home.permission.BROADCAST_BADGE,0,0.07462254304015922,0.1455732968412223,402.7,371.9523625412265,"pearson_r, entropy_reduction_ratio, chi2_stat",0.006661738603824195,0.0,0.0005040135939666487,0.0002204777525557658,0.3657264852504495
perm_android.permission.CAMERA,0,0.07461431911304374,0.1485336242194362,425.1,339.4852574118646,"pearson_r, entropy_reduction_ratio, chi2_stat",0.0011779152014172113,0.0,0.0001404688132751057,7.289437860595824e-05,0.3716803171719204
perm_android.permission.GET_ACCOUNTS,0,0.07443870776753699,0.14790946941457395,418.1,350.05376729868226,"pearson_r, entropy_reduction_ratio, chi2_stat",0.0016442399750997642,0.0,0.00019314806662213985,0.00010095399242338501,0.37025519680353963
perm_com.google.android.finsky.permission.BIND_GET_INSTALL_REFERRER_SERVICE,0,0.07372251149951357,0.14268373369723145,398.1,383.93233778883484,"pearson_r, entropy_reduction_ratio, chi2_stat",0.008241809799319811,0.0,0.0008631720494561831,0.0004819804358653542,0.35902559521292654
