feature,method_count,aggregated_score,score_std,rank_mean,rank_std,top_methods,entropy_reduction_ratio,mutual_information,chi2_stat,f_stat,pearson_r
suspicious_getSubscriberId,5,0.9800778834914305,0.039844233017138776,1.4,0.8,"entropy_reduction_ratio, mutual_information, f_stat",1.0,1.0,0.9003894174571531,1.0,1.0
perm_android.permission.GET_TASKS,5,0.8710698236555346,0.07970455031791773,2.8,0.9797958971132712,"pearson_r, chi2_stat, f_stat",0.8376428346144024,0.737629354135998,0.9080640624505509,0.8970304544308032,0.9749824126459188
perm_android.permission.SEND_SMS,5,0.8456356324415688,0.13089300725194708,4.0,2.1908902300206643,"chi2_stat, pearson_r, f_stat",0.706743359534879,0.6818339997415581,1.0,0.8712531333221984,0.9683476696092086
suspicious_getCellLocation,5,0.7828942411654651,0.15247887205002947,5.6,2.939387691339814,"mutual_information, pearson_r, entropy_reduction_ratio",0.8348589183002783,0.9536146296329523,0.5480227870576508,0.6682306562857271,0.9097442145507173
perm_android.permission.SYSTEM_ALERT_WINDOW,5,0.7794255603900302,0.08317072051469347,4.8,0.7483314773547882,"pearson_r, chi2_stat, f_stat",0.709556498077461,0.7124321859173245,0.7984934085747571,0.7436769876996997,0.9329687216809088
perm_android.permission.CHANGE_WIFI_STATE,5,0.7015269949843919,0.10405720474465224,8.0,1.0954451150103321,"pearson_r, chi2_stat, f_stat",0.6369847497748142,0.6207192585890406,0.7050967286494855,0.6432266485879965,0.9016075893206222
intent_android.intent.action.PACKAGE_ADDED,5,0.6308988540772116,0.15745638009340868,10.8,4.445222154178574,"pearson_r, chi2_stat, f_stat",0.5326740142611429,0.4281051242215896,0.7177546058762583,0.5918427178124471,0.8841178082146204
suspicious_sendTextMessage,5,0.5906241394043633,0.13872548114484948,11.2,2.9257477676655586,"pearson_r, chi2_stat, mutual_information",0.4465444333611632,0.59129652477771,0.5975874004603804,0.4770393980333652,0.8406529403891977
intent_android.intent.action.USER_PRESENT,5,0.5256208366012712,0.15020047006749843,14.2,3.4871191548325386,"pearson_r, chi2_stat, mutual_information",0.3989036053478587,0.487597452467502,0.5197023935421652,0.4100765415940766,0.8118241900547536
perm_android.permission.MOUNT_UNMOUNT_FILESYSTEMS,5,0.5087292556084627,0.15207881077061142,15.6,2.65329983228432,"pearson_r, chi2_stat, mutual_information",0.40901166090814634,0.4417735389358956,0.4885501051770814,0.39801210872702125,0.8062988642941693
intent_android.intent.action.PACKAGE_REMOVED,5,0.5046978850608577,0.15675354811413966,16.2,4.019950248448357,"pearson_r, chi2_stat, mutual_information",0.36847312948442623,0.4554474162517973,0.5074106632048554,0.3897212073409261,0.8024370090222833
intent_android.intent.action.PACKAGE_REPLACED,5,0.488515821289217,0.1623412474300219,18.0,4.2895221179054435,"pearson_r, chi2_stat, mutual_information",0.3484264815108226,0.4196531789353014,0.500415543520494,0.3774591316922637,0.7966247707872033
intent_android.net.conn.CONNECTIVITY_CHANGE,4,0.6533642002120599,0.18026104331238826,11.6,8.912911982062877,"pearson_r, chi2_stat, f_stat",0.5999290104688977,0.35883454689219463,0.7535887574222826,0.6504774971546139,0.9039911891223102
perm_android.permission.READ_PHONE_STATE,4,0.6143419133382302,0.21924987169483431,12.2,8.423775875461075,"pearson_r, mutual_information, entropy_reduction_ratio",0.7065215381171062,0.8230707119414894,0.2775556781874359,0.43964234990169354,0.8249192885434254
perm_android.permission.CHANGE_NETWORK_STATE,4,0.5665381574840606,0.16768569676852751,14.0,7.37563556583431,"pearson_r, chi2_stat, f_stat",0.47884457587612955,0.35895448614776926,0.6292394846110325,0.5113121521791705,0.8543400886062009
suspicious_getWifiState,4,0.46700165332653293,0.16293475998814305,19.0,3.794733192202055,"pearson_r, chi2_stat, mutual_information",0.33517972267286217,0.42291713403081616,0.4521532544533696,0.3444295047909685,0.7803286506846481
intent_safiap.framework.ACTION_TO_INSTALL,4,0.3786895888359647,0.17950170571184673,26.0,5.621387729022079,"pearson_r, mutual_information, chi2_stat",0.22642410831985377,0.39681267784137003,0.3267643055193324,0.22925253727523162,0.7141943152240358
n_permissions,3,0.6433073732119918,0.25242827126831713,15.0,11.696153213770756,"entropy_reduction_ratio, chi2_stat, pearson_r",0.9396435417330133,0.5455894249062911,0.8186758823282125,0.21080526365608188,0.7018227534363602
perm_android.permission.WRITE_SETTINGS,3,0.4112884890630585,0.17221807296131736,23.6,7.144228439796701,"pearson_r, chi2_stat, mutual_information",0.3199840351998245,0.32584925154625904,0.36555959410502054,0.2925021757346303,0.7525473887295578
intent_com.google.android.c2dm.intent.RECEIVE,3,0.39222040464270663,0.2424781232399067,211.6,394.2560589261755,"entropy_reduction_ratio, mutual_information, f_stat",0.6531398417623147,0.6443554773364912,0.3074120893149898,0.35619461479973746,0.0
perm_android.permission.KILL_BACKGROUND_PROCESSES,3,0.3918787954920499,0.1783397244656968,24.0,7.014271166700073,"pearson_r, chi2_stat, mutual_information",0.2447779871695083,0.34594861748469835,0.3687615699362276,0.26396283100452256,0.7359429718652928
intent_safiap.framework.ACTION_TO_INSTALL_IAP,3,0.36944200927995197,0.17952087301839081,27.2,5.912698199637792,"pearson_r, mutual_information, chi2_stat",0.22642410831985377,0.3505747800613064,0.3267643055193324,0.22925253727523162,0.7141943152240358
intent_safiap.framework.sdk.ISAFFramework,3,0.3657278968084794,0.1800640785880804,27.8,6.4,"pearson_r, mutual_information, chi2_stat",0.22642410831985377,0.33200421770394345,0.3267643055193324,0.22925253727523162,0.7141943152240358
intent_safiap.framework.ACTION_CHECK_UPDATE,3,0.31924020890944305,0.21024501097672946,70.0,87.67895984784491,"pearson_r, chi2_stat, f_stat",0.22642410831985377,0.09956577820876165,0.3267643055193324,0.22925253727523162,0.7141943152240358
intent_safiap.framework.ACTION_CANCEL_NOTIFICATION,3,0.31635214046637355,0.21331947398220416,75.8,99.2580475326812,"pearson_r, chi2_stat, f_stat",0.22642410831985377,0.08512543599341436,0.3267643055193324,0.22925253727523162,0.7141943152240358
n_urls,2,0.44428913890785526,0.3405357128731661,43.4,33.006665993402,"entropy_reduction_ratio, pearson_r, mutual_information",0.9738627130337446,0.5064755083101184,0.06466057740383166,0.08436341024814735,0.5920834855434346
perm_android.permission.ACCESS_WIFI_STATE,2,0.3730296275776209,0.20974306664178072,35.8,24.83867951401604,"pearson_r, entropy_reduction_ratio, mutual_information",0.4305185354963243,0.4180465367935821,0.09156878147790122,0.21817477182511677,0.70683951229518
intent_safiap.GET_SHARED_DATA,2,0.3662435830094133,0.17997042661195164,27.6,6.216108107168021,"pearson_r, mutual_information, chi2_stat",0.22642410831985377,0.334582648708613,0.3267643055193324,0.22925253727523162,0.7141943152240358
intent_safiap.framework.ACTION_SET_TIMER,2,0.3567790896466322,0.1826115286569912,31.0,11.027239001672177,"pearson_r, chi2_stat, mutual_information",0.22642410831985377,0.2872601818947076,0.3267643055193324,0.22925253727523162,0.7141943152240358
perm_com.google.android.c2dm.permission.RECEIVE,2,0.29169399779379046,0.15546521001729183,217.6,390.7544497507354,"entropy_reduction_ratio, mutual_information, f_stat",0.5065309988725405,0.37210540081604676,0.25334652238080285,0.29316014980263977,0.033326917096922384
intent_com.aspire.purchaseservice.BIND,1,0.32080124286942613,0.19667826305105462,36.6,12.126005112979295,"pearson_r, mutual_information, chi2_stat",0.1500409184746558,0.43267060295885457,0.21784287034622155,0.14870434769560645,0.6547474748717922
n_activities,1,0.25392376949322903,0.19554642658267032,104.6,63.332771927336324,"pearson_r, entropy_reduction_ratio, mutual_information",0.4505546474121564,0.307010115494749,0.03834928878889615,0.010296728925869891,0.46340806684447383
intent_com.google.android.c2dm.intent.REGISTRATION,1,0.23995315351248592,0.10790741527289775,229.2,384.6283400894947,"entropy_reduction_ratio, mutual_information, chi2_stat",0.42233578734438604,0.26846337536028886,0.21675355339244962,0.2008385681945109,0.09137448327079406
n_used_permissions,1,0.23547751692838714,0.1838573352018784,258.0,368.7139812917324,"entropy_reduction_ratio, mutual_information, pearson_r",0.5061410494047347,0.35582803518264633,0.02353770527802895,0.04513779779985586,0.2467429969766699
n_receivers,1,0.22301956227489841,0.18333060910073762,151.4,105.39373795439651,"pearson_r, entropy_reduction_ratio, mutual_information",0.3817943277039105,0.31355971029803753,0.003201667741360165,0.0010408995976693858,0.4155012060335145
suspicious_Ldalvik/system/PathClassLoader;,1,0.21711027421256374,0.15955562347881033,237.4,379.85239238419973,"mutual_information, pearson_r, entropy_reduction_ratio",0.17186331897057733,0.5282705366172539,0.10789198146590555,0.09284604990599146,0.1846794841030906
intent_android.intent.action.PACKAGE_INSTALL,1,0.20954486759604035,0.20863278172653224,103.6,40.91503391175425,"pearson_r, mutual_information, chi2_stat",0.037178159492332954,0.39681660816883,0.054460717586555386,0.03572766642126208,0.5235411863112214
perm_com.majeur.launcher.permission.UPDATE_BADGE,1,0.17993093202501087,0.16574453935756017,270.2,359.12276452489056,"mutual_information, pearson_r, entropy_reduction_ratio",0.08699232316524232,0.4645414716985498,0.04651442659034543,0.032020421530497244,0.2695860171404196
intent_com.qihoo.appstore.zhushouhelper.IZhushouHelperService,1,0.17942723560984272,0.22253288133714316,498.8,247.83010309484197,"mutual_information, pearson_r, entropy_reduction_ratio",0.0,0.5040136469694507,0.0,0.0,0.3931225310797629
n_api_calls,1,0.1570212776753025,0.19229910750827625,305.6,239.53504962739797,"pearson_r, entropy_reduction_ratio, f_stat",0.38545516397524887,0.0,6.724251790188649e-05,8.74908538052832e-05,0.3994964910295564
perm_com.oppo.launcher.permission.WRITE_SETTINGS,1,0.1538646112952154,0.18357575887788016,322.9,315.3343305128701,"mutual_information, pearson_r, entropy_reduction_ratio",0.006782782768836437,0.3974002202955388,0.003721154127227634,0.0024213531775324534,0.3589975461069416
suspicious_Ljava/lang/Runtime;->exec,0,0.33167724590424275,0.18692715122769427,35.4,7.2277243998370615,"pearson_r, mutual_information, entropy_reduction_ratio",0.2803057685414833,0.2963961558601437,0.1846871602737773,0.20159324097321454,0.6954039038725951
perm_com.android.launcher.permission.INSTALL_SHORTCUT,0,0.31489127315195675,0.19970424581051172,55.0,48.2825020064205,"pearson_r, chi2_stat, entropy_reduction_ratio",0.2161604459482009,0.14757752926359147,0.29446553227561467,0.21295563853355037,0.7032972197388265
intent_safiap.framework.ACTION_START_DOWNLOAD,0,0.3118236212449595,0.18957572669116046,43.9,17.886866690396054,"pearson_r, chi2_stat, mutual_information",0.18811600240814005,0.22434834664631775,0.27230358793277687,0.1884267475840274,0.6859234216535353
intent_android.intent.action.CHINAMOBILE_OMS_GAME,0,0.30077122476309015,0.1958601563792403,54.9,38.90681174293262,"pearson_r, chi2_stat, f_stat",0.18811600240814005,0.16908636423697124,0.27230358793277687,0.1884267475840274,0.6859234216535351
intent_cn.play.dservice,0,0.29904184962512054,0.18896508973318793,40.2,8.059776671843954,"pearson_r, mutual_information, chi2_stat",0.1500409184746558,0.3238736367373269,0.21784287034622155,0.14870434769560645,0.6547474748717922
intent_android.intent.action.DOWNLOAD_NOTIFICATION_CLICKED,0,0.2990247796635449,0.18896284965067178,40.4,7.964923100695951,"pearson_r, mutual_information, chi2_stat",0.1500409184746558,0.3237882869294485,0.21784287034622155,0.14870434769560645,0.6547474748717922
suspicious_Ljava/lang/System;->loadLibrary,0,0.29602412401168526,0.19682684855264526,46.8,17.52027397046062,"pearson_r, mutual_information, entropy_reduction_ratio",0.26521144907735766,0.27178400727458607,0.10646835982187744,0.16701288628324928,0.6696439176013558
perm_android.permission.REQUEST_INSTALL_PACKAGES,0,0.2858906579549836,0.20986729203444004,81.2,93.12443288417923,"pearson_r, chi2_stat, f_stat",0.18436807068250824,0.08927320233262866,0.27445941525661993,0.1924744897127624,0.6888781117903986
perm_android.permission.READ_SMS,0,0.2579341914495984,0.19887834075391403,68.0,49.06730072054096,"pearson_r, chi2_stat, entropy_reduction_ratio",0.14632924029158875,0.1356994905090938,0.20974649487034416,0.14569481243528692,0.6522009191416785
perm_android.permission.READ_LOGS,0,0.256378952685575,0.205991384784793,86.6,93.44645525647294,"pearson_r, chi2_stat, entropy_reduction_ratio",0.16472229792950083,0.08556669487981725,0.2171333800787028,0.1547204007139636,0.6597519898258905
perm_android.permission.WRITE_EXTERNAL_STORAGE,0,0.25065907661107817,0.20424199367617166,70.2,42.93902653763823,"pearson_r, entropy_reduction_ratio, mutual_information",0.25096288638572345,0.21123116131067593,0.03717872842313392,0.12246086828330352,0.631461738652554
intent_android.intent.action.DOWNLOAD_COMPLETE,0,0.250046894209648,0.19369965933744465,60.8,30.902427089146247,"pearson_r, chi2_stat, mutual_information",0.13264925410775613,0.1752181871437576,0.18122720015967775,0.12620051735913773,0.6349393122779107
perm_android.permission.ACCESS_COARSE_LOCATION,0,0.2486124495947532,0.19899074348991885,67.8,38.40520798016853,"pearson_r, entropy_reduction_ratio, mutual_information",0.1990829398432935,0.16145264629401704,0.10680524462081857,0.133845809766381,0.6418756074492561
perm_android.permission.GET_PACKAGE_SIZE,0,0.24779585949454033,0.19215911220263454,57.2,8.997777503361595,"pearson_r, mutual_information, chi2_stat",0.10334686770240703,0.25343390071001587,0.15854049331339162,0.10711871138571505,0.6165393243611721
intent_com.igexin.sdk.action.refreshls,0,0.23850525577816653,0.19279071303929388,61.6,22.913751329714653,"pearson_r, mutual_information, chi2_stat",0.11219524391039486,0.18743934678754554,0.1633821527596662,0.11004121303665332,0.6194683223965728
intent_safiap.framework.ACTION_NETWORK_ERROR_FRAMEWORK,0,0.23802636132218485,0.19291989725067185,62.2,24.053274205396654,"pearson_r, mutual_information, chi2_stat",0.11219524391039486,0.1850448745076373,0.1633821527596662,0.11004121303665332,0.6194683223965728
intent_com.igexin.sdk.action.pushmanager,0,0.23660286699987926,0.19333139887480247,64.0,27.502727137504017,"pearson_r, mutual_information, chi2_stat",0.11219524391039486,0.177927402896109,0.1633821527596662,0.11004121303665332,0.6194683223965728
perm_android.permission.ACCESS_FINE_LOCATION,0,0.23117077320120796,0.20068416931253188,80.6,54.58424681169467,"pearson_r, entropy_reduction_ratio, mutual_information",0.17618660494644486,0.12624150424764455,0.1033412965271118,0.12048486777593774,0.629599592508901
intent_safiap.framework.ACTION_NETWORK_ERROR,0,0.22619393503253998,0.1975649540725965,78.2,55.39097399396404,"pearson_r, chi2_stat, mutual_information",0.11219524391039486,0.12588274305941283,0.1633821527596662,0.11004121303665332,0.6194683223965728
intent_com.baidu.autoupdatesdk.ACTION_AS_DOWNLOAD_COMPLETE,0,0.22119005995438457,0.19286594131225093,69.4,12.475576139000555,"pearson_r, mutual_information, chi2_stat",0.07457546429153931,0.27231041345446144,0.10892143517311077,0.07239553707393785,0.5777474497788734
perm_android.permission.READ_EXTERNAL_STORAGE,0,0.21670148853093804,0.1927503818435413,76.4,9.645724441429994,"pearson_r, mutual_information, entropy_reduction_ratio",0.09995740814569683,0.2608211429997993,0.07574461010606319,0.07099412493573146,0.5759901564673995
suspicious_getDeviceId,0,0.2091004887403319,0.1990932101460257,93.4,52.98150620735503,"pearson_r, entropy_reduction_ratio, mutual_information",0.202108538757249,0.16809112781939317,0.01314137313399309,0.07780066257001665,0.5843607414210076
intent_cryopiggy.start,0,0.20620738725945303,0.1912154653617555,77.2,14.337363774418225,"pearson_r, mutual_information, chi2_stat",0.07457546429153931,0.19739704997980378,0.10892143517311077,0.07239553707393785,0.5777474497788734
perm_android.webkit.permission.PLUGIN,0,0.20495679831306793,0.21235964771756047,125.2,149.08172255511406,"pearson_r, chi2_stat, entropy_reduction_ratio",0.11219524391039486,0.019697059462052424,0.1633821527596662,0.11004121303665332,0.6194683223965728
intent_com.baidu.autoupdatesdk.ACTION_NEW_AS,0,0.2023674725452036,0.1915463282370059,81.2,20.492925608609426,"pearson_r, mutual_information, chi2_stat",0.07457546429153931,0.17819747640855665,0.10892143517311077,0.07239553707393785,0.5777474497788734
intent_safiap.framework.ACTION_NETWORK_ERROR_IAP,0,0.20101738642065742,0.2159127709974279,188.6,275.79818708613726,"pearson_r, chi2_stat, entropy_reduction_ratio",0.11219524391039486,0.0,0.1633821527596662,0.11004121303665332,0.6194683223965728
intent_com.gridappsinc.launcher.theme.apk_action,0,0.19615422764078586,0.19272976345318213,88.6,33.97116424263378,"pearson_r, mutual_information, chi2_stat",0.07457546429153931,0.14713125188646792,0.10892143517311077,0.07239553707393785,0.5777474497788734
suspicious_getSimCountryIso,0,0.19558147868087827,0.1903657628529507,91.4,16.84755175092215,"pearson_r, mutual_information, entropy_reduction_ratio",0.08631070705860748,0.1730044285873379,0.08411187391194182,0.06552742326803132,0.5689529605784729
suspicious_Ljava/lang/System;->load,0,0.19534357888131268,0.19701839192148474,95.2,36.09653723004465,"pearson_r, mutual_information, entropy_reduction_ratio",0.0845334696294014,0.2739238356908398,0.02048984363239123,0.050277386302639455,0.5474933591512916
intent_android.intent.action.EXTERNAL_APPLICATIONS_AVAILABLE,0,0.19447170193916233,0.19318656817962124,90.0,36.6360478217834,"pearson_r, mutual_information, chi2_stat",0.07457546429153931,0.1387186233783503,0.10892143517311077,0.07239553707393785,0.5777474497788734
intent_com.gtp.nextlauncher.theme,0,0.1912381599614568,0.19422521242035282,96.6,49.400809709963255,"pearson_r, mutual_information, chi2_stat",0.07457546429153931,0.1225509134898226,0.10892143517311077,0.07239553707393785,0.5777474497788734
intent_android.provider.Telephony.SMS_RECEIVED,0,0.19037074181942487,0.19905917930594938,104.6,87.39931349844802,"pearson_r, chi2_stat, mutual_information",0.08030236328553546,0.08419155060327445,0.11962576764604305,0.08034531429094989,0.5873887132713215
perm_android.permission.DOWNLOAD_WITHOUT_NOTIFICATION,0,0.1894739103017483,0.2058398653204092,120.6,128.4408034854968,"pearson_r, chi2_stat, entropy_reduction_ratio",0.0970672378897435,0.03625315098403267,0.12862705963673615,0.08857617150137531,0.5968459314968538
intent_com.phonemetra.turbo.launcher.icons.ACTION_PICK_ICON,0,0.1889431407098854,0.19508915577030714,102.0,59.9849981245311,"pearson_r, mutual_information, chi2_stat",0.07457546429153931,0.11107581723196572,0.10892143517311077,0.07239553707393785,0.5777474497788734
intent_com.igexin.sdk.action.7fjUl2Z3LH6xYy7NQK4ni4,0,0.18441063480043174,0.19709850670688026,111.8,79.34204433968159,"pearson_r, chi2_stat, mutual_information",0.07457546429153931,0.08841328768469736,0.10892143517311077,0.07239553707393785,0.5777474497788734
intent_safiap.framework.ACTION_TO_UPDATE,0,0.183895948233672,0.19735171153334397,112.4,80.53098782456352,"pearson_r, chi2_stat, mutual_information",0.07457546429153931,0.08583985485089861,0.10892143517311077,0.07239553707393785,0.5777474497788734
intent_cn.egame.terminal.sdk.SERVICE_CMD,0,0.1824851959980689,0.19807151395021383,115.0,85.68663839829405,"pearson_r, chi2_stat, mutual_information",0.07457546429153931,0.07878609367288308,0.10892143517311077,0.07239553707393785,0.5777474497788734
perm_com.android.browser.permission.READ_HISTORY_BOOKMARKS,0,0.18023787262056407,0.21139127303729763,194.0,273.11316335907355,"pearson_r, chi2_stat, entropy_reduction_ratio",0.09323635654941916,0.0,0.12666113837924325,0.08663369202252155,0.5946581761516364
intent_cn.egame.terminal.sdk.RECEIVER_CMD,0,0.17790174423907756,0.20066628123467617,124.6,104.76087055766575,"pearson_r, chi2_stat, entropy_reduction_ratio",0.07457546429153931,0.05586883487792655,0.10892143517311077,0.07239553707393785,0.5777474497788734
perm_com.google.android.providers.gsf.permission.READ_GSERVICES,0,0.1751664381358324,0.07757728733208016,267.4,371.75561865289944,"entropy_reduction_ratio, chi2_stat, pearson_r",0.3264558666623224,0.10947723109361979,0.16187020453440207,0.13205415384670188,0.14597473454211593
n_services,0,0.17464877343636048,0.1626996145115429,189.6,102.13246300760595,"pearson_r, entropy_reduction_ratio, mutual_information",0.32305126935059697,0.15425350184009598,5.669971150021603e-05,1.5595185961523834e-05,0.3958668010936477
intent_android.intent.action.MEDIA_BUTTON,0,0.17350106766779733,0.07605621183420598,245.6,374.37446494118694,"mutual_information, pearson_r, entropy_reduction_ratio",0.19825867758323057,0.28689900519482403,0.10233173849875993,0.07620335377922761,0.20381256328294461
perm_com.android.vending.CHECK_LICENSE,0,0.17281048749102973,0.20694440560701466,137.8,150.93760300203525,"pearson_r, chi2_stat, entropy_reduction_ratio",0.0832265481540324,0.01282074878263033,0.11068252049806106,0.07561082657005452,0.5817117934503704
perm_com.android.launcher.permission.READ_SETTINGS,0,0.1714868690408639,0.1873724486198647,105.4,16.05739704933524,"pearson_r, mutual_information, chi2_stat",0.047953881109467314,0.17102929187922583,0.062337690568122724,0.04189525840959597,0.5342182232379078
intent_android.intent.action.MEDIA_MOUNTED,0,0.1711361025674874,0.19030719000008908,112.0,32.94237392781522,"pearson_r, mutual_information, chi2_stat",0.05159617598473373,0.13151666410368396,0.07535887574222824,0.050053569937982094,0.547155227068809
perm_android.permission.RAISED_THREAD_PRIORITY,0,0.1680313503562112,0.18674182392767455,116.0,14.710540438746634,"pearson_r, mutual_information, chi2_stat",0.037178159492332954,0.18924902196968404,0.054460717586555386,0.03572766642126208,0.5235411863112215
perm_android.permission.RESTART_PACKAGES,0,0.16679676122036574,0.19906021828255435,141.5,101.3192972735204,"pearson_r, chi2_stat, entropy_reduction_ratio",0.06436408638953853,0.05145036083838116,0.09236112847325507,0.06181426438701972,0.5639939660136342
perm_android.permission.READ_CALL_LOG,0,0.16672797726349226,0.20855096087853758,206.0,267.219385524329,"pearson_r, chi2_stat, entropy_reduction_ratio",0.07457546429153931,0.0,0.10892143517311077,0.07239553707393785,0.5777474497788734
perm_android.permission.ACCESS_COARSE_UPDATES,0,0.16672797726349226,0.20855096087853758,206.0,267.219385524329,"pearson_r, chi2_stat, entropy_reduction_ratio",0.07457546429153931,0.0,0.10892143517311077,0.07239553707393785,0.5777474497788734
perm_,0,0.16672797726349226,0.20855096087853758,206.0,267.219385524329,"pearson_r, chi2_stat, entropy_reduction_ratio",0.07457546429153931,0.0,0.10892143517311077,0.07239553707393785,0.5777474497788734
intent_com.baidu.autoupdatesdk.ACTION_NEW_UPDATE,0,0.16672797726349226,0.20855096087853758,206.0,267.219385524329,"pearson_r, chi2_stat, entropy_reduction_ratio",0.07457546429153931,0.0,0.10892143517311077,0.07239553707393785,0.5777474497788734
intent_com.baidu.autoupdatesdk.ACTION_DOWNLOAD_COMPLETE,0,0.16672797726349226,0.20855096087853758,206.0,267.219385524329,"pearson_r, chi2_stat, entropy_reduction_ratio",0.07457546429153931,0.0,0.10892143517311077,0.07239553707393785,0.5777474497788734
intent_android.intent.apicloud.notification,0,0.16672797726349226,0.20855096087853758,206.0,267.219385524329,"pearson_r, chi2_stat, entropy_reduction_ratio",0.07457546429153931,0.0,0.10892143517311077,0.07239553707393785,0.5777474497788734
intent_com.lge.launcher2.THEME,0,0.16672797726349226,0.20855096087853758,206.0,267.219385524329,"pearson_r, chi2_stat, entropy_reduction_ratio",0.07457546429153931,0.0,0.10892143517311077,0.07239553707393785,0.5777474497788734
perm_com.android.launcher.permission.WRITE_SETTINGS,0,0.16554722335377303,0.20880569795023698,214.6,262.9384718902884,"pearson_r, chi2_stat, f_stat",0.07058284057381502,0.0,0.10790246035786401,0.07199888118815137,0.5772519346490348
perm_android.permission.SYSTEM_OVERLAY_WINDOW,0,0.16554722335377303,0.20880569795023698,214.6,262.9384718902884,"pearson_r, chi2_stat, f_stat",0.07058284057381502,0.0,0.10790246035786401,0.07199888118815137,0.5772519346490348
intent_com.baidu.location.service_v2.2,0,0.16554722335377303,0.20880569795023698,214.6,262.9384718902884,"pearson_r, chi2_stat, f_stat",0.07058284057381502,0.0,0.10790246035786401,0.07199888118815137,0.5772519346490348
perm_android.permission.MANAGE_ACCOUNTS,0,0.16459364752702252,0.1853500176226971,134.0,22.333830840229805,"pearson_r, mutual_information, chi2_stat",0.035228975582970286,0.19841925958869752,0.04551747043857338,0.030359583413852132,0.5134429486110192
intent_cn.uc.gamesdk.sdkweb,0,0.1632477525288137,0.18644314527723038,122.8,14.985326155943353,"pearson_r, mutual_information, chi2_stat",0.037178159492332954,0.16533103283269673,0.054460717586555386,0.03572766642126208,0.5235411863112215
perm_com.android.launcher.permission.UNINSTALL_SHORTCUT,0,0.16046444472666516,0.19981877091182043,150.8,116.92630157496644,"pearson_r, chi2_stat, entropy_reduction_ratio",0.06654069714370418,0.03399380162699313,0.08502147118680099,0.05801370296003026,0.5587525507157972
perm_android.permission.CALL_PHONE,0,0.15923133490070307,0.18721104040013817,126.0,35.83852675543458,"pearson_r, mutual_information, chi2_stat",0.05002010427498903,0.12474424613323355,0.054028557628039674,0.038651360904815066,0.528712405562438
perm_android.permission.READ_INTERNAL_STORAGE,0,0.15753001673507835,0.18567931816705976,143.2,46.30939429532631,"pearson_r, mutual_information, chi2_stat",0.012865868767290074,0.27650933637873976,0.0180944483398919,0.011807932246562704,0.4683724979429074
perm_android.permission.WRITE_SMS,0,0.15650668905268952,0.20596688668809543,220.6,259.93429939121154,"pearson_r, chi2_stat, entropy_reduction_ratio",0.06436408638953853,0.0,0.09236112847325507,0.06181426438701972,0.5639939660136343
intent_android.net.wifi.STATE_CHANGE,0,0.1565066890526895,0.2059668866880954,220.9,259.7715149896154,"pearson_r, chi2_stat, entropy_reduction_ratio",0.06436408638953853,0.0,0.09236112847325507,0.06181426438701972,0.5639939660136342
perm_android.permission.BLUETOOTH_ADMIN,0,0.15619109146562646,0.18304244121317614,140.4,35.657257325823586,"pearson_r, mutual_information, chi2_stat",0.023816819664044492,0.23094563723945927,0.02430392418047276,0.0174270545405611,0.48446202170359476
perm_android.permission.EXPAND_STATUS_BAR,0,0.15417263040669135,0.18722357154121236,138.8,32.036853778109986,"pearson_r, mutual_information, chi2_stat",0.037178159492332954,0.11995542222208495,0.054460717586555386,0.03572766642126208,0.5235411863112214
perm_android.permission.SIGNAL_PERSISTENT_PROCESSES,0,0.1525026188933881,0.18755827829692964,138.8,41.266935917269166,"pearson_r, mutual_information, chi2_stat",0.037178159492332954,0.11160536465556857,0.054460717586555386,0.03572766642126208,0.5235411863112215
intent_com.qihoo.appstore.ACTION_NOTIFY_UNINSTALL,0,0.1507531592668813,0.18491961176217192,501.6,242.34405294952052,"pearson_r, mutual_information, entropy_reduction_ratio",0.0,0.3606432652546436,0.0,0.0,0.3931225310797629
intent_android.intent.action.PACKAGE_RESTARTED,0,0.14803937755882118,0.18874018777600043,152.0,57.784080852774665,"pearson_r, mutual_information, chi2_stat",0.037178159492332954,0.08928915798273424,0.054460717586555386,0.03572766642126208,0.5235411863112214
perm_android.permission.RECORD_AUDIO,0,0.14792340260208633,0.18790746666922417,157.4,54.3418807182821,"pearson_r, mutual_information, entropy_reduction_ratio",0.04717052997998654,0.08985450406801748,0.045937048303674975,0.03479996563271386,0.5218549650260388
intent_com.android.vending.INSTALL_REFERRER,0,0.1472426906462998,0.05110763642459729,254.4,370.5372315975818,"mutual_information, pearson_r, entropy_reduction_ratio",0.15033146799595903,0.21770904175409872,0.09039788659203037,0.09033881012082703,0.18743624676858378
intent_com.Remind.alarm.repeat,0,0.14578135356464095,0.1894955724603755,152.8,68.38537855419095,"pearson_r, mutual_information, chi2_stat",0.037178159492332954,0.07799903801183287,0.054460717586555386,0.03572766642126208,0.5235411863112215
perm_android.permission.WRITE_APN_SETTINGS,0,0.14335854899069453,0.19042189611073512,157.6,77.82698760712765,"pearson_r, mutual_information, chi2_stat",0.037178159492332954,0.06588501514210077,0.054460717586555386,0.03572766642126208,0.5235411863112215
perm_android.permission.BROADCAST_STICKY,0,0.1431411402775443,0.1779894174857436,150.8,35.941062866865806,"pearson_r, mutual_information, chi2_stat",0.01333678701368976,0.21187392871471183,0.0158534377017982,0.01051024587570578,0.46413130208181586
perm_android.permission.RECEIVE_SMS,0,0.14313905145118644,0.18194901337612499,155.4,14.347125147568763,"pearson_r, mutual_information, entropy_reduction_ratio",0.031839490149598464,0.1325673165349607,0.03037726369510969,0.022983173363540912,0.4979280135127224
perm_com.nd.android.launcher.permission.WRITE_SETTINGS,0,0.1429944434982935,0.1765760406900882,503.8,238.03730800023763,"pearson_r, mutual_information, entropy_reduction_ratio",0.0,0.32184968641170447,0.0,0.0,0.3931225310797629
perm_android.permission.WRITE_CALENDAR,0,0.14263959110489396,0.12717522908379328,288.4,345.7326134457089,"mutual_information, pearson_r, entropy_reduction_ratio",0.06213905500238305,0.30585099350001815,0.033490387145048706,0.022655241397086908,0.2890622784799331
perm_android.permission.WRITE_CALL_LOG,0,0.14260909007780986,0.17618696653148377,504.0,237.64595515177615,"pearson_r, mutual_information, entropy_reduction_ratio",0.0,0.31992291930928646,0.0,0.0,0.3931225310797629
perm_android.permission.CHANGE_CONFIGURATION,0,0.1408512501863818,0.19366297806459956,156.0,107.57880832208545,"pearson_r, chi2_stat, entropy_reduction_ratio",0.042889198638313954,0.03799859980171034,0.05724866095194707,0.03819715519328173,0.5279226363466559
intent_com.mobiletool.appstore.action.specialdetail,0,0.14055345321367138,0.17415442589683283,504.4,236.86333612444116,"pearson_r, mutual_information, entropy_reduction_ratio",0.0,0.309644734988594,0.0,0.0,0.3931225310797629
intent_com.qihoo.appstore.launcher.shortcut.MYSOFT,0,0.13942080303951926,0.1730660368345665,505.0,235.6896264157589,"pearson_r, mutual_information, entropy_reduction_ratio",0.0,0.3039814841178334,0.0,0.0,0.3931225310797629
intent_com.excelliance.kxqp.platform.gameplugin.action.UNBIND_REMOTE,0,0.13859151398628536,0.1722836824662651,505.4,234.9073008656819,"pearson_r, mutual_information, entropy_reduction_ratio",0.0,0.2998350388516639,0.0,0.0,0.3931225310797629
intent_com.igexin.sdk.action.64kVIzqls49c7TJxrBbWG4,0,0.13841003967709092,0.1721141361459378,505.6,234.51618281048323,"pearson_r, mutual_information, entropy_reduction_ratio",0.0,0.2989276673056917,0.0,0.0,0.3931225310797629
intent_cn.ngds.android.intent.alarm,0,0.13804492642156907,0.1928646341182635,172.2,97.86092172057239,"pearson_r, chi2_stat, mutual_information",0.037178159492332954,0.039316902296473596,0.054460717586555386,0.03572766642126208,0.5235411863112214
perm_com.amazon.device.messaging.permission.RECEIVE,0,0.13737557208094986,0.05350364221772497,275.8,360.4210870634514,"pearson_r, entropy_reduction_ratio, mutual_information",0.17915137418820107,0.13272483216321518,0.09302885318069086,0.06834466315917961,0.21362813771346253
intent_com.igexin.sdk.action.user.message,0,0.1372990563549271,0.19325182777418728,171.6,105.52838480712191,"pearson_r, chi2_stat, entropy_reduction_ratio",0.037178159492332954,0.035587551963263526,0.054460717586555386,0.03572766642126208,0.5235411863112215
intent_com.sogou.androidtool.intent.action.COMMAND,0,0.1362179872105837,0.17011399152980852,506.0,233.73403688808355,"pearson_r, mutual_information, entropy_reduction_ratio",0.0,0.2879674049731556,0.0,0.0,0.3931225310797629
intent_android.intent.action.SIG_STR,0,0.136164014158554,0.19386158959395894,178.2,109.81056415482074,"pearson_r, chi2_stat, entropy_reduction_ratio",0.037178159492332954,0.02991234098139831,0.054460717586555386,0.03572766642126208,0.5235411863112214
intent_qihu360.intent.action.EXPORT_STAT,0,0.1359434113586063,0.16986976844176613,506.6,232.56104574928278,"pearson_r, mutual_information, entropy_reduction_ratio",0.0,0.28659452571326854,0.0,0.0,0.3931225310797629
perm_android.permission.PERMISSION_NAME,0,0.13563870504533665,0.16482735853716088,347.2,289.74568158990735,"pearson_r, mutual_information, entropy_reduction_ratio",0.003387687310711092,0.30272074673268423,0.001860577063613817,0.001207800831507796,0.3690167132881663
intent_aspire.iap.SMS_DELIVERED_ACTION,0,0.1354773957488791,0.19424240116149463,176.6,115.4566585347073,"pearson_r, chi2_stat, entropy_reduction_ratio",0.037178159492332954,0.026479248933023544,0.054460717586555386,0.03572766642126208,0.5235411863112215
intent_android.net.wifi.supplicant.CONNECTION_CHANGE,0,0.13538867440771374,0.19429226134467778,180.6,114.59336804545016,"pearson_r, chi2_stat, entropy_reduction_ratio",0.037178159492332954,0.02603564222719695,0.054460717586555386,0.03572766642126208,0.5235411863112214
perm_android.permission.ACCESS_LOCATION_EXTRA_COMMANDS,0,0.13536691117524938,0.1985835448505171,228.4,256.02390513387616,"pearson_r, chi2_stat, entropy_reduction_ratio",0.04883025806939662,0.0,0.05770194640063961,0.039731300895304474,0.5305710505109061
intent_show_lock_set_email,0,0.13495985971902508,0.16900669047322836,506.8,232.17011004864514,"pearson_r, mutual_information, entropy_reduction_ratio",0.0,0.28167676751536247,0.0,0.0,0.3931225310797629
intent_com.excelliance.open.action.gameverchk,0,0.13488885773935871,0.1689451011661183,507.0,231.77920527950732,"pearson_r, mutual_information, entropy_reduction_ratio",0.0,0.2813217576170306,0.0,0.0,0.3931225310797629
perm_android.permission.READ_CONTACTS,0,0.13347631055306108,0.1736485852567248,161.6,32.30232189796888,"pearson_r, mutual_information, entropy_reduction_ratio",0.010253843245701928,0.1878705656264131,0.010050704370154939,0.007216171167796272,0.4519902683552392
perm_android.permission.RUN_INSTRUMENTATION,0,0.132638562895869,0.19591120778824384,183.6,129.37480434767815,"pearson_r, chi2_stat, entropy_reduction_ratio",0.037178159492332954,0.012285084667973161,0.054460717586555386,0.03572766642126208,0.5235411863112215
perm_com.yulong3.android.launcher.permission.READ_SETTINGS,0,0.1320460601450335,0.16655994419329798,508.4,229.04375127909515,"pearson_r, mutual_information, entropy_reduction_ratio",0.0,0.2671077696454046,0.0,0.0,0.3931225310797629
perm_xvtian.gai.receiver,0,0.13057863020081337,0.19721565545719666,189.4,140.91926766769691,"pearson_r, chi2_stat, entropy_reduction_ratio",0.037178159492332954,0.0019854211926949904,0.054460717586555386,0.03572766642126208,0.5235411863112215
intent_com.excelliance.kxqp.platform.gameplugin.action.BIND_REMOTE,0,0.1305489431277081,0.16536860064644876,508.8,228.26248049120994,"pearson_r, mutual_information, entropy_reduction_ratio",0.0,0.2596221845587775,0.0,0.0,0.3931225310797629
perm_android.permission.VIBRATE,0,0.13053487823539395,0.1831746542554496,178.0,43.524705627953416,"pearson_r, mutual_information, entropy_reduction_ratio",0.0318317878423833,0.09159461971411009,0.01562905360941693,0.02078803063963432,0.49283089937142516
intent_android.intent.action.BATTERY_CHANGED,0,0.13022776231559474,0.19744555108965992,194.4,142.1169940577129,"pearson_r, chi2_stat, entropy_reduction_ratio",0.037178159492332954,0.0002310817666019167,0.054460717586555386,0.03572766642126208,0.5235411863112214
perm_android.permission.INSTALL_PACKAGES,0,0.13018154596227438,0.19747599888073042,243.4,248.65043736136883,"pearson_r, chi2_stat, entropy_reduction_ratio",0.037178159492332954,0.0,0.054460717586555386,0.03572766642126208,0.5235411863112215
perm_android.permission.DEVICE_POWER,0,0.13018154596227438,0.19747599888073042,243.4,248.65043736136883,"pearson_r, chi2_stat, entropy_reduction_ratio",0.037178159492332954,0.0,0.054460717586555386,0.03572766642126208,0.5235411863112215
perm_android.permission.ACCOUNT_MANAGER,0,0.13018154596227438,0.19747599888073042,243.4,248.65043736136883,"pearson_r, chi2_stat, entropy_reduction_ratio",0.037178159492332954,0.0,0.054460717586555386,0.03572766642126208,0.5235411863112215
intent_com.igexin.sdk.action.service.message,0,0.13018154596227438,0.19747599888073042,243.4,248.65043736136883,"pearson_r, chi2_stat, entropy_reduction_ratio",0.037178159492332954,0.0,0.054460717586555386,0.03572766642126208,0.5235411863112215
intent_com.snowfish.a.a.s.ABGSvc,0,0.13018154596227438,0.19747599888073042,243.4,248.65043736136883,"pearson_r, chi2_stat, entropy_reduction_ratio",0.037178159492332954,0.0,0.054460717586555386,0.03572766642126208,0.5235411863112215
perm_org.simalliance.openmobileapi.SMARTCARD,0,0.13018154596227438,0.19747599888073042,243.4,248.65043736136883,"pearson_r, chi2_stat, entropy_reduction_ratio",0.037178159492332954,0.0,0.054460717586555386,0.03572766642126208,0.5235411863112215
intent_com.adroid.SERVICE,0,0.13018154596227438,0.19747599888073042,243.4,248.65043736136883,"pearson_r, chi2_stat, entropy_reduction_ratio",0.037178159492332954,0.0,0.054460717586555386,0.03572766642126208,0.5235411863112215
perm_cn.swiftpass.wxpay.permission.MM_MESSAGE,0,0.13018154596227438,0.19747599888073042,243.4,248.65043736136883,"pearson_r, chi2_stat, entropy_reduction_ratio",0.037178159492332954,0.0,0.054460717586555386,0.03572766642126208,0.5235411863112215
perm_cn.swiftpass.wxpay.permission.MMOAUTH_CALLBACK,0,0.13018154596227438,0.19747599888073042,243.4,248.65043736136883,"pearson_r, chi2_stat, entropy_reduction_ratio",0.037178159492332954,0.0,0.054460717586555386,0.03572766642126208,0.5235411863112215
intent_aspire.iap.SMS_SEND_ACTIOIN,0,0.13018154596227438,0.19747599888073042,243.4,248.65043736136883,"pearson_r, chi2_stat, entropy_reduction_ratio",0.037178159492332954,0.0,0.054460717586555386,0.03572766642126208,0.5235411863112215
intent_com.google.Ps.Download,0,0.13018154596227438,0.19747599888073042,243.4,248.65043736136883,"pearson_r, chi2_stat, entropy_reduction_ratio",0.037178159492332954,0.0,0.054460717586555386,0.03572766642126208,0.5235411863112215
intent_com.Remind.alarm.enable,0,0.13018154596227438,0.19747599888073042,243.4,248.65043736136883,"pearson_r, chi2_stat, entropy_reduction_ratio",0.037178159492332954,0.0,0.054460717586555386,0.03572766642126208,0.5235411863112215
intent_com.Remind.launch.app,0,0.13018154596227438,0.19747599888073042,243.4,248.65043736136883,"pearson_r, chi2_stat, entropy_reduction_ratio",0.037178159492332954,0.0,0.054460717586555386,0.03572766642126208,0.5235411863112215
intent_android.intent.action.DATA_SMS_RECEIVED,0,0.13018154596227438,0.19747599888073042,243.4,248.65043736136883,"pearson_r, chi2_stat, entropy_reduction_ratio",0.037178159492332954,0.0,0.054460717586555386,0.03572766642126208,0.5235411863112215
intent_com.alimama.mobile.sdk.download.action,0,0.13018154596227438,0.19747599888073042,243.4,248.65043736136883,"pearson_r, chi2_stat, entropy_reduction_ratio",0.037178159492332954,0.0,0.054460717586555386,0.03572766642126208,0.5235411863112215
intent_android.provider.Telephony.SMS_DELIVER,0,0.13018154596227435,0.19747599888073036,246.8,246.78241428432455,"pearson_r, chi2_stat, entropy_reduction_ratio",0.037178159492332954,0.0,0.054460717586555386,0.03572766642126208,0.5235411863112214
perm_android.permission.UPDATE_APP_OPS_STATS,0,0.13018154596227435,0.19747599888073036,246.8,246.78241428432455,"pearson_r, chi2_stat, entropy_reduction_ratio",0.037178159492332954,0.0,0.054460717586555386,0.03572766642126208,0.5235411863112214
intent_android.intent.action.SIM_STATE_CHANGED,0,0.13018154596227435,0.19747599888073036,246.8,246.78241428432455,"pearson_r, chi2_stat, entropy_reduction_ratio",0.037178159492332954,0.0,0.054460717586555386,0.03572766642126208,0.5235411863112214
perm_android.permission.SUBSCRIBED_FEEDS_WRITE,0,0.13013751561191345,0.1650492126731072,509.0,227.87189383511077,"pearson_r, mutual_information, entropy_reduction_ratio",0.0,0.2575650469798043,0.0,0.0,0.3931225310797629
perm_com.bbk.launcher2.permission.READ_SETTINGS,0,0.1301257307566349,0.16504011551593292,509.2,227.4813398940669,"pearson_r, mutual_information, entropy_reduction_ratio",0.0,0.2575061227034115,0.0,0.0,0.3931225310797629
perm_com.fx.launcher.permission.READ_SETTINGS,0,0.13007267552047935,0.16499919574165256,509.4,227.09081883686977,"pearson_r, mutual_information, entropy_reduction_ratio",0.0,0.25724084652263385,0.0,0.0,0.3931225310797629
intent_com.baidu.android.pushservice.action.RECEIVE,0,0.129373653021519,0.15884428306662013,350.0,286.8651251023728,"pearson_r, mutual_information, entropy_reduction_ratio",0.003387687310711092,0.27139548661359597,0.001860577063613817,0.001207800831507796,0.3690167132881663
intent_com.qihoo.appstore.stable_notification_broadcast,0,0.12901801417783107,0.16419788405957114,509.8,226.3098760549349,"pearson_r, mutual_information, entropy_reduction_ratio",0.0,0.2519675398093925,0.0,0.0,0.3931225310797629
intent_android.intent.action.VIEW,0,0.12857124149462057,0.17030044152176135,178.8,43.47597037444937,"pearson_r, mutual_information, entropy_reduction_ratio",0.006086925652714934,0.19013861457496437,0.004998178358328903,0.0041025280037710965,0.43752996088332347
intent_com.firebase.jobdispatcher.ACTION_EXECUTE,0,0.1279650018649801,0.16342106883956545,510.0,225.9194546735628,"pearson_r, mutual_information, entropy_reduction_ratio",0.0,0.2467024782451376,0.0,0.0,0.3931225310797629
intent_com.android.utils.hades.ACTION_UPDATE_SYS_WRAPPER,0,0.12757657510016382,0.16314045364178348,510.2,225.5290668627882,"pearson_r, mutual_information, entropy_reduction_ratio",0.0,0.2447603444210562,0.0,0.0,0.3931225310797629
n_providers,0,0.12689715921792127,0.12300769423597208,297.6,335.8991515321228,"pearson_r, mutual_information, entropy_reduction_ratio",0.07645011968140633,0.19914826197747637,0.01908921824138983,0.007774989883760375,0.33202320630557347
perm_com.google.android.gms.permission.AD_ID_NOTIFICATION,0,0.126772282038436,0.1625696619254025,510.4,225.13871279724418,"pearson_r, mutual_information, entropy_reduction_ratio",0.0,0.24073887911241715,0.0,0.0,0.3931225310797629
intent_android.intent.action.NOTIFICATION_ADD,0,0.12669544041387362,0.16251585719600012,510.6,224.7483926527618,"pearson_r, mutual_information, entropy_reduction_ratio",0.0,0.24035467098960517,0.0,0.0,0.3931225310797629
perm_android.permission.READ_CELL_BROADCASTS,0,0.1253903097222479,0.1616215858238549,510.8,224.35810660638052,"pearson_r, mutual_information, entropy_reduction_ratio",0.0,0.23382901753147664,0.0,0.0,0.3931225310797629
perm_android.permission.BLUETOOTH,0,0.12496146514147706,0.19487062341151037,255.4,242.4909070460169,"pearson_r, entropy_reduction_ratio, chi2_stat",0.042279893133255,0.0,0.03853715584668847,0.030422969163328945,0.5135673075641128
intent_android.intent.action.ACTION_POWER_CONNECTED,0,0.12490979560928302,0.19485687127911502,263.0,238.748403136021,"pearson_r, chi2_stat, entropy_reduction_ratio",0.035228975582970286,0.0,0.04551747043857338,0.030359583413852132,0.5134429486110192
intent_android.intent.action.ACTION_POWER_DISCONNECTED,0,0.12490979560928302,0.19485687127911502,263.0,238.748403136021,"pearson_r, chi2_stat, entropy_reduction_ratio",0.035228975582970286,0.0,0.04551747043857338,0.030359583413852132,0.5134429486110192
perm_com.google.android.googleapps.permission.GOOGLE_AUTH.orkut,0,0.1244747134126863,0.16101651502022551,511.2,223.57763752218156,"pearson_r, mutual_information, entropy_reduction_ratio",0.0,0.22925103598366858,0.0,0.0,0.3931225310797629
intent_com.taobao.accs.intent.action.RECEIVE,0,0.12413911123468054,0.16079938526135457,511.4,223.1874548445768,"pearson_r, mutual_information, entropy_reduction_ratio",0.0,0.22757302509363977,0.0,0.0,0.3931225310797629
intent_com.tappx.sdk.SILP,0,0.12413166647081819,0.16079459704853108,511.6,222.79730698551992,"pearson_r, mutual_information, entropy_reduction_ratio",0.0,0.22753580127432807,0.0,0.0,0.3931225310797629
intent_wifi.intent.action.SDK_RESULT,0,0.12323055919084065,0.16022419910867758,512.0,222.01711645726778,"pearson_r, mutual_information, entropy_reduction_ratio",0.0,0.2230302648744403,0.0,0.0,0.3931225310797629
intent_com.amazon.device.messaging.intent.RECEIVE,0,0.1230565306135318,0.06177352021875805,305.2,356.7314956658579,"pearson_r, entropy_reduction_ratio, chi2_stat",0.17915137418820107,0.06112962482612493,0.09302885318069086,0.06834466315917961,0.21362813771346253
perm_com.ty.launcher.permission.READ_SETTINGS,0,0.12271718549488968,0.1599074079043892,512.2,221.6270741583708,"pearson_r, mutual_information, entropy_reduction_ratio",0.0,0.22046339639468554,0.0,0.0,0.3931225310797629
intent_com.qihoo.appstore.APPWATCHER_CHANGE_TIME,0,0.12254755339353891,0.1598040437929902,512.4,221.23706741864032,"pearson_r, mutual_information, entropy_reduction_ratio",0.0,0.21961523588793166,0.0,0.0,0.3931225310797629
intent_show_lock_forget_pwd,0,0.12200754548459947,0.15947935356735057,512.8,220.45716137154628,"pearson_r, mutual_information, entropy_reduction_ratio",0.0,0.2169151963432344,0.0,0.0,0.3931225310797629
perm_com.sec.android.provider.badge.permission.READ,0,0.12199374338083893,0.08898907002795602,291.6,346.2346603100273,"pearson_r, mutual_information, entropy_reduction_ratio",0.08699232316524232,0.1748555284776901,0.04651442659034543,0.032020421530497244,0.2695860171404196
perm_com.htc.launcher.permission.WRITE_SETTINGS,0,0.11984638464321648,0.15824703877742122,513.4,219.28757374735122,"pearson_r, mutual_information, entropy_reduction_ratio",0.0,0.2061093921363195,0.0,0.0,0.3931225310797629
intent_com.easou.eyou.START_EPAY_PROXY_SERVICE,0,0.11983859137218626,0.1582427912505603,513.6,218.89778436521465,"pearson_r, mutual_information, entropy_reduction_ratio",0.0,0.20607042578116846,0.0,0.0,0.3931225310797629
intent_com.excelliance.appmate.platform.gameservice.PlatService,0,0.1197591993963493,0.15819960165463176,513.8,218.5080318889903,"pearson_r, mutual_information, entropy_reduction_ratio",0.0,0.20567346590198354,0.0,0.0,0.3931225310797629
perm_android.permission.BODY_SENSORS,0,0.11946097901969077,0.15803868809700072,514.2,217.72863844703573,"pearson_r, mutual_information, entropy_reduction_ratio",0.0,0.20418236401869097,0.0,0.0,0.3931225310797629
intent_android.intent.action.SERVICE_STATE,0,0.1193938309566922,0.1580027443340022,514.4,217.3389978811902,"pearson_r, mutual_information, entropy_reduction_ratio",0.0,0.20384662370369813,0.0,0.0,0.3931225310797629
suspicious_Landroid/telephony/SmsMessage;->getMessageBody,0,0.11929666046296772,0.05932449157191709,283.6,355.1487575650519,"pearson_r, mutual_information, entropy_reduction_ratio",0.10785157052984604,0.130726672573189,0.07268078931564365,0.05872209055317122,0.2265021793429886
intent_com.qihoo.appstore.battery.START,0,0.1186236551148822,0.1575980739060317,514.6,216.94939502105095,"pearson_r, mutual_information, entropy_reduction_ratio",0.0,0.19999574449464808,0.0,0.0,0.3931225310797629
perm_com.qihoo360.mobilesafe.news.permission.NEWS_SDK_BROADCAST,0,0.11847074462723561,0.15751939922950503,514.8,216.55983007012173,"pearson_r, mutual_information, entropy_reduction_ratio",0.0,0.19923119205641515,0.0,0.0,0.3931225310797629
perm_com.google.android.googleapps.permission.GOOGLE_AUTH.finance,0,0.11807055367425237,0.15731612296258612,515.6,215.00195347949747,"pearson_r, mutual_information, entropy_reduction_ratio",0.0,0.1972302372914989,0.0,0.0,0.3931225310797629
perm_com.s.launcher.permission.WRITE_SETTINGS,0,0.11763444062679447,0.1570989439195055,516.0,214.2232480381156,"pearson_r, mutual_information, entropy_reduction_ratio",0.0,0.19504967205420942,0.0,0.0,0.3931225310797629
intent_com.kingroot.kinguser.service.IKingrootAppList,0,0.11752560554830774,0.15704545385124724,516.2,213.8339542729358,"pearson_r, mutual_information, entropy_reduction_ratio",0.0,0.19450549666177577,0.0,0.0,0.3931225310797629
intent_com.google.firebase.MESSAGING_EVENT,0,0.11751387320629902,0.10245554344869043,302.5,335.9910713099382,"pearson_r, mutual_information, entropy_reduction_ratio",0.06213905500238305,0.18022240400704337,0.033490387145048706,0.022655241397086908,0.28906227847993315
perm_android.permission.WRITE_SECURE_SETTINGS,0,0.11712425733311067,0.19168288771240596,268.2,236.2620578933486,"pearson_r, chi2_stat, entropy_reduction_ratio",0.02587799963831268,0.0,0.0361888966797838,0.023797995921179683,0.49975639442627723
intent_android.net.wifi.WIFI_STATE_CHANGED,0,0.11712425733311067,0.19168288771240596,268.2,236.2620578933486,"pearson_r, chi2_stat, entropy_reduction_ratio",0.02587799963831268,0.0,0.0361888966797838,0.023797995921179683,0.49975639442627723
intent_com.getui.gis.action.64kVIzqls49c7TJxrBbWG4,0,0.1156589420169722,0.15617240856030143,517.4,211.49903073063953,"pearson_r, mutual_information, entropy_reduction_ratio",0.0,0.18517217900509803,0.0,0.0,0.3931225310797629
intent_org.agoo.android.intent.action.PING,0,0.11565505526483814,0.15617067872846255,517.6,211.11001871062396,"pearson_r, mutual_information, entropy_reduction_ratio",0.0,0.18515274524442782,0.0,0.0,0.3931225310797629
intent_com.telecom.sdk_auth_ui.SMS_SEND_ACTIOIN,0,0.11559715831051531,0.15614495474901954,518.0,210.33211832718274,"pearson_r, mutual_information, entropy_reduction_ratio",0.0,0.18486326047281365,0.0,0.0,0.3931225310797629
perm_com.meizu.c2dm.permission.RECEIVE,0,0.11555976879984327,0.15612838574116938,518.2,209.9432304219405,"pearson_r, mutual_information, entropy_reduction_ratio",0.0,0.18467631291945347,0.0,0.0,0.3931225310797629
intent_com.google.firebase.INSTANCE_ID_EVENT,0,0.1152780155346039,0.07134009586405796,296.2,350.9241513489774,"pearson_r, entropy_reduction_ratio, mutual_information",0.11954267389666764,0.1013590006777297,0.06325962016286978,0.04455789860432842,0.24767088433142392
intent_com.sina.weibo.sdk.action.ACTION_SDK_REQ_ACTIVITY,0,0.11503307777830021,0.14085144095067595,329.2,317.57166120420754,"pearson_r, mutual_information, entropy_reduction_ratio",0.010185318924114421,0.2044715338669629,0.00558173119084145,0.003640699713021152,0.3512861051965611
perm_android.permission.GET_DETAILED_TASKS,0,0.11481832612194728,0.1558068672170899,518.6,209.16558034246458,"pearson_r, mutual_information, entropy_reduction_ratio",0.0,0.18096909952997353,0.0,0.0,0.3931225310797629
perm_android.permission.MOUNT_FORMAT_FILESYSTEMS,0,0.11481258834938401,0.15580443154001306,518.8,208.77681863655266,"pearson_r, mutual_information, entropy_reduction_ratio",0.0,0.18094041066715716,0.0,0.0,0.3931225310797629
perm_com.huawei.authentication.HW_ACCESS_AUTH_SERVICE,0,0.11416052360373963,0.15553289812112855,519.8,206.83365296778956,"pearson_r, mutual_information, entropy_reduction_ratio",0.0,0.1776800869389352,0.0,0.0,0.3931225310797629
intent_com.secneo.plugin.action.APP_STARTED,0,0.11393477963534178,0.15544133273591698,520.0,206.44515010045646,"pearson_r, mutual_information, entropy_reduction_ratio",0.0,0.176551367096946,0.0,0.0,0.3931225310797629
intent_android.net.wifi.RSSI_CHANGED,0,0.11370275119446274,0.15534852948510264,520.2,206.05669122840928,"pearson_r, mutual_information, entropy_reduction_ratio",0.0,0.17539122489255077,0.0,0.0,0.3931225310797629
intent_cn.jpush.android.intent.UNREGISTRATION,0,0.11351579362227322,0.14338556353120405,337.9,302.2229971395294,"pearson_r, mutual_information, entropy_reduction_ratio",0.006782782768836437,0.19565613193082795,0.003721154127227634,0.0024213531775324534,0.3589975461069416
perm_android.permission.STOP_APP_SWITCHES,0,0.11330542910215127,0.15519270822329737,520.8,204.89158108619299,"pearson_r, mutual_information, entropy_reduction_ratio",0.0,0.17340461443099348,0.0,0.0,0.3931225310797629
perm_com.asus.email.permission.ACCESS_PROVIDER,0,0.11310643614637259,0.15511613858464354,521.2,204.11506558801582,"pearson_r, mutual_information, entropy_reduction_ratio",0.0,0.17240964965210007,0.0,0.0,0.3931225310797629
perm_com.sonymobile.home.permission.PROVIDER_ACCESS_MODIFY_CONFIGURATION,0,0.11293091392208235,0.15504941669587494,521.4,203.7268759884174,"pearson_r, mutual_information, entropy_reduction_ratio",0.0,0.1715320385306488,0.0,0.0,0.3931225310797629
intent_com.kingroot.common.ACTION_NOTIFY_IN_SELF_APP_MAIN,0,0.11286892252764388,0.15502603477675195,521.6,203.33873216876316,"pearson_r, mutual_information, entropy_reduction_ratio",0.0,0.17122208155845658,0.0,0.0,0.3931225310797629
intent_com.telecom.sdk_auth_ui.SMS_CODE_SEND_ACTIOIN,0,0.1126182496156567,0.1549324617168465,522.0,202.5625829219207,"pearson_r, mutual_information, entropy_reduction_ratio",0.0,0.1699687169985205,0.0,0.0,0.3931225310797629
perm_android.permission.ACCESS_WIFI_STATE.android.permission.READ_PHONE_STATE,0,0.11258126144249332,0.15491878707279116,522.2,202.17457802602183,"pearson_r, mutual_information, entropy_reduction_ratio",0.0,0.1697837761327037,0.0,0.0,0.3931225310797629
perm_com.facebook.katana.permission.CROSS_PROCESS_BROADCAST_MANAGER,0,0.1125748983747836,0.15491643806617503,522.4,201.78661997268304,"pearson_r, mutual_information, entropy_reduction_ratio",0.0,0.16975196079415508,0.0,0.0,0.3931225310797629
intent_android.intent.action.MEDIA_CHECKING,0,0.11246512584149908,0.14279786772349862,338.5,301.7487365342231,"pearson_r, mutual_information, entropy_reduction_ratio",0.006782782768836437,0.19040279302695734,0.003721154127227634,0.0024213531775324534,0.3589975461069416
perm_android.permission.RECEIVE_USER_PRESENT,0,0.11225585255317216,0.18888484195223648,272.6,234.08084073669934,"pearson_r, chi2_stat, entropy_reduction_ratio",0.02300612857477044,0.0,0.029334364414195353,0.019421328971991288,0.4895174408049037
perm_com.yulong.android.launcherL.permission.READ_SETTINGS,0,0.11204973080227168,0.154726051164242,523.0,200.62302958533948,"pearson_r, mutual_information, entropy_reduction_ratio",0.0,0.16712612293159543,0.0,0.0,0.3931225310797629
intent_com.door.pay.sdk.app.action,0,0.11182005338784898,0.15464495565345296,523.2,200.23526162991377,"pearson_r, mutual_information, entropy_reduction_ratio",0.0,0.16597773585948197,0.0,0.0,0.3931225310797629
perm_com.android.agedlauncher.permission.READ_SETTINGS,0,0.11173522160234668,0.1546153372372233,523.4,199.84754189131274,"pearson_r, mutual_information, entropy_reduction_ratio",0.0,0.16555357693197045,0.0,0.0,0.3931225310797629
perm_com.sonyericsson.home.READ_SETTINGS,0,0.11128327803637632,0.15446058980232763,523.8,199.07224819145435,"pearson_r, mutual_information, entropy_reduction_ratio",0.0,0.16329385910211872,0.0,0.0,0.3931225310797629
intent_android.intent.action.SEARCH,0,0.11103387471505592,0.12653107528585134,322.0,322.92847505291326,"pearson_r, mutual_information, entropy_reduction_ratio",0.023870529095023785,0.18074035590082663,0.013024039445296723,0.008576844790197427,0.32895760434393506
intent_android.media.browse.MediaBrowserService,0,0.11094208954012749,0.14199685134517473,340.5,300.1971019180565,"pearson_r, mutual_information, entropy_reduction_ratio",0.006782782768836437,0.18278761152009934,0.003721154127227634,0.0024213531775324534,0.3589975461069416
intent_com.amazon.device.messaging.intent.REGISTRATION,0,0.11083060564830682,0.07699407881265509,389.4,397.41645662956637,"pearson_r, entropy_reduction_ratio, chi2_stat",0.17915137418820107,0.0,0.09302885318069086,0.06834466315917961,0.21362813771346253
perm_com.google.android.googleapps.permission.GOOGLE_AUTH.sierrasandbox,0,0.11074628199436602,0.15428340257049536,524.4,197.90967636778146,"pearson_r, mutual_information, entropy_reduction_ratio",0.0,0.16060887889206718,0.0,0.0,0.3931225310797629
intent_com.yandex.metrica.IMetricaService,0,0.11041100562264963,0.16859935095136225,206.5,32.96968304366907,"pearson_r, mutual_information, chi2_stat",0.0057808074506425,0.09367523215635161,0.007212743300079951,0.004706067609609112,0.44068017759656497
perm_android.permission.BROADCAST_PACKAGE_ADDED,0,0.11002607175080807,0.15405719721518038,524.6,197.52225191101888,"pearson_r, mutual_information, entropy_reduction_ratio",0.0,0.15700782767427746,0.0,0.0,0.3931225310797629
intent_com.sogou.androidtool.action.update,0,0.10998207491723719,0.15404380435346945,524.8,197.1348776853046,"pearson_r, mutual_information, entropy_reduction_ratio",0.0,0.15678784350642305,0.0,0.0,0.3931225310797629
intent_com.excelliance.dualaid.action.downloadcomp,0,0.1098105780263029,0.1539920686816133,525.0,196.74755398733677,"pearson_r, mutual_information, entropy_reduction_ratio",0.0,0.15593035905175154,0.0,0.0,0.3931225310797629
intent_android.intent.action.NOTIFICATION_UPDATE,0,0.10972153703308796,0.1539655020704894,525.2,196.36028111611574,"pearson_r, mutual_information, entropy_reduction_ratio",0.0,0.15548515408567684,0.0,0.0,0.3931225310797629
intent_android.fbreader.action.PLUGIN,0,0.10939853732116647,0.15387082203206864,525.6,195.5858890615578,"pearson_r, mutual_information, entropy_reduction_ratio",0.0,0.1538701555260694,0.0,0.0,0.3931225310797629
suspicious_getPackageInfo,0,0.10879713549191317,0.1537016134736031,525.8,195.19877048793109,"pearson_r, mutual_information, entropy_reduction_ratio",0.0,0.15086314637980291,0.0,0.0,0.3931225310797629
intent_action.com.excelliance.install.plugin,0,0.10870392742416302,0.15367621465984524,526.0,194.8117039605167,"pearson_r, mutual_information, entropy_reduction_ratio",0.0,0.15039710604105214,0.0,0.0,0.3931225310797629
suspicious_setWifiEnabled,0,0.10860162710282864,0.18013123719473548,210.0,96.17692030835673,"pearson_r, mutual_information, entropy_reduction_ratio",0.016881440214341865,0.02966638253425305,0.015892656129333986,0.011900827619933493,0.46866682901628076
intent_android.intent.action.UMS_CONNECTED,0,0.10823949506490216,0.15355296942496388,526.2,194.42468979016013,"pearson_r, mutual_information, entropy_reduction_ratio",0.0,0.14807494424474793,0.0,0.0,0.3931225310797629
intent_com.qihoo.appstore.ACTION_CHECK_PHOTOS,0,0.10812827679225596,0.1535242750757835,526.6,193.65081977621475,"pearson_r, mutual_information, entropy_reduction_ratio",0.0,0.14751885288151692,0.0,0.0,0.3931225310797629
intent_cn.jpush.android.intent.NOTIFICATION_RECEIVED_PROXY,0,0.10795950215593626,0.16891369462406347,210.2,41.96855966077464,"pearson_r, mutual_information, chi2_stat",0.0057808074506425,0.08141771482278476,0.007212743300079951,0.004706067609609112,0.440680177596565
intent_com.mobiletool.appstore.action.BackgroundService,0,0.10768727198187036,0.15341361775095955,527.0,192.8771629820389,"pearson_r, mutual_information, entropy_reduction_ratio",0.0,0.14531382882958882,0.0,0.0,0.3931225310797629
perm_android.permission.USE_SIP,0,0.10740679147367169,0.15334583710400035,527.2,192.49041534580363,"pearson_r, mutual_information, entropy_reduction_ratio",0.0,0.14391142628859552,0.0,0.0,0.3931225310797629
intent_action_send_cancel,0,0.10735859786457003,0.15333439427415202,527.4,192.1037219837242,"pearson_r, mutual_information, entropy_reduction_ratio",0.0,0.14367045824308725,0.0,0.0,0.3931225310797629
intent_com.mobiletool.appstore.action.update,0,0.10734141502128484,0.15333032891900075,527.6,191.71708322421347,"pearson_r, mutual_information, entropy_reduction_ratio",0.0,0.14358454402666138,0.0,0.0,0.3931225310797629
intent_android.provider.Telephony.WAP_PUSH_DELIVER,0,0.10722080448262002,0.15330200699075222,527.8,191.3304993982925,"pearson_r, mutual_information, entropy_reduction_ratio",0.0,0.14298149133333718,0.0,0.0,0.3931225310797629
perm_android.permission.RECORD_VIDEO,0,0.10693091010827971,0.18076889389117154,214.4,100.95563382001026,"pearson_r, mutual_information, chi2_stat",0.012865868767290074,0.023513803244746386,0.0180944483398919,0.011807932246562704,0.46837249794290753
intent_com.easou.action.image.crop,0,0.10643976822019521,0.1531276742838024,528.0,190.94397083961567,"pearson_r, mutual_information, entropy_reduction_ratio",0.0,0.1390763100212131,0.0,0.0,0.3931225310797629
intent_com.qihoo.appstore.ACTION_UNINSTALL,0,0.10611779826831877,0.15306039108332287,528.4,190.1710808719349,"pearson_r, mutual_information, entropy_reduction_ratio",0.0,0.13746646026183093,0.0,0.0,0.3931225310797629
perm_com.lenovo.launcherhdmarket.permission.READ_SETTINGS,0,0.10604543832566322,0.153045638577702,528.6,189.78472014364067,"pearson_r, mutual_information, entropy_reduction_ratio",0.0,0.13710466054855325,0.0,0.0,0.3931225310797629
perm_android.permission.PREVENT_POWER_KEY,0,0.10587598881251865,0.15301162178095484,528.8,189.39841604406305,"pearson_r, mutual_information, entropy_reduction_ratio",0.0,0.13625741298283037,0.0,0.0,0.3931225310797629
intent_android.settings.ADD_ACCOUNT_SETTINGS,0,0.10583230113298292,0.153002972018995,529.0,189.01216892041634,"pearson_r, mutual_information, entropy_reduction_ratio",0.0,0.1360389745851517,0.0,0.0,0.3931225310797629
perm_android.permission.RECEIVE_BOOT_COMPLETED,0,0.1056952682373082,0.1379344009352628,349.8,304.3664896140835,"pearson_r, mutual_information, entropy_reduction_ratio",0.00536451670350875,0.16326529486595145,0.003891298344986828,0.0034276179839289322,0.352527613288165
intent_com.qihoo.appstore.ACTION_GAME_UNION_DESK,0,0.10567436167901309,0.15297211371719774,529.4,188.23984700376275,"pearson_r, mutual_information, entropy_reduction_ratio",0.0,0.1352492773153025,0.0,0.0,0.3931225310797629
intent_com.easou.eyou.START_EPAY_PROXY_ACTIVITY,0,0.10557023163274093,0.15295212215822973,529.6,187.8537729192576,"pearson_r, mutual_information, entropy_reduction_ratio",0.0,0.13472862708394173,0.0,0.0,0.3931225310797629
intent_com.secneo.proxy.action.CUSTOM,0,0.10542806997345791,0.15292528273865236,530.0,187.08180029067498,"pearson_r, mutual_information, entropy_reduction_ratio",0.0,0.13401781878752664,0.0,0.0,0.3931225310797629
intent_com.qihoo.appstore.battery.START_EX,0,0.10535142660676358,0.15291103023757077,530.2,186.69590247244315,"pearson_r, mutual_information, entropy_reduction_ratio",0.0,0.13363460195405494,0.0,0.0,0.3931225310797629
intent_com.sogou.androidtool.action.topicdetail,0,0.1052484314069571,0.15289211731730287,530.4,186.3100641404001,"pearson_r, mutual_information, entropy_reduction_ratio",0.0,0.13311962595502264,0.0,0.0,0.3931225310797629
suspicious_getCellSignalStrength,0,0.10494486163229591,0.17637608890330417,214.0,82.25569889071517,"pearson_r, mutual_information, entropy_reduction_ratio",0.012518761465149863,0.03630723920131599,0.010248686999142276,0.008531488375642582,0.4571181321202288
intent_com.sogou.androidtool.action.extend,0,0.10487091038746901,0.15282514748132342,531.2,184.7673131265376,"pearson_r, mutual_information, entropy_reduction_ratio",0.0,0.1312320208575821,0.0,0.0,0.3931225310797629
perm_android.permission.SET_TIME_ZONE,0,0.10483651522693727,0.15281922995992256,531.4,184.381777841521,"pearson_r, mutual_information, entropy_reduction_ratio",0.0,0.1310600450549234,0.0,0.0,0.3931225310797629
intent_com.kingroot.master.action.NOTIFY_STATISTIC,0,0.10473479604965208,0.15280190954614598,531.8,183.61089292305073,"pearson_r, mutual_information, entropy_reduction_ratio",0.0,0.1305514491684975,0.0,0.0,0.3931225310797629
perm_com.android.launcher.permission.CREATE_SHORTCUT,0,0.10424118511818734,0.15272167954671212,532.2,182.84025814901923,"pearson_r, mutual_information, entropy_reduction_ratio",0.0,0.1280833945111738,0.0,0.0,0.3931225310797629
intent_android.intent.action.NOTIFICATION_REMOVE,0,0.10410970101411576,0.1527013779006754,532.4,182.45503555670916,"pearson_r, mutual_information, entropy_reduction_ratio",0.0,0.12742597399081593,0.0,0.0,0.3931225310797629
intent_com.sogou.androidtool.action.main,0,0.10406722264048562,0.15269491529092724,532.8,181.68478197141334,"pearson_r, mutual_information, entropy_reduction_ratio",0.0,0.12721358212266518,0.0,0.0,0.3931225310797629
intent_android.intent.action.ERROR_NOTIFY,0,0.10402947882799037,0.15268921242308015,533.0,181.29975179243903,"pearson_r, mutual_information, entropy_reduction_ratio",0.0,0.12702486306018893,0.0,0.0,0.3931225310797629
intent_com.qihoo.appstore.launcher.shortcut.VIDEOWALLPAPER,0,0.10393235564494992,0.1526747082925246,533.2,180.91478657091577,"pearson_r, mutual_information, entropy_reduction_ratio",0.0,0.12653924714498666,0.0,0.0,0.3931225310797629
intent_com.excelliance.dualaid.action.process.64,0,0.10387614037139385,0.1526664255416218,533.4,180.52988672239283,"pearson_r, mutual_information, entropy_reduction_ratio",0.0,0.12625817077720639,0.0,0.0,0.3931225310797629
intent_android.provider.Telephony.SMS_RECEIVED2,0,0.10363906491219646,0.15263240103751402,534.0,179.37558362274393,"pearson_r, mutual_information, entropy_reduction_ratio",0.0,0.12507279348121939,0.0,0.0,0.3931225310797629
intent_android.fbreader.action.CLOSE,0,0.1036048764082532,0.15262761528525667,534.2,178.9909494918668,"pearson_r, mutual_information, entropy_reduction_ratio",0.0,0.12490185096150311,0.0,0.0,0.3931225310797629
perm_com.facebook.permission.prod.SYSTEM_COMMUNICATION,0,0.10339610711516975,0.1525990530032564,534.6,178.22188417812222,"pearson_r, mutual_information, entropy_reduction_ratio",0.0,0.12385800449608589,0.0,0.0,0.3931225310797629
perm_android.permission.READ_CALENDAR,0,0.10333123711768435,0.09200240047897329,324.2,330.83615280074815,"pearson_r, mutual_information, entropy_reduction_ratio",0.07274176559740538,0.0978402685168543,0.03907211833589015,0.026628848466012642,0.2803731846722592
perm_com.miui.mihome2.permission.WRITE_SETTINGS,0,0.10308274018474632,0.15255831543667883,535.0,177.45309239345477,"pearson_r, mutual_information, entropy_reduction_ratio",0.0,0.12229116984396872,0.0,0.0,0.3931225310797629
perm_android.permission.WRITE_MEDIA_STORAGE,0,0.10307935319500754,0.15255788913476642,535.2,177.06880018794956,"pearson_r, mutual_information, entropy_reduction_ratio",0.0,0.12227423489527481,0.0,0.0,0.3931225310797629
intent_com.huawei.intent.action.PUSH,0,0.10304035614561846,0.1525530023724075,535.6,176.3004254107176,"pearson_r, mutual_information, entropy_reduction_ratio",0.0,0.12207924964832935,0.0,0.0,0.3931225310797629
perm_com.lenovo.launcher.permission.READ_SETTINGS,0,0.10300046710513577,0.15254804492680535,535.8,175.9163437546381,"pearson_r, mutual_information, entropy_reduction_ratio",0.0,0.12187980444591598,0.0,0.0,0.3931225310797629
intent_com.qihoo.appstore.notification.notify_action,0,0.10264909744167727,0.15250617233652122,536.0,175.53233320388583,"pearson_r, mutual_information, entropy_reduction_ratio",0.0,0.1201229561286234,0.0,0.0,0.3931225310797629
perm_com.sec.android.permission.LAUNCH_PERSONAL_PAGE_SERVICE,0,0.10246259944509092,0.15248525845953811,536.4,174.76452729315525,"pearson_r, mutual_information, entropy_reduction_ratio",0.0,0.11919046614569169,0.0,0.0,0.3931225310797629
suspicious_getExternalStorageDirectory,0,0.10244157987649068,0.16111977156593915,256.8,47.604201495246194,"pearson_r, mutual_information, entropy_reduction_ratio",0.003387687310711092,0.09042659828577439,3.7286113499277723e-06,0.0011615363032584597,0.4172283488713595
perm_android.permission.ACCESS_CACHE_FILESYSTEM,0,0.10232463758788565,0.15247037274911515,536.6,174.38073288067122,"pearson_r, mutual_information, entropy_reduction_ratio",0.0,0.11850065685966533,0.0,0.0,0.3931225310797629
perm_android.permission.READ_SETTINGS,0,0.10222814945933045,0.18316778702800582,279.6,230.70335931667748,"pearson_r, chi2_stat, entropy_reduction_ratio",0.012865868767290074,0.0,0.0180944483398919,0.011807932246562704,0.46837249794290753
perm_android.hardware.camera.autofocus,0,0.10222814945933045,0.18316778702800582,279.6,230.70335931667748,"pearson_r, chi2_stat, entropy_reduction_ratio",0.012865868767290074,0.0,0.0180944483398919,0.011807932246562704,0.46837249794290753
perm_android.permission.ACCESS_CHECKIN_PROPERTIES,0,0.10222814945933045,0.18316778702800582,279.6,230.70335931667748,"pearson_r, chi2_stat, entropy_reduction_ratio",0.012865868767290074,0.0,0.0180944483398919,0.011807932246562704,0.46837249794290753
intent_android.intent.action.PACKAGE_CHANGED,0,0.10222814945933041,0.18316778702800576,280.2,230.3340183299028,"pearson_r, chi2_stat, entropy_reduction_ratio",0.012865868767290074,0.0,0.0180944483398919,0.011807932246562704,0.4683724979429074
perm_android.permission.WRITE_SYNC_SETTINGS,0,0.10203223725912007,0.14302294336000623,371.8,267.4041136557177,"pearson_r, mutual_information, entropy_reduction_ratio",0.003387687310711092,0.1346884078016014,0.001860577063613817,0.001207800831507796,0.3690167132881663
perm_com.google.android.googleapps.permission.GOOGLE_AUTH.YouTubeUser,0,0.10191934202581572,0.1524295230149955,537.2,173.22978958597162,"pearson_r, mutual_information, entropy_reduction_ratio",0.0,0.11647417904931563,0.0,0.0,0.3931225310797629
intent_com.qihoo360.daemon.pcdaemon.ACTION_START_DOWNLOAF_PAGE,0,0.1018981895808043,0.15242750911663935,537.4,172.84629009614295,"pearson_r, mutual_information, entropy_reduction_ratio",0.0,0.11636841682425862,0.0,0.0,0.3931225310797629
intent_android.intent.action.MAIN,0,0.10176262908734295,0.15241488070330103,537.6,172.46286556821443,"pearson_r, mutual_information, entropy_reduction_ratio",0.0,0.1156906143569518,0.0,0.0,0.3931225310797629
perm_android.permission.MODIFY_AUDIO_SETTINGS,0,0.10174207395140666,0.18234476678054815,280.8,229.96817171078263,"pearson_r, chi2_stat, entropy_reduction_ratio",0.015147354316382441,0.0,0.01616224734796376,0.01114938904625199,0.4662513790464351
intent_android.net.conn.MEDIA_NOFS,0,0.1017253702203332,0.15241149409015192,537.8,172.0795165032724,"pearson_r, mutual_information, entropy_reduction_ratio",0.0,0.1155043200219032,0.0,0.0,0.3931225310797629
intent_com.qihoo.appstore.ACTION_HANDLE_SYSTEM_APP,0,0.10172374350640696,0.15241134705971912,538.0,171.69624340677927,"pearson_r, mutual_information, entropy_reduction_ratio",0.0,0.1154961864522719,0.0,0.0,0.3931225310797629
intent_com.qihoo360.daemon.pcdaemon.ACTION_START_OPERATE_AUTHOR,0,0.101692073371023,0.1524084983663402,538.2,171.31304678862028,"pearson_r, mutual_information, entropy_reduction_ratio",0.0,0.11533783577535207,0.0,0.0,0.3931225310797629
perm_com.huaqin.launcherEx.permission.READ_SETTINGS,0,0.1014573344323951,0.15238820295611086,538.4,170.9299271631507,"pearson_r, mutual_information, entropy_reduction_ratio",0.0,0.11416414108221265,0.0,0.0,0.3931225310797629
intent_com.qihoo360.daemon.pcdaemon.NotifyServiceStop2,0,0.10139139434147351,0.15238276154671687,538.6,170.54688504924385,"pearson_r, mutual_information, entropy_reduction_ratio",0.0,0.11383444062760457,0.0,0.0,0.3931225310797629
intent_com.qihoo.appstore.download_one_apk,0,0.1012000730085835,0.15236761857957845,538.8,170.16392097033966,"pearson_r, mutual_information, entropy_reduction_ratio",0.0,0.11287783396315451,0.0,0.0,0.3931225310797629
intent_android.intent.action.INSTALL,0,0.10119146341193588,0.15236695969431624,539.0,169.78103545449355,"pearson_r, mutual_information, entropy_reduction_ratio",0.0,0.11283478597991649,0.0,0.0,0.3931225310797629
perm_com.huawei.launcher.permission.WRITE_SETTINGS,0,0.10109989263325607,0.15236007210254096,539.2,169.39822903442646,"pearson_r, mutual_information, entropy_reduction_ratio",0.0,0.1123769320865174,0.0,0.0,0.3931225310797629
intent_com.qihoo.appstore.ACTION_GAME_UNION_DETAIL,0,0.10109634288424311,0.15235980953051567,539.4,169.01550224757491,"pearson_r, mutual_information, entropy_reduction_ratio",0.0,0.11235918334145267,0.0,0.0,0.3931225310797629
perm_com.yulong2.android.launcher.permission.WRITE_SETTINGS,0,0.10091365776962768,0.15234674249546584,539.8,168.25028974715022,"pearson_r, mutual_information, entropy_reduction_ratio",0.0,0.1114457577683755,0.0,0.0,0.3931225310797629
intent_com.qihoo.appstore.plugin.share.IpluginService,0,0.100880606203688,0.15234447188463596,540.0,167.86780513249107,"pearson_r, mutual_information, entropy_reduction_ratio",0.0,0.111280499938677,0.0,0.0,0.3931225310797629
intent_com.qihoo.appstore.open.wallet,0,0.10063414712627247,0.1523284437841,540.6,166.7208445276115,"pearson_r, mutual_information, entropy_reduction_ratio",0.0,0.11004820455159942,0.0,0.0,0.3931225310797629
perm_com.samsung.svoice.sync.ACCESS_SERVICE,0,0.10036869754928046,0.15231296308743636,541.0,165.95662083809734,"pearson_r, mutual_information, entropy_reduction_ratio",0.0,0.10872095666663943,0.0,0.0,0.3931225310797629
perm_android.permission.PACKAGE_USAGE_STATS,0,0.10029353902129667,0.13815415652031976,356.7,296.08015806534553,"pearson_r, mutual_information, entropy_reduction_ratio",0.006782782768836437,0.1295448589259453,0.003721154127227634,0.0024213531775324534,0.3589975461069415
perm_com.yulong.android.launcher3.READ_SETTINGS,0,0.10014487372570553,0.15230134682184684,541.4,165.19273591777574,"pearson_r, mutual_information, entropy_reduction_ratio",0.0,0.1076018375487647,0.0,0.0,0.3931225310797629
intent_com.miui.smsextra.hhha,0,0.09999639821816739,0.15229436650998351,541.6,164.8109219681754,"pearson_r, mutual_information, entropy_reduction_ratio",0.0,0.10685946001107408,0.0,0.0,0.3931225310797629
intent_android.intent.action.SCREEN_OFF,0,0.0998565264093835,0.13806436358635785,357.3,295.7222683532642,"pearson_r, mutual_information, entropy_reduction_ratio",0.006782782768836437,0.1273597958663795,0.003721154127227634,0.0024213531775324534,0.3589975461069415
perm_android.permission.ACCESS_NETWORK_STATE,0,0.09983396512261936,0.18124903113838417,304.5,223.85531041277534,"pearson_r, entropy_reduction_ratio, f_stat",0.027310764592674664,0.0,0.00024202628469773325,0.009829636454491242,0.4617873982812331
intent_com.excelliance.dualaid.SHORTCUT_ALARM,0,0.09982883660742214,0.152287183987601,541.8,164.42919448808354,"pearson_r, mutual_information, entropy_reduction_ratio",0.0,0.10602165195734779,0.0,0.0,0.3931225310797629
perm_com.tencent.msf.permission.account.sync,0,0.09981439223487147,0.1522865993407461,542.0,164.04755408112612,"pearson_r, mutual_information, entropy_reduction_ratio",0.0,0.10594943009459445,0.0,0.0,0.3931225310797629
intent_com.sogou.androidtool.action.download,0,0.09980289330955841,0.1522861378293697,542.2,163.666001356421,"pearson_r, mutual_information, entropy_reduction_ratio",0.0,0.10589193546802918,0.0,0.0,0.3931225310797629
intent_com.qihoo.appstore.ACTION_UPDATE_LAST_WX_CLEAR,0,0.09979218757436834,0.15228571127354995,542.4,163.2845369286388,"pearson_r, mutual_information, entropy_reduction_ratio",0.0,0.10583840679207877,0.0,0.0,0.3931225310797629
intent_com.qihoo.appstore.launcher.shortcut.VIDEO,0,0.09954518811718065,0.15227670559638726,542.8,162.5218754506605,"pearson_r, mutual_information, entropy_reduction_ratio",0.0,0.10460340950614035,0.0,0.0,0.3931225310797629
suspicious_Base64,0,0.09942812930512639,0.16145685935606324,263.4,50.22190757030243,"pearson_r, mutual_information, entropy_reduction_ratio",0.003387687310711092,0.07535934542895295,3.7286113499277723e-06,0.0011615363032584597,0.4172283488713595
perm_android.permission.CHANGE_WIFI_MULTICAST_STATE,0,0.09936981845101114,0.1711225818308744,228.2,74.39193504675087,"pearson_r, mutual_information, chi2_stat",0.0057808074506425,0.038469296298159164,0.007212743300079951,0.004706067609609112,0.440680177596565
perm_android.permission.READ_SYNC_STATS,0,0.09932501692972992,0.15227002863162778,543.2,161.75957467797696,"pearson_r, mutual_information, entropy_reduction_ratio",0.0,0.10350255356888664,0.0,0.0,0.3931225310797629
intent_com.excelliance.dualaid.action.ext,0,0.0992994160282606,0.15226933487637492,543.4,161.37856115358073,"pearson_r, mutual_information, entropy_reduction_ratio",0.0,0.10337454906154007,0.0,0.0,0.3931225310797629
perm_com.sonyericsson.home.WRITE_SETTINGS,0,0.09929544991207542,0.15226922893911218,543.6,160.997639734252,"pearson_r, mutual_information, entropy_reduction_ratio",0.0,0.10335471848061423,0.0,0.0,0.3931225310797629
intent_android.intent.action.BOOT_COMPLETED,0,0.09929009929913561,0.1624355803512802,256.4,50.054370438554116,"pearson_r, mutual_information, entropy_reduction_ratio",0.0022086251613350244,0.07157202365697711,0.001582199419653789,0.0014602664223974844,0.4196273818353147
intent_com.qihoo.appstore.powerusage.SAVE_MODE,0,0.09925998720672483,0.1522683000720612,543.8,160.61681107530433,"pearson_r, mutual_information, entropy_reduction_ratio",0.0,0.10317740495386118,0.0,0.0,0.3931225310797629
perm_android.permission.PROCESS_OUTGOING_CALLS,0,0.09922824102892121,0.1807425340004432,285.6,227.65201514592397,"pearson_r, chi2_stat, entropy_reduction_ratio",0.011649454875389278,0.0,0.014425486600159902,0.009483152350449862,0.46058311131860696
intent_com.mobiletool.appstore.action.wap,0,0.09914992918978578,0.15226562767560542,544.2,159.85543469022252,"pearson_r, mutual_information, entropy_reduction_ratio",0.0,0.10262711486916595,0.0,0.0,0.3931225310797629
perm_com.samsung.svoice.sync.WRITE_DATABASE,0,0.09886991129758377,0.15226026291556322,544.6,159.0944373634729,"pearson_r, mutual_information, entropy_reduction_ratio",0.0,0.10122702540815592,0.0,0.0,0.3931225310797629
intent_com.excelliance.dualaid.action.psts,0,0.09884377467097363,0.15225986727167035,544.8,158.71408255098223,"pearson_r, mutual_information, entropy_reduction_ratio",0.0,0.10109634227510524,0.0,0.0,0.3931225310797629
intent_android.intent.action.MEDIA_REMOVED,0,0.09882058754282244,0.13787341207887407,357.5,288.91400104529373,"pearson_r, mutual_information, entropy_reduction_ratio",0.006782782768836437,0.12218010153357403,0.003721154127227634,0.0024213531775324534,0.3589975461069416
perm_android.permission.READ_SYNC_SETTINGS,0,0.09878540446164019,0.1424277773789364,378.8,262.3885668240901,"pearson_r, mutual_information, entropy_reduction_ratio",0.003387687310711092,0.11845424381420191,0.001860577063613817,0.001207800831507796,0.3690167132881663
intent_,0,0.09874119762451246,0.14242169986250747,379.0,262.2548378962722,"pearson_r, mutual_information, entropy_reduction_ratio",0.003387687310711092,0.11823320962856326,0.001860577063613817,0.001207800831507796,0.3690167132881663
perm_android.permission.FORCE_STOP_PACKAGES,0,0.09868039178905931,0.1522578007705265,545.0,158.3338245606415,"pearson_r, mutual_information, entropy_reduction_ratio",0.0,0.10027942786553364,0.0,0.0,0.3931225310797629
perm_com.android.voicemail.permission.ADD_VOICEMAIL,0,0.098263073311329,0.15225570563930346,545.4,157.57360185005606,"pearson_r, mutual_information, entropy_reduction_ratio",0.0,0.09819283547688204,0.0,0.0,0.3931225310797629
intent_com.excelliance.dualaid.action.pg,0,0.09806368117402675,0.1522563198634584,546.2,156.05434950683048,"pearson_r, mutual_information, entropy_reduction_ratio",0.0,0.09719587479037087,0.0,0.0,0.3931225310797629
intent_com.qihoo360.daemon.pcdaemon.ACTION_START_RECEIVER,0,0.0980492400039038,0.15225640491234702,546.4,155.6747892242029,"pearson_r, mutual_information, entropy_reduction_ratio",0.0,0.09712366893975613,0.0,0.0,0.3931225310797629
intent_android.intent.action.CLOSE_SYSTEM_DIALOGS,0,0.09799049336755261,0.15225680736793065,546.6,155.29533154605772,"pearson_r, mutual_information, entropy_reduction_ratio",0.0,0.09682993575800013,0.0,0.0,0.3931225310797629
intent_com.coolcloud.xmpp.NOTIFICATION.1010048,0,0.0979877773533356,0.1522568281672911,546.8,154.91597722636615,"pearson_r, mutual_information, entropy_reduction_ratio",0.0,0.09681635568691507,0.0,0.0,0.3931225310797629
perm_android.permission.READ_SOCIAL_STREAM,0,0.09745661216881965,0.1522646206647761,547.0,154.53672702629623,"pearson_r, mutual_information, entropy_reduction_ratio",0.0,0.09416052976433528,0.0,0.0,0.3931225310797629
perm_com.mediatek.launcherplus.permission.READ_SETTINGS,0,0.0973098308151186,0.1522680810023093,547.4,153.77854206618036,"pearson_r, mutual_information, entropy_reduction_ratio",0.0,0.09342662299583009,0.0,0.0,0.3931225310797629
perm_com.zte.mifavor.launcher.permission.READ_SETTINGS,0,0.0973047746719323,0.1522682102820338,547.6,153.39960886521192,"pearson_r, mutual_information, entropy_reduction_ratio",0.0,0.09340134227989862,0.0,0.0,0.3931225310797629
perm_me.everything.badger.permission.BADGE_COUNT_READ,0,0.09727038570115229,0.14225067864600885,382.4,260.0650687808726,"pearson_r, mutual_information, entropy_reduction_ratio",0.003387687310711092,0.11087915001176242,0.001860577063613817,0.001207800831507796,0.3690167132881663
perm_com.google.android.launcher.permission.WRITE_SETTINGS,0,0.09706665036088966,0.1522750592826738,547.8,153.02078290219274,"pearson_r, mutual_information, entropy_reduction_ratio",0.0,0.09221072072468534,0.0,0.0,0.3931225310797629
intent_com.excelliance.kxqp.NEXT_CHAPTER,0,0.09699283522097721,0.1522774847326168,548.0,152.6420649755499,"pearson_r, mutual_information, entropy_reduction_ratio",0.0,0.09184164502512314,0.0,0.0,0.3931225310797629
intent_qcast.service.Link_service,0,0.09692261447703168,0.1522799248788867,548.4,151.8849564637657,"pearson_r, mutual_information, entropy_reduction_ratio",0.0,0.09149054130539548,0.0,0.0,0.3931225310797629
perm_com.google.android.finsky.permission.BIND_GET_INSTALL_REFERRER_SERVICE,0,0.09688114508539229,0.08368348529761242,395.4,391.2276063878928,"pearson_r, entropy_reduction_ratio, chi2_stat",0.12686974088334,0.0,0.06698077429009741,0.04742340352044075,0.2431318067330833
perm_dianxin.permission.ACCESS_LAUNCHER_DATA,0,0.09677314278959252,0.15228555010422778,548.6,151.50656751441502,"pearson_r, mutual_information, entropy_reduction_ratio",0.0,0.09074318286819968,0.0,0.0,0.3931225310797629
suspicious_system/bin/su,0,0.09643073584939084,0.17861546188321237,288.2,226.3779141170799,"pearson_r, entropy_reduction_ratio, chi2_stat",0.011019523860066167,0.0,0.00994374431288592,0.00761174806686127,0.45357866300714084
perm_org.adwfreak.launcher.permission.WRITE_SETTINGS,0,0.09640724853305693,0.15230179559145024,549.8,149.23860090472573,"pearson_r, mutual_information, entropy_reduction_ratio",0.0,0.08891371158552173,0.0,0.0,0.3931225310797629
intent_org.agoo.android.intent.action.ELECTION_RESULT_V4,0,0.09609508816024949,0.13751893856444156,363.3,285.8888945027421,"pearson_r, mutual_information, entropy_reduction_ratio",0.006782782768836437,0.10855260462070927,0.003721154127227634,0.0024213531775324534,0.3589975461069416
intent_cn.jpush.android.intent.DaemonService,0,0.09599955549371002,0.14215177366241652,385.0,258.49874274355767,"pearson_r, mutual_information, entropy_reduction_ratio",0.003387687310711092,0.10452499897455106,0.001860577063613817,0.001207800831507796,0.3690167132881663
perm_android.permission.BACKUP,0,0.09588690994967924,0.15233094991545493,550.2,148.48353444069144,"pearson_r, mutual_information, entropy_reduction_ratio",0.0,0.08631201866863332,0.0,0.0,0.3931225310797629
perm_com.xiaomi.sdk.permission.PAYMENT,0,0.09586174263291458,0.15233254013625547,550.4,148.10617812907063,"pearson_r, mutual_information, entropy_reduction_ratio",0.0,0.08618618208480999,0.0,0.0,0.3931225310797629
perm_android.permission.READ_USER_DICTIONARY,0,0.09570622753316979,0.14213539115450016,386.0,257.9216935428271,"pearson_r, mutual_information, entropy_reduction_ratio",0.003387687310711092,0.1030583591718499,0.001860577063613817,0.001207800831507796,0.3690167132881663
intent_com.android.utils.hades.ACTION_UPDATE_COMMON_RES,0,0.09560111422853045,0.15234998505034034,551.2,146.59795360099676,"pearson_r, mutual_information, entropy_reduction_ratio",0.0,0.08488304006288934,0.0,0.0,0.3931225310797629
intent_android.intent.action.DELETE,0,0.09555245341550972,0.15235343946476446,551.4,146.22120229296434,"pearson_r, mutual_information, entropy_reduction_ratio",0.0,0.08463973599778568,0.0,0.0,0.3931225310797629
intent_com.yuetu.shentu.Intent.WECHAT_AUTH,0,0.09548953914131961,0.15235799775843337,551.6,145.84457480482433,"pearson_r, mutual_information, entropy_reduction_ratio",0.0,0.08432516462683512,0.0,0.0,0.3931225310797629
intent_android.service.notification.NotificationListenerService,0,0.0951171684167173,0.13365330460139568,357.8,300.63958488529084,"pearson_r, mutual_information, entropy_reduction_ratio",0.010185318924114421,0.10489198705904836,0.00558173119084145,0.003640699713021152,0.3512861051965611
perm_android.permission.NFC,0,0.09491685014920037,0.15406246446985708,272.6,49.28529192365609,"pearson_r, mutual_information, chi2_stat",5.142618618512898e-05,0.0772661086185337,5.219238749563204e-05,3.421321153761811e-05,0.39718031034224976
intent_show_start_app,0,0.09473183346707434,0.15242104373199908,552.2,144.71544492555037,"pearson_r, mutual_information, entropy_reduction_ratio",0.0,0.08053663625560879,0.0,0.0,0.3931225310797629
intent_com.punchbox.service,0,0.09466191387456363,0.15242761945316508,552.4,144.33932243155363,"pearson_r, mutual_information, entropy_reduction_ratio",0.0,0.08018703829305525,0.0,0.0,0.3931225310797629
perm_com.ebproductions.android.launcher.permission.READ_SETTINGS,0,0.09465105447968854,0.15242865222996677,552.6,143.96332866393442,"pearson_r, mutual_information, entropy_reduction_ratio",0.0,0.08013274131867973,0.0,0.0,0.3931225310797629
intent_com.xiaomi.mipush.ERROR,0,0.09462483698505522,0.14209590419638368,387.8,256.9189755545511,"pearson_r, mutual_information, entropy_reduction_ratio",0.003387687310711092,0.09765140643127707,0.001860577063613817,0.001207800831507796,0.3690167132881663
intent_download.service.action,0,0.09461255061606919,0.15243233900040398,552.8,143.58746463392967,"pearson_r, mutual_information, entropy_reduction_ratio",0.0,0.07994022200058305,0.0,0.0,0.3931225310797629
intent_android.intent.action.SEND_MULTIPLE,0,0.09457355373256812,0.14209484890250462,388.0,256.8104359250223,"pearson_r, mutual_information, entropy_reduction_ratio",0.003387687310711092,0.0973949901688416,0.001860577063613817,0.001207800831507796,0.3690167132881663
perm_com.meizu.flyme.launcher.permission.READ_SETTINGS,0,0.09444942158805825,0.1524483892432603,553.0,143.21173136304162,"pearson_r, mutual_information, entropy_reduction_ratio",0.0,0.07912457686052835,0.0,0.0,0.3931225310797629
intent_com.qihoo.appstore.ACTION_STAT,0,0.09434706633332365,0.1524588155733508,553.4,142.46066123670772,"pearson_r, mutual_information, entropy_reduction_ratio",0.0,0.07861280058685538,0.0,0.0,0.3931225310797629
perm_com.android.vending.BILLING,0,0.09429434012682367,0.08120138752150201,331.2,338.29419149610004,"pearson_r, entropy_reduction_ratio, mutual_information",0.06972040514398876,0.057200884856528744,0.04921396623799164,0.03982866246195235,0.25550778193365686
perm_android.permission.ACCESS_MOCK_LOCATION,0,0.09428376217732413,0.17610993933427033,237.1,116.51326104783095,"pearson_r, chi2_stat, entropy_reduction_ratio",0.007627761159344429,0.002385325907297453,0.009004759604673273,0.005925179036520954,0.44647578517878456
intent_com.qihoo.appstore.CHECK_APP_UPDATE_DESK_NOTIFICATION,0,0.09398328358189592,0.15249809017348329,554.0,141.3350628824992,"pearson_r, mutual_information, entropy_reduction_ratio",0.0,0.0767938868297167,0.0,0.0,0.3931225310797629
intent_com.qihoo.appstore.ACTION_GET_DOWNLOAD_APK_PATH,0,0.09390589628646229,0.15250689146259386,554.4,140.58534774292804,"pearson_r, mutual_information, entropy_reduction_ratio",0.0,0.07640695035254849,0.0,0.0,0.3931225310797629
intent_com.excelliance.kxqp.action.launcher,0,0.09389109493593598,0.1525085926627366,554.6,140.21069859322435,"pearson_r, mutual_information, entropy_reduction_ratio",0.0,0.07633294359991694,0.0,0.0,0.3931225310797629
intent_com.sogou.passport.service.aidl,0,0.09382211706297601,0.15251659619733482,554.8,139.8361898794443,"pearson_r, mutual_information, entropy_reduction_ratio",0.0,0.0759880542351171,0.0,0.0,0.3931225310797629
intent_com.inmobi.share.id,0,0.09380669699586466,0.1763612887949616,291.3,224.92545431764722,"pearson_r, chi2_stat, entropy_reduction_ratio",0.007627761159344429,0.0,0.009004759604673273,0.005925179036520954,0.44647578517878467
perm_android.permission.SAMSUNG_TUNTAP,0,0.09374911192972604,0.15252520247777113,555.0,139.46182273296156,"pearson_r, mutual_information, entropy_reduction_ratio",0.0,0.07562302856886727,0.0,0.0,0.3931225310797629
intent_com.kingroot.common.ACTION_SWITCH_IN_DESKTOP,0,0.09374591566453092,0.152525582455168,555.2,139.08759829690064,"pearson_r, mutual_information, entropy_reduction_ratio",0.0,0.07560704724289165,0.0,0.0,0.3931225310797629
perm_android.permission.USE_CREDENTIALS,0,0.09371869926925652,0.1520227393006521,414.2,229.95077734158673,"pearson_r, mutual_information, entropy_reduction_ratio",4.708772442482807e-06,0.07667328100531216,4.610745770347324e-06,3.065825669516432e-06,0.3919078299970881
perm_com.qihoo360.home.permission.WRITE_SETTINGS,0,0.09367123011974451,0.1525345371958443,555.6,138.33958218817924,"pearson_r, mutual_information, entropy_reduction_ratio",0.0,0.07523361951895964,0.0,0.0,0.3931225310797629
intent_show_setting_page,0,0.09360425738724062,0.15254269111715438,555.8,137.965792861854,"pearson_r, mutual_information, entropy_reduction_ratio",0.0,0.07489875585644026,0.0,0.0,0.3931225310797629
intent_android.intent.action.ACTION_SHUTDOWN,0,0.09346968626058645,0.1525594293763822,556.0,137.5921509389253,"pearson_r, mutual_information, entropy_reduction_ratio",0.0,0.07422590022316931,0.0,0.0,0.3931225310797629
intent_com.qihoo.appstore.ACTION_DAEMON_CORE_SERVICE,0,0.09311771743266589,0.15260544369550957,556.2,137.21865762351706,"pearson_r, mutual_information, entropy_reduction_ratio",0.0,0.07246605608356656,0.0,0.0,0.3931225310797629
intent_com.qihoo.appstore.clean.scan.finish,0,0.09283679271517252,0.1526444897287533,556.6,136.47212169523857,"pearson_r, mutual_information, entropy_reduction_ratio",0.0,0.0710614324960997,0.0,0.0,0.3931225310797629
intent_com.qihoo.appstore.OPEN_BROWSER,0,0.09225879032352949,0.1527312967671704,557.0,135.72619496618918,"pearson_r, mutual_information, entropy_reduction_ratio",0.0,0.06817142053788454,0.0,0.0,0.3931225310797629
perm_android.permission.MODE_WORLD_READABLE,0,0.09223804007537756,0.1527345749078231,557.2,135.3534631991365,"pearson_r, mutual_information, entropy_reduction_ratio",0.0,0.06806766929712489,0.0,0.0,0.3931225310797629
perm_com.android.alarm.permission.SET_ALARM,0,0.09219261034238344,0.1335673760355533,364.2,298.224345082691,"pearson_r, mutual_information, entropy_reduction_ratio",0.010185318924114421,0.0902691966873791,0.00558173119084145,0.003640699713021152,0.3512861051965611
intent_com.qihoo.appstore.battery.NOTIFY,0,0.09191026472198774,0.15278784317690133,557.8,134.23620972003047,"pearson_r, mutual_information, entropy_reduction_ratio",0.0,0.06642879253017582,0.0,0.0,0.3931225310797629
perm_com.google.android.googleapps.permission.GOOGLE_AUTH.youtube,0,0.09183531972796138,0.15280041527175345,558.0,133.86411020135307,"pearson_r, mutual_information, entropy_reduction_ratio",0.0,0.066054067560044,0.0,0.0,0.3931225310797629
intent_com.excelliance.kxqp.action.SmtServService,0,0.09177151419326694,0.1528112337655994,558.6,132.74878530517708,"pearson_r, mutual_information, entropy_reduction_ratio",0.0,0.06573503988657178,0.0,0.0,0.3931225310797629
intent_com.qihoo.psdk.service.action.remote,0,0.09174675758777384,0.15281545983953462,558.8,132.37733945052682,"pearson_r, mutual_information, entropy_reduction_ratio",0.0,0.06561125685910629,0.0,0.0,0.3931225310797629
perm_android.permission.REORDER_TASKS,0,0.09167595919137932,0.17451888146059344,302.4,220.11687804436988,"pearson_r, chi2_stat, entropy_reduction_ratio",0.0057808074506425,0.0,0.007212743300079951,0.004706067609609112,0.440680177596565
perm_android.permission.CLEAR_APP_CACHE,0,0.09167595919137932,0.17451888146059344,302.4,220.11687804436988,"pearson_r, chi2_stat, entropy_reduction_ratio",0.0057808074506425,0.0,0.007212743300079951,0.004706067609609112,0.440680177596565
intent_cn.jpush.android.ui.PushActivity,0,0.09167595919137932,0.17451888146059344,302.4,220.11687804436988,"pearson_r, chi2_stat, entropy_reduction_ratio",0.0057808074506425,0.0,0.007212743300079951,0.004706067609609112,0.440680177596565
intent_cn.jpush.android.intent.REGISTER,0,0.09167595919137932,0.17451888146059344,302.4,220.11687804436988,"pearson_r, chi2_stat, entropy_reduction_ratio",0.0057808074506425,0.0,0.007212743300079951,0.004706067609609112,0.440680177596565
intent_cn.jpush.android.intent.PushService,0,0.09167595919137932,0.17451888146059344,302.4,220.11687804436988,"pearson_r, chi2_stat, entropy_reduction_ratio",0.0057808074506425,0.0,0.007212743300079951,0.004706067609609112,0.440680177596565
intent_cn.jpush.android.intent.REPORT,0,0.09167595919137932,0.17451888146059344,302.4,220.11687804436988,"pearson_r, chi2_stat, entropy_reduction_ratio",0.0057808074506425,0.0,0.007212743300079951,0.004706067609609112,0.440680177596565
intent_cn.jpush.android.intent.PUSH_TIME,0,0.09167595919137932,0.17451888146059344,302.4,220.11687804436988,"pearson_r, chi2_stat, entropy_reduction_ratio",0.0057808074506425,0.0,0.007212743300079951,0.004706067609609112,0.440680177596565
perm_android.permission.WRITE_INTERNAL_STORAGE,0,0.0916759591913793,0.17451888146059344,303.5,219.39006358538666,"pearson_r, chi2_stat, entropy_reduction_ratio",0.0057808074506425,0.0,0.007212743300079951,0.004706067609609112,0.44068017759656497
intent_com.kingroot.kinguser.gamebox.ACTION_GAME_DELETED,0,0.09164034349596835,0.15283380657744544,559.2,131.63494976638992,"pearson_r, mutual_information, entropy_reduction_ratio",0.0,0.0650791864000788,0.0,0.0,0.3931225310797629
intent_com.qihoo.appstore.ACTION_LOCK_SCREEN_AD_STATE_CHANGE,0,0.09118496662446501,0.15291563876391479,559.4,131.26400877620645,"pearson_r, mutual_information, entropy_reduction_ratio",0.0,0.06280230204256215,0.0,0.0,0.3931225310797629
perm_android.permission.BIND_ACCESSIBILITY_SERVICE,0,0.09107366406218799,0.1529364582374065,559.6,130.893238939221,"pearson_r, mutual_information, entropy_reduction_ratio",0.0,0.06224578923117703,0.0,0.0,0.3931225310797629
perm_ANDROID.PERMISSION.WRITE_APN_SETTINGS,0,0.09089394147847327,0.1529707537385027,559.8,130.52264171399534,"pearson_r, mutual_information, entropy_reduction_ratio",0.0,0.061347176312603446,0.0,0.0,0.3931225310797629
intent_com.qihoo.appstore.gameunion.DOWNLOAD_SLIENT,0,0.09073379959391312,0.15300201773287514,560.2,129.78197101292614,"pearson_r, mutual_information, entropy_reduction_ratio",0.0,0.060546466889802676,0.0,0.0,0.3931225310797629
intent_com.sogou.androidtool.action.sdk,0,0.09072639093654074,0.15300348017314455,560.4,129.41190053468804,"pearson_r, mutual_information, entropy_reduction_ratio",0.0,0.06050942360294077,0.0,0.0,0.3931225310797629
intent_com.cootek.usage.alarm_operation,0,0.09071648345309176,0.15300543809268422,560.6,129.0420086638456,"pearson_r, mutual_information, entropy_reduction_ratio",0.0,0.06045988618569584,0.0,0.0,0.3931225310797629
intent_com.sogou.androidtool.action.backtomarket,0,0.09063258705300552,0.15302211957601813,560.8,128.67229694071682,"pearson_r, mutual_information, entropy_reduction_ratio",0.0,0.060040404185264656,0.0,0.0,0.3931225310797629
intent_android.intent.action.BATTERY_CHANGED_ACTION,0,0.09058221488065357,0.1530322228106756,561.0,128.3027669226194,"pearson_r, mutual_information, entropy_reduction_ratio",0.0,0.059788543323504896,0.0,0.0,0.3931225310797629
intent_com.kingroot.kinguser.ANTILOG_DELETE,0,0.09037815553283737,0.1530738228839785,561.2,127.93342018409419,"pearson_r, mutual_information, entropy_reduction_ratio",0.0,0.05876824658442392,0.0,0.0,0.3931225310797629
intent_com.mobiletool.appstore.browser.highspeed,0,0.09035423563017178,0.1530787697652853,561.4,127.56425831713206,"pearson_r, mutual_information, entropy_reduction_ratio",0.0,0.058648647071096016,0.0,0.0,0.3931225310797629
perm_android.permission.WRITE_SOCIAL_STREAM,0,0.09009832961526289,0.15313261901386027,561.8,126.82649565449641,"pearson_r, mutual_information, entropy_reduction_ratio",0.0,0.0573691169965515,0.0,0.0,0.3931225310797629
perm_com.android.launcher3.permission.INSTALL_SHORTCUT,0,0.09006855031017016,0.15313899522880567,562.2,126.08949202847951,"pearson_r, mutual_information, entropy_reduction_ratio",0.0,0.0572202204710879,0.0,0.0,0.3931225310797629
perm_android.permission.WRITE_CLIPS,0,0.08995078613098448,0.15316443466581264,562.6,125.353260827152,"pearson_r, mutual_information, entropy_reduction_ratio",0.0,0.05663139957515943,0.0,0.0,0.3931225310797629
perm_com.actionlauncher.playstore.permission.READ_SETTINGS,0,0.08969193954334309,0.15322160837083748,563.0,124.61781574076798,"pearson_r, mutual_information, entropy_reduction_ratio",0.0,0.05533716663695252,0.0,0.0,0.3931225310797629
perm_com.samsung.android.providers.context.permission.READ_RECORD_AUDIO,0,0.08962024110760632,0.1532377505752548,563.2,124.25039235350526,"pearson_r, mutual_information, entropy_reduction_ratio",0.0,0.05497867445826867,0.0,0.0,0.3931225310797629
intent_com.taobao.accs.intent.action.COMMAND,0,0.08956320089736616,0.15325068724216473,563.6,123.51615278982746,"pearson_r, mutual_information, entropy_reduction_ratio",0.0,0.054693473407067913,0.0,0.0,0.3931225310797629
perm_cn.nubia.launcher.permission.WRITE_SETTINGS,0,0.08924799284357027,0.1533236870237007,563.8,123.14934023371787,"pearson_r, mutual_information, entropy_reduction_ratio",0.0,0.0531174331380884,0.0,0.0,0.3931225310797629
intent_com.qihoo.appstore.accessibility.ALERT,0,0.0890021542021174,0.1533823957451379,564.4,122.0501536254666,"pearson_r, mutual_information, entropy_reduction_ratio",0.0,0.05188823993082416,0.0,0.0,0.3931225310797629
intent_com.qihoo360.accounts.action.START_SERVICE,0,0.08893621328485331,0.15339840732040538,564.6,121.68418138772188,"pearson_r, mutual_information, entropy_reduction_ratio",0.0,0.051558535344503616,0.0,0.0,0.3931225310797629
intent_com.kingroot.master.action.MAIN_EXIT_CHECK,0,0.08889492611386962,0.1534084894134583,565.0,120.95288338853274,"pearson_r, mutual_information, entropy_reduction_ratio",0.0,0.05135209948958516,0.0,0.0,0.3931225310797629
intent_com.excelliance.kxqp.platform.action.CRASH_REPORT,0,0.08882128120728802,0.15342658177228388,565.2,120.58756154761568,"pearson_r, mutual_information, entropy_reduction_ratio",0.0,0.05098387495667725,0.0,0.0,0.3931225310797629
perm_android.permission.SET_WALLPAPER,0,0.08881516565793676,0.10958916055584932,353.0,313.1644935173846,"pearson_r, mutual_information, entropy_reduction_ratio",0.029610625917018046,0.07045966250365171,0.02296651451191718,0.016318703191148497,0.30472032216594835
intent_android.intent.action.MY_PACKAGE_REPLACED,0,0.08878159546401601,0.09965499635725883,355.6,325.6394325016551,"pearson_r, entropy_reduction_ratio, chi2_stat",0.0656652509763895,0.03281885003706152,0.03535096420866253,0.023973204567072495,0.28609970753089403
intent_android.intent.action.CREATE_SHORTCUT,0,0.08864839296320631,0.14247084360045692,399.4,251.59936406914863,"pearson_r, mutual_information, entropy_reduction_ratio",0.003387687310711092,0.06776918632203255,0.001860577063613817,0.001207800831507796,0.3690167132881663
intent_com.android.utils.hades.ACTION_START_SYS_WRAPPER,0,0.08842392613595382,0.15352660137271912,565.4,120.22246046392497,"pearson_r, mutual_information, entropy_reduction_ratio",0.0,0.04899709960000621,0.0,0.0,0.3931225310797629
intent_android.intent.action.CAL,0,0.0884051386365753,0.1535314306710402,565.6,119.8575821548224,"pearson_r, mutual_information, entropy_reduction_ratio",0.0,0.048903162103113594,0.0,0.0,0.3931225310797629
intent_com.qihoo.appstore.ACTION_LAUNCH_SERVICE_ACTIVITY,0,0.08831817604768583,0.1535539020740114,565.8,119.49292866107183,"pearson_r, mutual_information, entropy_reduction_ratio",0.0,0.04846834915866619,0.0,0.0,0.3931225310797629
intent_com.google.vr.vrcore.ACTION_NONE,0,0.08828972834949897,0.14252520164032498,400.2,251.30730192336236,"pearson_r, mutual_information, entropy_reduction_ratio",0.003387687310711092,0.06597586325349582,0.001860577063613817,0.001207800831507796,0.3690167132881663
perm_com.sec.android.provider.badge.permission.WRITE,0,0.08819895220102669,0.09441663121774961,358.8,339.33399476032463,"pearson_r, entropy_reduction_ratio, chi2_stat",0.08699232316524232,0.005881572578628853,0.04651442659034543,0.032020421530497244,0.2695860171404196
intent_com.tencent.android.tpush.action.SDK,0,0.08817625610624442,0.142543146503336,401.0,251.02509834675894,"pearson_r, mutual_information, entropy_reduction_ratio",0.003387687310711092,0.06540850203722305,0.001860577063613817,0.001207800831507796,0.3690167132881663
perm_com.google.android.googleapps.permission.GOOGLE_AUTH.gbase,0,0.08796863568336225,0.15364617731020286,566.2,118.76430440161722,"pearson_r, mutual_information, entropy_reduction_ratio",0.0,0.046720647337048275,0.0,0.0,0.3931225310797629
intent_com.mobutils.android.mediation.MaterialNotificationReceiver.ACTION_AD_EXPIRES,0,0.08794566933056938,0.15365234961938085,566.4,118.40033783735583,"pearson_r, mutual_information, entropy_reduction_ratio",0.0,0.04660581557308401,0.0,0.0,0.3931225310797629
intent_com.qihoo.appstore.push.PushNotifyCancelReceiver.ACTION_INTENT_CANCEL,0,0.08791348379154189,0.15366102231257325,566.6,118.03660449199646,"pearson_r, mutual_information, entropy_reduction_ratio",0.0,0.04644488787794656,0.0,0.0,0.3931225310797629
intent_com.qihoo.appstore.launcher.shortcut.GAME_RESERVATION,0,0.08785778803221256,0.153676092597681,566.8,117.67310652821229,"pearson_r, mutual_information, entropy_reduction_ratio",0.0,0.046166409081299875,0.0,0.0,0.3931225310797629
intent_android.intent.action.MEDIA_EJECT,0,0.08782335173811315,0.1377644887929003,379.7,279.7714424311387,"pearson_r, mutual_information, entropy_reduction_ratio",0.006782782768836437,0.06719392251002755,0.003721154127227634,0.0024213531775324534,0.3589975461069416
intent_com.excelliance.kxqp.platform.action.BADGE_REPORT,0,0.08777666415032073,0.153698185068763,567.0,117.30984613407351,"pearson_r, mutual_information, entropy_reduction_ratio",0.0,0.045760789671840774,0.0,0.0,0.3931225310797629
perm_cn.nubia.launcher.permission.READ_SETTINGS,0,0.087740490676439,0.15370809037844657,567.2,116.94682552339759,"pearson_r, mutual_information, entropy_reduction_ratio",0.0,0.04557992230243213,0.0,0.0,0.3931225310797629
perm_android.permission.GET_CLIPS,0,0.08741390932888338,0.15379902918991906,567.4,116.58404693610528,"pearson_r, mutual_information, entropy_reduction_ratio",0.0,0.04394701556465396,0.0,0.0,0.3931225310797629
perm_com.qiku.android.launcher3.permission.READ_UNREAD,0,0.08724454783350272,0.15384725980426486,567.6,116.22151263858166,"pearson_r, mutual_information, entropy_reduction_ratio",0.0,0.04310020808775066,0.0,0.0,0.3931225310797629
intent_android.intent.action.SENT_SMS_ACTION,0,0.08721072555377044,0.15385697920303243,567.8,115.85922492404305,"pearson_r, mutual_information, entropy_reduction_ratio",0.0,0.0429310966890893,0.0,0.0,0.3931225310797629
intent_show_taskmanager,0,0.08719128090132537,0.15386258013515736,568.0,115.49718611290926,"pearson_r, mutual_information, entropy_reduction_ratio",0.0,0.042833873426863976,0.0,0.0,0.3931225310797629
intent_android.intent.action.DOWNLOAD_WAKEUP,0,0.08705200093533234,0.15390298034116362,568.4,114.77386462082734,"pearson_r, mutual_information, entropy_reduction_ratio",0.0,0.04213747359689879,0.0,0.0,0.3931225310797629
perm_com.anddoes.launcher.permission.UPDATE_COUNT,0,0.08702263768530091,0.09546568687733216,415.2,372.90905057399715,"pearson_r, entropy_reduction_ratio, chi2_stat",0.08699232316524232,0.0,0.04651442659034543,0.032020421530497244,0.2695860171404196
perm_com.htc.launcher.permission.UPDATE_SHORTCUT,0,0.08702263768530091,0.09546568687733216,415.2,372.90905057399715,"pearson_r, entropy_reduction_ratio, chi2_stat",0.08699232316524232,0.0,0.04651442659034543,0.032020421530497244,0.2695860171404196
perm_com.sonyericsson.home.permission.BROADCAST_BADGE,0,0.08702263768530091,0.09546568687733216,415.2,372.90905057399715,"pearson_r, entropy_reduction_ratio, chi2_stat",0.08699232316524232,0.0,0.04651442659034543,0.032020421530497244,0.2695860171404196
intent_com.qihoo.appstore.checkupdate.RESTART_ALL_DOWNLOAD,0,0.086772266058233,0.15398561193783153,568.6,114.41258672016816,"pearson_r, mutual_information, entropy_reduction_ratio",0.0,0.04073879921140214,0.0,0.0,0.3931225310797629
perm_android.permission.REAL_GET_TASKS,0,0.08676825865454575,0.14279563131198247,403.6,250.17641775355247,"pearson_r, mutual_information, entropy_reduction_ratio",0.003387687310711092,0.058368514778729716,0.001860577063613817,0.001207800831507796,0.3690167132881663
intent_com.qihoo.appstore.CLEAN_ACTIVITY_DESTROY,0,0.08668704035692898,0.15401118208279568,568.8,114.05156728427716,"pearson_r, mutual_information, entropy_reduction_ratio",0.0,0.040312670704881995,0.0,0.0,0.3931225310797629
perm_com.facebook.receiver.permission.ACCESS,0,0.08664139735171375,0.1540249521047402,569.0,113.6908087753799,"pearson_r, mutual_information, entropy_reduction_ratio",0.0,0.040084455678805864,0.0,0.0,0.3931225310797629
intent_com.qihoo.appstore.ACTION_CLEAR_BACKGROUND,0,0.08651566732318575,0.15406315690078934,569.2,113.33031368526252,"pearson_r, mutual_information, entropy_reduction_ratio",0.0,0.03945580553616579,0.0,0.0,0.3931225310797629
intent_com.qihoo.appstore.download_some_apk,0,0.08649864964668715,0.15406835876211053,569.4,112.97008453568581,"pearson_r, mutual_information, entropy_reduction_ratio",0.0,0.039370717153672824,0.0,0.0,0.3931225310797629
intent_com.datouniao.AdPublisher.service.check,0,0.08635082200074654,0.1541138546865239,569.8,112.25043429760083,"pearson_r, mutual_information, entropy_reduction_ratio",0.0,0.03863157892396973,0.0,0.0,0.3931225310797629
perm_android.permission.FLASHLIGHT,0,0.08629722299323665,0.1521870661504256,426.2,225.655844152107,"pearson_r, mutual_information, entropy_reduction_ratio",5.7408644634187484e-05,0.04244158875447199,5.504665868679954e-05,3.713286168350568e-05,0.3888949380467068
intent_com.android.utils.hades.ACTION_INIT_COMMON_RES,0,0.08617964500222908,0.1541672283145841,570.4,111.17301830930022,"pearson_r, mutual_information, entropy_reduction_ratio",0.0,0.03777569393138246,0.0,0.0,0.3931225310797629
perm_android.permission.SEND_DOWNLOAD_COMPLETED_INTENTS,0,0.08605879829727253,0.1429437044526796,405.4,249.6506358894365,"pearson_r, mutual_information, entropy_reduction_ratio",0.003387687310711092,0.05482121299236362,0.001860577063613817,0.001207800831507796,0.3690167132881663
perm_com.samsung.android.providers.context.permission.WRITE_RECORD_AUDIO,0,0.08596701288840662,0.15423456034472793,570.8,110.4561451436723,"pearson_r, mutual_information, entropy_reduction_ratio",0.0,0.03671253336227021,0.0,0.0,0.3931225310797629
perm_com.google.android.googleapps.permission.GOOGLE_AUTH.adwords,0,0.08589201731403902,0.15425858108397308,571.0,110.09813804056816,"pearson_r, mutual_information, entropy_reduction_ratio",0.0,0.03633755549043217,0.0,0.0,0.3931225310797629
perm_com.ibingo.launcher.permission.READ_SETTINGS,0,0.08588809623857604,0.1542598408955121,571.2,109.74042099427174,"pearson_r, mutual_information, entropy_reduction_ratio",0.0,0.036317950113117274,0.0,0.0,0.3931225310797629
perm_android.permission.BATTERY_STATS,0,0.08585405074422306,0.16820563222243276,281.3,106.54323066248743,"pearson_r, chi2_stat, entropy_reduction_ratio",0.0023633877691556907,0.00017879171300445924,0.0027021793119808815,0.0017650407234545112,0.4222608542035197
perm_android.permission.ACCESS_SUPERUSER,0,0.08584038864581837,0.15427520008690612,571.8,108.66903882891391,"pearson_r, mutual_information, entropy_reduction_ratio",0.0,0.03607941214932897,0.0,0.0,0.3931225310797629
intent_cn.jpush.android.intent.NOTIFICATION_RECEIVED,0,0.08583845325505303,0.1381184575134106,384.1,278.76466777552713,"pearson_r, mutual_information, entropy_reduction_ratio",0.006782782768836437,0.05726943009472699,0.003721154127227634,0.0024213531775324534,0.3589975461069416
perm_android.permission.AUTHENTICATE_ACCOUNTS,0,0.08581829240162217,0.16822385989066563,333.5,207.10070014367406,"pearson_r, chi2_stat, entropy_reduction_ratio",0.0023633877691556907,0.0,0.0027021793119808815,0.0017650407234545112,0.4222608542035197
perm_mobi.SyndicateApps.ICS.launcher.permission.READ_SETTINGS,0,0.08578683994282764,0.15429250825367757,572.0,108.31251081938781,"pearson_r, mutual_information, entropy_reduction_ratio",0.0,0.035811668634375314,0.0,0.0,0.3931225310797629
perm_android.permission.CHANGE_WIMAX_STATE,0,0.0857457282487295,0.15430584561774516,572.2,107.95628745006009,"pearson_r, mutual_information, entropy_reduction_ratio",0.0,0.035606110163884576,0.0,0.0,0.3931225310797629
perm_com.lenovo.launcherhdmarket.permission.WRITE_SETTINGS,0,0.08549766103023539,0.15438722787969314,572.8,106.88947562786525,"pearson_r, mutual_information, entropy_reduction_ratio",0.0,0.03436577407141398,0.0,0.0,0.3931225310797629
intent_android.net.ConnectivityManager.CONNECTIVITY_ACTION,0,0.08534449945656158,0.15443824929980896,573.2,106.17984742878473,"pearson_r, mutual_information, entropy_reduction_ratio",0.0,0.03359996620304503,0.0,0.0,0.3931225310797629
intent_com.unicom.xiaowo.security.RECEIVER_CMD,0,0.08528835743012422,0.15445709935255905,573.4,105.8255167717125,"pearson_r, mutual_information, entropy_reduction_ratio",0.0,0.03331925607085822,0.0,0.0,0.3931225310797629
intent_com.snipermob.sdk.notification,0,0.08526460966276209,0.15446509669336406,573.8,105.1178386383586,"pearson_r, mutual_information, entropy_reduction_ratio",0.0,0.03320051723404749,0.0,0.0,0.3931225310797629
perm_com.qihoo360.launcher.permission.WRITE_SETTINGS,0,0.08521402276965587,0.1544821797295146,574.0,104.76449780340667,"pearson_r, mutual_information, entropy_reduction_ratio",0.0,0.032947582768516406,0.0,0.0,0.3931225310797629
intent_com.qihoo360.daemon.pcdaemon.ACTION_START_UI2,0,0.08515116858438491,0.15450349505944208,574.4,104.05882951484703,"pearson_r, mutual_information, entropy_reduction_ratio",0.0,0.03263331184216165,0.0,0.0,0.3931225310797629
perm_com.google.android.providers.talk.permission.READ_ONLY,0,0.08513190750754805,0.15451004682701835,574.6,103.70650895676702,"pearson_r, mutual_information, entropy_reduction_ratio",0.0,0.03253700645797734,0.0,0.0,0.3931225310797629
intent_android.bluetooth.adapter.action.STATE_CHANGED,0,0.08500216880951444,0.1253888244199624,368.4,304.2483196338149,"pearson_r, mutual_information, entropy_reduction_ratio",0.020437900314552726,0.052298062155268166,0.0111634623816829,0.007333909830175933,0.3337775093658925
perm_com.facebook.katana.provider.ACCESS,0,0.08499560807049289,0.15455667630821915,574.8,103.35453545926275,"pearson_r, mutual_information, entropy_reduction_ratio",0.0,0.03185550927270156,0.0,0.0,0.3931225310797629
perm_com.google.android.googleapps.permission.GOOGLE_AUTH.print,0,0.08497437504416575,0.15456398236666544,575.0,103.00291258017901,"pearson_r, mutual_information, entropy_reduction_ratio",0.0,0.03174934414106584,0.0,0.0,0.3931225310797629
intent_com.qihoo.appstore.checkupdate.INIT_APK_INFO,0,0.08493493162255024,0.15457758447732878,575.2,102.65164392254026,"pearson_r, mutual_information, entropy_reduction_ratio",0.0,0.03155212703298824,0.0,0.0,0.3931225310797629
intent_com.qihoo.appstore.notification.click,0,0.0847681073453677,0.1546355458482389,575.4,102.3007331352029,"pearson_r, mutual_information, entropy_reduction_ratio",0.0,0.03071800564707561,0.0,0.0,0.3931225310797629
intent_show_cpuad,0,0.08460192606574453,0.154693977693967,575.8,101.60000000000001,"pearson_r, mutual_information, entropy_reduction_ratio",0.0,0.029887099248959687,0.0,0.0,0.3931225310797629
intent_android.intent.action,0,0.0845836546739593,0.15470044441510522,576.0,101.25018518501584,"pearson_r, mutual_information, entropy_reduction_ratio",0.0,0.02979574229003355,0.0,0.0,0.3931225310797629
intent_com.kingroot.kinguser.gamebox.ACTION_GAME_REPLACE,0,0.08440405025224336,0.1547644559834904,576.4,100.55167825551197,"pearson_r, mutual_information, entropy_reduction_ratio",0.0,0.028897720181453874,0.0,0.0,0.3931225310797629
intent_show_encourage,0,0.08425961657279271,0.15481651800498106,576.6,100.20299396724631,"pearson_r, mutual_information, entropy_reduction_ratio",0.0,0.0281755517842006,0.0,0.0,0.3931225310797629
intent_android.intent.action.ACTION_VIEW_DOWNLOADS,0,0.0842395656526008,0.15482378670462252,576.8,99.85469443145875,"pearson_r, mutual_information, entropy_reduction_ratio",0.0,0.028075297183241074,0.0,0.0,0.3931225310797629
perm_android.permission.ACCESS_WIMAX_STATE,0,0.08419740529172719,0.1548391031076979,577.0,99.50678368834961,"pearson_r, mutual_information, entropy_reduction_ratio",0.0,0.027864495378873057,0.0,0.0,0.3931225310797629
intent_android.intent.action.QUICKBOOT_POWERON,0,0.08413548848505384,0.10164417687551691,368.2,330.1111328022731,"pearson_r, entropy_reduction_ratio, chi2_stat",0.06919947559479749,0.0057635903413543734,0.03721154127227634,0.02529772299653852,0.2832051122203025
perm_com.android.launcher3.permission.UNINSTALL_SHORTCUT,0,0.08411277080600159,0.15486998391199247,577.2,99.15926583027932,"pearson_r, mutual_information, entropy_reduction_ratio",0.0,0.027441322950245033,0.0,0.0,0.3931225310797629
intent_org.agoo.android.intent.action.PING_V4,0,0.0840226161041829,0.13854115183350724,388.1,278.08800765225385,"pearson_r, mutual_information, entropy_reduction_ratio",0.006782782768836437,0.04819024434037633,0.003721154127227634,0.0024213531775324534,0.3589975461069416
intent_com.mobiletool.appstore.action.service,0,0.0838575255389894,0.15496419830130428,577.6,98.46542540404728,"pearson_r, mutual_information, entropy_reduction_ratio",0.0,0.02616509661518406,0.0,0.0,0.3931225310797629
intent_show_lock_app,0,0.08385277588925702,0.1549659668542156,577.8,98.11911128827045,"pearson_r, mutual_information, entropy_reduction_ratio",0.0,0.02614134836652222,0.0,0.0,0.3931225310797629
intent_com.google.android.gms.analytics.ANALYTICS_DISPATCH,0,0.08371281421069476,0.13398611723176898,379.6,296.20708971933806,"pearson_r, mutual_information, entropy_reduction_ratio",0.006918800325834871,0.05249887060104904,0.005927622258864957,0.00401204838013996,0.34920672948758497
perm_com.ztemt.launcher.permission.READ_SETTINGS,0,0.08365375542605603,0.15504057801013277,578.2,97.42771679558133,"pearson_r, mutual_information, entropy_reduction_ratio",0.0,0.025146246050517233,0.0,0.0,0.3931225310797629
intent_com.google.android.gms.gcm.ACTION_TASK_READY,0,0.08362804499569862,0.1550502885528155,578.4,97.08264520500047,"pearson_r, mutual_information, entropy_reduction_ratio",0.0,0.02501769389873019,0.0,0.0,0.3931225310797629
intent_com.qihoo.appstore.reservation.alarm,0,0.08353663834294595,0.15508494495932507,578.6,96.73799667142173,"pearson_r, mutual_information, entropy_reduction_ratio",0.0,0.02456066063496681,0.0,0.0,0.3931225310797629
intent_android.easou.eyou.SEND_SMS_RESULT,0,0.08335415445321934,0.15515475399143297,578.8,96.39377573266854,"pearson_r, mutual_information, entropy_reduction_ratio",0.0,0.023648241186333782,0.0,0.0,0.3931225310797629
intent_android.intent.action.DOWNLOAD_WAKEUP.sogou,0,0.0831610983317159,0.15522950735249577,579.2,95.70663508869174,"pearson_r, mutual_information, entropy_reduction_ratio",0.0,0.02268296057881653,0.0,0.0,0.3931225310797629
perm_com.fede.launcher.permission.WRITE_SETTINGS,0,0.08311512150174287,0.15524744633805485,579.4,95.36372475947026,"pearson_r, mutual_information, entropy_reduction_ratio",0.0,0.022453076428951457,0.0,0.0,0.3931225310797629
intent_com.qihoo.appstore.ACTION_NORMAL_INSTALL_ERROR,0,0.08306877429586366,0.15526558285507214,579.6,95.02126077883833,"pearson_r, mutual_information, entropy_reduction_ratio",0.0,0.02222134039955542,0.0,0.0,0.3931225310797629
perm_com.lge.launcher.permission.READ_SETTINGS,0,0.08299389837633273,0.15529499560535343,579.8,94.67924799025391,"pearson_r, mutual_information, entropy_reduction_ratio",0.0,0.021846960801900746,0.0,0.0,0.3931225310797629
perm_com.qihoo.appstore.rtservice.ACCESS_RTSERVICE,0,0.08298719241111246,0.15529763661569362,580.0,94.33769130098531,"pearson_r, mutual_information, entropy_reduction_ratio",0.0,0.021813430975799415,0.0,0.0,0.3931225310797629
intent_com.mobiletool.appstore.action.appdetail,0,0.08288017246568216,0.15533993490637252,580.2,93.99659568303525,"pearson_r, mutual_information, entropy_reduction_ratio",0.0,0.02127833124864791,0.0,0.0,0.3931225310797629
perm_android.permission.BROADCAST_PACKAGE_CHANGED,0,0.08287499849496897,0.1553419870351883,580.4,93.65596617407778,"pearson_r, mutual_information, entropy_reduction_ratio",0.0,0.021252461395081954,0.0,0.0,0.3931225310797629
perm_yulong.permission.ACCESS_YLPARAMS,0,0.0824150118971111,0.1555270727851114,581.2,92.29821233371749,"pearson_r, mutual_information, entropy_reduction_ratio",0.0,0.0189525284057926,0.0,0.0,0.3931225310797629
intent_com.qihoo.appstore.battery.POWER_RANK_START,0,0.08231519666012235,0.1555679249302074,581.4,91.95999130056505,"pearson_r, mutual_information, entropy_reduction_ratio",0.0,0.018453452220848897,0.0,0.0,0.3931225310797629
intent_android.intent.action.PUSH_NOTIFY_ALARM,0,0.08226649823149576,0.15558794518356986,581.8,91.28504806374373,"pearson_r, mutual_information, entropy_reduction_ratio",0.0,0.018209960077715852,0.0,0.0,0.3931225310797629
intent_com.yuetu.shentu.Intent.WECHAT_SHARE,0,0.08215334886708694,0.15563468704217856,582.0,90.94833698314665,"pearson_r, mutual_information, entropy_reduction_ratio",0.0,0.01764421325567179,0.0,0.0,0.3931225310797629
intent_com.baidu.android.pushservice.action.notification.CLICK,0,0.08212123813745772,0.14401708199194463,414.6,247.76408133545104,"pearson_r, mutual_information, entropy_reduction_ratio",0.003387687310711092,0.03513341219328959,0.001860577063613817,0.001207800831507796,0.3690167132881663
perm_android.permission.INTERACT_ACROSS_USERS_FULL,0,0.08206060980096483,0.16316342149233995,358.0,196.89184848540583,"pearson_r, chi2_stat, entropy_reduction_ratio",0.000691749951179847,0.0,0.0007400717445669682,0.0004841948249944731,0.4083870324840828
intent_android.intent.action.NEW_OUTGOING_CALL,0,0.08206060980096483,0.16316342149233995,358.0,196.89184848540583,"pearson_r, chi2_stat, entropy_reduction_ratio",0.000691749951179847,0.0,0.0007400717445669682,0.0004841948249944731,0.4083870324840828
perm_com.android.browser.permission.WRITE_HISTORY_BOOKMARKS,0,0.08206060980096483,0.16316342149233995,358.0,196.89184848540583,"pearson_r, chi2_stat, entropy_reduction_ratio",0.000691749951179847,0.0,0.0007400717445669682,0.0004841948249944731,0.4083870324840828
intent_com.sogou.androidtool.action.specialdetail,0,0.08195897371739116,0.15571571816388532,582.4,90.27646426394865,"pearson_r, mutual_information, entropy_reduction_ratio",0.0,0.016672337507192884,0.0,0.0,0.3931225310797629
intent_com.taobao.accs.intent.action.SERVICE,0,0.08194423024387308,0.15572190230137412,582.6,89.94131419987147,"pearson_r, mutual_information, entropy_reduction_ratio",0.0,0.016598620139602487,0.0,0.0,0.3931225310797629
intent_com.mobiletool.appstore.action.main,0,0.0818779779857946,0.15574975763144983,582.8,89.6066961783549,"pearson_r, mutual_information, entropy_reduction_ratio",0.0,0.016267358849210104,0.0,0.0,0.3931225310797629
perm_android.permission.CAMERA,0,0.08186589852618376,0.10110082550675206,359.4,322.98520089936005,"pearson_r, entropy_reduction_ratio, mutual_information",0.04034493727613813,0.03324563901037528,0.026925828855321125,0.02503061271525332,0.2837824747738309
intent_com.morgoo.droidplugin.ACTION_SHORTCUT_PROXY,0,0.08170691658157166,0.1558221773033425,583.0,89.27261618211936,"pearson_r, mutual_information, entropy_reduction_ratio",0.0,0.015412051828095333,0.0,0.0,0.3931225310797629
intent_com.sogou.androidtool.highspeed,0,0.08162335996948518,0.1558578121717967,583.2,88.93908027408425,"pearson_r, mutual_information, entropy_reduction_ratio",0.0,0.014994268767662963,0.0,0.0,0.3931225310797629
perm_com.sonyericsson.homescreen.permission.READ_SETTINGS,0,0.08157412222411141,0.15587889095337923,583.4,88.60609459850942,"pearson_r, mutual_information, entropy_reduction_ratio",0.0,0.01474808004079413,0.0,0.0,0.3931225310797629
perm_org.adw.launcher.permission.WRITE_SETTINGS,0,0.08155671316142402,0.15588635801336947,583.6,88.27366538215121,"pearson_r, mutual_information, entropy_reduction_ratio",0.0,0.014661034727357131,0.0,0.0,0.3931225310797629
perm_com.samsung.android.providers.context.permission.WRITE_USE_APP_FEATURE_SURVEY,0,0.08152380117945454,0.1354126248297998,385.8,294.0669311568372,"pearson_r, mutual_information, entropy_reduction_ratio",0.010185318924114421,0.03692515087273457,0.00558173119084145,0.003640699713021152,0.3512861051965611
perm_com.huawei.launcher3.permission.READ_SETTINGS,0,0.0815210064474356,0.15590169647654223,583.8,87.94179893543229,"pearson_r, mutual_information, entropy_reduction_ratio",0.0,0.01448250115741508,0.0,0.0,0.3931225310797629
perm_com.sonymobile.home.permission.PROVIDER_INSERT_BADGE,0,0.08146939240489036,0.10570413378517898,427.5,358.48988828138516,"pearson_r, entropy_reduction_ratio, chi2_stat",0.06213905500238305,0.0,0.033490387145048706,0.022655241397086908,0.28906227847993315
perm_android.permission.DISABLE_KEYGUARD,0,0.08145173851629678,0.1622413309280819,360.2,195.9197795017134,"pearson_r, entropy_reduction_ratio, chi2_stat",0.0005136725130906316,0.0,0.00046973148746068833,0.00034108825421129516,0.4059342003267213
intent_com.huawei.intent.action.PUSH_STATE,0,0.08113033319787845,0.15607155335944406,584.2,87.27978001805458,"pearson_r, mutual_information, entropy_reduction_ratio",0.0,0.012529134909629308,0.0,0.0,0.3931225310797629
intent_com.kingroot.master.action.NAIN_EXIT_NOTIFY,0,0.08102693636409415,0.15611713174742983,584.6,86.62009004844083,"pearson_r, mutual_information, entropy_reduction_ratio",0.0,0.012012150740707843,0.0,0.0,0.3931225310797629
perm_com.tencent.mm.permission.C2D_MESSAGE,0,0.08099790634444574,0.15612997533202227,584.8,86.29113511827272,"pearson_r, mutual_information, entropy_reduction_ratio",0.0,0.011867000642465847,0.0,0.0,0.3931225310797629
perm_android.permission.WRITE_CONTACTS,0,0.08097518788280518,0.10836539090095558,373.8,324.2742049562376,"pearson_r, entropy_reduction_ratio, chi2_stat",0.055110603281654846,0.004740819944326924,0.029769233017821074,0.020038784835714873,0.29521649833450814
intent_com.excelliance.open.action.appstate,0,0.08096500800220038,0.15614455517491668,585.0,85.96278264458405,"pearson_r, mutual_information, entropy_reduction_ratio",0.0,0.011702508931239043,0.0,0.0,0.3931225310797629
intent_android.intent.action.DOWNLOAD_NOTIFY,0,0.0808868733621834,0.15617928842110806,585.2,85.63503955741481,"pearson_r, mutual_information, entropy_reduction_ratio",0.0,0.011311835731154149,0.0,0.0,0.3931225310797629
intent_com.qihoo.appstore.launcher.shortcut.EBOOK,0,0.08063690540530596,0.1562914045226228,585.4,85.30791288034189,"pearson_r, mutual_information, entropy_reduction_ratio",0.0,0.010061995946766874,0.0,0.0,0.3931225310797629
intent_com.urbanairship.push.RECEIVED,0,0.08061509037385348,0.15630126109208362,585.6,84.98140973177605,"pearson_r, mutual_information, entropy_reduction_ratio",0.0,0.009952920789504516,0.0,0.0,0.3931225310797629
intent_com.qihoo.appstore.PACKAGE_ADDED,0,0.08054671209749639,0.15633223095718318,585.8,84.65553732627299,"pearson_r, mutual_information, entropy_reduction_ratio",0.0,0.00961102940771905,0.0,0.0,0.3931225310797629
perm_com.s.launcher.permission.READ_SETTINGS,0,0.08054275316918724,0.1563340275093915,586.0,84.33030297585798,"pearson_r, mutual_information, entropy_reduction_ratio",0.0,0.009591234766173323,0.0,0.0,0.3931225310797629
perm_com.google.android.googleapps.permission.GOOGLE_AUTH.local,0,0.0802059928878418,0.15648823947458196,586.2,84.00571409136404,"pearson_r, mutual_information, entropy_reduction_ratio",0.0,0.00790743335944613,0.0,0.0,0.3931225310797629
perm_android.permission.PERSISTENT_ACTIVITY,0,0.08011439648755543,0.1565306590705274,586.4,83.68177818378385,"pearson_r, mutual_information, entropy_reduction_ratio",0.0,0.007449451358014236,0.0,0.0,0.3931225310797629
intent_com.qihoo.commonreceiver.ARRIVED,0,0.08001388081797031,0.15657744273643995,586.6,83.35850286563452,"pearson_r, mutual_information, entropy_reduction_ratio",0.0,0.006946873010088636,0.0,0.0,0.3931225310797629
perm_com.qiku.android.launcher3.permission.WRITE_UNREAD,0,0.07994357826149709,0.15661030917077715,587.0,82.71396496360212,"pearson_r, mutual_information, entropy_reduction_ratio",0.0,0.006595360227722536,0.0,0.0,0.3931225310797629
perm_android.permission.READ_CLIPS,0,0.07994180874692457,0.15661113795823237,587.2,82.39271812484401,"pearson_r, mutual_information, entropy_reduction_ratio",0.0,0.006586512654859935,0.0,0.0,0.3931225310797629
perm_org.adw.launcher_donut.permission.READ_SETTINGS,0,0.07994072456398084,0.15661164579428957,587.4,82.0721633685868,"pearson_r, mutual_information, entropy_reduction_ratio",0.0,0.006581091740141283,0.0,0.0,0.3931225310797629
intent_com.kingroot.kinguser.service.IKCommonManagerInterface,0,0.0798824169289146,0.15663899913787693,587.6,81.75230883589772,"pearson_r, mutual_information, entropy_reduction_ratio",0.0,0.006289553564810076,0.0,0.0,0.3931225310797629
intent_com.kingroot.kinguser.ACTION_MAIN_START_CHECK,0,0.0797424812525256,0.15670498049875262,588.2,80.7970296483726,"pearson_r, mutual_information, entropy_reduction_ratio",0.0,0.005589875182865077,0.0,0.0,0.3931225310797629
perm_android.permission.LOCAL_MAC_ADDRESS,0,0.07970040984816465,0.15672490995905994,588.4,80.48005964212501,"pearson_r, mutual_information, entropy_reduction_ratio",0.0,0.0053795181610603576,0.0,0.0,0.3931225310797629
intent_android.intent.action.DATE_CHANGED,0,0.07946362842549362,0.15885834208506838,363.0,194.68435992652311,"pearson_r, chi2_stat, entropy_reduction_ratio",5.142618618512898e-05,0.0,5.219238749563204e-05,3.421321153761811e-05,0.39718031034224976
perm_com.yulong3.android.launcher.permission.WRITE_SETTINGS,0,0.07941132751685391,0.15686300197726852,589.4,78.90652697971188,"pearson_r, mutual_information, entropy_reduction_ratio",0.0,0.003934106504506651,0.0,0.0,0.3931225310797629
perm_android.permission.RECEIVE_WAP_PUSH,0,0.07924324631900426,0.1450672685700372,422.6,247.22750656025312,"pearson_r, mutual_information, entropy_reduction_ratio",0.003387687310711092,0.020743453101022238,0.001860577063613817,0.001207800831507796,0.3690167132881663
suspicious_adb_enabled,0,0.07916263217596929,0.11035301007263239,376.8,314.83926057593266,"pearson_r, entropy_reduction_ratio, chi2_stat",0.03477884421009096,0.017067338954432923,0.02615065790217805,0.018312604707422974,0.29950371510572155
intent_com.qihoo.commonreceiver.CLEARED,0,0.079115794646519,0.15700625066401566,589.6,78.59414736480065,"pearson_r, mutual_information, entropy_reduction_ratio",0.0,0.0024564421528320383,0.0,0.0,0.3931225310797629
perm_com.android.email.permission.ACCESS_PROVIDER,0,0.07900798506643875,0.1570590285987949,590.4,77.35269872473745,"pearson_r, mutual_information, entropy_reduction_ratio",0.0,0.0019173942524308165,0.0,0.0,0.3931225310797629
perm_android.permission.RECEIVE_MMS,0,0.07890175709265244,0.14520651833920425,423.0,247.22783014863032,"pearson_r, mutual_information, entropy_reduction_ratio",0.003387687310711092,0.019036006969263188,0.001860577063613817,0.001207800831507796,0.3690167132881663
intent_com.umeng.message.enablecallback.action,0,0.07889831973227929,0.15711300042053641,590.6,77.04440278177253,"pearson_r, mutual_information, entropy_reduction_ratio",0.0,0.0013690675816335001,0.0,0.0,0.3931225310797629
perm_com.smartisanos.launcher.WRITE_DATABASE,0,0.07879976715636719,0.1571617484205375,590.8,76.73695328849068,"pearson_r, mutual_information, entropy_reduction_ratio",0.0,0.0008763047020730846,0.0,0.0,0.3931225310797629
intent_com.excelliance.kxqp.action.init,0,0.07878472405348988,0.1571692097489346,591.0,76.43036045970214,"pearson_r, mutual_information, entropy_reduction_ratio",0.0,0.0008010891876864785,0.0,0.0,0.3931225310797629
perm_me.everything.badger.permission.BADGE_COUNT_WRITE,0,0.07877664112964733,0.14525830752891855,423.6,247.23316929570757,"pearson_r, mutual_information, entropy_reduction_ratio",0.003387687310711092,0.018410427154237605,0.001860577063613817,0.001207800831507796,0.3690167132881663
perm_com.google.android.googleapps.permission.GOOGLE_AUTH.android,0,0.07873352063259417,0.15719464697636454,591.2,76.1246346460855,"pearson_r, mutual_information, entropy_reduction_ratio",0.0,0.0005450720832079086,0.0,0.0,0.3931225310797629
perm_xmpp.permission.RECEIVE_NOTIFICATION,0,0.07872464370604479,0.15719906329063396,591.4,75.81978633575804,"pearson_r, mutual_information, entropy_reduction_ratio",0.0,0.0005006874504610155,0.0,0.0,0.3931225310797629
intent_com.qihoo.appstore.ACTION_EVENT_STAT,0,0.07868403640865042,0.15721928959950565,591.6,75.5158261558463,"pearson_r, mutual_information, entropy_reduction_ratio",0.0,0.00029765096348917776,0.0,0.0,0.3931225310797629
suspicious_getSystemService,0,0.07862450621595259,0.15724901243190517,644.2,68.65682777408232,"pearson_r, entropy_reduction_ratio, mutual_information",0.0,0.0,0.0,0.0,0.3931225310797629
perm_com.android.launcher2.permission.READ_SETTINGS,0,0.07862450621595259,0.15724901243190517,644.2,68.65682777408232,"pearson_r, entropy_reduction_ratio, mutual_information",0.0,0.0,0.0,0.0,0.3931225310797629
perm_android.permission.ACCESS_MTK_MMHW,0,0.07862450621595259,0.15724901243190517,644.2,68.65682777408232,"pearson_r, entropy_reduction_ratio, mutual_information",0.0,0.0,0.0,0.0,0.3931225310797629
perm_com.android.launcher3.permission.READ_SETTINGS,0,0.07862450621595259,0.15724901243190517,644.2,68.65682777408232,"pearson_r, entropy_reduction_ratio, mutual_information",0.0,0.0,0.0,0.0,0.3931225310797629
perm_android.permission.DELETE_PACKAGES,0,0.07862450621595259,0.15724901243190517,644.2,68.65682777408232,"pearson_r, entropy_reduction_ratio, mutual_information",0.0,0.0,0.0,0.0,0.3931225310797629
perm_android.permission.ACCESS_DOWNLOAD_MANAGER,0,0.07862450621595259,0.15724901243190517,644.2,68.65682777408232,"pearson_r, entropy_reduction_ratio, mutual_information",0.0,0.0,0.0,0.0,0.3931225310797629
perm_android.permission.CLEAR_APP_USER_DATA,0,0.07862450621595259,0.15724901243190517,644.2,68.65682777408232,"pearson_r, entropy_reduction_ratio, mutual_information",0.0,0.0,0.0,0.0,0.3931225310797629
intent_android.intent.action.RESPOND_VIA_MESSAGE,0,0.07862450621595259,0.15724901243190517,644.2,68.65682777408232,"pearson_r, entropy_reduction_ratio, mutual_information",0.0,0.0,0.0,0.0,0.3931225310797629
perm_com.android.launcher3.permission.WRITE_SETTINGS,0,0.07862450621595259,0.15724901243190517,644.2,68.65682777408232,"pearson_r, entropy_reduction_ratio, mutual_information",0.0,0.0,0.0,0.0,0.3931225310797629
intent_android.intent.action.SENDTO,0,0.07862450621595259,0.15724901243190517,644.2,68.65682777408232,"pearson_r, entropy_reduction_ratio, mutual_information",0.0,0.0,0.0,0.0,0.3931225310797629
perm_net.qihoo.launcher.permission.READ_SETTINGS,0,0.07862450621595259,0.15724901243190517,644.2,68.65682777408232,"pearson_r, entropy_reduction_ratio, mutual_information",0.0,0.0,0.0,0.0,0.3931225310797629
perm_com.sec.android.app.twlauncher.settings.READ_SETTINGS,0,0.07862450621595259,0.15724901243190517,644.2,68.65682777408232,"pearson_r, entropy_reduction_ratio, mutual_information",0.0,0.0,0.0,0.0,0.3931225310797629
perm_com.qihoo360.launcher.permission.READ_SETTINGS,0,0.07862450621595259,0.15724901243190517,644.2,68.65682777408232,"pearson_r, entropy_reduction_ratio, mutual_information",0.0,0.0,0.0,0.0,0.3931225310797629
perm_org.adwfreak.launcher.permission.READ_SETTINGS,0,0.07862450621595259,0.15724901243190517,644.2,68.65682777408232,"pearson_r, entropy_reduction_ratio, mutual_information",0.0,0.0,0.0,0.0,0.3931225310797629
perm_com.huawei.launcher2.permission.READ_SETTINGS,0,0.07862450621595259,0.15724901243190517,644.2,68.65682777408232,"pearson_r, entropy_reduction_ratio, mutual_information",0.0,0.0,0.0,0.0,0.3931225310797629
perm_com.google.android.launcher.permission.READ_SETTINGS,0,0.07862450621595259,0.15724901243190517,644.2,68.65682777408232,"pearson_r, entropy_reduction_ratio, mutual_information",0.0,0.0,0.0,0.0,0.3931225310797629
perm_com.fede.launcher.permission.READ_SETTINGS,0,0.07862450621595259,0.15724901243190517,644.2,68.65682777408232,"pearson_r, entropy_reduction_ratio, mutual_information",0.0,0.0,0.0,0.0,0.3931225310797629
perm_org.adw.launcher.permission.READ_SETTINGS,0,0.07862450621595259,0.15724901243190517,644.2,68.65682777408232,"pearson_r, entropy_reduction_ratio, mutual_information",0.0,0.0,0.0,0.0,0.3931225310797629
perm_android.permission.INTERACT_ACROSS_USERS,0,0.07862450621595259,0.15724901243190517,644.2,68.65682777408232,"pearson_r, entropy_reduction_ratio, mutual_information",0.0,0.0,0.0,0.0,0.3931225310797629
perm_telecom.mdesk.permission.READ_SETTINGS,0,0.07862450621595259,0.15724901243190517,644.2,68.65682777408232,"pearson_r, entropy_reduction_ratio, mutual_information",0.0,0.0,0.0,0.0,0.3931225310797629
perm_com.android.mylauncher.permission.READ_SETTINGS,0,0.07862450621595259,0.15724901243190517,644.2,68.65682777408232,"pearson_r, entropy_reduction_ratio, mutual_information",0.0,0.0,0.0,0.0,0.3931225310797629
perm_com.tencent.qqlauncher.permission.READ_SETTINGS,0,0.07862450621595259,0.15724901243190517,644.2,68.65682777408232,"pearson_r, entropy_reduction_ratio, mutual_information",0.0,0.0,0.0,0.0,0.3931225310797629
intent_android.intent.action.ANY_DATA_STATE,0,0.07862450621595259,0.15724901243190517,644.2,68.65682777408232,"pearson_r, entropy_reduction_ratio, mutual_information",0.0,0.0,0.0,0.0,0.3931225310797629
perm_android.permission.WRITE_PROFILE,0,0.07862450621595259,0.15724901243190517,644.2,68.65682777408232,"pearson_r, entropy_reduction_ratio, mutual_information",0.0,0.0,0.0,0.0,0.3931225310797629
perm_com.yulong.android.launcher.permission.READ_SETTINGS,0,0.07862450621595259,0.15724901243190517,644.2,68.65682777408232,"pearson_r, entropy_reduction_ratio, mutual_information",0.0,0.0,0.0,0.0,0.3931225310797629
intent_com.morgoo.droidplugin.ACTION_SHORTCUT_PROXY_ZHUSHOU,0,0.07862450621595259,0.15724901243190517,644.2,68.65682777408232,"pearson_r, entropy_reduction_ratio, mutual_information",0.0,0.0,0.0,0.0,0.3931225310797629
intent_com.qihoo.appstore.plugin.huajiao.IPluginHelperService,0,0.07862450621595259,0.15724901243190517,644.2,68.65682777408232,"pearson_r, entropy_reduction_ratio, mutual_information",0.0,0.0,0.0,0.0,0.3931225310797629
perm_com.qihoo.appstore.permission.NEWS_SDK_BROADCAST,0,0.07862450621595259,0.15724901243190517,644.2,68.65682777408232,"pearson_r, entropy_reduction_ratio, mutual_information",0.0,0.0,0.0,0.0,0.3931225310797629
intent_com.qihoo.appstore.plugin.battery.setPowerRankConfig,0,0.07862450621595259,0.15724901243190517,644.2,68.65682777408232,"pearson_r, entropy_reduction_ratio, mutual_information",0.0,0.0,0.0,0.0,0.3931225310797629
perm_com.qihoo.appstore.update.permission.clear_sdk,0,0.07862450621595259,0.15724901243190517,644.2,68.65682777408232,"pearson_r, entropy_reduction_ratio, mutual_information",0.0,0.0,0.0,0.0,0.3931225310797629
intent_com.qihoo.appstore.launcher.shortcut.GAMEUNION,0,0.07862450621595259,0.15724901243190517,644.2,68.65682777408232,"pearson_r, entropy_reduction_ratio, mutual_information",0.0,0.0,0.0,0.0,0.3931225310797629
perm_dianxin.permission.READ_SETTINGS,0,0.07862450621595259,0.15724901243190517,644.2,68.65682777408232,"pearson_r, entropy_reduction_ratio, mutual_information",0.0,0.0,0.0,0.0,0.3931225310797629
intent_com.qihoo.appstore.launcher.shortcut.APP_GROUP,0,0.07862450621595259,0.15724901243190517,644.2,68.65682777408232,"pearson_r, entropy_reduction_ratio, mutual_information",0.0,0.0,0.0,0.0,0.3931225310797629
intent_com.qihoo.appstore.notification,0,0.07862450621595259,0.15724901243190517,644.2,68.65682777408232,"pearson_r, entropy_reduction_ratio, mutual_information",0.0,0.0,0.0,0.0,0.3931225310797629
intent_com.qihoo.appstore.floatwin.FloatWindowService,0,0.07862450621595259,0.15724901243190517,644.2,68.65682777408232,"pearson_r, entropy_reduction_ratio, mutual_information",0.0,0.0,0.0,0.0,0.3931225310797629
intent_com.qihoo.appstore.download,0,0.07862450621595259,0.15724901243190517,644.2,68.65682777408232,"pearson_r, entropy_reduction_ratio, mutual_information",0.0,0.0,0.0,0.0,0.3931225310797629
intent_com.qihoo.appstore.clipboard.change,0,0.07862450621595259,0.15724901243190517,644.2,68.65682777408232,"pearson_r, entropy_reduction_ratio, mutual_information",0.0,0.0,0.0,0.0,0.3931225310797629
intent_com.qihoo.appstore.launcher.shortcut.HOME_GAME,0,0.07862450621595259,0.15724901243190517,644.2,68.65682777408232,"pearson_r, entropy_reduction_ratio, mutual_information",0.0,0.0,0.0,0.0,0.3931225310797629
intent_com.qihoo.express.push.MSG_ARRIVED,0,0.07862450621595259,0.15724901243190517,644.2,68.65682777408232,"pearson_r, entropy_reduction_ratio, mutual_information",0.0,0.0,0.0,0.0,0.3931225310797629
intent_com.qihoo.appstore.freeze.ICON,0,0.07862450621595259,0.15724901243190517,644.2,68.65682777408232,"pearson_r, entropy_reduction_ratio, mutual_information",0.0,0.0,0.0,0.0,0.3931225310797629
intent_com.qihoo.appstore.free.wifi,0,0.07862450621595259,0.15724901243190517,644.2,68.65682777408232,"pearson_r, entropy_reduction_ratio, mutual_information",0.0,0.0,0.0,0.0,0.3931225310797629
intent_com.qihoo.appstore.battery.STABLE_NOTIFY,0,0.07862450621595259,0.15724901243190517,644.2,68.65682777408232,"pearson_r, entropy_reduction_ratio, mutual_information",0.0,0.0,0.0,0.0,0.3931225310797629
intent_com.qihoo.appstore.launcher.shortcut.MYFREEZE,0,0.07862450621595259,0.15724901243190517,644.2,68.65682777408232,"pearson_r, entropy_reduction_ratio, mutual_information",0.0,0.0,0.0,0.0,0.3931225310797629
intent_com.qihoo360.mobilesafe.pcdaemon.sms.restore.start,0,0.07862450621595259,0.15724901243190517,644.2,68.65682777408232,"pearson_r, entropy_reduction_ratio, mutual_information",0.0,0.0,0.0,0.0,0.3931225310797629
intent_com.qihoo360.mobilesafe.pcdaemon.sms.restore.end,0,0.07862450621595259,0.15724901243190517,644.2,68.65682777408232,"pearson_r, entropy_reduction_ratio, mutual_information",0.0,0.0,0.0,0.0,0.3931225310797629
intent_com.qihoo360.mobilesafe.pcdaemon.sms.cancel.default.smsreceive,0,0.07862450621595259,0.15724901243190517,644.2,68.65682777408232,"pearson_r, entropy_reduction_ratio, mutual_information",0.0,0.0,0.0,0.0,0.3931225310797629
intent_com.qihoo360.mobilesafe.pcdaemon.filehandle,0,0.07862450621595259,0.15724901243190517,644.2,68.65682777408232,"pearson_r, entropy_reduction_ratio, mutual_information",0.0,0.0,0.0,0.0,0.3931225310797629
intent_com.qihoo360.mobilesafe.clean.DOWNLOADDLG,0,0.07862450621595259,0.15724901243190517,644.2,68.65682777408232,"pearson_r, entropy_reduction_ratio, mutual_information",0.0,0.0,0.0,0.0,0.3931225310797629
intent_com.qihoo360.daemon.pcdaemon.NotifyServiceStart2,0,0.07862450621595259,0.15724901243190517,644.2,68.65682777408232,"pearson_r, entropy_reduction_ratio, mutual_information",0.0,0.0,0.0,0.0,0.3931225310797629
intent_com.qihoo360.daemon.pcdaemon.ACTION_SEND_SMS_SEND_STATUS_FORWARD2,0,0.07862450621595259,0.15724901243190517,644.2,68.65682777408232,"pearson_r, entropy_reduction_ratio, mutual_information",0.0,0.0,0.0,0.0,0.3931225310797629
intent_com.qihoo360.daemon.pcdaemon.ACTION_START_SERVICE2,0,0.07862450621595259,0.15724901243190517,644.2,68.65682777408232,"pearson_r, entropy_reduction_ratio, mutual_information",0.0,0.0,0.0,0.0,0.3931225310797629
intent_com.qihoo360.daemon.pcdaemon.ACTION_START_OPERATE_CLIPBOARD,0,0.07862450621595259,0.15724901243190517,644.2,68.65682777408232,"pearson_r, entropy_reduction_ratio, mutual_information",0.0,0.0,0.0,0.0,0.3931225310797629
intent_com.qihoo360.daemon.pcdaemon.ACTION_START_CAPTURE,0,0.07862450621595259,0.15724901243190517,644.2,68.65682777408232,"pearson_r, entropy_reduction_ratio, mutual_information",0.0,0.0,0.0,0.0,0.3931225310797629
intent_com.qihoo.hongbao.LOGIN,0,0.07862450621595259,0.15724901243190517,644.2,68.65682777408232,"pearson_r, entropy_reduction_ratio, mutual_information",0.0,0.0,0.0,0.0,0.3931225310797629
intent_com.qihoo.appstore.videomini,0,0.07862450621595259,0.15724901243190517,644.2,68.65682777408232,"pearson_r, entropy_reduction_ratio, mutual_information",0.0,0.0,0.0,0.0,0.3931225310797629
intent_com.qihoo.appstore.powerusage.HIGH_TEMPERATURE,0,0.07862450621595259,0.15724901243190517,644.2,68.65682777408232,"pearson_r, entropy_reduction_ratio, mutual_information",0.0,0.0,0.0,0.0,0.3931225310797629
intent_com.qihoo.appstore.plugin.streamapp.IPluginHelperServiceStreamApp,0,0.07862450621595259,0.15724901243190517,644.2,68.65682777408232,"pearson_r, entropy_reduction_ratio, mutual_information",0.0,0.0,0.0,0.0,0.3931225310797629
intent_com.qihoo.appstore.stablenotification.NewsBroadcastReceiver,0,0.07862450621595259,0.15724901243190517,644.2,68.65682777408232,"pearson_r, entropy_reduction_ratio, mutual_information",0.0,0.0,0.0,0.0,0.3931225310797629
intent_com.qihoo.appstore.launcher.shortcut.WEBVIEW,0,0.07862450621595259,0.15724901243190517,644.2,68.65682777408232,"pearson_r, entropy_reduction_ratio, mutual_information",0.0,0.0,0.0,0.0,0.3931225310797629
intent_qihooappstore.gotoadmin,0,0.07862450621595259,0.15724901243190517,644.2,68.65682777408232,"pearson_r, entropy_reduction_ratio, mutual_information",0.0,0.0,0.0,0.0,0.3931225310797629
intent_com.qihoo.appstore.launcher.shortcut.PLAYGAME,0,0.07862450621595259,0.15724901243190517,644.2,68.65682777408232,"pearson_r, entropy_reduction_ratio, mutual_information",0.0,0.0,0.0,0.0,0.3931225310797629
intent_com.qihoo.appstore.ACTION_MEM_SCAN,0,0.07862450621595259,0.15724901243190517,644.2,68.65682777408232,"pearson_r, entropy_reduction_ratio, mutual_information",0.0,0.0,0.0,0.0,0.3931225310797629
intent_com.qihoo.appstore.ACTION_GAME_UNION_WEB,0,0.07862450621595259,0.15724901243190517,644.2,68.65682777408232,"pearson_r, entropy_reduction_ratio, mutual_information",0.0,0.0,0.0,0.0,0.3931225310797629
intent_com.qihoo.appstore.ACTION_GAME_UNION_GIFT_LiST,0,0.07862450621595259,0.15724901243190517,644.2,68.65682777408232,"pearson_r, entropy_reduction_ratio, mutual_information",0.0,0.0,0.0,0.0,0.3931225310797629
intent_com.qihoo.appstore.ACTION_WIRTE_CHANNEL_AND_INSTALL,0,0.07862450621595259,0.15724901243190517,644.2,68.65682777408232,"pearson_r, entropy_reduction_ratio, mutual_information",0.0,0.0,0.0,0.0,0.3931225310797629
intent_com.qihoo.accountcenter.action.START_ACCOUNT_SERVICE,0,0.07862450621595259,0.15724901243190517,644.2,68.65682777408232,"pearson_r, entropy_reduction_ratio, mutual_information",0.0,0.0,0.0,0.0,0.3931225310797629
intent_com.qihoo.appstore.ACTION_PACKAGE_REMOVED_NEED_CLEAR,0,0.07862450621595259,0.15724901243190517,644.2,68.65682777408232,"pearson_r, entropy_reduction_ratio, mutual_information",0.0,0.0,0.0,0.0,0.3931225310797629
intent_com.qihoo.appstore.ACTION_CLEAN_STOP_SERVICE,0,0.07862450621595259,0.15724901243190517,644.2,68.65682777408232,"pearson_r, entropy_reduction_ratio, mutual_information",0.0,0.0,0.0,0.0,0.3931225310797629
intent_com.qihoo.appstore.ACTION_CLEAN_START_SERVICE,0,0.07862450621595259,0.15724901243190517,644.2,68.65682777408232,"pearson_r, entropy_reduction_ratio, mutual_information",0.0,0.0,0.0,0.0,0.3931225310797629
intent_com.qihoo.appstore.ACTION_GET_SIGNIN_FOR_NOTIFYCATION,0,0.07862450621595259,0.15724901243190517,644.2,68.65682777408232,"pearson_r, entropy_reduction_ratio, mutual_information",0.0,0.0,0.0,0.0,0.3931225310797629
intent_com.qihoo.appstore.checkupdate.NOTIFY_APP_UPDATE,0,0.07862450621595259,0.15724901243190517,644.2,68.65682777408232,"pearson_r, entropy_reduction_ratio, mutual_information",0.0,0.0,0.0,0.0,0.3931225310797629
intent_com.qihoo.appstore.checkupdate.INSTALL_ALL_SILENT_TASK,0,0.07862450621595259,0.15724901243190517,644.2,68.65682777408232,"pearson_r, entropy_reduction_ratio, mutual_information",0.0,0.0,0.0,0.0,0.3931225310797629
intent_com.qihoo.appstore.checkupdate.CHECK_BAOHE_UPDATE,0,0.07862450621595259,0.15724901243190517,644.2,68.65682777408232,"pearson_r, entropy_reduction_ratio, mutual_information",0.0,0.0,0.0,0.0,0.3931225310797629
intent_com.qihoo.appstore.batteryrank.POWERPERCENT,0,0.07862450621595259,0.15724901243190517,644.2,68.65682777408232,"pearson_r, entropy_reduction_ratio, mutual_information",0.0,0.0,0.0,0.0,0.3931225310797629
intent_com.qihoo.appstore.battery.STOP,0,0.07862450621595259,0.15724901243190517,644.2,68.65682777408232,"pearson_r, entropy_reduction_ratio, mutual_information",0.0,0.0,0.0,0.0,0.3931225310797629
intent_com.qihoo.appstore.ACTION_CLEAR_CREATE_SHORTCUT,0,0.07862450621595259,0.15724901243190517,644.2,68.65682777408232,"pearson_r, entropy_reduction_ratio, mutual_information",0.0,0.0,0.0,0.0,0.3931225310797629
intent_com.qihoo.appstore.battery.ICON,0,0.07862450621595259,0.15724901243190517,644.2,68.65682777408232,"pearson_r, entropy_reduction_ratio, mutual_information",0.0,0.0,0.0,0.0,0.3931225310797629
intent_com.qihoo.appstore.ACTION_START_RADICALROOT,0,0.07862450621595259,0.15724901243190517,644.2,68.65682777408232,"pearson_r, entropy_reduction_ratio, mutual_information",0.0,0.0,0.0,0.0,0.3931225310797629
intent_com.qihoo.appstore.battery.FREEZE_APP,0,0.07862450621595259,0.15724901243190517,644.2,68.65682777408232,"pearson_r, entropy_reduction_ratio, mutual_information",0.0,0.0,0.0,0.0,0.3931225310797629
intent_com.qihoo.appstore.battery.ACCESSIBILITY_ALERT,0,0.07862450621595259,0.15724901243190517,644.2,68.65682777408232,"pearson_r, entropy_reduction_ratio, mutual_information",0.0,0.0,0.0,0.0,0.3931225310797629
intent_com.qihoo.appstore.clean.result,0,0.07862450621595259,0.15724901243190517,644.2,68.65682777408232,"pearson_r, entropy_reduction_ratio, mutual_information",0.0,0.0,0.0,0.0,0.3931225310797629
intent_com.qihoo.appstore.activate,0,0.07862450621595259,0.15724901243190517,644.2,68.65682777408232,"pearson_r, entropy_reduction_ratio, mutual_information",0.0,0.0,0.0,0.0,0.3931225310797629
intent_com.qihoo.appstore.QihooAlliance,0,0.07862450621595259,0.15724901243190517,644.2,68.65682777408232,"pearson_r, entropy_reduction_ratio, mutual_information",0.0,0.0,0.0,0.0,0.3931225310797629
intent_com.qihoo.appstore.PLUGIN_ICON,0,0.07862450621595259,0.15724901243190517,644.2,68.65682777408232,"pearson_r, entropy_reduction_ratio, mutual_information",0.0,0.0,0.0,0.0,0.3931225310797629
intent_com.qihoo.appstore.MEMCLEAR,0,0.07862450621595259,0.15724901243190517,644.2,68.65682777408232,"pearson_r, entropy_reduction_ratio, mutual_information",0.0,0.0,0.0,0.0,0.3931225310797629
intent_com.qihoo.appstore.LitePluginTipDialogActivity,0,0.07862450621595259,0.15724901243190517,644.2,68.65682777408232,"pearson_r, entropy_reduction_ratio, mutual_information",0.0,0.0,0.0,0.0,0.3931225310797629
intent_com.qihoo.appstore.LitePluginDownload,0,0.07862450621595259,0.15724901243190517,644.2,68.65682777408232,"pearson_r, entropy_reduction_ratio, mutual_information",0.0,0.0,0.0,0.0,0.3931225310797629
intent_com.qihoo.appstore.CHECK_STORAGE,0,0.07862450621595259,0.15724901243190517,644.2,68.65682777408232,"pearson_r, entropy_reduction_ratio, mutual_information",0.0,0.0,0.0,0.0,0.3931225310797629
intent_com.qihoo.appstore.BATTERY,0,0.07862450621595259,0.15724901243190517,644.2,68.65682777408232,"pearson_r, entropy_reduction_ratio, mutual_information",0.0,0.0,0.0,0.0,0.3931225310797629
intent_com.qihoo.appstore.plugin.battery.setConfig,0,0.07862450621595259,0.15724901243190517,644.2,68.65682777408232,"pearson_r, entropy_reduction_ratio, mutual_information",0.0,0.0,0.0,0.0,0.3931225310797629
intent_com.qihoo.appstore.plugin.START_PLUGIN_FROM_PROXY_LISTENER,0,0.07862450621595259,0.15724901243190517,644.2,68.65682777408232,"pearson_r, entropy_reduction_ratio, mutual_information",0.0,0.0,0.0,0.0,0.3931225310797629
intent_com.qihoo.appstore.notification.click_action,0,0.07862450621595259,0.15724901243190517,644.2,68.65682777408232,"pearson_r, entropy_reduction_ratio, mutual_information",0.0,0.0,0.0,0.0,0.3931225310797629
intent_com.qihoo.appstore.NOTIFY_DELETE,0,0.07862450621595259,0.15724901243190517,644.2,68.65682777408232,"pearson_r, entropy_reduction_ratio, mutual_information",0.0,0.0,0.0,0.0,0.3931225310797629
intent_action.qihoo360.daemon.pcdaemon.DaemonStatus,0,0.07862450621595259,0.15724901243190517,644.2,68.65682777408232,"pearson_r, entropy_reduction_ratio, mutual_information",0.0,0.0,0.0,0.0,0.3931225310797629
perm_qiku.permission.READ_WRITE_SAFE_SPACE,0,0.07862450621595259,0.15724901243190517,644.2,68.65682777408232,"pearson_r, entropy_reduction_ratio, mutual_information",0.0,0.0,0.0,0.0,0.3931225310797629
intent_android.intent.action.defaultSmsSet,0,0.07862450621595259,0.15724901243190517,644.2,68.65682777408232,"pearson_r, entropy_reduction_ratio, mutual_information",0.0,0.0,0.0,0.0,0.3931225310797629
perm_android.permission.READ_INSTALL_SESSIONS,0,0.07862450621595259,0.15724901243190517,644.2,68.65682777408232,"pearson_r, entropy_reduction_ratio, mutual_information",0.0,0.0,0.0,0.0,0.3931225310797629
perm_com.qiku.launcher.permission.WRITE_SETTINGS,0,0.07862450621595259,0.15724901243190517,644.2,68.65682777408232,"pearson_r, entropy_reduction_ratio, mutual_information",0.0,0.0,0.0,0.0,0.3931225310797629
perm_com.yulong.android.launcher3.WRITE_SETTINGS,0,0.07862450621595259,0.15724901243190517,644.2,68.65682777408232,"pearson_r, entropy_reduction_ratio, mutual_information",0.0,0.0,0.0,0.0,0.3931225310797629
perm_com.meizu.flyme.launcher.permission.WRITE_SETTINGS,0,0.07862450621595259,0.15724901243190517,644.2,68.65682777408232,"pearson_r, entropy_reduction_ratio, mutual_information",0.0,0.0,0.0,0.0,0.3931225310797629
perm_xmpp.permission.ACCESS_API,0,0.07862450621595259,0.15724901243190517,644.2,68.65682777408232,"pearson_r, entropy_reduction_ratio, mutual_information",0.0,0.0,0.0,0.0,0.3931225310797629
intent_action_send_pop,0,0.07862450621595259,0.15724901243190517,644.2,68.65682777408232,"pearson_r, entropy_reduction_ratio, mutual_information",0.0,0.0,0.0,0.0,0.3931225310797629
intent_com.qihoo.appstore.stablenotification.StableBroadcast,0,0.07862450621595259,0.15724901243190517,644.2,68.65682777408232,"pearson_r, entropy_reduction_ratio, mutual_information",0.0,0.0,0.0,0.0,0.3931225310797629
perm_android.permission.MANAGE_USERS,0,0.07862450621595259,0.15724901243190517,644.2,68.65682777408232,"pearson_r, entropy_reduction_ratio, mutual_information",0.0,0.0,0.0,0.0,0.3931225310797629
perm_com.anddoes.launcher.permission.READ_SETTINGS,0,0.07862450621595259,0.15724901243190517,644.2,68.65682777408232,"pearson_r, entropy_reduction_ratio, mutual_information",0.0,0.0,0.0,0.0,0.3931225310797629
perm_com.nd.android.launcher.permission.READ_SETTINGS,0,0.07862450621595259,0.15724901243190517,644.2,68.65682777408232,"pearson_r, entropy_reduction_ratio, mutual_information",0.0,0.0,0.0,0.0,0.3931225310797629
perm_com.qiku.launcher.permission.READ_SETTINGS,0,0.07862450621595259,0.15724901243190517,644.2,68.65682777408232,"pearson_r, entropy_reduction_ratio, mutual_information",0.0,0.0,0.0,0.0,0.3931225310797629
perm_com.android.launcher2.permission.WRITE_SETTINGS,0,0.07862450621595259,0.15724901243190517,644.2,68.65682777408232,"pearson_r, entropy_reduction_ratio, mutual_information",0.0,0.0,0.0,0.0,0.3931225310797629
perm_android.permission.SUBSCRIBED_FEEDS_READ,0,0.07862450621595259,0.15724901243190517,644.2,68.65682777408232,"pearson_r, entropy_reduction_ratio, mutual_information",0.0,0.0,0.0,0.0,0.3931225310797629
perm_com.google.android.providers.talk.permission.WRITE_ONLY,0,0.07862450621595259,0.15724901243190517,644.2,68.65682777408232,"pearson_r, entropy_reduction_ratio, mutual_information",0.0,0.0,0.0,0.0,0.3931225310797629
perm_com.google.android.googleapps.permission.GOOGLE_AUTH.news,0,0.07862450621595259,0.15724901243190517,644.2,68.65682777408232,"pearson_r, entropy_reduction_ratio, mutual_information",0.0,0.0,0.0,0.0,0.3931225310797629
perm_com.google.android.googleapps.permission.GOOGLE_AUTH.wifi,0,0.07862450621595259,0.15724901243190517,644.2,68.65682777408232,"pearson_r, entropy_reduction_ratio, mutual_information",0.0,0.0,0.0,0.0,0.3931225310797629
perm_com.google.android.googleapps.permission.GOOGLE_AUTH.talk,0,0.07862450621595259,0.15724901243190517,644.2,68.65682777408232,"pearson_r, entropy_reduction_ratio, mutual_information",0.0,0.0,0.0,0.0,0.3931225310797629
perm_com.google.android.googleapps.permission.GOOGLE_AUTH.speechpersonalization,0,0.07862450621595259,0.15724901243190517,644.2,68.65682777408232,"pearson_r, entropy_reduction_ratio, mutual_information",0.0,0.0,0.0,0.0,0.3931225310797629
perm_com.google.android.googleapps.permission.GOOGLE_AUTH.speech,0,0.07862450621595259,0.15724901243190517,644.2,68.65682777408232,"pearson_r, entropy_reduction_ratio, mutual_information",0.0,0.0,0.0,0.0,0.3931225310797629
perm_com.google.android.googleapps.permission.GOOGLE_AUTH.sitemaps,0,0.07862450621595259,0.15724901243190517,644.2,68.65682777408232,"pearson_r, entropy_reduction_ratio, mutual_information",0.0,0.0,0.0,0.0,0.3931225310797629
perm_com.google.android.googleapps.permission.GOOGLE_AUTH.grandcentral,0,0.07862450621595259,0.15724901243190517,644.2,68.65682777408232,"pearson_r, entropy_reduction_ratio, mutual_information",0.0,0.0,0.0,0.0,0.3931225310797629
perm_com.google.android.googleapps.permission.GOOGLE_AUTH.lh2,0,0.07862450621595259,0.15724901243190517,644.2,68.65682777408232,"pearson_r, entropy_reduction_ratio, mutual_information",0.0,0.0,0.0,0.0,0.3931225310797629
perm_com.google.android.googleapps.permission.GOOGLE_AUTH.knol,0,0.07862450621595259,0.15724901243190517,644.2,68.65682777408232,"pearson_r, entropy_reduction_ratio, mutual_information",0.0,0.0,0.0,0.0,0.3931225310797629
perm_com.google.android.googleapps.permission.GOOGLE_AUTH.jotspot,0,0.07862450621595259,0.15724901243190517,644.2,68.65682777408232,"pearson_r, entropy_reduction_ratio, mutual_information",0.0,0.0,0.0,0.0,0.3931225310797629
perm_com.google.android.googleapps.permission.GOOGLE_AUTH.ig,0,0.07862450621595259,0.15724901243190517,644.2,68.65682777408232,"pearson_r, entropy_reduction_ratio, mutual_information",0.0,0.0,0.0,0.0,0.3931225310797629
perm_com.google.android.googleapps.permission.GOOGLE_AUTH.health,0,0.07862450621595259,0.15724901243190517,644.2,68.65682777408232,"pearson_r, entropy_reduction_ratio, mutual_information",0.0,0.0,0.0,0.0,0.3931225310797629
perm_com.google.android.googleapps.permission.GOOGLE_AUTH.groups2,0,0.07862450621595259,0.15724901243190517,644.2,68.65682777408232,"pearson_r, entropy_reduction_ratio, mutual_information",0.0,0.0,0.0,0.0,0.3931225310797629
perm_com.google.android.googleapps.permission.GOOGLE_AUTH.dodgeball,0,0.07862450621595259,0.15724901243190517,644.2,68.65682777408232,"pearson_r, entropy_reduction_ratio, mutual_information",0.0,0.0,0.0,0.0,0.3931225310797629
perm_com.google.android.googleapps.permission.GOOGLE_AUTH.notebook,0,0.07862450621595259,0.15724901243190517,644.2,68.65682777408232,"pearson_r, entropy_reduction_ratio, mutual_information",0.0,0.0,0.0,0.0,0.3931225310797629
perm_com.google.android.googleapps.permission.GOOGLE_AUTH.cl,0,0.07862450621595259,0.15724901243190517,644.2,68.65682777408232,"pearson_r, entropy_reduction_ratio, mutual_information",0.0,0.0,0.0,0.0,0.3931225310797629
perm_com.google.android.googleapps.permission.GOOGLE_AUTH.blogger,0,0.07862450621595259,0.15724901243190517,644.2,68.65682777408232,"pearson_r, entropy_reduction_ratio, mutual_information",0.0,0.0,0.0,0.0,0.3931225310797629
perm_com.google.android.googleapps.permission.GOOGLE_AUTH.ah,0,0.07862450621595259,0.15724901243190517,644.2,68.65682777408232,"pearson_r, entropy_reduction_ratio, mutual_information",0.0,0.0,0.0,0.0,0.3931225310797629
perm_com.google.android.googleapps.permission.GOOGLE_AUTH.adsense,0,0.07862450621595259,0.15724901243190517,644.2,68.65682777408232,"pearson_r, entropy_reduction_ratio, mutual_information",0.0,0.0,0.0,0.0,0.3931225310797629
perm_com.google.android.googleapps.permission.GOOGLE_AUTH.mobile,0,0.07862450621595259,0.15724901243190517,644.2,68.65682777408232,"pearson_r, entropy_reduction_ratio, mutual_information",0.0,0.0,0.0,0.0,0.3931225310797629
perm_com.google.android.googleapps.permission.GOOGLE_AUTH.mail,0,0.07862450621595259,0.15724901243190517,644.2,68.65682777408232,"pearson_r, entropy_reduction_ratio, mutual_information",0.0,0.0,0.0,0.0,0.3931225310797629
perm_android.permission.READ_OWNER_DATA,0,0.07862450621595259,0.15724901243190517,644.2,68.65682777408232,"pearson_r, entropy_reduction_ratio, mutual_information",0.0,0.0,0.0,0.0,0.3931225310797629
perm_com.google.android.googleapps.permission.GOOGLE_AUTH.cp,0,0.07862450621595259,0.15724901243190517,644.2,68.65682777408232,"pearson_r, entropy_reduction_ratio, mutual_information",0.0,0.0,0.0,0.0,0.3931225310797629
perm_com.google.android.googleapps.permission.GOOGLE_AUTH.OTHER_SERVICES,0,0.07862450621595259,0.15724901243190517,644.2,68.65682777408232,"pearson_r, entropy_reduction_ratio, mutual_information",0.0,0.0,0.0,0.0,0.3931225310797629
perm_com.google.android.googleapps.permission.GOOGLE_AUTH.wise,0,0.07862450621595259,0.15724901243190517,644.2,68.65682777408232,"pearson_r, entropy_reduction_ratio, mutual_information",0.0,0.0,0.0,0.0,0.3931225310797629
perm_android.permission.TRANSMIT_IR,0,0.07862450621595259,0.15724901243190517,644.2,68.65682777408232,"pearson_r, entropy_reduction_ratio, mutual_information",0.0,0.0,0.0,0.0,0.3931225310797629
perm_com.google.android.googleapps.permission.GOOGLE_AUTH.writely,0,0.07862450621595259,0.15724901243190517,644.2,68.65682777408232,"pearson_r, entropy_reduction_ratio, mutual_information",0.0,0.0,0.0,0.0,0.3931225310797629
perm_com.mx.launcher.permission.READ_SETTINGS,0,0.07862450621595259,0.15724901243190517,644.2,68.65682777408232,"pearson_r, entropy_reduction_ratio, mutual_information",0.0,0.0,0.0,0.0,0.3931225310797629
perm_com.apusapps.launcher.permission.READ_SETTINGS,0,0.07862450621595259,0.15724901243190517,644.2,68.65682777408232,"pearson_r, entropy_reduction_ratio, mutual_information",0.0,0.0,0.0,0.0,0.3931225310797629
perm_com.google.android.googleapps.permission.GOOGLE_AUTH,0,0.07862450621595259,0.15724901243190517,644.2,68.65682777408232,"pearson_r, entropy_reduction_ratio, mutual_information",0.0,0.0,0.0,0.0,0.3931225310797629
perm_com.google.android.googleapps.permission.GOOGLE_AUTH.androidsecure,0,0.07862450621595259,0.15724901243190517,644.2,68.65682777408232,"pearson_r, entropy_reduction_ratio, mutual_information",0.0,0.0,0.0,0.0,0.3931225310797629
perm_com.google.android.googleapps.permission.GOOGLE_AUTH.sierraqa,0,0.07862450621595259,0.15724901243190517,644.2,68.65682777408232,"pearson_r, entropy_reduction_ratio, mutual_information",0.0,0.0,0.0,0.0,0.3931225310797629
perm_com.google.android.googleapps.permission.GOOGLE_AUTH.sierra,0,0.07862450621595259,0.15724901243190517,644.2,68.65682777408232,"pearson_r, entropy_reduction_ratio, mutual_information",0.0,0.0,0.0,0.0,0.3931225310797629
perm_com.tsf.shell.permission.READ_SETTINGS,0,0.07862450621595259,0.15724901243190517,644.2,68.65682777408232,"pearson_r, entropy_reduction_ratio, mutual_information",0.0,0.0,0.0,0.0,0.3931225310797629
intent_org.android.agoo.client.MessageReceiverService,0,0.07862450621595259,0.15724901243190517,644.2,68.65682777408232,"pearson_r, entropy_reduction_ratio, mutual_information",0.0,0.0,0.0,0.0,0.3931225310797629
intent_android.net.VpnService,0,0.07862450621595259,0.15724901243190517,644.2,68.65682777408232,"pearson_r, entropy_reduction_ratio, mutual_information",0.0,0.0,0.0,0.0,0.3931225310797629
perm_com.teslacoilsw.launcher.permission.READ_SETTINGS,0,0.07862450621595259,0.15724901243190517,644.2,68.65682777408232,"pearson_r, entropy_reduction_ratio, mutual_information",0.0,0.0,0.0,0.0,0.3931225310797629
intent_com.umeng.messge.registercallback.action,0,0.07862450621595259,0.15724901243190517,644.2,68.65682777408232,"pearson_r, entropy_reduction_ratio, mutual_information",0.0,0.0,0.0,0.0,0.3931225310797629
intent_com.umeng.message.message.handler.action,0,0.07862450621595259,0.15724901243190517,644.2,68.65682777408232,"pearson_r, entropy_reduction_ratio, mutual_information",0.0,0.0,0.0,0.0,0.3931225310797629
intent_android.provider.OppoSpeechAssist.SMS_RECEIVED,0,0.07862450621595259,0.15724901243190517,644.2,68.65682777408232,"pearson_r, entropy_reduction_ratio, mutual_information",0.0,0.0,0.0,0.0,0.3931225310797629
perm_android.permission.BROADCAST_SMS,0,0.07862450621595259,0.15724901243190517,644.2,68.65682777408232,"pearson_r, entropy_reduction_ratio, mutual_information",0.0,0.0,0.0,0.0,0.3931225310797629
perm_android.permission.BROADCAST_PACKAGE_INSTALL,0,0.07862450621595259,0.15724901243190517,644.2,68.65682777408232,"pearson_r, entropy_reduction_ratio, mutual_information",0.0,0.0,0.0,0.0,0.3931225310797629
perm_android.permission.BROADCAST_PACKAGE_REPLACED,0,0.07862450621595259,0.15724901243190517,644.2,68.65682777408232,"pearson_r, entropy_reduction_ratio, mutual_information",0.0,0.0,0.0,0.0,0.3931225310797629
perm_com.anddoes.launcher.permission.WRITE_SETTINGS,0,0.07862450621595259,0.15724901243190517,644.2,68.65682777408232,"pearson_r, entropy_reduction_ratio, mutual_information",0.0,0.0,0.0,0.0,0.3931225310797629
intent_com.tencent.smtt.tbs.video.PLAY,0,0.07862450621595259,0.15724901243190517,644.2,68.65682777408232,"pearson_r, entropy_reduction_ratio, mutual_information",0.0,0.0,0.0,0.0,0.3931225310797629
perm_com.sec.android.app.twlauncher.settings.WRITE_SETTINGS,0,0.07862450621595259,0.15724901243190517,644.2,68.65682777408232,"pearson_r, entropy_reduction_ratio, mutual_information",0.0,0.0,0.0,0.0,0.3931225310797629
perm_com.android.voicemail.permission.READ_WRITE_ALL_VOICEMAIL,0,0.07862450621595259,0.15724901243190517,644.2,68.65682777408232,"pearson_r, entropy_reduction_ratio, mutual_information",0.0,0.0,0.0,0.0,0.3931225310797629
perm_telecom.mdesk.permission.WRITE_SETTINGS,0,0.07862450621595259,0.15724901243190517,644.2,68.65682777408232,"pearson_r, entropy_reduction_ratio, mutual_information",0.0,0.0,0.0,0.0,0.3931225310797629
perm_net.qihoo.launcher.permission.WRITE_SETTINGS,0,0.07862450621595259,0.15724901243190517,644.2,68.65682777408232,"pearson_r, entropy_reduction_ratio, mutual_information",0.0,0.0,0.0,0.0,0.3931225310797629
perm_com.android.mylauncher.permission.WRITE_SETTINGS,0,0.07862450621595259,0.15724901243190517,644.2,68.65682777408232,"pearson_r, entropy_reduction_ratio, mutual_information",0.0,0.0,0.0,0.0,0.3931225310797629
perm_org.adw.launcher_donut.permission.WRITE_SETTINGS,0,0.07862450621595259,0.15724901243190517,644.2,68.65682777408232,"pearson_r, entropy_reduction_ratio, mutual_information",0.0,0.0,0.0,0.0,0.3931225310797629
perm_com.ebproductions.android.launcher.permission.WRITE_SETTINGS,0,0.07862450621595259,0.15724901243190517,644.2,68.65682777408232,"pearson_r, entropy_reduction_ratio, mutual_information",0.0,0.0,0.0,0.0,0.3931225310797629
perm_android.permission.BIND_DIRECTORY_SEARCH,0,0.07862450621595259,0.15724901243190517,644.2,68.65682777408232,"pearson_r, entropy_reduction_ratio, mutual_information",0.0,0.0,0.0,0.0,0.3931225310797629
perm_com.huawei.launcher2.permission.WRITE_SETTINGS,0,0.07862450621595259,0.15724901243190517,644.2,68.65682777408232,"pearson_r, entropy_reduction_ratio, mutual_information",0.0,0.0,0.0,0.0,0.3931225310797629
perm_com.tencent.qqlauncher.permission.WRITE_SETTINGS,0,0.07862450621595259,0.15724901243190517,644.2,68.65682777408232,"pearson_r, entropy_reduction_ratio, mutual_information",0.0,0.0,0.0,0.0,0.3931225310797629
perm_com.huawei.launcher3.permission.WRITE_SETTINGS,0,0.07862450621595259,0.15724901243190517,644.2,68.65682777408232,"pearson_r, entropy_reduction_ratio, mutual_information",0.0,0.0,0.0,0.0,0.3931225310797629
perm_sec.android.permission.READ_MSG_PREF,0,0.07862450621595259,0.15724901243190517,644.2,68.65682777408232,"pearson_r, entropy_reduction_ratio, mutual_information",0.0,0.0,0.0,0.0,0.3931225310797629
perm_com.samsung.svoice.sync.READ_DATABASE,0,0.07862450621595259,0.15724901243190517,644.2,68.65682777408232,"pearson_r, entropy_reduction_ratio, mutual_information",0.0,0.0,0.0,0.0,0.3931225310797629
perm_com.sec.android.permission.VOIP_INTERFACE,0,0.07862450621595259,0.15724901243190517,644.2,68.65682777408232,"pearson_r, entropy_reduction_ratio, mutual_information",0.0,0.0,0.0,0.0,0.3931225310797629
intent_org.android.agoo.client.ElectionReceiverService,0,0.07862450621595259,0.15724901243190517,644.2,68.65682777408232,"pearson_r, entropy_reduction_ratio, mutual_information",0.0,0.0,0.0,0.0,0.3931225310797629
perm_com.sec.android.app.voicenote.Controller,0,0.07862450621595259,0.15724901243190517,644.2,68.65682777408232,"pearson_r, entropy_reduction_ratio, mutual_information",0.0,0.0,0.0,0.0,0.3931225310797629
perm_com.lge.launcher.permission.WRITE_SETTINGS,0,0.07862450621595259,0.15724901243190517,644.2,68.65682777408232,"pearson_r, entropy_reduction_ratio, mutual_information",0.0,0.0,0.0,0.0,0.3931225310797629
perm_com.sec.android.settings.permission.SOFT_RESET,0,0.07862450621595259,0.15724901243190517,644.2,68.65682777408232,"pearson_r, entropy_reduction_ratio, mutual_information",0.0,0.0,0.0,0.0,0.3931225310797629
perm_com.samsung.android.scloud.backup.lib.write,0,0.07862450621595259,0.15724901243190517,644.2,68.65682777408232,"pearson_r, entropy_reduction_ratio, mutual_information",0.0,0.0,0.0,0.0,0.3931225310797629
perm_com.samsung.android.scloud.backup.lib.read,0,0.07862450621595259,0.15724901243190517,644.2,68.65682777408232,"pearson_r, entropy_reduction_ratio, mutual_information",0.0,0.0,0.0,0.0,0.3931225310797629
intent_com.qihoo.appstore.ACTION_UNLOCK_BROADCAST_RECEIVE,0,0.07862450621595259,0.15724901243190517,644.2,68.65682777408232,"pearson_r, entropy_reduction_ratio, mutual_information",0.0,0.0,0.0,0.0,0.3931225310797629
perm_android.permission.UPDATE_DEVICE_STATS,0,0.07862450621595259,0.15724901243190517,644.2,68.65682777408232,"pearson_r, entropy_reduction_ratio, mutual_information",0.0,0.0,0.0,0.0,0.3931225310797629
perm_ACCESS_WIFI_STATE,0,0.07862450621595259,0.15724901243190517,644.2,68.65682777408232,"pearson_r, entropy_reduction_ratio, mutual_information",0.0,0.0,0.0,0.0,0.3931225310797629
intent_android.intent.action.ACTION_BOOT_COMPLETED,0,0.07862450621595259,0.15724901243190517,644.2,68.65682777408232,"pearson_r, entropy_reduction_ratio, mutual_information",0.0,0.0,0.0,0.0,0.3931225310797629
perm_android.permission.GET_INTENT_SENDER_INTENT,0,0.07862450621595259,0.15724901243190517,644.2,68.65682777408232,"pearson_r, entropy_reduction_ratio, mutual_information",0.0,0.0,0.0,0.0,0.3931225310797629
intent_com.umeng.message.autoupdate.handler.action,0,0.07862450621595259,0.15724901243190517,644.2,68.65682777408232,"pearson_r, entropy_reduction_ratio, mutual_information",0.0,0.0,0.0,0.0,0.3931225310797629
intent_com.umeng.message.unregistercallback.action,0,0.07862450621595259,0.15724901243190517,644.2,68.65682777408232,"pearson_r, entropy_reduction_ratio, mutual_information",0.0,0.0,0.0,0.0,0.3931225310797629
intent_com.umeng.message.disablecallback.action,0,0.07862450621595259,0.15724901243190517,644.2,68.65682777408232,"pearson_r, entropy_reduction_ratio, mutual_information",0.0,0.0,0.0,0.0,0.3931225310797629
intent_com.taobao.accs.intent.action.ELECTION,0,0.07862450621595259,0.15724901243190517,644.2,68.65682777408232,"pearson_r, entropy_reduction_ratio, mutual_information",0.0,0.0,0.0,0.0,0.3931225310797629
perm_qiku.permission.RECEIVE_ACTIVITY_RESUMED,0,0.07862450621595259,0.15724901243190517,644.2,68.65682777408232,"pearson_r, entropy_reduction_ratio, mutual_information",0.0,0.0,0.0,0.0,0.3931225310797629
intent_co.ronash.pushe.ACTION_TASK_READY,0,0.07862450621595259,0.15724901243190517,644.2,68.65682777408232,"pearson_r, entropy_reduction_ratio, mutual_information",0.0,0.0,0.0,0.0,0.3931225310797629
intent_co.ronash.pushe.CHECK_TASKS,0,0.07862450621595259,0.15724901243190517,644.2,68.65682777408232,"pearson_r, entropy_reduction_ratio, mutual_information",0.0,0.0,0.0,0.0,0.3931225310797629
intent_com.taobao.accs.intent.action.START_FROM_AGOO,0,0.07862450621595259,0.15724901243190517,644.2,68.65682777408232,"pearson_r, entropy_reduction_ratio, mutual_information",0.0,0.0,0.0,0.0,0.3931225310797629
intent_co.ronash.pushe.service.ScreenStateService,0,0.07862450621595259,0.15724901243190517,644.2,68.65682777408232,"pearson_r, entropy_reduction_ratio, mutual_information",0.0,0.0,0.0,0.0,0.3931225310797629
intent_oh.rt.hj.j.g,0,0.07862450621595259,0.15724901243190517,644.2,68.65682777408232,"pearson_r, entropy_reduction_ratio, mutual_information",0.0,0.0,0.0,0.0,0.3931225310797629
intent_ACTION.TAPCORE.SYNC,0,0.07862450621595259,0.15724901243190517,644.2,68.65682777408232,"pearson_r, entropy_reduction_ratio, mutual_information",0.0,0.0,0.0,0.0,0.3931225310797629
intent_com.amir.nightjar.service.BUFFER_SERVICES,0,0.07862450621595259,0.15724901243190517,644.2,68.65682777408232,"pearson_r, entropy_reduction_ratio, mutual_information",0.0,0.0,0.0,0.0,0.3931225310797629
intent_com.amir.nightjar.service.CONFIG_SERVICES,0,0.07862450621595259,0.15724901243190517,644.2,68.65682777408232,"pearson_r, entropy_reduction_ratio, mutual_information",0.0,0.0,0.0,0.0,0.3931225310797629
intent_ACTION.TAPCORE.MESSAGE,0,0.07862450621595259,0.15724901243190517,644.2,68.65682777408232,"pearson_r, entropy_reduction_ratio, mutual_information",0.0,0.0,0.0,0.0,0.3931225310797629
perm_com.meizu.flyme.push.permission.RECEIVE,0,0.07862450621595259,0.15724901243190517,644.2,68.65682777408232,"pearson_r, entropy_reduction_ratio, mutual_information",0.0,0.0,0.0,0.0,0.3931225310797629
perm_com.huawei.launcher.permission.READ_SETTINGS,0,0.07862450621595259,0.15724901243190517,644.2,68.65682777408232,"pearson_r, entropy_reduction_ratio, mutual_information",0.0,0.0,0.0,0.0,0.3931225310797629
intent_com.evernote.android.job.ADD_JOB_CREATOR,0,0.07862450621595259,0.15724901243190517,644.2,68.65682777408232,"pearson_r, entropy_reduction_ratio, mutual_information",0.0,0.0,0.0,0.0,0.3931225310797629
perm_android.permission.DIAGNOSTIC,0,0.07862450621595259,0.15724901243190517,644.2,68.65682777408232,"pearson_r, entropy_reduction_ratio, mutual_information",0.0,0.0,0.0,0.0,0.3931225310797629
intent_downfile,0,0.07862450621595259,0.15724901243190517,644.2,68.65682777408232,"pearson_r, entropy_reduction_ratio, mutual_information",0.0,0.0,0.0,0.0,0.3931225310797629
intent_com.excelliance.appmate.share,0,0.07862450621595259,0.15724901243190517,644.2,68.65682777408232,"pearson_r, entropy_reduction_ratio, mutual_information",0.0,0.0,0.0,0.0,0.3931225310797629
intent_com.excelliance.kxqp.action.SmtCntService,0,0.07862450621595259,0.15724901243190517,644.2,68.65682777408232,"pearson_r, entropy_reduction_ratio, mutual_information",0.0,0.0,0.0,0.0,0.3931225310797629
intent_com.excelliance.kxqp.action.GENERIC,0,0.07862450621595259,0.15724901243190517,644.2,68.65682777408232,"pearson_r, entropy_reduction_ratio, mutual_information",0.0,0.0,0.0,0.0,0.3931225310797629
perm_com.facebook.katana.permission.RECEIVE_ADM_MESSAGE,0,0.07862450621595259,0.15724901243190517,644.2,68.65682777408232,"pearson_r, entropy_reduction_ratio, mutual_information",0.0,0.0,0.0,0.0,0.3931225310797629
perm_com.facebook.katana.permission.C2D_MESSAGE,0,0.07862450621595259,0.15724901243190517,644.2,68.65682777408232,"pearson_r, entropy_reduction_ratio, mutual_information",0.0,0.0,0.0,0.0,0.3931225310797629
intent_com.excelliance.kxqp.action.smtsrv,0,0.07862450621595259,0.15724901243190517,644.2,68.65682777408232,"pearson_r, entropy_reduction_ratio, mutual_information",0.0,0.0,0.0,0.0,0.3931225310797629
intent_com.excelliance.kxqp.action.smtcnt,0,0.07862450621595259,0.15724901243190517,644.2,68.65682777408232,"pearson_r, entropy_reduction_ratio, mutual_information",0.0,0.0,0.0,0.0,0.3931225310797629
perm_com.bbk.launcher2.permission.WRITE_SETTINGS,0,0.07862450621595259,0.15724901243190517,644.2,68.65682777408232,"pearson_r, entropy_reduction_ratio, mutual_information",0.0,0.0,0.0,0.0,0.3931225310797629
perm_android.permission.ACCESS_DOWNLOAD_MANAGER_ADVANCED,0,0.07862450621595259,0.15724901243190517,644.2,68.65682777408232,"pearson_r, entropy_reduction_ratio, mutual_information",0.0,0.0,0.0,0.0,0.3931225310797629
intent_co.ronash.pushe.RECEIVE,0,0.07862450621595259,0.15724901243190517,644.2,68.65682777408232,"pearson_r, entropy_reduction_ratio, mutual_information",0.0,0.0,0.0,0.0,0.3931225310797629
perm_com.aspire.mm.permission.READ_SETTINGS,0,0.07862450621595259,0.15724901243190517,644.2,68.65682777408232,"pearson_r, entropy_reduction_ratio, mutual_information",0.0,0.0,0.0,0.0,0.3931225310797629
perm_com.tencent.mm.wear.message,0,0.07862450621595259,0.15724901243190517,644.2,68.65682777408232,"pearson_r, entropy_reduction_ratio, mutual_information",0.0,0.0,0.0,0.0,0.3931225310797629
perm_com.baiqi.weather.permission.READ_SETTINGS,0,0.07862450621595259,0.15724901243190517,644.2,68.65682777408232,"pearson_r, entropy_reduction_ratio, mutual_information",0.0,0.0,0.0,0.0,0.3931225310797629
perm_com.motorola.mmsp.motoswitch.permission.READ_SETTINGS,0,0.07862450621595259,0.15724901243190517,644.2,68.65682777408232,"pearson_r, entropy_reduction_ratio, mutual_information",0.0,0.0,0.0,0.0,0.3931225310797629
perm_com.thunderst.launcher.permission.READ_SETTINGS,0,0.07862450621595259,0.15724901243190517,644.2,68.65682777408232,"pearson_r, entropy_reduction_ratio, mutual_information",0.0,0.0,0.0,0.0,0.3931225310797629
perm_com.motorola.dock.DesktopDock.permission.READ_SETTINGS,0,0.07862450621595259,0.15724901243190517,644.2,68.65682777408232,"pearson_r, entropy_reduction_ratio, mutual_information",0.0,0.0,0.0,0.0,0.3931225310797629
perm_android.permission.DOWNLOAD_CACHE_NON_PURGEABLE,0,0.07862450621595259,0.15724901243190517,644.2,68.65682777408232,"pearson_r, entropy_reduction_ratio, mutual_information",0.0,0.0,0.0,0.0,0.3931225310797629
intent_android.intent.action.IMEDIATE_NOTIFY_ALARM,0,0.07862450621595259,0.15724901243190517,644.2,68.65682777408232,"pearson_r, entropy_reduction_ratio, mutual_information",0.0,0.0,0.0,0.0,0.3931225310797629
perm_com.fx.launcher.permission.WRITE_SETTINGS,0,0.07862450621595259,0.15724901243190517,644.2,68.65682777408232,"pearson_r, entropy_reduction_ratio, mutual_information",0.0,0.0,0.0,0.0,0.3931225310797629
perm_com.yulong.android.launcher.permission.WRITE_SETTINGS,0,0.07862450621595259,0.15724901243190517,644.2,68.65682777408232,"pearson_r, entropy_reduction_ratio, mutual_information",0.0,0.0,0.0,0.0,0.3931225310797629
intent_android.intent.action.UPDATE_NOTIFICATION,0,0.07862450621595259,0.15724901243190517,644.2,68.65682777408232,"pearson_r, entropy_reduction_ratio, mutual_information",0.0,0.0,0.0,0.0,0.3931225310797629
perm_android.permission.WRITE_APN_SETTING,0,0.07862450621595259,0.15724901243190517,644.2,68.65682777408232,"pearson_r, entropy_reduction_ratio, mutual_information",0.0,0.0,0.0,0.0,0.3931225310797629
intent_selfupdate_notification_cancelled,0,0.07862450621595259,0.15724901243190517,644.2,68.65682777408232,"pearson_r, entropy_reduction_ratio, mutual_information",0.0,0.0,0.0,0.0,0.3931225310797629
perm_com.yulong2.android.launcher.permission.READ_SETTINGS,0,0.07862450621595259,0.15724901243190517,644.2,68.65682777408232,"pearson_r, entropy_reduction_ratio, mutual_information",0.0,0.0,0.0,0.0,0.3931225310797629
perm_com.motorola.dlauncher.permission.READ_SETTINGS,0,0.07862450621595259,0.15724901243190517,644.2,68.65682777408232,"pearson_r, entropy_reduction_ratio, mutual_information",0.0,0.0,0.0,0.0,0.3931225310797629
perm_com.tencent.mm.ext.permission.READ,0,0.07862450621595259,0.15724901243190517,644.2,68.65682777408232,"pearson_r, entropy_reduction_ratio, mutual_information",0.0,0.0,0.0,0.0,0.3931225310797629
perm_com.tencent.mm.ext.permission.WRITE,0,0.07862450621595259,0.15724901243190517,644.2,68.65682777408232,"pearson_r, entropy_reduction_ratio, mutual_information",0.0,0.0,0.0,0.0,0.3931225310797629
perm_com.tencent.mm.plugin.permission.READ,0,0.07862450621595259,0.15724901243190517,644.2,68.65682777408232,"pearson_r, entropy_reduction_ratio, mutual_information",0.0,0.0,0.0,0.0,0.3931225310797629
perm_com.tencent.mm.plugin.permission.WRITE,0,0.07862450621595259,0.15724901243190517,644.2,68.65682777408232,"pearson_r, entropy_reduction_ratio, mutual_information",0.0,0.0,0.0,0.0,0.3931225310797629
intent_com.baoruan.launcher3.ACTION_THEME,0,0.07862450621595259,0.15724901243190517,644.2,68.65682777408232,"pearson_r, entropy_reduction_ratio, mutual_information",0.0,0.0,0.0,0.0,0.3931225310797629
intent_android.Intent.ACTION_NEW_OUTGOING_CALL,0,0.07862450621595259,0.15724901243190517,644.2,68.65682777408232,"pearson_r, entropy_reduction_ratio, mutual_information",0.0,0.0,0.0,0.0,0.3931225310797629
perm_com.android.email.permission.READ_ATTACHMENT,0,0.07862450621595259,0.15724901243190517,644.2,68.65682777408232,"pearson_r, entropy_reduction_ratio, mutual_information",0.0,0.0,0.0,0.0,0.3931225310797629
perm_com.tencent.mm.permission.MM_MESSAGE,0,0.07862450621595259,0.15724901243190517,644.2,68.65682777408232,"pearson_r, entropy_reduction_ratio, mutual_information",0.0,0.0,0.0,0.0,0.3931225310797629
intent_show_fold,0,0.07862450621595259,0.15724901243190517,644.2,68.65682777408232,"pearson_r, entropy_reduction_ratio, mutual_information",0.0,0.0,0.0,0.0,0.3931225310797629
intent_com.excelliance.kxqp.action.swpmain,0,0.07862450621595259,0.15724901243190517,644.2,68.65682777408232,"pearson_r, entropy_reduction_ratio, mutual_information",0.0,0.0,0.0,0.0,0.3931225310797629
intent_com.excelliance.kxqp.action.swpsrv,0,0.07862450621595259,0.15724901243190517,644.2,68.65682777408232,"pearson_r, entropy_reduction_ratio, mutual_information",0.0,0.0,0.0,0.0,0.3931225310797629
intent_show_notificationcenter,0,0.07862450621595259,0.15724901243190517,644.2,68.65682777408232,"pearson_r, entropy_reduction_ratio, mutual_information",0.0,0.0,0.0,0.0,0.3931225310797629
perm_com.xgbuy.xg.permission.JPUSH_MESSAGE,0,0.07862450621595259,0.15724901243190517,644.2,68.65682777408232,"pearson_r, entropy_reduction_ratio, mutual_information",0.0,0.0,0.0,0.0,0.3931225310797629
intent_show_helpcontent,0,0.07862450621595259,0.15724901243190517,644.2,68.65682777408232,"pearson_r, entropy_reduction_ratio, mutual_information",0.0,0.0,0.0,0.0,0.3931225310797629
perm_com.lenovo.launcher.permission.WRITE_SETTINGS,0,0.07862450621595259,0.15724901243190517,644.2,68.65682777408232,"pearson_r, entropy_reduction_ratio, mutual_information",0.0,0.0,0.0,0.0,0.3931225310797629
perm_android.permission.MANAGE_DEVICE_ADMINS,0,0.07862450621595259,0.15724901243190517,644.2,68.65682777408232,"pearson_r, entropy_reduction_ratio, mutual_information",0.0,0.0,0.0,0.0,0.3931225310797629
intent_com.dzbook.service.PerpareDataService,0,0.07862450621595259,0.15724901243190517,644.2,68.65682777408232,"pearson_r, entropy_reduction_ratio, mutual_information",0.0,0.0,0.0,0.0,0.3931225310797629
intent_com.esbook.receiver.message,0,0.07862450621595259,0.15724901243190517,644.2,68.65682777408232,"pearson_r, entropy_reduction_ratio, mutual_information",0.0,0.0,0.0,0.0,0.3931225310797629
intent_com.esbook.receiver.CLICK_BOOK_UPDATE,0,0.07862450621595259,0.15724901243190517,644.2,68.65682777408232,"pearson_r, entropy_reduction_ratio, mutual_information",0.0,0.0,0.0,0.0,0.3931225310797629
intent_com.qihoo.commonservice.SERVICE,0,0.07862450621595259,0.15724901243190517,644.2,68.65682777408232,"pearson_r, entropy_reduction_ratio, mutual_information",0.0,0.0,0.0,0.0,0.3931225310797629
perm_android.permission.BAIDU_LOCATION_SERVICE,0,0.07862450621595259,0.15724901243190517,644.2,68.65682777408232,"pearson_r, entropy_reduction_ratio, mutual_information",0.0,0.0,0.0,0.0,0.3931225310797629
perm_com.miui.mihome2.permission.READ_SETTINGS,0,0.07862450621595259,0.15724901243190517,644.2,68.65682777408232,"pearson_r, entropy_reduction_ratio, mutual_information",0.0,0.0,0.0,0.0,0.3931225310797629
intent_pushy.me,0,0.07862450621595259,0.15724901243190517,644.2,68.65682777408232,"pearson_r, entropy_reduction_ratio, mutual_information",0.0,0.0,0.0,0.0,0.3931225310797629
intent_com.tencent.android.tpush.action.FEEDBACK,0,0.07862450621595259,0.15724901243190517,644.2,68.65682777408232,"pearson_r, entropy_reduction_ratio, mutual_information",0.0,0.0,0.0,0.0,0.3931225310797629
intent_com.tencent.android.tpush.action.PUSH_MESSAGE,0,0.07862450621595259,0.15724901243190517,644.2,68.65682777408232,"pearson_r, entropy_reduction_ratio, mutual_information",0.0,0.0,0.0,0.0,0.3931225310797629
intent_com.sogou.pushservice.action.METHOD,0,0.07862450621595259,0.15724901243190517,644.2,68.65682777408232,"pearson_r, entropy_reduction_ratio, mutual_information",0.0,0.0,0.0,0.0,0.3931225310797629
intent_show_lock,0,0.07862450621595259,0.15724901243190517,644.2,68.65682777408232,"pearson_r, entropy_reduction_ratio, mutual_information",0.0,0.0,0.0,0.0,0.3931225310797629
intent_com.yuetu.shentu.Intent.WECHAT_PAY,0,0.07862450621595259,0.15724901243190517,644.2,68.65682777408232,"pearson_r, entropy_reduction_ratio, mutual_information",0.0,0.0,0.0,0.0,0.3931225310797629
intent_com.qihoo.psdk.service.action.local,0,0.07862450621595259,0.15724901243190517,644.2,68.65682777408232,"pearson_r, entropy_reduction_ratio, mutual_information",0.0,0.0,0.0,0.0,0.3931225310797629
intent_show_about,0,0.07862450621595259,0.15724901243190517,644.2,68.65682777408232,"pearson_r, entropy_reduction_ratio, mutual_information",0.0,0.0,0.0,0.0,0.3931225310797629
intent_show_feedback,0,0.07862450621595259,0.15724901243190517,644.2,68.65682777408232,"pearson_r, entropy_reduction_ratio, mutual_information",0.0,0.0,0.0,0.0,0.3931225310797629
intent_com.huawei.android.push.intent.REGISTRATION,0,0.07862450621595259,0.15724901243190517,644.2,68.65682777408232,"pearson_r, entropy_reduction_ratio, mutual_information",0.0,0.0,0.0,0.0,0.3931225310797629
intent_com.huawei.android.push.intent.RECEIVE,0,0.07862450621595259,0.15724901243190517,644.2,68.65682777408232,"pearson_r, entropy_reduction_ratio, mutual_information",0.0,0.0,0.0,0.0,0.3931225310797629
intent_com.qihoo.sdkplugging.host.proxy.activity.VIEW,0,0.07862450621595259,0.15724901243190517,644.2,68.65682777408232,"pearson_r, entropy_reduction_ratio, mutual_information",0.0,0.0,0.0,0.0,0.3931225310797629
perm_android.permission.ACCESS_ALL_DOWNLOADS,0,0.07862450621595259,0.15724901243190517,644.2,68.65682777408232,"pearson_r, entropy_reduction_ratio, mutual_information",0.0,0.0,0.0,0.0,0.3931225310797629
intent_com.baidu.action.Xshield.VIEW,0,0.07862450621595259,0.15724901243190517,644.2,68.65682777408232,"pearson_r, entropy_reduction_ratio, mutual_information",0.0,0.0,0.0,0.0,0.3931225310797629
intent_com.xiaomi.hy.push.client.ONCLICK,0,0.07862450621595259,0.15724901243190517,644.2,68.65682777408232,"pearson_r, entropy_reduction_ratio, mutual_information",0.0,0.0,0.0,0.0,0.3931225310797629
intent_com.excelliance.dualaid.platform.gameplugin.action.START_FROM_SHORTCUT,0,0.07862450621595259,0.15724901243190517,644.2,68.65682777408232,"pearson_r, entropy_reduction_ratio, mutual_information",0.0,0.0,0.0,0.0,0.3931225310797629
intent_com.excelliance.dualaid.action.psjardl,0,0.07862450621595259,0.15724901243190517,644.2,68.65682777408232,"pearson_r, entropy_reduction_ratio, mutual_information",0.0,0.0,0.0,0.0,0.3931225310797629
intent_com.excelliance.dualaid.action.download,0,0.07862450621595259,0.15724901243190517,644.2,68.65682777408232,"pearson_r, entropy_reduction_ratio, mutual_information",0.0,0.0,0.0,0.0,0.3931225310797629
intent_com.excelliance.dualaid.action.notifystatus,0,0.07862450621595259,0.15724901243190517,644.2,68.65682777408232,"pearson_r, entropy_reduction_ratio, mutual_information",0.0,0.0,0.0,0.0,0.3931225310797629
intent_com.excelliance.dualaid.action.appcrash,0,0.07862450621595259,0.15724901243190517,644.2,68.65682777408232,"pearson_r, entropy_reduction_ratio, mutual_information",0.0,0.0,0.0,0.0,0.3931225310797629
intent_com.example.servicejar.action.SHORTCUT_CLICKED,0,0.07862450621595259,0.15724901243190517,644.2,68.65682777408232,"pearson_r, entropy_reduction_ratio, mutual_information",0.0,0.0,0.0,0.0,0.3931225310797629
intent_com.example.servicejar.action.START_ASSIST,0,0.07862450621595259,0.15724901243190517,644.2,68.65682777408232,"pearson_r, entropy_reduction_ratio, mutual_information",0.0,0.0,0.0,0.0,0.3931225310797629
intent_com.example.servicejar.action.START_SPIRIT,0,0.07862450621595259,0.15724901243190517,644.2,68.65682777408232,"pearson_r, entropy_reduction_ratio, mutual_information",0.0,0.0,0.0,0.0,0.3931225310797629
perm_com.android.agedlauncher.permission.WRITE_SETTINGS,0,0.07862450621595259,0.15724901243190517,644.2,68.65682777408232,"pearson_r, entropy_reduction_ratio, mutual_information",0.0,0.0,0.0,0.0,0.3931225310797629
perm_com.xiaomi.permission.AUTH_SERVICE,0,0.07862450621595259,0.15724901243190517,644.2,68.65682777408232,"pearson_r, entropy_reduction_ratio, mutual_information",0.0,0.0,0.0,0.0,0.3931225310797629
intent_androidx.work.impl.background.systemalarm.UpdateProxies,0,0.07862450621595259,0.15724901243190517,644.2,68.65682777408232,"pearson_r, entropy_reduction_ratio, mutual_information",0.0,0.0,0.0,0.0,0.3931225310797629
intent_cn.xiaoneng.xpush.service,0,0.07862450621595259,0.15724901243190517,644.2,68.65682777408232,"pearson_r, entropy_reduction_ratio, mutual_information",0.0,0.0,0.0,0.0,0.3931225310797629
intent_com.excelliance.dualaid.action.phone_res_download,0,0.07862450621595259,0.15724901243190517,644.2,68.65682777408232,"pearson_r, entropy_reduction_ratio, mutual_information",0.0,0.0,0.0,0.0,0.3931225310797629
intent_com.getui.gtc.sdk.service.action,0,0.07862450621595259,0.15724901243190517,644.2,68.65682777408232,"pearson_r, entropy_reduction_ratio, mutual_information",0.0,0.0,0.0,0.0,0.3931225310797629
intent_cn.jpush.android.intent.NOTIFICATION_CLICK_ACTION,0,0.07862450621595259,0.15724901243190517,644.2,68.65682777408232,"pearson_r, entropy_reduction_ratio, mutual_information",0.0,0.0,0.0,0.0,0.3931225310797629
intent_android.intent.action.mainintentex,0,0.07862450621595259,0.15724901243190517,644.2,68.65682777408232,"pearson_r, entropy_reduction_ratio, mutual_information",0.0,0.0,0.0,0.0,0.3931225310797629
perm_android.Manifest.permission.READ_PHONE_NUMBERS,0,0.07862450621595259,0.15724901243190517,644.2,68.65682777408232,"pearson_r, entropy_reduction_ratio, mutual_information",0.0,0.0,0.0,0.0,0.3931225310797629
intent_show_moresetting,0,0.07862450621595259,0.15724901243190517,644.2,68.65682777408232,"pearson_r, entropy_reduction_ratio, mutual_information",0.0,0.0,0.0,0.0,0.3931225310797629
perm_android.Manifest.permission.READ_SMS,0,0.07862450621595259,0.15724901243190517,644.2,68.65682777408232,"pearson_r, entropy_reduction_ratio, mutual_information",0.0,0.0,0.0,0.0,0.3931225310797629
intent_com.areametrics.areametricssdk.AMLocationUpdatesBroadcastReceiver.PROCESS_UPDATES,0,0.07862450621595259,0.15724901243190517,644.2,68.65682777408232,"pearson_r, entropy_reduction_ratio, mutual_information",0.0,0.0,0.0,0.0,0.3931225310797629
perm_com.android.permission.WRITE_APN_SETTINGS,0,0.07862450621595259,0.15724901243190517,644.2,68.65682777408232,"pearson_r, entropy_reduction_ratio, mutual_information",0.0,0.0,0.0,0.0,0.3931225310797629
intent_show_taskmanagerwhitelist,0,0.07862450621595259,0.15724901243190517,644.2,68.65682777408232,"pearson_r, entropy_reduction_ratio, mutual_information",0.0,0.0,0.0,0.0,0.3931225310797629
intent_android.intent.action.apservice,0,0.07862450621595259,0.15724901243190517,644.2,68.65682777408232,"pearson_r, entropy_reduction_ratio, mutual_information",0.0,0.0,0.0,0.0,0.3931225310797629
intent_com.meizu.c2dm.intent.RECEIVE,0,0.07862450621595259,0.15724901243190517,644.2,68.65682777408232,"pearson_r, entropy_reduction_ratio, mutual_information",0.0,0.0,0.0,0.0,0.3931225310797629
intent_com.meizu.c2dm.intent.REGISTRATION,0,0.07862450621595259,0.15724901243190517,644.2,68.65682777408232,"pearson_r, entropy_reduction_ratio, mutual_information",0.0,0.0,0.0,0.0,0.3931225310797629
intent_com.baidu.action.Techain.VIEW,0,0.07862450621595259,0.15724901243190517,644.2,68.65682777408232,"pearson_r, entropy_reduction_ratio, mutual_information",0.0,0.0,0.0,0.0,0.3931225310797629
intent_android.intent.action.UMS_DISCONNECTED,0,0.07862450621595259,0.15724901243190517,644.2,68.65682777408232,"pearson_r, entropy_reduction_ratio, mutual_information",0.0,0.0,0.0,0.0,0.3931225310797629
intent_com.meizu.flyme.push.intent.MESSAGE,0,0.07862450621595259,0.15724901243190517,644.2,68.65682777408232,"pearson_r, entropy_reduction_ratio, mutual_information",0.0,0.0,0.0,0.0,0.3931225310797629
intent_com.meizu.flyme.push.intent.REGISTER.FEEDBACK,0,0.07862450621595259,0.15724901243190517,644.2,68.65682777408232,"pearson_r, entropy_reduction_ratio, mutual_information",0.0,0.0,0.0,0.0,0.3931225310797629
intent_com.meizu.flyme.push.intent.UNREGISTER.FEEDBACK,0,0.07862450621595259,0.15724901243190517,644.2,68.65682777408232,"pearson_r, entropy_reduction_ratio, mutual_information",0.0,0.0,0.0,0.0,0.3931225310797629
intent_android.intent.action.ACTION_PACKAGE_ADDED,0,0.07862450621595259,0.15724901243190517,644.2,68.65682777408232,"pearson_r, entropy_reduction_ratio, mutual_information",0.0,0.0,0.0,0.0,0.3931225310797629
intent_com.mobiletool.appstore.action.extend,0,0.07862450621595259,0.15724901243190517,644.2,68.65682777408232,"pearson_r, entropy_reduction_ratio, mutual_information",0.0,0.0,0.0,0.0,0.3931225310797629
intent_com.mobiletool.appstore.service.weatherservice,0,0.07862450621595259,0.15724901243190517,644.2,68.65682777408232,"pearson_r, entropy_reduction_ratio, mutual_information",0.0,0.0,0.0,0.0,0.3931225310797629
intent_com.mobiletool.appstore.service.weathernotifyreceiver,0,0.07862450621595259,0.15724901243190517,644.2,68.65682777408232,"pearson_r, entropy_reduction_ratio, mutual_information",0.0,0.0,0.0,0.0,0.3931225310797629
perm_android.permission.WRITE_APN_STORAGE,0,0.07862450621595259,0.15724901243190517,644.2,68.65682777408232,"pearson_r, entropy_reduction_ratio, mutual_information",0.0,0.0,0.0,0.0,0.3931225310797629
intent_com.mobiletool.appstore.highspeed,0,0.07862450621595259,0.15724901243190517,644.2,68.65682777408232,"pearson_r, entropy_reduction_ratio, mutual_information",0.0,0.0,0.0,0.0,0.3931225310797629
intent_com.mobiletool.appstore.intent.action.COMMAND,0,0.07862450621595259,0.15724901243190517,644.2,68.65682777408232,"pearson_r, entropy_reduction_ratio, mutual_information",0.0,0.0,0.0,0.0,0.3931225310797629
intent_com.qihoo.sdkplugging.host.service.CommonHostProxyService,0,0.07862450621595259,0.15724901243190517,644.2,68.65682777408232,"pearson_r, entropy_reduction_ratio, mutual_information",0.0,0.0,0.0,0.0,0.3931225310797629
intent_com.mobiletool.appstore.action.backtomarket,0,0.07862450621595259,0.15724901243190517,644.2,68.65682777408232,"pearson_r, entropy_reduction_ratio, mutual_information",0.0,0.0,0.0,0.0,0.3931225310797629
intent_com.mobiletool.appstore.action.download,0,0.07862450621595259,0.15724901243190517,644.2,68.65682777408232,"pearson_r, entropy_reduction_ratio, mutual_information",0.0,0.0,0.0,0.0,0.3931225310797629
intent_com.mobiletool.appstore.action.topicdetail,0,0.07862450621595259,0.15724901243190517,644.2,68.65682777408232,"pearson_r, entropy_reduction_ratio, mutual_information",0.0,0.0,0.0,0.0,0.3931225310797629
intent_android.intent.action.ACTION_MEDIA_EJECT,0,0.07862450621595259,0.15724901243190517,644.2,68.65682777408232,"pearson_r, entropy_reduction_ratio, mutual_information",0.0,0.0,0.0,0.0,0.3931225310797629
intent_com.mobiletool.appstore.action.sdk,0,0.07862450621595259,0.15724901243190517,644.2,68.65682777408232,"pearson_r, entropy_reduction_ratio, mutual_information",0.0,0.0,0.0,0.0,0.3931225310797629
intent_com.esbook.receiver.CLICK_DOWN_BOOK,0,0.07862450621595259,0.15724901243190517,644.2,68.65682777408232,"pearson_r, entropy_reduction_ratio, mutual_information",0.0,0.0,0.0,0.0,0.3931225310797629
intent_intent.action.HEJU,0,0.07862450621595259,0.15724901243190517,644.2,68.65682777408232,"pearson_r, entropy_reduction_ratio, mutual_information",0.0,0.0,0.0,0.0,0.3931225310797629
intent_org.agoo.android.intent.action.RE_ELECTION_V2,0,0.07862450621595259,0.15724901243190517,644.2,68.65682777408232,"pearson_r, entropy_reduction_ratio, mutual_information",0.0,0.0,0.0,0.0,0.3931225310797629
perm_com.facebook.permission.prod.FB_APP_COMMUNICATION,0,0.07862450621595259,0.15724901243190517,644.2,68.65682777408232,"pearson_r, entropy_reduction_ratio, mutual_information",0.0,0.0,0.0,0.0,0.3931225310797629
perm_android.permission.REBOOT_IPO,0,0.07862450621595259,0.15724901243190517,644.2,68.65682777408232,"pearson_r, entropy_reduction_ratio, mutual_information",0.0,0.0,0.0,0.0,0.3931225310797629
perm_com.android.broswer.permission.WRITE_HISTORY_BOOKMARKS,0,0.07862450621595259,0.15724901243190517,644.2,68.65682777408232,"pearson_r, entropy_reduction_ratio, mutual_information",0.0,0.0,0.0,0.0,0.3931225310797629
intent_com.huawei.android.push.intent.CLICK,0,0.07862450621595259,0.15724901243190517,644.2,68.65682777408232,"pearson_r, entropy_reduction_ratio, mutual_information",0.0,0.0,0.0,0.0,0.3931225310797629
intent_com.kingroot.common.ACTION_NEW_APP_STARTED,0,0.07862450621595259,0.15724901243190517,644.2,68.65682777408232,"pearson_r, entropy_reduction_ratio, mutual_information",0.0,0.0,0.0,0.0,0.3931225310797629
intent_com.kingroot.kinguser.gamebox.ACTION_GAME_ADDED,0,0.07862450621595259,0.15724901243190517,644.2,68.65682777408232,"pearson_r, entropy_reduction_ratio, mutual_information",0.0,0.0,0.0,0.0,0.3931225310797629
intent_com.kingroot.kinguser.action.update,0,0.07862450621595259,0.15724901243190517,644.2,68.65682777408232,"pearson_r, entropy_reduction_ratio, mutual_information",0.0,0.0,0.0,0.0,0.3931225310797629
intent_com.kingroot.common.ACTION_TOP_APP_CHANGED,0,0.07862450621595259,0.15724901243190517,644.2,68.65682777408232,"pearson_r, entropy_reduction_ratio, mutual_information",0.0,0.0,0.0,0.0,0.3931225310797629
intent_com.kingroot.common.ACTION_TOP_ACTIVITY_CHANGED,0,0.07862450621595259,0.15724901243190517,644.2,68.65682777408232,"pearson_r, entropy_reduction_ratio, mutual_information",0.0,0.0,0.0,0.0,0.3931225310797629
intent_com.kingroot.common.ACTION_SWITCH_OUT_DESKTOP,0,0.07862450621595259,0.15724901243190517,644.2,68.65682777408232,"pearson_r, entropy_reduction_ratio, mutual_information",0.0,0.0,0.0,0.0,0.3931225310797629
intent_com.kingroot.common.ACTION_NOTIFY_OUT_SELF_APP_BY_MAIN,0,0.07862450621595259,0.15724901243190517,644.2,68.65682777408232,"pearson_r, entropy_reduction_ratio, mutual_information",0.0,0.0,0.0,0.0,0.3931225310797629
intent_com.onesignal.NotificationExtender,0,0.07862450621595259,0.15724901243190517,644.2,68.65682777408232,"pearson_r, entropy_reduction_ratio, mutual_information",0.0,0.0,0.0,0.0,0.3931225310797629
intent_org.agoo.android.intent.action.ELECTION_V2,0,0.07862450621595259,0.15724901243190517,644.2,68.65682777408232,"pearson_r, entropy_reduction_ratio, mutual_information",0.0,0.0,0.0,0.0,0.3931225310797629
perm_qiku.permission.ACCESS_QKPARAMS,0,0.07862450621595259,0.15724901243190517,644.2,68.65682777408232,"pearson_r, entropy_reduction_ratio, mutual_information",0.0,0.0,0.0,0.0,0.3931225310797629
intent_com.excelliance.open.action.dmchk,0,0.07862450621595259,0.15724901243190517,644.2,68.65682777408232,"pearson_r, entropy_reduction_ratio, mutual_information",0.0,0.0,0.0,0.0,0.3931225310797629
intent_com.excelliance.open.action.apkverchk,0,0.07862450621595259,0.15724901243190517,644.2,68.65682777408232,"pearson_r, entropy_reduction_ratio, mutual_information",0.0,0.0,0.0,0.0,0.3931225310797629
intent_com.excelliance.open.NEXT_CHAPTER,0,0.07862450621595259,0.15724901243190517,644.2,68.65682777408232,"pearson_r, entropy_reduction_ratio, mutual_information",0.0,0.0,0.0,0.0,0.3931225310797629
intent_android.intent.action.CONFIGURATION_CHANGED,0,0.07862450621595259,0.15724901243190517,644.2,68.65682777408232,"pearson_r, entropy_reduction_ratio, mutual_information",0.0,0.0,0.0,0.0,0.3931225310797629
intent_com.sogou.passport.service.upload,0,0.07862450621595259,0.15724901243190517,644.2,68.65682777408232,"pearson_r, entropy_reduction_ratio, mutual_information",0.0,0.0,0.0,0.0,0.3931225310797629
intent_com.ss.android.socialbase.downloader.remote,0,0.07862450621595259,0.15724901243190517,644.2,68.65682777408232,"pearson_r, entropy_reduction_ratio, mutual_information",0.0,0.0,0.0,0.0,0.3931225310797629
perm_com.kingroot.kinguser.permission.activityCalled,0,0.07862450621595259,0.15724901243190517,644.2,68.65682777408232,"pearson_r, entropy_reduction_ratio, mutual_information",0.0,0.0,0.0,0.0,0.3931225310797629
intent_com.chance.service,0,0.07862450621595259,0.15724901243190517,644.2,68.65682777408232,"pearson_r, entropy_reduction_ratio, mutual_information",0.0,0.0,0.0,0.0,0.3931225310797629
perm_com.kingroot.kinguser.permission.REQUEST,0,0.07862450621595259,0.15724901243190517,644.2,68.65682777408232,"pearson_r, entropy_reduction_ratio, mutual_information",0.0,0.0,0.0,0.0,0.3931225310797629
intent_com.sogou.androidtool.action.appdetail,0,0.07862450621595259,0.15724901243190517,644.2,68.65682777408232,"pearson_r, entropy_reduction_ratio, mutual_information",0.0,0.0,0.0,0.0,0.3931225310797629
perm_com.excelliance.dualaid.assist,0,0.07862450621595259,0.15724901243190517,644.2,68.65682777408232,"pearson_r, entropy_reduction_ratio, mutual_information",0.0,0.0,0.0,0.0,0.3931225310797629
intent_com.sogou.androidtool.action.BackgroundService,0,0.07862450621595259,0.15724901243190517,644.2,68.65682777408232,"pearson_r, entropy_reduction_ratio, mutual_information",0.0,0.0,0.0,0.0,0.3931225310797629
intent_com.kingroot.master.action.TRAFFIC_STATISTICS,0,0.07862450621595259,0.15724901243190517,644.2,68.65682777408232,"pearson_r, entropy_reduction_ratio, mutual_information",0.0,0.0,0.0,0.0,0.3931225310797629
intent_com.kingroot.kinguser.SU_REQUEST,0,0.07862450621595259,0.15724901243190517,644.2,68.65682777408232,"pearson_r, entropy_reduction_ratio, mutual_information",0.0,0.0,0.0,0.0,0.3931225310797629
intent_com.sogou.androidtool.action.service,0,0.07862450621595259,0.15724901243190517,644.2,68.65682777408232,"pearson_r, entropy_reduction_ratio, mutual_information",0.0,0.0,0.0,0.0,0.3931225310797629
intent_com.sogou.androidtool.service.weathernotifyreceiver,0,0.07862450621595259,0.15724901243190517,644.2,68.65682777408232,"pearson_r, entropy_reduction_ratio, mutual_information",0.0,0.0,0.0,0.0,0.3931225310797629
intent_com.qihoo.appstore.ACTION_STABLE_NOTIFICATION_CLICK,0,0.07862450621595259,0.15724901243190517,644.2,68.65682777408232,"pearson_r, entropy_reduction_ratio, mutual_information",0.0,0.0,0.0,0.0,0.3931225310797629
intent_com.qihoo.appstore.ACTION_CHARGE_START_PLUGIN,0,0.07862450621595259,0.15724901243190517,644.2,68.65682777408232,"pearson_r, entropy_reduction_ratio, mutual_information",0.0,0.0,0.0,0.0,0.3931225310797629
intent_com.qihoo.appstore.ACTION_CHARGE_SHOW_TIPS_DLG,0,0.07862450621595259,0.15724901243190517,644.2,68.65682777408232,"pearson_r, entropy_reduction_ratio, mutual_information",0.0,0.0,0.0,0.0,0.3931225310797629
perm_android.permission.ADDINSTALLKEY,0,0.07862450621595259,0.15724901243190517,644.2,68.65682777408232,"pearson_r, entropy_reduction_ratio, mutual_information",0.0,0.0,0.0,0.0,0.3931225310797629
intent_com.qihoo.appstore.ACTION_WX_CLEAR,0,0.07862450621595259,0.15724901243190517,644.2,68.65682777408232,"pearson_r, entropy_reduction_ratio, mutual_information",0.0,0.0,0.0,0.0,0.3931225310797629
intent_com.secneo.plugin.action.DAILY,0,0.07862450621595259,0.15724901243190517,644.2,68.65682777408232,"pearson_r, entropy_reduction_ratio, mutual_information",0.0,0.0,0.0,0.0,0.3931225310797629
intent_com.secneo.plugin.action.HOURLY,0,0.07862450621595259,0.15724901243190517,644.2,68.65682777408232,"pearson_r, entropy_reduction_ratio, mutual_information",0.0,0.0,0.0,0.0,0.3931225310797629
intent_com.sogou.androidtool.action.wap,0,0.07862450621595259,0.15724901243190517,644.2,68.65682777408232,"pearson_r, entropy_reduction_ratio, mutual_information",0.0,0.0,0.0,0.0,0.3931225310797629
intent_com.excelliance.dualaid.b64.action.update.done,0,0.07862450621595259,0.15724901243190517,644.2,68.65682777408232,"pearson_r, entropy_reduction_ratio, mutual_information",0.0,0.0,0.0,0.0,0.3931225310797629
intent_com.sogou.androidtool.browser.highspeed,0,0.07862450621595259,0.15724901243190517,644.2,68.65682777408232,"pearson_r, entropy_reduction_ratio, mutual_information",0.0,0.0,0.0,0.0,0.3931225310797629
intent_com.qihoo.appstore.launcher.shortcut.HAOWU,0,0.07862450621595259,0.15724901243190517,644.2,68.65682777408232,"pearson_r, entropy_reduction_ratio, mutual_information",0.0,0.0,0.0,0.0,0.3931225310797629
intent_com.qihoo.appstore.msplugin.install,0,0.07862450621595259,0.15724901243190517,644.2,68.65682777408232,"pearson_r, entropy_reduction_ratio, mutual_information",0.0,0.0,0.0,0.0,0.3931225310797629
intent_com.qihoo.appstore.utils.ActivityBroadcastReceiver.ACTION_INTENT_TRANSFER,0,0.07862450621595259,0.15724901243190517,644.2,68.65682777408232,"pearson_r, entropy_reduction_ratio, mutual_information",0.0,0.0,0.0,0.0,0.3931225310797629
intent_com.qihoo360.daemon.pcdaemon.ACTION_START_FROM_NOTIFICATION,0,0.07862450621595259,0.15724901243190517,644.2,68.65682777408232,"pearson_r, entropy_reduction_ratio, mutual_information",0.0,0.0,0.0,0.0,0.3931225310797629
intent_com.qihoo.appstore.ACTION_LOCK_SCREEN_AD_ADD_LISTENER,0,0.07862450621595259,0.15724901243190517,644.2,68.65682777408232,"pearson_r, entropy_reduction_ratio, mutual_information",0.0,0.0,0.0,0.0,0.3931225310797629
intent_com.sogou.androidtool.service.weatherservice,0,0.07862450621595259,0.15724901243190517,644.2,68.65682777408232,"pearson_r, entropy_reduction_ratio, mutual_information",0.0,0.0,0.0,0.0,0.3931225310797629
intent_com.sjm.avplay.SHOW_ACTIVITY,0,0.07862450621595259,0.15724901243190517,644.2,68.65682777408232,"pearson_r, entropy_reduction_ratio, mutual_information",0.0,0.0,0.0,0.0,0.3931225310797629
perm_com.huaqin.launcherEx.permission.WRITE_SETTINGS,0,0.07862450621595259,0.15724901243190517,644.2,68.65682777408232,"pearson_r, entropy_reduction_ratio, mutual_information",0.0,0.0,0.0,0.0,0.3931225310797629
perm_android.permission.SET_ACTIVITY_WATCHER,0,0.07862450621595259,0.15724901243190517,644.2,68.65682777408232,"pearson_r, entropy_reduction_ratio, mutual_information",0.0,0.0,0.0,0.0,0.3931225310797629
intent_android.intent.action.INPUT_METHOD_CHANGED,0,0.07862450621595259,0.15724901243190517,644.2,68.65682777408232,"pearson_r, entropy_reduction_ratio, mutual_information",0.0,0.0,0.0,0.0,0.3931225310797629
perm_com.android.launcher2.permission.UNINSTALL_SHORTCUT,0,0.07862450621595259,0.15724901243190517,644.2,68.65682777408232,"pearson_r, entropy_reduction_ratio, mutual_information",0.0,0.0,0.0,0.0,0.3931225310797629
intent_com.excelliance.dualaid.act.action.ext,0,0.07862450621595259,0.15724901243190517,644.2,68.65682777408232,"pearson_r, entropy_reduction_ratio, mutual_information",0.0,0.0,0.0,0.0,0.3931225310797629
intent_com.kingroot.ACTION_SERVICE_PSS_RECORD,0,0.07862450621595259,0.15724901243190517,644.2,68.65682777408232,"pearson_r, entropy_reduction_ratio, mutual_information",0.0,0.0,0.0,0.0,0.3931225310797629
intent_android.net.wifi.PICK_WIFI_WORK,0,0.07862450621595259,0.15724901243190517,644.2,68.65682777408232,"pearson_r, entropy_reduction_ratio, mutual_information",0.0,0.0,0.0,0.0,0.3931225310797629
intent_com.kinguser.kingroot.ACTION_INSTALL,0,0.07862450621595259,0.15724901243190517,644.2,68.65682777408232,"pearson_r, entropy_reduction_ratio, mutual_information",0.0,0.0,0.0,0.0,0.3931225310797629
perm_ANDROID.PERMISSION.SEND_SMS,0,0.07862450621595259,0.15724901243190517,644.2,68.65682777408232,"pearson_r, entropy_reduction_ratio, mutual_information",0.0,0.0,0.0,0.0,0.3931225310797629
intent_android.provider.Telephony.WAP_PUSH_RECEIVED,0,0.07862450621595259,0.15724901243190517,644.2,68.65682777408232,"pearson_r, entropy_reduction_ratio, mutual_information",0.0,0.0,0.0,0.0,0.3931225310797629
perm_com.android.launcher2.permission.INSTALL_SHORTCUT,0,0.07862450621595259,0.15724901243190517,644.2,68.65682777408232,"pearson_r, entropy_reduction_ratio, mutual_information",0.0,0.0,0.0,0.0,0.3931225310797629
intent_com.urbanairship.push.CHANNEL_UPDATED,0,0.07862450621595259,0.15724901243190517,644.2,68.65682777408232,"pearson_r, entropy_reduction_ratio, mutual_information",0.0,0.0,0.0,0.0,0.3931225310797629
intent_com.android.deskclock.ALARM_SNOOZE,0,0.07862450621595259,0.15724901243190517,644.2,68.65682777408232,"pearson_r, entropy_reduction_ratio, mutual_information",0.0,0.0,0.0,0.0,0.3931225310797629
intent_com.excelliance.open.action.queryUpdate,0,0.07862450621595259,0.15724901243190517,644.2,68.65682777408232,"pearson_r, entropy_reduction_ratio, mutual_information",0.0,0.0,0.0,0.0,0.3931225310797629
intent_com.excelliance.open.action.fw,0,0.07862450621595259,0.15724901243190517,644.2,68.65682777408232,"pearson_r, entropy_reduction_ratio, mutual_information",0.0,0.0,0.0,0.0,0.3931225310797629
intent_com.urbanairship.push.DISMISSED,0,0.07862450621595259,0.15724901243190517,644.2,68.65682777408232,"pearson_r, entropy_reduction_ratio, mutual_information",0.0,0.0,0.0,0.0,0.3931225310797629
perm_android.permission.BIND_JOB_SERVICE,0,0.07862450621595259,0.15724901243190517,644.2,68.65682777408232,"pearson_r, entropy_reduction_ratio, mutual_information",0.0,0.0,0.0,0.0,0.3931225310797629
perm_baidu.push.permission.WRITE_PUSHINFOPROVIDER.com.esbook.reader,0,0.07862450621595259,0.15724901243190517,644.2,68.65682777408232,"pearson_r, entropy_reduction_ratio, mutual_information",0.0,0.0,0.0,0.0,0.3931225310797629
intent_android.intent.action.SEND_TO_KPSH,0,0.07862450621595259,0.15724901243190517,644.2,68.65682777408232,"pearson_r, entropy_reduction_ratio, mutual_information",0.0,0.0,0.0,0.0,0.3931225310797629
intent_android.intent.action.USER_CLEARNOTIFY,0,0.07862450621595259,0.15724901243190517,644.2,68.65682777408232,"pearson_r, entropy_reduction_ratio, mutual_information",0.0,0.0,0.0,0.0,0.3931225310797629
intent_com.ez.sj,0,0.07862450621595259,0.15724901243190517,644.2,68.65682777408232,"pearson_r, entropy_reduction_ratio, mutual_information",0.0,0.0,0.0,0.0,0.3931225310797629
intent_android.intent.action.CHECK_RECEIVER,0,0.07862450621595259,0.15724901243190517,644.2,68.65682777408232,"pearson_r, entropy_reduction_ratio, mutual_information",0.0,0.0,0.0,0.0,0.3931225310797629
intent_android.intent.action.TIME_TICK,0,0.07862450621595259,0.15724901243190517,644.2,68.65682777408232,"pearson_r, entropy_reduction_ratio, mutual_information",0.0,0.0,0.0,0.0,0.3931225310797629
intent_com.meizu.cloud.pushservice.action.PUSH_SERVICE_START,0,0.07862450621595259,0.15724901243190517,644.2,68.65682777408232,"pearson_r, entropy_reduction_ratio, mutual_information",0.0,0.0,0.0,0.0,0.3931225310797629
intent_android.fbreader.action.PLUGIN_CRASH,0,0.07862450621595259,0.15724901243190517,644.2,68.65682777408232,"pearson_r, entropy_reduction_ratio, mutual_information",0.0,0.0,0.0,0.0,0.3931225310797629
intent_com.excelliance.open.action.startNextChapter,0,0.07862450621595259,0.15724901243190517,644.2,68.65682777408232,"pearson_r, entropy_reduction_ratio, mutual_information",0.0,0.0,0.0,0.0,0.3931225310797629
intent_com.excelliance.open.action.startPromptActivity,0,0.07862450621595259,0.15724901243190517,644.2,68.65682777408232,"pearson_r, entropy_reduction_ratio, mutual_information",0.0,0.0,0.0,0.0,0.3931225310797629
intent_com.areametrics.areametricssdk.AMLocationUpdatesBroadcastReceiver.ACTION_PROCESS_UPDATES,0,0.07862450621595259,0.15724901243190517,644.2,68.65682777408232,"pearson_r, entropy_reduction_ratio, mutual_information",0.0,0.0,0.0,0.0,0.3931225310797629
intent_com.excelliance.kxqp.action.space.stat,0,0.07862450621595259,0.15724901243190517,644.2,68.65682777408232,"pearson_r, entropy_reduction_ratio, mutual_information",0.0,0.0,0.0,0.0,0.3931225310797629
intent_com.excelliance.kxqp.action.time,0,0.07862450621595259,0.15724901243190517,644.2,68.65682777408232,"pearson_r, entropy_reduction_ratio, mutual_information",0.0,0.0,0.0,0.0,0.3931225310797629
intent_com.yulong.mms.NEW_MESSAGE_EXTERNAL,0,0.07862450621595259,0.15724901243190517,644.2,68.65682777408232,"pearson_r, entropy_reduction_ratio, mutual_information",0.0,0.0,0.0,0.0,0.3931225310797629
intent_LOCATION_SERVICE,0,0.07862450621595259,0.15724901243190517,644.2,68.65682777408232,"pearson_r, entropy_reduction_ratio, mutual_information",0.0,0.0,0.0,0.0,0.3931225310797629
intent_android.settings.SYNC_SETTINGS,0,0.07862450621595259,0.15724901243190517,644.2,68.65682777408232,"pearson_r, entropy_reduction_ratio, mutual_information",0.0,0.0,0.0,0.0,0.3931225310797629
intent_com.excelliance.kxqp.action.explore,0,0.07862450621595259,0.15724901243190517,644.2,68.65682777408232,"pearson_r, entropy_reduction_ratio, mutual_information",0.0,0.0,0.0,0.0,0.3931225310797629
intent_com.excelliance.kxqp.action.gp,0,0.07862450621595259,0.15724901243190517,644.2,68.65682777408232,"pearson_r, entropy_reduction_ratio, mutual_information",0.0,0.0,0.0,0.0,0.3931225310797629
intent_com.excelliance.kxqp.action.navback,0,0.07862450621595259,0.15724901243190517,644.2,68.65682777408232,"pearson_r, entropy_reduction_ratio, mutual_information",0.0,0.0,0.0,0.0,0.3931225310797629
intent_com.telecom.sdk_auth_ui.SMS_UNSUB_SEND_RESULT_ACTION,0,0.07862450621595259,0.15724901243190517,644.2,68.65682777408232,"pearson_r, entropy_reduction_ratio, mutual_information",0.0,0.0,0.0,0.0,0.3931225310797629
intent_android.intent.action.START_PCM_PLAY_SERVICE,0,0.07862450621595259,0.15724901243190517,644.2,68.65682777408232,"pearson_r, entropy_reduction_ratio, mutual_information",0.0,0.0,0.0,0.0,0.3931225310797629
intent_pre_add_game_uninstalled,0,0.07862450621595259,0.15724901243190517,644.2,68.65682777408232,"pearson_r, entropy_reduction_ratio, mutual_information",0.0,0.0,0.0,0.0,0.3931225310797629
perm_com.tencent.mtt.extension.Player,0,0.07862450621595259,0.15724901243190517,644.2,68.65682777408232,"pearson_r, entropy_reduction_ratio, mutual_information",0.0,0.0,0.0,0.0,0.3931225310797629
perm_android.permission.INJECT_EVENTS,0,0.07862450621595259,0.15724901243190517,644.2,68.65682777408232,"pearson_r, entropy_reduction_ratio, mutual_information",0.0,0.0,0.0,0.0,0.3931225310797629
perm_android.Manifest.permission.READ_PHONE_STATE,0,0.07862450621595259,0.15724901243190517,644.2,68.65682777408232,"pearson_r, entropy_reduction_ratio, mutual_information",0.0,0.0,0.0,0.0,0.3931225310797629
intent_com.android.utils.hades.ACTION_REGISTER_IMPLICIT_RECEIVERS,0,0.07862450621595259,0.15724901243190517,644.2,68.65682777408232,"pearson_r, entropy_reduction_ratio, mutual_information",0.0,0.0,0.0,0.0,0.3931225310797629
intent_com.cootek.smartinputv5.action.SP.DESTROY,0,0.07862450621595259,0.15724901243190517,644.2,68.65682777408232,"pearson_r, entropy_reduction_ratio, mutual_information",0.0,0.0,0.0,0.0,0.3931225310797629
intent_com.mobutils.android.mediation.MaterialNotificationReceiver.ACTION_CLICK_NOTIFICATION,0,0.07862450621595259,0.15724901243190517,644.2,68.65682777408232,"pearson_r, entropy_reduction_ratio, mutual_information",0.0,0.0,0.0,0.0,0.3931225310797629
intent_com.mobutils.android.mediation.MaterialNotificationReceiver.ACTION_CANCEL_NOTIFICATION,0,0.07862450621595259,0.15724901243190517,644.2,68.65682777408232,"pearson_r, entropy_reduction_ratio, mutual_information",0.0,0.0,0.0,0.0,0.3931225310797629
perm_com.zte.mifavor.launcher.permission.WRITE_SETTINGS,0,0.07862450621595259,0.15724901243190517,644.2,68.65682777408232,"pearson_r, entropy_reduction_ratio, mutual_information",0.0,0.0,0.0,0.0,0.3931225310797629
intent_com.smartdialer.voip.action.STATE_RINGING,0,0.07862450621595259,0.15724901243190517,644.2,68.65682777408232,"pearson_r, entropy_reduction_ratio, mutual_information",0.0,0.0,0.0,0.0,0.3931225310797629
intent_com.google.android.gms.iid.InstanceID,0,0.07728255604647334,0.11984308758938955,385.0,313.5659420281482,"pearson_r, entropy_reduction_ratio, chi2_stat",0.034214191454628166,0.005054605093473286,0.01860577063613817,0.012341850553921386,0.3161963624942057
intent_com.xiaomi.push.PING_TIMER,0,0.07646587353750585,0.14628847895666547,428.8,247.52325143307243,"pearson_r, mutual_information, entropy_reduction_ratio",0.003387687310711092,0.006856589193530193,0.001860577063613817,0.001207800831507796,0.3690167132881663
intent_com.google.android.gms.measurement.UPLOAD,0,0.07623525143917494,0.14796253426706485,442.4,227.43447407989845,"pearson_r, mutual_information, entropy_reduction_ratio",0.0015262289369985145,0.005204505565410372,0.001386496210528493,0.0009146319701330579,0.37214439451280423
intent_com.google.android.gms.appinvite.ACTION_PREVIEW,0,0.07621587859233915,0.15163101837561135,500.4,254.8172678607162,"pearson_r, entropy_reduction_ratio, chi2_stat",0.0006271415733995541,0.0,0.0005877759888668239,0.0003868858789329859,0.3794775895204964
perm_android.permission.FOREGROUND_SERVICE,0,0.07529576512643336,0.12489154499497937,445.7,340.635523690645,"pearson_r, entropy_reduction_ratio, chi2_stat",0.027310764592674664,0.0,0.014884616508910537,0.009825780652288917,0.3244576638782927
intent_android.intent.action.PHONE_STATE,0,0.07519435032609287,0.14847598261041178,498.0,257.4323212030688,"pearson_r, entropy_reduction_ratio, chi2_stat",0.0015262289369985145,0.0,0.001386496210528493,0.0009146319701330579,0.37214439451280423
perm_android.permission.MODIFY_PHONE_STATE,0,0.0750945556987998,0.14696514563880336,486.2,277.89379266187285,"pearson_r, entropy_reduction_ratio, chi2_stat",0.003387687310711092,0.0,0.001860577063613817,0.001207800831507796,0.3690167132881663
perm_android.permission.WRITE_OWNER_DATA,0,0.0750945556987998,0.14696514563880336,486.2,277.89379266187285,"pearson_r, entropy_reduction_ratio, chi2_stat",0.003387687310711092,0.0,0.001860577063613817,0.001207800831507796,0.3690167132881663
perm_android.permission.BIND_APPWIDGET,0,0.0750945556987998,0.14696514563880336,486.2,277.89379266187285,"pearson_r, entropy_reduction_ratio, chi2_stat",0.003387687310711092,0.0,0.001860577063613817,0.001207800831507796,0.3690167132881663
perm_android.permission.WRITE_USER_DICTIONARY,0,0.0750945556987998,0.14696514563880336,486.2,277.89379266187285,"pearson_r, entropy_reduction_ratio, chi2_stat",0.003387687310711092,0.0,0.001860577063613817,0.001207800831507796,0.3690167132881663
intent_com.tencent.mm.plugin.openapi.Intent.ACTION_REFRESH_WXAPP,0,0.0750945556987998,0.14696514563880336,486.2,277.89379266187285,"pearson_r, entropy_reduction_ratio, chi2_stat",0.003387687310711092,0.0,0.001860577063613817,0.001207800831507796,0.3690167132881663
intent_cn.jpush.android.intent.CONNECTION,0,0.0750945556987998,0.14696514563880336,486.2,277.89379266187285,"pearson_r, entropy_reduction_ratio, chi2_stat",0.003387687310711092,0.0,0.001860577063613817,0.001207800831507796,0.3690167132881663
intent_com.xiaomi.mipush.RECEIVE_MESSAGE,0,0.0750945556987998,0.14696514563880336,486.2,277.89379266187285,"pearson_r, entropy_reduction_ratio, chi2_stat",0.003387687310711092,0.0,0.001860577063613817,0.001207800831507796,0.3690167132881663
intent_android.app.action.DEVICE_ADMIN_ENABLED,0,0.0750945556987998,0.14696514563880336,486.2,277.89379266187285,"pearson_r, entropy_reduction_ratio, chi2_stat",0.003387687310711092,0.0,0.001860577063613817,0.001207800831507796,0.3690167132881663
intent_com.xiaomi.mipush.MESSAGE_ARRIVED,0,0.0750945556987998,0.14696514563880336,486.2,277.89379266187285,"pearson_r, entropy_reduction_ratio, chi2_stat",0.003387687310711092,0.0,0.001860577063613817,0.001207800831507796,0.3690167132881663
perm_android.permission.SET_DEBUG_APP,0,0.0750945556987998,0.14696514563880336,486.2,277.89379266187285,"pearson_r, entropy_reduction_ratio, chi2_stat",0.003387687310711092,0.0,0.001860577063613817,0.001207800831507796,0.3690167132881663
intent_com.baidu.android.pushservice.action.MESSAGE,0,0.0750945556987998,0.14696514563880336,486.2,277.89379266187285,"pearson_r, entropy_reduction_ratio, chi2_stat",0.003387687310711092,0.0,0.001860577063613817,0.001207800831507796,0.3690167132881663
intent_com.baidu.android.pushservice.action.notification.SHOW,0,0.0750945556987998,0.14696514563880336,486.2,277.89379266187285,"pearson_r, entropy_reduction_ratio, chi2_stat",0.003387687310711092,0.0,0.001860577063613817,0.001207800831507796,0.3690167132881663
intent_com.baidu.android.pushservice.action.media.CLICK,0,0.0750945556987998,0.14696514563880336,486.2,277.89379266187285,"pearson_r, entropy_reduction_ratio, chi2_stat",0.003387687310711092,0.0,0.001860577063613817,0.001207800831507796,0.3690167132881663
intent_com.baidu.android.pushservice.action.METHOD,0,0.0750945556987998,0.14696514563880336,486.2,277.89379266187285,"pearson_r, entropy_reduction_ratio, chi2_stat",0.003387687310711092,0.0,0.001860577063613817,0.001207800831507796,0.3690167132881663
intent_com.baidu.android.pushservice.action.BIND_SYNC,0,0.0750945556987998,0.14696514563880336,486.2,277.89379266187285,"pearson_r, entropy_reduction_ratio, chi2_stat",0.003387687310711092,0.0,0.001860577063613817,0.001207800831507796,0.3690167132881663
intent_android.content.SyncAdapter,0,0.0750945556987998,0.14696514563880336,486.2,277.89379266187285,"pearson_r, entropy_reduction_ratio, chi2_stat",0.003387687310711092,0.0,0.001860577063613817,0.001207800831507796,0.3690167132881663
intent_com.baidu.android.pushservice.action.PUSH_SERVICE,0,0.0750945556987998,0.14696514563880336,486.2,277.89379266187285,"pearson_r, entropy_reduction_ratio, chi2_stat",0.003387687310711092,0.0,0.001860577063613817,0.001207800831507796,0.3690167132881663
intent_com.tencent.android.tpush.action.INTERNAL_PUSH_MESSAGE,0,0.0750945556987998,0.14696514563880336,486.2,277.89379266187285,"pearson_r, entropy_reduction_ratio, chi2_stat",0.003387687310711092,0.0,0.001860577063613817,0.001207800831507796,0.3690167132881663
intent_android.view.InputMethod,0,0.0750945556987998,0.14696514563880336,486.2,277.89379266187285,"pearson_r, entropy_reduction_ratio, chi2_stat",0.003387687310711092,0.0,0.001860577063613817,0.001207800831507796,0.3690167132881663
perm_android.permission.CHANGE_COMPONENT_ENABLED_STATE,0,0.0750945556987998,0.14696514563880336,486.2,277.89379266187285,"pearson_r, entropy_reduction_ratio, chi2_stat",0.003387687310711092,0.0,0.001860577063613817,0.001207800831507796,0.3690167132881663
intent_android.intent.action.PACKAGE_FULLY_REMOVED,0,0.0750945556987998,0.14696514563880336,486.2,277.89379266187285,"pearson_r, entropy_reduction_ratio, chi2_stat",0.003387687310711092,0.0,0.001860577063613817,0.001207800831507796,0.3690167132881663
intent_io.intercom.android.sdk.INTERCOM_PUSH_DISMISSED,0,0.0750945556987998,0.14696514563880336,486.2,277.89379266187285,"pearson_r, entropy_reduction_ratio, chi2_stat",0.003387687310711092,0.0,0.001860577063613817,0.001207800831507796,0.3690167132881663
intent_io.intercom.android.sdk.INTERCOM_PUSH_OPENED,0,0.0750945556987998,0.14696514563880336,486.2,277.89379266187285,"pearson_r, entropy_reduction_ratio, chi2_stat",0.003387687310711092,0.0,0.001860577063613817,0.001207800831507796,0.3690167132881663
intent_android.media.AUDIO_BECOMING_NOISY,0,0.0750945556987998,0.14696514563880336,486.2,277.89379266187285,"pearson_r, entropy_reduction_ratio, chi2_stat",0.003387687310711092,0.0,0.001860577063613817,0.001207800831507796,0.3690167132881663
intent_android.accounts.AccountAuthenticator,0,0.07485522507745533,0.14208023687709126,414.7,283.736250768209,"pearson_r, entropy_reduction_ratio, chi2_stat",0.006782782768836437,0.0023532892067386277,0.003721154127227634,0.0024213531775324534,0.3589975461069415
perm_android.permission.SET_WALLPAPER_HINTS,0,0.07479981955520273,0.1471490938792302,496.4,259.40902066042344,"pearson_r, entropy_reduction_ratio, chi2_stat",0.0019409079340779764,0.0,0.0017633279666004703,0.0011999855081593726,0.36909487636717586
perm_android.permission.GET_ACCOUNTS,0,0.07446058405482328,0.14635795871228408,496.6,280.48500851204153,"pearson_r, entropy_reduction_ratio, chi2_stat",0.0021703171787788036,0.0,0.0015597961362601126,0.0013997541232087715,0.3671730528358687
perm_com.huawei.android.launcher.permission.CHANGE_BADGE,0,0.07443382140305473,0.1396176392564669,414.4,286.33868058646914,"pearson_r, entropy_reduction_ratio, mutual_information",0.005524307966109466,0.004946591577646248,0.004795175601161186,0.0032380357657847644,0.35366499610457197
intent_android.accessibilityservice.AccessibilityService,0,0.07438456723610762,0.14232331852344418,466.3,309.31967283055246,"pearson_r, entropy_reduction_ratio, chi2_stat",0.006782782768836437,0.0,0.003721154127227634,0.0024213531775324534,0.3589975461069416
perm_android.permission.READ_APP_BADGE,0,0.07438456723610762,0.14232331852344418,466.3,309.31967283055246,"pearson_r, entropy_reduction_ratio, chi2_stat",0.006782782768836437,0.0,0.003721154127227634,0.0024213531775324534,0.3589975461069416
intent_org.agoo.android.intent.action.RECEIVE,0,0.07438456723610762,0.14232331852344418,466.3,309.31967283055246,"pearson_r, entropy_reduction_ratio, chi2_stat",0.006782782768836437,0.0,0.003721154127227634,0.0024213531775324534,0.3589975461069416
intent_cn.jpush.android.intent.MESSAGE_RECEIVED,0,0.07438456723610762,0.14232331852344418,466.3,309.31967283055246,"pearson_r, entropy_reduction_ratio, chi2_stat",0.006782782768836437,0.0,0.003721154127227634,0.0024213531775324534,0.3589975461069416
intent_cn.jpush.android.intent.REGISTRATION,0,0.07438456723610762,0.14232331852344418,466.3,309.31967283055246,"pearson_r, entropy_reduction_ratio, chi2_stat",0.006782782768836437,0.0,0.003721154127227634,0.0024213531775324534,0.3589975461069416
intent_cn.jpush.android.intent.NOTIFICATION_OPENED,0,0.07438456723610762,0.14232331852344418,466.3,309.31967283055246,"pearson_r, entropy_reduction_ratio, chi2_stat",0.006782782768836437,0.0,0.003721154127227634,0.0024213531775324534,0.3589975461069416
intent_cn.jpush.android.intent.ACTION_RICHPUSH_CALLBACK,0,0.07438456723610762,0.14232331852344418,466.3,309.31967283055246,"pearson_r, entropy_reduction_ratio, chi2_stat",0.006782782768836437,0.0,0.003721154127227634,0.0024213531775324534,0.3589975461069416
intent_android.hardware.usb.action.USB_STATE,0,0.07438456723610762,0.14232331852344418,466.3,309.31967283055246,"pearson_r, entropy_reduction_ratio, chi2_stat",0.006782782768836437,0.0,0.003721154127227634,0.0024213531775324534,0.3589975461069416
intent_android.intent.action.SCREEN_ON,0,0.0743845672361076,0.14232331852344415,468.9,313.27773620223957,"pearson_r, entropy_reduction_ratio, chi2_stat",0.006782782768836437,0.0,0.003721154127227634,0.0024213531775324534,0.3589975461069415
perm_com.google.android.gms.permission.ACTIVITY_RECOGNITION,0,0.0743845672361076,0.14232331852344415,468.9,313.27773620223957,"pearson_r, entropy_reduction_ratio, chi2_stat",0.006782782768836437,0.0,0.003721154127227634,0.0024213531775324534,0.3589975461069415
perm_android.permission.READ_PROFILE,0,0.0743845672361076,0.14232331852344415,468.9,313.27773620223957,"pearson_r, entropy_reduction_ratio, chi2_stat",0.006782782768836437,0.0,0.003721154127227634,0.0024213531775324534,0.3589975461069415
intent_android.appwidget.action.APPWIDGET_CONFIGURE,0,0.0743845672361076,0.14232331852344415,468.9,313.27773620223957,"pearson_r, entropy_reduction_ratio, chi2_stat",0.006782782768836437,0.0,0.003721154127227634,0.0024213531775324534,0.3589975461069415
intent_com.urbanairship.push.OPENED,0,0.0743845672361076,0.14232331852344415,468.9,313.27773620223957,"pearson_r, entropy_reduction_ratio, chi2_stat",0.006782782768836437,0.0,0.003721154127227634,0.0024213531775324534,0.3589975461069415
intent_com.urbanairship.actions.SHOW_LANDING_PAGE_INTENT_ACTION,0,0.0743845672361076,0.14232331852344415,468.9,313.27773620223957,"pearson_r, entropy_reduction_ratio, chi2_stat",0.006782782768836437,0.0,0.003721154127227634,0.0024213531775324534,0.3589975461069415
intent_android.intent.action.MEDIA_UNMOUNTED,0,0.07413877100490762,0.13861261992520874,459.4,325.7481235556086,"pearson_r, entropy_reduction_ratio, chi2_stat",0.010185318924114421,0.0,0.00558173119084145,0.003640699713021152,0.3512861051965611
perm_android.permission.ACCESS_GPS,0,0.07413877100490762,0.13861261992520874,459.4,325.7481235556086,"pearson_r, entropy_reduction_ratio, chi2_stat",0.010185318924114421,0.0,0.00558173119084145,0.003640699713021152,0.3512861051965611
intent_com.facebook.sdk.ACTION_CURRENT_ACCESS_TOKEN_CHANGED,0,0.07413376560299345,0.13538681131001234,451.0,334.54087941535636,"pearson_r, entropy_reduction_ratio, chi2_stat",0.013595328541807502,0.0,0.007442308254455268,0.004865877237942295,0.3447653139807622
intent_android.appwidget.action.APPWIDGET_UPDATE,0,0.07389531387429431,0.14277142797928793,475.6,297.688830828434,"pearson_r, entropy_reduction_ratio, chi2_stat",0.004128189392623011,0.0,0.003563131294916642,0.002361157417793222,0.35942409126613867
suspicious_Cipher,0,0.07362475891303674,0.14518274142414303,498.6,279.556505916067,"pearson_r, entropy_reduction_ratio, f_stat",0.0023633877691556907,0.0,2.1791768645008176e-05,0.0017544070713768688,0.3639842079560061
intent_android.intent.action.SEND,0,0.07351709027984765,0.1401495721070658,469.2,315.52204360392955,"pearson_r, entropy_reduction_ratio, chi2_stat",0.005734279161263881,0.0,0.0048445137174656485,0.0032177091421212523,0.3537889493783875
suspicious_Ldalvik/system/DexClassLoader;,0,0.06948357790989723,0.12224067276612018,457.6,333.02948818385437,"pearson_r, entropy_reduction_ratio, f_stat",0.01844445722970734,0.0,0.0021920912457500095,0.013197923235798823,0.31358341783822996
