feature,method_count,aggregated_score,score_std,rank_mean,rank_std,top_methods,entropy_reduction_ratio,mutual_information,chi2_stat,f_stat,pearson_r
perm_android.permission.WRITE_SMS,5,0.8639673232850287,0.16764428323965808,2.8,2.7129319932501077,"chi2_stat, f_stat, pearson_r",0.6893832026455592,0.6304534137795841,1.0,1.0,1.0
perm_android.permission.BATTERY_STATS,5,0.7246025898065935,0.18692832935949924,6.0,4.9396356140913875,"pearson_r, chi2_stat, f_stat",0.5546623002013255,0.4610504549584798,0.8564993617388929,0.7932577215788945,0.9575431105553749
perm_android.permission.MOUNT_UNMOUNT_FILESYSTEMS,5,0.5838625859199906,0.1755317664803703,7.6,1.8547236990991407,"pearson_r, entropy_reduction_ratio, mutual_information",0.7289061937222376,0.5913012455794884,0.4238773628811327,0.35594554552493074,0.8192825818921635
perm_android.permission.READ_SMS,5,0.5469092947418691,0.15701741888921092,9.2,2.1354156504062622,"pearson_r, mutual_information, entropy_reduction_ratio",0.5576696365515029,0.5665603413477401,0.4382478986236901,0.353761216074485,0.8183073811119274
perm_android.permission.WRITE_CONTACTS,5,0.4863265417505257,0.16680254411581558,11.6,2.870540018881465,"pearson_r, mutual_information, entropy_reduction_ratio",0.4574915503148355,0.4900004272357402,0.3874163974132821,0.30260778216738315,0.7941165516213877
perm_android.permission.CHANGE_WIFI_STATE,5,0.4605492846899729,0.22543934388147688,13.6,3.9293765408777004,"pearson_r, entropy_reduction_ratio, mutual_information",0.6677520442056571,0.5159554506595103,0.21202613708225074,0.18309124953698214,0.7239215419654642
intent_org.android.agoo.client.ElectionReceiverService,4,0.523037596096421,0.24665015161824932,24.4,29.823480682173905,"pearson_r, chi2_stat, f_stat",0.3445478734721887,0.1780109380371679,0.6543130799649342,0.5472281207260848,0.8910879682817295
intent_org.agoo.android.intent.action.PING_V4,4,0.49882411535783805,0.282648298366799,63.0,106.28264204469139,"pearson_r, chi2_stat, f_stat",0.3445478734721887,0.056943534344253165,0.6543130799649342,0.5472281207260848,0.8910879682817295
intent_org.agoo.android.intent.action.ELECTION_RESULT_V4,4,0.4874354084889875,0.30078857684863586,155.8,291.7028625159514,"pearson_r, chi2_stat, f_stat",0.3445478734721887,0.0,0.6543130799649342,0.5472281207260848,0.8910879682817295
intent_com.igexin.sdk.action.pushmanager,4,0.3751605088711589,0.20542458820440157,21.8,13.347658970770867,"pearson_r, mutual_information, chi2_stat",0.16970544494945888,0.3796175792245407,0.3271565399824671,0.2394122934200707,0.7599106867792573
perm_com.google.android.c2dm.permission.RECEIVE,3,0.5180311974308165,0.43630902268666444,211.2,394.75430333309856,"entropy_reduction_ratio, mutual_information, f_stat",1.0,1.0,0.05067322750231376,0.5394827596517685,0.0
intent_com.umeng.message.unregistercallback.action,3,0.5090274673908931,0.2670003144027809,40.8,62.08510288305883,"pearson_r, chi2_stat, f_stat",0.3445478734721887,0.10796029450952824,0.6543130799649342,0.5472281207260848,0.8910879682817295
intent_com.google.android.c2dm.intent.RECEIVE,3,0.501652911447999,0.4205772552038675,211.8,393.95502281351867,"entropy_reduction_ratio, mutual_information, f_stat",0.9787593992522285,0.9635682510273073,0.05045338703592627,0.5035704054276269,0.01191311449690571
intent_com.umeng.message.autoupdate.handler.action,3,0.4874354084889875,0.30078857684863586,155.8,291.7028625159514,"pearson_r, chi2_stat, f_stat",0.3445478734721887,0.0,0.6543130799649342,0.5472281207260848,0.8910879682817295
intent_com.android.vending.INSTALL_REFERRER,3,0.3559376366768924,0.2763620790796085,214.8,391.95377278449564,"entropy_reduction_ratio, mutual_information, f_stat",0.7420735954853177,0.6246897725413847,0.04693593957372661,0.23423190330973517,0.13175697247429793
perm_android.permission.READ_CALL_LOG,3,0.3366870804348025,0.24862536797857912,160.8,289.18810487293564,"pearson_r, chi2_stat, entropy_reduction_ratio",0.30736347595079905,0.0,0.3459067605014534,0.2590358185496146,0.7711293471721453
perm_android.permission.FLASHLIGHT,3,0.33013798328828337,0.194721587562314,24.4,6.280127387243033,"pearson_r, entropy_reduction_ratio, mutual_information",0.3339096029035846,0.2684319045968081,0.1995757070774237,0.14966048713695962,0.6991122147266409
intent_com.adroid.SERVICE,3,0.30041037840769513,0.25275137245001683,107.4,170.8199051633035,"pearson_r, chi2_stat, f_stat",0.16970544494945888,0.005866926907221831,0.3271565399824671,0.2394122934200707,0.7599106867792573
intent_com.igexin.sdk.action.refreshls,3,0.2992369930262508,0.2541259324995431,165.6,287.0091287746785,"pearson_r, chi2_stat, f_stat",0.16970544494945888,0.0,0.3271565399824671,0.2394122934200707,0.7599106867792573
perm_android.permission.RESTART_PACKAGES,3,0.29175782748746815,0.22452772163521229,68.6,96.39211586016772,"pearson_r, entropy_reduction_ratio, chi2_stat",0.26087498302047973,0.06162803813428931,0.24214539128272106,0.1755518014463349,0.7185889235535158
perm_com.android.launcher.permission.READ_SETTINGS,3,0.2771869872457237,0.22422112657873586,73.8,104.77671497045515,"pearson_r, entropy_reduction_ratio, chi2_stat",0.24878749260265692,0.05466893847614812,0.21912394931184506,0.1578626156944619,0.7054919401435066
intent_android.accessibilityservice.AccessibilityService,3,0.2591945818514734,0.21852650003680782,67.2,83.55692670269772,"pearson_r, entropy_reduction_ratio, chi2_stat",0.22790598816141064,0.07092271921591699,0.18299450631469447,0.13066908796502136,0.6834806076003236
suspicious_Ldalvik/system/PathClassLoader;,3,0.2508109926058094,0.1697533573172429,222.0,387.87265951598084,"mutual_information, entropy_reduction_ratio, pearson_r",0.4120483872934663,0.47899561730710843,0.026302783861770415,0.1366281283343218,0.20008004623238
intent_com.umeng.messge.registercallback.action,3,0.24541521644617062,0.2353406675189675,167.8,285.70117255622176,"pearson_r, chi2_stat, entropy_reduction_ratio",0.18783395699326783,0.0,0.2024061222403463,0.14303444209315178,0.6938015609040873
intent_com.umeng.message.message.handler.action,3,0.24541521644617062,0.2353406675189675,167.8,285.70117255622176,"pearson_r, chi2_stat, entropy_reduction_ratio",0.18783395699326783,0.0,0.2024061222403463,0.14303444209315178,0.6938015609040873
suspicious_getSubscriberId,2,0.35436105595484835,0.20749929986738883,24.4,6.374950980203691,"pearson_r, entropy_reduction_ratio, mutual_information",0.43201332401828774,0.41994360704214223,0.13462284620456155,0.11536053190021292,0.669864970609037
n_providers,2,0.34026429072875447,0.2727460387230485,220.0,386.5219269330008,"entropy_reduction_ratio, mutual_information, pearson_r",0.7523067601085992,0.524913989390386,0.06973825014658648,0.03278422144992698,0.3215782325482736
perm_android.permission.WRITE_SETTINGS,2,0.33152722015443076,0.19950460033683223,26.4,3.4409301068170506,"pearson_r, entropy_reduction_ratio, mutual_information",0.3789760137044913,0.3456126682357439,0.1444003557253967,0.11714360526065562,0.6715034578458665
n_receivers,2,0.30004984417765007,0.20619413912939918,220.0,387.62765639205884,"entropy_reduction_ratio, mutual_information, pearson_r",0.6540827532194401,0.3778297072223893,0.13227223293190477,0.07267898022364931,0.2633855472908669
perm_android.permission.SYSTEM_OVERLAY_WINDOW,2,0.26575404035145433,0.20524147132050535,37.0,17.58408371226661,"pearson_r, mutual_information, entropy_reduction_ratio",0.17306675774582292,0.19302178331120626,0.17020556828372838,0.11914804991220636,0.6733280425043079
intent_com.google.firebase.INSTANCE_ID_EVENT,2,0.24353836067281107,0.16499684829297134,225.2,385.6171158027091,"entropy_reduction_ratio, mutual_information, pearson_r",0.49172217333234014,0.3526612793360045,0.039791124416133576,0.09851790701590984,0.23499931926366724
intent_com.google.firebase.MESSAGING_EVENT,2,0.24152956224358962,0.16384051640779027,225.0,384.7918918064672,"mutual_information, entropy_reduction_ratio, pearson_r",0.406640367374124,0.42846287074503686,0.03605383648754644,0.07064538303805495,0.2658453535731856
intent_org.android.agoo.client.MessageReceiverService,2,0.23502610024832632,0.22443420335930886,90.5,122.01639234135715,"pearson_r, entropy_reduction_ratio, chi2_stat",0.17306675774582292,0.03938208279556603,0.17020556828372838,0.11914804991220636,0.6733280425043078
intent_org.agoo.android.intent.action.RECEIVE,2,0.22714968368921307,0.23173435426429764,171.5,283.8644042496347,"pearson_r, entropy_reduction_ratio, chi2_stat",0.17306675774582292,0.0,0.17020556828372838,0.11914804991220636,0.6733280425043078
n_services,1,0.2991693259509608,0.23632169257815955,221.6,385.9412390507135,"entropy_reduction_ratio, pearson_r, mutual_information",0.7468707931081434,0.25949545417857517,0.15163786989229214,0.06515603501837519,0.27268647755741804
n_api_calls,1,0.2976933964800448,0.26989184613662526,60.0,52.77878361614636,"entropy_reduction_ratio, pearson_r, mutual_information",0.6685130934943612,0.11056757114447387,0.08532951500279096,0.041681108100022096,0.5823756946585757
suspicious_getCellLocation,1,0.29261128759057875,0.2033238221879379,32.2,5.946427498927402,"pearson_r, entropy_reduction_ratio, mutual_information",0.3533879101847184,0.3005093011089468,0.09102515960759312,0.08204987923453252,0.636084187817103
n_permissions,1,0.2742455608260796,0.2863102731402572,81.6,75.51317765794259,"entropy_reduction_ratio, pearson_r, mutual_information",0.7050339473013345,0.0741240931308857,0.04612262903261383,0.015876971839112308,0.5300701628264516
suspicious_system/bin/su,1,0.23269267878233973,0.2121183638781113,44.8,13.702554506368513,"pearson_r, mutual_information, entropy_reduction_ratio",0.1301988216749375,0.3930814693641045,0.0403547045524195,0.032790553026038394,0.5670378452941989
intent_android.net.conn.CONNECTIVITY_CHANGE,1,0.22043243093644396,0.2222179597898428,54.6,22.25848152952038,"pearson_r, mutual_information, entropy_reduction_ratio",0.08467419925316991,0.4385830462821544,0.02186395972946231,0.01899567781614363,0.5380452716012896
n_urls,1,0.20996775815312532,0.20183580971239964,265.0,349.69872747838247,"entropy_reduction_ratio, pearson_r, mutual_information",0.48548126728843266,0.1522149512931245,0.002576071058059219,0.0030652297009630338,0.4065012714250472
perm_com.android.launcher2.permission.WRITE_SETTINGS,1,0.20851200249263746,0.2333786762687327,176.4,281.51134968238847,"pearson_r, chi2_stat, entropy_reduction_ratio",0.11263392158183717,0.0,0.15763647071914974,0.10868938780091895,0.6636002323612813
n_activities,1,0.20272440194661367,0.24146761440592973,218.6,142.86441124366837,"entropy_reduction_ratio, pearson_r, mutual_information",0.5435584759678793,0.02151570247472374,6.512052545086575e-05,4.0728331912680114e-05,0.4484419824331018
perm_com.qihoo.appstore.update.permission.clear_sdk,1,0.17936977542640126,0.21969768347322255,482.4,249.89525805825127,"mutual_information, pearson_r, entropy_reduction_ratio",0.0,0.4525468221980371,0.0,0.0,0.44430205493396907
intent_com.qihoo.appstore.ACTION_GET_SIGNIN_FOR_NOTIFYCATION,1,0.1733777110920022,0.2124544717947284,483.0,248.76615525428696,"pearson_r, mutual_information, entropy_reduction_ratio",0.0,0.42258650052604196,0.0,0.0,0.44430205493396907
intent_com.excelliance.kxqp.action.gp,1,0.16950907340200674,0.2080109876543004,483.4,248.01378993918868,"pearson_r, mutual_information, entropy_reduction_ratio",0.0,0.4032433120760646,0.0,0.0,0.44430205493396907
intent_com.qihoo.appstore.battery.NOTIFY,1,0.16491328291203614,0.20298933214154585,483.8,247.26172368565256,"pearson_r, mutual_information, entropy_reduction_ratio",0.0,0.3802643596262116,0.0,0.0,0.44430205493396907
intent_com.qihoo.appstore.floatwin.FloatWindowService,1,0.16275134512111789,0.2007292046544085,484.4,246.13419104220364,"pearson_r, mutual_information, entropy_reduction_ratio",0.0,0.36945467067162036,0.0,0.0,0.44430205493396907
intent_io.intercom.android.sdk.INTERCOM_PUSH_DISMISSED,1,0.16005682863801182,0.18987953184983813,273.0,336.99109780526845,"pearson_r, mutual_information, entropy_reduction_ratio",0.013872547683497704,0.3637680945391028,0.001978564197487305,0.0013360071327771202,0.4193289296371942
intent_com.Remind.launch.app,1,0.1594176566705729,0.19737907320123554,484.8,245.38288448871086,"pearson_r, mutual_information, entropy_reduction_ratio",0.0,0.35278622841889545,0.0,0.0,0.44430205493396907
perm_android.permission.CHANGE_CONFIGURATION,0,0.2425368755147513,0.21073306006257592,60.8,55.159405363002236,"pearson_r, entropy_reduction_ratio, chi2_stat",0.20247649486751443,0.10495927421810679,0.1448367904058236,0.10266415513188747,0.6577476629504243
intent_android.net.wifi.supplicant.CONNECTION_CHANGE,0,0.23548412396384855,0.2147732892254137,56.6,42.064712051789925,"pearson_r, chi2_stat, mutual_information",0.11263392158183717,0.13486060735605568,0.15763647071914974,0.10868938780091895,0.6636002323612812
perm_android.permission.READ_CONTACTS,0,0.21259534465698443,0.1988480419408176,51.0,17.708754896942924,"pearson_r, entropy_reduction_ratio, mutual_information",0.17678304512890564,0.1753654842893287,0.06464606438822681,0.05039477050976161,0.5957873589686995
perm_com.android.launcher.permission.INSTALL_SHORTCUT,0,0.2100435271634094,0.19994208691997153,53.4,20.244505427399307,"pearson_r, mutual_information, entropy_reduction_ratio",0.16204570722606093,0.16392431237120098,0.07180557279124573,0.05295442532116074,0.5994876181073785
perm_com.android.launcher3.permission.WRITE_SETTINGS,0,0.20851200249263746,0.2333786762687327,176.4,281.51134968238847,"pearson_r, chi2_stat, entropy_reduction_ratio",0.11263392158183717,0.0,0.15763647071914974,0.10868938780091895,0.6636002323612813
perm_android.permission.ACCESS_COARSE_UPDATES,0,0.2085120024926374,0.23337867626873265,176.8,281.30083540579824,"pearson_r, chi2_stat, entropy_reduction_ratio",0.11263392158183717,0.0,0.15763647071914974,0.10868938780091895,0.6636002323612812
perm_android.permission.ACCESS_COARSE_LOCATION,0,0.20485297915143796,0.20406562427772235,67.4,44.22035730294363,"pearson_r, entropy_reduction_ratio, mutual_information",0.267900351026512,0.1154679257812003,0.028485361159911137,0.03731998378061108,0.5750912740089553
perm_android.permission.GET_PACKAGE_SIZE,0,0.20168848866574515,0.2264229125552768,178.6,280.27886113654733,"pearson_r, entropy_reduction_ratio, chi2_stat",0.15012307520242574,0.0,0.1273447764970337,0.08816766764315333,0.642806923986113
perm_android.permission.RECEIVE_SMS,0,0.199462549281716,0.22355586003394018,177.8,280.61461116627555,"pearson_r, entropy_reduction_ratio, chi2_stat",0.1758073914387108,0.0,0.11106538101997446,0.07844713826248931,0.6319928356874055
perm_android.permission.READ_PHONE_STATE,0,0.19619686181049983,0.19563978350622774,56.2,10.943491216243563,"pearson_r, mutual_information, entropy_reduction_ratio",0.17398877681089145,0.1872940466085297,0.026204059305370918,0.030587800585366292,0.5629096257423409
n_used_permissions,0,0.18979200817080813,0.18304722988344088,111.8,54.91593575639042,"pearson_r, entropy_reduction_ratio, mutual_information",0.3270138395860566,0.15452860420843906,0.0008049210573555998,0.0009757650374266072,0.4656369109647627
intent_com.ss.android.socialbase.downloader.remote,0,0.1878857395727471,0.21670668998179715,91.0,89.963325861153,"pearson_r, chi2_stat, entropy_reduction_ratio",0.09151353795987176,0.05796399172054205,0.10120306112017315,0.06855652866179393,0.6201915784013546
intent_android.intent.action.PACKAGE_ADDED,0,0.18042576417055886,0.20109909955876065,71.8,49.22763451558484,"pearson_r, entropy_reduction_ratio, mutual_information",0.13073730966410488,0.10508330498937635,0.0511108962724547,0.038349154327607424,0.576848155599251
perm_com.android.launcher2.permission.READ_SETTINGS,0,0.17779398904732105,0.20855825912278203,79.4,56.0539026295226,"pearson_r, mutual_information, entropy_reduction_ratio",0.07803604973348821,0.09491220365508278,0.07304131643728169,0.04910132688395477,0.5938790485267977
perm_android.permission.ACCESS_WIFI_STATE,0,0.17635630726869486,0.19039837252148742,66.8,17.405746177627663,"pearson_r, mutual_information, entropy_reduction_ratio",0.11717388231883595,0.22416949313433016,0.005298035435869353,0.013042843754021835,0.522097281700417
intent_android.intent.action.DOWNLOAD_NOTIFICATION_CLICKED,0,0.1762929412286387,0.22474802473744862,185.0,277.3110167303131,"pearson_r, chi2_stat, entropy_reduction_ratio",0.09151353795987176,0.0,0.10120306112017315,0.06855652866179393,0.6201915784013546
suspicious_Ljava/lang/System;->load,0,0.16287056498379127,0.18815476748012927,78.3,17.73020022447575,"pearson_r, mutual_information, entropy_reduction_ratio",0.09900515291483625,0.1859041558249527,0.0037758313869797415,0.010737335536643541,0.5149303492555442
suspicious_getWifiState,0,0.1622372548106614,0.20669338743955046,105.2,109.01265981527101,"pearson_r, entropy_reduction_ratio, chi2_stat",0.10939866065615876,0.043779275193703115,0.04994966848981923,0.03573091693412413,0.5723277527795018
perm_com.android.launcher3.permission.READ_SETTINGS,0,0.15881154831630448,0.2192817293586716,189.8,275.05046809631136,"pearson_r, entropy_reduction_ratio, chi2_stat",0.07803604973348821,0.0,0.07304131643728169,0.04910132688395477,0.5938790485267977
perm_android.permission.SEND_SMS,0,0.1575981300466172,0.20641255353865465,105.8,101.5940943165497,"pearson_r, entropy_reduction_ratio, chi2_stat",0.08843364456523459,0.04788980114411115,0.04908491941539862,0.033764894084260935,0.5688173910240807
suspicious_Ljava/lang/Runtime;->exec,0,0.15715450234294093,0.20703330179054624,130.0,151.36049682793725,"pearson_r, entropy_reduction_ratio, f_stat",0.19000266782228428,0.009663568205908132,0.014078859174969715,0.023524343653502967,0.5485030728580396
perm_com.kingroot.kinguser.permission.activityCalled,0,0.15618483756745666,0.19429372555440902,485.4,244.256504519327,"pearson_r, mutual_information, entropy_reduction_ratio",0.0,0.33662213290331416,0.0,0.0,0.44430205493396907
perm_com.oppo.launcher.permission.WRITE_SETTINGS,0,0.15609545083643833,0.15211604614402743,252.0,363.59152905423963,"pearson_r, mutual_information, entropy_reduction_ratio",0.08736413670673018,0.29399345263791293,0.011321784018955132,0.009319712463580584,0.3784781683550128
perm_com.htc.launcher.permission.WRITE_SETTINGS,0,0.15243899838333735,0.19093035078869475,485.6,243.88120058749917,"pearson_r, mutual_information, entropy_reduction_ratio",0.0,0.3178929369827178,0.0,0.0,0.44430205493396907
intent_show_notificationcenter,0,0.15217855791105234,0.19070523948080706,485.8,243.50597528602864,"pearson_r, mutual_information, entropy_reduction_ratio",0.0,0.31659073462129267,0.0,0.0,0.44430205493396907
perm_android.permission.WRITE_EXTERNAL_STORAGE,0,0.1515995410730452,0.186572712545634,97.7,36.660060010861955,"pearson_r, mutual_information, entropy_reduction_ratio",0.05271880977199012,0.2045986752109325,0.0010676160580311467,0.005356325893742668,0.49425627843052966
perm_com.sec.android.provider.badge.permission.READ,0,0.14952326599678498,0.1426293422431297,249.2,368.89884792446827,"pearson_r, mutual_information, entropy_reduction_ratio",0.098021141601107,0.2523756344035763,0.012530906584086265,0.010615988899866913,0.3740726584952883
suspicious_setWifiEnabled,0,0.14793481371245107,0.19678187242198464,90.2,48.41239510703845,"pearson_r, mutual_information, entropy_reduction_ratio",0.060179230850260966,0.09578348295468912,0.027116759326644545,0.018866221888002594,0.5377283735426581
intent_com.qihoo.appstore.launcher.shortcut.GAME_RESERVATION,0,0.14477613215994814,0.1848068562907893,486.4,242.38077481516558,"pearson_r, mutual_information, entropy_reduction_ratio",0.0,0.2795786058657716,0.0,0.0,0.44430205493396907
perm_com.fx.launcher.permission.WRITE_SETTINGS,0,0.1444394033174258,0.1845623036144103,486.6,242.00586769745894,"pearson_r, mutual_information, entropy_reduction_ratio",0.0,0.2778949616531599,0.0,0.0,0.44430205493396907
perm_android.permission.MODE_WORLD_READABLE,0,0.14434830913019073,0.18449651231615294,486.8,241.6310410522622,"pearson_r, mutual_information, entropy_reduction_ratio",0.0,0.27743949071698454,0.0,0.0,0.44430205493396907
perm_android.permission.READ_APP_BADGE,0,0.14410188514496727,0.14250536674094896,254.4,362.83941351512516,"pearson_r, mutual_information, entropy_reduction_ratio",0.08832053296651057,0.23324672074822414,0.011431704252148872,0.009434521796560492,0.37807594596139227
perm_android.permission.BLUETOOTH,0,0.14224737484876795,0.19935159893315027,111.6,94.1607136761399,"pearson_r, entropy_reduction_ratio, mutual_information",0.07836058667617674,0.05053404186540479,0.02435048477457093,0.019272509768202294,0.538719251159485
perm_com.google.android.finsky.permission.BIND_GET_INSTALL_REFERRER_SERVICE,0,0.142060392564486,0.1182161121634055,265.0,366.59678121882087,"pearson_r, entropy_reduction_ratio, mutual_information",0.23111304870003513,0.09770576097832673,0.02506181316817253,0.030435191185014965,0.3259861487908806
perm_com.samsung.android.providers.context.permission.WRITE_RECORD_AUDIO,0,0.14147166261344019,0.18250027635516058,487.2,240.88163068195965,"pearson_r, mutual_information, entropy_reduction_ratio",0.0,0.26305625813323186,0.0,0.0,0.44430205493396907
intent_action_send_pop,0,0.14137073997170133,0.18243313935269334,487.4,240.5070477137832,"pearson_r, mutual_information, entropy_reduction_ratio",0.0,0.26255164492453753,0.0,0.0,0.44430205493396907
perm_com.sec.android.provider.badge.permission.WRITE,0,0.14072434392122815,0.1366306259940826,251.2,368.9517041565196,"pearson_r, mutual_information, entropy_reduction_ratio",0.0999917539768147,0.20674433090992886,0.012750747050473743,0.010859844768269775,0.37327504290065366
intent_com.qihoo.appstore.ACTION_UPDATE_LAST_WX_CLEAR,0,0.14036498393536886,0.18177496984350905,487.8,239.75812812082097,"pearson_r, mutual_information, entropy_reduction_ratio",0.0,0.2575228647428753,0.0,0.0,0.44430205493396907
perm_android.permission.RECEIVE_BOOT_COMPLETED,0,0.1403488255583904,0.19810839379479192,119.4,105.36526942024113,"pearson_r, entropy_reduction_ratio, mutual_information",0.10122377928562731,0.04166485992664919,0.01112600774053609,0.016363431244366157,0.5313660495947732
suspicious_Ljava/lang/System;->loadLibrary,0,0.1402356172413096,0.19121524241855098,108.6,66.62311911041091,"pearson_r, entropy_reduction_ratio, mutual_information",0.10098095845520473,0.06955781972212222,0.003928715593183019,0.010982968864383392,0.5157276235716547
perm_com.android.launcher.permission.WRITE_SETTINGS,0,0.13949575223858504,0.21215916505529525,197.0,271.3639622352238,"pearson_r, entropy_reduction_ratio, chi2_stat",0.060481196744988655,0.0,0.044989491987584,0.03007728638190922,0.5619307860784434
intent_com.qihoo.commonreceiver.ARRIVED,0,0.1391193508870355,0.1809874984963325,488.4,238.63537038754336,"pearson_r, mutual_information, entropy_reduction_ratio",0.0,0.2512946995012085,0.0,0.0,0.44430205493396907
perm_android.permission.CALL_PHONE,0,0.1381748603280413,0.1941705570360932,100.0,58.43629009442677,"pearson_r, mutual_information, entropy_reduction_ratio",0.05839106786009483,0.07934427393152593,0.016420182983262276,0.013443411597910604,0.5232753652674128
intent_com.mobiletool.appstore.highspeed,0,0.13787140361169264,0.18022964867146782,488.6,238.26128514720975,"pearson_r, mutual_information, entropy_reduction_ratio",0.0,0.2450549631244942,0.0,0.0,0.44430205493396907
intent_com.excelliance.appmate.share,0,0.13656743331213356,0.17947144412969382,489.0,237.51336804483236,"pearson_r, mutual_information, entropy_reduction_ratio",0.0,0.23853511162669871,0.0,0.0,0.44430205493396907
intent_android.intent.action.BOOT_COMPLETED,0,0.13628385950875802,0.17251723332649427,301.6,320.036622904317,"pearson_r, mutual_information, entropy_reduction_ratio",0.005598197589814345,0.25186129156377035,0.0007590461945092921,0.0010511444937995273,0.4221496177018966
intent_cn.jpush.android.intent.REGISTER,0,0.13591620635346255,0.17292075483641242,294.6,310.31635470919025,"pearson_r, mutual_information, entropy_reduction_ratio",0.006872107769650558,0.24425813314098285,0.0009892820987436525,0.000655530421598536,0.4268059783363372
perm_com.sonymobile.home.permission.PROVIDER_INSERT_BADGE,0,0.13576245822375968,0.13788972205710434,258.8,361.13731460484667,"pearson_r, mutual_information, entropy_reduction_ratio",0.08927937547093745,0.19076722515759656,0.011541624485342612,0.009549932424346902,0.37767413358057483
intent_android.intent.action.PACKAGE_REMOVED,0,0.13483193322282375,0.2065486821245207,198.6,270.42973209320013,"pearson_r, entropy_reduction_ratio, chi2_stat",0.07755385747325919,0.0,0.029922730147184554,0.021869537680777464,0.5448135408128975
intent_com.kingroot.common.ACTION_SWITCH_IN_DESKTOP,0,0.13419013211357628,0.17817909454874278,489.4,236.7657914480046,"pearson_r, mutual_information, entropy_reduction_ratio",0.0,0.22664860563391226,0.0,0.0,0.44430205493396907
intent_com.tencent.android.tpush.action.PUSH_MESSAGE,0,0.13402082944099955,0.17809154234396107,489.6,236.39213184875675,"pearson_r, mutual_information, entropy_reduction_ratio",0.0,0.22580209227102876,0.0,0.0,0.44430205493396907
perm_com.android.vending.BILLING,0,0.13345806684256173,0.1206244343481691,275.0,363.8472206847264,"pearson_r, entropy_reduction_ratio, mutual_information",0.2093327518097914,0.07455047382873518,0.023303089437072703,0.026676508867220696,0.3334275102699886
intent_android.intent.action.DOWNLOAD_COMPLETE,0,0.13341167400792425,0.20959662247283198,198.8,270.488742834152,"pearson_r, entropy_reduction_ratio, chi2_stat",0.05418705754436985,0.0,0.037021793673324824,0.024733849620894543,0.551115669201032
intent_com.qihoo.appstore.powerusage.HIGH_TEMPERATURE,0,0.13296189080505574,0.17755760025427464,490.0,235.6450720893607,"pearson_r, mutual_information, entropy_reduction_ratio",0.0,0.22050739909130965,0.0,0.0,0.44430205493396907
intent_com.qihoo.appstore.ACTION_GAME_UNION_DETAIL,0,0.13268671594294176,0.17742272584574112,490.2,235.27167275301122,"pearson_r, mutual_information, entropy_reduction_ratio",0.0,0.21913152478073972,0.0,0.0,0.44430205493396907
perm_com.lenovo.launcher.permission.WRITE_SETTINGS,0,0.13193203600540854,0.17706107841052451,490.8,234.15200191328708,"pearson_r, mutual_information, entropy_reduction_ratio",0.0,0.21535812509307364,0.0,0.0,0.44430205493396907
intent_com.qihoo.appstore.videomini,0,0.13181572342367098,0.17700641964277025,491.0,233.77895542584665,"pearson_r, mutual_information, entropy_reduction_ratio",0.0,0.21477656218438587,0.0,0.0,0.44430205493396907
intent_com.getui.gis.action.64kVIzqls49c7TJxrBbWG4,0,0.1314386067647761,0.17683118965268835,491.2,233.40599820912917,"pearson_r, mutual_information, entropy_reduction_ratio",0.0,0.21289097888991135,0.0,0.0,0.44430205493396907
perm_android.permission.WRITE_APN_SETTING,0,0.13131941993525972,0.17677644174495083,491.4,233.0331306917538,"pearson_r, mutual_information, entropy_reduction_ratio",0.0,0.21229504474232958,0.0,0.0,0.44430205493396907
intent_android.intent.action.SEARCH,0,0.1312575052053261,0.16186391201385303,270.6,343.5366647098967,"pearson_r, mutual_information, entropy_reduction_ratio",0.022610066583303886,0.21605030501855588,0.0031876867626184358,0.0022037021514540703,0.4122357655106983
perm_com.htc.launcher.permission.UPDATE_SHORTCUT,0,0.13089633731789713,0.1337883840070031,260.4,363.1832044574749,"pearson_r, mutual_information, entropy_reduction_ratio",0.098021141601107,0.15924099100913713,0.012530906584086265,0.010615988899866913,0.3740726584952883
intent_android.intent.action.SEND_MULTIPLE,0,0.13060272797505715,0.16804779289911628,287.4,320.9782547151754,"pearson_r, mutual_information, entropy_reduction_ratio",0.00996728689647775,0.21747438021902418,0.001428963031518609,0.0009548012163530549,0.4231882085119122
perm_android.permission.PACKAGE_USAGE_STATS,0,0.13020397971158001,0.18868468563081503,104.0,29.271146202361123,"pearson_r, mutual_information, entropy_reduction_ratio",0.022234119918484986,0.11339242646801152,0.009611754073075482,0.006493926251433969,0.4992876718468941
intent_android.intent.action.NOTIFICATION_UPDATE,0,0.13019562188225126,0.17627524371068987,491.8,232.28766648274723,"pearson_r, mutual_information, entropy_reduction_ratio",0.0,0.2066760544772872,0.0,0.0,0.44430205493396907
intent_com.yuetu.shentu.Intent.WECHAT_SHARE,0,0.1300616824906467,0.1762173255360628,492.0,231.91507066165406,"pearson_r, mutual_information, entropy_reduction_ratio",0.0,0.2060063575192645,0.0,0.0,0.44430205493396907
perm_android.permission.CAMERA,0,0.1298263177789291,0.18283134164577397,114.8,25.293477420078087,"pearson_r, mutual_information, entropy_reduction_ratio",0.010976443840385059,0.15881458443575053,0.0018017755111863552,0.002080340424731727,0.4754584446825919
intent_com.mobiletool.appstore.action.update,0,0.12981297104695783,0.17611080781450617,492.4,231.17015378287917,"pearson_r, mutual_information, entropy_reduction_ratio",0.0,0.20476280030082,0.0,0.0,0.44430205493396907
perm_com.xiaomi.permission.AUTH_SERVICE,0,0.1286956826822824,0.17384476385433925,342.5,245.4336977678493,"pearson_r, mutual_information, entropy_reduction_ratio",0.0007573759938301282,0.20402250181943204,0.00010992023319373916,7.164736908799662e-05,0.4385169679958681
intent_com.google.android.gms.appinvite.ACTION_PREVIEW,0,0.12866544771419716,0.13715948838978143,266.2,355.4464235296228,"pearson_r, mutual_information, entropy_reduction_ratio",0.08450950136102232,0.15915933578896171,0.010992023319373915,0.008978849804112678,0.3796875282975151
intent_com.urbanairship.actions.SHOW_LANDING_PAGE_INTENT_ACTION,0,0.12822836719266056,0.1660076419550161,284.6,326.7345099618343,"pearson_r, mutual_information, entropy_reduction_ratio",0.011524512715027933,0.20528676446206476,0.001648803497906087,0.001106324150434681,0.4215754311378693
intent_com.qihoo.express.push.MSG_ARRIVED,0,0.12820259952955776,0.17545368526835023,493.2,229.68143155248748,"pearson_r, mutual_information, entropy_reduction_ratio",0.0,0.19671094271381964,0.0,0.0,0.44430205493396907
perm_android.permission.CHANGE_NETWORK_STATE,0,0.12795571927088673,0.19772557465857396,127.2,108.99798163268896,"pearson_r, entropy_reduction_ratio, mutual_information",0.0524017574207179,0.03430494609702623,0.017479196056149723,0.013157112787847577,0.5224355839926922
perm_android.permission.EXPAND_STATUS_BAR,0,0.1277788525300163,0.16953670753558062,306.8,295.31840443832823,"pearson_r, mutual_information, entropy_reduction_ratio",0.005334048957017828,0.2033797251885041,0.0007694416323561742,0.0005077509744471391,0.42890329589775633
perm_com.sonyericsson.home.READ_SETTINGS,0,0.12763140945389698,0.17523423790801215,493.4,229.3094851941367,"pearson_r, mutual_information, entropy_reduction_ratio",0.0,0.19385499233551579,0.0,0.0,0.44430205493396907
intent_show_start_app,0,0.1272833476574288,0.17510403457603646,493.8,228.56587671828882,"pearson_r, mutual_information, entropy_reduction_ratio",0.0,0.19211468335317491,0.0,0.0,0.44430205493396907
perm_android.permission.ACCOUNT_MANAGER,0,0.12713441806455586,0.17504913891830248,494.0,228.19421552703741,"pearson_r, mutual_information, entropy_reduction_ratio",0.0,0.19137003538881017,0.0,0.0,0.44430205493396907
perm_com.google.android.googleapps.permission.GOOGLE_AUTH.speech,0,0.12704637043652064,0.1750169147771061,494.2,227.82265032256998,"pearson_r, mutual_information, entropy_reduction_ratio",0.0,0.19092979724863418,0.0,0.0,0.44430205493396907
perm_android.permission.ACCESS_FINE_LOCATION,0,0.12679555705580187,0.20192935870701356,204.8,267.23727284942873,"pearson_r, entropy_reduction_ratio, f_stat",0.08057118865608556,0.0,0.01206526488770141,0.014642942560263753,0.5266983891749587
intent_android.intent.action.PACKAGE_REPLACED,0,0.12607049542354357,0.18208284259571428,121.2,27.323250172700906,"pearson_r, mutual_information, entropy_reduction_ratio",0.00791871450614537,0.14424785982067903,0.002672947484146265,0.001847516571392273,0.4736654387353549
perm_android.permission.INSTALL_PACKAGES,0,0.12600026130227393,0.1727570203136579,344.3,243.4092438671958,"pearson_r, mutual_information, entropy_reduction_ratio",0.0007573759938301282,0.19054539491938965,0.00010992023319373916,7.164736908799662e-05,0.4385169679958681
intent_com.excelliance.open.action.fw,0,0.12581136436824467,0.17458301343057717,495.2,225.96628067036903,"pearson_r, mutual_information, entropy_reduction_ratio",0.0,0.18475476690725426,0.0,0.0,0.44430205493396907
intent_com.qihoo.appstore.ACTION_LOCK_SCREEN_AD_STATE_CHANGE,0,0.12525638883069443,0.1743990718922321,495.4,225.59530136950988,"pearson_r, mutual_information, entropy_reduction_ratio",0.0,0.1819798892195031,0.0,0.0,0.44430205493396907
intent_com.excelliance.dualaid.action.phone_res_download,0,0.12497722279783692,0.17430914337010803,495.6,225.2244214111782,"pearson_r, mutual_information, entropy_reduction_ratio",0.0,0.18058405905521552,0.0,0.0,0.44430205493396907
intent_com.excelliance.kxqp.action.time,0,0.12494794653433236,0.17429981345382287,495.8,224.85364128694914,"pearson_r, mutual_information, entropy_reduction_ratio",0.0,0.18043767773769276,0.0,0.0,0.44430205493396907
intent_android.intent.action.ERROR_NOTIFY,0,0.12467762982012649,0.17421457358935058,496.2,224.11238252269774,"pearson_r, mutual_information, entropy_reduction_ratio",0.0,0.17908609416666335,0.0,0.0,0.44430205493396907
intent_android.appwidget.action.APPWIDGET_UPDATE,0,0.12425764324234714,0.1554985394162934,274.4,342.220163052968,"pearson_r, mutual_information, entropy_reduction_ratio",0.029913593392296982,0.17701279721607688,0.004176968861362087,0.0029449828557039266,0.40723987388629573
intent_com.yuetu.shentu.Intent.WECHAT_AUTH,0,0.12424023231671373,0.17408011564875472,496.8,223.00125560184634,"pearson_r, mutual_information, entropy_reduction_ratio",0.0,0.17689910664959962,0.0,0.0,0.44430205493396907
perm_android.permission.ADDINSTALLKEY,0,0.12403925118914287,0.17401977289393955,497.0,222.63108498141045,"pearson_r, mutual_information, entropy_reduction_ratio",0.0,0.17589420101174527,0.0,0.0,0.44430205493396907
perm_org.simalliance.openmobileapi.SMARTCARD,0,0.12395789718595748,0.1720407618642256,345.7,241.86000082692465,"pearson_r, mutual_information, entropy_reduction_ratio",0.0007573759938301282,0.1803335743378075,0.00010992023319373916,7.164736908799662e-05,0.4385169679958681
intent_com.excelliance.dualaid.SHORTCUT_ALARM,0,0.12387880769567365,0.17397225281035558,497.4,221.89105434875017,"pearson_r, mutual_information, entropy_reduction_ratio",0.0,0.17509198354439925,0.0,0.0,0.44430205493396907
perm_com.meizu.flyme.launcher.permission.WRITE_SETTINGS,0,0.12373216112076194,0.1739293255754327,497.6,221.5211953741673,"pearson_r, mutual_information, entropy_reduction_ratio",0.0,0.17435875066984055,0.0,0.0,0.44430205493396907
intent_com.excelliance.open.action.dmchk,0,0.12310871516690558,0.17375223494887929,497.8,221.15144132471755,"pearson_r, mutual_information, entropy_reduction_ratio",0.0,0.1712415209005588,0.0,0.0,0.44430205493396907
intent_com.qihoo.appstore.ACTION_CLEAN_START_SERVICE,0,0.12280685642163014,0.1736696433112254,498.0,220.78179272757072,"pearson_r, mutual_information, entropy_reduction_ratio",0.0,0.16973222717418165,0.0,0.0,0.44430205493396907
perm_com.xgbuy.xg.permission.JPUSH_MESSAGE,0,0.1226982215591482,0.1736404237255381,498.2,220.41225011328203,"pearson_r, mutual_information, entropy_reduction_ratio",0.0,0.16918905286177188,0.0,0.0,0.44430205493396907
intent_safiap.framework.ACTION_CHECK_UPDATE,0,0.12097359007311179,0.17321239870079133,498.8,219.30426352444678,"pearson_r, mutual_information, entropy_reduction_ratio",0.0,0.1605658954315899,0.0,0.0,0.44430205493396907
perm_android.permission.BIND_APPWIDGET,0,0.12063743287148829,0.17313684932211412,499.6,217.82846462296888,"pearson_r, mutual_information, entropy_reduction_ratio",0.0,0.15888510942347242,0.0,0.0,0.44430205493396907
intent_co.ronash.pushe.ACTION_TASK_READY,0,0.12058512574336586,0.17312532537181116,500.2,216.72277222294844,"pearson_r, mutual_information, entropy_reduction_ratio",0.0,0.15862357378286027,0.0,0.0,0.44430205493396907
intent_com.baidu.autoupdatesdk.ACTION_NEW_AS,0,0.12042804797653409,0.17309109448452634,500.4,216.35443143138988,"pearson_r, mutual_information, entropy_reduction_ratio",0.0,0.1578381849487013,0.0,0.0,0.44430205493396907
perm_com.facebook.katana.provider.ACCESS,0,0.12028098797315905,0.17305955745549226,500.6,215.9862032630788,"pearson_r, mutual_information, entropy_reduction_ratio",0.0,0.15710288493182623,0.0,0.0,0.44430205493396907
perm_android.permission.MOUNT_FORMAT_FILESYSTEMS,0,0.12020952389188858,0.17304441039535745,500.8,215.61808829502223,"pearson_r, mutual_information, entropy_reduction_ratio",0.0,0.15674556452547378,0.0,0.0,0.44430205493396907
intent_android.intent.action.PACKAGE_RESTARTED,0,0.12016557233795959,0.16434918303132756,296.9,313.0781691526894,"pearson_r, mutual_information, entropy_reduction_ratio",0.009191093018711322,0.1654008864464109,0.00131904279832487,0.0008795169655355124,0.4240373224608153
intent_android.intent.action.DOWNLOAD_WAKEUP,0,0.12012296068667161,0.173026219366501,501.0,215.2500871079963,"pearson_r, mutual_information, entropy_reduction_ratio",0.0,0.156312748499389,0.0,0.0,0.44430205493396907
perm_android.permission.AUTHENTICATE_ACCOUNTS,0,0.12001600129511644,0.15784474251208105,279.6,337.802072225734,"pearson_r, mutual_information, entropy_reduction_ratio",0.021807277700257862,0.16024496125327525,0.003077766529424697,0.0021231229161280834,0.4128268780764963
perm_,0,0.11969891469603548,0.1729395836106509,501.6,214.14677209801695,"pearson_r, mutual_information, entropy_reduction_ratio",0.0,0.15419251854620838,0.0,0.0,0.44430205493396907
perm_android.permission.BODY_SENSORS,0,0.11966819761136067,0.17084484304769804,349.5,237.77026727494757,"pearson_r, mutual_information, entropy_reduction_ratio",0.0007573759938301282,0.15888507646482344,0.00010992023319373916,7.164736908799662e-05,0.4385169679958681
perm_com.facebook.permission.prod.FB_APP_COMMUNICATION,0,0.11966549206966377,0.17293293010310598,501.8,213.7792319192863,"pearson_r, mutual_information, entropy_reduction_ratio",0.0,0.15402540541434975,0.0,0.0,0.44430205493396907
perm_android.permission.UPDATE_APP_OPS_STATS,0,0.11928873285799671,0.17285969824204442,502.4,212.6773142580092,"pearson_r, mutual_information, entropy_reduction_ratio",0.0,0.15214160935601445,0.0,0.0,0.44430205493396907
intent_com.punchbox.service,0,0.11924635909809089,0.17285166547844102,502.6,212.31024468922828,"pearson_r, mutual_information, entropy_reduction_ratio",0.0,0.1519297405564854,0.0,0.0,0.44430205493396907
perm_com.meizu.c2dm.permission.RECEIVE,0,0.1190970790951819,0.1728236946896738,502.8,211.94329430298095,"pearson_r, mutual_information, entropy_reduction_ratio",0.0,0.15118334054194046,0.0,0.0,0.44430205493396907
intent_com.qihoo360.daemon.pcdaemon.ACTION_START_DOWNLOAF_PAGE,0,0.11886417912366025,0.17278107719603483,503.0,211.57646371938444,"pearson_r, mutual_information, entropy_reduction_ratio",0.0,0.15001884068433213,0.0,0.0,0.44430205493396907
intent_com.qihoo.appstore.plugin.share.IpluginService,0,0.11878716368083193,0.17276725842133217,503.2,211.209753562661,"pearson_r, mutual_information, entropy_reduction_ratio",0.0,0.14963376347019056,0.0,0.0,0.44430205493396907
intent_com.excelliance.kxqp.platform.action.BADGE_REPORT,0,0.11877029743599081,0.1727642503172896,503.4,210.84316446117006,"pearson_r, mutual_information, entropy_reduction_ratio",0.0,0.14954943224598494,0.0,0.0,0.44430205493396907
intent_android.net.wifi.STATE_CHANGE,0,0.11857075544514424,0.20246876025398036,206.6,266.5487572659081,"pearson_r, entropy_reduction_ratio, chi2_stat",0.036922402163806704,0.0,0.01983757959347526,0.013284221393543481,0.5228095740748957
intent_com.secneo.plugin.action.APP_STARTED,0,0.11849164515105634,0.17271549850431048,503.8,210.11035195820315,"pearson_r, mutual_information, entropy_reduction_ratio",0.0,0.1481561708213127,0.0,0.0,0.44430205493396907
perm_android.permission.BROADCAST_PACKAGE_REPLACED,0,0.11832244869749295,0.16689763119869763,319.6,282.5215743974254,"pearson_r, mutual_information, entropy_reduction_ratio",0.004567379478258561,0.1558910131878422,0.000659521399162435,0.0004343181694020494,0.4300600112527995
intent_com.urbanairship.push.OPENED,0,0.1180301836259704,0.16164616601644716,292.0,323.4300542621233,"pearson_r, mutual_information, entropy_reduction_ratio",0.013088234139740399,0.153877242204107,0.0018686439642935657,0.001259121526582041,0.42005767629512897
intent_com.sogou.passport.service.upload,0,0.11797666437187711,0.17263009854401656,504.0,209.74412983442468,"pearson_r, mutual_information, entropy_reduction_ratio",0.0,0.14558126692541642,0.0,0.0,0.44430205493396907
intent_com.qihoo.appstore.ACTION_NOTIFY_UNINSTALL,0,0.11770757656540017,0.17258790349386496,504.6,208.64620772973566,"pearson_r, mutual_information, entropy_reduction_ratio",0.0,0.14423582789303177,0.0,0.0,0.44430205493396907
perm_android.permission.CHANGE_WIMAX_STATE,0,0.11757842229635132,0.1725682435498773,504.8,208.2804839633325,"pearson_r, mutual_information, entropy_reduction_ratio",0.0,0.1435900565477875,0.0,0.0,0.44430205493396907
suspicious_adb_enabled,0,0.11748738358150172,0.19951375997357482,208.8,265.3061627629483,"pearson_r, entropy_reduction_ratio, chi2_stat",0.0485197880267614,0.0,0.01292749838705224,0.010813043671668413,0.5151765878220266
intent_com.kingroot.kinguser.service.IKingrootAppList,0,0.11747361214979594,0.17255257186191397,505.0,207.91488643192434,"pearson_r, mutual_information, entropy_reduction_ratio",0.0,0.14306600581501067,0.0,0.0,0.44430205493396907
intent_com.qihoo360.mobilesafe.clean.DOWNLOADDLG,0,0.11746734742471529,0.1725516431522087,505.2,207.54941580259867,"pearson_r, mutual_information, entropy_reduction_ratio",0.0,0.1430346821896074,0.0,0.0,0.44430205493396907
intent_com.huawei.android.push.intent.RECEIVE,0,0.11740158396017183,0.16940277437667756,340.8,251.89632788113445,"pearson_r, mutual_information, entropy_reduction_ratio",0.0015162852232258914,0.14901570989110266,0.00021984046638747832,0.00014358777931019096,0.43611249644083294
perm_xmpp.permission.RECEIVE_NOTIFICATION,0,0.11717381444778915,0.1725091432046143,505.6,206.81885794095274,"pearson_r, mutual_information, entropy_reduction_ratio",0.0,0.14156701730497673,0.0,0.0,0.44430205493396907
perm_com.lenovo.launcher.permission.READ_SETTINGS,0,0.11652094380090192,0.17242174525638682,506.2,205.72398985047903,"pearson_r, mutual_information, entropy_reduction_ratio",0.0,0.1383026640705406,0.0,0.0,0.44430205493396907
perm_android.permission.RECORD_AUDIO,0,0.11630817767453576,0.19936445794658414,210.8,264.3334258091474,"pearson_r, entropy_reduction_ratio, chi2_stat",0.04341475502803214,0.0,0.013681676432830596,0.010452618480228172,0.5139918384315879
suspicious_sendTextMessage,0,0.11626996447685559,0.1526069265644815,283.8,339.8137136726533,"pearson_r, mutual_information, entropy_reduction_ratio",0.03238006828822633,0.13558528093787606,0.004506729560943305,0.0031986659136325718,0.40567907768359956
intent_android.media.AUDIO_BECOMING_NOISY,0,0.11612607408072999,0.16537269329833926,313.9,293.05808298014915,"pearson_r, mutual_information, entropy_reduction_ratio",0.006102289569862422,0.14524386514528348,0.0008793618655499133,0.0005814858925905949,0.4278233679303636
intent_com.qihoo.appstore.utils.ActivityBroadcastReceiver.ACTION_INTENT_TRANSFER,0,0.11602599134681713,0.17236205010727354,507.2,203.90183912853755,"pearson_r, mutual_information, entropy_reduction_ratio",0.0,0.13582790180011658,0.0,0.0,0.44430205493396907
intent_com.baidu.android.pushservice.action.METHOD,0,0.1158929318790034,0.17014365296319825,355.5,231.67369293901282,"pearson_r, mutual_information, entropy_reduction_ratio",0.0007573759938301282,0.14000874780303713,0.00010992023319373916,7.164736908799662e-05,0.4385169679958681
intent_com.urbanairship.push.DISMISSED,0,0.11567692544911741,0.16203179928173234,297.8,318.6681032045724,"pearson_r, mutual_information, entropy_reduction_ratio",0.011524512715027933,0.14252955574434895,0.001648803497906087,0.001106324150434681,0.4215754311378693
intent_com.google.android.gms.measurement.UPLOAD,0,0.11540913893616937,0.15840501468595597,290.8,328.6149114084752,"pearson_r, mutual_information, entropy_reduction_ratio",0.018613203920271812,0.13870577088146452,0.00263808559664974,0.0018042339657471235,0.4152844003167137
perm_android.permission.WRITE_SECURE_SETTINGS,0,0.11523823008760319,0.1700558727172655,356.5,230.70262243849766,"pearson_r, mutual_information, entropy_reduction_ratio",0.0007573759938301282,0.13673523884603597,0.00010992023319373916,7.164736908799662e-05,0.4385169679958681
intent_com.Remind.alarm.repeat,0,0.11517833395792088,0.17227298087035608,507.8,202.8101575365494,"pearson_r, mutual_information, entropy_reduction_ratio",0.0,0.13158961485563536,0.0,0.0,0.44430205493396907
intent_android.intent.action.NOTIFICATION_REMOVE,0,0.11516745237862328,0.1722719456274997,508.0,202.44653615214068,"pearson_r, mutual_information, entropy_reduction_ratio",0.0,0.1315352069591473,0.0,0.0,0.44430205493396907
intent_com.firebase.jobdispatcher.ACTION_EXECUTE,0,0.11506625571342355,0.15911331669060502,292.6,326.71737021468573,"pearson_r, mutual_information, entropy_reduction_ratio",0.017026314792823665,0.13766194502099188,0.0024182451302622618,0.001646824954810575,0.4165779486682294
intent_com.qihoo.appstore.clipboard.change,0,0.11498736639809211,0.17225521114863346,508.4,201.71970652368103,"pearson_r, mutual_information, entropy_reduction_ratio",0.0,0.13063477705649143,0.0,0.0,0.44430205493396907
suspicious_getCellSignalStrength,0,0.11476919480581667,0.14139939673739907,283.8,346.5304604215912,"pearson_r, mutual_information, entropy_reduction_ratio",0.0660147000563397,0.10430225012632507,0.008793618655499132,0.006833532981767553,0.38790187220915184
perm_com.samsung.android.providers.context.permission.WRITE_USE_APP_FEATURE_SURVEY,0,0.11473817086352067,0.16568391257818388,320.2,285.39614573431083,"pearson_r, mutual_information, entropy_reduction_ratio",0.005334048957017828,0.13817631685602594,0.0007694416323561742,0.0005077509744471391,0.42890329589775633
intent_cn.jpush.android.intent.MESSAGE_RECEIVED,0,0.1143824007205898,0.16510222724943252,316.7,291.26304262642043,"pearson_r, mutual_information, entropy_reduction_ratio",0.006102289569862422,0.13652549834458258,0.0008793618655499133,0.0005814858925905949,0.4278233679303636
intent_com.yulong.mms.NEW_MESSAGE_EXTERNAL,0,0.11398797019754223,0.17217600591662618,508.8,200.99343272853469,"pearson_r, mutual_information, entropy_reduction_ratio",0.0,0.12563779605374212,0.0,0.0,0.44430205493396907
perm_android.permission.BAIDU_LOCATION_SERVICE,0,0.11388229956693736,0.17216898556256138,509.2,200.26772081391448,"pearson_r, mutual_information, entropy_reduction_ratio",0.0,0.1251094429007177,0.0,0.0,0.44430205493396907
perm_android.permission.USE_SIP,0,0.1135416444313277,0.1680433344061136,340.0,256.5603242904093,"pearson_r, mutual_information, entropy_reduction_ratio",0.002276733908733024,0.1306240538896913,0.0003297606995812175,0.00021582408115309063,0.4342618495774798
intent_cn.jpush.android.ui.PushActivity,0,0.1132468248299795,0.16445395082257053,314.0,296.780053238084,"pearson_r, mutual_information, entropy_reduction_ratio",0.006872107769650558,0.13091122552356751,0.0009892820987436525,0.000655530421598536,0.4268059783363372
intent_com.snipermob.sdk.notification,0,0.11324211356648214,0.172131995927914,509.4,199.9050774742853,"pearson_r, mutual_information, entropy_reduction_ratio",0.0,0.12190851289844165,0.0,0.0,0.44430205493396907
perm_com.qihoo.appstore.rtservice.ACCESS_RTSERVICE,0,0.11317004762221461,0.1721284279008734,509.6,199.54257691029252,"pearson_r, mutual_information, entropy_reduction_ratio",0.0,0.12154818317710395,0.0,0.0,0.44430205493396907
intent_com.qihoo.appstore.activate,0,0.1129225782079932,0.17211709383868298,509.8,199.18021990147517,"pearson_r, mutual_information, entropy_reduction_ratio",0.0,0.12031083610599698,0.0,0.0,0.44430205493396907
intent_android.intent.action.EXTERNAL_APPLICATIONS_AVAILABLE,0,0.1127057506209616,0.17210833243053403,510.0,198.8180072327454,"pearson_r, mutual_information, entropy_reduction_ratio",0.0,0.1192266981708389,0.0,0.0,0.44430205493396907
intent_com.huawei.intent.action.PUSH,0,0.11268083383354852,0.16878375844720522,346.2,247.30984614446714,"pearson_r, mutual_information, entropy_reduction_ratio",0.0015162852232258914,0.1254119592579861,0.00021984046638747832,0.00014358777931019096,0.43611249644083294
intent_com.qihoo.appstore.battery.POWER_RANK_START,0,0.11264383408702797,0.17210603103234762,510.2,198.45593969443192,"pearson_r, mutual_information, entropy_reduction_ratio",0.0,0.11891711550117075,0.0,0.0,0.44430205493396907
intent_com.excelliance.kxqp.action.explore,0,0.11231270383296536,0.1720952351465638,510.4,198.09401808232371,"pearson_r, mutual_information, entropy_reduction_ratio",0.0,0.11726146423085777,0.0,0.0,0.44430205493396907
intent_com.miui.smsextra.hhha,0,0.11213580368676979,0.17209051183003157,510.6,197.7322431977142,"pearson_r, mutual_information, entropy_reduction_ratio",0.0,0.11637696349987989,0.0,0.0,0.44430205493396907
intent_android.intent.action.MEDIA_MOUNTED,0,0.11211917252573786,0.1988572164150353,215.0,262.45532953247493,"pearson_r, entropy_reduction_ratio, chi2_stat",0.028515497862877097,0.0,0.013558379663322273,0.009116015541725685,0.5094059695607642
intent_android.intent.action.USER_PRESENT,0,0.11205495161647352,0.19781383884161438,216.6,261.4778002049122,"pearson_r, entropy_reduction_ratio, chi2_stat",0.03284787966851818,0.0,0.011858919353137574,0.008476581201328775,0.5070913778593831
suspicious_Base64,0,0.11150816425837287,0.17207962153808004,511.4,196.28662715529046,"pearson_r, mutual_information, entropy_reduction_ratio",0.0,0.11323876635789522,0.0,0.0,0.44430205493396907
intent_com.mobiletool.appstore.action.specialdetail,0,0.11142605461594776,0.17207887412004777,511.6,195.9255981233693,"pearson_r, mutual_information, entropy_reduction_ratio",0.0,0.11282821814576979,0.0,0.0,0.44430205493396907
intent_com.aspire.purchaseservice.BIND,0,0.11135777237897042,0.1720783719197562,511.8,195.56472074482147,"pearson_r, mutual_information, entropy_reduction_ratio",0.0,0.112486806960883,0.0,0.0,0.44430205493396907
intent_com.qihoo.appstore.BATTERY,0,0.11104958797337146,0.17207745375662176,512.2,194.84342431809188,"pearson_r, mutual_information, entropy_reduction_ratio",0.0,0.11094588493288819,0.0,0.0,0.44430205493396907
suspicious_Cipher,0,0.11079036268277023,0.1720783909945379,512.6,194.12274467460014,"pearson_r, mutual_information, entropy_reduction_ratio",0.0,0.10964975847988206,0.0,0.0,0.44430205493396907
intent_com.meizu.flyme.push.intent.UNREGISTER.FEEDBACK,0,0.11054946111430657,0.1697213865374666,360.9,226.59024692161842,"pearson_r, mutual_information, entropy_reduction_ratio",0.0007573759938301282,0.11329139397955283,0.00010992023319373916,7.164736908799662e-05,0.4385169679958681
perm_com.google.android.googleapps.permission.GOOGLE_AUTH.sierraqa,0,0.11032016967644362,0.17208407707094875,513.0,193.40268870933517,"pearson_r, mutual_information, entropy_reduction_ratio",0.0,0.10729879344824901,0.0,0.0,0.44430205493396907
intent_com.sogou.androidtool.action.sdk,0,0.11012967088569352,0.17208784349149442,513.2,193.04289678721673,"pearson_r, mutual_information, entropy_reduction_ratio",0.0,0.10634629949449856,0.0,0.0,0.44430205493396907
perm_android.permission.INJECT_EVENTS,0,0.11009871702768556,0.1720885351497887,513.4,192.6832634143402,"pearson_r, mutual_information, entropy_reduction_ratio",0.0,0.10619153020445875,0.0,0.0,0.44430205493396907
perm_cn.nubia.launcher.permission.READ_SETTINGS,0,0.10990901590416138,0.17209326038960818,513.8,191.9644758803045,"pearson_r, mutual_information, entropy_reduction_ratio",0.0,0.10524302458683779,0.0,0.0,0.44430205493396907
perm_com.google.android.googleapps.permission.GOOGLE_AUTH.talk,0,0.10964936240650362,0.17210108376536168,514.6,190.52884296084937,"pearson_r, mutual_information, entropy_reduction_ratio",0.0,0.10394475709854911,0.0,0.0,0.44430205493396907
intent_cn.jpush.android.intent.PUSH_TIME,0,0.10943861544072,0.16422110797034678,317.8,294.65464530531335,"pearson_r, mutual_information, entropy_reduction_ratio",0.006872107769650558,0.11187017857727001,0.0009892820987436525,0.000655530421598536,0.4268059783363372
perm_com.google.android.googleapps.permission.GOOGLE_AUTH.jotspot,0,0.10910519704256987,0.17212256096814343,515.0,189.81201226476685,"pearson_r, mutual_information, entropy_reduction_ratio",0.0,0.10122393027888021,0.0,0.0,0.44430205493396907
perm_android.permission.RECEIVE_WAP_PUSH,0,0.1090902027055269,0.17212325015027224,515.2,189.453846622337,"pearson_r, mutual_information, entropy_reduction_ratio",0.0,0.10114895859366543,0.0,0.0,0.44430205493396907
intent_com.mobutils.android.mediation.MaterialNotificationReceiver.ACTION_CANCEL_NOTIFICATION,0,0.10897034962381047,0.17212894662576925,515.4,189.09584871170492,"pearson_r, mutual_information, entropy_reduction_ratio",0.0,0.10054969318508329,0.0,0.0,0.44430205493396907
intent_com.excelliance.kxqp.action.GENERIC,0,0.10892622230333497,0.17213112797338295,515.6,188.73801948733063,"pearson_r, mutual_information, entropy_reduction_ratio",0.0,0.10032905658270574,0.0,0.0,0.44430205493396907
perm_com.google.android.launcher.permission.WRITE_SETTINGS,0,0.10875034774540855,0.17214027126233628,515.8,188.38035991047474,"pearson_r, mutual_information, entropy_reduction_ratio",0.0,0.09944968379307367,0.0,0.0,0.44430205493396907
intent_com.kingroot.master.action.MAIN_EXIT_CHECK,0,0.10865322054118853,0.17214562852428197,516.0,188.02287094925447,"pearson_r, mutual_information, entropy_reduction_ratio",0.0,0.09896404777197355,0.0,0.0,0.44430205493396907
intent_com.mobiletool.appstore.action.service,0,0.10826975989595097,0.17216891827844438,516.4,187.30840878081264,"pearson_r, mutual_information, entropy_reduction_ratio",0.0,0.09704674454578582,0.0,0.0,0.44430205493396907
intent_cn.jpush.android.intent.NOTIFICATION_RECEIVED_PROXY,0,0.10815088254654334,0.16422223637304684,319.4,293.81395474007013,"pearson_r, mutual_information, entropy_reduction_ratio",0.006872107769650558,0.10543151410638682,0.0009892820987436525,0.000655530421598536,0.4268059783363372
intent_com.baoruan.launcher3.ACTION_THEME,0,0.10799143104719841,0.1721879602842363,517.0,186.23801974892237,"pearson_r, mutual_information, entropy_reduction_ratio",0.0,0.09565510030202307,0.0,0.0,0.44430205493396907
intent_com.qihoo.appstore.PACKAGE_ADDED,0,0.10798891148625497,0.17218814087071374,517.2,185.8815752031384,"pearson_r, mutual_information, entropy_reduction_ratio",0.0,0.09564250249730587,0.0,0.0,0.44430205493396907
intent_android.intent.action.PACKAGE_INSTALL,0,0.10792851098812842,0.16645722561811807,337.4,266.51273890754265,"pearson_r, mutual_information, entropy_reduction_ratio",0.003802274720247196,0.10361544669503658,0.0005496011659686957,0.00036118596236254965,0.4313140463970271
perm_android.permission.GET_ACCOUNTS,0,0.10751682366252373,0.18336769993776864,159.0,70.13415715612472,"pearson_r, mutual_information, entropy_reduction_ratio",0.008569413238016053,0.053449755912005535,0.001686546666563183,0.0016687421071836463,0.47220966038885026
perm_android.permission.DIAGNOSTIC,0,0.10735687420576237,0.17223809254207076,517.8,184.81331120890619,"pearson_r, mutual_information, entropy_reduction_ratio",0.0,0.09248231609484274,0.0,0.0,0.44430205493396907
intent_android.net.conn.MEDIA_NOFS,0,0.10729730148149075,0.1722432784002524,518.0,184.45758320004086,"pearson_r, mutual_information, entropy_reduction_ratio",0.0,0.09218445247348467,0.0,0.0,0.44430205493396907
perm_com.qihoo360.launcher.permission.READ_SETTINGS,0,0.1066674789843672,0.1723031354450061,518.4,183.74667343927618,"pearson_r, mutual_information, entropy_reduction_ratio",0.0,0.08903533998786693,0.0,0.0,0.44430205493396907
perm_com.android.agedlauncher.permission.WRITE_SETTINGS,0,0.10649361788753878,0.17232127692468743,518.6,183.39149380491997,"pearson_r, mutual_information, entropy_reduction_ratio",0.0,0.0881660345037248,0.0,0.0,0.44430205493396907
intent_com.areametrics.areametricssdk.AMLocationUpdatesBroadcastReceiver.ACTION_PROCESS_UPDATES,0,0.10638511228729972,0.17233295351060382,518.8,183.03649909239414,"pearson_r, mutual_information, entropy_reduction_ratio",0.0,0.08762350650252955,0.0,0.0,0.44430205493396907
intent_com.qihoo.appstore.launcher.shortcut.GAMEUNION,0,0.10635612678049797,0.1723361188365066,519.0,182.6816903797422,"pearson_r, mutual_information, entropy_reduction_ratio",0.0,0.08747857896852078,0.0,0.0,0.44430205493396907
intent_com.qihoo.appstore.clean.result,0,0.10632389718607649,0.17233966125659192,519.2,182.32706875283222,"pearson_r, mutual_information, entropy_reduction_ratio",0.0,0.08731743099641334,0.0,0.0,0.44430205493396907
intent_safiap.framework.ACTION_CANCEL_NOTIFICATION,0,0.10627762454362107,0.1723447892031995,519.4,181.97263530542168,"pearson_r, mutual_information, entropy_reduction_ratio",0.0,0.08708606778413626,0.0,0.0,0.44430205493396907
perm_com.meizu.flyme.push.permission.RECEIVE,0,0.10624953531809023,0.17234792622322398,519.6,181.61839113922358,"pearson_r, mutual_information, entropy_reduction_ratio",0.0,0.08694562165648205,0.0,0.0,0.44430205493396907
intent_com.inmobi.share.id,0,0.10624349201054181,0.1633291319019042,316.6,301.3347640084031,"pearson_r, mutual_information, entropy_reduction_ratio",0.008416502940969522,0.09586739264673662,0.0012091225651311309,0.0008045425642861681,0.4249198993355857
intent_com.qihoo.appstore.ACTION_GET_DOWNLOAD_APK_PATH,0,0.10607230774617624,0.17236813998935016,519.8,181.2643373639724,"pearson_r, mutual_information, entropy_reduction_ratio",0.0,0.08605948379691215,0.0,0.0,0.44430205493396907
intent_com.qihoo.appstore.batteryrank.POWERPERCENT,0,0.1060133336447042,0.17237502740184682,520.0,180.91047509749123,"pearson_r, mutual_information, entropy_reduction_ratio",0.0,0.0857646132895519,0.0,0.0,0.44430205493396907
perm_android.permission.REAL_GET_TASKS,0,0.10560325310205834,0.16539871433903178,331.4,278.8136295090324,"pearson_r, mutual_information, entropy_reduction_ratio",0.005334048957017828,0.09250172804871418,0.0007694416323561742,0.0005077509744471391,0.42890329589775633
intent_com.qihoo.appstore.launcher.shortcut.HAOWU,0,0.10554961373179805,0.17243198568159288,520.4,180.2033296029793,"pearson_r, mutual_information, entropy_reduction_ratio",0.0,0.0834460137250212,0.0,0.0,0.44430205493396907
perm_android.permission.WRITE_USER_DICTIONARY,0,0.10554593146033744,0.16884878965825192,355.4,240.41347715966342,"pearson_r, mutual_information, entropy_reduction_ratio",0.0015162852232258914,0.08973744739193072,0.00021984046638747832,0.00014358777931019096,0.43611249644083294
perm_ANDROID.PERMISSION.WRITE_APN_SETTINGS,0,0.10553513892298723,0.17243384358920283,520.6,179.85004865164757,"pearson_r, mutual_information, entropy_reduction_ratio",0.0,0.08337363968096707,0.0,0.0,0.44430205493396907
perm_com.qiku.android.launcher3.permission.READ_UNREAD,0,0.10553335670516142,0.1724340726796443,520.8,179.4969637626219,"pearson_r, mutual_information, entropy_reduction_ratio",0.0,0.08336472859183806,0.0,0.0,0.44430205493396907
perm_com.anddoes.launcher.permission.UPDATE_COUNT,0,0.1055103032500198,0.13809077317466173,311.4,352.2474130494076,"pearson_r, entropy_reduction_ratio, mutual_information",0.09703970647482325,0.03312402947329901,0.012420986350892525,0.01049503807070738,0.3744717558803769
intent_action.qihoo360.daemon.pcdaemon.DaemonStatus,0,0.10549196261636769,0.17243941421581183,521.0,179.14407609519216,"pearson_r, mutual_information, entropy_reduction_ratio",0.0,0.08315775814786937,0.0,0.0,0.44430205493396907
intent_com.qihoo.appstore.ACTION_EVENT_STAT,0,0.1054453069093589,0.1724454821626598,521.2,178.79138681715065,"pearson_r, mutual_information, entropy_reduction_ratio",0.0,0.08292447961282544,0.0,0.0,0.44430205493396907
intent_android.intent.action.SIG_STR,0,0.10544097919206993,0.17244604756495893,521.4,178.43889710486334,"pearson_r, mutual_information, entropy_reduction_ratio",0.0,0.08290284102638062,0.0,0.0,0.44430205493396907
perm_com.majeur.launcher.permission.UPDATE_BADGE,0,0.10542493379880255,0.13813562154884107,311.8,352.2876097736053,"pearson_r, entropy_reduction_ratio, mutual_information",0.09703970647482325,0.032697182217212795,0.012420986350892525,0.01049503807070738,0.3744717558803769
perm_android.permission.SIGNAL_PERSISTENT_PROCESSES,0,0.10539427522915816,0.17245217681013672,521.8,177.73452112631355,"pearson_r, mutual_information, entropy_reduction_ratio",0.0,0.08266932121182174,0.0,0.0,0.44430205493396907
intent_android.intent.action.BATTERY_CHANGED_ACTION,0,0.10505388745141189,0.17249836907955482,522.0,177.3826372562997,"pearson_r, mutual_information, entropy_reduction_ratio",0.0,0.0809673823230904,0.0,0.0,0.44430205493396907
perm_com.google.android.googleapps.permission.GOOGLE_AUTH.knol,0,0.10497803035705136,0.17250902763880516,522.2,177.03095774468375,"pearson_r, mutual_information, entropy_reduction_ratio",0.0,0.08058809685128768,0.0,0.0,0.44430205493396907
perm_telecom.mdesk.permission.READ_SETTINGS,0,0.10488888070309636,0.1725217236054442,522.4,176.6794838117884,"pearson_r, mutual_information, entropy_reduction_ratio",0.0,0.08014234858151281,0.0,0.0,0.44430205493396907
perm_com.android.launcher3.permission.INSTALL_SHORTCUT,0,0.10483266848419918,0.17001389883450754,369.9,219.04095507461614,"pearson_r, mutual_information, entropy_reduction_ratio",0.0007573759938301282,0.08470743082901601,0.00010992023319373916,7.164736908799662e-05,0.4385169679958681
intent_com.example.servicejar.action.SHORTCUT_CLICKED,0,0.10477982871680484,0.17253750317568503,522.6,176.32821668695001,"pearson_r, mutual_information, entropy_reduction_ratio",0.0,0.07959708865005514,0.0,0.0,0.44430205493396907
intent_com.mobiletool.appstore.service.weatherservice,0,0.104777720630846,0.17253781091296222,522.8,175.9771576085942,"pearson_r, mutual_information, entropy_reduction_ratio",0.0,0.07958654822026096,0.0,0.0,0.44430205493396907
perm_com.google.android.googleapps.permission.GOOGLE_AUTH.local,0,0.10472922632466045,0.17254491837861854,523.2,175.27566859093704,"pearson_r, mutual_information, entropy_reduction_ratio",0.0,0.07934407668933317,0.0,0.0,0.44430205493396907
perm_com.lge.launcher.permission.READ_SETTINGS,0,0.10470534183191418,0.17254843888892407,523.4,174.92524117462295,"pearson_r, mutual_information, entropy_reduction_ratio",0.0,0.0792246542256018,0.0,0.0,0.44430205493396907
intent_com.qihoo.appstore.ACTION_CHECK_PHOTOS,0,0.10468639587661217,0.17255124082642398,523.6,174.5750268509216,"pearson_r, mutual_information, entropy_reduction_ratio",0.0,0.07912992444909173,0.0,0.0,0.44430205493396907
intent_cn.play.dservice,0,0.10447181808109958,0.17258355248360102,523.8,174.22502690486235,"pearson_r, mutual_information, entropy_reduction_ratio",0.0,0.0780570354715288,0.0,0.0,0.44430205493396907
intent_com.google.android.c2dm.intent.REGISTRATION,0,0.10434214864019842,0.1387214356022378,315.6,352.75974827068916,"pearson_r, entropy_reduction_ratio, mutual_information",0.09703970647482325,0.02728325642419208,0.012420986350892525,0.01049503807070738,0.3744717558803769
intent_show_taskmanager,0,0.1042349379999065,0.17262045448975574,524.2,173.525675333652,"pearson_r, mutual_information, entropy_reduction_ratio",0.0,0.07687263506556351,0.0,0.0,0.44430205493396907
intent_com.qihoo.appstore.launcher.shortcut.WEBVIEW,0,0.10421231575573371,0.17262404626444658,524.4,173.17632632666627,"pearson_r, mutual_information, entropy_reduction_ratio",0.0,0.07675952384469946,0.0,0.0,0.44430205493396907
perm_android.permission.GET_TASKS,0,0.10408406021942726,0.19300199472161886,224.3,257.78161299828975,"pearson_r, entropy_reduction_ratio, chi2_stat",0.020634337571189383,0.0,0.005499914898208159,0.004448840301844899,0.48983720832589384
perm_com.sec.android.app.voicenote.Controller,0,0.10394102650198338,0.17266803709722423,525.0,172.12960233498478,"pearson_r, mutual_information, entropy_reduction_ratio",0.0,0.07540307757594783,0.0,0.0,0.44430205493396907
perm_android.permission.ACCESS_GPS,0,0.10371396261258078,0.16616501153773017,340.0,269.7558155072843,"pearson_r, mutual_information, entropy_reduction_ratio",0.004567379478258561,0.08284858276328136,0.000659521399162435,0.0004343181694020494,0.4300600112527995
perm_com.miui.mihome2.permission.READ_SETTINGS,0,0.10355798458692966,0.17273303210636876,525.6,171.08489120901353,"pearson_r, mutual_information, entropy_reduction_ratio",0.0,0.0734878680006792,0.0,0.0,0.44430205493396907
intent_android.intent.action.SEND_TO_KPSH,0,0.1035154115522858,0.17274046423100547,525.8,170.7371078588366,"pearson_r, mutual_information, entropy_reduction_ratio",0.0,0.07327500282745993,0.0,0.0,0.44430205493396907
intent_com.google.android.gms.gcm.ACTION_TASK_READY,0,0.10349880761121874,0.17294039186132965,248.6,84.8141497628786,"pearson_r, mutual_information, entropy_reduction_ratio",2.400169975347553e-06,0.07272961416271226,6.168363254418685e-07,4.432359562264997e-07,0.4447609636511245
perm_android.permission.WRITE_APN_STORAGE,0,0.10332798788442117,0.17277367863743093,526.4,169.69513841003226,"pearson_r, mutual_information, entropy_reduction_ratio",0.0,0.07233788448813677,0.0,0.0,0.44430205493396907
intent_com.baidu.android.pushservice.action.notification.SHOW,0,0.10320466677828144,0.17023764330369864,374.3,215.80097312106818,"pearson_r, mutual_information, entropy_reduction_ratio",0.0007573759938301282,0.07656742229942727,0.00010992023319373916,7.164736908799662e-05,0.4385169679958681
perm_com.xiaomi.sdk.permission.PAYMENT,0,0.10319328263760634,0.17023942610414503,374.5,215.66107669210965,"pearson_r, mutual_information, entropy_reduction_ratio",0.0007573759938301282,0.0765105015960518,0.00010992023319373916,7.164736908799662e-05,0.4385169679958681
intent_com.door.pay.sdk.app.action,0,0.10309355359885967,0.17281635962242003,526.6,169.34828018022503,"pearson_r, mutual_information, entropy_reduction_ratio",0.0,0.07116571306032929,0.0,0.0,0.44430205493396907
perm_android.permission.SET_DEBUG_APP,0,0.1028722422788528,0.1683133643386669,355.4,246.38230455939808,"pearson_r, mutual_information, entropy_reduction_ratio",0.002276733908733024,0.07727704312731691,0.0003297606995812175,0.00021582408115309063,0.4342618495774798
intent_com.qihoo.appstore.checkupdate.INSTALL_ALL_SILENT_TASK,0,0.10283751081099726,0.17286441557297527,527.0,168.65526970717517,"pearson_r, mutual_information, entropy_reduction_ratio",0.0,0.06988549912101719,0.0,0.0,0.44430205493396907
perm_sec.android.permission.READ_MSG_PREF,0,0.10278496303903462,0.17287446406584067,527.2,168.30912037082246,"pearson_r, mutual_information, entropy_reduction_ratio",0.0,0.06962276026120405,0.0,0.0,0.44430205493396907
intent_com.esbook.receiver.CLICK_BOOK_UPDATE,0,0.10269982959395166,0.17289087813416748,527.8,167.27211363523807,"pearson_r, mutual_information, entropy_reduction_ratio",0.0,0.06919709303578923,0.0,0.0,0.44430205493396907
intent_com.qihoo.appstore.freeze.ICON,0,0.10260715003752426,0.1729089359678409,528.0,166.92693012213456,"pearson_r, mutual_information, entropy_reduction_ratio",0.0,0.06873369525365221,0.0,0.0,0.44430205493396907
perm_com.yulong2.android.launcher.permission.READ_SETTINGS,0,0.10247724165292889,0.17293457876858442,528.2,166.5819918238463,"pearson_r, mutual_information, entropy_reduction_ratio",0.0,0.06808415333067537,0.0,0.0,0.44430205493396907
perm_com.huawei.launcher3.permission.WRITE_SETTINGS,0,0.10236805820817788,0.17295642957023444,528.6,165.89285698908196,"pearson_r, mutual_information, entropy_reduction_ratio",0.0,0.06753823610692028,0.0,0.0,0.44430205493396907
perm_com.sonyericsson.home.permission.BROADCAST_BADGE,0,0.10233115248662653,0.13970982303851534,322.5,357.85974906379175,"pearson_r, entropy_reduction_ratio, mutual_information",0.09900515291483625,0.01559843356137498,0.012640826817280005,0.010737588527247433,0.373673760612394
perm_com.yulong3.android.launcher.permission.READ_SETTINGS,0,0.10231144458699841,0.17296786705859632,528.8,165.54866354036204,"pearson_r, mutual_information, entropy_reduction_ratio",0.0,0.06725516800102295,0.0,0.0,0.44430205493396907
perm_com.sec.android.app.twlauncher.settings.READ_SETTINGS,0,0.10213718606328637,0.17300353235972388,529.0,165.20472148216587,"pearson_r, mutual_information, entropy_reduction_ratio",0.0,0.06638387538246279,0.0,0.0,0.44430205493396907
perm_com.motorola.dock.DesktopDock.permission.READ_SETTINGS,0,0.10201074294352916,0.17302984621353748,529.2,164.86103238788724,"pearson_r, mutual_information, entropy_reduction_ratio",0.0,0.0657516597836767,0.0,0.0,0.44430205493396907
intent_show_lock_app,0,0.10190560152248149,0.1730520053700989,529.4,164.51759784290556,"pearson_r, mutual_information, entropy_reduction_ratio",0.0,0.06522595267843836,0.0,0.0,0.44430205493396907
perm_org.adw.launcher_donut.permission.READ_SETTINGS,0,0.10185839192804905,0.17306203725915068,529.6,164.17441944468695,"pearson_r, mutual_information, entropy_reduction_ratio",0.0,0.06498990470627612,0.0,0.0,0.44430205493396907
perm_android.permission.ACCESS_NETWORK_STATE,0,0.10185107539886065,0.17306359655669887,529.8,163.83149880288587,"pearson_r, mutual_information, entropy_reduction_ratio",0.0,0.06495332206033418,0.0,0.0,0.44430205493396907
perm_android.permission.GET_INTENT_SENDER_INTENT,0,0.10177368785598191,0.17048542656513593,377.3,213.7715135372344,"pearson_r, mutual_information, entropy_reduction_ratio",0.0007573759938301282,0.06941252768792956,0.00010992023319373916,7.164736908799662e-05,0.4385169679958681
intent_com.sogou.androidtool.action.update,0,0.10175151372690003,0.17308493668506766,530.2,163.14643728871312,"pearson_r, mutual_information, entropy_reduction_ratio",0.0,0.06445551370053113,0.0,0.0,0.44430205493396907
intent_android.intent.action.mainintentex,0,0.10173715977476579,0.1730880319993731,530.4,162.80429969752026,"pearson_r, mutual_information, entropy_reduction_ratio",0.0,0.0643837439398598,0.0,0.0,0.44430205493396907
perm_cn.swiftpass.wxpay.permission.MM_MESSAGE,0,0.10172377150099898,0.1730909233146387,530.6,162.46242642531226,"pearson_r, mutual_information, entropy_reduction_ratio",0.0,0.06431680257102584,0.0,0.0,0.44430205493396907
perm_com.google.android.providers.talk.permission.WRITE_ONLY,0,0.10169600451046516,0.17309693288975847,530.8,162.12081914424195,"pearson_r, mutual_information, entropy_reduction_ratio",0.0,0.06417796761835681,0.0,0.0,0.44430205493396907
perm_android.permission.BROADCAST_PACKAGE_ADDED,0,0.1016700620841526,0.16647166335029545,344.6,267.65358207952306,"pearson_r, mutual_information, entropy_reduction_ratio",0.004567379478258561,0.07262908012114043,0.000659521399162435,0.0004343181694020494,0.4300600112527995
intent_show_lock_forget_pwd,0,0.10150190914226309,0.17313943231470688,531.0,161.779479539279,"pearson_r, mutual_information, entropy_reduction_ratio",0.0,0.06320749077734635,0.0,0.0,0.44430205493396907
perm_android.permission.READ_LOGS,0,0.101301185315081,0.19163516358658955,229.6,255.43656746832468,"pearson_r, entropy_reduction_ratio, chi2_stat",0.013512428055633368,0.0,0.005065239988969037,0.0034598722958611716,0.48446838623494143
suspicious_Landroid/telephony/SmsMessage;->getMessageBody,0,0.101301185315081,0.19163516358658955,229.6,255.43656746832468,"pearson_r, entropy_reduction_ratio, chi2_stat",0.013512428055633368,0.0,0.005065239988969037,0.0034598722958611716,0.48446838623494143
intent_com.qihoo.appstore.launcher.shortcut.MYFREEZE,0,0.1012695615719909,0.1731914379926351,531.4,161.09761016228637,"pearson_r, mutual_information, entropy_reduction_ratio",0.0,0.06204575292598543,0.0,0.0,0.44430205493396907
intent_com.qihoo.appstore.free.wifi,0,0.10124681762264424,0.17319659486184982,531.6,160.7570838252548,"pearson_r, mutual_information, entropy_reduction_ratio",0.0,0.0619320331792522,0.0,0.0,0.44430205493396907
perm_com.tsf.shell.permission.READ_SETTINGS,0,0.10123057538105566,0.17320028477873603,531.8,160.41683203454681,"pearson_r, mutual_information, entropy_reduction_ratio",0.0,0.06185082197130927,0.0,0.0,0.44430205493396907
perm_com.samsung.android.scloud.backup.lib.write,0,0.10122098337140699,0.17320246671860995,532.0,160.0768565408504,"pearson_r, mutual_information, entropy_reduction_ratio",0.0,0.061802861923065854,0.0,0.0,0.44430205493396907
intent_com.qihoo.appstore.reservation.alarm,0,0.10117138143867191,0.17321378336851648,532.4,159.3977415147404,"pearson_r, mutual_information, entropy_reduction_ratio",0.0,0.061554852259390495,0.0,0.0,0.44430205493396907
intent_com.qihoo360.daemon.pcdaemon.NotifyServiceStart2,0,0.10116608592703942,0.1732149948491393,532.6,159.0586055515388,"pearson_r, mutual_information, entropy_reduction_ratio",0.0,0.06152837470122799,0.0,0.0,0.44430205493396907
intent_com.easou.action.image.crop,0,0.10107135770060956,0.17323677425565048,532.8,158.7197530240014,"pearson_r, mutual_information, entropy_reduction_ratio",0.0,0.061054733569078694,0.0,0.0,0.44430205493396907
intent_com.qihoo.appstore.launcher.shortcut.PLAYGAME,0,0.1009809143065032,0.17325775928698728,533.0,158.38118575133853,"pearson_r, mutual_information, entropy_reduction_ratio",0.0,0.06060251659854698,0.0,0.0,0.44430205493396907
perm_android.permission.MANAGE_DEVICE_ADMINS,0,0.10096691257512055,0.17326102467750296,533.4,157.7049143178487,"pearson_r, mutual_information, entropy_reduction_ratio",0.0,0.06053250794163377,0.0,0.0,0.44430205493396907
perm_android.permission.CHANGE_COMPONENT_ENABLED_STATE,0,0.100902950084053,0.17327599835981244,533.6,157.3672138661672,"pearson_r, mutual_information, entropy_reduction_ratio",0.0,0.06021269548629597,0.0,0.0,0.44430205493396907
intent_android.service.notification.NotificationListenerService,0,0.10061037048560464,0.16454591411638778,330.8,293.34341649336534,"pearson_r, mutual_information, entropy_reduction_ratio",0.007643510049066973,0.06773849749181142,0.0010992023319373915,0.0007298809459395179,0.4258407616092679
perm_com.google.android.googleapps.permission.GOOGLE_AUTH.orkut,0,0.10042289163716907,0.17339135166694572,534.0,156.69269287366274,"pearson_r, mutual_information, entropy_reduction_ratio",0.0,0.057812403251876296,0.0,0.0,0.44430205493396907
intent_com.qihoo.appstore.launcher.shortcut.EBOOK,0,0.10037564820953734,0.17340298697457615,534.4,156.01935777332247,"pearson_r, mutual_information, entropy_reduction_ratio",0.0,0.057576186113717634,0.0,0.0,0.44430205493396907
intent_com.qihoo.appstore.ACTION_CLEAR_BACKGROUND,0,0.10036768949304553,0.173404952070693,534.6,155.68313974223412,"pearson_r, mutual_information, entropy_reduction_ratio",0.0,0.05753639253125863,0.0,0.0,0.44430205493396907
intent_com.baidu.location.service_v2.2,0,0.10031667947271164,0.17078663041387765,380.9,211.53519801678397,"pearson_r, mutual_information, entropy_reduction_ratio",0.0007573759938301282,0.06212748577157822,0.00010992023319373916,7.164736908799662e-05,0.4385169679958681
intent_com.igexin.sdk.action.user.message,0,0.10031053142727768,0.1734191073065324,534.8,155.34722398549644,"pearson_r, mutual_information, entropy_reduction_ratio",0.0,0.05725060220241938,0.0,0.0,0.44430205493396907
perm_com.android.broswer.permission.WRITE_HISTORY_BOOKMARKS,0,0.10019727026084702,0.17344737567049767,535.2,154.676307170814,"pearson_r, mutual_information, entropy_reduction_ratio",0.0,0.056684296370266,0.0,0.0,0.44430205493396907
perm_android.permission.WRITE_CALENDAR,0,0.10018901766960817,0.15341875252366405,312.6,334.24996634255626,"pearson_r, mutual_information, entropy_reduction_ratio",0.03403344678446211,0.054153581734220524,0.004726570027330784,0.0033696762581648457,0.40466181354386266
intent_com.baidu.autoupdatesdk.ACTION_NEW_UPDATE,0,0.10009854898009407,0.17347225260418894,535.4,154.3413100890361,"pearson_r, mutual_information, entropy_reduction_ratio",0.0,0.05619068996650134,0.0,0.0,0.44430205493396907
perm_com.tencent.mm.plugin.permission.READ,0,0.10008388300329252,0.17347596717476008,535.6,154.0066232341973,"pearson_r, mutual_information, entropy_reduction_ratio",0.0,0.05611736008249356,0.0,0.0,0.44430205493396907
perm_com.amazon.device.messaging.permission.RECEIVE,0,0.10000836856552686,0.16467053573412097,332.4,292.876151299487,"pearson_r, mutual_information, entropy_reduction_ratio",0.007643510049066973,0.06472848789142249,0.0010992023319373915,0.0007298809459395179,0.4258407616092679
intent_com.android.utils.hades.ACTION_INIT_COMMON_RES,0,0.0999586130635907,0.17350789412819229,535.8,153.67224863325194,"pearson_r, mutual_information, entropy_reduction_ratio",0.0,0.05549101038398447,0.0,0.0,0.44430205493396907
perm_com.qiku.android.launcher3.permission.WRITE_UNREAD,0,0.09988870447808175,0.17352586610661222,536.0,153.3381883289352,"pearson_r, mutual_information, entropy_reduction_ratio",0.0,0.05514146745643967,0.0,0.0,0.44430205493396907
perm_com.mediatek.launcherplus.permission.READ_SETTINGS,0,0.09988200687187099,0.17352759373144894,536.2,153.00444437989373,"pearson_r, mutual_information, entropy_reduction_ratio",0.0,0.05510797942538587,0.0,0.0,0.44430205493396907
intent_com.tencent.android.tpush.action.INTERNAL_PUSH_MESSAGE,0,0.09983302157627187,0.17354026023491725,536.4,152.67101886081718,"pearson_r, mutual_information, entropy_reduction_ratio",0.0,0.0548630529473903,0.0,0.0,0.44430205493396907
intent_com.morgoo.droidplugin.ACTION_SHORTCUT_PROXY,0,0.09979206378463855,0.17355089274842495,536.8,152.00513149232825,"pearson_r, mutual_information, entropy_reduction_ratio",0.0,0.054658263989223695,0.0,0.0,0.44430205493396907
intent_android.intent.action.apservice,0,0.09976845060951582,0.17355703992849297,537.0,151.6726738737074,"pearson_r, mutual_information, entropy_reduction_ratio",0.0,0.05454019811361003,0.0,0.0,0.44430205493396907
perm_com.android.launcher.permission.UNINSTALL_SHORTCUT,0,0.09976683045311481,0.19042236565413662,235.6,252.63855604400527,"pearson_r, entropy_reduction_ratio, chi2_stat",0.011376737043772418,0.0,0.004105045745815569,0.002814874649347813,0.48053749482663827
intent_com.yuetu.shentu.Intent.WECHAT_PAY,0,0.09967401318925226,0.17358175094583927,537.4,151.0087414688302,"pearson_r, mutual_information, entropy_reduction_ratio",0.0,0.05406801101229219,0.0,0.0,0.44430205493396907
perm_android.permission.BROADCAST_SMS,0,0.09963829777498942,0.17359114907825193,537.6,150.6772710132487,"pearson_r, mutual_information, entropy_reduction_ratio",0.0,0.05388943394097807,0.0,0.0,0.44430205493396907
intent_com.qihoo.appstore.CHECK_STORAGE,0,0.09949716051993904,0.1736285703890156,538.2,149.68486897478985,"pearson_r, mutual_information, entropy_reduction_ratio",0.0,0.05318374766572616,0.0,0.0,0.44430205493396907
intent_com.kingroot.kinguser.ANTILOG_DELETE,0,0.09949407610920638,0.17362939322753806,538.4,149.35474548871892,"pearson_r, mutual_information, entropy_reduction_ratio",0.0,0.053168325612062806,0.0,0.0,0.44430205493396907
intent_android.intent.action.UPDATE_NOTIFICATION,0,0.09947236485613156,0.17363519130136879,538.6,149.02496435161459,"pearson_r, mutual_information, entropy_reduction_ratio",0.0,0.05305976934668879,0.0,0.0,0.44430205493396907
intent_qihu360.intent.action.EXPORT_STAT,0,0.09944341989477289,0.17364293775179354,538.8,148.6955278412905,"pearson_r, mutual_information, entropy_reduction_ratio",0.0,0.05291504453989537,0.0,0.0,0.44430205493396907
intent_com.android.deskclock.ALARM_SNOOZE,0,0.09941307349687414,0.1709981143476332,383.9,209.84217879158615,"pearson_r, mutual_information, entropy_reduction_ratio",0.0007573759938301282,0.05760945589239077,0.00010992023319373916,7.164736908799662e-05,0.4385169679958681
intent_android.intent.action.MEDIA_UNMOUNTED,0,0.0992153379551614,0.1663951303535409,347.0,272.46357554726467,"pearson_r, mutual_information, entropy_reduction_ratio",0.005334048957017828,0.0605621523142295,0.0007694416323561742,0.0005077509744471391,0.42890329589775633
intent_com.sogou.androidtool.action.specialdetail,0,0.09908370155711513,0.17374078864756018,539.4,147.70930911760436,"pearson_r, mutual_information, entropy_reduction_ratio",0.0,0.051116452851606604,0.0,0.0,0.44430205493396907
intent_show_about,0,0.09904381061641013,0.17375181991096544,539.6,147.38127425151404,"pearson_r, mutual_information, entropy_reduction_ratio",0.0,0.05091699814808161,0.0,0.0,0.44430205493396907
intent_android.intent.action.MEDIA_CHECKING,0,0.098941628367083,0.17378024081903787,540.0,146.7262757654538,"pearson_r, mutual_information, entropy_reduction_ratio",0.0,0.050406086901445914,0.0,0.0,0.44430205493396907
intent_com.cootek.usage.alarm_operation,0,0.09892485504831058,0.17378492865814713,540.2,146.3993169382972,"pearson_r, mutual_information, entropy_reduction_ratio",0.0,0.050322220307583806,0.0,0.0,0.44430205493396907
intent_com.excelliance.kxqp.action.smtsrv,0,0.0988906323678862,0.17379451296964965,540.4,146.0727216149545,"pearson_r, mutual_information, entropy_reduction_ratio",0.0,0.050151106905461915,0.0,0.0,0.44430205493396907
intent_com.qihoo.appstore.CHECK_APP_UPDATE_DESK_NOTIFICATION,0,0.09889062772023464,0.17379451427305315,540.6,145.74649223909302,"pearson_r, mutual_information, entropy_reduction_ratio",0.0,0.05015108366720417,0.0,0.0,0.44430205493396907
perm_android.permission.SET_TIME_ZONE,0,0.09855500555630865,0.17388990742087893,540.8,145.4206312735576,"pearson_r, mutual_information, entropy_reduction_ratio",0.0,0.04847297284757415,0.0,0.0,0.44430205493396907
perm_com.google.android.googleapps.permission.GOOGLE_AUTH.android,0,0.09853600132780702,0.17389538489641262,541.0,145.095141200524,"pearson_r, mutual_information, entropy_reduction_ratio",0.0,0.048377951705066,0.0,0.0,0.44430205493396907
perm_android.permission.SUBSCRIBED_FEEDS_WRITE,0,0.09829214727644865,0.1739663911066802,541.8,143.7969401621606,"pearson_r, mutual_information, entropy_reduction_ratio",0.0,0.04715868144827417,0.0,0.0,0.44430205493396907
perm_android.permission.RECEIVE_MMS,0,0.09825449129636218,0.17015612653986872,375.2,229.9055458226269,"pearson_r, mutual_information, entropy_reduction_ratio",0.0015162852232258914,0.05328024657205447,0.00021984046638747832,0.00014358777931019096,0.43611249644083294
intent_com.excelliance.dualaid.action.downloadcomp,0,0.0982432857562238,0.1739807796919663,542.0,143.47334247169402,"pearson_r, mutual_information, entropy_reduction_ratio",0.0,0.04691437384714997,0.0,0.0,0.44430205493396907
perm_com.google.android.providers.gsf.permission.READ_GSERVICES,0,0.09824177035450263,0.1428920457081239,391.2,390.838790295948,"pearson_r, entropy_reduction_ratio, chi2_stat",0.09313946032339986,0.0,0.011981305418117568,0.01001754901968059,0.3760705370113151
perm_com.tencent.mtt.extension.Player,0,0.09816761156801926,0.17400316995973333,542.2,143.15013098142802,"pearson_r, mutual_information, entropy_reduction_ratio",0.0,0.04653600290612719,0.0,0.0,0.44430205493396907
perm_net.qihoo.launcher.permission.READ_SETTINGS,0,0.09807843841298951,0.17402971950310508,542.4,142.82730831322138,"pearson_r, mutual_information, entropy_reduction_ratio",0.0,0.046090137130978474,0.0,0.0,0.44430205493396907
perm_org.adwfreak.launcher.permission.READ_SETTINGS,0,0.09796822890258478,0.17406277909230422,542.8,142.18284003352866,"pearson_r, mutual_information, entropy_reduction_ratio",0.0,0.045539089578954785,0.0,0.0,0.44430205493396907
intent_com.excelliance.dualaid.action.ext,0,0.09794973130536706,0.17406835456275235,543.0,141.861199769352,"pearson_r, mutual_information, entropy_reduction_ratio",0.0,0.04544660159286623,0.0,0.0,0.44430205493396907
perm_android.webkit.permission.PLUGIN,0,0.0979242970033711,0.17407603341273786,543.2,141.5399590221786,"pearson_r, mutual_information, entropy_reduction_ratio",0.0,0.04531943008288649,0.0,0.0,0.44430205493396907
perm_xvtian.gai.receiver,0,0.09791953261364607,0.17407747344123864,543.4,141.21912051843407,"pearson_r, mutual_information, entropy_reduction_ratio",0.0,0.04529560813426128,0.0,0.0,0.44430205493396907
intent_android.intent.action.CONFIGURATION_CHANGED,0,0.09785749577082141,0.16860964299630915,366.0,247.7175811281872,"pearson_r, mutual_information, entropy_reduction_ratio",0.003038728308830925,0.05282377132371451,0.00043968093277495663,0.000288354926675052,0.4326969433621116
intent_com.dzbook.service.PerpareDataService,0,0.09775782419143307,0.1741266516698028,543.8,140.5786612541178,"pearson_r, mutual_information, entropy_reduction_ratio",0.0,0.04448706602319628,0.0,0.0,0.44430205493396907
perm_android.permission.FOREGROUND_SERVICE,0,0.09771448515098416,0.14931166712154803,322.9,340.4926430923288,"pearson_r, entropy_reduction_ratio, mutual_information",0.05271880977199012,0.029004214631089004,0.007144815157593045,0.005356754756840132,0.3943478314374084
perm_android.permission.GET_CLIPS,0,0.09767328330424122,0.1741525955152467,544.0,140.25904605407808,"pearson_r, mutual_information, entropy_reduction_ratio",0.0,0.04406436158723696,0.0,0.0,0.44430205493396907
intent_com.sogou.pushservice.action.METHOD,0,0.09765066541794984,0.1741595636534596,544.2,139.93984421886427,"pearson_r, mutual_information, entropy_reduction_ratio",0.0,0.04395127215578015,0.0,0.0,0.44430205493396907
intent_com.android.utils.hades.ACTION_UPDATE_COMMON_RES,0,0.09764190049562876,0.17416226704220453,544.4,139.62105858358188,"pearson_r, mutual_information, entropy_reduction_ratio",0.0,0.043907447544174756,0.0,0.0,0.44430205493396907
perm_com.zte.mifavor.launcher.permission.WRITE_SETTINGS,0,0.09759869629811543,0.1741756177986117,544.8,138.98474736459391,"pearson_r, mutual_information, entropy_reduction_ratio",0.0,0.04369142655660809,0.0,0.0,0.44430205493396907
perm_com.bbk.launcher2.permission.WRITE_SETTINGS,0,0.0974906332945677,0.17420919409991442,545.0,138.66722756296818,"pearson_r, mutual_information, entropy_reduction_ratio",0.0,0.043151111538869434,0.0,0.0,0.44430205493396907
perm_android.permission.WRITE_INTERNAL_STORAGE,0,0.09745674612796533,0.1591742012325626,323.6,322.9882970016096,"pearson_r, mutual_information, entropy_reduction_ratio",0.020206839022110148,0.048220105407966715,0.002857926063037218,0.001962989064137826,0.4140358710825748
perm_com.huawei.android.launcher.permission.CHANGE_BADGE,0,0.09745254099532244,0.14385871039982492,393.0,388.23163189003543,"pearson_r, entropy_reduction_ratio, chi2_stat",0.08832053296651057,0.0,0.011431704252148872,0.009434521796560492,0.37807594596139227
intent_android.easou.eyou.SEND_SMS_RESULT,0,0.09735338432952997,0.17425221589494494,545.2,138.35013552577388,"pearson_r, mutual_information, entropy_reduction_ratio",0.0,0.04246486671368077,0.0,0.0,0.44430205493396907
intent_cn.jpush.android.intent.NOTIFICATION_OPENED,0,0.09734312394329689,0.16632945775433877,348.9,277.99287760660343,"pearson_r, mutual_information, entropy_reduction_ratio",0.006102289569862422,0.051329114458117914,0.0008793618655499133,0.0005814858925905949,0.4278233679303636
perm_android.permission.DEVICE_POWER,0,0.09724896998043084,0.17428522786341774,545.4,138.03347420100675,"pearson_r, mutual_information, entropy_reduction_ratio",0.0,0.04194279496818512,0.0,0.0,0.44430205493396907
intent_com.mobiletool.appstore.action.BackgroundService,0,0.09724253288805046,0.1742872710184642,545.6,137.7172465597537,"pearson_r, mutual_information, entropy_reduction_ratio",0.0,0.041910609506283204,0.0,0.0,0.44430205493396907
perm_android.permission.MANAGE_ACCOUNTS,0,0.09722092345940776,0.188240629018297,244.6,248.70512660578592,"pearson_r, entropy_reduction_ratio, chi2_stat",0.00791871450614537,0.0,0.002672947484146265,0.001847516571392273,0.4736654387353549
perm_android.permission.REQUEST_INSTALL_PACKAGES,0,0.09722092345940776,0.188240629018297,244.6,248.70512660578592,"pearson_r, entropy_reduction_ratio, chi2_stat",0.00791871450614537,0.0,0.002672947484146265,0.001847516571392273,0.4736654387353549
intent_wifi.intent.action.SDK_RESULT,0,0.0969791040888008,0.1743716790716484,546.2,136.7711957979457,"pearson_r, mutual_information, entropy_reduction_ratio",0.0,0.04059346551003489,0.0,0.0,0.44430205493396907
perm_telecom.mdesk.permission.WRITE_SETTINGS,0,0.09693760457219798,0.17438511778415666,546.4,136.45673306949715,"pearson_r, mutual_information, entropy_reduction_ratio",0.0,0.04038596792702084,0.0,0.0,0.44430205493396907
intent_com.qihoo.appstore.NOTIFY_DELETE,0,0.09684958911725619,0.1744137469568539,546.6,136.14271923242902,"pearson_r, mutual_information, entropy_reduction_ratio",0.0,0.03994589065231192,0.0,0.0,0.44430205493396907
intent_android.content.SyncAdapter,0,0.09673322017538637,0.165500409110251,343.6,290.57260710534985,"pearson_r, mutual_information, entropy_reduction_ratio",0.007643510049066973,0.04835274594072004,0.0010992023319373915,0.0007298809459395179,0.4258407616092679
intent_com.baidu.autoupdatesdk.ACTION_AS_DOWNLOAD_COMPLETE,0,0.09659086299186252,0.17449890495705161,547.0,135.51605070986977,"pearson_r, mutual_information, entropy_reduction_ratio",0.0,0.038652260025343534,0.0,0.0,0.44430205493396907
intent_android.net.wifi.WIFI_STATE_CHANGED,0,0.09651822313612671,0.1856435002260551,201.4,127.0174791121285,"pearson_r, mutual_information, entropy_reduction_ratio",0.005314118820642524,0.006619383650843468,0.0016946138756755696,0.001180934214340728,0.4677820651191313
intent_com.umeng.message.enablecallback.action,0,0.09642960075906233,0.1690147156581319,369.6,246.78865452042157,"pearson_r, mutual_information, entropy_reduction_ratio",0.003038728308830925,0.04568429626491908,0.00043968093277495663,0.000288354926675052,0.4326969433621116
perm_android.permission.READ_EXTERNAL_STORAGE,0,0.09634781212686837,0.18729135095797209,261.0,241.96446020025337,"pearson_r, entropy_reduction_ratio, f_stat",0.008606525685353675,0.0,0.0007392524687122897,0.001513418808651598,0.47087986367162427
intent_com.baidu.android.pushservice.action.RECEIVE,0,0.09621490945237118,0.17189723027720394,395.7,204.75902910494568,"pearson_r, mutual_information, entropy_reduction_ratio",0.0007573759938301282,0.04161863566987593,0.00010992023319373916,7.164736908799662e-05,0.4385169679958681
intent_com.onesignal.NotificationExtender,0,0.09610721367526072,0.16477043917874076,342.3,296.47741903895485,"pearson_r, mutual_information, entropy_reduction_ratio",0.009191093018711322,0.04510909313291661,0.00131904279832487,0.0008795169655355124,0.42403732246081527
intent_com.excelliance.dualaid.action.appcrash,0,0.09596382843067093,0.17471147510552412,547.6,134.5794932372685,"pearson_r, mutual_information, entropy_reduction_ratio",0.0,0.03551708721938556,0.0,0.0,0.44430205493396907
intent_com.kingroot.master.action.NAIN_EXIT_NOTIFY,0,0.09595757038879452,0.17471364070007847,547.8,134.26823898450445,"pearson_r, mutual_information, entropy_reduction_ratio",0.0,0.03548579701000353,0.0,0.0,0.44430205493396907
perm_com.bbk.launcher2.permission.READ_SETTINGS,0,0.09592460522503722,0.1747250626478882,548.0,133.9574559328446,"pearson_r, mutual_information, entropy_reduction_ratio",0.0,0.035320971191217014,0.0,0.0,0.44430205493396907
intent_com.kingroot.common.ACTION_NOTIFY_IN_SELF_APP_MAIN,0,0.09582420058991663,0.17476000003775397,548.2,133.64714736948187,"pearson_r, mutual_information, entropy_reduction_ratio",0.0,0.0348189480156141,0.0,0.0,0.44430205493396907
perm_com.huawei.launcher3.permission.READ_SETTINGS,0,0.09579346721106755,0.17477073893085296,548.4,133.33731660716742,"pearson_r, mutual_information, entropy_reduction_ratio",0.0,0.0346652811213686,0.0,0.0,0.44430205493396907
perm_android.permission.USE_CREDENTIALS,0,0.09577701371486529,0.15223648552800584,326.8,338.7432065739474,"pearson_r, entropy_reduction_ratio, mutual_information",0.04410984349434414,0.025430854512249874,0.006045612825655653,0.004428665806495548,0.3988700919355812
perm_dianxin.permission.ACCESS_LAUNCHER_DATA,0,0.09575726368233459,0.174783416093465,548.6,133.02796698439016,"pearson_r, mutual_information, entropy_reduction_ratio",0.0,0.03448426347770388,0.0,0.0,0.44430205493396907
perm_android.permission.ACCESS_WIMAX_STATE,0,0.09568563888584022,0.17480858215227227,549.0,132.41072464117096,"pearson_r, mutual_information, entropy_reduction_ratio",0.0,0.0341261394952321,0.0,0.0,0.44430205493396907
intent_com.evernote.android.job.ADD_JOB_CREATOR,0,0.09544721323738294,0.1748931745619849,549.4,131.79544756932995,"pearson_r, mutual_information, entropy_reduction_ratio",0.0,0.032934011252945594,0.0,0.0,0.44430205493396907
perm_android.permission.VIBRATE,0,0.09542588168720455,0.18646032314745598,268.0,239.17106848446366,"pearson_r, entropy_reduction_ratio, f_stat",0.0069973467487919275,0.0,0.0005843743332953103,0.0012348369612035688,0.46831285039273196
intent_android.intent.action.ANY_DATA_STATE,0,0.09525148380045825,0.17496355933756141,549.8,131.18216342170913,"pearson_r, mutual_information, entropy_reduction_ratio",0.0,0.031955364068322244,0.0,0.0,0.44430205493396907
perm_com.sec.android.permission.LAUNCH_PERSONAL_PAGE_SERVICE,0,0.0951294840022325,0.1750078594222072,550.0,130.87627745317332,"pearson_r, mutual_information, entropy_reduction_ratio",0.0,0.0313453650771935,0.0,0.0,0.44430205493396907
intent_com.sogou.androidtool.action.download,0,0.09496527716615587,0.17506800476330425,550.6,129.9616866618774,"pearson_r, mutual_information, entropy_reduction_ratio",0.0,0.030524330896810285,0.0,0.0,0.44430205493396907
intent_com.excelliance.open.action.gameverchk,0,0.09494690166799816,0.17507477234432994,550.8,129.6578574556899,"pearson_r, mutual_information, entropy_reduction_ratio",0.0,0.030432453406021687,0.0,0.0,0.44430205493396907
perm_android.permission.WRITE_SOCIAL_STREAM,0,0.09494658430374227,0.17507488929307244,551.0,129.35455152409597,"pearson_r, mutual_information, entropy_reduction_ratio",0.0,0.030430866584742266,0.0,0.0,0.44430205493396907
intent_com.qihoo.appstore.launcher.shortcut.APP_GROUP,0,0.09494258386323852,0.1750763636461994,551.2,129.0517725565984,"pearson_r, mutual_information, entropy_reduction_ratio",0.0,0.030410864382223533,0.0,0.0,0.44430205493396907
perm_me.everything.badger.permission.BADGE_COUNT_WRITE,0,0.09489953448760004,0.1473605404317363,396.6,383.48929580889217,"pearson_r, entropy_reduction_ratio, chi2_stat",0.07238460815715617,0.0,0.009563060287855306,0.007560248765724173,0.38498975522726453
perm_me.everything.badger.permission.BADGE_COUNT_READ,0,0.09489953448760004,0.1473605404317363,396.6,383.48929580889217,"pearson_r, entropy_reduction_ratio, chi2_stat",0.07238460815715617,0.0,0.009563060287855306,0.007560248765724173,0.38498975522726453
intent_android.intent.action.SCREEN_OFF,0,0.09483862850942751,0.17119296589292737,384.6,227.1744703966535,"pearson_r, mutual_information, entropy_reduction_ratio",0.0015162852232258914,0.036200932637381014,0.00021984046638747832,0.00014358777931019096,0.43611249644083294
intent_android.net.VpnService,0,0.09480593602064247,0.16884908313236877,369.8,254.24350532511153,"pearson_r, mutual_information, entropy_reduction_ratio",0.003802274720247196,0.03800257185760679,0.0005496011659686957,0.00036118596236254965,0.4313140463970271
perm_com.kingroot.kinguser.permission.REQUEST,0,0.09476760761961675,0.1751411962105377,551.4,128.74952427096574,"pearson_r, mutual_information, entropy_reduction_ratio",0.0,0.02953598316411464,0.0,0.0,0.44430205493396907
suspicious_getSystemService,0,0.09469133856829078,0.17516966685518978,551.8,128.14663475877936,"pearson_r, mutual_information, entropy_reduction_ratio",0.0,0.02915463790748481,0.0,0.0,0.44430205493396907
intent_com.qihoo.appstore.download_some_apk,0,0.09463297658048662,0.17519153950717492,552.2,127.5459133018381,"pearson_r, mutual_information, entropy_reduction_ratio",0.0,0.02886282796846405,0.0,0.0,0.44430205493396907
intent_com.sogou.androidtool.action.backtomarket,0,0.09462990916539517,0.17519269117524,552.4,127.24637519395199,"pearson_r, mutual_information, entropy_reduction_ratio",0.0,0.028847490893006745,0.0,0.0,0.44430205493396907
intent_com.qihoo.appstore.plugin.battery.setPowerRankConfig,0,0.09455666884419056,0.17522025096628924,552.6,126.94739067818605,"pearson_r, mutual_information, entropy_reduction_ratio",0.0,0.028481289286983753,0.0,0.0,0.44430205493396907
intent_com.secneo.plugin.action.HOURLY,0,0.09440575943591048,0.17527740937196992,552.8,126.64896367519158,"pearson_r, mutual_information, entropy_reduction_ratio",0.0,0.027726742245583382,0.0,0.0,0.44430205493396907
perm_org.adw.launcher.permission.WRITE_SETTINGS,0,0.09439840838772916,0.17528020645137565,553.0,126.351098135315,"pearson_r, mutual_information, entropy_reduction_ratio",0.0,0.02768998700467671,0.0,0.0,0.44430205493396907
intent_com.qihoo.appstore.ACTION_GAME_UNION_WEB,0,0.0943858922389273,0.17528497159000692,553.2,126.0537980387739,"pearson_r, mutual_information, entropy_reduction_ratio",0.0,0.027627406260667398,0.0,0.0,0.44430205493396907
intent_com.phonemetra.turbo.launcher.icons.ACTION_PICK_ICON,0,0.09429249179189353,0.17532063969981085,553.6,125.46091024697694,"pearson_r, mutual_information, entropy_reduction_ratio",0.0,0.027160404025498554,0.0,0.0,0.44430205493396907
intent_com.sogou.androidtool.action.extend,0,0.09424794839602446,0.17533771762951958,553.8,125.16533066308737,"pearson_r, mutual_information, entropy_reduction_ratio",0.0,0.026937687046153236,0.0,0.0,0.44430205493396907
perm_android.permission.READ_CALENDAR,0,0.09423808840019492,0.1563886302560407,331.2,331.2282596639363,"pearson_r, entropy_reduction_ratio, mutual_information",0.03155610557126934,0.02592931371934287,0.004396809327749566,0.0031137272618497014,0.40619448612076314
intent_android.intent.action.TIME_TICK,0,0.09400750081722051,0.17265335490772624,400.1,203.5326509432823,"pearson_r, mutual_information, entropy_reduction_ratio",0.0007573759938301282,0.030581592494122636,0.00010992023319373916,7.164736908799662e-05,0.4385169679958681
intent_com.mobiletool.appstore.service.weathernotifyreceiver,0,0.09390329203972028,0.17547133154558997,554.6,123.98887046828034,"pearson_r, mutual_information, entropy_reduction_ratio",0.0,0.025214405264632304,0.0,0.0,0.44430205493396907
intent_com.qihoo.appstore.battery.START,0,0.09383640359700055,0.17549756430211363,554.8,123.6962408482974,"pearson_r, mutual_information, entropy_reduction_ratio",0.0,0.02487996305103365,0.0,0.0,0.44430205493396907
perm_com.google.android.googleapps.permission.GOOGLE_AUTH.dodgeball,0,0.09374399266444629,0.17553396791803372,555.0,123.40421386646406,"pearson_r, mutual_information, entropy_reduction_ratio",0.0,0.024417908388262334,0.0,0.0,0.44430205493396907
intent_com.telecom.sdk_auth_ui.SMS_SEND_ACTIOIN,0,0.09370675330491385,0.17554869056214448,555.2,123.11279381120389,"pearson_r, mutual_information, entropy_reduction_ratio",0.0,0.024231711590600197,0.0,0.0,0.44430205493396907
intent_com.qihoo.appstore.ACTION_LAUNCH_SERVICE_ACTIVITY,0,0.09361577121811734,0.17558478817253764,555.4,122.82198500268589,"pearson_r, mutual_information, entropy_reduction_ratio",0.0,0.023776801156617615,0.0,0.0,0.44430205493396907
perm_com.motorola.mmsp.motoswitch.permission.READ_SETTINGS,0,0.0935599184275018,0.17560703778173326,555.6,122.53179179298733,"pearson_r, mutual_information, entropy_reduction_ratio",0.0,0.023497537203539896,0.0,0.0,0.44430205493396907
intent_org.agoo.android.intent.action.PING,0,0.09355647265359845,0.175608412680652,555.8,122.24221856625476,"pearson_r, mutual_information, entropy_reduction_ratio",0.0,0.023480308334023214,0.0,0.0,0.44430205493396907
suspicious_getDeviceId,0,0.09349622335523598,0.18365661010779735,298.7,231.23096678429556,"pearson_r, entropy_reduction_ratio, f_stat",0.006102289569862422,0.0,1.4298566919510832e-05,0.0005837867018234347,0.46078074193757457
intent_com.qihoo360.mobilesafe.pcdaemon.sms.restore.end,0,0.09345396315009255,0.17564943376690806,556.0,121.9532697388635,"pearson_r, mutual_information, entropy_reduction_ratio",0.0,0.02296776081649366,0.0,0.0,0.44430205493396907
intent_com.sogou.androidtool.browser.highspeed,0,0.09336452800934383,0.17568541050430486,556.4,121.37726310969447,"pearson_r, mutual_information, entropy_reduction_ratio",0.0,0.022520585112750048,0.0,0.0,0.44430205493396907
perm_android.permission.READ_SYNC_SETTINGS,0,0.09326574261786633,0.16665531925315147,352.6,289.9648944268944,"pearson_r, mutual_information, entropy_reduction_ratio",0.007643510049066973,0.031015358153119867,0.0010992023319373915,0.0007298809459395179,0.4258407616092679
intent_com.qihoo.appstore.battery.ICON,0,0.09324266300171621,0.17573471388336848,556.6,121.09021430322105,"pearson_r, mutual_information, entropy_reduction_ratio",0.0,0.021911260074612027,0.0,0.0,0.44430205493396907
perm_com.google.android.googleapps.permission.GOOGLE_AUTH.sierra,0,0.09323379779748696,0.17573831316177635,556.8,120.80380788700329,"pearson_r, mutual_information, entropy_reduction_ratio",0.0,0.021866934053465736,0.0,0.0,0.44430205493396907
intent_safiap.framework.ACTION_TO_INSTALL,0,0.0932125762292061,0.17574693609821562,557.0,120.51804844088706,"pearson_r, mutual_information, entropy_reduction_ratio",0.0,0.02176082621206143,0.0,0.0,0.44430205493396907
perm_com.android.browser.permission.WRITE_HISTORY_BOOKMARKS,0,0.09316739517490198,0.17576532719514465,557.2,120.23294057786327,"pearson_r, mutual_information, entropy_reduction_ratio",0.0,0.021534920940540842,0.0,0.0,0.44430205493396907
perm_com.sec.android.permission.VOIP_INTERFACE,0,0.09308380030883981,0.17579947215677702,557.8,119.38157311746231,"pearson_r, mutual_information, entropy_reduction_ratio",0.0,0.021116946610229947,0.0,0.0,0.44430205493396907
perm_com.baiqi.weather.permission.READ_SETTINGS,0,0.09308090994191798,0.1758006554744467,558.0,119.09911838464633,"pearson_r, mutual_information, entropy_reduction_ratio",0.0,0.021102494775620796,0.0,0.0,0.44430205493396907
intent_android.intent.action.MAIN,0,0.09301680417499897,0.1758269472136004,558.2,118.81733880204523,"pearson_r, mutual_information, entropy_reduction_ratio",0.0,0.020781965941025746,0.0,0.0,0.44430205493396907
intent_com.amazon.device.messaging.intent.REGISTRATION,0,0.09300197147765242,0.16886923225850925,370.0,261.6260690374719,"pearson_r, mutual_information, entropy_reduction_ratio",0.004567379478258561,0.029288627088639555,0.000659521399162435,0.0004343181694020494,0.4300600112527995
intent_com.excelliance.dualaid.action.process.64,0,0.09300107496360889,0.1758334119277881,558.6,118.25582438087353,"pearson_r, mutual_information, entropy_reduction_ratio",0.0,0.02070331988407538,0.0,0.0,0.44430205493396907
intent_android.intent.action.PUSH_NOTIFY_ALARM,0,0.09296632744339224,0.17584771228293058,558.8,117.97609927438693,"pearson_r, mutual_information, entropy_reduction_ratio",0.0,0.020529582282992134,0.0,0.0,0.44430205493396907
perm_android.permission.READ_INSTALL_SESSIONS,0,0.09290236661382154,0.1758741041418973,559.2,117.4187378572943,"pearson_r, mutual_information, entropy_reduction_ratio",0.0,0.020209778135138627,0.0,0.0,0.44430205493396907
perm_com.huawei.launcher2.permission.WRITE_SETTINGS,0,0.09287913394308986,0.17588371258501573,559.4,117.14111148525097,"pearson_r, mutual_information, entropy_reduction_ratio",0.0,0.020093614781480265,0.0,0.0,0.44430205493396907
perm_com.sec.android.app.twlauncher.settings.WRITE_SETTINGS,0,0.09282246046510581,0.17590720058387704,559.6,116.86419468768011,"pearson_r, mutual_information, entropy_reduction_ratio",0.0,0.01981024739155995,0.0,0.0,0.44430205493396907
intent_com.facebook.sdk.ACTION_CURRENT_ACCESS_TOKEN_CHANGED,0,0.092810865767265,0.1502494404510648,328.8,340.40998810258196,"pearson_r, entropy_reduction_ratio, mutual_information",0.03678385067681042,0.02281397456934684,0.0062528060492888365,0.00577823828239255,0.3924254592584863
intent_com.kingroot.kinguser.ACTION_MAIN_START_CHECK,0,0.09265127777930865,0.17597857052710672,559.8,116.58799252067084,"pearson_r, mutual_information, entropy_reduction_ratio",0.0,0.018954333962574173,0.0,0.0,0.44430205493396907
intent_com.qihoo360.daemon.pcdaemon.NotifyServiceStop2,0,0.09254047573168975,0.17602510598688814,560.0,116.31251007522793,"pearson_r, mutual_information, entropy_reduction_ratio",0.0,0.018400323724479653,0.0,0.0,0.44430205493396907
intent_com.excelliance.kxqp.action.space.stat,0,0.09243198414353551,0.17607092941501876,560.6,115.49043250416892,"pearson_r, mutual_information, entropy_reduction_ratio",0.0,0.017857865783708456,0.0,0.0,0.44430205493396907
intent_com.excelliance.dualaid.b64.action.update.done,0,0.09242386703051249,0.17607436809971308,560.8,115.21788055679552,"pearson_r, mutual_information, entropy_reduction_ratio",0.0,0.01781728021859337,0.0,0.0,0.44430205493396907
perm_com.google.android.googleapps.permission.GOOGLE_AUTH.adsense,0,0.09242315373332284,0.17607467034495858,561.0,114.94607431313172,"pearson_r, mutual_information, entropy_reduction_ratio",0.0,0.017813713732645124,0.0,0.0,0.44430205493396907
intent_action.com.excelliance.install.plugin,0,0.0923017899092268,0.1761262564971541,561.2,114.67501907564699,"pearson_r, mutual_information, entropy_reduction_ratio",0.0,0.017206894612164878,0.0,0.0,0.44430205493396907
intent_com.amazon.device.messaging.intent.RECEIVE,0,0.09228617985285381,0.16751710966118322,359.8,283.9404162848255,"pearson_r, mutual_information, entropy_reduction_ratio",0.006872107769650558,0.026108000637939128,0.0009892820987436525,0.000655530421598536,0.4268059783363372
perm_com.google.android.googleapps.permission.GOOGLE_AUTH.wise,0,0.09223881898437145,0.1761531483654731,561.4,114.40472018234212,"pearson_r, mutual_information, entropy_reduction_ratio",0.0,0.01689203998788819,0.0,0.0,0.44430205493396907
perm_android.permission.ACCESS_CHECKIN_PROPERTIES,0,0.09211557679779045,0.17620602781177866,561.8,113.86641295834343,"pearson_r, mutual_information, entropy_reduction_ratio",0.0,0.016275829054983183,0.0,0.0,0.44430205493396907
intent_safiap.GET_SHARED_DATA,0,0.09207875784562194,0.17622188950251183,562.0,113.59841548190714,"pearson_r, mutual_information, entropy_reduction_ratio",0.0,0.01609173429414066,0.0,0.0,0.44430205493396907
perm_com.excelliance.dualaid.assist,0,0.0919279320027303,0.17628717181725673,562.4,113.06476020405297,"pearson_r, mutual_information, entropy_reduction_ratio",0.0,0.015337605079682433,0.0,0.0,0.44430205493396907
perm_com.google.android.googleapps.permission.GOOGLE_AUTH.finance,0,0.09189760519506827,0.1763003576468714,562.6,112.79911347169356,"pearson_r, mutual_information, entropy_reduction_ratio",0.0,0.015185971041372303,0.0,0.0,0.44430205493396907
intent_com.qihoo360.daemon.pcdaemon.ACTION_START_RECEIVER,0,0.09184984871029998,0.176321162045621,562.8,112.53426144956921,"pearson_r, mutual_information, entropy_reduction_ratio",0.0,0.014947188617530884,0.0,0.0,0.44430205493396907
perm_android.permission.PREVENT_POWER_KEY,0,0.09168350901850114,0.1723858131097884,396.2,225.92512033857588,"pearson_r, mutual_information, entropy_reduction_ratio",0.0015162852232258914,0.020425335182749207,0.00021984046638747832,0.00014358777931019096,0.43611249644083294
intent_ACTION.TAPCORE.SYNC,0,0.0915535039553468,0.176451361190256,563.2,112.0069640692042,"pearson_r, mutual_information, entropy_reduction_ratio",0.0,0.013465464842764905,0.0,0.0,0.44430205493396907
intent_com.baidu.android.pushservice.action.MESSAGE,0,0.09150831649765787,0.17364098226229915,409.9,202.15573204833942,"pearson_r, mutual_information, entropy_reduction_ratio",0.0007573759938301282,0.018085670896309337,0.00010992023319373916,7.164736908799662e-05,0.4385169679958681
perm_android.permission.READ_SYNC_STATS,0,0.09137469817728465,0.16839607875769466,367.3,276.9251884534883,"pearson_r, mutual_information, entropy_reduction_ratio",0.006102289569862422,0.02148698562805678,0.0008793618655499133,0.0005814858925905949,0.4278233679303636
intent_com.taobao.accs.intent.action.START_FROM_AGOO,0,0.09135083807078699,0.17014783588439544,381.0,253.74081264156146,"pearson_r, mutual_information, entropy_reduction_ratio",0.003802274720247196,0.020727082108329384,0.0005496011659686957,0.00036118596236254965,0.4313140463970271
perm_android.permission.SYSTEM_ALERT_WINDOW,0,0.09133912741186195,0.1817891634995881,311.2,222.9326355650962,"pearson_r, entropy_reduction_ratio, chi2_stat",0.001237587332013118,0.0,0.0003003343603506646,0.0002412386462354109,0.45491647672071056
intent_oh.rt.hj.j.g,0,0.09133181962095713,0.1765499964078719,564.2,110.70302615556632,"pearson_r, mutual_information, entropy_reduction_ratio",0.0,0.012357043170816562,0.0,0.0,0.44430205493396907
intent_android.intent.action.UMS_DISCONNECTED,0,0.09128206467337638,0.17657227955022772,564.4,110.44473731237717,"pearson_r, mutual_information, entropy_reduction_ratio",0.0,0.012108268432912815,0.0,0.0,0.44430205493396907
intent_show_encourage,0,0.09123502476258835,0.1765933957236238,564.6,110.18729509339994,"pearson_r, mutual_information, entropy_reduction_ratio",0.0,0.01187306887897268,0.0,0.0,0.44430205493396907
perm_qiku.permission.RECEIVE_ACTIVITY_RESUMED,0,0.09108218598394724,0.17666233333901446,565.0,109.67497435604898,"pearson_r, mutual_information, entropy_reduction_ratio",0.0,0.011108874985767115,0.0,0.0,0.44430205493396907
intent_com.google.android.gms.iid.InstanceID,0,0.09107099068502741,0.15588110156338655,343.4,341.2216874701841,"pearson_r, entropy_reduction_ratio, chi2_stat",0.03903779055086921,0.005333141525662425,0.0053860914264932174,0.0038919841939099253,0.40170594572820234
perm_com.yulong2.android.launcher.permission.WRITE_SETTINGS,0,0.0909785052433529,0.17670938402867317,565.4,109.16611195787821,"pearson_r, mutual_information, entropy_reduction_ratio",0.0,0.010590471282795388,0.0,0.0,0.44430205493396907
intent_com.qihoo.sdkplugging.host.service.CommonHostProxyService,0,0.09094421665633427,0.17672499509355577,565.6,108.91299279700287,"pearson_r, mutual_information, entropy_reduction_ratio",0.0,0.010419028347702333,0.0,0.0,0.44430205493396907
perm_com.tencent.mm.plugin.permission.WRITE,0,0.0909263443187534,0.17673314209620544,566.0,108.40940918573443,"pearson_r, mutual_information, entropy_reduction_ratio",0.0,0.01032966665979794,0.0,0.0,0.44430205493396907
intent_com.qihoo.appstore.zhushouhelper.IZhushouHelperService,0,0.09090413133087574,0.17674327731179054,566.2,108.15895709556375,"pearson_r, mutual_information, entropy_reduction_ratio",0.0,0.01021860172040969,0.0,0.0,0.44430205493396907
intent_android.intent.action.ACTION_POWER_DISCONNECTED,0,0.0907293382521963,0.1787425878798227,291.0,116.81866289253614,"pearson_r, mutual_information, entropy_reduction_ratio",0.00016870411549473218,0.005208417055500273,4.472909997547226e-05,3.2395059858076704e-05,0.44819244593015295
perm_com.huaqin.launcherEx.permission.READ_SETTINGS,0,0.09072842923370647,0.17682381851251783,566.6,107.66076351206135,"pearson_r, mutual_information, entropy_reduction_ratio",0.0,0.009340091234563249,0.0,0.0,0.44430205493396907
intent_com.baidu.android.pushservice.action.BIND_SYNC,0,0.09068170426048819,0.17399801144512406,412.7,202.11001954381183,"pearson_r, mutual_information, entropy_reduction_ratio",0.0007573759938301282,0.013952609710460986,0.00010992023319373916,7.164736908799662e-05,0.4385169679958681
intent_android.media.browse.MediaBrowserService,0,0.0906468559508487,0.16819544138476522,366.2,284.45836250671204,"pearson_r, mutual_information, entropy_reduction_ratio",0.006872107769650558,0.017911381127913566,0.0009892820987436525,0.000655530421598536,0.4268059783363372
intent_safiap.framework.ACTION_NETWORK_ERROR_IAP,0,0.09064119433981357,0.1768640524219482,566.8,107.41303459077953,"pearson_r, mutual_information, entropy_reduction_ratio",0.0,0.008903916765098807,0.0,0.0,0.44430205493396907
intent_com.qihoo.appstore.launcher.shortcut.HOME_GAME,0,0.0906234028209615,0.17687227811586526,567.0,107.16622602294065,"pearson_r, mutual_information, entropy_reduction_ratio",0.0,0.008814959170838405,0.0,0.0,0.44430205493396907
intent_com.qihoo.appstore.battery.STOP,0,0.09059051635842985,0.17688750061156783,567.2,106.92034418201244,"pearson_r, mutual_information, entropy_reduction_ratio",0.0,0.008650526858180161,0.0,0.0,0.44430205493396907
intent_com.taobao.accs.intent.action.ELECTION,0,0.0905590683576181,0.17117134871295733,388.6,245.35248113683303,"pearson_r, mutual_information, entropy_reduction_ratio",0.003038728308830925,0.01633163425769797,0.00043968093277495663,0.000288354926675052,0.4326969433621116
perm_android.permission.SEND_DOWNLOAD_COMPLETED_INTENTS,0,0.09054988504430496,0.1740563306239811,413.1,202.11615472297112,"pearson_r, mutual_information, entropy_reduction_ratio",0.0007573759938301282,0.01329351362954485,0.00010992023319373916,7.164736908799662e-05,0.4385169679958681
intent_safiap.framework.ACTION_NETWORK_ERROR_FRAMEWORK,0,0.09041048672439317,0.17697124277104836,567.8,106.18832327520761,"pearson_r, mutual_information, entropy_reduction_ratio",0.0,0.007750378687996761,0.0,0.0,0.44430205493396907
intent_com.igexin.sdk.action.64kVIzqls49c7TJxrBbWG4,0,0.0902079826009215,0.17706626676207243,568.6,105.22566226923924,"pearson_r, mutual_information, entropy_reduction_ratio",0.0,0.006737858070638434,0.0,0.0,0.44430205493396907
suspicious_getExternalStorageDirectory,0,0.09017774225810851,0.17995493037802635,343.6,214.38432778540505,"pearson_r, entropy_reduction_ratio, f_stat",0.0007573759938301282,0.0,2.2028102844437128e-07,4.397314361396774e-05,0.45008714187207005
intent_com.kingroot.kinguser.action.update,0,0.09008367888745362,0.17712502907154484,569.4,104.27866512379222,"pearson_r, mutual_information, entropy_reduction_ratio",0.0,0.006116339503299039,0.0,0.0,0.44430205493396907
intent_com.qihoo.appstore.push.PushNotifyCancelReceiver.ACTION_INTENT_CANCEL,0,0.09002941303281206,0.17715078555172947,569.8,103.81117473567092,"pearson_r, mutual_information, entropy_reduction_ratio",0.0,0.00584501023009121,0.0,0.0,0.44430205493396907
perm_android.permission.MANAGE_USERS,0,0.09002156735426456,0.17429387402884977,414.9,202.18293696551152,"pearson_r, mutual_information, entropy_reduction_ratio",0.0007573759938301282,0.010651925179342814,0.00010992023319373916,7.164736908799662e-05,0.4385169679958681
perm_mobi.SyndicateApps.ICS.launcher.permission.READ_SETTINGS,0,0.08997928246506211,0.17717463502913308,570.0,103.57895539152729,"pearson_r, mutual_information, entropy_reduction_ratio",0.0,0.005594357391341465,0.0,0.0,0.44430205493396907
intent_com.baidu.android.pushservice.action.notification.CLICK,0,0.08997336477438336,0.17431584971245023,415.5,202.2194352677309,"pearson_r, mutual_information, entropy_reduction_ratio",0.0007573759938301282,0.01041091227993682,0.00010992023319373916,7.164736908799662e-05,0.4385169679958681
perm_android.permission.READ_SETTINGS,0,0.08984804114970683,0.17318177879800564,402.0,226.19195387988495,"pearson_r, mutual_information, entropy_reduction_ratio",0.0015162852232258914,0.011247995838777707,0.00021984046638747832,0.00014358777931019096,0.43611249644083294
intent_com.qihoo.commonreceiver.CLEARED,0,0.08984422055741917,0.17723915662882064,570.8,102.66041106483063,"pearson_r, mutual_information, entropy_reduction_ratio",0.0,0.004919047853126766,0.0,0.0,0.44430205493396907
perm_android.permission.BIND_ACCESSIBILITY_SERVICE,0,0.08980153344238488,0.17081780603744173,386.4,254.20432726450588,"pearson_r, mutual_information, entropy_reduction_ratio",0.003802274720247196,0.012980558966318908,0.0005496011659686957,0.00036118596236254965,0.4313140463970271
perm_com.mx.launcher.permission.READ_SETTINGS,0,0.08979608063684787,0.17726224779811525,571.2,102.2074361286888,"pearson_r, mutual_information, entropy_reduction_ratio",0.0,0.004678348250270248,0.0,0.0,0.44430205493396907
intent_com.qihoo.appstore.stable_notification_broadcast,0,0.0897860254085737,0.1772670771895603,571.4,101.98254752652534,"pearson_r, mutual_information, entropy_reduction_ratio",0.0,0.0046280721088994324,0.0,0.0,0.44430205493396907
perm_android.permission.BROADCAST_STICKY,0,0.08978058985172624,0.16636475500978115,358.8,304.06275668026166,"pearson_r, mutual_information, entropy_reduction_ratio",0.01074509122962621,0.013219919722073713,0.0015388832647123484,0.0010304045012344018,0.42236865054098455
intent_android.intent.action.DATE_CHANGED,0,0.08974013309607373,0.1702205076551652,382.4,262.23203465633253,"pearson_r, mutual_information, entropy_reduction_ratio",0.004567379478258561,0.012979435180746136,0.000659521399162435,0.0004343181694020494,0.4300600112527995
perm_android.permission.BLUETOOTH_ADMIN,0,0.08968765484109624,0.17925240469549406,348.2,212.75986463616675,"pearson_r, entropy_reduction_ratio, chi2_stat",0.00016870411549473218,0.0,4.472909997547226e-05,3.2395059858076704e-05,0.44819244593015295
intent_com.google.android.gms.analytics.ANALYTICS_DISPATCH,0,0.08967595244482356,0.15729449871701345,402.4,375.3737337640981,"pearson_r, entropy_reduction_ratio, chi2_stat",0.03652726819714784,0.0,0.0050563307269120015,0.0036290752608695463,0.4031670880391884
intent_com.android.utils.hades.ACTION_UPDATE_SYS_WRAPPER,0,0.08964216656496034,0.17733640598075007,571.6,101.75873426885772,"pearson_r, mutual_information, entropy_reduction_ratio",0.0,0.003908777890832609,0.0,0.0,0.44430205493396907
intent_com.baidu.autoupdatesdk.ACTION_DOWNLOAD_COMPLETE,0,0.08961039401735199,0.17735177715629208,571.8,101.53600346675066,"pearson_r, mutual_information, entropy_reduction_ratio",0.0,0.0037499151527908936,0.0,0.0,0.44430205493396907
perm_com.fede.launcher.permission.WRITE_SETTINGS,0,0.08954261037230977,0.1773846417011074,572.2,101.09381781296025,"pearson_r, mutual_information, entropy_reduction_ratio",0.0,0.0034109969275797807,0.0,0.0,0.44430205493396907
intent_android.intent.action.ACTION_POWER_CONNECTED,0,0.08949204064375466,0.17891021999764198,349.4,212.20895362825763,"pearson_r, entropy_reduction_ratio, chi2_stat",0.0001016046834672758,0.0,2.672324757606579e-05,1.9401309096049658e-05,0.4473124739786339
intent_com.esbook.receiver.message,0,0.08943704892730518,0.17743601674816908,572.8,100.43883710995463,"pearson_r, mutual_information, entropy_reduction_ratio",0.0,0.002883189702556841,0.0,0.0,0.44430205493396907
intent_com.qihoo.appstore.ACTION_CHARGE_SHOW_TIPS_DLG,0,0.08933141923873553,0.1774876614989611,573.4,99.79398779485666,"pearson_r, mutual_information, entropy_reduction_ratio",0.0,0.0023550412597085277,0.0,0.0,0.44430205493396907
intent_android.intent.action.SEND,0,0.0892549439673186,0.1584069520897366,403.6,373.0316876620537,"pearson_r, entropy_reduction_ratio, chi2_stat",0.0332058460212533,0.0,0.004616649794137044,0.003283973391539951,0.4051682506296627
intent_com.qihoo.commonservice.SERVICE,0,0.08924114208838362,0.17753198738066625,573.6,99.58132355015171,"pearson_r, mutual_information, entropy_reduction_ratio",0.0,0.0019036555079490372,0.0,0.0,0.44430205493396907
perm_com.google.android.providers.talk.permission.READ_ONLY,0,0.08922426664935557,0.17754029232630583,573.8,99.3698143301073,"pearson_r, mutual_information, entropy_reduction_ratio",0.0,0.0018192783128087768,0.0,0.0,0.44430205493396907
intent_com.esbook.receiver.CLICK_DOWN_BOOK,0,0.0890895415593492,0.1776068109407714,574.0,99.15946752579907,"pearson_r, mutual_information, entropy_reduction_ratio",0.0,0.001145652862776969,0.0,0.0,0.44430205493396907
intent_com.google.vr.vrcore.ACTION_NONE,0,0.08905222565632634,0.15897627565881356,404.8,370.45723099974714,"pearson_r, entropy_reduction_ratio, chi2_stat",0.03155610557126934,0.0,0.004396809327749566,0.0031137272618497014,0.40619448612076314
intent_com.kingroot.common.ACTION_TOP_APP_CHANGED,0,0.08904617872995584,0.1776283023776737,574.2,98.95029055035664,"pearson_r, mutual_information, entropy_reduction_ratio",0.0,0.0009288387158101356,0.0,0.0,0.44430205493396907
intent_com.xiaomi.push.PING_TIMER,0,0.0890129949457769,0.17186830457293226,394.4,246.08421322791108,"pearson_r, mutual_information, entropy_reduction_ratio",0.003038728308830925,0.00860126719849197,0.00043968093277495663,0.000288354926675052,0.4326969433621116
perm_com.google.android.googleapps.permission.GOOGLE_AUTH.groups2,0,0.08900259299608679,0.1776499443352046,574.4,98.74229083832317,"pearson_r, mutual_information, entropy_reduction_ratio",0.0,0.0007109100464648944,0.0,0.0,0.44430205493396907
intent_android.intent.action.ACTION_VIEW_DOWNLOADS,0,0.08896528285170131,0.1776685021081862,574.6,98.53547584499707,"pearson_r, mutual_information, entropy_reduction_ratio",0.0,0.0005243593245374793,0.0,0.0,0.44430205493396907
perm_com.yulong.android.launcher.permission.READ_SETTINGS,0,0.08896186978676748,0.17767020120772142,574.8,98.32985304575615,"pearson_r, mutual_information, entropy_reduction_ratio",0.0,0.0005072939998683441,0.0,0.0,0.44430205493396907
perm_android.permission.CLEAR_APP_USER_DATA,0,0.08894814300554407,0.17767703718857536,575.0,98.12542993536385,"pearson_r, mutual_information, entropy_reduction_ratio",0.0,0.0004386600937513029,0.0,0.0,0.44430205493396907
perm_com.android.email.permission.ACCESS_PROVIDER,0,0.088928997985067,0.17768657811428287,575.2,97.92221402725737,"pearson_r, mutual_information, entropy_reduction_ratio",0.0,0.0003429349913658775,0.0,0.0,0.44430205493396907
perm_android.permission.SET_WALLPAPER_HINTS,0,0.0888629319364917,0.17124968705153115,390.2,254.80455254959634,"pearson_r, mutual_information, entropy_reduction_ratio",0.003802274720247196,0.008287551436852976,0.0005496011659686957,0.00036118596236254965,0.4313140463970271
intent_android.intent.action.ACTION_BOOT_COMPLETED,0,0.08886167136340832,0.15955141857273664,353.2,334.34676609771475,"pearson_r, entropy_reduction_ratio, chi2_stat",0.029913593392296982,3.2937821382888754e-05,0.004176968861362087,0.0029449828557039266,0.40723987388629573
suspicious_getPackageInfo,0,0.08886041098679381,0.17772082197358763,627.8,101.09381781296025,"pearson_r, entropy_reduction_ratio, mutual_information",0.0,0.0,0.0,0.0,0.44430205493396907
perm_android.permission.ACCESS_CACHE_FILESYSTEM,0,0.08886041098679381,0.17772082197358763,627.8,101.09381781296025,"pearson_r, entropy_reduction_ratio, mutual_information",0.0,0.0,0.0,0.0,0.44430205493396907
perm_android.permission.ACCESS_MTK_MMHW,0,0.08886041098679381,0.17772082197358763,627.8,101.09381781296025,"pearson_r, entropy_reduction_ratio, mutual_information",0.0,0.0,0.0,0.0,0.44430205493396907
perm_android.permission.DELETE_PACKAGES,0,0.08886041098679381,0.17772082197358763,627.8,101.09381781296025,"pearson_r, entropy_reduction_ratio, mutual_information",0.0,0.0,0.0,0.0,0.44430205493396907
perm_android.permission.SAMSUNG_TUNTAP,0,0.08886041098679381,0.17772082197358763,627.8,101.09381781296025,"pearson_r, entropy_reduction_ratio, mutual_information",0.0,0.0,0.0,0.0,0.44430205493396907
perm_com.huawei.launcher2.permission.READ_SETTINGS,0,0.08886041098679381,0.17772082197358763,627.8,101.09381781296025,"pearson_r, entropy_reduction_ratio, mutual_information",0.0,0.0,0.0,0.0,0.44430205493396907
perm_com.fede.launcher.permission.READ_SETTINGS,0,0.08886041098679381,0.17772082197358763,627.8,101.09381781296025,"pearson_r, entropy_reduction_ratio, mutual_information",0.0,0.0,0.0,0.0,0.44430205493396907
perm_org.adw.launcher.permission.READ_SETTINGS,0,0.08886041098679381,0.17772082197358763,627.8,101.09381781296025,"pearson_r, entropy_reduction_ratio, mutual_information",0.0,0.0,0.0,0.0,0.44430205493396907
intent_android.intent.action.DELETE,0,0.08886041098679381,0.17772082197358763,627.8,101.09381781296025,"pearson_r, entropy_reduction_ratio, mutual_information",0.0,0.0,0.0,0.0,0.44430205493396907
perm_com.android.mylauncher.permission.READ_SETTINGS,0,0.08886041098679381,0.17772082197358763,627.8,101.09381781296025,"pearson_r, entropy_reduction_ratio, mutual_information",0.0,0.0,0.0,0.0,0.44430205493396907
perm_com.tencent.qqlauncher.permission.READ_SETTINGS,0,0.08886041098679381,0.17772082197358763,627.8,101.09381781296025,"pearson_r, entropy_reduction_ratio, mutual_information",0.0,0.0,0.0,0.0,0.44430205493396907
perm_com.ebproductions.android.launcher.permission.READ_SETTINGS,0,0.08886041098679381,0.17772082197358763,627.8,101.09381781296025,"pearson_r, entropy_reduction_ratio, mutual_information",0.0,0.0,0.0,0.0,0.44430205493396907
intent_android.intent.action.CHINAMOBILE_OMS_GAME,0,0.08886041098679381,0.17772082197358763,627.8,101.09381781296025,"pearson_r, entropy_reduction_ratio, mutual_information",0.0,0.0,0.0,0.0,0.44430205493396907
perm_android.permission.PERMISSION_NAME,0,0.08886041098679381,0.17772082197358763,627.8,101.09381781296025,"pearson_r, entropy_reduction_ratio, mutual_information",0.0,0.0,0.0,0.0,0.44430205493396907
intent_cn.egame.terminal.sdk.SERVICE_CMD,0,0.08886041098679381,0.17772082197358763,627.8,101.09381781296025,"pearson_r, entropy_reduction_ratio, mutual_information",0.0,0.0,0.0,0.0,0.44430205493396907
intent_cn.egame.terminal.sdk.RECEIVER_CMD,0,0.08886041098679381,0.17772082197358763,627.8,101.09381781296025,"pearson_r, entropy_reduction_ratio, mutual_information",0.0,0.0,0.0,0.0,0.44430205493396907
intent_com.morgoo.droidplugin.ACTION_SHORTCUT_PROXY_ZHUSHOU,0,0.08886041098679381,0.17772082197358763,627.8,101.09381781296025,"pearson_r, entropy_reduction_ratio, mutual_information",0.0,0.0,0.0,0.0,0.44430205493396907
intent_com.qihoo.appstore.launcher.shortcut.MYSOFT,0,0.08886041098679381,0.17772082197358763,627.8,101.09381781296025,"pearson_r, entropy_reduction_ratio, mutual_information",0.0,0.0,0.0,0.0,0.44430205493396907
intent_com.qihoo.appstore.plugin.huajiao.IPluginHelperService,0,0.08886041098679381,0.17772082197358763,627.8,101.09381781296025,"pearson_r, entropy_reduction_ratio, mutual_information",0.0,0.0,0.0,0.0,0.44430205493396907
perm_com.qihoo.appstore.permission.NEWS_SDK_BROADCAST,0,0.08886041098679381,0.17772082197358763,627.8,101.09381781296025,"pearson_r, entropy_reduction_ratio, mutual_information",0.0,0.0,0.0,0.0,0.44430205493396907
perm_dianxin.permission.READ_SETTINGS,0,0.08886041098679381,0.17772082197358763,627.8,101.09381781296025,"pearson_r, entropy_reduction_ratio, mutual_information",0.0,0.0,0.0,0.0,0.44430205493396907
intent_com.qihoo.appstore.gameunion.DOWNLOAD_SLIENT,0,0.08886041098679381,0.17772082197358763,627.8,101.09381781296025,"pearson_r, entropy_reduction_ratio, mutual_information",0.0,0.0,0.0,0.0,0.44430205493396907
intent_com.qihoo.appstore.notification,0,0.08886041098679381,0.17772082197358763,627.8,101.09381781296025,"pearson_r, entropy_reduction_ratio, mutual_information",0.0,0.0,0.0,0.0,0.44430205493396907
intent_com.qihoo.appstore.download_one_apk,0,0.08886041098679381,0.17772082197358763,627.8,101.09381781296025,"pearson_r, entropy_reduction_ratio, mutual_information",0.0,0.0,0.0,0.0,0.44430205493396907
intent_com.qihoo.appstore.download,0,0.08886041098679381,0.17772082197358763,627.8,101.09381781296025,"pearson_r, entropy_reduction_ratio, mutual_information",0.0,0.0,0.0,0.0,0.44430205493396907
intent_com.qihoo.appstore.clean.scan.finish,0,0.08886041098679381,0.17772082197358763,627.8,101.09381781296025,"pearson_r, entropy_reduction_ratio, mutual_information",0.0,0.0,0.0,0.0,0.44430205493396907
intent_com.qihoo.appstore.battery.STABLE_NOTIFY,0,0.08886041098679381,0.17772082197358763,627.8,101.09381781296025,"pearson_r, entropy_reduction_ratio, mutual_information",0.0,0.0,0.0,0.0,0.44430205493396907
intent_com.qihoo360.mobilesafe.pcdaemon.sms.restore.start,0,0.08886041098679381,0.17772082197358763,627.8,101.09381781296025,"pearson_r, entropy_reduction_ratio, mutual_information",0.0,0.0,0.0,0.0,0.44430205493396907
intent_com.qihoo360.mobilesafe.pcdaemon.sms.cancel.default.smsreceive,0,0.08886041098679381,0.17772082197358763,627.8,101.09381781296025,"pearson_r, entropy_reduction_ratio, mutual_information",0.0,0.0,0.0,0.0,0.44430205493396907
intent_com.qihoo360.mobilesafe.pcdaemon.filehandle,0,0.08886041098679381,0.17772082197358763,627.8,101.09381781296025,"pearson_r, entropy_reduction_ratio, mutual_information",0.0,0.0,0.0,0.0,0.44430205493396907
intent_com.qihoo360.daemon.pcdaemon.ACTION_START_UI2,0,0.08886041098679381,0.17772082197358763,627.8,101.09381781296025,"pearson_r, entropy_reduction_ratio, mutual_information",0.0,0.0,0.0,0.0,0.44430205493396907
intent_com.qihoo360.daemon.pcdaemon.ACTION_SEND_SMS_SEND_STATUS_FORWARD2,0,0.08886041098679381,0.17772082197358763,627.8,101.09381781296025,"pearson_r, entropy_reduction_ratio, mutual_information",0.0,0.0,0.0,0.0,0.44430205493396907
intent_com.qihoo360.daemon.pcdaemon.ACTION_START_SERVICE2,0,0.08886041098679381,0.17772082197358763,627.8,101.09381781296025,"pearson_r, entropy_reduction_ratio, mutual_information",0.0,0.0,0.0,0.0,0.44430205493396907
intent_com.qihoo360.daemon.pcdaemon.ACTION_START_OPERATE_CLIPBOARD,0,0.08886041098679381,0.17772082197358763,627.8,101.09381781296025,"pearson_r, entropy_reduction_ratio, mutual_information",0.0,0.0,0.0,0.0,0.44430205493396907
intent_com.qihoo360.daemon.pcdaemon.ACTION_START_CAPTURE,0,0.08886041098679381,0.17772082197358763,627.8,101.09381781296025,"pearson_r, entropy_reduction_ratio, mutual_information",0.0,0.0,0.0,0.0,0.44430205493396907
intent_com.qihoo.hongbao.LOGIN,0,0.08886041098679381,0.17772082197358763,627.8,101.09381781296025,"pearson_r, entropy_reduction_ratio, mutual_information",0.0,0.0,0.0,0.0,0.44430205493396907
intent_com.qihoo.appstore.powerusage.SAVE_MODE,0,0.08886041098679381,0.17772082197358763,627.8,101.09381781296025,"pearson_r, entropy_reduction_ratio, mutual_information",0.0,0.0,0.0,0.0,0.44430205493396907
intent_com.qihoo.appstore.plugin.streamapp.IPluginHelperServiceStreamApp,0,0.08886041098679381,0.17772082197358763,627.8,101.09381781296025,"pearson_r, entropy_reduction_ratio, mutual_information",0.0,0.0,0.0,0.0,0.44430205493396907
intent_com.qihoo.appstore.stablenotification.NewsBroadcastReceiver,0,0.08886041098679381,0.17772082197358763,627.8,101.09381781296025,"pearson_r, entropy_reduction_ratio, mutual_information",0.0,0.0,0.0,0.0,0.44430205493396907
intent_com.qihoo.appstore.launcher.shortcut.VIDEO,0,0.08886041098679381,0.17772082197358763,627.8,101.09381781296025,"pearson_r, entropy_reduction_ratio, mutual_information",0.0,0.0,0.0,0.0,0.44430205493396907
intent_qihooappstore.gotoadmin,0,0.08886041098679381,0.17772082197358763,627.8,101.09381781296025,"pearson_r, entropy_reduction_ratio, mutual_information",0.0,0.0,0.0,0.0,0.44430205493396907
intent_com.qihoo360.daemon.pcdaemon.ACTION_START_OPERATE_AUTHOR,0,0.08886041098679381,0.17772082197358763,627.8,101.09381781296025,"pearson_r, entropy_reduction_ratio, mutual_information",0.0,0.0,0.0,0.0,0.44430205493396907
intent_com.qihoo.appstore.ACTION_UNINSTALL,0,0.08886041098679381,0.17772082197358763,627.8,101.09381781296025,"pearson_r, entropy_reduction_ratio, mutual_information",0.0,0.0,0.0,0.0,0.44430205493396907
intent_com.qihoo.appstore.ACTION_NORMAL_INSTALL_ERROR,0,0.08886041098679381,0.17772082197358763,627.8,101.09381781296025,"pearson_r, entropy_reduction_ratio, mutual_information",0.0,0.0,0.0,0.0,0.44430205493396907
intent_com.qihoo.appstore.ACTION_MEM_SCAN,0,0.08886041098679381,0.17772082197358763,627.8,101.09381781296025,"pearson_r, entropy_reduction_ratio, mutual_information",0.0,0.0,0.0,0.0,0.44430205493396907
intent_com.qihoo.appstore.ACTION_GAME_UNION_GIFT_LiST,0,0.08886041098679381,0.17772082197358763,627.8,101.09381781296025,"pearson_r, entropy_reduction_ratio, mutual_information",0.0,0.0,0.0,0.0,0.44430205493396907
intent_com.qihoo.appstore.ACTION_WIRTE_CHANNEL_AND_INSTALL,0,0.08886041098679381,0.17772082197358763,627.8,101.09381781296025,"pearson_r, entropy_reduction_ratio, mutual_information",0.0,0.0,0.0,0.0,0.44430205493396907
intent_com.qihoo.appstore.ACTION_GAME_UNION_DESK,0,0.08886041098679381,0.17772082197358763,627.8,101.09381781296025,"pearson_r, entropy_reduction_ratio, mutual_information",0.0,0.0,0.0,0.0,0.44430205493396907
intent_com.qihoo.accountcenter.action.START_ACCOUNT_SERVICE,0,0.08886041098679381,0.17772082197358763,627.8,101.09381781296025,"pearson_r, entropy_reduction_ratio, mutual_information",0.0,0.0,0.0,0.0,0.44430205493396907
intent_com.qihoo.appstore.ACTION_PACKAGE_REMOVED_NEED_CLEAR,0,0.08886041098679381,0.17772082197358763,627.8,101.09381781296025,"pearson_r, entropy_reduction_ratio, mutual_information",0.0,0.0,0.0,0.0,0.44430205493396907
intent_com.qihoo.appstore.ACTION_CLEAN_STOP_SERVICE,0,0.08886041098679381,0.17772082197358763,627.8,101.09381781296025,"pearson_r, entropy_reduction_ratio, mutual_information",0.0,0.0,0.0,0.0,0.44430205493396907
intent_com.qihoo.appstore.ACTION_HANDLE_SYSTEM_APP,0,0.08886041098679381,0.17772082197358763,627.8,101.09381781296025,"pearson_r, entropy_reduction_ratio, mutual_information",0.0,0.0,0.0,0.0,0.44430205493396907
intent_com.qihoo.appstore.checkupdate.NOTIFY_APP_UPDATE,0,0.08886041098679381,0.17772082197358763,627.8,101.09381781296025,"pearson_r, entropy_reduction_ratio, mutual_information",0.0,0.0,0.0,0.0,0.44430205493396907
intent_com.qihoo.appstore.checkupdate.INIT_APK_INFO,0,0.08886041098679381,0.17772082197358763,627.8,101.09381781296025,"pearson_r, entropy_reduction_ratio, mutual_information",0.0,0.0,0.0,0.0,0.44430205493396907
intent_com.qihoo.appstore.checkupdate.CHECK_BAOHE_UPDATE,0,0.08886041098679381,0.17772082197358763,627.8,101.09381781296025,"pearson_r, entropy_reduction_ratio, mutual_information",0.0,0.0,0.0,0.0,0.44430205493396907
intent_com.qihoo.appstore.ACTION_DAEMON_CORE_SERVICE,0,0.08886041098679381,0.17772082197358763,627.8,101.09381781296025,"pearson_r, entropy_reduction_ratio, mutual_information",0.0,0.0,0.0,0.0,0.44430205493396907
intent_com.qihoo.appstore.ACTION_CLEAR_CREATE_SHORTCUT,0,0.08886041098679381,0.17772082197358763,627.8,101.09381781296025,"pearson_r, entropy_reduction_ratio, mutual_information",0.0,0.0,0.0,0.0,0.44430205493396907
intent_com.qihoo.appstore.ACTION_START_RADICALROOT,0,0.08886041098679381,0.17772082197358763,627.8,101.09381781296025,"pearson_r, entropy_reduction_ratio, mutual_information",0.0,0.0,0.0,0.0,0.44430205493396907
intent_com.qihoo.appstore.battery.FREEZE_APP,0,0.08886041098679381,0.17772082197358763,627.8,101.09381781296025,"pearson_r, entropy_reduction_ratio, mutual_information",0.0,0.0,0.0,0.0,0.44430205493396907
intent_com.qihoo.appstore.battery.ACCESSIBILITY_ALERT,0,0.08886041098679381,0.17772082197358763,627.8,101.09381781296025,"pearson_r, entropy_reduction_ratio, mutual_information",0.0,0.0,0.0,0.0,0.44430205493396907
intent_com.qihoo.appstore.checkupdate.RESTART_ALL_DOWNLOAD,0,0.08886041098679381,0.17772082197358763,627.8,101.09381781296025,"pearson_r, entropy_reduction_ratio, mutual_information",0.0,0.0,0.0,0.0,0.44430205493396907
intent_com.qihoo.appstore.accessibility.ALERT,0,0.08886041098679381,0.17772082197358763,627.8,101.09381781296025,"pearson_r, entropy_reduction_ratio, mutual_information",0.0,0.0,0.0,0.0,0.44430205493396907
intent_com.qihoo.appstore.ACTION_STAT,0,0.08886041098679381,0.17772082197358763,627.8,101.09381781296025,"pearson_r, entropy_reduction_ratio, mutual_information",0.0,0.0,0.0,0.0,0.44430205493396907
intent_com.qihoo.appstore.QihooAlliance,0,0.08886041098679381,0.17772082197358763,627.8,101.09381781296025,"pearson_r, entropy_reduction_ratio, mutual_information",0.0,0.0,0.0,0.0,0.44430205493396907
intent_com.qihoo.appstore.PLUGIN_ICON,0,0.08886041098679381,0.17772082197358763,627.8,101.09381781296025,"pearson_r, entropy_reduction_ratio, mutual_information",0.0,0.0,0.0,0.0,0.44430205493396907
intent_com.qihoo.appstore.OPEN_BROWSER,0,0.08886041098679381,0.17772082197358763,627.8,101.09381781296025,"pearson_r, entropy_reduction_ratio, mutual_information",0.0,0.0,0.0,0.0,0.44430205493396907
intent_com.qihoo.appstore.MEMCLEAR,0,0.08886041098679381,0.17772082197358763,627.8,101.09381781296025,"pearson_r, entropy_reduction_ratio, mutual_information",0.0,0.0,0.0,0.0,0.44430205493396907
intent_com.qihoo.appstore.LitePluginTipDialogActivity,0,0.08886041098679381,0.17772082197358763,627.8,101.09381781296025,"pearson_r, entropy_reduction_ratio, mutual_information",0.0,0.0,0.0,0.0,0.44430205493396907
intent_com.qihoo.appstore.LitePluginDownload,0,0.08886041098679381,0.17772082197358763,627.8,101.09381781296025,"pearson_r, entropy_reduction_ratio, mutual_information",0.0,0.0,0.0,0.0,0.44430205493396907
intent_com.qihoo.appstore.CLEAN_ACTIVITY_DESTROY,0,0.08886041098679381,0.17772082197358763,627.8,101.09381781296025,"pearson_r, entropy_reduction_ratio, mutual_information",0.0,0.0,0.0,0.0,0.44430205493396907
intent_com.qihoo.appstore.plugin.battery.setConfig,0,0.08886041098679381,0.17772082197358763,627.8,101.09381781296025,"pearson_r, entropy_reduction_ratio, mutual_information",0.0,0.0,0.0,0.0,0.44430205493396907
intent_com.qihoo.appstore.plugin.START_PLUGIN_FROM_PROXY_LISTENER,0,0.08886041098679381,0.17772082197358763,627.8,101.09381781296025,"pearson_r, entropy_reduction_ratio, mutual_information",0.0,0.0,0.0,0.0,0.44430205493396907
intent_com.qihoo.appstore.open.wallet,0,0.08886041098679381,0.17772082197358763,627.8,101.09381781296025,"pearson_r, entropy_reduction_ratio, mutual_information",0.0,0.0,0.0,0.0,0.44430205493396907
intent_com.qihoo.appstore.notification.notify_action,0,0.08886041098679381,0.17772082197358763,627.8,101.09381781296025,"pearson_r, entropy_reduction_ratio, mutual_information",0.0,0.0,0.0,0.0,0.44430205493396907
intent_com.qihoo.appstore.notification.click_action,0,0.08886041098679381,0.17772082197358763,627.8,101.09381781296025,"pearson_r, entropy_reduction_ratio, mutual_information",0.0,0.0,0.0,0.0,0.44430205493396907
intent_com.qihoo.appstore.battery.START_EX,0,0.08886041098679381,0.17772082197358763,627.8,101.09381781296025,"pearson_r, entropy_reduction_ratio, mutual_information",0.0,0.0,0.0,0.0,0.44430205493396907
perm_qiku.permission.READ_WRITE_SAFE_SPACE,0,0.08886041098679381,0.17772082197358763,627.8,101.09381781296025,"pearson_r, entropy_reduction_ratio, mutual_information",0.0,0.0,0.0,0.0,0.44430205493396907
perm_com.sonyericsson.home.WRITE_SETTINGS,0,0.08886041098679381,0.17772082197358763,627.8,101.09381781296025,"pearson_r, entropy_reduction_ratio, mutual_information",0.0,0.0,0.0,0.0,0.44430205493396907
intent_android.intent.action.defaultSmsSet,0,0.08886041098679381,0.17772082197358763,627.8,101.09381781296025,"pearson_r, entropy_reduction_ratio, mutual_information",0.0,0.0,0.0,0.0,0.44430205493396907
perm_com.nd.android.launcher.permission.WRITE_SETTINGS,0,0.08886041098679381,0.17772082197358763,627.8,101.09381781296025,"pearson_r, entropy_reduction_ratio, mutual_information",0.0,0.0,0.0,0.0,0.44430205493396907
perm_com.qiku.launcher.permission.WRITE_SETTINGS,0,0.08886041098679381,0.17772082197358763,627.8,101.09381781296025,"pearson_r, entropy_reduction_ratio, mutual_information",0.0,0.0,0.0,0.0,0.44430205493396907
perm_com.yulong.android.launcher3.WRITE_SETTINGS,0,0.08886041098679381,0.17772082197358763,627.8,101.09381781296025,"pearson_r, entropy_reduction_ratio, mutual_information",0.0,0.0,0.0,0.0,0.44430205493396907
perm_android.permission.READ_CELL_BROADCASTS,0,0.08886041098679381,0.17772082197358763,627.8,101.09381781296025,"pearson_r, entropy_reduction_ratio, mutual_information",0.0,0.0,0.0,0.0,0.44430205493396907
perm_xmpp.permission.ACCESS_API,0,0.08886041098679381,0.17772082197358763,627.8,101.09381781296025,"pearson_r, entropy_reduction_ratio, mutual_information",0.0,0.0,0.0,0.0,0.44430205493396907
intent_com.coolcloud.xmpp.NOTIFICATION.1010048,0,0.08886041098679381,0.17772082197358763,627.8,101.09381781296025,"pearson_r, entropy_reduction_ratio, mutual_information",0.0,0.0,0.0,0.0,0.44430205493396907
intent_action_send_cancel,0,0.08886041098679381,0.17772082197358763,627.8,101.09381781296025,"pearson_r, entropy_reduction_ratio, mutual_information",0.0,0.0,0.0,0.0,0.44430205493396907
intent_com.qihoo.appstore.notification.click,0,0.08886041098679381,0.17772082197358763,627.8,101.09381781296025,"pearson_r, entropy_reduction_ratio, mutual_information",0.0,0.0,0.0,0.0,0.44430205493396907
intent_com.qihoo.appstore.stablenotification.StableBroadcast,0,0.08886041098679381,0.17772082197358763,627.8,101.09381781296025,"pearson_r, entropy_reduction_ratio, mutual_information",0.0,0.0,0.0,0.0,0.44430205493396907
perm_com.anddoes.launcher.permission.READ_SETTINGS,0,0.08886041098679381,0.17772082197358763,627.8,101.09381781296025,"pearson_r, entropy_reduction_ratio, mutual_information",0.0,0.0,0.0,0.0,0.44430205493396907
perm_android.permission.READ_SOCIAL_STREAM,0,0.08886041098679381,0.17772082197358763,627.8,101.09381781296025,"pearson_r, entropy_reduction_ratio, mutual_information",0.0,0.0,0.0,0.0,0.44430205493396907
perm_com.ztemt.launcher.permission.READ_SETTINGS,0,0.08886041098679381,0.17772082197358763,627.8,101.09381781296025,"pearson_r, entropy_reduction_ratio, mutual_information",0.0,0.0,0.0,0.0,0.44430205493396907
intent_android.intent.action.SERVICE_STATE,0,0.08886041098679381,0.17772082197358763,627.8,101.09381781296025,"pearson_r, entropy_reduction_ratio, mutual_information",0.0,0.0,0.0,0.0,0.44430205493396907
perm_com.nd.android.launcher.permission.READ_SETTINGS,0,0.08886041098679381,0.17772082197358763,627.8,101.09381781296025,"pearson_r, entropy_reduction_ratio, mutual_information",0.0,0.0,0.0,0.0,0.44430205493396907
perm_android.permission.PERSISTENT_ACTIVITY,0,0.08886041098679381,0.17772082197358763,627.8,101.09381781296025,"pearson_r, entropy_reduction_ratio, mutual_information",0.0,0.0,0.0,0.0,0.44430205493396907
perm_com.android.voicemail.permission.ADD_VOICEMAIL,0,0.08886041098679381,0.17772082197358763,627.8,101.09381781296025,"pearson_r, entropy_reduction_ratio, mutual_information",0.0,0.0,0.0,0.0,0.44430205493396907
perm_com.zte.mifavor.launcher.permission.READ_SETTINGS,0,0.08886041098679381,0.17772082197358763,627.8,101.09381781296025,"pearson_r, entropy_reduction_ratio, mutual_information",0.0,0.0,0.0,0.0,0.44430205493396907
perm_com.yulong.android.launcherL.permission.READ_SETTINGS,0,0.08886041098679381,0.17772082197358763,627.8,101.09381781296025,"pearson_r, entropy_reduction_ratio, mutual_information",0.0,0.0,0.0,0.0,0.44430205493396907
perm_com.yulong.android.launcher3.READ_SETTINGS,0,0.08886041098679381,0.17772082197358763,627.8,101.09381781296025,"pearson_r, entropy_reduction_ratio, mutual_information",0.0,0.0,0.0,0.0,0.44430205493396907
perm_android.permission.RUN_INSTRUMENTATION,0,0.08886041098679381,0.17772082197358763,627.8,101.09381781296025,"pearson_r, entropy_reduction_ratio, mutual_information",0.0,0.0,0.0,0.0,0.44430205493396907
intent_android.intent.action.CAL,0,0.08886041098679381,0.17772082197358763,627.8,101.09381781296025,"pearson_r, entropy_reduction_ratio, mutual_information",0.0,0.0,0.0,0.0,0.44430205493396907
perm_com.qiku.launcher.permission.READ_SETTINGS,0,0.08886041098679381,0.17772082197358763,627.8,101.09381781296025,"pearson_r, entropy_reduction_ratio, mutual_information",0.0,0.0,0.0,0.0,0.44430205493396907
perm_com.meizu.flyme.launcher.permission.READ_SETTINGS,0,0.08886041098679381,0.17772082197358763,627.8,101.09381781296025,"pearson_r, entropy_reduction_ratio, mutual_information",0.0,0.0,0.0,0.0,0.44430205493396907
perm_android.permission.SUBSCRIBED_FEEDS_READ,0,0.08886041098679381,0.17772082197358763,627.8,101.09381781296025,"pearson_r, entropy_reduction_ratio, mutual_information",0.0,0.0,0.0,0.0,0.44430205493396907
perm_android.permission.RECORD_VIDEO,0,0.08886041098679381,0.17772082197358763,627.8,101.09381781296025,"pearson_r, entropy_reduction_ratio, mutual_information",0.0,0.0,0.0,0.0,0.44430205493396907
perm_com.google.android.googleapps.permission.GOOGLE_AUTH.YouTubeUser,0,0.08886041098679381,0.17772082197358763,627.8,101.09381781296025,"pearson_r, entropy_reduction_ratio, mutual_information",0.0,0.0,0.0,0.0,0.44430205493396907
perm_com.google.android.googleapps.permission.GOOGLE_AUTH.youtube,0,0.08886041098679381,0.17772082197358763,627.8,101.09381781296025,"pearson_r, entropy_reduction_ratio, mutual_information",0.0,0.0,0.0,0.0,0.44430205493396907
perm_com.google.android.googleapps.permission.GOOGLE_AUTH.news,0,0.08886041098679381,0.17772082197358763,627.8,101.09381781296025,"pearson_r, entropy_reduction_ratio, mutual_information",0.0,0.0,0.0,0.0,0.44430205493396907
perm_com.google.android.googleapps.permission.GOOGLE_AUTH.wifi,0,0.08886041098679381,0.17772082197358763,627.8,101.09381781296025,"pearson_r, entropy_reduction_ratio, mutual_information",0.0,0.0,0.0,0.0,0.44430205493396907
perm_com.google.android.googleapps.permission.GOOGLE_AUTH.speechpersonalization,0,0.08886041098679381,0.17772082197358763,627.8,101.09381781296025,"pearson_r, entropy_reduction_ratio, mutual_information",0.0,0.0,0.0,0.0,0.44430205493396907
perm_com.google.android.googleapps.permission.GOOGLE_AUTH.sitemaps,0,0.08886041098679381,0.17772082197358763,627.8,101.09381781296025,"pearson_r, entropy_reduction_ratio, mutual_information",0.0,0.0,0.0,0.0,0.44430205493396907
perm_com.google.android.googleapps.permission.GOOGLE_AUTH.grandcentral,0,0.08886041098679381,0.17772082197358763,627.8,101.09381781296025,"pearson_r, entropy_reduction_ratio, mutual_information",0.0,0.0,0.0,0.0,0.44430205493396907
perm_com.google.android.googleapps.permission.GOOGLE_AUTH.lh2,0,0.08886041098679381,0.17772082197358763,627.8,101.09381781296025,"pearson_r, entropy_reduction_ratio, mutual_information",0.0,0.0,0.0,0.0,0.44430205493396907
perm_com.google.android.googleapps.permission.GOOGLE_AUTH.ig,0,0.08886041098679381,0.17772082197358763,627.8,101.09381781296025,"pearson_r, entropy_reduction_ratio, mutual_information",0.0,0.0,0.0,0.0,0.44430205493396907
perm_com.google.android.googleapps.permission.GOOGLE_AUTH.health,0,0.08886041098679381,0.17772082197358763,627.8,101.09381781296025,"pearson_r, entropy_reduction_ratio, mutual_information",0.0,0.0,0.0,0.0,0.44430205493396907
perm_com.google.android.googleapps.permission.GOOGLE_AUTH.gbase,0,0.08886041098679381,0.17772082197358763,627.8,101.09381781296025,"pearson_r, entropy_reduction_ratio, mutual_information",0.0,0.0,0.0,0.0,0.44430205493396907
perm_com.google.android.googleapps.permission.GOOGLE_AUTH.notebook,0,0.08886041098679381,0.17772082197358763,627.8,101.09381781296025,"pearson_r, entropy_reduction_ratio, mutual_information",0.0,0.0,0.0,0.0,0.44430205493396907
perm_com.google.android.googleapps.permission.GOOGLE_AUTH.cl,0,0.08886041098679381,0.17772082197358763,627.8,101.09381781296025,"pearson_r, entropy_reduction_ratio, mutual_information",0.0,0.0,0.0,0.0,0.44430205493396907
perm_com.google.android.googleapps.permission.GOOGLE_AUTH.blogger,0,0.08886041098679381,0.17772082197358763,627.8,101.09381781296025,"pearson_r, entropy_reduction_ratio, mutual_information",0.0,0.0,0.0,0.0,0.44430205493396907
perm_com.google.android.googleapps.permission.GOOGLE_AUTH.ah,0,0.08886041098679381,0.17772082197358763,627.8,101.09381781296025,"pearson_r, entropy_reduction_ratio, mutual_information",0.0,0.0,0.0,0.0,0.44430205493396907
perm_com.google.android.googleapps.permission.GOOGLE_AUTH.adwords,0,0.08886041098679381,0.17772082197358763,627.8,101.09381781296025,"pearson_r, entropy_reduction_ratio, mutual_information",0.0,0.0,0.0,0.0,0.44430205493396907
perm_com.google.android.googleapps.permission.GOOGLE_AUTH.print,0,0.08886041098679381,0.17772082197358763,627.8,101.09381781296025,"pearson_r, entropy_reduction_ratio, mutual_information",0.0,0.0,0.0,0.0,0.44430205493396907
perm_com.google.android.googleapps.permission.GOOGLE_AUTH.mobile,0,0.08886041098679381,0.17772082197358763,627.8,101.09381781296025,"pearson_r, entropy_reduction_ratio, mutual_information",0.0,0.0,0.0,0.0,0.44430205493396907
perm_com.google.android.googleapps.permission.GOOGLE_AUTH.mail,0,0.08886041098679381,0.17772082197358763,627.8,101.09381781296025,"pearson_r, entropy_reduction_ratio, mutual_information",0.0,0.0,0.0,0.0,0.44430205493396907
perm_com.google.android.googleapps.permission.GOOGLE_AUTH.cp,0,0.08886041098679381,0.17772082197358763,627.8,101.09381781296025,"pearson_r, entropy_reduction_ratio, mutual_information",0.0,0.0,0.0,0.0,0.44430205493396907
perm_com.google.android.googleapps.permission.GOOGLE_AUTH.OTHER_SERVICES,0,0.08886041098679381,0.17772082197358763,627.8,101.09381781296025,"pearson_r, entropy_reduction_ratio, mutual_information",0.0,0.0,0.0,0.0,0.44430205493396907
perm_android.permission.TRANSMIT_IR,0,0.08886041098679381,0.17772082197358763,627.8,101.09381781296025,"pearson_r, entropy_reduction_ratio, mutual_information",0.0,0.0,0.0,0.0,0.44430205493396907
perm_com.google.android.googleapps.permission.GOOGLE_AUTH.writely,0,0.08886041098679381,0.17772082197358763,627.8,101.09381781296025,"pearson_r, entropy_reduction_ratio, mutual_information",0.0,0.0,0.0,0.0,0.44430205493396907
intent_safiap.framework.ACTION_SET_TIMER,0,0.08886041098679381,0.17772082197358763,627.8,101.09381781296025,"pearson_r, entropy_reduction_ratio, mutual_information",0.0,0.0,0.0,0.0,0.44430205493396907
intent_safiap.framework.ACTION_TO_INSTALL_IAP,0,0.08886041098679381,0.17772082197358763,627.8,101.09381781296025,"pearson_r, entropy_reduction_ratio, mutual_information",0.0,0.0,0.0,0.0,0.44430205493396907
intent_safiap.framework.sdk.ISAFFramework,0,0.08886041098679381,0.17772082197358763,627.8,101.09381781296025,"pearson_r, entropy_reduction_ratio, mutual_information",0.0,0.0,0.0,0.0,0.44430205493396907
intent_safiap.framework.ACTION_START_DOWNLOAD,0,0.08886041098679381,0.17772082197358763,627.8,101.09381781296025,"pearson_r, entropy_reduction_ratio, mutual_information",0.0,0.0,0.0,0.0,0.44430205493396907
perm_com.s.launcher.permission.READ_SETTINGS,0,0.08886041098679381,0.17772082197358763,627.8,101.09381781296025,"pearson_r, entropy_reduction_ratio, mutual_information",0.0,0.0,0.0,0.0,0.44430205493396907
perm_com.actionlauncher.playstore.permission.READ_SETTINGS,0,0.08886041098679381,0.17772082197358763,627.8,101.09381781296025,"pearson_r, entropy_reduction_ratio, mutual_information",0.0,0.0,0.0,0.0,0.44430205493396907
perm_com.apusapps.launcher.permission.READ_SETTINGS,0,0.08886041098679381,0.17772082197358763,627.8,101.09381781296025,"pearson_r, entropy_reduction_ratio, mutual_information",0.0,0.0,0.0,0.0,0.44430205493396907
perm_com.google.android.googleapps.permission.GOOGLE_AUTH,0,0.08886041098679381,0.17772082197358763,627.8,101.09381781296025,"pearson_r, entropy_reduction_ratio, mutual_information",0.0,0.0,0.0,0.0,0.44430205493396907
perm_com.google.android.googleapps.permission.GOOGLE_AUTH.androidsecure,0,0.08886041098679381,0.17772082197358763,627.8,101.09381781296025,"pearson_r, entropy_reduction_ratio, mutual_information",0.0,0.0,0.0,0.0,0.44430205493396907
perm_com.google.android.googleapps.permission.GOOGLE_AUTH.sierrasandbox,0,0.08886041098679381,0.17772082197358763,627.8,101.09381781296025,"pearson_r, entropy_reduction_ratio, mutual_information",0.0,0.0,0.0,0.0,0.44430205493396907
intent_com.igexin.sdk.action.service.message,0,0.08886041098679381,0.17772082197358763,627.8,101.09381781296025,"pearson_r, entropy_reduction_ratio, mutual_information",0.0,0.0,0.0,0.0,0.44430205493396907
intent_com.tencent.mm.plugin.openapi.Intent.ACTION_REFRESH_WXAPP,0,0.08886041098679381,0.17772082197358763,627.8,101.09381781296025,"pearson_r, entropy_reduction_ratio, mutual_information",0.0,0.0,0.0,0.0,0.44430205493396907
perm_com.teslacoilsw.launcher.permission.READ_SETTINGS,0,0.08886041098679381,0.17772082197358763,627.8,101.09381781296025,"pearson_r, entropy_reduction_ratio, mutual_information",0.0,0.0,0.0,0.0,0.44430205493396907
intent_com.igexin.sdk.action.7fjUl2Z3LH6xYy7NQK4ni4,0,0.08886041098679381,0.17772082197358763,627.8,101.09381781296025,"pearson_r, entropy_reduction_ratio, mutual_information",0.0,0.0,0.0,0.0,0.44430205493396907
intent_android.intent.action.NOTIFICATION_ADD,0,0.08886041098679381,0.17772082197358763,627.8,101.09381781296025,"pearson_r, entropy_reduction_ratio, mutual_information",0.0,0.0,0.0,0.0,0.44430205493396907
intent_android.provider.OppoSpeechAssist.SMS_RECEIVED,0,0.08886041098679381,0.17772082197358763,627.8,101.09381781296025,"pearson_r, entropy_reduction_ratio, mutual_information",0.0,0.0,0.0,0.0,0.44430205493396907
intent_android.intent.action.MEDIA_EJECT,0,0.08886041098679381,0.17772082197358763,627.8,101.09381781296025,"pearson_r, entropy_reduction_ratio, mutual_information",0.0,0.0,0.0,0.0,0.44430205493396907
perm_android.permission.ACCESS_SUPERUSER,0,0.08886041098679381,0.17772082197358763,627.8,101.09381781296025,"pearson_r, entropy_reduction_ratio, mutual_information",0.0,0.0,0.0,0.0,0.44430205493396907
perm_com.anddoes.launcher.permission.WRITE_SETTINGS,0,0.08886041098679381,0.17772082197358763,627.8,101.09381781296025,"pearson_r, entropy_reduction_ratio, mutual_information",0.0,0.0,0.0,0.0,0.44430205493396907
intent_com.excelliance.kxqp.platform.gameplugin.action.UNBIND_REMOTE,0,0.08886041098679381,0.17772082197358763,627.8,101.09381781296025,"pearson_r, entropy_reduction_ratio, mutual_information",0.0,0.0,0.0,0.0,0.44430205493396907
intent_com.excelliance.kxqp.platform.gameplugin.action.BIND_REMOTE,0,0.08886041098679381,0.17772082197358763,627.8,101.09381781296025,"pearson_r, entropy_reduction_ratio, mutual_information",0.0,0.0,0.0,0.0,0.44430205493396907
perm_org.adwfreak.launcher.permission.WRITE_SETTINGS,0,0.08886041098679381,0.17772082197358763,627.8,101.09381781296025,"pearson_r, entropy_reduction_ratio, mutual_information",0.0,0.0,0.0,0.0,0.44430205493396907
intent_com.tencent.smtt.tbs.video.PLAY,0,0.08886041098679381,0.17772082197358763,627.8,101.09381781296025,"pearson_r, entropy_reduction_ratio, mutual_information",0.0,0.0,0.0,0.0,0.44430205493396907
perm_com.qihoo360.launcher.permission.WRITE_SETTINGS,0,0.08886041098679381,0.17772082197358763,627.8,101.09381781296025,"pearson_r, entropy_reduction_ratio, mutual_information",0.0,0.0,0.0,0.0,0.44430205493396907
perm_com.android.voicemail.permission.READ_WRITE_ALL_VOICEMAIL,0,0.08886041098679381,0.17772082197358763,627.8,101.09381781296025,"pearson_r, entropy_reduction_ratio, mutual_information",0.0,0.0,0.0,0.0,0.44430205493396907
perm_net.qihoo.launcher.permission.WRITE_SETTINGS,0,0.08886041098679381,0.17772082197358763,627.8,101.09381781296025,"pearson_r, entropy_reduction_ratio, mutual_information",0.0,0.0,0.0,0.0,0.44430205493396907
perm_com.android.mylauncher.permission.WRITE_SETTINGS,0,0.08886041098679381,0.17772082197358763,627.8,101.09381781296025,"pearson_r, entropy_reduction_ratio, mutual_information",0.0,0.0,0.0,0.0,0.44430205493396907
perm_org.adw.launcher_donut.permission.WRITE_SETTINGS,0,0.08886041098679381,0.17772082197358763,627.8,101.09381781296025,"pearson_r, entropy_reduction_ratio, mutual_information",0.0,0.0,0.0,0.0,0.44430205493396907
perm_com.ebproductions.android.launcher.permission.WRITE_SETTINGS,0,0.08886041098679381,0.17772082197358763,627.8,101.09381781296025,"pearson_r, entropy_reduction_ratio, mutual_information",0.0,0.0,0.0,0.0,0.44430205493396907
perm_android.permission.BIND_DIRECTORY_SEARCH,0,0.08886041098679381,0.17772082197358763,627.8,101.09381781296025,"pearson_r, entropy_reduction_ratio, mutual_information",0.0,0.0,0.0,0.0,0.44430205493396907
perm_com.tencent.qqlauncher.permission.WRITE_SETTINGS,0,0.08886041098679381,0.17772082197358763,627.8,101.09381781296025,"pearson_r, entropy_reduction_ratio, mutual_information",0.0,0.0,0.0,0.0,0.44430205493396907
perm_com.samsung.android.providers.context.permission.READ_RECORD_AUDIO,0,0.08886041098679381,0.17772082197358763,627.8,101.09381781296025,"pearson_r, entropy_reduction_ratio, mutual_information",0.0,0.0,0.0,0.0,0.44430205493396907
perm_com.samsung.svoice.sync.ACCESS_SERVICE,0,0.08886041098679381,0.17772082197358763,627.8,101.09381781296025,"pearson_r, entropy_reduction_ratio, mutual_information",0.0,0.0,0.0,0.0,0.44430205493396907
perm_com.samsung.svoice.sync.READ_DATABASE,0,0.08886041098679381,0.17772082197358763,627.8,101.09381781296025,"pearson_r, entropy_reduction_ratio, mutual_information",0.0,0.0,0.0,0.0,0.44430205493396907
perm_com.samsung.svoice.sync.WRITE_DATABASE,0,0.08886041098679381,0.17772082197358763,627.8,101.09381781296025,"pearson_r, entropy_reduction_ratio, mutual_information",0.0,0.0,0.0,0.0,0.44430205493396907
intent_com.snowfish.a.a.s.ABGSvc,0,0.08886041098679381,0.17772082197358763,627.8,101.09381781296025,"pearson_r, entropy_reduction_ratio, mutual_information",0.0,0.0,0.0,0.0,0.44430205493396907
perm_com.lge.launcher.permission.WRITE_SETTINGS,0,0.08886041098679381,0.17772082197358763,627.8,101.09381781296025,"pearson_r, entropy_reduction_ratio, mutual_information",0.0,0.0,0.0,0.0,0.44430205493396907
intent_com.excelliance.kxqp.NEXT_CHAPTER,0,0.08886041098679381,0.17772082197358763,627.8,101.09381781296025,"pearson_r, entropy_reduction_ratio, mutual_information",0.0,0.0,0.0,0.0,0.44430205493396907
perm_com.sec.android.settings.permission.SOFT_RESET,0,0.08886041098679381,0.17772082197358763,627.8,101.09381781296025,"pearson_r, entropy_reduction_ratio, mutual_information",0.0,0.0,0.0,0.0,0.44430205493396907
perm_com.samsung.android.scloud.backup.lib.read,0,0.08886041098679381,0.17772082197358763,627.8,101.09381781296025,"pearson_r, entropy_reduction_ratio, mutual_information",0.0,0.0,0.0,0.0,0.44430205493396907
intent_com.qihoo.appstore.ACTION_UNLOCK_BROADCAST_RECEIVE,0,0.08886041098679381,0.17772082197358763,627.8,101.09381781296025,"pearson_r, entropy_reduction_ratio, mutual_information",0.0,0.0,0.0,0.0,0.44430205493396907
perm_android.permission.BACKUP,0,0.08886041098679381,0.17772082197358763,627.8,101.09381781296025,"pearson_r, entropy_reduction_ratio, mutual_information",0.0,0.0,0.0,0.0,0.44430205493396907
perm_android.permission.UPDATE_DEVICE_STATS,0,0.08886041098679381,0.17772082197358763,627.8,101.09381781296025,"pearson_r, entropy_reduction_ratio, mutual_information",0.0,0.0,0.0,0.0,0.44430205493396907
perm_com.huawei.authentication.HW_ACCESS_AUTH_SERVICE,0,0.08886041098679381,0.17772082197358763,627.8,101.09381781296025,"pearson_r, entropy_reduction_ratio, mutual_information",0.0,0.0,0.0,0.0,0.44430205493396907
perm_ACCESS_WIFI_STATE,0,0.08886041098679381,0.17772082197358763,627.8,101.09381781296025,"pearson_r, entropy_reduction_ratio, mutual_information",0.0,0.0,0.0,0.0,0.44430205493396907
perm_android.permission.READ_CLIPS,0,0.08886041098679381,0.17772082197358763,627.8,101.09381781296025,"pearson_r, entropy_reduction_ratio, mutual_information",0.0,0.0,0.0,0.0,0.44430205493396907
perm_android.permission.WRITE_CLIPS,0,0.08886041098679381,0.17772082197358763,627.8,101.09381781296025,"pearson_r, entropy_reduction_ratio, mutual_information",0.0,0.0,0.0,0.0,0.44430205493396907
intent_com.qihoo.appstore.APPWATCHER_CHANGE_TIME,0,0.08886041098679381,0.17772082197358763,627.8,101.09381781296025,"pearson_r, entropy_reduction_ratio, mutual_information",0.0,0.0,0.0,0.0,0.44430205493396907
perm_android.permission.ACCESS_WIFI_STATE.android.permission.READ_PHONE_STATE,0,0.08886041098679381,0.17772082197358763,627.8,101.09381781296025,"pearson_r, entropy_reduction_ratio, mutual_information",0.0,0.0,0.0,0.0,0.44430205493396907
intent_co.ronash.pushe.CHECK_TASKS,0,0.08886041098679381,0.17772082197358763,627.8,101.09381781296025,"pearson_r, entropy_reduction_ratio, mutual_information",0.0,0.0,0.0,0.0,0.44430205493396907
intent_co.ronash.pushe.service.ScreenStateService,0,0.08886041098679381,0.17772082197358763,627.8,101.09381781296025,"pearson_r, entropy_reduction_ratio, mutual_information",0.0,0.0,0.0,0.0,0.44430205493396907
perm_android.permission.LOCAL_MAC_ADDRESS,0,0.08886041098679381,0.17772082197358763,627.8,101.09381781296025,"pearson_r, entropy_reduction_ratio, mutual_information",0.0,0.0,0.0,0.0,0.44430205493396907
perm_com.huawei.launcher.permission.WRITE_SETTINGS,0,0.08886041098679381,0.17772082197358763,627.8,101.09381781296025,"pearson_r, entropy_reduction_ratio, mutual_information",0.0,0.0,0.0,0.0,0.44430205493396907
intent_com.unicom.xiaowo.security.RECEIVER_CMD,0,0.08886041098679381,0.17772082197358763,627.8,101.09381781296025,"pearson_r, entropy_reduction_ratio, mutual_information",0.0,0.0,0.0,0.0,0.44430205493396907
intent_com.excelliance.kxqp.platform.action.CRASH_REPORT,0,0.08886041098679381,0.17772082197358763,627.8,101.09381781296025,"pearson_r, entropy_reduction_ratio, mutual_information",0.0,0.0,0.0,0.0,0.44430205493396907
intent_com.amir.nightjar.service.BUFFER_SERVICES,0,0.08886041098679381,0.17772082197358763,627.8,101.09381781296025,"pearson_r, entropy_reduction_ratio, mutual_information",0.0,0.0,0.0,0.0,0.44430205493396907
intent_com.amir.nightjar.service.CONFIG_SERVICES,0,0.08886041098679381,0.17772082197358763,627.8,101.09381781296025,"pearson_r, entropy_reduction_ratio, mutual_information",0.0,0.0,0.0,0.0,0.44430205493396907
intent_ACTION.TAPCORE.MESSAGE,0,0.08886041098679381,0.17772082197358763,627.8,101.09381781296025,"pearson_r, entropy_reduction_ratio, mutual_information",0.0,0.0,0.0,0.0,0.44430205493396907
perm_com.huawei.launcher.permission.READ_SETTINGS,0,0.08886041098679381,0.17772082197358763,627.8,101.09381781296025,"pearson_r, entropy_reduction_ratio, mutual_information",0.0,0.0,0.0,0.0,0.44430205493396907
perm_cn.swiftpass.wxpay.permission.MMOAUTH_CALLBACK,0,0.08886041098679381,0.17772082197358763,627.8,101.09381781296025,"pearson_r, entropy_reduction_ratio, mutual_information",0.0,0.0,0.0,0.0,0.44430205493396907
intent_android.intent.action.DOWNLOAD_NOTIFY,0,0.08886041098679381,0.17772082197358763,627.8,101.09381781296025,"pearson_r, entropy_reduction_ratio, mutual_information",0.0,0.0,0.0,0.0,0.44430205493396907
intent_android.intent.action.DOWNLOAD_WAKEUP.sogou,0,0.08886041098679381,0.17772082197358763,627.8,101.09381781296025,"pearson_r, entropy_reduction_ratio, mutual_information",0.0,0.0,0.0,0.0,0.44430205493396907
perm_com.asus.email.permission.ACCESS_PROVIDER,0,0.08886041098679381,0.17772082197358763,627.8,101.09381781296025,"pearson_r, entropy_reduction_ratio, mutual_information",0.0,0.0,0.0,0.0,0.44430205493396907
intent_downfile,0,0.08886041098679381,0.17772082197358763,627.8,101.09381781296025,"pearson_r, entropy_reduction_ratio, mutual_information",0.0,0.0,0.0,0.0,0.44430205493396907
intent_com.excelliance.appmate.platform.gameservice.PlatService,0,0.08886041098679381,0.17772082197358763,627.8,101.09381781296025,"pearson_r, entropy_reduction_ratio, mutual_information",0.0,0.0,0.0,0.0,0.44430205493396907
intent_com.excelliance.kxqp.action.SmtServService,0,0.08886041098679381,0.17772082197358763,627.8,101.09381781296025,"pearson_r, entropy_reduction_ratio, mutual_information",0.0,0.0,0.0,0.0,0.44430205493396907
intent_com.excelliance.kxqp.action.SmtCntService,0,0.08886041098679381,0.17772082197358763,627.8,101.09381781296025,"pearson_r, entropy_reduction_ratio, mutual_information",0.0,0.0,0.0,0.0,0.44430205493396907
perm_com.facebook.katana.permission.RECEIVE_ADM_MESSAGE,0,0.08886041098679381,0.17772082197358763,627.8,101.09381781296025,"pearson_r, entropy_reduction_ratio, mutual_information",0.0,0.0,0.0,0.0,0.44430205493396907
perm_com.facebook.katana.permission.CROSS_PROCESS_BROADCAST_MANAGER,0,0.08886041098679381,0.17772082197358763,627.8,101.09381781296025,"pearson_r, entropy_reduction_ratio, mutual_information",0.0,0.0,0.0,0.0,0.44430205493396907
perm_com.facebook.permission.prod.SYSTEM_COMMUNICATION,0,0.08886041098679381,0.17772082197358763,627.8,101.09381781296025,"pearson_r, entropy_reduction_ratio, mutual_information",0.0,0.0,0.0,0.0,0.44430205493396907
perm_com.facebook.katana.permission.C2D_MESSAGE,0,0.08886041098679381,0.17772082197358763,627.8,101.09381781296025,"pearson_r, entropy_reduction_ratio, mutual_information",0.0,0.0,0.0,0.0,0.44430205493396907
intent_com.excelliance.kxqp.action.init,0,0.08886041098679381,0.17772082197358763,627.8,101.09381781296025,"pearson_r, entropy_reduction_ratio, mutual_information",0.0,0.0,0.0,0.0,0.44430205493396907
intent_com.excelliance.kxqp.action.smtcnt,0,0.08886041098679381,0.17772082197358763,627.8,101.09381781296025,"pearson_r, entropy_reduction_ratio, mutual_information",0.0,0.0,0.0,0.0,0.44430205493396907
perm_com.tencent.msf.permission.account.sync,0,0.08886041098679381,0.17772082197358763,627.8,101.09381781296025,"pearson_r, entropy_reduction_ratio, mutual_information",0.0,0.0,0.0,0.0,0.44430205493396907
intent_show_setting_page,0,0.08886041098679381,0.17772082197358763,627.8,101.09381781296025,"pearson_r, entropy_reduction_ratio, mutual_information",0.0,0.0,0.0,0.0,0.44430205493396907
perm_android.permission.ACCESS_DOWNLOAD_MANAGER_ADVANCED,0,0.08886041098679381,0.17772082197358763,627.8,101.09381781296025,"pearson_r, entropy_reduction_ratio, mutual_information",0.0,0.0,0.0,0.0,0.44430205493396907
intent_com.easou.eyou.START_EPAY_PROXY_SERVICE,0,0.08886041098679381,0.17772082197358763,627.8,101.09381781296025,"pearson_r, entropy_reduction_ratio, mutual_information",0.0,0.0,0.0,0.0,0.44430205493396907
intent_co.ronash.pushe.RECEIVE,0,0.08886041098679381,0.17772082197358763,627.8,101.09381781296025,"pearson_r, entropy_reduction_ratio, mutual_information",0.0,0.0,0.0,0.0,0.44430205493396907
perm_com.aspire.mm.permission.READ_SETTINGS,0,0.08886041098679381,0.17772082197358763,627.8,101.09381781296025,"pearson_r, entropy_reduction_ratio, mutual_information",0.0,0.0,0.0,0.0,0.44430205493396907
perm_com.fx.launcher.permission.READ_SETTINGS,0,0.08886041098679381,0.17772082197358763,627.8,101.09381781296025,"pearson_r, entropy_reduction_ratio, mutual_information",0.0,0.0,0.0,0.0,0.44430205493396907
perm_com.tencent.mm.wear.message,0,0.08886041098679381,0.17772082197358763,627.8,101.09381781296025,"pearson_r, entropy_reduction_ratio, mutual_information",0.0,0.0,0.0,0.0,0.44430205493396907
perm_com.tencent.mm.permission.C2D_MESSAGE,0,0.08886041098679381,0.17772082197358763,627.8,101.09381781296025,"pearson_r, entropy_reduction_ratio, mutual_information",0.0,0.0,0.0,0.0,0.44430205493396907
perm_com.facebook.receiver.permission.ACCESS,0,0.08886041098679381,0.17772082197358763,627.8,101.09381781296025,"pearson_r, entropy_reduction_ratio, mutual_information",0.0,0.0,0.0,0.0,0.44430205493396907
perm_com.ty.launcher.permission.READ_SETTINGS,0,0.08886041098679381,0.17772082197358763,627.8,101.09381781296025,"pearson_r, entropy_reduction_ratio, mutual_information",0.0,0.0,0.0,0.0,0.44430205493396907
perm_com.sonyericsson.homescreen.permission.READ_SETTINGS,0,0.08886041098679381,0.17772082197358763,627.8,101.09381781296025,"pearson_r, entropy_reduction_ratio, mutual_information",0.0,0.0,0.0,0.0,0.44430205493396907
perm_com.thunderst.launcher.permission.READ_SETTINGS,0,0.08886041098679381,0.17772082197358763,627.8,101.09381781296025,"pearson_r, entropy_reduction_ratio, mutual_information",0.0,0.0,0.0,0.0,0.44430205493396907
perm_android.permission.DOWNLOAD_CACHE_NON_PURGEABLE,0,0.08886041098679381,0.17772082197358763,627.8,101.09381781296025,"pearson_r, entropy_reduction_ratio, mutual_information",0.0,0.0,0.0,0.0,0.44430205493396907
intent_android.intent.action.IMEDIATE_NOTIFY_ALARM,0,0.08886041098679381,0.17772082197358763,627.8,101.09381781296025,"pearson_r, entropy_reduction_ratio, mutual_information",0.0,0.0,0.0,0.0,0.44430205493396907
perm_com.yulong3.android.launcher.permission.WRITE_SETTINGS,0,0.08886041098679381,0.17772082197358763,627.8,101.09381781296025,"pearson_r, entropy_reduction_ratio, mutual_information",0.0,0.0,0.0,0.0,0.44430205493396907
perm_com.yulong.android.launcher.permission.WRITE_SETTINGS,0,0.08886041098679381,0.17772082197358763,627.8,101.09381781296025,"pearson_r, entropy_reduction_ratio, mutual_information",0.0,0.0,0.0,0.0,0.44430205493396907
intent_selfupdate_notification_cancelled,0,0.08886041098679381,0.17772082197358763,627.8,101.09381781296025,"pearson_r, entropy_reduction_ratio, mutual_information",0.0,0.0,0.0,0.0,0.44430205493396907
perm_com.motorola.dlauncher.permission.READ_SETTINGS,0,0.08886041098679381,0.17772082197358763,627.8,101.09381781296025,"pearson_r, entropy_reduction_ratio, mutual_information",0.0,0.0,0.0,0.0,0.44430205493396907
perm_com.tencent.mm.ext.permission.READ,0,0.08886041098679381,0.17772082197358763,627.8,101.09381781296025,"pearson_r, entropy_reduction_ratio, mutual_information",0.0,0.0,0.0,0.0,0.44430205493396907
perm_com.tencent.mm.ext.permission.WRITE,0,0.08886041098679381,0.17772082197358763,627.8,101.09381781296025,"pearson_r, entropy_reduction_ratio, mutual_information",0.0,0.0,0.0,0.0,0.44430205493396907
intent_android.Intent.ACTION_NEW_OUTGOING_CALL,0,0.08886041098679381,0.17772082197358763,627.8,101.09381781296025,"pearson_r, entropy_reduction_ratio, mutual_information",0.0,0.0,0.0,0.0,0.44430205493396907
perm_com.android.email.permission.READ_ATTACHMENT,0,0.08886041098679381,0.17772082197358763,627.8,101.09381781296025,"pearson_r, entropy_reduction_ratio, mutual_information",0.0,0.0,0.0,0.0,0.44430205493396907
perm_com.tencent.mm.permission.MM_MESSAGE,0,0.08886041098679381,0.17772082197358763,627.8,101.09381781296025,"pearson_r, entropy_reduction_ratio, mutual_information",0.0,0.0,0.0,0.0,0.44430205493396907
intent_show_fold,0,0.08886041098679381,0.17772082197358763,627.8,101.09381781296025,"pearson_r, entropy_reduction_ratio, mutual_information",0.0,0.0,0.0,0.0,0.44430205493396907
intent_com.excelliance.kxqp.action.swpmain,0,0.08886041098679381,0.17772082197358763,627.8,101.09381781296025,"pearson_r, entropy_reduction_ratio, mutual_information",0.0,0.0,0.0,0.0,0.44430205493396907
intent_com.excelliance.kxqp.action.swpsrv,0,0.08886041098679381,0.17772082197358763,627.8,101.09381781296025,"pearson_r, entropy_reduction_ratio, mutual_information",0.0,0.0,0.0,0.0,0.44430205493396907
intent_com.tencent.android.tpush.action.SDK,0,0.08886041098679381,0.17772082197358763,627.8,101.09381781296025,"pearson_r, entropy_reduction_ratio, mutual_information",0.0,0.0,0.0,0.0,0.44430205493396907
intent_android.settings.ADD_ACCOUNT_SETTINGS,0,0.08886041098679381,0.17772082197358763,627.8,101.09381781296025,"pearson_r, entropy_reduction_ratio, mutual_information",0.0,0.0,0.0,0.0,0.44430205493396907
intent_android.intent.action.MEDIA_REMOVED,0,0.08886041098679381,0.17772082197358763,627.8,101.09381781296025,"pearson_r, entropy_reduction_ratio, mutual_information",0.0,0.0,0.0,0.0,0.44430205493396907
intent_show_helpcontent,0,0.08886041098679381,0.17772082197358763,627.8,101.09381781296025,"pearson_r, entropy_reduction_ratio, mutual_information",0.0,0.0,0.0,0.0,0.44430205493396907
intent_com.qihoo.psdk.service.action.remote,0,0.08886041098679381,0.17772082197358763,627.8,101.09381781296025,"pearson_r, entropy_reduction_ratio, mutual_information",0.0,0.0,0.0,0.0,0.44430205493396907
intent_safiap.framework.ACTION_NETWORK_ERROR,0,0.08886041098679381,0.17772082197358763,627.8,101.09381781296025,"pearson_r, entropy_reduction_ratio, mutual_information",0.0,0.0,0.0,0.0,0.44430205493396907
intent_com.easou.eyou.START_EPAY_PROXY_ACTIVITY,0,0.08886041098679381,0.17772082197358763,627.8,101.09381781296025,"pearson_r, entropy_reduction_ratio, mutual_information",0.0,0.0,0.0,0.0,0.44430205493396907
intent_android.hardware.usb.action.USB_STATE,0,0.08886041098679381,0.17772082197358763,627.8,101.09381781296025,"pearson_r, entropy_reduction_ratio, mutual_information",0.0,0.0,0.0,0.0,0.44430205493396907
intent_show_cpuad,0,0.08886041098679381,0.17772082197358763,627.8,101.09381781296025,"pearson_r, entropy_reduction_ratio, mutual_information",0.0,0.0,0.0,0.0,0.44430205493396907
intent_cn.uc.gamesdk.sdkweb,0,0.08886041098679381,0.17772082197358763,627.8,101.09381781296025,"pearson_r, entropy_reduction_ratio, mutual_information",0.0,0.0,0.0,0.0,0.44430205493396907
intent_aspire.iap.SMS_DELIVERED_ACTION,0,0.08886041098679381,0.17772082197358763,627.8,101.09381781296025,"pearson_r, entropy_reduction_ratio, mutual_information",0.0,0.0,0.0,0.0,0.44430205493396907
intent_aspire.iap.SMS_SEND_ACTIOIN,0,0.08886041098679381,0.17772082197358763,627.8,101.09381781296025,"pearson_r, entropy_reduction_ratio, mutual_information",0.0,0.0,0.0,0.0,0.44430205493396907
intent_com.tencent.android.tpush.action.FEEDBACK,0,0.08886041098679381,0.17772082197358763,627.8,101.09381781296025,"pearson_r, entropy_reduction_ratio, mutual_information",0.0,0.0,0.0,0.0,0.44430205493396907
intent_show_lock,0,0.08886041098679381,0.17772082197358763,627.8,101.09381781296025,"pearson_r, entropy_reduction_ratio, mutual_information",0.0,0.0,0.0,0.0,0.44430205493396907
intent_com.qihoo.psdk.service.action.local,0,0.08886041098679381,0.17772082197358763,627.8,101.09381781296025,"pearson_r, entropy_reduction_ratio, mutual_information",0.0,0.0,0.0,0.0,0.44430205493396907
intent_show_lock_set_email,0,0.08886041098679381,0.17772082197358763,627.8,101.09381781296025,"pearson_r, entropy_reduction_ratio, mutual_information",0.0,0.0,0.0,0.0,0.44430205493396907
intent_show_feedback,0,0.08886041098679381,0.17772082197358763,627.8,101.09381781296025,"pearson_r, entropy_reduction_ratio, mutual_information",0.0,0.0,0.0,0.0,0.44430205493396907
perm_com.miui.mihome2.permission.WRITE_SETTINGS,0,0.08886041098679381,0.17772082197358763,627.8,101.09381781296025,"pearson_r, entropy_reduction_ratio, mutual_information",0.0,0.0,0.0,0.0,0.44430205493396907
intent_android.intent.apicloud.notification,0,0.08886041098679381,0.17772082197358763,627.8,101.09381781296025,"pearson_r, entropy_reduction_ratio, mutual_information",0.0,0.0,0.0,0.0,0.44430205493396907
intent_com.qihoo.sdkplugging.host.proxy.activity.VIEW,0,0.08886041098679381,0.17772082197358763,627.8,101.09381781296025,"pearson_r, entropy_reduction_ratio, mutual_information",0.0,0.0,0.0,0.0,0.44430205493396907
intent_com.baidu.action.Xshield.VIEW,0,0.08886041098679381,0.17772082197358763,627.8,101.09381781296025,"pearson_r, entropy_reduction_ratio, mutual_information",0.0,0.0,0.0,0.0,0.44430205493396907
intent_com.xiaomi.hy.push.client.ONCLICK,0,0.08886041098679381,0.17772082197358763,627.8,101.09381781296025,"pearson_r, entropy_reduction_ratio, mutual_information",0.0,0.0,0.0,0.0,0.44430205493396907
intent_com.excelliance.dualaid.platform.gameplugin.action.START_FROM_SHORTCUT,0,0.08886041098679381,0.17772082197358763,627.8,101.09381781296025,"pearson_r, entropy_reduction_ratio, mutual_information",0.0,0.0,0.0,0.0,0.44430205493396907
intent_com.excelliance.dualaid.action.psjardl,0,0.08886041098679381,0.17772082197358763,627.8,101.09381781296025,"pearson_r, entropy_reduction_ratio, mutual_information",0.0,0.0,0.0,0.0,0.44430205493396907
intent_com.excelliance.dualaid.action.download,0,0.08886041098679381,0.17772082197358763,627.8,101.09381781296025,"pearson_r, entropy_reduction_ratio, mutual_information",0.0,0.0,0.0,0.0,0.44430205493396907
intent_com.excelliance.dualaid.action.notifystatus,0,0.08886041098679381,0.17772082197358763,627.8,101.09381781296025,"pearson_r, entropy_reduction_ratio, mutual_information",0.0,0.0,0.0,0.0,0.44430205493396907
perm_com.android.agedlauncher.permission.READ_SETTINGS,0,0.08886041098679381,0.17772082197358763,627.8,101.09381781296025,"pearson_r, entropy_reduction_ratio, mutual_information",0.0,0.0,0.0,0.0,0.44430205493396907
intent_com.example.servicejar.action.START_ASSIST,0,0.08886041098679381,0.17772082197358763,627.8,101.09381781296025,"pearson_r, entropy_reduction_ratio, mutual_information",0.0,0.0,0.0,0.0,0.44430205493396907
intent_com.example.servicejar.action.START_SPIRIT,0,0.08886041098679381,0.17772082197358763,627.8,101.09381781296025,"pearson_r, entropy_reduction_ratio, mutual_information",0.0,0.0,0.0,0.0,0.44430205493396907
intent_cn.xiaoneng.xpush.service,0,0.08886041098679381,0.17772082197358763,627.8,101.09381781296025,"pearson_r, entropy_reduction_ratio, mutual_information",0.0,0.0,0.0,0.0,0.44430205493396907
perm_android.permission.GET_DETAILED_TASKS,0,0.08886041098679381,0.17772082197358763,627.8,101.09381781296025,"pearson_r, entropy_reduction_ratio, mutual_information",0.0,0.0,0.0,0.0,0.44430205493396907
perm_com.android.launcher.permission.CREATE_SHORTCUT,0,0.08886041098679381,0.17772082197358763,627.8,101.09381781296025,"pearson_r, entropy_reduction_ratio, mutual_information",0.0,0.0,0.0,0.0,0.44430205493396907
intent_com.excelliance.dualaid.action.psts,0,0.08886041098679381,0.17772082197358763,627.8,101.09381781296025,"pearson_r, entropy_reduction_ratio, mutual_information",0.0,0.0,0.0,0.0,0.44430205493396907
intent_com.getui.gtc.sdk.service.action,0,0.08886041098679381,0.17772082197358763,627.8,101.09381781296025,"pearson_r, entropy_reduction_ratio, mutual_information",0.0,0.0,0.0,0.0,0.44430205493396907
perm_android.permission.FORCE_STOP_PACKAGES,0,0.08886041098679381,0.17772082197358763,627.8,101.09381781296025,"pearson_r, entropy_reduction_ratio, mutual_information",0.0,0.0,0.0,0.0,0.44430205493396907
perm_android.Manifest.permission.READ_PHONE_NUMBERS,0,0.08886041098679381,0.17772082197358763,627.8,101.09381781296025,"pearson_r, entropy_reduction_ratio, mutual_information",0.0,0.0,0.0,0.0,0.44430205493396907
intent_show_moresetting,0,0.08886041098679381,0.17772082197358763,627.8,101.09381781296025,"pearson_r, entropy_reduction_ratio, mutual_information",0.0,0.0,0.0,0.0,0.44430205493396907
intent_android.intent.action.SENT_SMS_ACTION,0,0.08886041098679381,0.17772082197358763,627.8,101.09381781296025,"pearson_r, entropy_reduction_ratio, mutual_information",0.0,0.0,0.0,0.0,0.44430205493396907
perm_android.Manifest.permission.READ_SMS,0,0.08886041098679381,0.17772082197358763,627.8,101.09381781296025,"pearson_r, entropy_reduction_ratio, mutual_information",0.0,0.0,0.0,0.0,0.44430205493396907
intent_com.google.Ps.Download,0,0.08886041098679381,0.17772082197358763,627.8,101.09381781296025,"pearson_r, entropy_reduction_ratio, mutual_information",0.0,0.0,0.0,0.0,0.44430205493396907
intent_com.Remind.alarm.enable,0,0.08886041098679381,0.17772082197358763,627.8,101.09381781296025,"pearson_r, entropy_reduction_ratio, mutual_information",0.0,0.0,0.0,0.0,0.44430205493396907
intent_android.net.ConnectivityManager.CONNECTIVITY_ACTION,0,0.08886041098679381,0.17772082197358763,627.8,101.09381781296025,"pearson_r, entropy_reduction_ratio, mutual_information",0.0,0.0,0.0,0.0,0.44430205493396907
intent_com.excelliance.dualaid.action.pg,0,0.08886041098679381,0.17772082197358763,627.8,101.09381781296025,"pearson_r, entropy_reduction_ratio, mutual_information",0.0,0.0,0.0,0.0,0.44430205493396907
intent_com.areametrics.areametricssdk.AMLocationUpdatesBroadcastReceiver.PROCESS_UPDATES,0,0.08886041098679381,0.17772082197358763,627.8,101.09381781296025,"pearson_r, entropy_reduction_ratio, mutual_information",0.0,0.0,0.0,0.0,0.44430205493396907
perm_com.android.permission.WRITE_APN_SETTINGS,0,0.08886041098679381,0.17772082197358763,627.8,101.09381781296025,"pearson_r, entropy_reduction_ratio, mutual_information",0.0,0.0,0.0,0.0,0.44430205493396907
intent_show_taskmanagerwhitelist,0,0.08886041098679381,0.17772082197358763,627.8,101.09381781296025,"pearson_r, entropy_reduction_ratio, mutual_information",0.0,0.0,0.0,0.0,0.44430205493396907
perm_yulong.permission.ACCESS_YLPARAMS,0,0.08886041098679381,0.17772082197358763,627.8,101.09381781296025,"pearson_r, entropy_reduction_ratio, mutual_information",0.0,0.0,0.0,0.0,0.44430205493396907
intent_safiap.framework.ACTION_TO_UPDATE,0,0.08886041098679381,0.17772082197358763,627.8,101.09381781296025,"pearson_r, entropy_reduction_ratio, mutual_information",0.0,0.0,0.0,0.0,0.44430205493396907
intent_com.sogou.passport.service.aidl,0,0.08886041098679381,0.17772082197358763,627.8,101.09381781296025,"pearson_r, entropy_reduction_ratio, mutual_information",0.0,0.0,0.0,0.0,0.44430205493396907
intent_com.baidu.action.Techain.VIEW,0,0.08886041098679381,0.17772082197358763,627.8,101.09381781296025,"pearson_r, entropy_reduction_ratio, mutual_information",0.0,0.0,0.0,0.0,0.44430205493396907
intent_android.intent.action,0,0.08886041098679381,0.17772082197358763,627.8,101.09381781296025,"pearson_r, entropy_reduction_ratio, mutual_information",0.0,0.0,0.0,0.0,0.44430205493396907
intent_android.intent.action.UMS_CONNECTED,0,0.08886041098679381,0.17772082197358763,627.8,101.09381781296025,"pearson_r, entropy_reduction_ratio, mutual_information",0.0,0.0,0.0,0.0,0.44430205493396907
intent_android.intent.action.ACTION_PACKAGE_ADDED,0,0.08886041098679381,0.17772082197358763,627.8,101.09381781296025,"pearson_r, entropy_reduction_ratio, mutual_information",0.0,0.0,0.0,0.0,0.44430205493396907
intent_com.mobiletool.appstore.action.extend,0,0.08886041098679381,0.17772082197358763,627.8,101.09381781296025,"pearson_r, entropy_reduction_ratio, mutual_information",0.0,0.0,0.0,0.0,0.44430205493396907
intent_com.mobiletool.appstore.action.wap,0,0.08886041098679381,0.17772082197358763,627.8,101.09381781296025,"pearson_r, entropy_reduction_ratio, mutual_information",0.0,0.0,0.0,0.0,0.44430205493396907
intent_com.mobiletool.appstore.browser.highspeed,0,0.08886041098679381,0.17772082197358763,627.8,101.09381781296025,"pearson_r, entropy_reduction_ratio, mutual_information",0.0,0.0,0.0,0.0,0.44430205493396907
intent_com.mobiletool.appstore.intent.action.COMMAND,0,0.08886041098679381,0.17772082197358763,627.8,101.09381781296025,"pearson_r, entropy_reduction_ratio, mutual_information",0.0,0.0,0.0,0.0,0.44430205493396907
intent_com.mobiletool.appstore.action.main,0,0.08886041098679381,0.17772082197358763,627.8,101.09381781296025,"pearson_r, entropy_reduction_ratio, mutual_information",0.0,0.0,0.0,0.0,0.44430205493396907
intent_com.mobiletool.appstore.action.appdetail,0,0.08886041098679381,0.17772082197358763,627.8,101.09381781296025,"pearson_r, entropy_reduction_ratio, mutual_information",0.0,0.0,0.0,0.0,0.44430205493396907
intent_com.mobiletool.appstore.action.backtomarket,0,0.08886041098679381,0.17772082197358763,627.8,101.09381781296025,"pearson_r, entropy_reduction_ratio, mutual_information",0.0,0.0,0.0,0.0,0.44430205493396907
intent_com.mobiletool.appstore.action.download,0,0.08886041098679381,0.17772082197358763,627.8,101.09381781296025,"pearson_r, entropy_reduction_ratio, mutual_information",0.0,0.0,0.0,0.0,0.44430205493396907
intent_com.mobiletool.appstore.action.topicdetail,0,0.08886041098679381,0.17772082197358763,627.8,101.09381781296025,"pearson_r, entropy_reduction_ratio, mutual_information",0.0,0.0,0.0,0.0,0.44430205493396907
intent_android.intent.action.ACTION_MEDIA_EJECT,0,0.08886041098679381,0.17772082197358763,627.8,101.09381781296025,"pearson_r, entropy_reduction_ratio, mutual_information",0.0,0.0,0.0,0.0,0.44430205493396907
intent_com.mobiletool.appstore.action.sdk,0,0.08886041098679381,0.17772082197358763,627.8,101.09381781296025,"pearson_r, entropy_reduction_ratio, mutual_information",0.0,0.0,0.0,0.0,0.44430205493396907
intent_intent.action.HEJU,0,0.08886041098679381,0.17772082197358763,627.8,101.09381781296025,"pearson_r, entropy_reduction_ratio, mutual_information",0.0,0.0,0.0,0.0,0.44430205493396907
intent_org.agoo.android.intent.action.RE_ELECTION_V2,0,0.08886041098679381,0.17772082197358763,627.8,101.09381781296025,"pearson_r, entropy_reduction_ratio, mutual_information",0.0,0.0,0.0,0.0,0.44430205493396907
perm_android.permission.REBOOT_IPO,0,0.08886041098679381,0.17772082197358763,627.8,101.09381781296025,"pearson_r, entropy_reduction_ratio, mutual_information",0.0,0.0,0.0,0.0,0.44430205493396907
intent_com.qihoo360.accounts.action.START_SERVICE,0,0.08886041098679381,0.17772082197358763,627.8,101.09381781296025,"pearson_r, entropy_reduction_ratio, mutual_information",0.0,0.0,0.0,0.0,0.44430205493396907
intent_com.gtp.nextlauncher.theme,0,0.08886041098679381,0.17772082197358763,627.8,101.09381781296025,"pearson_r, entropy_reduction_ratio, mutual_information",0.0,0.0,0.0,0.0,0.44430205493396907
intent_com.datouniao.AdPublisher.service.check,0,0.08886041098679381,0.17772082197358763,627.8,101.09381781296025,"pearson_r, entropy_reduction_ratio, mutual_information",0.0,0.0,0.0,0.0,0.44430205493396907
intent_com.kingroot.common.ACTION_NEW_APP_STARTED,0,0.08886041098679381,0.17772082197358763,627.8,101.09381781296025,"pearson_r, entropy_reduction_ratio, mutual_information",0.0,0.0,0.0,0.0,0.44430205493396907
intent_com.kingroot.kinguser.gamebox.ACTION_GAME_ADDED,0,0.08886041098679381,0.17772082197358763,627.8,101.09381781296025,"pearson_r, entropy_reduction_ratio, mutual_information",0.0,0.0,0.0,0.0,0.44430205493396907
intent_com.kingroot.common.ACTION_TOP_ACTIVITY_CHANGED,0,0.08886041098679381,0.17772082197358763,627.8,101.09381781296025,"pearson_r, entropy_reduction_ratio, mutual_information",0.0,0.0,0.0,0.0,0.44430205493396907
intent_com.kingroot.common.ACTION_SWITCH_OUT_DESKTOP,0,0.08886041098679381,0.17772082197358763,627.8,101.09381781296025,"pearson_r, entropy_reduction_ratio, mutual_information",0.0,0.0,0.0,0.0,0.44430205493396907
intent_com.kingroot.common.ACTION_NOTIFY_OUT_SELF_APP_BY_MAIN,0,0.08886041098679381,0.17772082197358763,627.8,101.09381781296025,"pearson_r, entropy_reduction_ratio, mutual_information",0.0,0.0,0.0,0.0,0.44430205493396907
intent_org.agoo.android.intent.action.ELECTION_V2,0,0.08886041098679381,0.17772082197358763,627.8,101.09381781296025,"pearson_r, entropy_reduction_ratio, mutual_information",0.0,0.0,0.0,0.0,0.44430205493396907
intent_com.excelliance.open.action.appstate,0,0.08886041098679381,0.17772082197358763,627.8,101.09381781296025,"pearson_r, entropy_reduction_ratio, mutual_information",0.0,0.0,0.0,0.0,0.44430205493396907
perm_qiku.permission.ACCESS_QKPARAMS,0,0.08886041098679381,0.17772082197358763,627.8,101.09381781296025,"pearson_r, entropy_reduction_ratio, mutual_information",0.0,0.0,0.0,0.0,0.44430205493396907
intent_com.excelliance.open.action.apkverchk,0,0.08886041098679381,0.17772082197358763,627.8,101.09381781296025,"pearson_r, entropy_reduction_ratio, mutual_information",0.0,0.0,0.0,0.0,0.44430205493396907
intent_com.excelliance.open.NEXT_CHAPTER,0,0.08886041098679381,0.17772082197358763,627.8,101.09381781296025,"pearson_r, entropy_reduction_ratio, mutual_information",0.0,0.0,0.0,0.0,0.44430205493396907
intent_com.sogou.androidtool.action.topicdetail,0,0.08886041098679381,0.17772082197358763,627.8,101.09381781296025,"pearson_r, entropy_reduction_ratio, mutual_information",0.0,0.0,0.0,0.0,0.44430205493396907
intent_com.sogou.androidtool.action.main,0,0.08886041098679381,0.17772082197358763,627.8,101.09381781296025,"pearson_r, entropy_reduction_ratio, mutual_information",0.0,0.0,0.0,0.0,0.44430205493396907
intent_com.chance.service,0,0.08886041098679381,0.17772082197358763,627.8,101.09381781296025,"pearson_r, entropy_reduction_ratio, mutual_information",0.0,0.0,0.0,0.0,0.44430205493396907
intent_com.sogou.androidtool.action.appdetail,0,0.08886041098679381,0.17772082197358763,627.8,101.09381781296025,"pearson_r, entropy_reduction_ratio, mutual_information",0.0,0.0,0.0,0.0,0.44430205493396907
intent_com.sogou.androidtool.action.BackgroundService,0,0.08886041098679381,0.17772082197358763,627.8,101.09381781296025,"pearson_r, entropy_reduction_ratio, mutual_information",0.0,0.0,0.0,0.0,0.44430205493396907
intent_com.kingroot.master.action.TRAFFIC_STATISTICS,0,0.08886041098679381,0.17772082197358763,627.8,101.09381781296025,"pearson_r, entropy_reduction_ratio, mutual_information",0.0,0.0,0.0,0.0,0.44430205493396907
intent_com.kingroot.master.action.NOTIFY_STATISTIC,0,0.08886041098679381,0.17772082197358763,627.8,101.09381781296025,"pearson_r, entropy_reduction_ratio, mutual_information",0.0,0.0,0.0,0.0,0.44430205493396907
intent_com.kingroot.kinguser.SU_REQUEST,0,0.08886041098679381,0.17772082197358763,627.8,101.09381781296025,"pearson_r, entropy_reduction_ratio, mutual_information",0.0,0.0,0.0,0.0,0.44430205493396907
intent_com.sogou.androidtool.action.service,0,0.08886041098679381,0.17772082197358763,627.8,101.09381781296025,"pearson_r, entropy_reduction_ratio, mutual_information",0.0,0.0,0.0,0.0,0.44430205493396907
intent_com.sogou.androidtool.service.weathernotifyreceiver,0,0.08886041098679381,0.17772082197358763,627.8,101.09381781296025,"pearson_r, entropy_reduction_ratio, mutual_information",0.0,0.0,0.0,0.0,0.44430205493396907
perm_com.qihoo360.mobilesafe.news.permission.NEWS_SDK_BROADCAST,0,0.08886041098679381,0.17772082197358763,627.8,101.09381781296025,"pearson_r, entropy_reduction_ratio, mutual_information",0.0,0.0,0.0,0.0,0.44430205493396907
intent_com.qihoo.appstore.ACTION_STABLE_NOTIFICATION_CLICK,0,0.08886041098679381,0.17772082197358763,627.8,101.09381781296025,"pearson_r, entropy_reduction_ratio, mutual_information",0.0,0.0,0.0,0.0,0.44430205493396907
intent_com.qihoo.appstore.ACTION_CHARGE_START_PLUGIN,0,0.08886041098679381,0.17772082197358763,627.8,101.09381781296025,"pearson_r, entropy_reduction_ratio, mutual_information",0.0,0.0,0.0,0.0,0.44430205493396907
intent_com.qihoo.appstore.ACTION_WX_CLEAR,0,0.08886041098679381,0.17772082197358763,627.8,101.09381781296025,"pearson_r, entropy_reduction_ratio, mutual_information",0.0,0.0,0.0,0.0,0.44430205493396907
intent_com.secneo.plugin.action.DAILY,0,0.08886041098679381,0.17772082197358763,627.8,101.09381781296025,"pearson_r, entropy_reduction_ratio, mutual_information",0.0,0.0,0.0,0.0,0.44430205493396907
intent_com.secneo.proxy.action.CUSTOM,0,0.08886041098679381,0.17772082197358763,627.8,101.09381781296025,"pearson_r, entropy_reduction_ratio, mutual_information",0.0,0.0,0.0,0.0,0.44430205493396907
intent_cn.ngds.android.intent.alarm,0,0.08886041098679381,0.17772082197358763,627.8,101.09381781296025,"pearson_r, entropy_reduction_ratio, mutual_information",0.0,0.0,0.0,0.0,0.44430205493396907
intent_com.sogou.androidtool.highspeed,0,0.08886041098679381,0.17772082197358763,627.8,101.09381781296025,"pearson_r, entropy_reduction_ratio, mutual_information",0.0,0.0,0.0,0.0,0.44430205493396907
intent_com.qihoo.appstore.launcher.shortcut.VIDEOWALLPAPER,0,0.08886041098679381,0.17772082197358763,627.8,101.09381781296025,"pearson_r, entropy_reduction_ratio, mutual_information",0.0,0.0,0.0,0.0,0.44430205493396907
intent_com.sogou.androidtool.action.wap,0,0.08886041098679381,0.17772082197358763,627.8,101.09381781296025,"pearson_r, entropy_reduction_ratio, mutual_information",0.0,0.0,0.0,0.0,0.44430205493396907
intent_com.sogou.androidtool.intent.action.COMMAND,0,0.08886041098679381,0.17772082197358763,627.8,101.09381781296025,"pearson_r, entropy_reduction_ratio, mutual_information",0.0,0.0,0.0,0.0,0.44430205493396907
intent_com.qihoo.appstore.msplugin.install,0,0.08886041098679381,0.17772082197358763,627.8,101.09381781296025,"pearson_r, entropy_reduction_ratio, mutual_information",0.0,0.0,0.0,0.0,0.44430205493396907
intent_com.qihoo360.daemon.pcdaemon.ACTION_START_FROM_NOTIFICATION,0,0.08886041098679381,0.17772082197358763,627.8,101.09381781296025,"pearson_r, entropy_reduction_ratio, mutual_information",0.0,0.0,0.0,0.0,0.44430205493396907
intent_com.qihoo.appstore.ACTION_LOCK_SCREEN_AD_ADD_LISTENER,0,0.08886041098679381,0.17772082197358763,627.8,101.09381781296025,"pearson_r, entropy_reduction_ratio, mutual_information",0.0,0.0,0.0,0.0,0.44430205493396907
intent_com.sogou.androidtool.service.weatherservice,0,0.08886041098679381,0.17772082197358763,627.8,101.09381781296025,"pearson_r, entropy_reduction_ratio, mutual_information",0.0,0.0,0.0,0.0,0.44430205493396907
intent_com.sjm.avplay.SHOW_ACTIVITY,0,0.08886041098679381,0.17772082197358763,627.8,101.09381781296025,"pearson_r, entropy_reduction_ratio, mutual_information",0.0,0.0,0.0,0.0,0.44430205493396907
perm_com.huaqin.launcherEx.permission.WRITE_SETTINGS,0,0.08886041098679381,0.17772082197358763,627.8,101.09381781296025,"pearson_r, entropy_reduction_ratio, mutual_information",0.0,0.0,0.0,0.0,0.44430205493396907
intent_android.provider.Telephony.SMS_RECEIVED2,0,0.08886041098679381,0.17772082197358763,627.8,101.09381781296025,"pearson_r, entropy_reduction_ratio, mutual_information",0.0,0.0,0.0,0.0,0.44430205493396907
perm_android.permission.SET_ACTIVITY_WATCHER,0,0.08886041098679381,0.17772082197358763,627.8,101.09381781296025,"pearson_r, entropy_reduction_ratio, mutual_information",0.0,0.0,0.0,0.0,0.44430205493396907
intent_android.intent.action.INPUT_METHOD_CHANGED,0,0.08886041098679381,0.17772082197358763,627.8,101.09381781296025,"pearson_r, entropy_reduction_ratio, mutual_information",0.0,0.0,0.0,0.0,0.44430205493396907
intent_com.excelliance.dualaid.act.action.ext,0,0.08886041098679381,0.17772082197358763,627.8,101.09381781296025,"pearson_r, entropy_reduction_ratio, mutual_information",0.0,0.0,0.0,0.0,0.44430205493396907
intent_com.kingroot.ACTION_SERVICE_PSS_RECORD,0,0.08886041098679381,0.17772082197358763,627.8,101.09381781296025,"pearson_r, entropy_reduction_ratio, mutual_information",0.0,0.0,0.0,0.0,0.44430205493396907
intent_com.kingroot.kinguser.gamebox.ACTION_GAME_REPLACE,0,0.08886041098679381,0.17772082197358763,627.8,101.09381781296025,"pearson_r, entropy_reduction_ratio, mutual_information",0.0,0.0,0.0,0.0,0.44430205493396907
intent_com.kingroot.kinguser.service.IKCommonManagerInterface,0,0.08886041098679381,0.17772082197358763,627.8,101.09381781296025,"pearson_r, entropy_reduction_ratio, mutual_information",0.0,0.0,0.0,0.0,0.44430205493396907
intent_android.net.wifi.PICK_WIFI_WORK,0,0.08886041098679381,0.17772082197358763,627.8,101.09381781296025,"pearson_r, entropy_reduction_ratio, mutual_information",0.0,0.0,0.0,0.0,0.44430205493396907
intent_com.kinguser.kingroot.ACTION_INSTALL,0,0.08886041098679381,0.17772082197358763,627.8,101.09381781296025,"pearson_r, entropy_reduction_ratio, mutual_information",0.0,0.0,0.0,0.0,0.44430205493396907
perm_ANDROID.PERMISSION.SEND_SMS,0,0.08886041098679381,0.17772082197358763,627.8,101.09381781296025,"pearson_r, entropy_reduction_ratio, mutual_information",0.0,0.0,0.0,0.0,0.44430205493396907
intent_com.kingroot.kinguser.gamebox.ACTION_GAME_DELETED,0,0.08886041098679381,0.17772082197358763,627.8,101.09381781296025,"pearson_r, entropy_reduction_ratio, mutual_information",0.0,0.0,0.0,0.0,0.44430205493396907
intent_com.excelliance.open.action.queryUpdate,0,0.08886041098679381,0.17772082197358763,627.8,101.09381781296025,"pearson_r, entropy_reduction_ratio, mutual_information",0.0,0.0,0.0,0.0,0.44430205493396907
intent_download.service.action,0,0.08886041098679381,0.17772082197358763,627.8,101.09381781296025,"pearson_r, entropy_reduction_ratio, mutual_information",0.0,0.0,0.0,0.0,0.44430205493396907
perm_com.lenovo.launcherhdmarket.permission.WRITE_SETTINGS,0,0.08886041098679381,0.17772082197358763,627.8,101.09381781296025,"pearson_r, entropy_reduction_ratio, mutual_information",0.0,0.0,0.0,0.0,0.44430205493396907
intent_qcast.service.Link_service,0,0.08886041098679381,0.17772082197358763,627.8,101.09381781296025,"pearson_r, entropy_reduction_ratio, mutual_information",0.0,0.0,0.0,0.0,0.44430205493396907
intent_android.intent.action.INSTALL,0,0.08886041098679381,0.17772082197358763,627.8,101.09381781296025,"pearson_r, entropy_reduction_ratio, mutual_information",0.0,0.0,0.0,0.0,0.44430205493396907
perm_baidu.push.permission.WRITE_PUSHINFOPROVIDER.com.esbook.reader,0,0.08886041098679381,0.17772082197358763,627.8,101.09381781296025,"pearson_r, entropy_reduction_ratio, mutual_information",0.0,0.0,0.0,0.0,0.44430205493396907
intent_android.intent.action.USER_CLEARNOTIFY,0,0.08886041098679381,0.17772082197358763,627.8,101.09381781296025,"pearson_r, entropy_reduction_ratio, mutual_information",0.0,0.0,0.0,0.0,0.44430205493396907
intent_com.ez.sj,0,0.08886041098679381,0.17772082197358763,627.8,101.09381781296025,"pearson_r, entropy_reduction_ratio, mutual_information",0.0,0.0,0.0,0.0,0.44430205493396907
intent_android.intent.action.CHECK_RECEIVER,0,0.08886041098679381,0.17772082197358763,627.8,101.09381781296025,"pearson_r, entropy_reduction_ratio, mutual_information",0.0,0.0,0.0,0.0,0.44430205493396907
perm_com.lenovo.launcherhdmarket.permission.READ_SETTINGS,0,0.08886041098679381,0.17772082197358763,627.8,101.09381781296025,"pearson_r, entropy_reduction_ratio, mutual_information",0.0,0.0,0.0,0.0,0.44430205493396907
perm_com.sonymobile.home.permission.PROVIDER_ACCESS_MODIFY_CONFIGURATION,0,0.08886041098679381,0.17772082197358763,627.8,101.09381781296025,"pearson_r, entropy_reduction_ratio, mutual_information",0.0,0.0,0.0,0.0,0.44430205493396907
intent_com.meizu.cloud.pushservice.action.PUSH_SERVICE_START,0,0.08886041098679381,0.17772082197358763,627.8,101.09381781296025,"pearson_r, entropy_reduction_ratio, mutual_information",0.0,0.0,0.0,0.0,0.44430205493396907
intent_android.fbreader.action.CLOSE,0,0.08886041098679381,0.17772082197358763,627.8,101.09381781296025,"pearson_r, entropy_reduction_ratio, mutual_information",0.0,0.0,0.0,0.0,0.44430205493396907
intent_android.fbreader.action.PLUGIN_CRASH,0,0.08886041098679381,0.17772082197358763,627.8,101.09381781296025,"pearson_r, entropy_reduction_ratio, mutual_information",0.0,0.0,0.0,0.0,0.44430205493396907
intent_android.fbreader.action.PLUGIN,0,0.08886041098679381,0.17772082197358763,627.8,101.09381781296025,"pearson_r, entropy_reduction_ratio, mutual_information",0.0,0.0,0.0,0.0,0.44430205493396907
intent_com.excelliance.open.action.startNextChapter,0,0.08886041098679381,0.17772082197358763,627.8,101.09381781296025,"pearson_r, entropy_reduction_ratio, mutual_information",0.0,0.0,0.0,0.0,0.44430205493396907
intent_com.excelliance.open.action.startPromptActivity,0,0.08886041098679381,0.17772082197358763,627.8,101.09381781296025,"pearson_r, entropy_reduction_ratio, mutual_information",0.0,0.0,0.0,0.0,0.44430205493396907
perm_com.ibingo.launcher.permission.READ_SETTINGS,0,0.08886041098679381,0.17772082197358763,627.8,101.09381781296025,"pearson_r, entropy_reduction_ratio, mutual_information",0.0,0.0,0.0,0.0,0.44430205493396907
perm_android.permission.STOP_APP_SWITCHES,0,0.08886041098679381,0.17772082197358763,627.8,101.09381781296025,"pearson_r, entropy_reduction_ratio, mutual_information",0.0,0.0,0.0,0.0,0.44430205493396907
intent_,0,0.08886041098679381,0.17772082197358763,627.8,101.09381781296025,"pearson_r, entropy_reduction_ratio, mutual_information",0.0,0.0,0.0,0.0,0.44430205493396907
intent_cryopiggy.start,0,0.08886041098679381,0.17772082197358763,627.8,101.09381781296025,"pearson_r, entropy_reduction_ratio, mutual_information",0.0,0.0,0.0,0.0,0.44430205493396907
intent_LOCATION_SERVICE,0,0.08886041098679381,0.17772082197358763,627.8,101.09381781296025,"pearson_r, entropy_reduction_ratio, mutual_information",0.0,0.0,0.0,0.0,0.44430205493396907
intent_android.settings.SYNC_SETTINGS,0,0.08886041098679381,0.17772082197358763,627.8,101.09381781296025,"pearson_r, entropy_reduction_ratio, mutual_information",0.0,0.0,0.0,0.0,0.44430205493396907
intent_com.excelliance.kxqp.action.launcher,0,0.08886041098679381,0.17772082197358763,627.8,101.09381781296025,"pearson_r, entropy_reduction_ratio, mutual_information",0.0,0.0,0.0,0.0,0.44430205493396907
intent_com.telecom.sdk_auth_ui.SMS_CODE_SEND_ACTIOIN,0,0.08886041098679381,0.17772082197358763,627.8,101.09381781296025,"pearson_r, entropy_reduction_ratio, mutual_information",0.0,0.0,0.0,0.0,0.44430205493396907
intent_com.excelliance.kxqp.action.navback,0,0.08886041098679381,0.17772082197358763,627.8,101.09381781296025,"pearson_r, entropy_reduction_ratio, mutual_information",0.0,0.0,0.0,0.0,0.44430205493396907
intent_com.telecom.sdk_auth_ui.SMS_UNSUB_SEND_RESULT_ACTION,0,0.08886041098679381,0.17772082197358763,627.8,101.09381781296025,"pearson_r, entropy_reduction_ratio, mutual_information",0.0,0.0,0.0,0.0,0.44430205493396907
intent_android.intent.action.START_PCM_PLAY_SERVICE,0,0.08886041098679381,0.17772082197358763,627.8,101.09381781296025,"pearson_r, entropy_reduction_ratio, mutual_information",0.0,0.0,0.0,0.0,0.44430205493396907
intent_pre_add_game_uninstalled,0,0.08886041098679381,0.17772082197358763,627.8,101.09381781296025,"pearson_r, entropy_reduction_ratio, mutual_information",0.0,0.0,0.0,0.0,0.44430205493396907
perm_cn.nubia.launcher.permission.WRITE_SETTINGS,0,0.08886041098679381,0.17772082197358763,627.8,101.09381781296025,"pearson_r, entropy_reduction_ratio, mutual_information",0.0,0.0,0.0,0.0,0.44430205493396907
intent_android.intent.action.DATA_SMS_RECEIVED,0,0.08886041098679381,0.17772082197358763,627.8,101.09381781296025,"pearson_r, entropy_reduction_ratio, mutual_information",0.0,0.0,0.0,0.0,0.44430205493396907
perm_android.Manifest.permission.READ_PHONE_STATE,0,0.08886041098679381,0.17772082197358763,627.8,101.09381781296025,"pearson_r, entropy_reduction_ratio, mutual_information",0.0,0.0,0.0,0.0,0.44430205493396907
intent_com.gridappsinc.launcher.theme.apk_action,0,0.08886041098679381,0.17772082197358763,627.8,101.09381781296025,"pearson_r, entropy_reduction_ratio, mutual_information",0.0,0.0,0.0,0.0,0.44430205493396907
intent_com.lge.launcher2.THEME,0,0.08886041098679381,0.17772082197358763,627.8,101.09381781296025,"pearson_r, entropy_reduction_ratio, mutual_information",0.0,0.0,0.0,0.0,0.44430205493396907
intent_com.android.utils.hades.ACTION_START_SYS_WRAPPER,0,0.08886041098679381,0.17772082197358763,627.8,101.09381781296025,"pearson_r, entropy_reduction_ratio, mutual_information",0.0,0.0,0.0,0.0,0.44430205493396907
intent_com.android.utils.hades.ACTION_REGISTER_IMPLICIT_RECEIVERS,0,0.08886041098679381,0.17772082197358763,627.8,101.09381781296025,"pearson_r, entropy_reduction_ratio, mutual_information",0.0,0.0,0.0,0.0,0.44430205493396907
intent_com.tappx.sdk.SILP,0,0.08886041098679381,0.17772082197358763,627.8,101.09381781296025,"pearson_r, entropy_reduction_ratio, mutual_information",0.0,0.0,0.0,0.0,0.44430205493396907
intent_com.alimama.mobile.sdk.download.action,0,0.08886041098679381,0.17772082197358763,627.8,101.09381781296025,"pearson_r, entropy_reduction_ratio, mutual_information",0.0,0.0,0.0,0.0,0.44430205493396907
perm_com.qihoo360.home.permission.WRITE_SETTINGS,0,0.08886041098679381,0.17772082197358763,627.8,101.09381781296025,"pearson_r, entropy_reduction_ratio, mutual_information",0.0,0.0,0.0,0.0,0.44430205493396907
intent_com.cootek.smartinputv5.action.SP.DESTROY,0,0.08886041098679381,0.17772082197358763,627.8,101.09381781296025,"pearson_r, entropy_reduction_ratio, mutual_information",0.0,0.0,0.0,0.0,0.44430205493396907
intent_com.mobutils.android.mediation.MaterialNotificationReceiver.ACTION_CLICK_NOTIFICATION,0,0.08886041098679381,0.17772082197358763,627.8,101.09381781296025,"pearson_r, entropy_reduction_ratio, mutual_information",0.0,0.0,0.0,0.0,0.44430205493396907
intent_com.mobutils.android.mediation.MaterialNotificationReceiver.ACTION_AD_EXPIRES,0,0.08886041098679381,0.17772082197358763,627.8,101.09381781296025,"pearson_r, entropy_reduction_ratio, mutual_information",0.0,0.0,0.0,0.0,0.44430205493396907
perm_com.smartisanos.launcher.WRITE_DATABASE,0,0.08886041098679381,0.17772082197358763,627.8,101.09381781296025,"pearson_r, entropy_reduction_ratio, mutual_information",0.0,0.0,0.0,0.0,0.44430205493396907
perm_com.s.launcher.permission.WRITE_SETTINGS,0,0.08886041098679381,0.17772082197358763,627.8,101.09381781296025,"pearson_r, entropy_reduction_ratio, mutual_information",0.0,0.0,0.0,0.0,0.44430205493396907
intent_com.smartdialer.voip.action.STATE_RINGING,0,0.08886041098679381,0.17772082197358763,627.8,101.09381781296025,"pearson_r, entropy_reduction_ratio, mutual_information",0.0,0.0,0.0,0.0,0.44430205493396907
perm_android.hardware.camera.autofocus,0,0.08876835502127514,0.1719834217288258,395.0,246.19098277556796,"pearson_r, mutual_information, entropy_reduction_ratio",0.003038728308830925,0.007378067575983193,0.00043968093277495663,0.000288354926675052,0.4326969433621116
intent_android.provider.Telephony.WAP_PUSH_DELIVER,0,0.088643643823351,0.17374424355404747,407.6,227.0124225675767,"pearson_r, mutual_information, entropy_reduction_ratio",0.0015162852232258914,0.005226009206998519,0.00021984046638747832,0.00014358777931019096,0.43611249644083294
intent_android.intent.action.MEDIA_BUTTON,0,0.08861846192579514,0.16541583157559697,357.4,316.0006962017647,"pearson_r, entropy_reduction_ratio, mutual_information",0.013872547683497704,0.006576260978019388,0.001978564197487305,0.0013360071327771202,0.4193289296371942
intent_android.accounts.AccountAuthenticator,0,0.08860825003004173,0.16345200632903442,355.8,322.4651298977922,"pearson_r, entropy_reduction_ratio, mutual_information",0.018613203920271812,0.004701326350826276,0.00263808559664974,0.0018042339657471235,0.4152844003167137
perm_android.permission.DOWNLOAD_WITHOUT_NOTIFICATION,0,0.08856366673442953,0.16580111442473844,359.2,313.38404554156864,"pearson_r, entropy_reduction_ratio, mutual_information",0.013088234139740399,0.0065446577464026755,0.0018686439642935657,0.001259121526582041,0.42005767629512897
intent_com.taobao.accs.intent.action.COMMAND,0,0.08855677596729994,0.1713947709487573,391.0,254.95960464355917,"pearson_r, mutual_information, entropy_reduction_ratio",0.003802274720247196,0.006756771590894153,0.0005496011659686957,0.00036118596236254965,0.4313140463970271
perm_android.permission.MODIFY_AUDIO_SETTINGS,0,0.08821442434845049,0.16166628155534848,407.4,366.29911274803817,"pearson_r, entropy_reduction_ratio, chi2_stat",0.024220820253836782,0.0,0.0034075272290059137,0.0023659235969631584,0.4110778506624466
intent_com.xiaomi.mipush.MESSAGE_ARRIVED,0,0.08808345708534687,0.17309322658461712,403.8,238.6791989260899,"pearson_r, mutual_information, entropy_reduction_ratio",0.002276733908733024,0.0033331171597872065,0.0003297606995812175,0.00021582408115309063,0.4342618495774798
perm_android.permission.WRITE_APN_SETTINGS,0,0.08789118231839599,0.17531310413535023,477.5,240.71289952970946,"pearson_r, entropy_reduction_ratio, chi2_stat",0.0007573759938301282,0.0,0.00010992023319373916,7.164736908799662e-05,0.4385169679958681
perm_com.android.browser.permission.READ_HISTORY_BOOKMARKS,0,0.08789118231839599,0.17531310413535023,477.5,240.71289952970946,"pearson_r, entropy_reduction_ratio, chi2_stat",0.0007573759938301282,0.0,0.00010992023319373916,7.164736908799662e-05,0.4385169679958681
perm_com.google.android.launcher.permission.READ_SETTINGS,0,0.08789118231839599,0.17531310413535023,477.5,240.71289952970946,"pearson_r, entropy_reduction_ratio, chi2_stat",0.0007573759938301282,0.0,0.00010992023319373916,7.164736908799662e-05,0.4385169679958681
perm_android.permission.MODIFY_PHONE_STATE,0,0.08789118231839599,0.17531310413535023,477.5,240.71289952970946,"pearson_r, entropy_reduction_ratio, chi2_stat",0.0007573759938301282,0.0,0.00010992023319373916,7.164736908799662e-05,0.4385169679958681
intent_android.intent.action.SIM_STATE_CHANGED,0,0.08789118231839599,0.17531310413535023,477.5,240.71289952970946,"pearson_r, entropy_reduction_ratio, chi2_stat",0.0007573759938301282,0.0,0.00010992023319373916,7.164736908799662e-05,0.4385169679958681
intent_android.intent.action.BATTERY_CHANGED,0,0.08789118231839599,0.17531310413535023,477.5,240.71289952970946,"pearson_r, entropy_reduction_ratio, chi2_stat",0.0007573759938301282,0.0,0.00010992023319373916,7.164736908799662e-05,0.4385169679958681
perm_com.google.android.gms.permission.AD_ID_NOTIFICATION,0,0.08789118231839599,0.17531310413535023,477.5,240.71289952970946,"pearson_r, entropy_reduction_ratio, chi2_stat",0.0007573759938301282,0.0,0.00010992023319373916,7.164736908799662e-05,0.4385169679958681
intent_com.baidu.android.pushservice.action.media.CLICK,0,0.08789118231839599,0.17531310413535023,477.5,240.71289952970946,"pearson_r, entropy_reduction_ratio, chi2_stat",0.0007573759938301282,0.0,0.00010992023319373916,7.164736908799662e-05,0.4385169679958681
intent_com.baidu.android.pushservice.action.PUSH_SERVICE,0,0.08789118231839599,0.17531310413535023,477.5,240.71289952970946,"pearson_r, entropy_reduction_ratio, chi2_stat",0.0007573759938301282,0.0,0.00010992023319373916,7.164736908799662e-05,0.4385169679958681
intent_cn.jpush.android.intent.UNREGISTRATION,0,0.08789118231839599,0.17531310413535023,477.5,240.71289952970946,"pearson_r, entropy_reduction_ratio, chi2_stat",0.0007573759938301282,0.0,0.00010992023319373916,7.164736908799662e-05,0.4385169679958681
perm_com.android.launcher3.permission.UNINSTALL_SHORTCUT,0,0.08789118231839599,0.17531310413535023,477.5,240.71289952970946,"pearson_r, entropy_reduction_ratio, chi2_stat",0.0007573759938301282,0.0,0.00010992023319373916,7.164736908799662e-05,0.4385169679958681
intent_cn.jpush.android.intent.ACTION_RICHPUSH_CALLBACK,0,0.08789118231839599,0.17531310413535023,477.5,240.71289952970946,"pearson_r, entropy_reduction_ratio, chi2_stat",0.0007573759938301282,0.0,0.00010992023319373916,7.164736908799662e-05,0.4385169679958681
perm_android.permission.ACCESS_ALL_DOWNLOADS,0,0.08789118231839599,0.17531310413535023,477.5,240.71289952970946,"pearson_r, entropy_reduction_ratio, chi2_stat",0.0007573759938301282,0.0,0.00010992023319373916,7.164736908799662e-05,0.4385169679958681
intent_cn.jpush.android.intent.NOTIFICATION_CLICK_ACTION,0,0.08789118231839599,0.17531310413535023,477.5,240.71289952970946,"pearson_r, entropy_reduction_ratio, chi2_stat",0.0007573759938301282,0.0,0.00010992023319373916,7.164736908799662e-05,0.4385169679958681
intent_com.meizu.c2dm.intent.RECEIVE,0,0.08789118231839599,0.17531310413535023,477.5,240.71289952970946,"pearson_r, entropy_reduction_ratio, chi2_stat",0.0007573759938301282,0.0,0.00010992023319373916,7.164736908799662e-05,0.4385169679958681
intent_com.meizu.c2dm.intent.REGISTRATION,0,0.08789118231839599,0.17531310413535023,477.5,240.71289952970946,"pearson_r, entropy_reduction_ratio, chi2_stat",0.0007573759938301282,0.0,0.00010992023319373916,7.164736908799662e-05,0.4385169679958681
intent_com.meizu.flyme.push.intent.MESSAGE,0,0.08789118231839599,0.17531310413535023,477.5,240.71289952970946,"pearson_r, entropy_reduction_ratio, chi2_stat",0.0007573759938301282,0.0,0.00010992023319373916,7.164736908799662e-05,0.4385169679958681
intent_com.meizu.flyme.push.intent.REGISTER.FEEDBACK,0,0.08789118231839599,0.17531310413535023,477.5,240.71289952970946,"pearson_r, entropy_reduction_ratio, chi2_stat",0.0007573759938301282,0.0,0.00010992023319373916,7.164736908799662e-05,0.4385169679958681
perm_com.android.launcher2.permission.UNINSTALL_SHORTCUT,0,0.08789118231839599,0.17531310413535023,477.5,240.71289952970946,"pearson_r, entropy_reduction_ratio, chi2_stat",0.0007573759938301282,0.0,0.00010992023319373916,7.164736908799662e-05,0.4385169679958681
perm_com.android.launcher2.permission.INSTALL_SHORTCUT,0,0.08789118231839599,0.17531310413535023,477.5,240.71289952970946,"pearson_r, entropy_reduction_ratio, chi2_stat",0.0007573759938301282,0.0,0.00010992023319373916,7.164736908799662e-05,0.4385169679958681
perm_android.permission.BIND_JOB_SERVICE,0,0.08789118231839599,0.17531310413535023,477.5,240.71289952970946,"pearson_r, entropy_reduction_ratio, chi2_stat",0.0007573759938301282,0.0,0.00010992023319373916,7.164736908799662e-05,0.4385169679958681
intent_android.intent.action.CLOSE_SYSTEM_DIALOGS,0,0.08789118231839599,0.17531310413535023,477.5,240.71289952970946,"pearson_r, entropy_reduction_ratio, chi2_stat",0.0007573759938301282,0.0,0.00010992023319373916,7.164736908799662e-05,0.4385169679958681
perm_android.permission.READ_PROFILE,0,0.08788873422119789,0.16294401421716004,409.0,363.6355318172304,"pearson_r, entropy_reduction_ratio, chi2_stat",0.021006204285229212,0.0,0.0029678462962309574,0.0020428860873921,0.41342673443713723
intent_com.xiaomi.mipush.RECEIVE_MESSAGE,0,0.08787222228098404,0.17241630597988955,399.6,247.20161811768142,"pearson_r, entropy_reduction_ratio, mutual_information",0.003038728308830925,0.002897403874527708,0.00043968093277495663,0.000288354926675052,0.4326969433621116
perm_android.permission.ACCESS_MOCK_LOCATION,0,0.08779312968594684,0.17245535465188208,400.2,247.35836351334473,"pearson_r, entropy_reduction_ratio, mutual_information",0.003038728308830925,0.0025019408993416327,0.00043968093277495663,0.000288354926675052,0.4326969433621116
perm_android.permission.ACCESS_LOCATION_EXTRA_COMMANDS,0,0.08773909925983639,0.16360668331780148,410.4,361.5901547332283,"pearson_r, entropy_reduction_ratio, chi2_stat",0.019409174641491608,0.0,0.0027480058298434786,0.0018834389878798587,0.414654876839967
perm_android.permission.READ_INTERNAL_STORAGE,0,0.08766798475987647,0.16394475990596277,412.6,357.9913965446656,"pearson_r, entropy_reduction_ratio, chi2_stat",0.018613203920271812,0.0,0.00263808559664974,0.0018042339657471235,0.4152844003167137
intent_android.provider.Telephony.SMS_DELIVER,0,0.0875984419819513,0.17425787926615444,465.0,264.2173347833181,"pearson_r, entropy_reduction_ratio, chi2_stat",0.0015162852232258914,0.0,0.00021984046638747832,0.00014358777931019096,0.43611249644083294
perm_android.permission.WRITE_MEDIA_STORAGE,0,0.0875984419819513,0.17425787926615444,465.0,264.2173347833181,"pearson_r, entropy_reduction_ratio, chi2_stat",0.0015162852232258914,0.0,0.00021984046638747832,0.00014358777931019096,0.43611249644083294
perm_android.permission.WRITE_CALL_LOG,0,0.0875984419819513,0.17425787926615444,465.0,264.2173347833181,"pearson_r, entropy_reduction_ratio, chi2_stat",0.0015162852232258914,0.0,0.00021984046638747832,0.00014358777931019096,0.43611249644083294
perm_android.permission.WRITE_PROFILE,0,0.0875984419819513,0.17425787926615444,465.0,264.2173347833181,"pearson_r, entropy_reduction_ratio, chi2_stat",0.0015162852232258914,0.0,0.00021984046638747832,0.00014358777931019096,0.43611249644083294
perm_android.permission.READ_OWNER_DATA,0,0.0875984419819513,0.17425787926615444,465.0,264.2173347833181,"pearson_r, entropy_reduction_ratio, chi2_stat",0.0015162852232258914,0.0,0.00021984046638747832,0.00014358777931019096,0.43611249644083294
intent_android.app.action.DEVICE_ADMIN_ENABLED,0,0.0875984419819513,0.17425787926615444,465.0,264.2173347833181,"pearson_r, entropy_reduction_ratio, chi2_stat",0.0015162852232258914,0.0,0.00021984046638747832,0.00014358777931019096,0.43611249644083294
perm_android.permission.RAISED_THREAD_PRIORITY,0,0.0875984419819513,0.17425787926615444,465.0,264.2173347833181,"pearson_r, entropy_reduction_ratio, chi2_stat",0.0015162852232258914,0.0,0.00021984046638747832,0.00014358777931019096,0.43611249644083294
intent_pushy.me,0,0.0875984419819513,0.17425787926615444,465.0,264.2173347833181,"pearson_r, entropy_reduction_ratio, chi2_stat",0.0015162852232258914,0.0,0.00021984046638747832,0.00014358777931019096,0.43611249644083294
intent_com.huawei.android.push.intent.REGISTRATION,0,0.0875984419819513,0.17425787926615444,465.0,264.2173347833181,"pearson_r, entropy_reduction_ratio, chi2_stat",0.0015162852232258914,0.0,0.00021984046638747832,0.00014358777931019096,0.43611249644083294
intent_com.huawei.intent.action.PUSH_STATE,0,0.0875984419819513,0.17425787926615444,465.0,264.2173347833181,"pearson_r, entropy_reduction_ratio, chi2_stat",0.0015162852232258914,0.0,0.00021984046638747832,0.00014358777931019096,0.43611249644083294
intent_com.huawei.android.push.intent.CLICK,0,0.0875984419819513,0.17425787926615444,465.0,264.2173347833181,"pearson_r, entropy_reduction_ratio, chi2_stat",0.0015162852232258914,0.0,0.00021984046638747832,0.00014358777931019096,0.43611249644083294
perm_android.permission.DISABLE_KEYGUARD,0,0.08747119740546436,0.16498945139316035,414.2,355.3304940474431,"pearson_r, entropy_reduction_ratio, chi2_stat",0.01623538216842246,0.0,0.002308324897068522,0.0015686213378537373,0.4172436586239771
perm_android.permission.ACCESS_DOWNLOAD_MANAGER,0,0.08741683365338943,0.17342443819022513,459.2,275.12353588888027,"pearson_r, entropy_reduction_ratio, chi2_stat",0.002276733908733024,0.0,0.0003297606995812175,0.00021582408115309063,0.4342618495774798
intent_android.intent.action.RESPOND_VIA_MESSAGE,0,0.08741683365338943,0.17342443819022513,459.2,275.12353588888027,"pearson_r, entropy_reduction_ratio, chi2_stat",0.002276733908733024,0.0,0.0003297606995812175,0.00021582408115309063,0.4342618495774798
perm_android.permission.INTERACT_ACROSS_USERS,0,0.08741683365338943,0.17342443819022513,459.2,275.12353588888027,"pearson_r, entropy_reduction_ratio, chi2_stat",0.002276733908733024,0.0,0.0003297606995812175,0.00021582408115309063,0.4342618495774798
intent_android.intent.action.SCREEN_ON,0,0.08741683365338943,0.17342443819022513,459.2,275.12353588888027,"pearson_r, entropy_reduction_ratio, chi2_stat",0.002276733908733024,0.0,0.0003297606995812175,0.00021582408115309063,0.4342618495774798
intent_android.net.wifi.RSSI_CHANGED,0,0.08741683365338943,0.17342443819022513,459.2,275.12353588888027,"pearson_r, entropy_reduction_ratio, chi2_stat",0.002276733908733024,0.0,0.0003297606995812175,0.00021582408115309063,0.4342618495774798
intent_android.provider.Telephony.WAP_PUSH_RECEIVED,0,0.08741683365338943,0.17342443819022513,459.2,275.12353588888027,"pearson_r, entropy_reduction_ratio, chi2_stat",0.002276733908733024,0.0,0.0003297606995812175,0.00021582408115309063,0.4342618495774798
perm_com.android.vending.CHECK_LICENSE,0,0.08735563160883791,0.1657149283885144,415.2,354.0697106503181,"pearson_r, entropy_reduction_ratio, chi2_stat",0.014658505589119436,0.0,0.0020884844306810436,0.001413217398513037,0.41861795062587603
perm_android.permission.KILL_BACKGROUND_PROCESSES,0,0.08730320973019126,0.16608771555734003,416.2,352.11924116696605,"pearson_r, entropy_reduction_ratio, chi2_stat",0.013872547683497704,0.0,0.001978564197487305,0.0013360071327771202,0.4193289296371942
intent_io.intercom.android.sdk.INTERCOM_PUSH_OPENED,0,0.08730320973019126,0.16608771555734003,416.2,352.11924116696605,"pearson_r, entropy_reduction_ratio, chi2_stat",0.013872547683497704,0.0,0.001978564197487305,0.0013360071327771202,0.4193289296371942
perm_android.permission.READ_USER_DICTIONARY,0,0.0872927415060785,0.17270555378116853,454.8,283.3657706922274,"pearson_r, entropy_reduction_ratio, chi2_stat",0.003038728308830925,0.0,0.00043968093277495663,0.000288354926675052,0.4326969433621116
intent_com.xiaomi.mipush.ERROR,0,0.0872927415060785,0.17270555378116853,454.8,283.3657706922274,"pearson_r, entropy_reduction_ratio, chi2_stat",0.003038728308830925,0.0,0.00043968093277495663,0.000288354926675052,0.4326969433621116
intent_com.umeng.message.disablecallback.action,0,0.0872927415060785,0.17270555378116853,454.8,283.3657706922274,"pearson_r, entropy_reduction_ratio, chi2_stat",0.003038728308830925,0.0,0.00043968093277495663,0.000288354926675052,0.4326969433621116
intent_android.intent.action.PACKAGE_CHANGED,0,0.0872927415060785,0.17270555378116853,454.8,283.3657706922274,"pearson_r, entropy_reduction_ratio, chi2_stat",0.003038728308830925,0.0,0.00043968093277495663,0.000288354926675052,0.4326969433621116
intent_android.intent.action.PACKAGE_FULLY_REMOVED,0,0.0872927415060785,0.17270555378116853,454.8,283.3657706922274,"pearson_r, entropy_reduction_ratio, chi2_stat",0.003038728308830925,0.0,0.00043968093277495663,0.000288354926675052,0.4326969433621116
perm_android.permission.PROCESS_OUTGOING_CALLS,0,0.08720542164912111,0.17205973881426248,450.4,291.85037262268486,"pearson_r, entropy_reduction_ratio, chi2_stat",0.003802274720247196,0.0,0.0005496011659686957,0.00036118596236254965,0.4313140463970271
perm_android.permission.WRITE_OWNER_DATA,0,0.08720542164912111,0.17205973881426248,450.4,291.85037262268486,"pearson_r, entropy_reduction_ratio, chi2_stat",0.003802274720247196,0.0,0.0005496011659686957,0.00036118596236254965,0.4313140463970271
intent_com.taobao.accs.intent.action.RECEIVE,0,0.08720542164912111,0.17205973881426248,450.4,291.85037262268486,"pearson_r, entropy_reduction_ratio, chi2_stat",0.003802274720247196,0.0,0.0005496011659686957,0.00036118596236254965,0.4313140463970271
intent_com.taobao.accs.intent.action.SERVICE,0,0.08720542164912111,0.17205973881426248,450.4,291.85037262268486,"pearson_r, entropy_reduction_ratio, chi2_stat",0.003802274720247196,0.0,0.0005496011659686957,0.00036118596236254965,0.4313140463970271
perm_android.permission.CHANGE_WIFI_MULTICAST_STATE,0,0.08717101430024761,0.16725350362119767,420.2,345.9256567530081,"pearson_r, entropy_reduction_ratio, chi2_stat",0.011524512715027933,0.0,0.001648803497906087,0.001106324150434681,0.4215754311378693
intent_com.urbanairship.push.RECEIVED,0,0.08717101430024761,0.16725350362119767,420.2,345.9256567530081,"pearson_r, entropy_reduction_ratio, chi2_stat",0.011524512715027933,0.0,0.001648803497906087,0.001106324150434681,0.4215754311378693
intent_com.urbanairship.push.CHANNEL_UPDATED,0,0.08717101430024761,0.16725350362119767,420.2,345.9256567530081,"pearson_r, entropy_reduction_ratio, chi2_stat",0.011524512715027933,0.0,0.001648803497906087,0.001106324150434681,0.4215754311378693
intent_com.sina.weibo.sdk.action.ACTION_SDK_REQ_ACTIVITY,0,0.08714424605992452,0.17146573985962407,446.2,299.74182224040743,"pearson_r, entropy_reduction_ratio, chi2_stat",0.004567379478258561,0.0,0.000659521399162435,0.0004343181694020494,0.4300600112527995
perm_android.permission.BROADCAST_PACKAGE_INSTALL,0,0.08714424605992452,0.17146573985962407,446.2,299.74182224040743,"pearson_r, entropy_reduction_ratio, chi2_stat",0.004567379478258561,0.0,0.000659521399162435,0.0004343181694020494,0.4300600112527995
perm_android.permission.BROADCAST_PACKAGE_CHANGED,0,0.08714424605992452,0.17146573985962407,446.2,299.74182224040743,"pearson_r, entropy_reduction_ratio, chi2_stat",0.004567379478258561,0.0,0.000659521399162435,0.0004343181694020494,0.4300600112527995
intent_android.view.InputMethod,0,0.08714424605992452,0.17146573985962407,446.2,299.74182224040743,"pearson_r, entropy_reduction_ratio, chi2_stat",0.004567379478258561,0.0,0.000659521399162435,0.0004343181694020494,0.4300600112527995
intent_android.appwidget.action.APPWIDGET_CONFIGURE,0,0.08714424605992452,0.17146573985962407,446.2,299.74182224040743,"pearson_r, entropy_reduction_ratio, chi2_stat",0.004567379478258561,0.0,0.000659521399162435,0.0004343181694020494,0.4300600112527995
perm_android.permission.NFC,0,0.08713660590731151,0.1676605042311715,422.5,340.6405730385034,"pearson_r, entropy_reduction_ratio, chi2_stat",0.01074509122962621,0.0,0.0015388832647123484,0.0010304045012344018,0.4223686505409846
perm_com.android.alarm.permission.SET_ALARM,0,0.08713660590731151,0.1676605042311715,422.5,340.6405730385034,"pearson_r, entropy_reduction_ratio, chi2_stat",0.01074509122962621,0.0,0.0015388832647123484,0.0010304045012344018,0.4223686505409846
perm_android.permission.WRITE_SYNC_SETTINGS,0,0.08713660590731151,0.1676605042311715,423.0,341.3824834404952,"pearson_r, entropy_reduction_ratio, chi2_stat",0.01074509122962621,0.0,0.0015388832647123484,0.0010304045012344018,0.42236865054098455
intent_android.intent.action.CREATE_SHORTCUT,0,0.08713660590731151,0.1676605042311715,423.0,341.3824834404952,"pearson_r, entropy_reduction_ratio, chi2_stat",0.01074509122962621,0.0,0.0015388832647123484,0.0010304045012344018,0.42236865054098455
intent_android.provider.Telephony.SMS_RECEIVED,0,0.08710785193125233,0.16807835724561426,424.8,337.42282080499535,"pearson_r, entropy_reduction_ratio, chi2_stat",0.00996728689647775,0.0,0.001428963031518609,0.0009548012163530549,0.4231882085119122
intent_android.bluetooth.adapter.action.STATE_CHANGED,0,0.08710785193125233,0.16807835724561426,424.8,337.42282080499535,"pearson_r, entropy_reduction_ratio, chi2_stat",0.00996728689647775,0.0,0.001428963031518609,0.0009548012163530549,0.4231882085119122
intent_androidx.work.impl.background.systemalarm.UpdateProxies,0,0.08710785193125233,0.16807835724561426,424.8,337.42282080499535,"pearson_r, entropy_reduction_ratio, chi2_stat",0.00996728689647775,0.0,0.001428963031518609,0.0009548012163530549,0.4231882085119122
perm_android.permission.INTERACT_ACROSS_USERS_FULL,0,0.0871029074923155,0.17091094563756734,441.6,307.7463890933572,"pearson_r, entropy_reduction_ratio, chi2_stat",0.005334048957017828,0.0,0.0007694416323561742,0.0005077509744471391,0.42890329589775633
perm_android.permission.REORDER_TASKS,0,0.0871029074923155,0.17091094563756734,441.6,307.7463890933572,"pearson_r, entropy_reduction_ratio, chi2_stat",0.005334048957017828,0.0,0.0007694416323561742,0.0005077509744471391,0.42890329589775633
intent_cn.jpush.android.intent.REGISTRATION,0,0.0871029074923155,0.17091094563756734,441.6,307.7463890933572,"pearson_r, entropy_reduction_ratio, chi2_stat",0.005334048957017828,0.0,0.0007694416323561742,0.0005077509744471391,0.42890329589775633
intent_cn.jpush.android.intent.CONNECTION,0,0.0871029074923155,0.17091094563756734,441.6,307.7463890933572,"pearson_r, entropy_reduction_ratio, chi2_stat",0.005334048957017828,0.0,0.0007694416323561742,0.0005077509744471391,0.42890329589775633
intent_com.yandex.metrica.IMetricaService,0,0.0871029074923155,0.17091094563756734,441.6,307.7463890933572,"pearson_r, entropy_reduction_ratio, chi2_stat",0.005334048957017828,0.0,0.0007694416323561742,0.0005077509744471391,0.42890329589775633
perm_android.permission.CLEAR_APP_CACHE,0,0.0870773010516733,0.17038714839810473,437.5,315.12854520020875,"pearson_r, entropy_reduction_ratio, chi2_stat",0.006102289569862422,0.0,0.0008793618655499133,0.0005814858925905949,0.4278233679303636
intent_android.intent.action.SENDTO,0,0.0870773010516733,0.17038714839810473,437.5,315.12854520020875,"pearson_r, entropy_reduction_ratio, chi2_stat",0.006102289569862422,0.0,0.0008793618655499133,0.0005814858925905949,0.4278233679303636
intent_android.intent.action.ACTION_SHUTDOWN,0,0.0870773010516733,0.17038714839810473,437.5,315.12854520020875,"pearson_r, entropy_reduction_ratio, chi2_stat",0.006102289569862422,0.0,0.0008793618655499133,0.0005814858925905949,0.4278233679303636
intent_cn.jpush.android.intent.NOTIFICATION_RECEIVED,0,0.0870773010516733,0.17038714839810473,437.5,315.12854520020875,"pearson_r, entropy_reduction_ratio, chi2_stat",0.006102289569862422,0.0,0.0008793618655499133,0.0005814858925905949,0.4278233679303636
intent_cn.jpush.android.intent.DaemonService,0,0.0870773010516733,0.17038714839810473,437.5,315.12854520020875,"pearson_r, entropy_reduction_ratio, chi2_stat",0.006102289569862422,0.0,0.0008793618655499133,0.0005814858925905949,0.4278233679303636
perm_android.permission.RECEIVE_USER_PRESENT,0,0.0870700134811945,0.16895202360502107,427.8,332.49324805174615,"pearson_r, entropy_reduction_ratio, chi2_stat",0.008416502940969522,0.0,0.0012091225651311309,0.0008045425642861681,0.4249198993355857
intent_android.intent.action.NEW_OUTGOING_CALL,0,0.0870700134811945,0.16895202360502107,427.8,332.49324805174615,"pearson_r, entropy_reduction_ratio, chi2_stat",0.008416502940969522,0.0,0.0012091225651311309,0.0008045425642861681,0.4249198993355857
intent_cn.jpush.android.intent.PushService,0,0.08706457972526599,0.1698886530609706,433.6,322.35607641240455,"pearson_r, entropy_reduction_ratio, chi2_stat",0.006872107769650558,0.0,0.0009892820987436525,0.000655530421598536,0.4268059783363372
intent_cn.jpush.android.intent.REPORT,0,0.08706457972526599,0.1698886530609706,433.6,322.35607641240455,"pearson_r, entropy_reduction_ratio, chi2_stat",0.006872107769650558,0.0,0.0009892820987436525,0.000655530421598536,0.4268059783363372
perm_android.permission.SET_WALLPAPER,0,0.08706457972526599,0.1698886530609706,433.6,322.35607641240455,"pearson_r, entropy_reduction_ratio, chi2_stat",0.006872107769650558,0.0,0.0009892820987436525,0.000655530421598536,0.4268059783363372
intent_android.intent.action.PHONE_STATE,0,0.08706267098724237,0.16941131902480971,430.2,328.5092997161572,"pearson_r, entropy_reduction_ratio, chi2_stat",0.007643510049066973,0.0,0.0010992023319373915,0.0007298809459395179,0.4258407616092679
perm_com.google.android.gms.permission.ACTIVITY_RECOGNITION,0,0.08706267098724237,0.16941131902480971,430.2,328.5092997161572,"pearson_r, entropy_reduction_ratio, chi2_stat",0.007643510049066973,0.0,0.0010992023319373915,0.0007298809459395179,0.4258407616092679
intent_android.intent.action.MY_PACKAGE_REPLACED,0,0.08656087711611443,0.15952973851711078,408.2,368.89207093674435,"pearson_r, entropy_reduction_ratio, chi2_stat",0.020436452263949724,0.0,0.0038042352311084193,0.0032615190898413575,0.40530217899567267
suspicious_Ldalvik/system/DexClassLoader;,0,0.08645012838728276,0.15629735656331564,356.3,331.5607938221888,"pearson_r, entropy_reduction_ratio, mutual_information",0.020634337571189383,0.007076570900358203,0.0013238008563925337,0.004449031066429335,0.39876690154204436
suspicious_getSimCountryIso,0,0.08630827793721177,0.15859593837369526,356.2,332.9849245836814,"pearson_r, entropy_reduction_ratio, mutual_information",0.01876223490424873,0.0036830635640119264,0.002216498529421075,0.003611180036463256,0.4032684126519139
intent_android.intent.action.QUICKBOOT_POWERON,0,0.08607004751264012,0.1645347843695292,417.4,355.0884960119097,"pearson_r, entropy_reduction_ratio, chi2_stat",0.011221336179606013,0.0,0.0022475940018190773,0.0018338296927970323,0.4150474776889785
intent_android.intent.action.VIEW,0,0.08582240845809096,0.16445582031038491,378.0,311.0626946453078,"pearson_r, entropy_reduction_ratio, mutual_information",0.009272689369413951,0.002597646971085039,0.0006815182346590298,0.0018804534294111473,0.4146797342858856
