feature,method_count,aggregated_score,score_std,rank_mean,rank_std,top_methods,entropy_reduction_ratio,mutual_information,chi2_stat,f_stat,pearson_r
perm_android.permission.ACCESS_COARSE_LOCATION,5,0.7866006036965824,0.17350520209837814,3.8,2.2271057451320084,"pearson_r, f_stat, mutual_information",0.46912719542332704,0.8072136382382152,0.7783856577729145,0.9023751505274619,0.9759013765209934
perm_com.android.launcher.permission.INSTALL_SHORTCUT,4,0.6643415990256941,0.42349669022307584,150.1,292.23695864828596,"chi2_stat, f_stat, pearson_r",0.32170799512847065,0.0,1.0,1.0,1.0
perm_android.permission.SYSTEM_ALERT_WINDOW,4,0.6372316928921465,0.24196303282875326,23.8,36.71729837556135,"pearson_r, f_stat, chi2_stat",0.33998797667272246,0.36341151511738407,0.7563091567131629,0.782373436843331,0.9440763791141323
perm_android.permission.WRITE_EXTERNAL_STORAGE,4,0.5239645826119991,0.23853366425731612,14.2,10.43839068055991,"pearson_r, mutual_information, f_stat",0.3834864968768529,0.7582017347991461,0.19771063041831496,0.4447358995575292,0.835688151408152
perm_android.permission.READ_PHONE_STATE,4,0.519758753010044,0.22751910602983383,41.2,68.45261134536797,"pearson_r, f_stat, chi2_stat",0.32945526827168353,0.24148055431826404,0.5326764677993475,0.6040831550251499,0.891098319635775
perm_android.permission.ACCESS_FINE_LOCATION,4,0.5155913363467695,0.21680263801180688,32.6,47.94413415632824,"pearson_r, f_stat, chi2_stat",0.2912528674591726,0.2976267733572456,0.535140139718879,0.5729588805563186,0.8809780206422313
suspicious_Ldalvik/system/PathClassLoader;,4,0.4904702069699757,0.2820214641443131,209.2,394.9883036242972,"f_stat, mutual_information, entropy_reduction_ratio",0.5997874515273635,0.6566930359806027,0.3475544378498674,0.829670522014451,0.01864558747759357
perm_android.permission.GET_TASKS,4,0.4481748673866911,0.217572179688527,38.8,49.8974949271003,"pearson_r, f_stat, chi2_stat",0.21281418832282487,0.28081623100968695,0.4525152203798782,0.4551236571217678,0.8396050400992977
suspicious_getSubscriberId,4,0.43690687771429343,0.22556871789680638,42.2,53.19924811498749,"pearson_r, chi2_stat, f_stat",0.17503970519310283,0.27324882906868425,0.4579188059366495,0.4432160103909668,0.8351110379820639
perm_android.permission.ACCESS_WIFI_STATE,3,0.41054685681496306,0.21586648577620374,52.0,61.601948021146214,"pearson_r, f_stat, entropy_reduction_ratio",0.2985645624340126,0.24657882814021123,0.26418434958553505,0.41802447717229463,0.8253820667427619
perm_com.android.launcher3.permission.READ_SETTINGS,3,0.40615833726974043,0.25220349001973497,60.9,83.53406490767703,"pearson_r, chi2_stat, f_stat",0.11882373029780025,0.18270220380880375,0.46087029711303745,0.4360287891007693,0.8323666660282915
perm_com.android.launcher.permission.UNINSTALL_SHORTCUT,3,0.4007378651946312,0.2571898168883762,67.5,96.66798849670971,"pearson_r, chi2_stat, f_stat",0.11882373029780025,0.1555998434332576,0.46087029711303745,0.4360287891007693,0.8323666660282915
perm_android.permission.MOUNT_UNMOUNT_FILESYSTEMS,3,0.3957090621236318,0.28939903417660673,99.6,175.85516768067976,"pearson_r, chi2_stat, f_stat",0.16527159493861046,0.009060625576864654,0.4894297016845623,0.4697465410675119,0.84503684735061
intent_android.app.action.DEVICE_ADMIN_ENABLED,3,0.3856145078433461,0.272903069730525,86.1,131.21562406969682,"pearson_r, chi2_stat, f_stat",0.11882373029780025,0.07998305667683238,0.46087029711303745,0.4360287891007693,0.8323666660282912
intent_android.intent.action.CREATE_SHORTCUT,3,0.3831488299367942,0.2756947245992869,89.1,139.73882781818372,"pearson_r, chi2_stat, f_stat",0.11882373029780025,0.06765466714407263,0.46087029711303745,0.4360287891007693,0.8323666660282915
intent_android.intent.action.EXTERNAL_APPLICATIONS_AVAILABLE,3,0.38116725583052846,0.27798136240217103,92.7,144.3913432308184,"pearson_r, chi2_stat, f_stat",0.11882373029780025,0.05774679661274415,0.46087029711303745,0.4360287891007693,0.8323666660282912
perm_com.android.alarm.permission.SET_ALARM,3,0.37318065666212996,0.24574227285826516,72.7,95.68834829800335,"pearson_r, chi2_stat, f_stat",0.12509475027916098,0.15175715180180935,0.39999999999999986,0.3792760534384726,0.809775327791207
intent_android.net.wifi.supplicant.CONNECTION_CHANGE,3,0.3728295171468886,0.2880015623849898,105.1,169.15596353661314,"pearson_r, chi2_stat, f_stat",0.11882373029780025,0.016058103194545044,0.46087029711303745,0.4360287891007693,0.8323666660282912
perm_com.android.launcher.permission.READ_SETTINGS,3,0.3696178965079797,0.29202360664431304,162.4,286.1909152995602,"pearson_r, chi2_stat, f_stat",0.11882373029780025,0.0,0.46087029711303745,0.4360287891007693,0.8323666660282915
intent_android.intent.action.DELETE,3,0.3696178965079797,0.29202360664431304,162.4,286.1909152995602,"pearson_r, chi2_stat, f_stat",0.11882373029780025,0.0,0.46087029711303745,0.4360287891007693,0.8323666660282915
perm_com.android.browser.permission.READ_HISTORY_BOOKMARKS,3,0.3696178965079796,0.292023606644313,163.4,285.6719097146235,"pearson_r, chi2_stat, f_stat",0.11882373029780025,0.0,0.46087029711303745,0.4360287891007693,0.8323666660282912
intent_android.net.wifi.STATE_CHANGE,3,0.3696178965079796,0.292023606644313,163.4,285.6719097146235,"pearson_r, chi2_stat, f_stat",0.11882373029780025,0.0,0.46087029711303745,0.4360287891007693,0.8323666660282912
intent_android.intent.action.USER_PRESENT,3,0.3428292263017681,0.2784154129085819,166.8,283.86292466611417,"pearson_r, chi2_stat, f_stat",0.12509475027916098,0.0,0.39999999999999986,0.3792760534384726,0.809775327791207
intent_android.intent.action.PHONE_STATE,2,0.4215191028312617,0.21983891794035937,36.9,24.202066027510956,"pearson_r, chi2_stat, mutual_information",0.12509475027916098,0.39344938264746804,0.39999999999999986,0.3792760534384726,0.809775327791207
intent_com.google.firebase.INSTANCE_ID_EVENT,2,0.3890907534589071,0.15148848049559635,215.8,391.1707555531216,"mutual_information, entropy_reduction_ratio, f_stat",0.47804558826471066,0.6025366892079289,0.3059675111522599,0.4025797235833111,0.15632425508632472
intent_android.intent.action.PACKAGE_FULLY_REMOVED,2,0.34282922630176815,0.27841541290858196,166.4,284.06661190643297,"pearson_r, chi2_stat, f_stat",0.12509475027916098,0.0,0.39999999999999986,0.3792760534384726,0.8097753277912071
perm_com.google.android.finsky.permission.BIND_GET_INSTALL_REFERRER_SERVICE,2,0.3392872632699503,0.2835388203019249,220.2,385.68038581187915,"mutual_information, pearson_r, entropy_reduction_ratio",0.21170346152110442,0.8990207015549914,0.14867435401060514,0.15982951302782752,0.2772082862352227
n_providers,2,0.32001993912153803,0.07055345028829461,230.4,383.1963465379074,"chi2_stat, mutual_information, entropy_reduction_ratio",0.3174507005845609,0.38204703599431633,0.39993562953008593,0.3000120052476972,0.2006543242510297
n_services,2,0.30961903296121995,0.15490356382509746,256.2,378.2303002140362,"chi2_stat, entropy_reduction_ratio, pearson_r",0.30455600415288686,0.17353685411067762,0.6078359223869403,0.2220691191395959,0.2400972650159993
n_used_permissions,2,0.3062900132329762,0.1916324586670524,223.2,383.1607495555879,"mutual_information, entropy_reduction_ratio, pearson_r",0.40080084536971544,0.6187330977847906,0.07844819258953575,0.1492448887257321,0.28422304169510737
suspicious_Base64,2,0.2573395116671767,0.33421494355089865,280.2,372.67379838137265,"f_stat, entropy_reduction_ratio, mutual_information",0.23894847529489713,0.1428872760915706,0.0037017694547231816,0.9011600374946929,0.0
n_urls,1,0.4704108447140417,0.3396758954609271,43.2,34.77585369189375,"entropy_reduction_ratio, pearson_r, mutual_information",1.0,0.3460341080461359,0.09301706330575962,0.19367903921780003,0.7193240130005127
n_permissions,1,0.36025329411880613,0.22142909837391142,76.4,106.27247997482698,"pearson_r, entropy_reduction_ratio, chi2_stat",0.5050397379215492,0.13060282891372244,0.24153358221443624,0.2006697226307257,0.7234205989135971
perm_android.permission.CHANGE_CONFIGURATION,1,0.3336187818509144,0.22376341338142922,41.2,18.048822676285564,"pearson_r, mutual_information, chi2_stat",0.08547674642882516,0.40620201452105464,0.22895940296832476,0.21556820290458226,0.7318875424317853
intent_com.google.android.c2dm.intent.RECEIVE,1,0.3112626539178588,0.1327271559453366,220.8,387.622703153466,"mutual_information, f_stat, entropy_reduction_ratio",0.2745394165869905,0.5634336567611286,0.21214544230283633,0.3103383512283319,0.19585640271000665
perm_com.google.android.c2dm.permission.RECEIVE,1,0.30083940907060047,0.09966548487467852,226.2,385.6503079215677,"mutual_information, f_stat, entropy_reduction_ratio",0.29628962845935053,0.4589538695489482,0.21930554926094015,0.352582677946078,0.17706532013768578
perm_com.yulong3.android.launcher.permission.READ_SETTINGS,1,0.2975583320910337,0.39880719628051364,440.2,222.59730456589094,"mutual_information, pearson_r, entropy_reduction_ratio",0.0,1.0,0.0,0.0,0.4877916604551686
perm_android.permission.READ_OWNER_DATA,1,0.28338201580779787,0.3740788433859514,440.4,222.20270025361978,"mutual_information, pearson_r, entropy_reduction_ratio",0.0,0.9291184185838209,0.0,0.0,0.4877916604551686
perm_android.permission.SUBSCRIBED_FEEDS_READ,1,0.2704511907210279,0.35199999583203984,440.8,221.41354972087865,"mutual_information, pearson_r, entropy_reduction_ratio",0.0,0.864464293149971,0.0,0.0,0.4877916604551686
intent_intent.action.HEJU,1,0.26667930850807997,0.34565851723464003,441.0,221.019003707826,"mutual_information, pearson_r, entropy_reduction_ratio",0.0,0.8456048820852311,0.0,0.0,0.4877916604551686
perm_com.google.android.providers.gsf.permission.READ_GSERVICES,1,0.2547349569498506,0.29941682911367734,233.0,374.2990782783201,"mutual_information, pearson_r, entropy_reduction_ratio",0.037473799083350405,0.7799810740274558,0.028011110175911114,0.026406629478362285,0.4018021719841734
intent_com.example.servicejar.action.START_SPIRIT,1,0.24594894832570174,0.3117629396703944,441.8,219.44101713216696,"mutual_information, pearson_r, entropy_reduction_ratio",0.0,0.7419530811733401,0.0,0.0,0.4877916604551686
intent_android.intent.action.DOWNLOAD_NOTIFY,1,0.24365768543563987,0.3081301321984419,442.0,219.04657039086462,"mutual_information, pearson_r, entropy_reduction_ratio",0.0,0.7304967667230307,0.0,0.0,0.4877916604551686
intent_com.qihoo.appstore.ACTION_CHARGE_SHOW_TIPS_DLG,1,0.23972771803477158,0.30195932425719296,442.2,218.65214382667278,"mutual_information, pearson_r, entropy_reduction_ratio",0.0,0.7108469297186893,0.0,0.0,0.4877916604551686
intent_show_taskmanager,1,0.23836373239107478,0.29983608130242134,442.4,218.2577375489813,"mutual_information, pearson_r, entropy_reduction_ratio",0.0,0.7040270015002054,0.0,0.0,0.4877916604551686
intent_com.mobiletool.appstore.intent.action.COMMAND,1,0.2337640452797911,0.2927498820881745,442.6,217.8633516679664,"mutual_information, pearson_r, entropy_reduction_ratio",0.0,0.681028565943787,0.0,0.0,0.4877916604551686
n_receivers,1,0.23118151463426156,0.13572779121620174,273.4,369.89220051252767,"entropy_reduction_ratio, pearson_r, chi2_stat",0.4410409512184576,0.1382835592380563,0.1581486640508516,0.08049172837890528,0.3379426702850369
perm_android.permission.ACCESS_LOCATION_EXTRA_COMMANDS,1,0.22981778979349796,0.28676601098300214,442.8,217.46898629459787,"mutual_information, pearson_r, entropy_reduction_ratio",0.0,0.6612972885123212,0.0,0.0,0.4877916604551686
perm_android.permission.DOWNLOAD_CACHE_NON_PURGEABLE,1,0.22952875883478546,0.28633137680723136,443.0,217.0746415406461,"mutual_information, pearson_r, entropy_reduction_ratio",0.0,0.6598521337187587,0.0,0.0,0.4877916604551686
perm_com.google.android.googleapps.permission.GOOGLE_AUTH.sitemaps,1,0.2281469894733709,0.28426058323440995,443.4,216.2860143421206,"mutual_information, pearson_r, entropy_reduction_ratio",0.0,0.6529432869116858,0.0,0.0,0.4877916604551686
intent_com.kingroot.master.action.NOTIFY_STATISTIC,1,0.22771141667711955,0.283610258370859,443.6,215.89173212515576,"mutual_information, pearson_r, entropy_reduction_ratio",0.0,0.6507654229304292,0.0,0.0,0.4877916604551686
n_api_calls,1,0.22530886347533396,0.23049566166360108,287.8,355.17680104421237,"entropy_reduction_ratio, pearson_r, mutual_information",0.5655583159833606,0.10248451834711209,0.013854796892253593,0.0101263925782687,0.4345202935756748
intent_com.inmobi.share.id,1,0.22525025165003068,0.2799582049821486,443.8,215.49747098284007,"mutual_information, pearson_r, entropy_reduction_ratio",0.0,0.6384595977949848,0.0,0.0,0.4877916604551686
intent_com.amazon.device.messaging.intent.RECEIVE,1,0.22429356787814064,0.27854916291470694,444.0,215.10323103105634,"mutual_information, pearson_r, entropy_reduction_ratio",0.0,0.6336761789355345,0.0,0.0,0.4877916604551686
intent_com.qihoo.appstore.LitePluginDownload,1,0.22203999503306657,0.27525407072686,444.4,214.31481516684747,"mutual_information, pearson_r, entropy_reduction_ratio",0.0,0.6224083147101642,0.0,0.0,0.4877916604551686
perm_com.anddoes.launcher.permission.UPDATE_COUNT,1,0.22192573253836234,0.27508791596390475,444.6,213.92063949044282,"mutual_information, pearson_r, entropy_reduction_ratio",0.0,0.6218370022366431,0.0,0.0,0.4877916604551686
perm_com.tencent.mm.plugin.permission.READ,1,0.22172614231615762,0.2747978968187876,444.8,213.52648547662653,"mutual_information, pearson_r, entropy_reduction_ratio",0.0,0.6208390511256194,0.0,0.0,0.4877916604551686
intent_android.intent.action.MEDIA_BUTTON,1,0.21959801506188992,0.2710210864410629,262.8,334.3982057368131,"mutual_information, pearson_r, entropy_reduction_ratio",0.0028466267998872655,0.6267786893471623,0.002154700782762393,0.0019790820662209598,0.46423097631341664
n_activities,1,0.19594019739201035,0.23517953306910686,374.3,389.00663233420585,"entropy_reduction_ratio, pearson_r, chi2_stat",0.51678354239553,0.0,0.008761385311650799,0.005448819004713545,0.4487072402481573
intent_com.google.firebase.MESSAGING_EVENT,1,0.18132764388169315,0.056350543037935394,278.8,369.0980357574394,"pearson_r, entropy_reduction_ratio, f_stat",0.20178852003292702,0.12834972846645915,0.14221025166231796,0.15173960269508174,0.2825501165516797
intent_com.android.vending.INSTALL_REFERRER,1,0.1696780450599523,0.08866764689415879,364.3,416.4048030462665,"f_stat, pearson_r, entropy_reduction_ratio",0.20877916735436516,0.0,0.16716490092124428,0.24420500938548786,0.2282411476386642
intent_android.intent.action.SCREEN_ON,0,0.33247801392087845,0.23920998359366047,39.4,8.260750571225353,"pearson_r, mutual_information, chi2_stat",0.061980424581610266,0.4989802093949162,0.19999999999999993,0.18641858290939223,0.7150108527184735
intent_android.intent.action.SCREEN_OFF,0,0.2833205303549304,0.22476118690202396,63.8,52.18198923000157,"pearson_r, mutual_information, chi2_stat",0.061980424581610266,0.25319279156517605,0.19999999999999993,0.18641858290939223,0.7150108527184735
perm_android.permission.CHANGE_WIFI_STATE,0,0.2616707820627762,0.22539716885144231,78.0,75.70468941882002,"pearson_r, chi2_stat, mutual_information",0.07231658575426289,0.17972803410684834,0.18101410415188715,0.17024469745162163,0.7050504888492611
intent_android.intent.action.PACKAGE_ADDED,0,0.23357592007068356,0.24905011604963406,177.3,278.6380447821151,"pearson_r, chi2_stat, f_stat",0.08460224551445426,0.0,0.19019637041689055,0.18122056073959927,0.7118604236824737
perm_com.samsung.android.providers.context.permission.WRITE_USE_APP_FEATURE_SURVEY,0,0.23299678314311228,0.2424704706044641,114.4,148.4043126058,"pearson_r, chi2_stat, f_stat",0.07231658575426289,0.03635803950852857,0.18101410415188715,0.17024469745162163,0.7050504888492611
intent_android.intent.action.ACTION_SHUTDOWN,0,0.2326819720418952,0.25263787523803105,177.3,278.70837805850044,"pearson_r, chi2_stat, f_stat",0.061980424581610266,0.0,0.19999999999999993,0.18641858290939223,0.7150108527184735
suspicious_system/bin/su,0,0.22745446130903227,0.23823985370426462,112.6,143.25864720846695,"pearson_r, chi2_stat, f_stat",0.08063637987566888,0.04466220984172424,0.16064763449663708,0.1556758665936455,0.6956502157374856
intent_qihu360.intent.action.EXPORT_STAT,0,0.21631554881122547,0.26704326758046787,445.4,212.3441546169802,"mutual_information, pearson_r, entropy_reduction_ratio",0.0,0.5937860836009587,0.0,0.0,0.4877916604551686
intent_com.qihoo.appstore.PLUGIN_ICON,0,0.2104341266961299,0.25886356283227374,445.6,211.950088464242,"mutual_information, pearson_r, entropy_reduction_ratio",0.0,0.5643789730254809,0.0,0.0,0.4877916604551686
perm_android.permission.MODE_WORLD_READABLE,0,0.20686078081552722,0.2540312670679835,446.0,211.16202310074604,"mutual_information, pearson_r, entropy_reduction_ratio",0.0,0.5465122436224675,0.0,0.0,0.4877916604551686
perm_android.permission.FOREGROUND_SERVICE,0,0.20637458465939687,0.21955214518833052,238.4,371.18141117248854,"mutual_information, pearson_r, entropy_reduction_ratio",0.037473799083350405,0.5381792125751873,0.028011110175911114,0.026406629478362285,0.4018021719841734
intent_com.sogou.androidtool.action.backtomarket,0,0.20593736217988612,0.25280034508543375,446.4,210.37404782909894,"mutual_information, pearson_r, entropy_reduction_ratio",0.0,0.5418951504442621,0.0,0.0,0.4877916604551686
intent_cn.jpush.android.intent.MESSAGE_RECEIVED,0,0.2055156299253912,0.25224067363685143,446.6,209.98009429467356,"mutual_information, pearson_r, entropy_reduction_ratio",0.0,0.5397864891717875,0.0,0.0,0.4877916604551686
perm_com.ibingo.launcher.permission.READ_SETTINGS,0,0.20366594021839232,0.24980482002840906,447.0,209.19225607082114,"mutual_information, pearson_r, entropy_reduction_ratio",0.0,0.5305380406367931,0.0,0.0,0.4877916604551686
perm_com.qihoo360.launcher.permission.WRITE_SETTINGS,0,0.20352583649655767,0.24962158286088212,447.2,208.7983716411601,"mutual_information, pearson_r, entropy_reduction_ratio",0.0,0.5298375220276197,0.0,0.0,0.4877916604551686
perm_android.permission.WRITE_CALL_LOG,0,0.20329557963835776,0.24746602514720273,264.8,332.9729118111562,"mutual_information, pearson_r, entropy_reduction_ratio",0.0028466267998872655,0.5452665122295016,0.002154700782762393,0.0019790820662209598,0.46423097631341664
perm_com.actionlauncher.playstore.permission.READ_SETTINGS,0,0.20228357881259976,0.24800480045586465,447.4,208.4045105078103,"mutual_information, pearson_r, entropy_reduction_ratio",0.0,0.5236262336078302,0.0,0.0,0.4877916604551686
intent_com.qihoo.appstore.launcher.shortcut.VIDEOWALLPAPER,0,0.20202161365517304,0.2476656907886624,447.6,208.01067280310403,"mutual_information, pearson_r, entropy_reduction_ratio",0.0,0.5223164078206965,0.0,0.0,0.4877916604551686
perm_com.huawei.android.launcher.permission.CHANGE_BADGE,0,0.1987645947255207,0.24350423952721104,447.8,207.61685866036987,"mutual_information, pearson_r, entropy_reduction_ratio",0.0,0.5060313131724348,0.0,0.0,0.4877916604551686
intent_cn.uc.gamesdk.sdkweb,0,0.19869892289437488,0.24342139261532017,448.0,207.22306821394187,"mutual_information, pearson_r, entropy_reduction_ratio",0.0,0.5057029540167057,0.0,0.0,0.4877916604551686
intent_android.settings.ADD_ACCOUNT_SETTINGS,0,0.198660861841324,0.24337339703411737,448.2,206.82930159916899,"mutual_information, pearson_r, entropy_reduction_ratio",0.0,0.5055126487514514,0.0,0.0,0.4877916604551686
perm_com.asus.email.permission.ACCESS_PROVIDER,0,0.1986601673987344,0.24337252146443336,448.4,206.43555895242466,"mutual_information, pearson_r, entropy_reduction_ratio",0.0,0.5055091765385034,0.0,0.0,0.4877916604551686
intent_android.provider.Telephony.SMS_RECEIVED2,0,0.19813376534078056,0.24271019900424046,448.6,206.0418404111165,"mutual_information, pearson_r, entropy_reduction_ratio",0.0,0.5028771662487341,0.0,0.0,0.4877916604551686
intent_com.amazon.device.messaging.intent.REGISTRATION,0,0.1979816288464365,0.2425192942785221,448.8,205.64814611369584,"mutual_information, pearson_r, entropy_reduction_ratio",0.0,0.5021164837770138,0.0,0.0,0.4877916604551686
perm_android.permission.MODIFY_AUDIO_SETTINGS,0,0.1975640922021078,0.2342356236864064,76.7,17.44591642763429,"pearson_r, mutual_information, chi2_stat",0.006086837757373506,0.42116801395292836,0.01050790711593674,0.009814041826168898,0.5402436603581315
intent_com.qihoo.appstore.launcher.shortcut.HAOWU,0,0.1964910305330962,0.24066119302268968,449.2,204.86083080960105,"mutual_information, pearson_r, entropy_reduction_ratio",0.0,0.49466349221031236,0.0,0.0,0.4877916604551686
perm_com.samsung.android.scloud.backup.lib.write,0,0.19645713596620468,0.2406192044903646,449.4,204.4672100851381,"mutual_information, pearson_r, entropy_reduction_ratio",0.0,0.4944940193758547,0.0,0.0,0.4877916604551686
intent_com.qihoo360.daemon.pcdaemon.ACTION_START_DOWNLOAF_PAGE,0,0.19644063026966485,0.24059876152344906,449.6,204.0736141690052,"mutual_information, pearson_r, entropy_reduction_ratio",0.0,0.49441149089315567,0.0,0.0,0.4877916604551686
intent_com.qihoo.appstore.powerusage.SAVE_MODE,0,0.19601926079593984,0.2400778261441453,449.8,203.6800432050229,"mutual_information, pearson_r, entropy_reduction_ratio",0.0,0.4923046435245306,0.0,0.0,0.4877916604551686
intent_com.qihoo.appstore.launcher.shortcut.GAME_RESERVATION,0,0.19545603602460154,0.23938437910773183,450.0,203.2864973381164,"mutual_information, pearson_r, entropy_reduction_ratio",0.0,0.48948851966783924,0.0,0.0,0.4877916604551686
perm_com.facebook.permission.prod.SYSTEM_COMMUNICATION,0,0.19487678177113135,0.23867464039804775,450.2,202.89297671432593,"pearson_r, mutual_information, entropy_reduction_ratio",0.0,0.4865922484004881,0.0,0.0,0.4877916604551686
perm_android.permission.SUBSCRIBED_FEEDS_WRITE,0,0.19366346005188792,0.2371994585670754,450.4,202.49948148081762,"pearson_r, mutual_information, entropy_reduction_ratio",0.0,0.48052563980427104,0.0,0.0,0.4877916604551686
intent_com.sogou.androidtool.action.update,0,0.19311725972953087,0.23654049981678968,450.6,202.1060117858942,"pearson_r, mutual_information, entropy_reduction_ratio",0.0,0.47779463819248574,0.0,0.0,0.4877916604551686
perm_ANDROID.PERMISSION.WRITE_APN_SETTINGS,0,0.19203456771816022,0.2352438332764178,450.8,201.71256777900578,"pearson_r, mutual_information, entropy_reduction_ratio",0.0,0.47238117813563246,0.0,0.0,0.4877916604551686
perm_android.permission.READ_CELL_BROADCASTS,0,0.19113149688751482,0.2341721109560382,451.0,201.3191496107611,"pearson_r, mutual_information, entropy_reduction_ratio",0.0,0.46786582398240556,0.0,0.0,0.4877916604551686
intent_com.areametrics.areametricssdk.AMLocationUpdatesBroadcastReceiver.ACTION_PROCESS_UPDATES,0,0.19045465875474843,0.23337480862036586,451.2,200.9257574329384,"pearson_r, mutual_information, entropy_reduction_ratio",0.0,0.4644816333185735,0.0,0.0,0.4877916604551686
intent_com.qihoo.appstore.PACKAGE_ADDED,0,0.18942013213800818,0.2321661169983536,451.4,200.53239139849703,"pearson_r, mutual_information, entropy_reduction_ratio",0.0,0.4593090002348724,0.0,0.0,0.4877916604551686
perm_com.google.android.googleapps.permission.GOOGLE_AUTH.adsense,0,0.18939738174822546,0.2321396730387111,451.6,200.13905166158852,"pearson_r, mutual_information, entropy_reduction_ratio",0.0,0.45919524828595876,0.0,0.0,0.4877916604551686
perm_com.android.email.permission.ACCESS_PROVIDER,0,0.18871478039440556,0.23134900647947443,452.0,199.35245170300766,"pearson_r, mutual_information, entropy_reduction_ratio",0.0,0.45578224151685925,0.0,0.0,0.4877916604551686
perm_android.permission.BROADCAST_PACKAGE_REPLACED,0,0.18869943398527303,0.23133129206408767,452.2,198.9591917957047,"pearson_r, mutual_information, entropy_reduction_ratio",0.0,0.45570550947119653,0.0,0.0,0.4877916604551686
perm_com.majeur.launcher.permission.UPDATE_BADGE,0,0.1886814213260771,0.23131050345149026,452.4,198.56595881469715,"pearson_r, mutual_information, entropy_reduction_ratio",0.0,0.455615446175217,0.0,0.0,0.4877916604551686
intent_com.qihoo360.daemon.pcdaemon.ACTION_START_OPERATE_AUTHOR,0,0.18582978293299202,0.22806726583558734,452.6,198.17275292027406,"pearson_r, mutual_information, entropy_reduction_ratio",0.0,0.44135725420979144,0.0,0.0,0.4877916604551686
intent_com.mobiletool.appstore.action.backtomarket,0,0.18498288052125147,0.22712272686175625,452.8,197.77957427398815,"pearson_r, mutual_information, entropy_reduction_ratio",0.0,0.43712274215108876,0.0,0.0,0.4877916604551686
perm_android.permission.SEND_SMS,0,0.18458721822732013,0.2413571410284731,183.3,275.67582411230774,"pearson_r, chi2_stat, f_stat",0.04224954943802838,0.0,0.11447970148416238,0.10633504599592908,0.6598717942184809
perm_android.permission.CHANGE_WIMAX_STATE,0,0.1842685213195236,0.22633280237924194,453.0,197.386423038668,"pearson_r, mutual_information, entropy_reduction_ratio",0.0,0.43355094614244943,0.0,0.0,0.4877916604551686
intent_android.intent.action.SEARCH,0,0.1839244989963255,0.19376386252030464,246.4,365.0584062858983,"mutual_information, pearson_r, entropy_reduction_ratio",0.031641720974743194,0.43317802262952887,0.02370170861038632,0.022246285235804023,0.408854757531165
intent_com.qihoo.appstore.notification.click,0,0.1836558749453888,0.22566035280428276,453.4,196.60020345869432,"pearson_r, mutual_information, entropy_reduction_ratio",0.0,0.4304877142717754,0.0,0.0,0.4877916604551686
intent_com.qihoo.appstore.checkupdate.CHECK_BAOHE_UPDATE,0,0.18341684511067516,0.22539925248609052,453.6,196.20713544619116,"pearson_r, mutual_information, entropy_reduction_ratio",0.0,0.42929256509820723,0.0,0.0,0.4877916604551686
intent_com.qihoo360.daemon.pcdaemon.ACTION_START_SERVICE2,0,0.1828186497895111,0.22474895096816067,453.8,195.81409550898013,"pearson_r, mutual_information, entropy_reduction_ratio",0.0,0.426301588492387,0.0,0.0,0.4877916604551686
intent_android.intent.action.ACTION_VIEW_DOWNLOADS,0,0.18149226249434564,0.22332313543685006,454.2,195.0281005393838,"pearson_r, mutual_information, entropy_reduction_ratio",0.0,0.41966965201655954,0.0,0.0,0.4877916604551686
perm_com.lenovo.launcherhdmarket.permission.WRITE_SETTINGS,0,0.1798742647174298,0.22161442533159473,454.4,194.63514584986956,"pearson_r, mutual_information, entropy_reduction_ratio",0.0,0.41157966313198036,0.0,0.0,0.4877916604551686
intent_io.intercom.android.sdk.INTERCOM_PUSH_OPENED,0,0.17960900924549833,0.22133755376642142,454.6,194.24221992141668,"pearson_r, mutual_information, entropy_reduction_ratio",0.0,0.41025338577232306,0.0,0.0,0.4877916604551686
intent_com.gtp.nextlauncher.theme,0,0.17942090443714606,0.22114177264481488,454.8,193.84932292891818,"pearson_r, mutual_information, entropy_reduction_ratio",0.0,0.4093128617305617,0.0,0.0,0.4877916604551686
perm_android.permission.RUN_INSTRUMENTATION,0,0.1786501795914571,0.2203444866317781,455.2,193.0636164584099,"pearson_r, mutual_information, entropy_reduction_ratio",0.0,0.40545923750211693,0.0,0.0,0.4877916604551686
perm_com.miui.mihome2.permission.READ_SETTINGS,0,0.1786452951720981,0.22033945907019362,455.4,192.6708073372819,"pearson_r, mutual_information, entropy_reduction_ratio",0.0,0.40543481540532184,0.0,0.0,0.4877916604551686
intent_android.intent.action.USER_CLEARNOTIFY,0,0.17859985500429615,0.220292702500266,455.6,192.2780278659005,"pearson_r, mutual_information, entropy_reduction_ratio",0.0,0.40520761456631227,0.0,0.0,0.4877916604551686
intent_android.intent.action.DATA_SMS_RECEIVED,0,0.17828494350289956,0.21996942667630418,455.8,191.88527822634023,"pearson_r, mutual_information, entropy_reduction_ratio",0.0,0.4036330570593292,0.0,0.0,0.4877916604551686
perm_com.fx.launcher.permission.READ_SETTINGS,0,0.1781826421953203,0.21986469412158333,456.0,191.4925586021556,"pearson_r, mutual_information, entropy_reduction_ratio",0.0,0.4031215505214329,0.0,0.0,0.4877916604551686
intent_com.gridappsinc.launcher.theme.apk_action,0,0.1776251955292895,0.2192964747078832,456.2,191.09986917839583,"pearson_r, mutual_information, entropy_reduction_ratio",0.0,0.4003343171912788,0.0,0.0,0.4877916604551686
intent_safiap.framework.ACTION_START_DOWNLOAD,0,0.17757566331231178,0.21924618829068201,456.4,190.70721014161998,"pearson_r, mutual_information, entropy_reduction_ratio",0.0,0.4000866561063903,0.0,0.0,0.4877916604551686
perm_android.permission.WRITE_CLIPS,0,0.17736648218037138,0.2190341888936367,456.6,190.31458167991227,"pearson_r, mutual_information, entropy_reduction_ratio",0.0,0.39904075044668835,0.0,0.0,0.4877916604551686
intent_cn.jpush.android.ui.PushActivity,0,0.17654615936305212,0.21820856697629673,456.8,189.92198398289756,"pearson_r, mutual_information, entropy_reduction_ratio",0.0,0.39493913636009204,0.0,0.0,0.4877916604551686
intent_com.ez.sj,0,0.175612673968168,0.2172803050739639,457.2,189.13688164924366,"pearson_r, mutual_information, entropy_reduction_ratio",0.0,0.39027170938567146,0.0,0.0,0.4877916604551686
perm_com.yulong.android.launcherL.permission.READ_SETTINGS,0,0.17545448607828573,0.21712419981880215,457.4,188.74437739969895,"pearson_r, mutual_information, entropy_reduction_ratio",0.0,0.3894807699362601,0.0,0.0,0.4877916604551686
perm_com.samsung.android.providers.context.permission.READ_RECORD_AUDIO,0,0.17356091559637896,0.21528286712301004,458.0,187.56705467645432,"pearson_r, mutual_information, entropy_reduction_ratio",0.0,0.3800129175267262,0.0,0.0,0.4877916604551686
perm_com.qihoo.appstore.update.permission.clear_sdk,0,0.1730733533146987,0.21481700893174271,458.2,187.1746777745323,"pearson_r, mutual_information, entropy_reduction_ratio",0.0,0.37757510611832484,0.0,0.0,0.4877916604551686
perm_com.yulong.android.launcher.permission.WRITE_SETTINGS,0,0.17206419145233504,0.2138636720380681,458.4,186.78233321168253,"pearson_r, mutual_information, entropy_reduction_ratio",0.0,0.37252929680650665,0.0,0.0,0.4877916604551686
intent_com.google.android.gms.iid.InstanceID,0,0.17165991506618822,0.19648909094103437,259.6,352.45941610347137,"pearson_r, mutual_information, entropy_reduction_ratio",0.014292421011287727,0.38835680953899177,0.010773503913811964,0.00998090523716085,0.4348959356296888
intent_android.intent.action.MEDIA_UNMOUNTED,0,0.17165269626705446,0.21347919495683035,458.6,186.39002119212284,"pearson_r, mutual_information, entropy_reduction_ratio",0.0,0.3704718208801038,0.0,0.0,0.4877916604551686
perm_android.Manifest.permission.READ_PHONE_STATE,0,0.17152414565197413,0.2133595935010691,458.8,185.9977419217771,"pearson_r, mutual_information, entropy_reduction_ratio",0.0,0.36982906780470204,0.0,0.0,0.4877916604551686
perm_com.meizu.flyme.launcher.permission.WRITE_SETTINGS,0,0.1709549214414599,0.2128329210395841,459.0,185.6054956082928,"pearson_r, mutual_information, entropy_reduction_ratio",0.0,0.36698294675213083,0.0,0.0,0.4877916604551686
intent_android.intent.action.INSTALL,0,0.16927739111299123,0.21130883274221318,459.6,184.42895651171483,"pearson_r, mutual_information, entropy_reduction_ratio",0.0,0.3585952951097876,0.0,0.0,0.4877916604551686
intent_com.qihoo360.mobilesafe.pcdaemon.sms.restore.start,0,0.1691202232722795,0.21116820837767875,459.8,184.03684413725423,"pearson_r, mutual_information, entropy_reduction_ratio",0.0,0.3578094559062289,0.0,0.0,0.4877916604551686
intent_com.google.android.c2dm.intent.REGISTRATION,0,0.16901001117591796,0.07659958607905089,269.4,367.64798381060103,"pearson_r, mutual_information, entropy_reduction_ratio",0.14691540161998737,0.17015766739412616,0.10558033835535728,0.10808439906516404,0.31431224944495495
intent_android.net.wifi.WIFI_STATE_CHANGED,0,0.16891673172991864,0.22860776003488464,117.4,137.0322589757609,"pearson_r, chi2_stat, f_stat",0.030411870796827067,0.048649659010230294,0.07279690261762478,0.06757356089702886,0.6251516653278822
perm_com.google.android.googleapps.permission.GOOGLE_AUTH.wifi,0,0.168407797085592,0.21053547951064178,460.0,183.64476578438058,"pearson_r, mutual_information, entropy_reduction_ratio",0.0,0.3542473249727913,0.0,0.0,0.4877916604551686
intent_com.excelliance.kxqp.NEXT_CHAPTER,0,0.16836371173853643,0.21049658027312476,460.2,183.2527216714666,"pearson_r, mutual_information, entropy_reduction_ratio",0.0,0.3540268982375135,0.0,0.0,0.4877916604551686
perm_android.permission.SET_WALLPAPER,0,0.16689785752477,0.18202450308812293,256.0,358.13572846059355,"pearson_r, mutual_information, chi2_stat",0.017455780860265863,0.36382393954201886,0.019711635333216005,0.019368961205069004,0.4141289706832801
intent_com.snipermob.sdk.notification,0,0.16657494798428046,0.20894351833147673,461.4,180.90118849803062,"pearson_r, mutual_information, entropy_reduction_ratio",0.0,0.34508307946623373,0.0,0.0,0.4877916604551686
intent_com.qihoo.appstore.ACTION_CLEAR_BACKGROUND,0,0.1665153695802496,0.20889264609344343,461.6,180.50939033745584,"pearson_r, mutual_information, entropy_reduction_ratio",0.0,0.3447851874460794,0.0,0.0,0.4877916604551686
intent_com.kingroot.common.ACTION_SWITCH_IN_DESKTOP,0,0.16647342303986293,0.2088568625296759,461.8,180.1176282322194,"pearson_r, mutual_information, entropy_reduction_ratio",0.0,0.3445754547441461,0.0,0.0,0.4877916604551686
intent_com.lge.launcher2.THEME,0,0.16628622208957633,0.20869750229304868,462.0,179.72590241809888,"pearson_r, mutual_information, entropy_reduction_ratio",0.0,0.34363944999271306,0.0,0.0,0.4877916604551686
intent_android.hardware.usb.action.USB_STATE,0,0.16473239194805153,0.20739612203068478,462.2,179.33421313291004,"pearson_r, mutual_information, entropy_reduction_ratio",0.0,0.33587029928508905,0.0,0.0,0.4877916604551686
perm_android.permission.READ_SYNC_SETTINGS,0,0.16454864192953306,0.20185163235090925,279.2,323.98604908236405,"pearson_r, mutual_information, entropy_reduction_ratio",0.0028466267998872655,0.35153182368537794,0.002154700782762393,0.0019790820662209598,0.46423097631341664
intent_android.intent.action.PACKAGE_REMOVED,0,0.16404931193409916,0.19789218148213608,269.7,338.15330842681396,"pearson_r, mutual_information, entropy_reduction_ratio",0.005699157673325379,0.35183295772387596,0.004309401565524786,0.003966658181159642,0.45443838452661
intent_android.intent.action.ACTION_POWER_DISCONNECTED,0,0.16385196920272121,0.2012100661698519,279.6,323.769424127727,"pearson_r, mutual_information, entropy_reduction_ratio",0.0028466267998872655,0.34804846005131884,0.002154700782762393,0.0019790820662209598,0.46423097631341664
perm_android.permission.WRITE_INTERNAL_STORAGE,0,0.16336305237374427,0.19400292696729665,266.9,343.0829928749019,"pearson_r, mutual_information, entropy_reduction_ratio",0.008557617171070023,0.3489294201408508,0.006464102348287179,0.005962790568389211,0.4469013316401241
perm_qiku.permission.READ_WRITE_SAFE_SPACE,0,0.16331920187988838,0.2062460643895341,462.4,178.94256061652854,"pearson_r, mutual_information, entropy_reduction_ratio",0.0,0.3288043489442733,0.0,0.0,0.4877916604551686
perm_net.qihoo.launcher.permission.WRITE_SETTINGS,0,0.16327320816889856,0.20620917774387076,462.6,178.55094511091224,"pearson_r, mutual_information, entropy_reduction_ratio",0.0,0.3285743803893243,0.0,0.0,0.4877916604551686
intent_com.meizu.c2dm.intent.REGISTRATION,0,0.16256020544559358,0.20564177130490707,462.8,178.1593668601233,"pearson_r, mutual_information, entropy_reduction_ratio",0.0,0.3250093667727993,0.0,0.0,0.4877916604551686
intent_com.qihoo.appstore.clean.result,0,0.16243844282330167,0.20554570522932317,463.0,177.76782611035102,"pearson_r, mutual_information, entropy_reduction_ratio",0.0,0.3244005536613398,0.0,0.0,0.4877916604551686
perm_android.permission.BLUETOOTH_ADMIN,0,0.16233817125904118,0.20546677777041447,463.2,177.37632310993482,"pearson_r, mutual_information, entropy_reduction_ratio",0.0,0.32389919584003735,0.0,0.0,0.4877916604551686
perm_org.adwfreak.launcher.permission.READ_SETTINGS,0,0.16227179535099712,0.20541462185292306,463.4,176.9848581093874,"pearson_r, mutual_information, entropy_reduction_ratio",0.0,0.32356731629981705,0.0,0.0,0.4877916604551686
intent_com.yandex.metrica.IMetricaService,0,0.16183718511011058,0.20507491568887293,463.6,176.59343136141842,"pearson_r, mutual_information, entropy_reduction_ratio",0.0,0.32139426509538427,0.0,0.0,0.4877916604551686
intent_com.sogou.androidtool.action.appdetail,0,0.16111730943093502,0.20451912234832437,463.8,176.20204312095817,"pearson_r, mutual_information, entropy_reduction_ratio",0.0,0.31779488669950656,0.0,0.0,0.4877916604551686
intent_com.areametrics.areametricssdk.AMLocationUpdatesBroadcastReceiver.PROCESS_UPDATES,0,0.16047771742569455,0.20403256668046574,464.0,175.81069364518189,"pearson_r, mutual_information, entropy_reduction_ratio",0.0,0.3145969266733043,0.0,0.0,0.4877916604551686
intent_com.qihoo.appstore.ACTION_CHARGE_START_PLUGIN,0,0.1601315091033893,0.20377206138548817,464.2,175.41938319353423,"pearson_r, mutual_information, entropy_reduction_ratio",0.0,0.31286588506177787,0.0,0.0,0.4877916604551686
perm_android.permission.CHANGE_WIFI_MULTICAST_STATE,0,0.15944636941142712,0.2032624950655896,464.4,175.028112027754,"pearson_r, mutual_information, entropy_reduction_ratio",0.0,0.30944018660196704,0.0,0.0,0.4877916604551686
perm_com.thunderst.launcher.permission.READ_SETTINGS,0,0.1592443452599872,0.20311376223201028,464.6,174.63688041189926,"pearson_r, mutual_information, entropy_reduction_ratio",0.0,0.30843006584476745,0.0,0.0,0.4877916604551686
perm_android.permission.BODY_SENSORS,0,0.15871206551217182,0.20272522442828939,464.8,174.24568861237287,"pearson_r, mutual_information, entropy_reduction_ratio",0.0,0.30576866710569056,0.0,0.0,0.4877916604551686
intent_com.umeng.message.unregistercallback.action,0,0.15838824131415138,0.20249122226851202,465.0,173.85453689794812,"pearson_r, mutual_information, entropy_reduction_ratio",0.0,0.3041495461155884,0.0,0.0,0.4877916604551686
perm_com.meizu.flyme.push.permission.RECEIVE,0,0.15829170465051753,0.20242181145568464,465.2,173.463425539795,"pearson_r, mutual_information, entropy_reduction_ratio",0.0,0.30366686279741906,0.0,0.0,0.4877916604551686
intent_com.umeng.message.autoupdate.handler.action,0,0.15725373062009398,0.20168566641113014,465.4,173.0723548115065,"pearson_r, mutual_information, entropy_reduction_ratio",0.0,0.29847699264530136,0.0,0.0,0.4877916604551686
intent_com.qihoo.appstore.checkupdate.RESTART_ALL_DOWNLOAD,0,0.15695270369820072,0.20147567222073767,465.8,172.29033635117207,"pearson_r, mutual_information, entropy_reduction_ratio",0.0,0.296971858035835,0.0,0.0,0.4877916604551686
intent_com.smartdialer.voip.action.STATE_RINGING,0,0.1561768397560897,0.2009417396414043,466.0,171.89938917867045,"pearson_r, mutual_information, entropy_reduction_ratio",0.0,0.29309253832528,0.0,0.0,0.4877916604551686
perm_android.permission.READ_PROFILE,0,0.15605797026499257,0.20086086988538437,466.2,171.50848375517756,"pearson_r, mutual_information, entropy_reduction_ratio",0.0,0.2924981908697943,0.0,0.0,0.4877916604551686
intent_show_feedback,0,0.15541687755248762,0.20042901832901544,466.4,171.11762036681085,"pearson_r, mutual_information, entropy_reduction_ratio",0.0,0.28929272730726957,0.0,0.0,0.4877916604551686
intent_com.example.servicejar.action.START_ASSIST,0,0.15539474660676106,0.20041424038505298,466.6,170.7267993022771,"pearson_r, mutual_information, entropy_reduction_ratio",0.0,0.2891820725786368,0.0,0.0,0.4877916604551686
intent_show_lock_set_email,0,0.15523058170361945,0.20030489056126413,466.8,170.3360208529012,"pearson_r, mutual_information, entropy_reduction_ratio",0.0,0.2883612480629287,0.0,0.0,0.4877916604551686
suspicious_getSimCountryIso,0,0.15505312334542695,0.1066282180370253,267.2,364.31601666684924,"pearson_r, mutual_information, f_stat",0.07266492117865259,0.21289094220493146,0.07137606662899144,0.07905839617899113,0.3392752905355681
perm_android.webkit.permission.PLUGIN,0,0.15467801256277341,0.1999403478978688,467.0,169.94528531265584,"pearson_r, mutual_information, entropy_reduction_ratio",0.0,0.28559840235869854,0.0,0.0,0.4877916604551686
intent_com.qihoo.appstore.notification.click_action,0,0.15422923537633518,0.19964829113471783,467.2,169.55459297819095,"pearson_r, mutual_information, entropy_reduction_ratio",0.0,0.2833545164265073,0.0,0.0,0.4877916604551686
intent_com.baoruan.launcher3.ACTION_THEME,0,0.15382219861400806,0.19938652260383627,467.4,169.16394414886406,"pearson_r, mutual_information, entropy_reduction_ratio",0.0,0.2813193326148717,0.0,0.0,0.4877916604551686
intent_com.excelliance.dualaid.action.notifystatus,0,0.15360269542092725,0.19924659612302922,467.8,168.38277821677607,"pearson_r, mutual_information, entropy_reduction_ratio",0.0,0.28022181664946766,0.0,0.0,0.4877916604551686
perm_android.permission.CALL_PHONE,0,0.15346049277828985,0.21594126257072938,108.6,101.84124901040835,"pearson_r, mutual_information, chi2_stat",0.016452241042793254,0.10581489287751966,0.03326880453384956,0.03092841492172484,0.580838110515562
intent_com.igexin.sdk.action.pushmanager,0,0.1533413452236148,0.1990811277285792,468.0,167.99226172654502,"pearson_r, mutual_information, entropy_reduction_ratio",0.0,0.2789150656629055,0.0,0.0,0.4877916604551686
perm_com.meizu.flyme.launcher.permission.READ_SETTINGS,0,0.15295599446851843,0.1988394064126062,468.2,167.60178996657524,"pearson_r, mutual_information, entropy_reduction_ratio",0.0,0.2769883118874235,0.0,0.0,0.4877916604551686
intent_co.ronash.pushe.RECEIVE,0,0.15271503133103942,0.19868962570487664,468.4,167.2113632502289,"pearson_r, mutual_information, entropy_reduction_ratio",0.0,0.27578349620002857,0.0,0.0,0.4877916604551686
perm_com.sec.android.app.voicenote.Controller,0,0.1526830244881226,0.19866980997235034,468.6,166.8209818937654,"pearson_r, mutual_information, entropy_reduction_ratio",0.0,0.27562346198544435,0.0,0.0,0.4877916604551686
perm_com.google.android.launcher.permission.WRITE_SETTINGS,0,0.1526369370941551,0.19864130960574736,468.8,166.43064621637444,"pearson_r, mutual_information, entropy_reduction_ratio",0.0,0.275393025015607,0.0,0.0,0.4877916604551686
perm_android.permission.UPDATE_DEVICE_STATS,0,0.1523735739860034,0.19847918901656728,469.2,165.65011319042316,"pearson_r, mutual_information, entropy_reduction_ratio",0.0,0.27407620947484845,0.0,0.0,0.4877916604551686
perm_com.google.android.googleapps.permission.GOOGLE_AUTH.mail,0,0.15231277562557202,0.19844194268611906,469.4,165.25991649519855,"pearson_r, mutual_information, entropy_reduction_ratio",0.0,0.2737722176726915,0.0,0.0,0.4877916604551686
intent_com.qihoo360.mobilesafe.pcdaemon.sms.restore.end,0,0.1521130810200299,0.198320081025712,469.8,164.4796643965448,"pearson_r, mutual_information, entropy_reduction_ratio",0.0,0.272773744644981,0.0,0.0,0.4877916604551686
perm_android.permission.MOUNT_FORMAT_FILESYSTEMS,0,0.151540996372729,0.19797501719922575,470.0,164.08960966496326,"pearson_r, mutual_information, entropy_reduction_ratio",0.0,0.2699133214084764,0.0,0.0,0.4877916604551686
perm_android.permission.WRITE_APN_STORAGE,0,0.15150319916978766,0.1979524308109499,470.2,163.69960293171147,"pearson_r, mutual_information, entropy_reduction_ratio",0.0,0.2697243353937698,0.0,0.0,0.4877916604551686
perm_com.android.vending.CHECK_LICENSE,0,0.15145894697168422,0.16275262044851732,263.4,356.36728244888025,"pearson_r, mutual_information, entropy_reduction_ratio",0.028734929961696538,0.2742279488732795,0.021547007827623928,0.02017973299493972,0.4126051152008814
perm_com.mx.launcher.permission.READ_SETTINGS,0,0.1513037430412923,0.19783367795872767,470.4,163.30964454067004,"pearson_r, mutual_information, entropy_reduction_ratio",0.0,0.26872705475129294,0.0,0.0,0.4877916604551686
intent_com.qihoo.appstore.activate,0,0.15124913726616773,0.19780129443442232,470.6,162.9197348389691,"pearson_r, mutual_information, entropy_reduction_ratio",0.0,0.2684540258756701,0.0,0.0,0.4877916604551686
intent_com.umeng.message.enablecallback.action,0,0.15109968845849842,0.1977129463591246,470.8,162.5298741770263,"pearson_r, mutual_information, entropy_reduction_ratio",0.0,0.2677067818373235,0.0,0.0,0.4877916604551686
perm_com.facebook.permission.prod.FB_APP_COMMUNICATION,0,0.15073021536099518,0.1974963008046534,471.0,162.14006290858532,"pearson_r, mutual_information, entropy_reduction_ratio",0.0,0.2658594163498073,0.0,0.0,0.4877916604551686
intent_com.excelliance.dualaid.SHORTCUT_ALARM,0,0.15058810836121844,0.19741364764990607,471.2,161.75030139075477,"pearson_r, mutual_information, entropy_reduction_ratio",0.0,0.2651488813509235,0.0,0.0,0.4877916604551686
intent_com.igexin.sdk.action.64kVIzqls49c7TJxrBbWG4,0,0.1505098957916778,0.19736831701774535,471.4,161.36058998404783,"pearson_r, mutual_information, entropy_reduction_ratio",0.0,0.26475781850322044,0.0,0.0,0.4877916604551686
perm_android.permission.BIND_APPWIDGET,0,0.14998105614652735,0.1970647954001081,471.6,160.9709290524224,"pearson_r, mutual_information, entropy_reduction_ratio",0.0,0.2621136202774681,0.0,0.0,0.4877916604551686
intent_com.esbook.receiver.message,0,0.14971106122187267,0.19691184506960488,471.8,160.5813189633215,"pearson_r, mutual_information, entropy_reduction_ratio",0.0,0.26076364565419463,0.0,0.0,0.4877916604551686
intent_com.excelliance.kxqp.action.swpsrv,0,0.1495850729352352,0.1968409397743035,472.0,160.19176008771487,"pearson_r, mutual_information, entropy_reduction_ratio",0.0,0.26013370422100757,0.0,0.0,0.4877916604551686
intent_download.service.action,0,0.14930203704149161,0.19668273322074656,472.2,159.80225280014045,"pearson_r, mutual_information, entropy_reduction_ratio",0.0,0.2587185247522894,0.0,0.0,0.4877916604551686
perm_com.tencent.mtt.extension.Player,0,0.1490388854615039,0.19653698964562363,472.4,159.412797478747,"pearson_r, mutual_information, entropy_reduction_ratio",0.0,0.257402766852351,0.0,0.0,0.4877916604551686
intent_org.android.agoo.client.MessageReceiverService,0,0.14901547976810758,0.1965240896854728,472.6,159.02339450533685,"pearson_r, mutual_information, entropy_reduction_ratio",0.0,0.25728573838536933,0.0,0.0,0.4877916604551686
suspicious_getCellLocation,0,0.1489110811918985,0.23065070063312526,188.3,273.2364543760587,"pearson_r, chi2_stat, f_stat",0.028709575344258064,0.0,0.05520384841990766,0.052134309078953285,0.6085076731163734
perm_android.permission.ACCESS_CHECKIN_PROPERTIES,0,0.14887972195305346,0.19644947055146444,472.8,158.63404426540978,"pearson_r, mutual_information, entropy_reduction_ratio",0.0,0.25660694931009864,0.0,0.0,0.4877916604551686
intent_com.qihoo.appstore.battery.STABLE_NOTIFY,0,0.14848877012334852,0.19623652448001302,473.0,158.2447471482071,"pearson_r, mutual_information, entropy_reduction_ratio",0.0,0.25465219016157403,0.0,0.0,0.4877916604551686
perm_com.qihoo360.mobilesafe.news.permission.NEWS_SDK_BROADCAST,0,0.14848304541632787,0.19623342773883293,473.2,157.85550354675632,"pearson_r, mutual_information, entropy_reduction_ratio",0.0,0.25462356662647073,0.0,0.0,0.4877916604551686
intent_com.excelliance.dualaid.action.pg,0,0.1478654794949461,0.19590300195567859,473.6,157.07717848242626,"pearson_r, mutual_information, entropy_reduction_ratio",0.0,0.251535737019562,0.0,0.0,0.4877916604551686
intent_com.qihoo360.daemon.pcdaemon.NotifyServiceStart2,0,0.14774183523946666,0.1958377156301622,473.8,156.68809782494648,"pearson_r, mutual_information, entropy_reduction_ratio",0.0,0.2509175157421647,0.0,0.0,0.4877916604551686
perm_android.permission.GET_DETAILED_TASKS,0,0.14751681615225654,0.19571964746213066,474.2,155.91010230257692,"pearson_r, mutual_information, entropy_reduction_ratio",0.0,0.24979242030611407,0.0,0.0,0.4877916604551686
intent_com.sogou.androidtool.action.topicdetail,0,0.1473737133540742,0.19564506246277644,474.4,155.52118826706538,"pearson_r, mutual_information, entropy_reduction_ratio",0.0,0.24907690631520246,0.0,0.0,0.4877916604551686
intent_com.door.pay.sdk.app.action,0,0.14714309413986262,0.19552568574503076,474.6,155.13233060841958,"pearson_r, mutual_information, entropy_reduction_ratio",0.0,0.24792381024414448,0.0,0.0,0.4877916604551686
intent_com.qihoo.appstore.msplugin.install,0,0.14713992146442487,0.19552405053425742,474.8,154.7435297516507,"pearson_r, mutual_information, entropy_reduction_ratio",0.0,0.24790794686695575,0.0,0.0,0.4877916604551686
intent_com.qihoo.appstore.launcher.shortcut.EBOOK,0,0.1463180969921275,0.19510696722714477,475.2,153.96610016493892,"pearson_r, mutual_information, entropy_reduction_ratio",0.0,0.24379882450546891,0.0,0.0,0.4877916604551686
intent_com.secneo.plugin.action.DAILY,0,0.14609903185294248,0.19499797783678127,475.4,153.57747230632492,"pearson_r, mutual_information, entropy_reduction_ratio",0.0,0.24270349880954384,0.0,0.0,0.4877916604551686
perm_dianxin.permission.ACCESS_LAUNCHER_DATA,0,0.14579463636281373,0.19484806916866207,475.8,152.80039266965252,"pearson_r, mutual_information, entropy_reduction_ratio",0.0,0.24118152135890006,0.0,0.0,0.4877916604551686
intent_com.example.servicejar.action.SHORTCUT_CLICKED,0,0.14577532256010417,0.19483861779403958,476.0,152.4119417893493,"pearson_r, mutual_information, entropy_reduction_ratio",0.0,0.24108495234535227,0.0,0.0,0.4877916604551686
perm_ACCESS_WIFI_STATE,0,0.1450473600547349,0.19448764235231028,476.2,152.0235508071036,"pearson_r, mutual_information, entropy_reduction_ratio",0.0,0.23744513981850598,0.0,0.0,0.4877916604551686
intent_com.android.utils.hades.ACTION_INIT_COMMON_RES,0,0.14503502615901748,0.19448178420381645,476.4,151.6352201831751,"pearson_r, mutual_information, entropy_reduction_ratio",0.0,0.23738347033991872,0.0,0.0,0.4877916604551686
intent_com.baidu.location.service_v2.2,0,0.14485232853392604,0.1943953554432904,476.6,151.2469503824788,"pearson_r, mutual_information, entropy_reduction_ratio",0.0,0.2364699822144617,0.0,0.0,0.4877916604551686
intent_com.excelliance.appmate.share,0,0.1448047373120635,0.1943729479260299,476.8,150.85874187464245,"pearson_r, mutual_information, entropy_reduction_ratio",0.0,0.23623202610514887,0.0,0.0,0.4877916604551686
intent_android.intent.action.INPUT_METHOD_CHANGED,0,0.144713002784298,0.19432988053314096,477.0,150.47059513406597,"pearson_r, mutual_information, entropy_reduction_ratio",0.0,0.23577335346632142,0.0,0.0,0.4877916604551686
perm_android.permission.RECEIVE_SMS,0,0.14428650270370263,0.1865715415155886,292.6,317.7468174506237,"pearson_r, mutual_information, entropy_reduction_ratio",0.0028466267998872655,0.2502211275562258,0.002154700782762393,0.0019790820662209598,0.46423097631341664
perm_org.adw.launcher_donut.permission.WRITE_SETTINGS,0,0.14424397087059682,0.1941122407543732,477.2,150.08251063998097,"pearson_r, mutual_information, entropy_reduction_ratio",0.0,0.23342819389781547,0.0,0.0,0.4877916604551686
intent_com.easou.eyou.START_EPAY_PROXY_ACTIVITY,0,0.14418206517383664,0.19408383579528687,477.4,149.69448887651143,"pearson_r, mutual_information, entropy_reduction_ratio",0.0,0.23311866541401466,0.0,0.0,0.4877916604551686
intent_com.telecom.sdk_auth_ui.SMS_UNSUB_SEND_RESULT_ACTION,0,0.1440980099702256,0.194045387500032,477.6,149.3065303327353,"pearson_r, mutual_information, entropy_reduction_ratio",0.0,0.23269838939595933,0.0,0.0,0.4877916604551686
intent_com.sogou.pushservice.action.METHOD,0,0.14406605560879268,0.1940308072375825,477.8,148.91863550274692,"pearson_r, mutual_information, entropy_reduction_ratio",0.0,0.23253861758879482,0.0,0.0,0.4877916604551686
intent_com.excelliance.kxqp.platform.action.CRASH_REPORT,0,0.14399494403458932,0.19399843179360868,478.0,148.53080488572058,"pearson_r, mutual_information, entropy_reduction_ratio",0.0,0.23218305971777803,0.0,0.0,0.4877916604551686
intent_com.google.android.gms.measurement.UPLOAD,0,0.14393301741644401,0.2114899776618041,116.0,97.46794344808964,"pearson_r, mutual_information, f_stat",0.012737250945528416,0.10773820614759208,0.019054069131288372,0.019132206806642096,0.5610033540511692
intent_com.sogou.androidtool.browser.highspeed,0,0.14373523918842396,0.1938810345618511,478.2,148.1430389859746,"pearson_r, mutual_information, entropy_reduction_ratio",0.0,0.2308845354869512,0.0,0.0,0.4877916604551686
perm_android.permission.NFC,0,0.14359877420020434,0.193819876168984,478.4,147.75533831303696,"pearson_r, mutual_information, entropy_reduction_ratio",0.0,0.23020221054585316,0.0,0.0,0.4877916604551686
intent_android.intent.action.QUICKBOOT_POWERON,0,0.14326999390466458,0.2291327445351184,189.9,272.47722840633855,"pearson_r, chi2_stat, f_stat",0.022325979181947397,0.0,0.048649103610807154,0.04517981102125529,0.6001950757093131
intent_com.excelliance.kxqp.platform.action.BADGE_REPORT,0,0.14305738427513076,0.1935808470756743,478.8,146.980134712144,"pearson_r, mutual_information, entropy_reduction_ratio",0.0,0.22749526092048533,0.0,0.0,0.4877916604551686
perm_com.apusapps.launcher.permission.READ_SETTINGS,0,0.14238017721634094,0.19328997630490458,479.0,146.5926328298936,"pearson_r, mutual_information, entropy_reduction_ratio",0.0,0.22410922562653604,0.0,0.0,0.4877916604551686
intent_pushy.me,0,0.14189342522972437,0.1930865067698429,479.2,146.20519826599875,"pearson_r, mutual_information, entropy_reduction_ratio",0.0,0.2216754656934533,0.0,0.0,0.4877916604551686
perm_com.nd.android.launcher.permission.READ_SETTINGS,0,0.14175524686175908,0.19302960178516054,479.4,145.81783155704926,"pearson_r, mutual_information, entropy_reduction_ratio",0.0,0.22098457385362683,0.0,0.0,0.4877916604551686
intent_com.qihoo.appstore.download_one_apk,0,0.14163010643649893,0.1929783931493267,479.6,145.43053324525766,"pearson_r, mutual_information, entropy_reduction_ratio",0.0,0.22035887172732593,0.0,0.0,0.4877916604551686
perm_android.hardware.camera.autofocus,0,0.14149219948844177,0.19292232065862744,479.8,145.0433038785314,"pearson_r, mutual_information, entropy_reduction_ratio",0.0,0.2196693369870402,0.0,0.0,0.4877916604551686
perm_android.permission.WRITE_MEDIA_STORAGE,0,0.14104849225225377,0.1927444779741585,480.0,144.65614401054663,"pearson_r, mutual_information, entropy_reduction_ratio",0.0,0.21745080080610024,0.0,0.0,0.4877916604551686
intent_cn.jpush.android.intent.CONNECTION,0,0.14081495901784336,0.19265245127989197,480.2,144.26905420082298,"pearson_r, mutual_information, entropy_reduction_ratio",0.0,0.21628313463404822,0.0,0.0,0.4877916604551686
perm_me.everything.badger.permission.BADGE_COUNT_READ,0,0.14068314920725314,0.1926009906194376,480.4,143.88203501479953,"pearson_r, mutual_information, entropy_reduction_ratio",0.0,0.21562408558109705,0.0,0.0,0.4877916604551686
intent_com.qihoo.appstore.accessibility.ALERT,0,0.14012771059317303,0.19238795559007854,480.8,143.1082108056697,"pearson_r, mutual_information, entropy_reduction_ratio",0.0,0.21284689251069647,0.0,0.0,0.4877916604551686
intent_com.google.android.gms.gcm.ACTION_TASK_READY,0,0.1396139667851716,0.16978580364060974,280.6,344.6511859837421,"pearson_r, mutual_information, entropy_reduction_ratio",0.014292421011287727,0.22812706813390868,0.010773503913811964,0.00998090523716085,0.4348959356296888
intent_com.sogou.androidtool.action.extend,0,0.1393196849546277,0.19208909170240102,481.0,142.72140694373778,"pearson_r, mutual_information, entropy_reduction_ratio",0.0,0.20880676431796985,0.0,0.0,0.4877916604551686
intent_android.net.wifi.PICK_WIFI_WORK,0,0.13910297550603185,0.192011171523136,481.2,142.33467602801505,"pearson_r, mutual_information, entropy_reduction_ratio",0.0,0.20772321707499072,0.0,0.0,0.4877916604551686
perm_com.google.android.googleapps.permission.GOOGLE_AUTH,0,0.1389708782205391,0.19196413908117382,481.4,141.9480186547174,"pearson_r, mutual_information, entropy_reduction_ratio",0.0,0.20706273064752692,0.0,0.0,0.4877916604551686
intent_android.fbreader.action.CLOSE,0,0.13893059966648483,0.19194986819455395,481.6,141.5614354264607,"pearson_r, mutual_information, entropy_reduction_ratio",0.0,0.20686133787725555,0.0,0.0,0.4877916604551686
perm_com.teslacoilsw.launcher.permission.READ_SETTINGS,0,0.13891472230964041,0.19194425176890795,481.8,141.1749269523452,"pearson_r, mutual_information, entropy_reduction_ratio",0.0,0.20678195109303346,0.0,0.0,0.4877916604551686
intent_com.baidu.android.pushservice.action.RECEIVE,0,0.13890409699937287,0.19194049603455016,482.0,140.78849384804144,"pearson_r, mutual_information, entropy_reduction_ratio",0.0,0.2067288245416958,0.0,0.0,0.4877916604551686
perm_android.Manifest.permission.READ_SMS,0,0.13889056872268274,0.19193571748552946,482.2,140.40213673587735,"pearson_r, mutual_information, entropy_reduction_ratio",0.0,0.20666118315824505,0.0,0.0,0.4877916604551686
intent_com.qihoo360.accounts.action.START_SERVICE,0,0.13873391339302862,0.19188065184995515,482.4,140.0158562449268,"pearson_r, mutual_information, entropy_reduction_ratio",0.0,0.20587790650997462,0.0,0.0,0.4877916604551686
perm_me.everything.badger.permission.BADGE_COUNT_WRITE,0,0.13866273786131353,0.19185579688757337,482.6,139.62965301109935,"pearson_r, mutual_information, entropy_reduction_ratio",0.0,0.20552202885139906,0.0,0.0,0.4877916604551686
perm_com.s.launcher.permission.WRITE_SETTINGS,0,0.138333757594556,0.19174224609266263,482.8,139.24352767723173,"pearson_r, mutual_information, entropy_reduction_ratio",0.0,0.2038771275176114,0.0,0.0,0.4877916604551686
perm_com.google.android.googleapps.permission.GOOGLE_AUTH.ig,0,0.13812202473816385,0.1916703234462924,483.0,138.85748089318054,"pearson_r, mutual_information, entropy_reduction_ratio",0.0,0.20281846323565064,0.0,0.0,0.4877916604551686
perm_com.samsung.svoice.sync.READ_DATABASE,0,0.1380325187172532,0.19164019279306588,483.2,138.47151331591635,"pearson_r, mutual_information, entropy_reduction_ratio",0.0,0.20237093313109736,0.0,0.0,0.4877916604551686
perm_android.permission.GET_ACCOUNTS,0,0.13790969630365807,0.22662986527497153,190.5,272.1562051469707,"pearson_r, chi2_stat, f_stat",0.023773062482468195,0.0,0.03786741037814181,0.03757784046080145,0.590330168196879
intent_com.baidu.android.pushservice.action.media.CLICK,0,0.13785217065780747,0.19157997541256483,483.4,138.0856256096195,"pearson_r, mutual_information, entropy_reduction_ratio",0.0,0.20146919283386883,0.0,0.0,0.4877916604551686
perm_com.yulong2.android.launcher.permission.READ_SETTINGS,0,0.13731311184433329,0.1914039254657921,483.6,137.69981844577717,"pearson_r, mutual_information, entropy_reduction_ratio",0.0,0.19877389876649787,0.0,0.0,0.4877916604551686
intent_com.qihoo.appstore.plugin.battery.setPowerRankConfig,0,0.136731578895881,0.19122063816630502,483.8,137.3140925032824,"pearson_r, mutual_information, entropy_reduction_ratio",0.0,0.19586623402423647,0.0,0.0,0.4877916604551686
intent_android.intent.action.NOTIFICATION_ADD,0,0.13661567321825757,0.19118493170929035,484.0,136.9284484685341,"pearson_r, mutual_information, entropy_reduction_ratio",0.0,0.1952867056361193,0.0,0.0,0.4877916604551686
perm_com.google.android.gms.permission.AD_ID_NOTIFICATION,0,0.13540853036917833,0.1908293956749214,484.2,136.54288703553914,"pearson_r, mutual_information, entropy_reduction_ratio",0.0,0.18925099139072302,0.0,0.0,0.4877916604551686
intent_com.tencent.android.tpush.action.SDK,0,0.1349966138791241,0.19071491750598607,484.6,135.77201478949922,"pearson_r, mutual_information, entropy_reduction_ratio",0.0,0.1871914089404519,0.0,0.0,0.4877916604551686
intent_com.kingroot.master.action.NAIN_EXIT_NOTIFY,0,0.13450481185340116,0.190582811985652,484.8,135.38670540344793,"pearson_r, mutual_information, entropy_reduction_ratio",0.0,0.18473239881183715,0.0,0.0,0.4877916604551686
intent_com.excelliance.dualaid.act.action.ext,0,0.13430091109042105,0.1905295033317308,485.0,135.00148147335273,"pearson_r, mutual_information, entropy_reduction_ratio",0.0,0.18371289499693677,0.0,0.0,0.4877916604551686
perm_org.adw.launcher.permission.READ_SETTINGS,0,0.13421954089905216,0.19050846910070798,485.2,134.61634373284696,"pearson_r, mutual_information, entropy_reduction_ratio",0.0,0.1833060440400922,0.0,0.0,0.4877916604551686
perm_com.android.browser.permission.WRITE_HISTORY_BOOKMARKS,0,0.13404379034684555,0.19046350409476337,485.6,133.84632979652451,"pearson_r, mutual_information, entropy_reduction_ratio",0.0,0.18242729127905916,0.0,0.0,0.4877916604551686
intent_com.qihoo.appstore.launcher.shortcut.MYSOFT,0,0.13338401629771832,0.19030040263382939,486.0,133.07666963070574,"pearson_r, mutual_information, entropy_reduction_ratio",0.0,0.17912842103342308,0.0,0.0,0.4877916604551686
perm_org.adw.launcher_donut.permission.READ_SETTINGS,0,0.1333728494720293,0.1902977196442503,486.2,132.6919741355897,"pearson_r, mutual_information, entropy_reduction_ratio",0.0,0.17907258690497785,0.0,0.0,0.4877916604551686
intent_android.intent.action.TIME_TICK,0,0.13324467255382932,0.19026710834003263,486.4,132.30736940926607,"pearson_r, mutual_information, entropy_reduction_ratio",0.0,0.178431702313978,0.0,0.0,0.4877916604551686
perm_com.android.voicemail.permission.ADD_VOICEMAIL,0,0.13292614917051732,0.19019251324239483,486.6,131.92285624561046,"pearson_r, mutual_information, entropy_reduction_ratio",0.0,0.17683908539741794,0.0,0.0,0.4877916604551686
intent_pre_add_game_uninstalled,0,0.13268144124042042,0.1901366349073361,486.8,131.53843544759076,"pearson_r, mutual_information, entropy_reduction_ratio",0.0,0.17561554574693344,0.0,0.0,0.4877916604551686
intent_com.meizu.c2dm.intent.RECEIVE,0,0.13233100639692424,0.190058780222901,487.0,131.15410782739517,"pearson_r, mutual_information, entropy_reduction_ratio",0.0,0.1738633715294527,0.0,0.0,0.4877916604551686
intent_LOCATION_SERVICE,0,0.13231775494618678,0.19005588629147915,487.2,130.7698742065618,"pearson_r, mutual_information, entropy_reduction_ratio",0.0,0.1737971142757653,0.0,0.0,0.4877916604551686
perm_android.permission.CHANGE_NETWORK_STATE,0,0.13229751420278593,0.22458575455541188,193.3,270.84046964957065,"pearson_r, chi2_stat, f_stat",0.016452241042793254,0.0,0.03326880453384956,0.03092841492172484,0.580838110515562
intent_com.qihoo.commonreceiver.ARRIVED,0,0.13212393423525143,0.19001397596514524,487.6,130.00169229667742,"pearson_r, mutual_information, entropy_reduction_ratio",0.0,0.17282801072108847,0.0,0.0,0.4877916604551686
perm_android.permission.CLEAR_APP_USER_DATA,0,0.13205166425274165,0.18115054277677423,303.0,314.3972010053525,"pearson_r, mutual_information, entropy_reduction_ratio",0.0028466267998872655,0.18904693530142092,0.002154700782762393,0.0019790820662209598,0.46423097631341664
intent_com.mobutils.android.mediation.MaterialNotificationReceiver.ACTION_AD_EXPIRES,0,0.13195850147062219,0.18997882239415997,487.8,129.61774569865037,"pearson_r, mutual_information, entropy_reduction_ratio",0.0,0.1720008468979423,0.0,0.0,0.4877916604551686
intent_com.qihoo360.daemon.pcdaemon.ACTION_START_RECEIVER,0,0.13143897514965083,0.1898721319305671,488.2,128.85014551796206,"pearson_r, mutual_information, entropy_reduction_ratio",0.0,0.1694032152930856,0.0,0.0,0.4877916604551686
perm_android.permission.LOCAL_MAC_ADDRESS,0,0.13129712715098313,0.18984397979474357,488.4,128.46649368609704,"pearson_r, mutual_information, entropy_reduction_ratio",0.0,0.16869397529974708,0.0,0.0,0.4877916604551686
intent_show_helpcontent,0,0.1311342928717875,0.1898121801852872,488.6,128.08294187751935,"pearson_r, mutual_information, entropy_reduction_ratio",0.0,0.1678798039037689,0.0,0.0,0.4877916604551686
intent_org.agoo.android.intent.action.RE_ELECTION_V2,0,0.13112406705489482,0.18981020167321455,488.8,127.69949099350396,"pearson_r, mutual_information, entropy_reduction_ratio",0.0,0.1678286748193054,0.0,0.0,0.4877916604551686
perm_com.samsung.android.providers.context.permission.WRITE_RECORD_AUDIO,0,0.1304642333909553,0.18968715378072748,489.2,126.93289565750874,"pearson_r, mutual_information, entropy_reduction_ratio",0.0,0.16452950649960799,0.0,0.0,0.4877916604551686
intent_show_cpuad,0,0.13045364675611842,0.1896852537350404,489.4,126.54975306178987,"pearson_r, mutual_information, entropy_reduction_ratio",0.0,0.16447657332542348,0.0,0.0,0.4877916604551686
perm_android.permission.EXPAND_STATUS_BAR,0,0.13042925556476356,0.18968088502751854,489.6,126.16671510346934,"pearson_r, mutual_information, entropy_reduction_ratio",0.0,0.16435461736864926,0.0,0.0,0.4877916604551686
intent_com.qihoo.appstore.plugin.share.IpluginService,0,0.13002463363682631,0.18961022949683612,489.8,125.78378273847548,"pearson_r, mutual_information, entropy_reduction_ratio",0.0,0.16233150772896307,0.0,0.0,0.4877916604551686
intent_com.qihoo.appstore.ACTION_CHECK_PHOTOS,0,0.1299416223453763,0.18959615772124364,490.0,125.40095693414783,"pearson_r, mutual_information, entropy_reduction_ratio",0.0,0.1619164512717129,0.0,0.0,0.4877916604551686
intent_android.provider.Telephony.SMS_DELIVER,0,0.1298577217161031,0.18958208186267345,490.2,125.01823866940376,"pearson_r, mutual_information, entropy_reduction_ratio",0.0,0.1614969481253469,0.0,0.0,0.4877916604551686
intent_android.provider.Telephony.WAP_PUSH_RECEIVED,0,0.1295862653512526,0.18953755084109858,490.4,124.63562893490769,"pearson_r, mutual_information, entropy_reduction_ratio",0.0,0.16013966630109433,0.0,0.0,0.4877916604551686
intent_android.intent.action.UMS_DISCONNECTED,0,0.12954887196924697,0.18953153769733289,490.6,124.25312873324357,"pearson_r, mutual_information, entropy_reduction_ratio",0.0,0.1599526993910663,0.0,0.0,0.4877916604551686
intent_android.intent.action.apservice,0,0.1294213470223016,0.18951125122115065,490.8,123.87073907909003,"pearson_r, mutual_information, entropy_reduction_ratio",0.0,0.15931507465633937,0.0,0.0,0.4877916604551686
perm_com.fede.launcher.permission.WRITE_SETTINGS,0,0.12933508849850148,0.18949772274068258,491.0,123.48846099939864,"pearson_r, mutual_information, entropy_reduction_ratio",0.0,0.15888378203733888,0.0,0.0,0.4877916604551686
perm_xmpp.permission.RECEIVE_NOTIFICATION,0,0.12899316164041236,0.18944563229571956,491.4,122.72424373366495,"pearson_r, mutual_information, entropy_reduction_ratio",0.0,0.15717414774689314,0.0,0.0,0.4877916604551686
intent_com.qihoo.appstore.plugin.huajiao.IPluginHelperService,0,0.12894417794693533,0.18943837091772947,491.6,122.34230666453858,"pearson_r, mutual_information, entropy_reduction_ratio",0.0,0.15692922927950811,0.0,0.0,0.4877916604551686
perm_android.permission.RECEIVE_MMS,0,0.1286845868557497,0.18940073016247094,491.8,121.96048540408486,"pearson_r, mutual_information, entropy_reduction_ratio",0.0,0.15563127382357997,0.0,0.0,0.4877916604551686
perm_xmpp.permission.ACCESS_API,0,0.12854659488128933,0.1893812976514246,492.4,120.81572745301003,"pearson_r, mutual_information, entropy_reduction_ratio",0.0,0.1549413139512781,0.0,0.0,0.4877916604551686
intent_com.getui.gis.action.64kVIzqls49c7TJxrBbWG4,0,0.12850086633741786,0.18937494628487275,492.6,120.43438047335154,"pearson_r, mutual_information, entropy_reduction_ratio",0.0,0.15471267123192067,0.0,0.0,0.4877916604551686
perm_android.permission.INSTALL_PACKAGES,0,0.12786401115481127,0.18929106257535727,493.0,119.6720518751141,"pearson_r, mutual_information, entropy_reduction_ratio",0.0,0.15152839531888784,0.0,0.0,0.4877916604551686
perm_android.permission.ADDINSTALLKEY,0,0.12778231595818595,0.18928091962554974,493.2,119.29107259137207,"pearson_r, mutual_information, entropy_reduction_ratio",0.0,0.1511199193357612,0.0,0.0,0.4877916604551686
perm_android.permission.READ_EXTERNAL_STORAGE,0,0.12738274544207573,0.18589802217200999,318.8,297.8149761177232,"pearson_r, mutual_information, f_stat",0.0002224320849009493,0.157475659032809,0.0002505673891459036,0.000296698178110221,0.4786683705254125
intent_com.excelliance.dualaid.b64.action.update.done,0,0.12733305938661807,0.18922765315037382,493.4,118.91021823207626,"pearson_r, mutual_information, entropy_reduction_ratio",0.0,0.14887363647792182,0.0,0.0,0.4877916604551686
perm_com.google.android.googleapps.permission.GOOGLE_AUTH.sierra,0,0.12732447473333613,0.1892266766996969,493.6,118.52949000143381,"pearson_r, mutual_information, entropy_reduction_ratio",0.0,0.14883071321151214,0.0,0.0,0.4877916604551686
intent_android.intent.action.SEND,0,0.12724215607854333,0.16507371459031236,290.4,341.4502013471364,"pearson_r, mutual_information, entropy_reduction_ratio",0.014292421011287727,0.16626801460076715,0.010773503913811964,0.00998090523716085,0.43489593562968887
intent_com.qihoo.appstore.NOTIFY_DELETE,0,0.12717010626669856,0.18920938328526826,493.8,118.1488891187725,"pearson_r, mutual_information, entropy_reduction_ratio",0.0,0.14805887087832423,0.0,0.0,0.4877916604551686
intent_android.intent.action.CHECK_RECEIVER,0,0.12687543454369637,0.1891777666438895,494.0,117.76841681877191,"pearson_r, mutual_information, entropy_reduction_ratio",0.0,0.14658551226331323,0.0,0.0,0.4877916604551686
perm_com.google.android.googleapps.permission.GOOGLE_AUTH.writely,0,0.12662699487719078,0.18915253302869234,494.2,117.38807435169895,"pearson_r, mutual_information, entropy_reduction_ratio",0.0,0.1453433139307853,0.0,0.0,0.4877916604551686
perm_com.huawei.launcher2.permission.WRITE_SETTINGS,0,0.12652852126691239,0.18914289151951122,494.4,117.00786298364739,"pearson_r, mutual_information, entropy_reduction_ratio",0.0,0.14485094587939337,0.0,0.0,0.4877916604551686
perm_com.google.android.googleapps.permission.GOOGLE_AUTH.YouTubeUser,0,0.12643278594562912,0.18913371425252193,494.6,116.62778399678183,"pearson_r, mutual_information, entropy_reduction_ratio",0.0,0.14437226927297703,0.0,0.0,0.4877916604551686
perm_com.google.android.googleapps.permission.GOOGLE_AUTH.finance,0,0.126218186760424,0.18911384529215644,494.8,116.24783868958596,"pearson_r, mutual_information, entropy_reduction_ratio",0.0,0.14329927334695142,0.0,0.0,0.4877916604551686
perm_com.huawei.launcher3.permission.WRITE_SETTINGS,0,0.12619477327478423,0.1891117363317251,495.0,115.86802837711531,"pearson_r, mutual_information, entropy_reduction_ratio",0.0,0.14318220591875255,0.0,0.0,0.4877916604551686
intent_com.google.android.gms.appinvite.ACTION_PREVIEW,0,0.12599486603166177,0.2213122837229429,196.3,269.34691384903596,"pearson_r, chi2_stat, f_stat",0.014811370664285811,0.0,0.023740019561803976,0.02313519275528949,0.5682877471769295
intent_android.intent.action.UPDATE_NOTIFICATION,0,0.12586670048527937,0.18908340254129313,495.6,114.7294208126233,"pearson_r, mutual_information, entropy_reduction_ratio",0.0,0.1415418419712282,0.0,0.0,0.4877916604551686
intent_com.huawei.android.push.intent.RECEIVE,0,0.12577070561055276,0.18907554180847946,495.8,114.35016397014918,"pearson_r, mutual_information, entropy_reduction_ratio",0.0,0.14106186759759515,0.0,0.0,0.4877916604551686
intent_android.intent.action.CHINAMOBILE_OMS_GAME,0,0.12571195750573894,0.18907082710443476,496.0,113.97104895542552,"pearson_r, mutual_information, entropy_reduction_ratio",0.0,0.1407681270735261,0.0,0.0,0.4877916604551686
perm_com.android.vending.BILLING,0,0.12558770680845152,0.14785740536258782,287.6,353.8607635779926,"pearson_r, mutual_information, f_stat",0.02098267202495614,0.1555648646322577,0.022744700549957274,0.025718300682751903,0.40292799615233466
intent_safiap.GET_SHARED_DATA,0,0.12557452696269003,0.18906008266012114,496.2,113.59207718850817,"pearson_r, mutual_information, entropy_reduction_ratio",0.0,0.14008097435828154,0.0,0.0,0.4877916604551686
perm_android.permission.STOP_APP_SWITCHES,0,0.12517817795880767,0.18903133071962736,496.6,112.83456917097705,"pearson_r, mutual_information, entropy_reduction_ratio",0.0,0.13809922933886984,0.0,0.0,0.4877916604551686
intent_com.sogou.androidtool.highspeed,0,0.12444804017413669,0.18898705802967308,496.8,112.45603585401719,"pearson_r, mutual_information, entropy_reduction_ratio",0.0,0.13444854041551488,0.0,0.0,0.4877916604551686
perm_android.permission.SET_TIME_ZONE,0,0.12416931439400766,0.18897313052518908,497.0,112.07765165277152,"pearson_r, mutual_information, entropy_reduction_ratio",0.0,0.13305491151486976,0.0,0.0,0.4877916604551686
intent_com.baidu.android.pushservice.action.MESSAGE,0,0.12407139918890586,0.18896862792514163,497.2,111.69941808263819,"pearson_r, mutual_information, entropy_reduction_ratio",0.0,0.1325653354893607,0.0,0.0,0.4877916604551686
intent_com.baidu.autoupdatesdk.ACTION_NEW_UPDATE,0,0.12374209733356263,0.1889549733687699,497.4,111.32133667900328,"pearson_r, mutual_information, entropy_reduction_ratio",0.0,0.13091882621264458,0.0,0.0,0.4877916604551686
perm_com.google.android.googleapps.permission.GOOGLE_AUTH.grandcentral,0,0.12359156888725224,0.18894949587746881,497.8,110.56563661463719,"pearson_r, mutual_information, entropy_reduction_ratio",0.0,0.13016618398109267,0.0,0.0,0.4877916604551686
perm_yulong.permission.ACCESS_YLPARAMS,0,0.12355915971632965,0.18894837929476505,498.0,110.18802112752547,"pearson_r, mutual_information, entropy_reduction_ratio",0.0,0.1300041381264797,0.0,0.0,0.4877916604551686
perm_com.lge.launcher.permission.WRITE_SETTINGS,0,0.12344591880157359,0.18894465237639302,498.2,109.81056415482074,"pearson_r, mutual_information, entropy_reduction_ratio",0.0,0.12943793355269936,0.0,0.0,0.4877916604551686
intent_cn.jpush.android.intent.PushService,0,0.12288985466761462,0.1889302903240605,498.6,109.05613233560045,"pearson_r, mutual_information, entropy_reduction_ratio",0.0,0.1266576128829045,0.0,0.0,0.4877916604551686
perm_com.sonyericsson.home.READ_SETTINGS,0,0.1227633687132269,0.1889279372134595,498.8,108.67916083592107,"pearson_r, mutual_information, entropy_reduction_ratio",0.0,0.12602518311096597,0.0,0.0,0.4877916604551686
intent_com.qihoo.appstore.plugin.battery.setConfig,0,0.12253917052583126,0.18892459853944546,499.0,108.30235454504209,"pearson_r, mutual_information, entropy_reduction_ratio",0.0,0.12490419217398767,0.0,0.0,0.4877916604551686
perm_com.tencent.mm.permission.MM_MESSAGE,0,0.1224496483741198,0.18892356270857175,499.2,107.92571519336808,"pearson_r, mutual_information, entropy_reduction_ratio",0.0,0.12445658141543044,0.0,0.0,0.4877916604551686
intent_android.intent.action.DOWNLOAD_COMPLETE,0,0.12208641985598997,0.17448485038356273,304.7,327.88513232533126,"pearson_r, mutual_information, entropy_reduction_ratio",0.005699157673325379,0.14201849733333002,0.004309401565524786,0.003966658181159642,0.45443838452661
perm_android.permission.WRITE_APN_SETTING,0,0.12168795385758002,0.1889216131649857,499.4,107.54924453477115,"pearson_r, mutual_information, entropy_reduction_ratio",0.0,0.12064810883273148,0.0,0.0,0.4877916604551686
suspicious_Ldalvik/system/DexClassLoader;,0,0.12125419083054853,0.09638850370970738,317.0,371.6891174086215,"pearson_r, f_stat, entropy_reduction_ratio",0.11806818669609942,0.009683468935076534,0.0201950777963341,0.21344016538721097,0.24488405533802154
intent_com.excelliance.dualaid.action.psts,0,0.12121690863897316,0.18892655473306677,499.6,107.17294434697594,"pearson_r, mutual_information, entropy_reduction_ratio",0.0,0.11829288273969722,0.0,0.0,0.4877916604551686
intent_cn.egame.terminal.sdk.SERVICE_CMD,0,0.12080553376105722,0.1889347129091472,499.8,106.79681643195175,"pearson_r, mutual_information, entropy_reduction_ratio",0.0,0.1162360083501176,0.0,0.0,0.4877916604551686
intent_com.mobutils.android.mediation.MaterialNotificationReceiver.ACTION_CANCEL_NOTIFICATION,0,0.12067690784670845,0.18893799892910237,500.0,106.42086261631222,"pearson_r, mutual_information, entropy_reduction_ratio",0.0,0.11559287877837367,0.0,0.0,0.4877916604551686
perm_android.permission.ACCESS_NETWORK_STATE,0,0.1206759805485705,0.21941605312577733,211.4,263.51307367946663,"pearson_r, entropy_reduction_ratio, f_stat",0.025834269614749664,0.0,0.00035545980326630343,0.01814296583168062,0.5590472074931558
intent_com.qihoo.hongbao.LOGIN,0,0.12049677284253257,0.18894318949622746,500.4,105.66948471531408,"pearson_r, mutual_information, entropy_reduction_ratio",0.0,0.11469220375749425,0.0,0.0,0.4877916604551686
intent_com.qihoo.appstore.ACTION_START_RADICALROOT,0,0.12042814506767105,0.18894534766808607,500.6,105.29406441010813,"pearson_r, mutual_information, entropy_reduction_ratio",0.0,0.11434906488318673,0.0,0.0,0.4877916604551686
perm_android.permission.READ_SETTINGS,0,0.1202310683201497,0.18895209936143323,500.8,104.91882576544594,"pearson_r, mutual_information, entropy_reduction_ratio",0.0,0.11336368114557992,0.0,0.0,0.4877916604551686
perm_com.sec.android.app.twlauncher.settings.READ_SETTINGS,0,0.12011847191150457,0.18895632577705135,501.0,104.54377073742845,"pearson_r, mutual_information, entropy_reduction_ratio",0.0,0.11280069910235431,0.0,0.0,0.4877916604551686
intent_android.intent.action.SENT_SMS_ACTION,0,0.12000016016560804,0.18896105577286096,501.2,104.16890130936392,"pearson_r, mutual_information, entropy_reduction_ratio",0.0,0.1122091403728716,0.0,0.0,0.4877916604551686
perm_com.android.launcher.permission.CREATE_SHORTCUT,0,0.11959898934572084,0.18897929889407786,501.4,103.79421949222414,"pearson_r, mutual_information, entropy_reduction_ratio",0.0,0.11020328627343566,0.0,0.0,0.4877916604551686
perm_com.google.android.googleapps.permission.GOOGLE_AUTH.mobile,0,0.11937424864634764,0.18899100676430125,501.6,103.4197273251095,"pearson_r, mutual_information, entropy_reduction_ratio",0.0,0.10907958277656964,0.0,0.0,0.4877916604551686
perm_android.permission.WRITE_PROFILE,0,0.11910109912601705,0.18900667460837087,502.0,102.67132024085402,"pearson_r, mutual_information, entropy_reduction_ratio",0.0,0.10771383517491666,0.0,0.0,0.4877916604551686
intent_org.agoo.android.intent.action.PING_V4,0,0.11865664154707875,0.18903554038382667,502.4,101.9236969502186,"pearson_r, mutual_information, entropy_reduction_ratio",0.0,0.10549154728022517,0.0,0.0,0.4877916604551686
intent_com.qihoo.appstore.freeze.ICON,0,0.1181427404434245,0.18907412043568944,502.6,101.55018463794146,"pearson_r, mutual_information, entropy_reduction_ratio",0.0,0.10292204176195392,0.0,0.0,0.4877916604551686
intent_com.google.android.gms.analytics.ANALYTICS_DISPATCH,0,0.11813840726620799,0.21688104717623796,202.9,266.16769150293203,"pearson_r, chi2_stat, f_stat",0.008674212755193717,0.0,0.015659456274724346,0.014600518419542153,0.5517578488815797
intent_android.intent.action.DOWNLOAD_WAKEUP,0,0.11812599429340769,0.189075471482873,502.8,101.17687482819382,"pearson_r, mutual_information, entropy_reduction_ratio",0.0,0.10283831101186988,0.0,0.0,0.4877916604551686
perm_android.permission.READ_CLIPS,0,0.11810399754206438,0.18907725513830193,503.0,100.80376977077792,"pearson_r, mutual_information, entropy_reduction_ratio",0.0,0.10272832725515328,0.0,0.0,0.4877916604551686
intent_com.kingroot.kinguser.action.update,0,0.11804252696065762,0.18908229379809244,503.4,100.0581830736497,"pearson_r, mutual_information, entropy_reduction_ratio",0.0,0.10242097434811953,0.0,0.0,0.4877916604551686
perm_android.permission.ACCESS_WIFI_STATE.android.permission.READ_PHONE_STATE,0,0.11801544344168417,0.18908453912271436,503.6,99.68570609671177,"pearson_r, mutual_information, entropy_reduction_ratio",0.0,0.1022855567532523,0.0,0.0,0.4877916604551686
perm_com.oppo.launcher.permission.WRITE_SETTINGS,0,0.11795732448816601,0.18908940968654725,504.0,98.94139679628542,"pearson_r, mutual_information, entropy_reduction_ratio",0.0,0.10199496198566145,0.0,0.0,0.4877916604551686
intent_android.intent.action.VIEW,0,0.1177530272861472,0.18168543877095367,326.4,297.848686416442,"pearson_r, mutual_information, f_stat",0.0008522618928655121,0.11559170085762151,0.0010883569759085286,0.0011133864800861846,0.4701194302242543
suspicious_Landroid/telephony/SmsMessage;->getMessageBody,0,0.11742818315514487,0.18913703368022255,504.2,98.56956934064388,"pearson_r, mutual_information, entropy_reduction_ratio",0.0,0.09934925532055572,0.0,0.0,0.4877916604551686
intent_android.media.AUDIO_BECOMING_NOISY,0,0.11718484776296637,0.12435000782775747,309.8,365.34662992834626,"pearson_r, entropy_reduction_ratio, chi2_stat",0.07599733520893596,0.03501026988782424,0.05602222035182223,0.05436658723696072,0.36452782612928863
perm_com.tencent.qqlauncher.permission.READ_SETTINGS,0,0.11691624738203185,0.1891887320167164,504.6,97.82658125478984,"pearson_r, mutual_information, entropy_reduction_ratio",0.0,0.09678957645499064,0.0,0.0,0.4877916604551686
intent_cn.jpush.android.intent.NOTIFICATION_RECEIVED,0,0.11683792333683171,0.18919712911480446,504.8,97.45542570837193,"pearson_r, mutual_information, entropy_reduction_ratio",0.0,0.09639795622899003,0.0,0.0,0.4877916604551686
perm_com.sec.android.provider.badge.permission.WRITE,0,0.11667467644028462,0.18921504640454118,505.0,97.08449927769108,"pearson_r, mutual_information, entropy_reduction_ratio",0.0,0.09558172174625452,0.0,0.0,0.4877916604551686
perm_android.permission.CLEAR_APP_CACHE,0,0.11652550982695849,0.18923190935415807,505.2,96.71380459892993,"pearson_r, mutual_information, entropy_reduction_ratio",0.0,0.0948358886796238,0.0,0.0,0.4877916604551686
perm_com.lge.launcher.permission.READ_SETTINGS,0,0.11647003988050626,0.18923829969043626,505.4,96.34334434718362,"pearson_r, mutual_information, entropy_reduction_ratio",0.0,0.09455853894736267,0.0,0.0,0.4877916604551686
intent_com.sogou.androidtool.action.BackgroundService,0,0.11622557744588276,0.18926723486907043,505.8,95.60313802381177,"pearson_r, mutual_information, entropy_reduction_ratio",0.0,0.0933362267742452,0.0,0.0,0.4877916604551686
perm_com.sec.android.permission.LAUNCH_PERSONAL_PAGE_SERVICE,0,0.11611334428436319,0.18928094058434955,506.0,95.23339750318688,"pearson_r, mutual_information, entropy_reduction_ratio",0.0,0.09277506096664742,0.0,0.0,0.4877916604551686
perm_android.permission.CHANGE_COMPONENT_ENABLED_STATE,0,0.11608477451326286,0.18928447182018884,506.2,94.86390251302126,"pearson_r, mutual_information, entropy_reduction_ratio",0.0,0.09263221211114572,0.0,0.0,0.4877916604551686
intent_com.xiaomi.push.PING_TIMER,0,0.11604400474515478,0.18928954073589271,506.4,94.49465593355004,"pearson_r, mutual_information, entropy_reduction_ratio",0.0,0.09242836327060523,0.0,0.0,0.4877916604551686
intent_com.qihoo.appstore.free.wifi,0,0.11571461254918522,0.18933177716614114,506.8,93.75691974462472,"pearson_r, mutual_information, entropy_reduction_ratio",0.0,0.09078140229075753,0.0,0.0,0.4877916604551686
intent_com.qihoo.appstore.QihooAlliance,0,0.11570254511540137,0.18933336786501415,507.0,93.38843611497089,"pearson_r, mutual_information, entropy_reduction_ratio",0.0,0.09072106512183822,0.0,0.0,0.4877916604551686
intent_com.qihoo.appstore.ACTION_EVENT_STAT,0,0.11566716043212685,0.1893380498445218,507.2,93.02021285720647,"pearson_r, mutual_information, entropy_reduction_ratio",0.0,0.09054414170546571,0.0,0.0,0.4877916604551686
intent_com.qihoo.sdkplugging.host.proxy.activity.VIEW,0,0.11560116297551411,0.18934685276566,507.4,92.65225307568079,"pearson_r, mutual_information, entropy_reduction_ratio",0.0,0.09021415442240198,0.0,0.0,0.4877916604551686
perm_com.facebook.katana.provider.ACCESS,0,0.11521293420669543,0.1894004896316728,507.6,92.28455992201512,"pearson_r, mutual_information, entropy_reduction_ratio",0.0,0.08827301057830855,0.0,0.0,0.4877916604551686
perm_android.permission.WRITE_SETTINGS,0,0.11518922532447354,0.12244223714240703,372.9,405.3384265030889,"pearson_r, entropy_reduction_ratio, chi2_stat",0.09110623911907974,0.0,0.06679572426563418,0.06556334444795908,0.35248081878969467
perm_com.tencent.mm.ext.permission.READ,0,0.1151656065259908,0.18940724495267394,507.8,91.91713659595798,"pearson_r, mutual_information, entropy_reduction_ratio",0.0,0.08803637217478541,0.0,0.0,0.4877916604551686
intent_com.qihoo.appstore.zhushouhelper.IZhushouHelperService,0,0.11508285635004364,0.18941916938039943,508.0,91.54998634625785,"pearson_r, mutual_information, entropy_reduction_ratio",0.0,0.08762262129504966,0.0,0.0,0.4877916604551686
intent_com.qihoo360.daemon.pcdaemon.ACTION_SEND_SMS_SEND_STATUS_FORWARD2,0,0.11490204516706778,0.18944572503666107,508.2,91.18311247155364,"pearson_r, mutual_information, entropy_reduction_ratio",0.0,0.08671856538017035,0.0,0.0,0.4877916604551686
intent_com.esbook.receiver.CLICK_DOWN_BOOK,0,0.11488952359687185,0.18944758949288878,508.4,90.81651832128338,"pearson_r, mutual_information, entropy_reduction_ratio",0.0,0.08665595752919068,0.0,0.0,0.4877916604551686
intent_show_notificationcenter,0,0.11487641441936905,0.18944954497101987,508.6,90.45020729661154,"pearson_r, mutual_information, entropy_reduction_ratio",0.0,0.08659041164167668,0.0,0.0,0.4877916604551686
perm_com.fede.launcher.permission.READ_SETTINGS,0,0.11485827459654263,0.18945225681447259,508.8,90.08418285137519,"pearson_r, mutual_information, entropy_reduction_ratio",0.0,0.08649971252754454,0.0,0.0,0.4877916604551686
intent_com.facebook.sdk.ACTION_CURRENT_ACCESS_TOKEN_CHANGED,0,0.11483127019250791,0.1611532518574102,303.0,345.5650445285229,"pearson_r, mutual_information, entropy_reduction_ratio",0.01716881522795173,0.10226763195291953,0.012928204696574358,0.01200302048575502,0.42978867859933895
intent_com.excelliance.dualaid.action.ext,0,0.11472775725079087,0.1894719723856492,509.0,89.71844849304964,"pearson_r, mutual_information, entropy_reduction_ratio",0.0,0.08584712579878581,0.0,0.0,0.4877916604551686
intent_com.qihoo.appstore.launcher.shortcut.WEBVIEW,0,0.11451266522831309,0.18950524363425839,509.2,89.35300778373384,"pearson_r, mutual_information, entropy_reduction_ratio",0.0,0.0847716656863969,0.0,0.0,0.4877916604551686
intent_com.umeng.messge.registercallback.action,0,0.11419278282160387,0.18955651903566634,509.4,88.9878643411561,"pearson_r, mutual_information, entropy_reduction_ratio",0.0,0.08317225365285084,0.0,0.0,0.4877916604551686
intent_android.intent.action.SENDTO,0,0.11409161653960695,0.17904886715318127,323.0,311.77812623723304,"pearson_r, mutual_information, entropy_reduction_ratio",0.0028466267998872655,0.09924669673574747,0.002154700782762393,0.0019790820662209598,0.46423097631341664
intent_com.qihoo360.daemon.pcdaemon.ACTION_START_CAPTURE,0,0.11347049600254955,0.18968018383740623,509.8,88.25848401145355,"pearson_r, mutual_information, entropy_reduction_ratio",0.0,0.07956081955757913,0.0,0.0,0.4877916604551686
intent_com.qihoo.appstore.battery.ICON,0,0.11335347826199335,0.18970124665019944,510.0,87.89425464727486,"pearson_r, mutual_information, entropy_reduction_ratio",0.0,0.07897573085479823,0.0,0.0,0.4877916604551686
perm_com.qiku.android.launcher3.permission.READ_UNREAD,0,0.11316862353760401,0.18973510335138433,510.2,87.5303375978866,"pearson_r, mutual_information, entropy_reduction_ratio",0.0,0.07805145723285148,0.0,0.0,0.4877916604551686
perm_com.google.android.googleapps.permission.GOOGLE_AUTH.youtube,0,0.1130906747621977,0.18974959401280736,510.4,87.16673677498774,"pearson_r, mutual_information, entropy_reduction_ratio",0.0,0.07766171335581985,0.0,0.0,0.4877916604551686
perm_android.permission.WRITE_CONTACTS,0,0.11308435581899148,0.16132722220375664,304.8,345.66712311123837,"pearson_r, mutual_information, entropy_reduction_ratio",0.01716881522795173,0.09353306008533728,0.012928204696574358,0.01200302048575502,0.42978867859933895
intent_show_about,0,0.11301382730027339,0.18976400423072926,510.6,86.80345615239061,"pearson_r, mutual_information, entropy_reduction_ratio",0.0,0.07727747604619836,0.0,0.0,0.4877916604551686
intent_safiap.framework.ACTION_NETWORK_ERROR_FRAMEWORK,0,0.11297424733481413,0.18977147429229568,510.8,86.4404997671809,"pearson_r, mutual_information, entropy_reduction_ratio",0.0,0.07707957621890209,0.0,0.0,0.4877916604551686
intent_com.qihoo.appstore.ACTION_GAME_UNION_WEB,0,0.11285464738439846,0.18979424562782535,511.0,86.07787172090165,"pearson_r, mutual_information, entropy_reduction_ratio",0.0,0.07648157646682366,0.0,0.0,0.4877916604551686
intent_safiap.framework.ACTION_TO_UPDATE,0,0.11261142304730629,0.1898414758104029,511.2,85.71557618076193,"pearson_r, mutual_information, entropy_reduction_ratio",0.0,0.07526545478136283,0.0,0.0,0.4877916604551686
intent_android.intent.action.DOWNLOAD_NOTIFICATION_CLICKED,0,0.11259994367828914,0.17919733454641018,321.9,305.4377841721616,"pearson_r, mutual_information, entropy_reduction_ratio",0.0028466267998872655,0.09178833242915839,0.002154700782762393,0.0019790820662209598,0.4642309763134167
intent_com.excelliance.dualaid.action.appcrash,0,0.11258091110340777,0.1898474878895262,511.4,85.35361738087028,"pearson_r, mutual_information, entropy_reduction_ratio",0.0,0.07511289506187027,0.0,0.0,0.4877916604551686
intent_co.ronash.pushe.ACTION_TASK_READY,0,0.11246735461128557,0.18987003373678615,511.6,84.99199962349398,"pearson_r, mutual_information, entropy_reduction_ratio",0.0,0.07454511260125923,0.0,0.0,0.4877916604551686
intent_com.mobiletool.appstore.action.extend,0,0.11209113236276005,0.18994665110563477,511.8,84.63072728034423,"pearson_r, mutual_information, entropy_reduction_ratio",0.0,0.0726640013586317,0.0,0.0,0.4877916604551686
intent_com.excelliance.kxqp.action.explore,0,0.11199531447621507,0.18996663559490115,512.0,84.26980479388806,"pearson_r, mutual_information, entropy_reduction_ratio",0.0,0.07218491192590679,0.0,0.0,0.4877916604551686
intent_aspire.iap.SMS_SEND_ACTIOIN,0,0.11199429460810166,0.189966849334632,512.2,83.90923667868752,"pearson_r, mutual_information, entropy_reduction_ratio",0.0,0.07217981258533974,0.0,0.0,0.4877916604551686
intent_com.kingroot.common.ACTION_NEW_APP_STARTED,0,0.11177527455971722,0.190013252339965,512.4,83.54902752276654,"pearson_r, mutual_information, entropy_reduction_ratio",0.0,0.07108471234341754,0.0,0.0,0.4877916604551686
intent_com.qihoo.appstore.gameunion.DOWNLOAD_SLIENT,0,0.11165127856795398,0.1900399655284907,512.8,82.82970481656928,"pearson_r, mutual_information, entropy_reduction_ratio",0.0,0.07046473238460134,0.0,0.0,0.4877916604551686
intent_com.qihoo.appstore.push.PushNotifyCancelReceiver.ACTION_INTENT_CANCEL,0,0.11154599169623187,0.19006289917966823,513.0,82.47060082235366,"pearson_r, mutual_information, entropy_reduction_ratio",0.0,0.06993829802599077,0.0,0.0,0.4877916604551686
perm_com.sec.android.provider.badge.permission.READ,0,0.11140012794041847,0.19009505216722689,513.2,82.11187490247681,"pearson_r, mutual_information, entropy_reduction_ratio",0.0,0.06920897924692375,0.0,0.0,0.4877916604551686
intent_com.qihoo.appstore.CLEAN_ACTIVITY_DESTROY,0,0.11112847304805151,0.19015611193936746,513.4,81.75353203379044,"pearson_r, mutual_information, entropy_reduction_ratio",0.0,0.06785070478508898,0.0,0.0,0.4877916604551686
perm_android.permission.WRITE_SECURE_SETTINGS,0,0.11098151536265033,0.19018978231085112,513.8,81.03801577037778,"pearson_r, mutual_information, entropy_reduction_ratio",0.0,0.06711591635808305,0.0,0.0,0.4877916604551686
perm_com.google.android.googleapps.permission.GOOGLE_AUTH.OTHER_SERVICES,0,0.11068888004511639,0.1902581643035385,514.0,80.68085274710475,"pearson_r, mutual_information, entropy_reduction_ratio",0.0,0.0656527397704134,0.0,0.0,0.4877916604551686
perm_com.miui.mihome2.permission.WRITE_SETTINGS,0,0.11048746434397931,0.19030626192753297,514.2,80.32409352118454,"pearson_r, mutual_information, entropy_reduction_ratio",0.0,0.06464566126472793,0.0,0.0,0.4877916604551686
intent_android.fbreader.action.PLUGIN,0,0.11028422946415473,0.1903556457086992,514.4,79.96774349698758,"pearson_r, mutual_information, entropy_reduction_ratio",0.0,0.06362948686560503,0.0,0.0,0.4877916604551686
intent_com.baidu.autoupdatesdk.ACTION_AS_DOWNLOAD_COMPLETE,0,0.11023977359349535,0.19036656196107227,514.8,79.25629312553042,"pearson_r, mutual_information, entropy_reduction_ratio",0.0,0.06340720751230816,0.0,0.0,0.4877916604551686
intent_com.kingroot.kinguser.SU_REQUEST,0,0.11020563156871717,0.19037497338897602,515.0,78.90120404657966,"pearson_r, mutual_information, entropy_reduction_ratio",0.0,0.0632364973884172,0.0,0.0,0.4877916604551686
intent_com.qihoo.appstore.reservation.alarm,0,0.10999708099367533,0.19042687663800972,515.2,78.54654670957852,"pearson_r, mutual_information, entropy_reduction_ratio",0.0,0.06219374451320807,0.0,0.0,0.4877916604551686
perm_com.sonyericsson.home.permission.BROADCAST_BADGE,0,0.10999079554552045,0.1904284548982146,515.4,78.1923269892897,"pearson_r, mutual_information, entropy_reduction_ratio",0.0,0.062162317272433605,0.0,0.0,0.4877916604551686
intent_show_start_app,0,0.10996684330966836,0.1904344767308269,515.6,77.83855086009758,"pearson_r, mutual_information, entropy_reduction_ratio",0.0,0.062042556093173176,0.0,0.0,0.4877916604551686
intent_selfupdate_notification_cancelled,0,0.10978928214781432,0.19047948714716506,515.8,77.4852243979457,"pearson_r, mutual_information, entropy_reduction_ratio",0.0,0.06115475028390295,0.0,0.0,0.4877916604551686
intent_com.kingroot.common.ACTION_NOTIFY_OUT_SELF_APP_BY_MAIN,0,0.1095040860309309,0.19055314516012434,516.0,77.13235378231369,"pearson_r, mutual_information, entropy_reduction_ratio",0.0,0.05972876969948591,0.0,0.0,0.4877916604551686
perm_android.permission.RECORD_AUDIO,0,0.10947746400067741,0.2103171911284961,212.9,261.5118352962252,"pearson_r, chi2_stat, f_stat",0.004106722639383819,0.0,0.006817607945459137,0.006378897257838903,0.5300840921607052
intent_com.qihoo.appstore.ACTION_CLEAN_START_SERVICE,0,0.10879192583202286,0.19074439917693436,516.4,76.42800533835748,"pearson_r, mutual_information, entropy_reduction_ratio",0.0,0.05616796870494577,0.0,0.0,0.4877916604551686
perm_com.qiku.android.launcher3.permission.WRITE_UNREAD,0,0.10865492460850461,0.19078238909222262,516.6,76.07654040504208,"pearson_r, mutual_information, entropy_reduction_ratio",0.0,0.055482962587354495,0.0,0.0,0.4877916604551686
perm_android.permission.BROADCAST_STICKY,0,0.10835818803779311,0.17988943885342568,331.2,312.18289511118314,"pearson_r, mutual_information, entropy_reduction_ratio",0.0028466267998872655,0.0705795542266783,0.002154700782762393,0.0019790820662209598,0.46423097631341664
intent_com.yulong.mms.NEW_MESSAGE_EXTERNAL,0,0.10832813010659711,0.19087456555552507,516.8,75.72555711250992,"pearson_r, mutual_information, entropy_reduction_ratio",0.0,0.05384899007781707,0.0,0.0,0.4877916604551686
intent_com.qihoo.appstore.utils.ActivityBroadcastReceiver.ACTION_INTENT_TRANSFER,0,0.10815064758185935,0.19092554561093306,517.2,75.02506247914759,"pearson_r, mutual_information, entropy_reduction_ratio",0.0,0.05296157745412812,0.0,0.0,0.4877916604551686
intent_cn.ngds.android.intent.alarm,0,0.10797063069500483,0.19097791369772651,517.4,74.67556494597146,"pearson_r, mutual_information, entropy_reduction_ratio",0.0,0.052061493019855534,0.0,0.0,0.4877916604551686
intent_com.secneo.plugin.action.HOURLY,0,0.1077124997518771,0.19105416458048374,517.6,74.32657667348874,"pearson_r, mutual_information, entropy_reduction_ratio",0.0,0.050770838304216984,0.0,0.0,0.4877916604551686
perm_com.tencent.qqlauncher.permission.WRITE_SETTINGS,0,0.10753975550543775,0.1911059545242922,517.8,73.97810486894079,"pearson_r, mutual_information, entropy_reduction_ratio",0.0,0.04990711707202013,0.0,0.0,0.4877916604551686
perm_com.mediatek.launcherplus.permission.READ_SETTINGS,0,0.10743143734539932,0.1911387404704827,518.0,73.63015686524102,"pearson_r, mutual_information, entropy_reduction_ratio",0.0,0.0493655262718281,0.0,0.0,0.4877916604551686
intent_com.kingroot.kinguser.service.IKCommonManagerInterface,0,0.10723996397058619,0.19119728269189734,518.4,72.93586223525435,"pearson_r, mutual_information, entropy_reduction_ratio",0.0,0.048408159397762385,0.0,0.0,0.4877916604551686
intent_com.excelliance.open.NEXT_CHAPTER,0,0.10707218305047501,0.19124919664960682,518.6,72.58953092560938,"pearson_r, mutual_information, entropy_reduction_ratio",0.0,0.04756925479720643,0.0,0.0,0.4877916604551686
intent_com.excelliance.kxqp.action.SmtCntService,0,0.10691099833764275,0.19129961073136803,518.8,72.24375405528149,"pearson_r, mutual_information, entropy_reduction_ratio",0.0,0.046763331233045116,0.0,0.0,0.4877916604551686
intent_android.intent.action.mainintentex,0,0.10688500130899936,0.1913077915052182,519.0,71.89853962355564,"pearson_r, mutual_information, entropy_reduction_ratio",0.0,0.046633346089828234,0.0,0.0,0.4877916604551686
intent_com.qihoo.appstore.ACTION_WIRTE_CHANNEL_AND_INSTALL,0,0.10677849689701602,0.1913414502860878,519.2,71.55389577095016,"pearson_r, mutual_information, entropy_reduction_ratio",0.0,0.04610082402991147,0.0,0.0,0.4877916604551686
intent_com.kingroot.kinguser.gamebox.ACTION_GAME_ADDED,0,0.1065959498861729,0.19139967854424858,519.4,71.20983078199245,"pearson_r, mutual_information, entropy_reduction_ratio",0.0,0.045188088975695914,0.0,0.0,0.4877916604551686
intent_com.kingroot.kinguser.service.IKingrootAppList,0,0.1065190326291277,0.1914244165730796,519.6,70.86635308804878,"pearson_r, mutual_information, entropy_reduction_ratio",0.0,0.044803502690469954,0.0,0.0,0.4877916604551686
intent_android.intent.action.PACKAGE_INSTALL,0,0.10640096205763723,0.16837789118010632,318.6,338.3043600073756,"pearson_r, mutual_information, entropy_reduction_ratio",0.011422029997371226,0.06346846253985118,0.008618803131049572,0.007967511755356727,0.44052800286455746
perm_telecom.mdesk.permission.WRITE_SETTINGS,0,0.10632412025483806,0.19148764311208252,520.0,70.18119406222723,"pearson_r, mutual_information, entropy_reduction_ratio",0.0,0.04382894081902168,0.0,0.0,0.4877916604551686
intent_com.qihoo.appstore.battery.STOP,0,0.10620230035285291,0.1915275519037436,520.2,69.83953035351827,"pearson_r, mutual_information, entropy_reduction_ratio",0.0,0.04321984130909602,0.0,0.0,0.4877916604551686
perm_com.aspire.mm.permission.READ_SETTINGS,0,0.10613186141562933,0.19155076564653628,520.4,69.49848919221193,"pearson_r, mutual_information, entropy_reduction_ratio",0.0,0.04286764662297809,0.0,0.0,0.4877916604551686
intent_android.appwidget.action.APPWIDGET_UPDATE,0,0.10610085574155688,0.14045547184198293,318.0,364.7229085209757,"pearson_r, entropy_reduction_ratio, chi2_stat",0.05216312004747214,0.016502618361509517,0.03878461408972307,0.03696927957155478,0.3860846466375249
intent_com.baidu.android.pushservice.action.notification.CLICK,0,0.10609423139935477,0.1915632082387201,520.6,69.15807978826479,"pearson_r, mutual_information, entropy_reduction_ratio",0.0,0.04267949654160527,0.0,0.0,0.4877916604551686
intent_com.xiaomi.mipush.RECEIVE_MESSAGE,0,0.10586223711125972,0.19164055350746145,520.8,68.81831151663052,"pearson_r, mutual_information, entropy_reduction_ratio",0.0,0.041519525101130036,0.0,0.0,0.4877916604551686
intent_com.qihoo360.daemon.pcdaemon.ACTION_START_UI2,0,0.10571483520099859,0.191690263537985,521.0,68.47919392048945,"pearson_r, mutual_information, entropy_reduction_ratio",0.0,0.04078251554982426,0.0,0.0,0.4877916604551686
intent_com.excelliance.dualaid.action.phone_res_download,0,0.10568946779624455,0.19169886290260424,521.2,68.1407367145381,"pearson_r, mutual_information, entropy_reduction_ratio",0.0,0.0406556785260542,0.0,0.0,0.4877916604551686
perm_com.zte.mifavor.launcher.permission.WRITE_SETTINGS,0,0.10538599584765865,0.19180274836548422,521.4,67.80294978833885,"pearson_r, mutual_information, entropy_reduction_ratio",0.0,0.039138318783124584,0.0,0.0,0.4877916604551686
intent_android.intent.action.PACKAGE_REPLACED,0,0.10524200453137951,0.1918526919148956,521.6,67.46584320973095,"pearson_r, mutual_information, entropy_reduction_ratio",0.0,0.0384183622017289,0.0,0.0,0.4877916604551686
intent_com.urbanairship.actions.SHOW_LANDING_PAGE_INTENT_ACTION,0,0.10509304513323714,0.19190479975677324,522.0,66.79371227892638,"pearson_r, mutual_information, entropy_reduction_ratio",0.0,0.03767356521101713,0.0,0.0,0.4877916604551686
intent_com.excelliance.kxqp.action.gp,0,0.10480708852686918,0.19200608674147135,522.4,66.12442816387905,"pearson_r, mutual_information, entropy_reduction_ratio",0.0,0.0362437821791773,0.0,0.0,0.4877916604551686
intent_com.excelliance.dualaid.action.downloadcomp,0,0.10476551294934397,0.19202095036220634,522.6,65.79088082705687,"pearson_r, mutual_information, entropy_reduction_ratio",0.0,0.03603590429155127,0.0,0.0,0.4877916604551686
suspicious_Ljava/lang/System;->load,0,0.10440285120667114,0.2054893356328467,232.9,252.94592307447851,"pearson_r, f_stat, entropy_reduction_ratio",0.0019996130898655607,0.0,0.0019238399846092783,0.0027132221432608896,0.51537758081562
intent_com.mobiletool.appstore.action.update,0,0.10438158995219424,0.19215985199872923,523.0,65.12603166169423,"pearson_r, mutual_information, entropy_reduction_ratio",0.0,0.034116289305802586,0.0,0.0,0.4877916604551686
perm_android.permission.BACKUP,0,0.10436634389296622,0.19216542922131824,523.2,64.79475287397892,"pearson_r, mutual_information, entropy_reduction_ratio",0.0,0.034040059009662504,0.0,0.0,0.4877916604551686
intent_com.kingroot.master.action.MAIN_EXIT_CHECK,0,0.10428133831685463,0.19219661116765283,523.4,64.464253660459,"pearson_r, mutual_information, entropy_reduction_ratio",0.0,0.03361503112910454,0.0,0.0,0.4877916604551686
perm_com.nd.android.launcher.permission.WRITE_SETTINGS,0,0.10426819382069856,0.19220144583599635,523.6,64.13454607307983,"pearson_r, mutual_information, entropy_reduction_ratio",0.0,0.033549308648324234,0.0,0.0,0.4877916604551686
perm_android.permission.ACCESS_COARSE_UPDATES,0,0.10419621895489681,0.17228245308068627,322.5,333.57952575060716,"pearson_r, mutual_information, entropy_reduction_ratio",0.008557617171070023,0.053095253046613555,0.006464102348287179,0.005962790568389211,0.44690133164012413
intent_android.bluetooth.adapter.action.STATE_CHANGED,0,0.10408496366482341,0.19226920122399851,523.8,63.80564238372653,"pearson_r, mutual_information, entropy_reduction_ratio",0.0,0.0326331578689484,0.0,0.0,0.4877916604551686
intent_cryopiggy.start,0,0.1039912921221969,0.192304099900368,524.0,63.47755508839325,"pearson_r, mutual_information, entropy_reduction_ratio",0.0,0.03216480015581597,0.0,0.0,0.4877916604551686
perm_com.google.android.googleapps.permission.GOOGLE_AUTH.wise,0,0.10394254589597036,0.1923223306954289,524.2,63.15029691141602,"pearson_r, mutual_information, entropy_reduction_ratio",0.0,0.0319210690246832,0.0,0.0,0.4877916604551686
intent_com.qihoo.appstore.battery.START_EX,0,0.10390297383897026,0.19233716547742055,524.4,62.823880809768504,"pearson_r, mutual_information, entropy_reduction_ratio",0.0,0.03172320873968275,0.0,0.0,0.4877916604551686
intent_android.view.InputMethod,0,0.10377991300612663,0.1923834993022482,524.6,62.498319977420195,"pearson_r, mutual_information, entropy_reduction_ratio",0.0,0.03110790457546461,0.0,0.0,0.4877916604551686
suspicious_getCellSignalStrength,0,0.10376327584662681,0.20448157453579405,226.7,255.57182943352734,"pearson_r, chi2_stat, f_stat",0.001517765755266607,0.0,0.002359509581123924,0.0022161019854364354,0.512723001911307
intent_com.qihoo.appstore.ACTION_MEM_SCAN,0,0.10364108638327567,0.19243613359791717,524.8,62.173627849756365,"pearson_r, mutual_information, entropy_reduction_ratio",0.0,0.030413771461209778,0.0,0.0,0.4877916604551686
intent_com.qihoo.appstore.ACTION_WX_CLEAR,0,0.10359777586640347,0.1924526332452632,525.0,61.84981810805914,"pearson_r, mutual_information, entropy_reduction_ratio",0.0,0.030197218876848682,0.0,0.0,0.4877916604551686
perm_com.qiku.launcher.permission.READ_SETTINGS,0,0.10355376453472709,0.19246943836241337,525.2,61.52690468404859,"pearson_r, mutual_information, entropy_reduction_ratio",0.0,0.029977162218466902,0.0,0.0,0.4877916604551686
perm_org.simalliance.openmobileapi.SMARTCARD,0,0.10355211990576359,0.19247006709300146,525.4,61.204901764482884,"pearson_r, mutual_information, entropy_reduction_ratio",0.0,0.029968939073649288,0.0,0.0,0.4877916604551686
perm_org.adwfreak.launcher.permission.WRITE_SETTINGS,0,0.10309249114658688,0.19264790072402505,525.6,60.88382379581624,"pearson_r, mutual_information, entropy_reduction_ratio",0.0,0.027670795277765742,0.0,0.0,0.4877916604551686
intent_android.intent.action.defaultSmsSet,0,0.1029205923484741,0.19271549405251237,525.8,60.56368548891324,"pearson_r, mutual_information, entropy_reduction_ratio",0.0,0.026811301287201904,0.0,0.0,0.4877916604551686
suspicious_getDeviceId,0,0.10289140981351248,0.20401217110752845,242.1,248.7674415995791,"pearson_r, f_stat, entropy_reduction_ratio",0.0014869062323778998,0.0,0.00015386564714920604,0.0019031885165986993,0.5109130886714366
perm_com.android.launcher2.permission.UNINSTALL_SHORTCUT,0,0.10266726555608155,0.19281618031407674,526.2,59.92628805457585,"pearson_r, mutual_information, entropy_reduction_ratio",0.0,0.02554466732523916,0.0,0.0,0.4877916604551686
suspicious_adb_enabled,0,0.10261090108547247,0.15315559944863863,319.2,358.0513371012598,"pearson_r, entropy_reduction_ratio, mutual_information",0.031641720974743194,0.026610033075263752,0.02370170861038632,0.022246285235804023,0.408854757531165
perm_com.android.email.permission.READ_ATTACHMENT,0,0.1025457839143985,0.1928649174467858,526.4,59.60905971410721,"pearson_r, mutual_information, entropy_reduction_ratio",0.0,0.02493725911682396,0.0,0.0,0.4877916604551686
intent_cn.jpush.android.intent.REGISTRATION,0,0.10222259683229831,0.19299600598630662,526.8,58.97762287512104,"pearson_r, mutual_information, entropy_reduction_ratio",0.0,0.02332132370632295,0.0,0.0,0.4877916604551686
intent_com.kingroot.ACTION_SERVICE_PSS_RECORD,0,0.10207876680669914,0.1930550124167684,527.0,58.663446881341706,"pearson_r, mutual_information, entropy_reduction_ratio",0.0,0.022602173578327105,0.0,0.0,0.4877916604551686
intent_android.intent.action.MY_PACKAGE_REPLACED,0,0.10158558005612998,0.1669725456755949,323.2,343.3851481936864,"pearson_r, mutual_information, entropy_reduction_ratio",0.014292421011287727,0.03798513448870051,0.010773503913811964,0.00998090523716085,0.43489593562968887
intent_android.service.notification.NotificationListenerService,0,0.10151681092259905,0.193289486717015,527.2,58.35032133587612,"pearson_r, mutual_information, entropy_reduction_ratio",0.0,0.019792394157826663,0.0,0.0,0.4877916604551686
perm_com.google.android.providers.talk.permission.WRITE_ONLY,0,0.10150113520061328,0.1932961169726735,527.4,58.03826324072767,"pearson_r, mutual_information, entropy_reduction_ratio",0.0,0.019714015547897805,0.0,0.0,0.4877916604551686
perm_android.permission.ACCESS_CACHE_FILESYSTEM,0,0.10139761254507276,0.19334002519940155,527.6,57.7272899069409,"pearson_r, mutual_information, entropy_reduction_ratio",0.0,0.019196402270195236,0.0,0.0,0.4877916604551686
intent_com.qihoo.appstore.ACTION_LAUNCH_SERVICE_ACTIVITY,0,0.10120213952316244,0.1934235105173842,527.8,57.41741895975472,"pearson_r, mutual_information, entropy_reduction_ratio",0.0,0.018219037160643572,0.0,0.0,0.4877916604551686
intent_com.yuetu.shentu.Intent.WECHAT_SHARE,0,0.10117400439462931,0.19343558893779753,528.0,57.108668343781225,"pearson_r, mutual_information, entropy_reduction_ratio",0.0,0.01807836151797797,0.0,0.0,0.4877916604551686
intent_com.qihoo.appstore.launcher.shortcut.MYFREEZE,0,0.10113128943896985,0.19345395632910758,528.2,56.80105632820573,"pearson_r, mutual_information, entropy_reduction_ratio",0.0,0.017864786739680654,0.0,0.0,0.4877916604551686
intent_android.intent.action.BOOT_COMPLETED,0,0.10087901959486316,0.2007307485584626,242.1,248.69587853440595,"pearson_r, f_stat, chi2_stat",0.0005479728727444402,0.0,0.0007524227660736414,0.0007545643067647921,0.5023401380287329
perm_com.tencent.mm.wear.message,0,0.10029009017910866,0.19382298915517518,528.8,55.88523955392873,"pearson_r, mutual_information, entropy_reduction_ratio",0.0,0.013658790440374722,0.0,0.0,0.4877916604551686
intent_com.qihoo.appstore.battery.POWER_RANK_START,0,0.10005081515265937,0.19393049669475126,529.0,55.58237130601752,"pearson_r, mutual_information, entropy_reduction_ratio",0.0,0.012462415308128237,0.0,0.0,0.4877916604551686
intent_com.excelliance.dualaid.action.psjardl,0,0.10003667941070293,0.19393688303565904,529.2,55.2807380558545,"pearson_r, mutual_information, entropy_reduction_ratio",0.0,0.012391736598346081,0.0,0.0,0.4877916604551686
intent_com.qihoo.commonservice.SERVICE,0,0.09994062176894221,0.1939803841704276,529.4,54.980360129777246,"pearson_r, mutual_information, entropy_reduction_ratio",0.0,0.011911448389542454,0.0,0.0,0.4877916604551686
intent_com.qihoo.appstore.BATTERY,0,0.09978476177610274,0.194051351618383,529.6,54.68125821522398,"pearson_r, mutual_information, entropy_reduction_ratio",0.0,0.011132148425345115,0.0,0.0,0.4877916604551686
suspicious_getSystemService,0,0.09944116199948831,0.1942094779984604,530.0,54.08696700684926,"pearson_r, mutual_information, entropy_reduction_ratio",0.0,0.00941414954227301,0.0,0.0,0.4877916604551686
intent_com.kingroot.kinguser.gamebox.ACTION_GAME_REPLACE,0,0.0993605858341507,0.19424689283844251,530.4,53.498037347177515,"pearson_r, mutual_information, entropy_reduction_ratio",0.0,0.009011268715584895,0.0,0.0,0.4877916604551686
intent_com.punchbox.service,0,0.09913188606143318,0.19435377621315703,530.6,53.20563879890928,"pearson_r, mutual_information, entropy_reduction_ratio",0.0,0.007867769851997311,0.0,0.0,0.4877916604551686
perm_com.xiaomi.sdk.permission.PAYMENT,0,0.09895889098134537,0.1828217234214157,345.2,314.8532356511522,"pearson_r, mutual_information, entropy_reduction_ratio",0.0028466267998872655,0.023583068944439612,0.002154700782762393,0.0019790820662209598,0.46423097631341664
suspicious_Ljava/lang/System;->loadLibrary,0,0.09890973635959503,0.19763977969211835,244.3,247.73243630982194,"pearson_r, f_stat, entropy_reduction_ratio",0.0001083212540220639,0.0,0.00010538431158296003,0.00014569240304138854,0.49418928382932875
intent_com.Remind.alarm.enable,0,0.09888265938674672,0.1944714109797571,530.8,52.91464825546892,"pearson_r, mutual_information, entropy_reduction_ratio",0.0,0.006621636478564996,0.0,0.0,0.4877916604551686
perm_com.android.mylauncher.permission.WRITE_SETTINGS,0,0.09885012801411262,0.19448685476671695,531.0,52.62508907355882,"pearson_r, mutual_information, entropy_reduction_ratio",0.0,0.006458979615394537,0.0,0.0,0.4877916604551686
intent_com.xiaomi.hy.push.client.ONCLICK,0,0.0986240741146853,0.19459473743461833,531.4,52.050360229301006,"pearson_r, mutual_information, entropy_reduction_ratio",0.0,0.005328710118257895,0.0,0.0,0.4877916604551686
perm_com.bbk.launcher2.permission.WRITE_SETTINGS,0,0.09851424014774422,0.1946475124194992,531.6,51.76523930206447,"pearson_r, mutual_information, entropy_reduction_ratio",0.0,0.0047795402835525665,0.0,0.0,0.4877916604551686
intent_com.tencent.smtt.tbs.video.PLAY,0,0.09838954629085836,0.19470771060189446,531.8,51.48164721529411,"pearson_r, mutual_information, entropy_reduction_ratio",0.0,0.004156070999123252,0.0,0.0,0.4877916604551686
perm_com.yulong3.android.launcher.permission.WRITE_SETTINGS,0,0.09823327746475792,0.19478357671205634,532.2,50.919151603301486,"pearson_r, mutual_information, entropy_reduction_ratio",0.0,0.0033747268686210056,0.0,0.0,0.4877916604551686
perm_com.android.broswer.permission.WRITE_HISTORY_BOOKMARKS,0,0.09821331971054696,0.1947932998777539,532.4,50.64030015708833,"pearson_r, mutual_information, entropy_reduction_ratio",0.0,0.0032749380975662123,0.0,0.0,0.4877916604551686
intent_com.excelliance.kxqp.action.space.stat,0,0.09816167582172183,0.19481849583671487,532.6,50.363081716670195,"pearson_r, mutual_information, entropy_reduction_ratio",0.0,0.003016718653440572,0.0,0.0,0.4877916604551686
perm_com.google.android.googleapps.permission.GOOGLE_AUTH.gbase,0,0.09814554157689166,0.1948263779507337,532.8,50.087523396550566,"pearson_r, mutual_information, entropy_reduction_ratio",0.0,0.0029360474292897307,0.0,0.0,0.4877916604551686
intent_com.google.vr.vrcore.ACTION_NONE,0,0.09799866226100368,0.15405932291972263,379.1,397.1325219621279,"pearson_r, entropy_reduction_ratio, chi2_stat",0.03455466863355569,0.0,0.025856409393148715,0.024321910057259116,0.4052603232210549
intent_com.qihoo.appstore.CHECK_STORAGE,0,0.09784598142270223,0.19497363522292022,533.0,49.813652747013045,"pearson_r, mutual_information, entropy_reduction_ratio",0.0,0.001438246658342602,0.0,0.0,0.4877916604551686
intent_com.qihoo.appstore.ACTION_UNINSTALL,0,0.09773433181794301,0.1950289621198392,533.2,49.541497756931,"pearson_r, mutual_information, entropy_reduction_ratio",0.0,0.0008799986345464696,0.0,0.0,0.4877916604551686
intent_com.qihoo.appstore.battery.START,0,0.09769508920649547,0.19504846541154877,533.4,49.27108685628926,"pearson_r, mutual_information, entropy_reduction_ratio",0.0,0.0006837855773087266,0.0,0.0,0.4877916604551686
intent_com.excelliance.kxqp.action.init,0,0.09763091067027574,0.19508042552205376,533.6,49.002448918395906,"pearson_r, mutual_information, entropy_reduction_ratio",0.0,0.0003628928962101369,0.0,0.0,0.4877916604551686
perm_android.permission.READ_SMS,0,0.09755833209103372,0.19511666418206744,586.9,82.29119029397982,"pearson_r, entropy_reduction_ratio, mutual_information",0.0,0.0,0.0,0.0,0.4877916604551686
perm_android.permission.WRITE_SMS,0,0.09755833209103372,0.19511666418206744,586.9,82.29119029397982,"pearson_r, entropy_reduction_ratio, mutual_information",0.0,0.0,0.0,0.0,0.4877916604551686
perm_android.permission.READ_LOGS,0,0.09755833209103372,0.19511666418206744,586.9,82.29119029397982,"pearson_r, entropy_reduction_ratio, mutual_information",0.0,0.0,0.0,0.0,0.4877916604551686
suspicious_getPackageInfo,0,0.09755833209103372,0.19511666418206744,586.9,82.29119029397982,"pearson_r, entropy_reduction_ratio, mutual_information",0.0,0.0,0.0,0.0,0.4877916604551686
suspicious_sendTextMessage,0,0.09755833209103372,0.19511666418206744,586.9,82.29119029397982,"pearson_r, entropy_reduction_ratio, mutual_information",0.0,0.0,0.0,0.0,0.4877916604551686
perm_android.permission.RESTART_PACKAGES,0,0.09755833209103372,0.19511666418206744,586.9,82.29119029397982,"pearson_r, entropy_reduction_ratio, mutual_information",0.0,0.0,0.0,0.0,0.4877916604551686
perm_android.permission.WRITE_APN_SETTINGS,0,0.09755833209103372,0.19511666418206744,586.9,82.29119029397982,"pearson_r, entropy_reduction_ratio, mutual_information",0.0,0.0,0.0,0.0,0.4877916604551686
perm_android.permission.GET_PACKAGE_SIZE,0,0.09755833209103372,0.19511666418206744,586.9,82.29119029397982,"pearson_r, entropy_reduction_ratio, mutual_information",0.0,0.0,0.0,0.0,0.4877916604551686
perm_com.android.launcher.permission.WRITE_SETTINGS,0,0.09755833209103372,0.19511666418206744,586.9,82.29119029397982,"pearson_r, entropy_reduction_ratio, mutual_information",0.0,0.0,0.0,0.0,0.4877916604551686
perm_android.permission.UPDATE_APP_OPS_STATS,0,0.09755833209103372,0.19511666418206744,586.9,82.29119029397982,"pearson_r, entropy_reduction_ratio, mutual_information",0.0,0.0,0.0,0.0,0.4877916604551686
perm_com.android.launcher2.permission.READ_SETTINGS,0,0.09755833209103372,0.19511666418206744,586.9,82.29119029397982,"pearson_r, entropy_reduction_ratio, mutual_information",0.0,0.0,0.0,0.0,0.4877916604551686
perm_android.permission.ACCESS_MTK_MMHW,0,0.09755833209103372,0.19511666418206744,586.9,82.29119029397982,"pearson_r, entropy_reduction_ratio, mutual_information",0.0,0.0,0.0,0.0,0.4877916604551686
perm_android.permission.DELETE_PACKAGES,0,0.09755833209103372,0.19511666418206744,586.9,82.29119029397982,"pearson_r, entropy_reduction_ratio, mutual_information",0.0,0.0,0.0,0.0,0.4877916604551686
perm_android.permission.DEVICE_POWER,0,0.09755833209103372,0.19511666418206744,586.9,82.29119029397982,"pearson_r, entropy_reduction_ratio, mutual_information",0.0,0.0,0.0,0.0,0.4877916604551686
perm_android.permission.REORDER_TASKS,0,0.09755833209103372,0.19511666418206744,586.9,82.29119029397982,"pearson_r, entropy_reduction_ratio, mutual_information",0.0,0.0,0.0,0.0,0.4877916604551686
perm_android.permission.READ_USER_DICTIONARY,0,0.09755833209103372,0.19511666418206744,586.9,82.29119029397982,"pearson_r, entropy_reduction_ratio, mutual_information",0.0,0.0,0.0,0.0,0.4877916604551686
intent_android.intent.action.MEDIA_MOUNTED,0,0.09755833209103372,0.19511666418206744,586.9,82.29119029397982,"pearson_r, entropy_reduction_ratio, mutual_information",0.0,0.0,0.0,0.0,0.4877916604551686
perm_android.permission.ACCESS_DOWNLOAD_MANAGER,0,0.09755833209103372,0.19511666418206744,586.9,82.29119029397982,"pearson_r, entropy_reduction_ratio, mutual_information",0.0,0.0,0.0,0.0,0.4877916604551686
intent_android.intent.action.RESPOND_VIA_MESSAGE,0,0.09755833209103372,0.19511666418206744,586.9,82.29119029397982,"pearson_r, entropy_reduction_ratio, mutual_information",0.0,0.0,0.0,0.0,0.4877916604551686
intent_android.provider.Telephony.WAP_PUSH_DELIVER,0,0.09755833209103372,0.19511666418206744,586.9,82.29119029397982,"pearson_r, entropy_reduction_ratio, mutual_information",0.0,0.0,0.0,0.0,0.4877916604551686
perm_com.bbk.launcher2.permission.READ_SETTINGS,0,0.09755833209103372,0.19511666418206744,586.9,82.29119029397982,"pearson_r, entropy_reduction_ratio, mutual_information",0.0,0.0,0.0,0.0,0.4877916604551686
perm_com.lenovo.launcher.permission.READ_SETTINGS,0,0.09755833209103372,0.19511666418206744,586.9,82.29119029397982,"pearson_r, entropy_reduction_ratio, mutual_information",0.0,0.0,0.0,0.0,0.4877916604551686
perm_cn.nubia.launcher.permission.READ_SETTINGS,0,0.09755833209103372,0.19511666418206744,586.9,82.29119029397982,"pearson_r, entropy_reduction_ratio, mutual_information",0.0,0.0,0.0,0.0,0.4877916604551686
perm_com.android.launcher3.permission.WRITE_SETTINGS,0,0.09755833209103372,0.19511666418206744,586.9,82.29119029397982,"pearson_r, entropy_reduction_ratio, mutual_information",0.0,0.0,0.0,0.0,0.4877916604551686
perm_android.permission.SAMSUNG_TUNTAP,0,0.09755833209103372,0.19511666418206744,586.9,82.29119029397982,"pearson_r, entropy_reduction_ratio, mutual_information",0.0,0.0,0.0,0.0,0.4877916604551686
perm_net.qihoo.launcher.permission.READ_SETTINGS,0,0.09755833209103372,0.19511666418206744,586.9,82.29119029397982,"pearson_r, entropy_reduction_ratio, mutual_information",0.0,0.0,0.0,0.0,0.4877916604551686
perm_com.qihoo360.launcher.permission.READ_SETTINGS,0,0.09755833209103372,0.19511666418206744,586.9,82.29119029397982,"pearson_r, entropy_reduction_ratio, mutual_information",0.0,0.0,0.0,0.0,0.4877916604551686
perm_com.huawei.launcher2.permission.READ_SETTINGS,0,0.09755833209103372,0.19511666418206744,586.9,82.29119029397982,"pearson_r, entropy_reduction_ratio, mutual_information",0.0,0.0,0.0,0.0,0.4877916604551686
perm_com.google.android.launcher.permission.READ_SETTINGS,0,0.09755833209103372,0.19511666418206744,586.9,82.29119029397982,"pearson_r, entropy_reduction_ratio, mutual_information",0.0,0.0,0.0,0.0,0.4877916604551686
perm_com.huawei.launcher3.permission.READ_SETTINGS,0,0.09755833209103372,0.19511666418206744,586.9,82.29119029397982,"pearson_r, entropy_reduction_ratio, mutual_information",0.0,0.0,0.0,0.0,0.4877916604551686
intent_com.igexin.sdk.action.refreshls,0,0.09755833209103372,0.19511666418206744,586.9,82.29119029397982,"pearson_r, entropy_reduction_ratio, mutual_information",0.0,0.0,0.0,0.0,0.4877916604551686
perm_com.htc.launcher.permission.WRITE_SETTINGS,0,0.09755833209103372,0.19511666418206744,586.9,82.29119029397982,"pearson_r, entropy_reduction_ratio, mutual_information",0.0,0.0,0.0,0.0,0.4877916604551686
intent_com.morgoo.droidplugin.ACTION_SHORTCUT_PROXY,0,0.09755833209103372,0.19511666418206744,586.9,82.29119029397982,"pearson_r, entropy_reduction_ratio, mutual_information",0.0,0.0,0.0,0.0,0.4877916604551686
perm_android.permission.INTERACT_ACROSS_USERS,0,0.09755833209103372,0.19511666418206744,586.9,82.29119029397982,"pearson_r, entropy_reduction_ratio, mutual_information",0.0,0.0,0.0,0.0,0.4877916604551686
perm_telecom.mdesk.permission.READ_SETTINGS,0,0.09755833209103372,0.19511666418206744,586.9,82.29119029397982,"pearson_r, entropy_reduction_ratio, mutual_information",0.0,0.0,0.0,0.0,0.4877916604551686
perm_com.android.mylauncher.permission.READ_SETTINGS,0,0.09755833209103372,0.19511666418206744,586.9,82.29119029397982,"pearson_r, entropy_reduction_ratio, mutual_information",0.0,0.0,0.0,0.0,0.4877916604551686
perm_com.ebproductions.android.launcher.permission.READ_SETTINGS,0,0.09755833209103372,0.19511666418206744,586.9,82.29119029397982,"pearson_r, entropy_reduction_ratio, mutual_information",0.0,0.0,0.0,0.0,0.4877916604551686
intent_android.intent.action.ACTION_POWER_CONNECTED,0,0.09755833209103372,0.19511666418206744,586.9,82.29119029397982,"pearson_r, entropy_reduction_ratio, mutual_information",0.0,0.0,0.0,0.0,0.4877916604551686
intent_android.intent.action.ANY_DATA_STATE,0,0.09755833209103372,0.19511666418206744,586.9,82.29119029397982,"pearson_r, entropy_reduction_ratio, mutual_information",0.0,0.0,0.0,0.0,0.4877916604551686
intent_android.intent.action.SIM_STATE_CHANGED,0,0.09755833209103372,0.19511666418206744,586.9,82.29119029397982,"pearson_r, entropy_reduction_ratio, mutual_information",0.0,0.0,0.0,0.0,0.4877916604551686
perm_android.permission.PERMISSION_NAME,0,0.09755833209103372,0.19511666418206744,586.9,82.29119029397982,"pearson_r, entropy_reduction_ratio, mutual_information",0.0,0.0,0.0,0.0,0.4877916604551686
perm_com.yulong.android.launcher.permission.READ_SETTINGS,0,0.09755833209103372,0.19511666418206744,586.9,82.29119029397982,"pearson_r, entropy_reduction_ratio, mutual_information",0.0,0.0,0.0,0.0,0.4877916604551686
intent_cn.egame.terminal.sdk.RECEIVER_CMD,0,0.09755833209103372,0.19511666418206744,586.9,82.29119029397982,"pearson_r, entropy_reduction_ratio, mutual_information",0.0,0.0,0.0,0.0,0.4877916604551686
intent_com.morgoo.droidplugin.ACTION_SHORTCUT_PROXY_ZHUSHOU,0,0.09755833209103372,0.19511666418206744,586.9,82.29119029397982,"pearson_r, entropy_reduction_ratio, mutual_information",0.0,0.0,0.0,0.0,0.4877916604551686
perm_com.qihoo.appstore.permission.NEWS_SDK_BROADCAST,0,0.09755833209103372,0.19511666418206744,586.9,82.29119029397982,"pearson_r, entropy_reduction_ratio, mutual_information",0.0,0.0,0.0,0.0,0.4877916604551686
intent_com.qihoo.appstore.launcher.shortcut.GAMEUNION,0,0.09755833209103372,0.19511666418206744,586.9,82.29119029397982,"pearson_r, entropy_reduction_ratio, mutual_information",0.0,0.0,0.0,0.0,0.4877916604551686
perm_dianxin.permission.READ_SETTINGS,0,0.09755833209103372,0.19511666418206744,586.9,82.29119029397982,"pearson_r, entropy_reduction_ratio, mutual_information",0.0,0.0,0.0,0.0,0.4877916604551686
intent_com.qihoo.appstore.launcher.shortcut.APP_GROUP,0,0.09755833209103372,0.19511666418206744,586.9,82.29119029397982,"pearson_r, entropy_reduction_ratio, mutual_information",0.0,0.0,0.0,0.0,0.4877916604551686
intent_com.qihoo.appstore.notification,0,0.09755833209103372,0.19511666418206744,586.9,82.29119029397982,"pearson_r, entropy_reduction_ratio, mutual_information",0.0,0.0,0.0,0.0,0.4877916604551686
intent_com.qihoo.appstore.floatwin.FloatWindowService,0,0.09755833209103372,0.19511666418206744,586.9,82.29119029397982,"pearson_r, entropy_reduction_ratio, mutual_information",0.0,0.0,0.0,0.0,0.4877916604551686
intent_com.qihoo.appstore.download,0,0.09755833209103372,0.19511666418206744,586.9,82.29119029397982,"pearson_r, entropy_reduction_ratio, mutual_information",0.0,0.0,0.0,0.0,0.4877916604551686
intent_com.qihoo.appstore.clipboard.change,0,0.09755833209103372,0.19511666418206744,586.9,82.29119029397982,"pearson_r, entropy_reduction_ratio, mutual_information",0.0,0.0,0.0,0.0,0.4877916604551686
intent_com.qihoo.appstore.clean.scan.finish,0,0.09755833209103372,0.19511666418206744,586.9,82.29119029397982,"pearson_r, entropy_reduction_ratio, mutual_information",0.0,0.0,0.0,0.0,0.4877916604551686
intent_com.qihoo.appstore.launcher.shortcut.HOME_GAME,0,0.09755833209103372,0.19511666418206744,586.9,82.29119029397982,"pearson_r, entropy_reduction_ratio, mutual_information",0.0,0.0,0.0,0.0,0.4877916604551686
intent_com.qihoo.express.push.MSG_ARRIVED,0,0.09755833209103372,0.19511666418206744,586.9,82.29119029397982,"pearson_r, entropy_reduction_ratio, mutual_information",0.0,0.0,0.0,0.0,0.4877916604551686
intent_com.qihoo360.mobilesafe.pcdaemon.sms.cancel.default.smsreceive,0,0.09755833209103372,0.19511666418206744,586.9,82.29119029397982,"pearson_r, entropy_reduction_ratio, mutual_information",0.0,0.0,0.0,0.0,0.4877916604551686
intent_com.qihoo360.mobilesafe.pcdaemon.filehandle,0,0.09755833209103372,0.19511666418206744,586.9,82.29119029397982,"pearson_r, entropy_reduction_ratio, mutual_information",0.0,0.0,0.0,0.0,0.4877916604551686
intent_com.qihoo360.mobilesafe.clean.DOWNLOADDLG,0,0.09755833209103372,0.19511666418206744,586.9,82.29119029397982,"pearson_r, entropy_reduction_ratio, mutual_information",0.0,0.0,0.0,0.0,0.4877916604551686
intent_com.qihoo360.daemon.pcdaemon.NotifyServiceStop2,0,0.09755833209103372,0.19511666418206744,586.9,82.29119029397982,"pearson_r, entropy_reduction_ratio, mutual_information",0.0,0.0,0.0,0.0,0.4877916604551686
intent_com.qihoo360.daemon.pcdaemon.ACTION_START_OPERATE_CLIPBOARD,0,0.09755833209103372,0.19511666418206744,586.9,82.29119029397982,"pearson_r, entropy_reduction_ratio, mutual_information",0.0,0.0,0.0,0.0,0.4877916604551686
intent_com.qihoo.appstore.battery.NOTIFY,0,0.09755833209103372,0.19511666418206744,586.9,82.29119029397982,"pearson_r, entropy_reduction_ratio, mutual_information",0.0,0.0,0.0,0.0,0.4877916604551686
intent_com.qihoo.appstore.videomini,0,0.09755833209103372,0.19511666418206744,586.9,82.29119029397982,"pearson_r, entropy_reduction_ratio, mutual_information",0.0,0.0,0.0,0.0,0.4877916604551686
intent_com.qihoo.appstore.powerusage.HIGH_TEMPERATURE,0,0.09755833209103372,0.19511666418206744,586.9,82.29119029397982,"pearson_r, entropy_reduction_ratio, mutual_information",0.0,0.0,0.0,0.0,0.4877916604551686
intent_com.qihoo.appstore.plugin.streamapp.IPluginHelperServiceStreamApp,0,0.09755833209103372,0.19511666418206744,586.9,82.29119029397982,"pearson_r, entropy_reduction_ratio, mutual_information",0.0,0.0,0.0,0.0,0.4877916604551686
intent_com.qihoo.appstore.stablenotification.NewsBroadcastReceiver,0,0.09755833209103372,0.19511666418206744,586.9,82.29119029397982,"pearson_r, entropy_reduction_ratio, mutual_information",0.0,0.0,0.0,0.0,0.4877916604551686
intent_com.qihoo.appstore.launcher.shortcut.VIDEO,0,0.09755833209103372,0.19511666418206744,586.9,82.29119029397982,"pearson_r, entropy_reduction_ratio, mutual_information",0.0,0.0,0.0,0.0,0.4877916604551686
intent_qihooappstore.gotoadmin,0,0.09755833209103372,0.19511666418206744,586.9,82.29119029397982,"pearson_r, entropy_reduction_ratio, mutual_information",0.0,0.0,0.0,0.0,0.4877916604551686
intent_com.qihoo.appstore.launcher.shortcut.PLAYGAME,0,0.09755833209103372,0.19511666418206744,586.9,82.29119029397982,"pearson_r, entropy_reduction_ratio, mutual_information",0.0,0.0,0.0,0.0,0.4877916604551686
intent_com.qihoo.appstore.ACTION_NOTIFY_UNINSTALL,0,0.09755833209103372,0.19511666418206744,586.9,82.29119029397982,"pearson_r, entropy_reduction_ratio, mutual_information",0.0,0.0,0.0,0.0,0.4877916604551686
intent_com.qihoo.appstore.ACTION_NORMAL_INSTALL_ERROR,0,0.09755833209103372,0.19511666418206744,586.9,82.29119029397982,"pearson_r, entropy_reduction_ratio, mutual_information",0.0,0.0,0.0,0.0,0.4877916604551686
intent_com.qihoo.appstore.ACTION_UPDATE_LAST_WX_CLEAR,0,0.09755833209103372,0.19511666418206744,586.9,82.29119029397982,"pearson_r, entropy_reduction_ratio, mutual_information",0.0,0.0,0.0,0.0,0.4877916604551686
intent_com.qihoo.appstore.ACTION_GET_DOWNLOAD_APK_PATH,0,0.09755833209103372,0.19511666418206744,586.9,82.29119029397982,"pearson_r, entropy_reduction_ratio, mutual_information",0.0,0.0,0.0,0.0,0.4877916604551686
intent_com.qihoo.appstore.ACTION_GAME_UNION_GIFT_LiST,0,0.09755833209103372,0.19511666418206744,586.9,82.29119029397982,"pearson_r, entropy_reduction_ratio, mutual_information",0.0,0.0,0.0,0.0,0.4877916604551686
intent_com.qihoo.appstore.ACTION_GAME_UNION_DETAIL,0,0.09755833209103372,0.19511666418206744,586.9,82.29119029397982,"pearson_r, entropy_reduction_ratio, mutual_information",0.0,0.0,0.0,0.0,0.4877916604551686
intent_com.qihoo.appstore.ACTION_GAME_UNION_DESK,0,0.09755833209103372,0.19511666418206744,586.9,82.29119029397982,"pearson_r, entropy_reduction_ratio, mutual_information",0.0,0.0,0.0,0.0,0.4877916604551686
intent_com.qihoo.accountcenter.action.START_ACCOUNT_SERVICE,0,0.09755833209103372,0.19511666418206744,586.9,82.29119029397982,"pearson_r, entropy_reduction_ratio, mutual_information",0.0,0.0,0.0,0.0,0.4877916604551686
intent_com.qihoo.appstore.ACTION_PACKAGE_REMOVED_NEED_CLEAR,0,0.09755833209103372,0.19511666418206744,586.9,82.29119029397982,"pearson_r, entropy_reduction_ratio, mutual_information",0.0,0.0,0.0,0.0,0.4877916604551686
intent_com.qihoo.appstore.ACTION_CLEAN_STOP_SERVICE,0,0.09755833209103372,0.19511666418206744,586.9,82.29119029397982,"pearson_r, entropy_reduction_ratio, mutual_information",0.0,0.0,0.0,0.0,0.4877916604551686
intent_com.qihoo.appstore.ACTION_HANDLE_SYSTEM_APP,0,0.09755833209103372,0.19511666418206744,586.9,82.29119029397982,"pearson_r, entropy_reduction_ratio, mutual_information",0.0,0.0,0.0,0.0,0.4877916604551686
intent_com.qihoo.appstore.ACTION_GET_SIGNIN_FOR_NOTIFYCATION,0,0.09755833209103372,0.19511666418206744,586.9,82.29119029397982,"pearson_r, entropy_reduction_ratio, mutual_information",0.0,0.0,0.0,0.0,0.4877916604551686
intent_com.qihoo.appstore.checkupdate.NOTIFY_APP_UPDATE,0,0.09755833209103372,0.19511666418206744,586.9,82.29119029397982,"pearson_r, entropy_reduction_ratio, mutual_information",0.0,0.0,0.0,0.0,0.4877916604551686
intent_com.qihoo.appstore.checkupdate.INSTALL_ALL_SILENT_TASK,0,0.09755833209103372,0.19511666418206744,586.9,82.29119029397982,"pearson_r, entropy_reduction_ratio, mutual_information",0.0,0.0,0.0,0.0,0.4877916604551686
intent_com.qihoo.appstore.checkupdate.INIT_APK_INFO,0,0.09755833209103372,0.19511666418206744,586.9,82.29119029397982,"pearson_r, entropy_reduction_ratio, mutual_information",0.0,0.0,0.0,0.0,0.4877916604551686
intent_com.qihoo.appstore.batteryrank.POWERPERCENT,0,0.09755833209103372,0.19511666418206744,586.9,82.29119029397982,"pearson_r, entropy_reduction_ratio, mutual_information",0.0,0.0,0.0,0.0,0.4877916604551686
intent_com.qihoo.appstore.ACTION_DAEMON_CORE_SERVICE,0,0.09755833209103372,0.19511666418206744,586.9,82.29119029397982,"pearson_r, entropy_reduction_ratio, mutual_information",0.0,0.0,0.0,0.0,0.4877916604551686
intent_com.qihoo.appstore.ACTION_CLEAR_CREATE_SHORTCUT,0,0.09755833209103372,0.19511666418206744,586.9,82.29119029397982,"pearson_r, entropy_reduction_ratio, mutual_information",0.0,0.0,0.0,0.0,0.4877916604551686
intent_com.qihoo.appstore.battery.FREEZE_APP,0,0.09755833209103372,0.19511666418206744,586.9,82.29119029397982,"pearson_r, entropy_reduction_ratio, mutual_information",0.0,0.0,0.0,0.0,0.4877916604551686
intent_com.qihoo.appstore.battery.ACCESSIBILITY_ALERT,0,0.09755833209103372,0.19511666418206744,586.9,82.29119029397982,"pearson_r, entropy_reduction_ratio, mutual_information",0.0,0.0,0.0,0.0,0.4877916604551686
intent_com.qihoo.appstore.ACTION_STAT,0,0.09755833209103372,0.19511666418206744,586.9,82.29119029397982,"pearson_r, entropy_reduction_ratio, mutual_information",0.0,0.0,0.0,0.0,0.4877916604551686
intent_com.qihoo.appstore.OPEN_BROWSER,0,0.09755833209103372,0.19511666418206744,586.9,82.29119029397982,"pearson_r, entropy_reduction_ratio, mutual_information",0.0,0.0,0.0,0.0,0.4877916604551686
intent_com.qihoo.appstore.MEMCLEAR,0,0.09755833209103372,0.19511666418206744,586.9,82.29119029397982,"pearson_r, entropy_reduction_ratio, mutual_information",0.0,0.0,0.0,0.0,0.4877916604551686
intent_com.qihoo.appstore.LitePluginTipDialogActivity,0,0.09755833209103372,0.19511666418206744,586.9,82.29119029397982,"pearson_r, entropy_reduction_ratio, mutual_information",0.0,0.0,0.0,0.0,0.4877916604551686
intent_com.qihoo.appstore.CHECK_APP_UPDATE_DESK_NOTIFICATION,0,0.09755833209103372,0.19511666418206744,586.9,82.29119029397982,"pearson_r, entropy_reduction_ratio, mutual_information",0.0,0.0,0.0,0.0,0.4877916604551686
intent_com.qihoo.appstore.plugin.START_PLUGIN_FROM_PROXY_LISTENER,0,0.09755833209103372,0.19511666418206744,586.9,82.29119029397982,"pearson_r, entropy_reduction_ratio, mutual_information",0.0,0.0,0.0,0.0,0.4877916604551686
intent_com.qihoo.appstore.open.wallet,0,0.09755833209103372,0.19511666418206744,586.9,82.29119029397982,"pearson_r, entropy_reduction_ratio, mutual_information",0.0,0.0,0.0,0.0,0.4877916604551686
intent_com.qihoo.appstore.notification.notify_action,0,0.09755833209103372,0.19511666418206744,586.9,82.29119029397982,"pearson_r, entropy_reduction_ratio, mutual_information",0.0,0.0,0.0,0.0,0.4877916604551686
intent_action.qihoo360.daemon.pcdaemon.DaemonStatus,0,0.09755833209103372,0.19511666418206744,586.9,82.29119029397982,"pearson_r, entropy_reduction_ratio, mutual_information",0.0,0.0,0.0,0.0,0.4877916604551686
perm_com.sonyericsson.home.WRITE_SETTINGS,0,0.09755833209103372,0.19511666418206744,586.9,82.29119029397982,"pearson_r, entropy_reduction_ratio, mutual_information",0.0,0.0,0.0,0.0,0.4877916604551686
perm_android.permission.READ_INSTALL_SESSIONS,0,0.09755833209103372,0.19511666418206744,586.9,82.29119029397982,"pearson_r, entropy_reduction_ratio, mutual_information",0.0,0.0,0.0,0.0,0.4877916604551686
perm_com.qiku.launcher.permission.WRITE_SETTINGS,0,0.09755833209103372,0.19511666418206744,586.9,82.29119029397982,"pearson_r, entropy_reduction_ratio, mutual_information",0.0,0.0,0.0,0.0,0.4877916604551686
perm_com.yulong.android.launcher3.WRITE_SETTINGS,0,0.09755833209103372,0.19511666418206744,586.9,82.29119029397982,"pearson_r, entropy_reduction_ratio, mutual_information",0.0,0.0,0.0,0.0,0.4877916604551686
perm_android.permission.RECEIVE_WAP_PUSH,0,0.09755833209103372,0.19511666418206744,586.9,82.29119029397982,"pearson_r, entropy_reduction_ratio, mutual_information",0.0,0.0,0.0,0.0,0.4877916604551686
perm_android.permission.READ_INTERNAL_STORAGE,0,0.09755833209103372,0.19511666418206744,586.9,82.29119029397982,"pearson_r, entropy_reduction_ratio, mutual_information",0.0,0.0,0.0,0.0,0.4877916604551686
intent_android.net.wifi.RSSI_CHANGED,0,0.09755833209103372,0.19511666418206744,586.9,82.29119029397982,"pearson_r, entropy_reduction_ratio, mutual_information",0.0,0.0,0.0,0.0,0.4877916604551686
intent_android.intent.action.BATTERY_CHANGED,0,0.09755833209103372,0.19511666418206744,586.9,82.29119029397982,"pearson_r, entropy_reduction_ratio, mutual_information",0.0,0.0,0.0,0.0,0.4877916604551686
intent_com.coolcloud.xmpp.NOTIFICATION.1010048,0,0.09755833209103372,0.19511666418206744,586.9,82.29119029397982,"pearson_r, entropy_reduction_ratio, mutual_information",0.0,0.0,0.0,0.0,0.4877916604551686
intent_action_send_pop,0,0.09755833209103372,0.19511666418206744,586.9,82.29119029397982,"pearson_r, entropy_reduction_ratio, mutual_information",0.0,0.0,0.0,0.0,0.4877916604551686
intent_action_send_cancel,0,0.09755833209103372,0.19511666418206744,586.9,82.29119029397982,"pearson_r, entropy_reduction_ratio, mutual_information",0.0,0.0,0.0,0.0,0.4877916604551686
intent_com.qihoo.appstore.stable_notification_broadcast,0,0.09755833209103372,0.19511666418206744,586.9,82.29119029397982,"pearson_r, entropy_reduction_ratio, mutual_information",0.0,0.0,0.0,0.0,0.4877916604551686
intent_com.qihoo.appstore.stablenotification.StableBroadcast,0,0.09755833209103372,0.19511666418206744,586.9,82.29119029397982,"pearson_r, entropy_reduction_ratio, mutual_information",0.0,0.0,0.0,0.0,0.4877916604551686
perm_android.permission.MANAGE_USERS,0,0.09755833209103372,0.19511666418206744,586.9,82.29119029397982,"pearson_r, entropy_reduction_ratio, mutual_information",0.0,0.0,0.0,0.0,0.4877916604551686
perm_com.anddoes.launcher.permission.READ_SETTINGS,0,0.09755833209103372,0.19511666418206744,586.9,82.29119029397982,"pearson_r, entropy_reduction_ratio, mutual_information",0.0,0.0,0.0,0.0,0.4877916604551686
perm_android.permission.READ_SOCIAL_STREAM,0,0.09755833209103372,0.19511666418206744,586.9,82.29119029397982,"pearson_r, entropy_reduction_ratio, mutual_information",0.0,0.0,0.0,0.0,0.4877916604551686
perm_com.ztemt.launcher.permission.READ_SETTINGS,0,0.09755833209103372,0.19511666418206744,586.9,82.29119029397982,"pearson_r, entropy_reduction_ratio, mutual_information",0.0,0.0,0.0,0.0,0.4877916604551686
perm_android.permission.WRITE_SOCIAL_STREAM,0,0.09755833209103372,0.19511666418206744,586.9,82.29119029397982,"pearson_r, entropy_reduction_ratio, mutual_information",0.0,0.0,0.0,0.0,0.4877916604551686
perm_android.permission.ACCESS_WIMAX_STATE,0,0.09755833209103372,0.19511666418206744,586.9,82.29119029397982,"pearson_r, entropy_reduction_ratio, mutual_information",0.0,0.0,0.0,0.0,0.4877916604551686
intent_android.intent.action.SERVICE_STATE,0,0.09755833209103372,0.19511666418206744,586.9,82.29119029397982,"pearson_r, entropy_reduction_ratio, mutual_information",0.0,0.0,0.0,0.0,0.4877916604551686
perm_android.permission.PERSISTENT_ACTIVITY,0,0.09755833209103372,0.19511666418206744,586.9,82.29119029397982,"pearson_r, entropy_reduction_ratio, mutual_information",0.0,0.0,0.0,0.0,0.4877916604551686
perm_com.zte.mifavor.launcher.permission.READ_SETTINGS,0,0.09755833209103372,0.19511666418206744,586.9,82.29119029397982,"pearson_r, entropy_reduction_ratio, mutual_information",0.0,0.0,0.0,0.0,0.4877916604551686
perm_android.permission.READ_APP_BADGE,0,0.09755833209103372,0.19511666418206744,586.9,82.29119029397982,"pearson_r, entropy_reduction_ratio, mutual_information",0.0,0.0,0.0,0.0,0.4877916604551686
perm_android.permission.SYSTEM_OVERLAY_WINDOW,0,0.09755833209103372,0.19511666418206744,586.9,82.29119029397982,"pearson_r, entropy_reduction_ratio, mutual_information",0.0,0.0,0.0,0.0,0.4877916604551686
perm_com.yulong.android.launcher3.READ_SETTINGS,0,0.09755833209103372,0.19511666418206744,586.9,82.29119029397982,"pearson_r, entropy_reduction_ratio, mutual_information",0.0,0.0,0.0,0.0,0.4877916604551686
intent_android.intent.action.CAL,0,0.09755833209103372,0.19511666418206744,586.9,82.29119029397982,"pearson_r, entropy_reduction_ratio, mutual_information",0.0,0.0,0.0,0.0,0.4877916604551686
perm_com.android.launcher2.permission.WRITE_SETTINGS,0,0.09755833209103372,0.19511666418206744,586.9,82.29119029397982,"pearson_r, entropy_reduction_ratio, mutual_information",0.0,0.0,0.0,0.0,0.4877916604551686
perm_android.permission.WRITE_OWNER_DATA,0,0.09755833209103372,0.19511666418206744,586.9,82.29119029397982,"pearson_r, entropy_reduction_ratio, mutual_information",0.0,0.0,0.0,0.0,0.4877916604551686
perm_com.htc.launcher.permission.UPDATE_SHORTCUT,0,0.09755833209103372,0.19511666418206744,586.9,82.29119029397982,"pearson_r, entropy_reduction_ratio, mutual_information",0.0,0.0,0.0,0.0,0.4877916604551686
perm_com.google.android.providers.talk.permission.READ_ONLY,0,0.09755833209103372,0.19511666418206744,586.9,82.29119029397982,"pearson_r, entropy_reduction_ratio, mutual_information",0.0,0.0,0.0,0.0,0.4877916604551686
perm_android.permission.RECORD_VIDEO,0,0.09755833209103372,0.19511666418206744,586.9,82.29119029397982,"pearson_r, entropy_reduction_ratio, mutual_information",0.0,0.0,0.0,0.0,0.4877916604551686
perm_com.google.android.googleapps.permission.GOOGLE_AUTH.news,0,0.09755833209103372,0.19511666418206744,586.9,82.29119029397982,"pearson_r, entropy_reduction_ratio, mutual_information",0.0,0.0,0.0,0.0,0.4877916604551686
perm_com.google.android.googleapps.permission.GOOGLE_AUTH.talk,0,0.09755833209103372,0.19511666418206744,586.9,82.29119029397982,"pearson_r, entropy_reduction_ratio, mutual_information",0.0,0.0,0.0,0.0,0.4877916604551686
perm_com.google.android.googleapps.permission.GOOGLE_AUTH.speechpersonalization,0,0.09755833209103372,0.19511666418206744,586.9,82.29119029397982,"pearson_r, entropy_reduction_ratio, mutual_information",0.0,0.0,0.0,0.0,0.4877916604551686
perm_com.google.android.googleapps.permission.GOOGLE_AUTH.speech,0,0.09755833209103372,0.19511666418206744,586.9,82.29119029397982,"pearson_r, entropy_reduction_ratio, mutual_information",0.0,0.0,0.0,0.0,0.4877916604551686
perm_com.google.android.googleapps.permission.GOOGLE_AUTH.local,0,0.09755833209103372,0.19511666418206744,586.9,82.29119029397982,"pearson_r, entropy_reduction_ratio, mutual_information",0.0,0.0,0.0,0.0,0.4877916604551686
perm_com.google.android.googleapps.permission.GOOGLE_AUTH.lh2,0,0.09755833209103372,0.19511666418206744,586.9,82.29119029397982,"pearson_r, entropy_reduction_ratio, mutual_information",0.0,0.0,0.0,0.0,0.4877916604551686
perm_com.google.android.googleapps.permission.GOOGLE_AUTH.knol,0,0.09755833209103372,0.19511666418206744,586.9,82.29119029397982,"pearson_r, entropy_reduction_ratio, mutual_information",0.0,0.0,0.0,0.0,0.4877916604551686
perm_com.google.android.googleapps.permission.GOOGLE_AUTH.jotspot,0,0.09755833209103372,0.19511666418206744,586.9,82.29119029397982,"pearson_r, entropy_reduction_ratio, mutual_information",0.0,0.0,0.0,0.0,0.4877916604551686
perm_com.google.android.googleapps.permission.GOOGLE_AUTH.health,0,0.09755833209103372,0.19511666418206744,586.9,82.29119029397982,"pearson_r, entropy_reduction_ratio, mutual_information",0.0,0.0,0.0,0.0,0.4877916604551686
perm_com.google.android.googleapps.permission.GOOGLE_AUTH.groups2,0,0.09755833209103372,0.19511666418206744,586.9,82.29119029397982,"pearson_r, entropy_reduction_ratio, mutual_information",0.0,0.0,0.0,0.0,0.4877916604551686
perm_com.google.android.googleapps.permission.GOOGLE_AUTH.dodgeball,0,0.09755833209103372,0.19511666418206744,586.9,82.29119029397982,"pearson_r, entropy_reduction_ratio, mutual_information",0.0,0.0,0.0,0.0,0.4877916604551686
perm_com.google.android.googleapps.permission.GOOGLE_AUTH.notebook,0,0.09755833209103372,0.19511666418206744,586.9,82.29119029397982,"pearson_r, entropy_reduction_ratio, mutual_information",0.0,0.0,0.0,0.0,0.4877916604551686
perm_com.google.android.googleapps.permission.GOOGLE_AUTH.cl,0,0.09755833209103372,0.19511666418206744,586.9,82.29119029397982,"pearson_r, entropy_reduction_ratio, mutual_information",0.0,0.0,0.0,0.0,0.4877916604551686
perm_com.google.android.googleapps.permission.GOOGLE_AUTH.blogger,0,0.09755833209103372,0.19511666418206744,586.9,82.29119029397982,"pearson_r, entropy_reduction_ratio, mutual_information",0.0,0.0,0.0,0.0,0.4877916604551686
perm_com.google.android.googleapps.permission.GOOGLE_AUTH.ah,0,0.09755833209103372,0.19511666418206744,586.9,82.29119029397982,"pearson_r, entropy_reduction_ratio, mutual_information",0.0,0.0,0.0,0.0,0.4877916604551686
perm_com.google.android.googleapps.permission.GOOGLE_AUTH.adwords,0,0.09755833209103372,0.19511666418206744,586.9,82.29119029397982,"pearson_r, entropy_reduction_ratio, mutual_information",0.0,0.0,0.0,0.0,0.4877916604551686
perm_com.google.android.googleapps.permission.GOOGLE_AUTH.orkut,0,0.09755833209103372,0.19511666418206744,586.9,82.29119029397982,"pearson_r, entropy_reduction_ratio, mutual_information",0.0,0.0,0.0,0.0,0.4877916604551686
perm_com.google.android.googleapps.permission.GOOGLE_AUTH.print,0,0.09755833209103372,0.19511666418206744,586.9,82.29119029397982,"pearson_r, entropy_reduction_ratio, mutual_information",0.0,0.0,0.0,0.0,0.4877916604551686
perm_com.google.android.googleapps.permission.GOOGLE_AUTH.cp,0,0.09755833209103372,0.19511666418206744,586.9,82.29119029397982,"pearson_r, entropy_reduction_ratio, mutual_information",0.0,0.0,0.0,0.0,0.4877916604551686
perm_android.permission.USE_SIP,0,0.09755833209103372,0.19511666418206744,586.9,82.29119029397982,"pearson_r, entropy_reduction_ratio, mutual_information",0.0,0.0,0.0,0.0,0.4877916604551686
intent_org.agoo.android.intent.action.RECEIVE,0,0.09755833209103372,0.19511666418206744,586.9,82.29119029397982,"pearson_r, entropy_reduction_ratio, mutual_information",0.0,0.0,0.0,0.0,0.4877916604551686
intent_safiap.framework.ACTION_SET_TIMER,0,0.09755833209103372,0.19511666418206744,586.9,82.29119029397982,"pearson_r, entropy_reduction_ratio, mutual_information",0.0,0.0,0.0,0.0,0.4877916604551686
intent_safiap.framework.ACTION_TO_INSTALL,0,0.09755833209103372,0.19511666418206744,586.9,82.29119029397982,"pearson_r, entropy_reduction_ratio, mutual_information",0.0,0.0,0.0,0.0,0.4877916604551686
intent_safiap.framework.ACTION_TO_INSTALL_IAP,0,0.09755833209103372,0.19511666418206744,586.9,82.29119029397982,"pearson_r, entropy_reduction_ratio, mutual_information",0.0,0.0,0.0,0.0,0.4877916604551686
intent_safiap.framework.sdk.ISAFFramework,0,0.09755833209103372,0.19511666418206744,586.9,82.29119029397982,"pearson_r, entropy_reduction_ratio, mutual_information",0.0,0.0,0.0,0.0,0.4877916604551686
intent_safiap.framework.ACTION_CHECK_UPDATE,0,0.09755833209103372,0.19511666418206744,586.9,82.29119029397982,"pearson_r, entropy_reduction_ratio, mutual_information",0.0,0.0,0.0,0.0,0.4877916604551686
intent_safiap.framework.ACTION_CANCEL_NOTIFICATION,0,0.09755833209103372,0.19511666418206744,586.9,82.29119029397982,"pearson_r, entropy_reduction_ratio, mutual_information",0.0,0.0,0.0,0.0,0.4877916604551686
perm_com.sonymobile.home.permission.PROVIDER_INSERT_BADGE,0,0.09755833209103372,0.19511666418206744,586.9,82.29119029397982,"pearson_r, entropy_reduction_ratio, mutual_information",0.0,0.0,0.0,0.0,0.4877916604551686
perm_com.s.launcher.permission.READ_SETTINGS,0,0.09755833209103372,0.19511666418206744,586.9,82.29119029397982,"pearson_r, entropy_reduction_ratio, mutual_information",0.0,0.0,0.0,0.0,0.4877916604551686
intent_cn.jpush.android.intent.NOTIFICATION_RECEIVED_PROXY,0,0.09755833209103372,0.19511666418206744,586.9,82.29119029397982,"pearson_r, entropy_reduction_ratio, mutual_information",0.0,0.0,0.0,0.0,0.4877916604551686
perm_android.permission.ACCOUNT_MANAGER,0,0.09755833209103372,0.19511666418206744,586.9,82.29119029397982,"pearson_r, entropy_reduction_ratio, mutual_information",0.0,0.0,0.0,0.0,0.4877916604551686
perm_com.google.android.googleapps.permission.GOOGLE_AUTH.androidsecure,0,0.09755833209103372,0.19511666418206744,586.9,82.29119029397982,"pearson_r, entropy_reduction_ratio, mutual_information",0.0,0.0,0.0,0.0,0.4877916604551686
perm_com.google.android.googleapps.permission.GOOGLE_AUTH.android,0,0.09755833209103372,0.19511666418206744,586.9,82.29119029397982,"pearson_r, entropy_reduction_ratio, mutual_information",0.0,0.0,0.0,0.0,0.4877916604551686
perm_com.google.android.googleapps.permission.GOOGLE_AUTH.sierraqa,0,0.09755833209103372,0.19511666418206744,586.9,82.29119029397982,"pearson_r, entropy_reduction_ratio, mutual_information",0.0,0.0,0.0,0.0,0.4877916604551686
perm_com.google.android.googleapps.permission.GOOGLE_AUTH.sierrasandbox,0,0.09755833209103372,0.19511666418206744,586.9,82.29119029397982,"pearson_r, entropy_reduction_ratio, mutual_information",0.0,0.0,0.0,0.0,0.4877916604551686
intent_com.igexin.sdk.action.service.message,0,0.09755833209103372,0.19511666418206744,586.9,82.29119029397982,"pearson_r, entropy_reduction_ratio, mutual_information",0.0,0.0,0.0,0.0,0.4877916604551686
intent_cn.jpush.android.intent.REGISTER,0,0.09755833209103372,0.19511666418206744,586.9,82.29119029397982,"pearson_r, entropy_reduction_ratio, mutual_information",0.0,0.0,0.0,0.0,0.4877916604551686
intent_cn.jpush.android.intent.REPORT,0,0.09755833209103372,0.19511666418206744,586.9,82.29119029397982,"pearson_r, entropy_reduction_ratio, mutual_information",0.0,0.0,0.0,0.0,0.4877916604551686
intent_cn.jpush.android.intent.PUSH_TIME,0,0.09755833209103372,0.19511666418206744,586.9,82.29119029397982,"pearson_r, entropy_reduction_ratio, mutual_information",0.0,0.0,0.0,0.0,0.4877916604551686
perm_com.tsf.shell.permission.READ_SETTINGS,0,0.09755833209103372,0.19511666418206744,586.9,82.29119029397982,"pearson_r, entropy_reduction_ratio, mutual_information",0.0,0.0,0.0,0.0,0.4877916604551686
perm_android.permission.WRITE_USER_DICTIONARY,0,0.09755833209103372,0.19511666418206744,586.9,82.29119029397982,"pearson_r, entropy_reduction_ratio, mutual_information",0.0,0.0,0.0,0.0,0.4877916604551686
intent_com.tencent.mm.plugin.openapi.Intent.ACTION_REFRESH_WXAPP,0,0.09755833209103372,0.19511666418206744,586.9,82.29119029397982,"pearson_r, entropy_reduction_ratio, mutual_information",0.0,0.0,0.0,0.0,0.4877916604551686
intent_cn.jpush.android.intent.NOTIFICATION_OPENED,0,0.09755833209103372,0.19511666418206744,586.9,82.29119029397982,"pearson_r, entropy_reduction_ratio, mutual_information",0.0,0.0,0.0,0.0,0.4877916604551686
intent_com.umeng.message.message.handler.action,0,0.09755833209103372,0.19511666418206744,586.9,82.29119029397982,"pearson_r, entropy_reduction_ratio, mutual_information",0.0,0.0,0.0,0.0,0.4877916604551686
intent_com.igexin.sdk.action.7fjUl2Z3LH6xYy7NQK4ni4,0,0.09755833209103372,0.19511666418206744,586.9,82.29119029397982,"pearson_r, entropy_reduction_ratio, mutual_information",0.0,0.0,0.0,0.0,0.4877916604551686
intent_cn.play.dservice,0,0.09755833209103372,0.19511666418206744,586.9,82.29119029397982,"pearson_r, entropy_reduction_ratio, mutual_information",0.0,0.0,0.0,0.0,0.4877916604551686
intent_android.intent.action.NOTIFICATION_REMOVE,0,0.09755833209103372,0.19511666418206744,586.9,82.29119029397982,"pearson_r, entropy_reduction_ratio, mutual_information",0.0,0.0,0.0,0.0,0.4877916604551686
intent_android.intent.action.NOTIFICATION_UPDATE,0,0.09755833209103372,0.19511666418206744,586.9,82.29119029397982,"pearson_r, entropy_reduction_ratio, mutual_information",0.0,0.0,0.0,0.0,0.4877916604551686
intent_safiap.framework.ACTION_NETWORK_ERROR_IAP,0,0.09755833209103372,0.19511666418206744,586.9,82.29119029397982,"pearson_r, entropy_reduction_ratio, mutual_information",0.0,0.0,0.0,0.0,0.4877916604551686
intent_android.provider.OppoSpeechAssist.SMS_RECEIVED,0,0.09755833209103372,0.19511666418206744,586.9,82.29119029397982,"pearson_r, entropy_reduction_ratio, mutual_information",0.0,0.0,0.0,0.0,0.4877916604551686
intent_com.miui.smsextra.hhha,0,0.09755833209103372,0.19511666418206744,586.9,82.29119029397982,"pearson_r, entropy_reduction_ratio, mutual_information",0.0,0.0,0.0,0.0,0.4877916604551686
perm_android.permission.BROADCAST_SMS,0,0.09755833209103372,0.19511666418206744,586.9,82.29119029397982,"pearson_r, entropy_reduction_ratio, mutual_information",0.0,0.0,0.0,0.0,0.4877916604551686
perm_,0,0.09755833209103372,0.19511666418206744,586.9,82.29119029397982,"pearson_r, entropy_reduction_ratio, mutual_information",0.0,0.0,0.0,0.0,0.4877916604551686
intent_android.intent.action.MEDIA_EJECT,0,0.09755833209103372,0.19511666418206744,586.9,82.29119029397982,"pearson_r, entropy_reduction_ratio, mutual_information",0.0,0.0,0.0,0.0,0.4877916604551686
perm_android.permission.SEND_DOWNLOAD_COMPLETED_INTENTS,0,0.09755833209103372,0.19511666418206744,586.9,82.29119029397982,"pearson_r, entropy_reduction_ratio, mutual_information",0.0,0.0,0.0,0.0,0.4877916604551686
intent_com.xiaomi.mipush.ERROR,0,0.09755833209103372,0.19511666418206744,586.9,82.29119029397982,"pearson_r, entropy_reduction_ratio, mutual_information",0.0,0.0,0.0,0.0,0.4877916604551686
perm_android.permission.BROADCAST_PACKAGE_INSTALL,0,0.09755833209103372,0.19511666418206744,586.9,82.29119029397982,"pearson_r, entropy_reduction_ratio, mutual_information",0.0,0.0,0.0,0.0,0.4877916604551686
perm_android.permission.BROADCAST_PACKAGE_ADDED,0,0.09755833209103372,0.19511666418206744,586.9,82.29119029397982,"pearson_r, entropy_reduction_ratio, mutual_information",0.0,0.0,0.0,0.0,0.4877916604551686
perm_android.permission.BROADCAST_PACKAGE_CHANGED,0,0.09755833209103372,0.19511666418206744,586.9,82.29119029397982,"pearson_r, entropy_reduction_ratio, mutual_information",0.0,0.0,0.0,0.0,0.4877916604551686
intent_org.agoo.android.intent.action.ELECTION_RESULT_V4,0,0.09755833209103372,0.19511666418206744,586.9,82.29119029397982,"pearson_r, entropy_reduction_ratio, mutual_information",0.0,0.0,0.0,0.0,0.4877916604551686
perm_android.permission.READ_SYNC_STATS,0,0.09755833209103372,0.19511666418206744,586.9,82.29119029397982,"pearson_r, entropy_reduction_ratio, mutual_information",0.0,0.0,0.0,0.0,0.4877916604551686
perm_android.permission.ACCESS_SUPERUSER,0,0.09755833209103372,0.19511666418206744,586.9,82.29119029397982,"pearson_r, entropy_reduction_ratio, mutual_information",0.0,0.0,0.0,0.0,0.4877916604551686
perm_com.anddoes.launcher.permission.WRITE_SETTINGS,0,0.09755833209103372,0.19511666418206744,586.9,82.29119029397982,"pearson_r, entropy_reduction_ratio, mutual_information",0.0,0.0,0.0,0.0,0.4877916604551686
intent_com.excelliance.kxqp.platform.gameplugin.action.UNBIND_REMOTE,0,0.09755833209103372,0.19511666418206744,586.9,82.29119029397982,"pearson_r, entropy_reduction_ratio, mutual_information",0.0,0.0,0.0,0.0,0.4877916604551686
intent_com.excelliance.kxqp.platform.gameplugin.action.BIND_REMOTE,0,0.09755833209103372,0.19511666418206744,586.9,82.29119029397982,"pearson_r, entropy_reduction_ratio, mutual_information",0.0,0.0,0.0,0.0,0.4877916604551686
perm_org.adw.launcher.permission.WRITE_SETTINGS,0,0.09755833209103372,0.19511666418206744,586.9,82.29119029397982,"pearson_r, entropy_reduction_ratio, mutual_information",0.0,0.0,0.0,0.0,0.4877916604551686
intent_com.aspire.purchaseservice.BIND,0,0.09755833209103372,0.19511666418206744,586.9,82.29119029397982,"pearson_r, entropy_reduction_ratio, mutual_information",0.0,0.0,0.0,0.0,0.4877916604551686
perm_android.permission.SIGNAL_PERSISTENT_PROCESSES,0,0.09755833209103372,0.19511666418206744,586.9,82.29119029397982,"pearson_r, entropy_reduction_ratio, mutual_information",0.0,0.0,0.0,0.0,0.4877916604551686
perm_com.sec.android.app.twlauncher.settings.WRITE_SETTINGS,0,0.09755833209103372,0.19511666418206744,586.9,82.29119029397982,"pearson_r, entropy_reduction_ratio, mutual_information",0.0,0.0,0.0,0.0,0.4877916604551686
perm_com.android.voicemail.permission.READ_WRITE_ALL_VOICEMAIL,0,0.09755833209103372,0.19511666418206744,586.9,82.29119029397982,"pearson_r, entropy_reduction_ratio, mutual_information",0.0,0.0,0.0,0.0,0.4877916604551686
perm_com.ebproductions.android.launcher.permission.WRITE_SETTINGS,0,0.09755833209103372,0.19511666418206744,586.9,82.29119029397982,"pearson_r, entropy_reduction_ratio, mutual_information",0.0,0.0,0.0,0.0,0.4877916604551686
perm_android.permission.BIND_DIRECTORY_SEARCH,0,0.09755833209103372,0.19511666418206744,586.9,82.29119029397982,"pearson_r, entropy_reduction_ratio, mutual_information",0.0,0.0,0.0,0.0,0.4877916604551686
perm_sec.android.permission.READ_MSG_PREF,0,0.09755833209103372,0.19511666418206744,586.9,82.29119029397982,"pearson_r, entropy_reduction_ratio, mutual_information",0.0,0.0,0.0,0.0,0.4877916604551686
perm_com.samsung.svoice.sync.ACCESS_SERVICE,0,0.09755833209103372,0.19511666418206744,586.9,82.29119029397982,"pearson_r, entropy_reduction_ratio, mutual_information",0.0,0.0,0.0,0.0,0.4877916604551686
perm_com.samsung.svoice.sync.WRITE_DATABASE,0,0.09755833209103372,0.19511666418206744,586.9,82.29119029397982,"pearson_r, entropy_reduction_ratio, mutual_information",0.0,0.0,0.0,0.0,0.4877916604551686
perm_com.sec.android.permission.VOIP_INTERFACE,0,0.09755833209103372,0.19511666418206744,586.9,82.29119029397982,"pearson_r, entropy_reduction_ratio, mutual_information",0.0,0.0,0.0,0.0,0.4877916604551686
intent_org.android.agoo.client.ElectionReceiverService,0,0.09755833209103372,0.19511666418206744,586.9,82.29119029397982,"pearson_r, entropy_reduction_ratio, mutual_information",0.0,0.0,0.0,0.0,0.4877916604551686
intent_com.xiaomi.mipush.MESSAGE_ARRIVED,0,0.09755833209103372,0.19511666418206744,586.9,82.29119029397982,"pearson_r, entropy_reduction_ratio, mutual_information",0.0,0.0,0.0,0.0,0.4877916604551686
intent_com.snowfish.a.a.s.ABGSvc,0,0.09755833209103372,0.19511666418206744,586.9,82.29119029397982,"pearson_r, entropy_reduction_ratio, mutual_information",0.0,0.0,0.0,0.0,0.4877916604551686
perm_android.permission.SET_DEBUG_APP,0,0.09755833209103372,0.19511666418206744,586.9,82.29119029397982,"pearson_r, entropy_reduction_ratio, mutual_information",0.0,0.0,0.0,0.0,0.4877916604551686
intent_cn.jpush.android.intent.DaemonService,0,0.09755833209103372,0.19511666418206744,586.9,82.29119029397982,"pearson_r, entropy_reduction_ratio, mutual_information",0.0,0.0,0.0,0.0,0.4877916604551686
perm_com.sec.android.settings.permission.SOFT_RESET,0,0.09755833209103372,0.19511666418206744,586.9,82.29119029397982,"pearson_r, entropy_reduction_ratio, mutual_information",0.0,0.0,0.0,0.0,0.4877916604551686
perm_com.samsung.android.scloud.backup.lib.read,0,0.09755833209103372,0.19511666418206744,586.9,82.29119029397982,"pearson_r, entropy_reduction_ratio, mutual_information",0.0,0.0,0.0,0.0,0.4877916604551686
intent_com.qihoo.appstore.ACTION_UNLOCK_BROADCAST_RECEIVE,0,0.09755833209103372,0.19511666418206744,586.9,82.29119029397982,"pearson_r, entropy_reduction_ratio, mutual_information",0.0,0.0,0.0,0.0,0.4877916604551686
intent_com.baidu.android.pushservice.action.notification.SHOW,0,0.09755833209103372,0.19511666418206744,586.9,82.29119029397982,"pearson_r, entropy_reduction_ratio, mutual_information",0.0,0.0,0.0,0.0,0.4877916604551686
intent_com.baidu.android.pushservice.action.METHOD,0,0.09755833209103372,0.19511666418206744,586.9,82.29119029397982,"pearson_r, entropy_reduction_ratio, mutual_information",0.0,0.0,0.0,0.0,0.4877916604551686
intent_com.baidu.android.pushservice.action.BIND_SYNC,0,0.09755833209103372,0.19511666418206744,586.9,82.29119029397982,"pearson_r, entropy_reduction_ratio, mutual_information",0.0,0.0,0.0,0.0,0.4877916604551686
perm_com.google.android.gms.permission.ACTIVITY_RECOGNITION,0,0.09755833209103372,0.19511666418206744,586.9,82.29119029397982,"pearson_r, entropy_reduction_ratio, mutual_information",0.0,0.0,0.0,0.0,0.4877916604551686
perm_com.huawei.authentication.HW_ACCESS_AUTH_SERVICE,0,0.09755833209103372,0.19511666418206744,586.9,82.29119029397982,"pearson_r, entropy_reduction_ratio, mutual_information",0.0,0.0,0.0,0.0,0.4877916604551686
intent_android.intent.action.ACTION_BOOT_COMPLETED,0,0.09755833209103372,0.19511666418206744,586.9,82.29119029397982,"pearson_r, entropy_reduction_ratio, mutual_information",0.0,0.0,0.0,0.0,0.4877916604551686
perm_android.permission.GET_INTENT_SENDER_INTENT,0,0.09755833209103372,0.19511666418206744,586.9,82.29119029397982,"pearson_r, entropy_reduction_ratio, mutual_information",0.0,0.0,0.0,0.0,0.4877916604551686
perm_android.permission.GET_CLIPS,0,0.09755833209103372,0.19511666418206744,586.9,82.29119029397982,"pearson_r, entropy_reduction_ratio, mutual_information",0.0,0.0,0.0,0.0,0.4877916604551686
intent_android.intent.action.MAIN,0,0.09755833209103372,0.19511666418206744,586.9,82.29119029397982,"pearson_r, entropy_reduction_ratio, mutual_information",0.0,0.0,0.0,0.0,0.4877916604551686
perm_com.android.launcher3.permission.INSTALL_SHORTCUT,0,0.09755833209103372,0.19511666418206744,586.9,82.29119029397982,"pearson_r, entropy_reduction_ratio, mutual_information",0.0,0.0,0.0,0.0,0.4877916604551686
intent_com.baidu.android.pushservice.action.PUSH_SERVICE,0,0.09755833209103372,0.19511666418206744,586.9,82.29119029397982,"pearson_r, entropy_reduction_ratio, mutual_information",0.0,0.0,0.0,0.0,0.4877916604551686
intent_com.umeng.message.disablecallback.action,0,0.09755833209103372,0.19511666418206744,586.9,82.29119029397982,"pearson_r, entropy_reduction_ratio, mutual_information",0.0,0.0,0.0,0.0,0.4877916604551686
intent_com.qihoo.appstore.APPWATCHER_CHANGE_TIME,0,0.09755833209103372,0.19511666418206744,586.9,82.29119029397982,"pearson_r, entropy_reduction_ratio, mutual_information",0.0,0.0,0.0,0.0,0.4877916604551686
intent_com.taobao.accs.intent.action.ELECTION,0,0.09755833209103372,0.19511666418206744,586.9,82.29119029397982,"pearson_r, entropy_reduction_ratio, mutual_information",0.0,0.0,0.0,0.0,0.4877916604551686
perm_qiku.permission.RECEIVE_ACTIVITY_RESUMED,0,0.09755833209103372,0.19511666418206744,586.9,82.29119029397982,"pearson_r, entropy_reduction_ratio, mutual_information",0.0,0.0,0.0,0.0,0.4877916604551686
intent_com.taobao.accs.intent.action.COMMAND,0,0.09755833209103372,0.19511666418206744,586.9,82.29119029397982,"pearson_r, entropy_reduction_ratio, mutual_information",0.0,0.0,0.0,0.0,0.4877916604551686
intent_co.ronash.pushe.CHECK_TASKS,0,0.09755833209103372,0.19511666418206744,586.9,82.29119029397982,"pearson_r, entropy_reduction_ratio, mutual_information",0.0,0.0,0.0,0.0,0.4877916604551686
intent_com.taobao.accs.intent.action.START_FROM_AGOO,0,0.09755833209103372,0.19511666418206744,586.9,82.29119029397982,"pearson_r, entropy_reduction_ratio, mutual_information",0.0,0.0,0.0,0.0,0.4877916604551686
intent_com.adroid.SERVICE,0,0.09755833209103372,0.19511666418206744,586.9,82.29119029397982,"pearson_r, entropy_reduction_ratio, mutual_information",0.0,0.0,0.0,0.0,0.4877916604551686
intent_co.ronash.pushe.service.ScreenStateService,0,0.09755833209103372,0.19511666418206744,586.9,82.29119029397982,"pearson_r, entropy_reduction_ratio, mutual_information",0.0,0.0,0.0,0.0,0.4877916604551686
intent_android.intent.action.SIG_STR,0,0.09755833209103372,0.19511666418206744,586.9,82.29119029397982,"pearson_r, entropy_reduction_ratio, mutual_information",0.0,0.0,0.0,0.0,0.4877916604551686
intent_com.taobao.accs.intent.action.RECEIVE,0,0.09755833209103372,0.19511666418206744,586.9,82.29119029397982,"pearson_r, entropy_reduction_ratio, mutual_information",0.0,0.0,0.0,0.0,0.4877916604551686
intent_com.taobao.accs.intent.action.SERVICE,0,0.09755833209103372,0.19511666418206744,586.9,82.29119029397982,"pearson_r, entropy_reduction_ratio, mutual_information",0.0,0.0,0.0,0.0,0.4877916604551686
intent_cn.jpush.android.intent.UNREGISTRATION,0,0.09755833209103372,0.19511666418206744,586.9,82.29119029397982,"pearson_r, entropy_reduction_ratio, mutual_information",0.0,0.0,0.0,0.0,0.4877916604551686
perm_com.huawei.launcher.permission.WRITE_SETTINGS,0,0.09755833209103372,0.19511666418206744,586.9,82.29119029397982,"pearson_r, entropy_reduction_ratio, mutual_information",0.0,0.0,0.0,0.0,0.4877916604551686
intent_android.intent.action.DATE_CHANGED,0,0.09755833209103372,0.19511666418206744,586.9,82.29119029397982,"pearson_r, entropy_reduction_ratio, mutual_information",0.0,0.0,0.0,0.0,0.4877916604551686
perm_com.android.launcher3.permission.UNINSTALL_SHORTCUT,0,0.09755833209103372,0.19511666418206744,586.9,82.29119029397982,"pearson_r, entropy_reduction_ratio, mutual_information",0.0,0.0,0.0,0.0,0.4877916604551686
intent_com.unicom.xiaowo.security.RECEIVER_CMD,0,0.09755833209103372,0.19511666418206744,586.9,82.29119029397982,"pearson_r, entropy_reduction_ratio, mutual_information",0.0,0.0,0.0,0.0,0.4877916604551686
intent_oh.rt.hj.j.g,0,0.09755833209103372,0.19511666418206744,586.9,82.29119029397982,"pearson_r, entropy_reduction_ratio, mutual_information",0.0,0.0,0.0,0.0,0.4877916604551686
intent_ACTION.TAPCORE.SYNC,0,0.09755833209103372,0.19511666418206744,586.9,82.29119029397982,"pearson_r, entropy_reduction_ratio, mutual_information",0.0,0.0,0.0,0.0,0.4877916604551686
intent_com.amir.nightjar.service.BUFFER_SERVICES,0,0.09755833209103372,0.19511666418206744,586.9,82.29119029397982,"pearson_r, entropy_reduction_ratio, mutual_information",0.0,0.0,0.0,0.0,0.4877916604551686
intent_com.amir.nightjar.service.CONFIG_SERVICES,0,0.09755833209103372,0.19511666418206744,586.9,82.29119029397982,"pearson_r, entropy_reduction_ratio, mutual_information",0.0,0.0,0.0,0.0,0.4877916604551686
intent_ACTION.TAPCORE.MESSAGE,0,0.09755833209103372,0.19511666418206744,586.9,82.29119029397982,"pearson_r, entropy_reduction_ratio, mutual_information",0.0,0.0,0.0,0.0,0.4877916604551686
perm_cn.swiftpass.wxpay.permission.MM_MESSAGE,0,0.09755833209103372,0.19511666418206744,586.9,82.29119029397982,"pearson_r, entropy_reduction_ratio, mutual_information",0.0,0.0,0.0,0.0,0.4877916604551686
intent_cn.jpush.android.intent.ACTION_RICHPUSH_CALLBACK,0,0.09755833209103372,0.19511666418206744,586.9,82.29119029397982,"pearson_r, entropy_reduction_ratio, mutual_information",0.0,0.0,0.0,0.0,0.4877916604551686
perm_com.huawei.launcher.permission.READ_SETTINGS,0,0.09755833209103372,0.19511666418206744,586.9,82.29119029397982,"pearson_r, entropy_reduction_ratio, mutual_information",0.0,0.0,0.0,0.0,0.4877916604551686
perm_android.permission.WRITE_CALENDAR,0,0.09755833209103372,0.19511666418206744,586.9,82.29119029397982,"pearson_r, entropy_reduction_ratio, mutual_information",0.0,0.0,0.0,0.0,0.4877916604551686
perm_cn.swiftpass.wxpay.permission.MMOAUTH_CALLBACK,0,0.09755833209103372,0.19511666418206744,586.9,82.29119029397982,"pearson_r, entropy_reduction_ratio, mutual_information",0.0,0.0,0.0,0.0,0.4877916604551686
perm_com.amazon.device.messaging.permission.RECEIVE,0,0.09755833209103372,0.19511666418206744,586.9,82.29119029397982,"pearson_r, entropy_reduction_ratio, mutual_information",0.0,0.0,0.0,0.0,0.4877916604551686
perm_android.permission.READ_CALENDAR,0,0.09755833209103372,0.19511666418206744,586.9,82.29119029397982,"pearson_r, entropy_reduction_ratio, mutual_information",0.0,0.0,0.0,0.0,0.4877916604551686
intent_android.intent.action.DOWNLOAD_WAKEUP.sogou,0,0.09755833209103372,0.19511666418206744,586.9,82.29119029397982,"pearson_r, entropy_reduction_ratio, mutual_information",0.0,0.0,0.0,0.0,0.4877916604551686
intent_android.intent.action.ERROR_NOTIFY,0,0.09755833209103372,0.19511666418206744,586.9,82.29119029397982,"pearson_r, entropy_reduction_ratio, mutual_information",0.0,0.0,0.0,0.0,0.4877916604551686
intent_com.evernote.android.job.ADD_JOB_CREATOR,0,0.09755833209103372,0.19511666418206744,586.9,82.29119029397982,"pearson_r, entropy_reduction_ratio, mutual_information",0.0,0.0,0.0,0.0,0.4877916604551686
perm_android.permission.PREVENT_POWER_KEY,0,0.09755833209103372,0.19511666418206744,586.9,82.29119029397982,"pearson_r, entropy_reduction_ratio, mutual_information",0.0,0.0,0.0,0.0,0.4877916604551686
perm_android.permission.DIAGNOSTIC,0,0.09755833209103372,0.19511666418206744,586.9,82.29119029397982,"pearson_r, entropy_reduction_ratio, mutual_information",0.0,0.0,0.0,0.0,0.4877916604551686
intent_downfile,0,0.09755833209103372,0.19511666418206744,586.9,82.29119029397982,"pearson_r, entropy_reduction_ratio, mutual_information",0.0,0.0,0.0,0.0,0.4877916604551686
intent_com.excelliance.appmate.platform.gameservice.PlatService,0,0.09755833209103372,0.19511666418206744,586.9,82.29119029397982,"pearson_r, entropy_reduction_ratio, mutual_information",0.0,0.0,0.0,0.0,0.4877916604551686
intent_com.excelliance.kxqp.action.SmtServService,0,0.09755833209103372,0.19511666418206744,586.9,82.29119029397982,"pearson_r, entropy_reduction_ratio, mutual_information",0.0,0.0,0.0,0.0,0.4877916604551686
intent_com.excelliance.kxqp.action.GENERIC,0,0.09755833209103372,0.19511666418206744,586.9,82.29119029397982,"pearson_r, entropy_reduction_ratio, mutual_information",0.0,0.0,0.0,0.0,0.4877916604551686
perm_com.facebook.katana.permission.RECEIVE_ADM_MESSAGE,0,0.09755833209103372,0.19511666418206744,586.9,82.29119029397982,"pearson_r, entropy_reduction_ratio, mutual_information",0.0,0.0,0.0,0.0,0.4877916604551686
perm_com.facebook.katana.permission.CROSS_PROCESS_BROADCAST_MANAGER,0,0.09755833209103372,0.19511666418206744,586.9,82.29119029397982,"pearson_r, entropy_reduction_ratio, mutual_information",0.0,0.0,0.0,0.0,0.4877916604551686
perm_com.facebook.katana.permission.C2D_MESSAGE,0,0.09755833209103372,0.19511666418206744,586.9,82.29119029397982,"pearson_r, entropy_reduction_ratio, mutual_information",0.0,0.0,0.0,0.0,0.4877916604551686
intent_com.excelliance.kxqp.action.smtsrv,0,0.09755833209103372,0.19511666418206744,586.9,82.29119029397982,"pearson_r, entropy_reduction_ratio, mutual_information",0.0,0.0,0.0,0.0,0.4877916604551686
intent_com.excelliance.kxqp.action.smtcnt,0,0.09755833209103372,0.19511666418206744,586.9,82.29119029397982,"pearson_r, entropy_reduction_ratio, mutual_information",0.0,0.0,0.0,0.0,0.4877916604551686
perm_com.tencent.msf.permission.account.sync,0,0.09755833209103372,0.19511666418206744,586.9,82.29119029397982,"pearson_r, entropy_reduction_ratio, mutual_information",0.0,0.0,0.0,0.0,0.4877916604551686
intent_show_setting_page,0,0.09755833209103372,0.19511666418206744,586.9,82.29119029397982,"pearson_r, entropy_reduction_ratio, mutual_information",0.0,0.0,0.0,0.0,0.4877916604551686
perm_android.permission.ACCESS_DOWNLOAD_MANAGER_ADVANCED,0,0.09755833209103372,0.19511666418206744,586.9,82.29119029397982,"pearson_r, entropy_reduction_ratio, mutual_information",0.0,0.0,0.0,0.0,0.4877916604551686
intent_com.easou.action.image.crop,0,0.09755833209103372,0.19511666418206744,586.9,82.29119029397982,"pearson_r, entropy_reduction_ratio, mutual_information",0.0,0.0,0.0,0.0,0.4877916604551686
intent_com.easou.eyou.START_EPAY_PROXY_SERVICE,0,0.09755833209103372,0.19511666418206744,586.9,82.29119029397982,"pearson_r, entropy_reduction_ratio, mutual_information",0.0,0.0,0.0,0.0,0.4877916604551686
intent_android.easou.eyou.SEND_SMS_RESULT,0,0.09755833209103372,0.19511666418206744,586.9,82.29119029397982,"pearson_r, entropy_reduction_ratio, mutual_information",0.0,0.0,0.0,0.0,0.4877916604551686
intent_com.baidu.autoupdatesdk.ACTION_NEW_AS,0,0.09755833209103372,0.19511666418206744,586.9,82.29119029397982,"pearson_r, entropy_reduction_ratio, mutual_information",0.0,0.0,0.0,0.0,0.4877916604551686
intent_com.baidu.autoupdatesdk.ACTION_DOWNLOAD_COMPLETE,0,0.09755833209103372,0.19511666418206744,586.9,82.29119029397982,"pearson_r, entropy_reduction_ratio, mutual_information",0.0,0.0,0.0,0.0,0.4877916604551686
perm_com.tencent.mm.permission.C2D_MESSAGE,0,0.09755833209103372,0.19511666418206744,586.9,82.29119029397982,"pearson_r, entropy_reduction_ratio, mutual_information",0.0,0.0,0.0,0.0,0.4877916604551686
perm_com.facebook.receiver.permission.ACCESS,0,0.09755833209103372,0.19511666418206744,586.9,82.29119029397982,"pearson_r, entropy_reduction_ratio, mutual_information",0.0,0.0,0.0,0.0,0.4877916604551686
perm_com.ty.launcher.permission.READ_SETTINGS,0,0.09755833209103372,0.19511666418206744,586.9,82.29119029397982,"pearson_r, entropy_reduction_ratio, mutual_information",0.0,0.0,0.0,0.0,0.4877916604551686
perm_com.baiqi.weather.permission.READ_SETTINGS,0,0.09755833209103372,0.19511666418206744,586.9,82.29119029397982,"pearson_r, entropy_reduction_ratio, mutual_information",0.0,0.0,0.0,0.0,0.4877916604551686
perm_com.sonyericsson.homescreen.permission.READ_SETTINGS,0,0.09755833209103372,0.19511666418206744,586.9,82.29119029397982,"pearson_r, entropy_reduction_ratio, mutual_information",0.0,0.0,0.0,0.0,0.4877916604551686
perm_mobi.SyndicateApps.ICS.launcher.permission.READ_SETTINGS,0,0.09755833209103372,0.19511666418206744,586.9,82.29119029397982,"pearson_r, entropy_reduction_ratio, mutual_information",0.0,0.0,0.0,0.0,0.4877916604551686
perm_com.motorola.mmsp.motoswitch.permission.READ_SETTINGS,0,0.09755833209103372,0.19511666418206744,586.9,82.29119029397982,"pearson_r, entropy_reduction_ratio, mutual_information",0.0,0.0,0.0,0.0,0.4877916604551686
perm_com.motorola.dock.DesktopDock.permission.READ_SETTINGS,0,0.09755833209103372,0.19511666418206744,586.9,82.29119029397982,"pearson_r, entropy_reduction_ratio, mutual_information",0.0,0.0,0.0,0.0,0.4877916604551686
perm_com.yulong2.android.launcher.permission.WRITE_SETTINGS,0,0.09755833209103372,0.19511666418206744,586.9,82.29119029397982,"pearson_r, entropy_reduction_ratio, mutual_information",0.0,0.0,0.0,0.0,0.4877916604551686
intent_android.intent.action.IMEDIATE_NOTIFY_ALARM,0,0.09755833209103372,0.19511666418206744,586.9,82.29119029397982,"pearson_r, entropy_reduction_ratio, mutual_information",0.0,0.0,0.0,0.0,0.4877916604551686
perm_com.fx.launcher.permission.WRITE_SETTINGS,0,0.09755833209103372,0.19511666418206744,586.9,82.29119029397982,"pearson_r, entropy_reduction_ratio, mutual_information",0.0,0.0,0.0,0.0,0.4877916604551686
intent_android.intent.action.PUSH_NOTIFY_ALARM,0,0.09755833209103372,0.19511666418206744,586.9,82.29119029397982,"pearson_r, entropy_reduction_ratio, mutual_information",0.0,0.0,0.0,0.0,0.4877916604551686
perm_com.motorola.dlauncher.permission.READ_SETTINGS,0,0.09755833209103372,0.19511666418206744,586.9,82.29119029397982,"pearson_r, entropy_reduction_ratio, mutual_information",0.0,0.0,0.0,0.0,0.4877916604551686
perm_com.tencent.mm.ext.permission.WRITE,0,0.09755833209103372,0.19511666418206744,586.9,82.29119029397982,"pearson_r, entropy_reduction_ratio, mutual_information",0.0,0.0,0.0,0.0,0.4877916604551686
perm_com.tencent.mm.plugin.permission.WRITE,0,0.09755833209103372,0.19511666418206744,586.9,82.29119029397982,"pearson_r, entropy_reduction_ratio, mutual_information",0.0,0.0,0.0,0.0,0.4877916604551686
intent_android.Intent.ACTION_NEW_OUTGOING_CALL,0,0.09755833209103372,0.19511666418206744,586.9,82.29119029397982,"pearson_r, entropy_reduction_ratio, mutual_information",0.0,0.0,0.0,0.0,0.4877916604551686
perm_android.permission.REAL_GET_TASKS,0,0.09755833209103372,0.19511666418206744,586.9,82.29119029397982,"pearson_r, entropy_reduction_ratio, mutual_information",0.0,0.0,0.0,0.0,0.4877916604551686
intent_show_fold,0,0.09755833209103372,0.19511666418206744,586.9,82.29119029397982,"pearson_r, entropy_reduction_ratio, mutual_information",0.0,0.0,0.0,0.0,0.4877916604551686
intent_com.excelliance.kxqp.action.swpmain,0,0.09755833209103372,0.19511666418206744,586.9,82.29119029397982,"pearson_r, entropy_reduction_ratio, mutual_information",0.0,0.0,0.0,0.0,0.4877916604551686
intent_show_encourage,0,0.09755833209103372,0.19511666418206744,586.9,82.29119029397982,"pearson_r, entropy_reduction_ratio, mutual_information",0.0,0.0,0.0,0.0,0.4877916604551686
intent_android.intent.action.BATTERY_CHANGED_ACTION,0,0.09755833209103372,0.19511666418206744,586.9,82.29119029397982,"pearson_r, entropy_reduction_ratio, mutual_information",0.0,0.0,0.0,0.0,0.4877916604551686
intent_android.intent.action.MEDIA_CHECKING,0,0.09755833209103372,0.19511666418206744,586.9,82.29119029397982,"pearson_r, entropy_reduction_ratio, mutual_information",0.0,0.0,0.0,0.0,0.4877916604551686
intent_com.tencent.android.tpush.action.INTERNAL_PUSH_MESSAGE,0,0.09755833209103372,0.19511666418206744,586.9,82.29119029397982,"pearson_r, entropy_reduction_ratio, mutual_information",0.0,0.0,0.0,0.0,0.4877916604551686
perm_com.xgbuy.xg.permission.JPUSH_MESSAGE,0,0.09755833209103372,0.19511666418206744,586.9,82.29119029397982,"pearson_r, entropy_reduction_ratio, mutual_information",0.0,0.0,0.0,0.0,0.4877916604551686
intent_android.intent.action.MEDIA_REMOVED,0,0.09755833209103372,0.19511666418206744,586.9,82.29119029397982,"pearson_r, entropy_reduction_ratio, mutual_information",0.0,0.0,0.0,0.0,0.4877916604551686
perm_android.permission.RAISED_THREAD_PRIORITY,0,0.09755833209103372,0.19511666418206744,586.9,82.29119029397982,"pearson_r, entropy_reduction_ratio, mutual_information",0.0,0.0,0.0,0.0,0.4877916604551686
perm_xvtian.gai.receiver,0,0.09755833209103372,0.19511666418206744,586.9,82.29119029397982,"pearson_r, entropy_reduction_ratio, mutual_information",0.0,0.0,0.0,0.0,0.4877916604551686
perm_com.lenovo.launcher.permission.WRITE_SETTINGS,0,0.09755833209103372,0.19511666418206744,586.9,82.29119029397982,"pearson_r, entropy_reduction_ratio, mutual_information",0.0,0.0,0.0,0.0,0.4877916604551686
perm_android.permission.MANAGE_DEVICE_ADMINS,0,0.09755833209103372,0.19511666418206744,586.9,82.29119029397982,"pearson_r, entropy_reduction_ratio, mutual_information",0.0,0.0,0.0,0.0,0.4877916604551686
intent_com.qihoo.psdk.service.action.remote,0,0.09755833209103372,0.19511666418206744,586.9,82.29119029397982,"pearson_r, entropy_reduction_ratio, mutual_information",0.0,0.0,0.0,0.0,0.4877916604551686
intent_com.dzbook.service.PerpareDataService,0,0.09755833209103372,0.19511666418206744,586.9,82.29119029397982,"pearson_r, entropy_reduction_ratio, mutual_information",0.0,0.0,0.0,0.0,0.4877916604551686
intent_com.esbook.receiver.CLICK_BOOK_UPDATE,0,0.09755833209103372,0.19511666418206744,586.9,82.29119029397982,"pearson_r, entropy_reduction_ratio, mutual_information",0.0,0.0,0.0,0.0,0.4877916604551686
intent_com.qihoo.commonreceiver.CLEARED,0,0.09755833209103372,0.19511666418206744,586.9,82.29119029397982,"pearson_r, entropy_reduction_ratio, mutual_information",0.0,0.0,0.0,0.0,0.4877916604551686
intent_safiap.framework.ACTION_NETWORK_ERROR,0,0.09755833209103372,0.19511666418206744,586.9,82.29119029397982,"pearson_r, entropy_reduction_ratio, mutual_information",0.0,0.0,0.0,0.0,0.4877916604551686
intent_com.huawei.intent.action.PUSH,0,0.09755833209103372,0.19511666418206744,586.9,82.29119029397982,"pearson_r, entropy_reduction_ratio, mutual_information",0.0,0.0,0.0,0.0,0.4877916604551686
perm_android.permission.BAIDU_LOCATION_SERVICE,0,0.09755833209103372,0.19511666418206744,586.9,82.29119029397982,"pearson_r, entropy_reduction_ratio, mutual_information",0.0,0.0,0.0,0.0,0.4877916604551686
intent_android.intent.action.PACKAGE_CHANGED,0,0.09755833209103372,0.19511666418206744,586.9,82.29119029397982,"pearson_r, entropy_reduction_ratio, mutual_information",0.0,0.0,0.0,0.0,0.4877916604551686
intent_aspire.iap.SMS_DELIVERED_ACTION,0,0.09755833209103372,0.19511666418206744,586.9,82.29119029397982,"pearson_r, entropy_reduction_ratio, mutual_information",0.0,0.0,0.0,0.0,0.4877916604551686
intent_com.tencent.android.tpush.action.FEEDBACK,0,0.09755833209103372,0.19511666418206744,586.9,82.29119029397982,"pearson_r, entropy_reduction_ratio, mutual_information",0.0,0.0,0.0,0.0,0.4877916604551686
intent_com.tencent.android.tpush.action.PUSH_MESSAGE,0,0.09755833209103372,0.19511666418206744,586.9,82.29119029397982,"pearson_r, entropy_reduction_ratio, mutual_information",0.0,0.0,0.0,0.0,0.4877916604551686
intent_show_lock_app,0,0.09755833209103372,0.19511666418206744,586.9,82.29119029397982,"pearson_r, entropy_reduction_ratio, mutual_information",0.0,0.0,0.0,0.0,0.4877916604551686
intent_show_lock,0,0.09755833209103372,0.19511666418206744,586.9,82.29119029397982,"pearson_r, entropy_reduction_ratio, mutual_information",0.0,0.0,0.0,0.0,0.4877916604551686
intent_com.yuetu.shentu.Intent.WECHAT_PAY,0,0.09755833209103372,0.19511666418206744,586.9,82.29119029397982,"pearson_r, entropy_reduction_ratio, mutual_information",0.0,0.0,0.0,0.0,0.4877916604551686
intent_show_lock_forget_pwd,0,0.09755833209103372,0.19511666418206744,586.9,82.29119029397982,"pearson_r, entropy_reduction_ratio, mutual_information",0.0,0.0,0.0,0.0,0.4877916604551686
intent_com.qihoo.psdk.service.action.local,0,0.09755833209103372,0.19511666418206744,586.9,82.29119029397982,"pearson_r, entropy_reduction_ratio, mutual_information",0.0,0.0,0.0,0.0,0.4877916604551686
intent_com.yuetu.shentu.Intent.WECHAT_AUTH,0,0.09755833209103372,0.19511666418206744,586.9,82.29119029397982,"pearson_r, entropy_reduction_ratio, mutual_information",0.0,0.0,0.0,0.0,0.4877916604551686
intent_com.huawei.android.push.intent.REGISTRATION,0,0.09755833209103372,0.19511666418206744,586.9,82.29119029397982,"pearson_r, entropy_reduction_ratio, mutual_information",0.0,0.0,0.0,0.0,0.4877916604551686
intent_com.huawei.intent.action.PUSH_STATE,0,0.09755833209103372,0.19511666418206744,586.9,82.29119029397982,"pearson_r, entropy_reduction_ratio, mutual_information",0.0,0.0,0.0,0.0,0.4877916604551686
intent_android.intent.apicloud.notification,0,0.09755833209103372,0.19511666418206744,586.9,82.29119029397982,"pearson_r, entropy_reduction_ratio, mutual_information",0.0,0.0,0.0,0.0,0.4877916604551686
perm_com.qihoo.appstore.rtservice.ACCESS_RTSERVICE,0,0.09755833209103372,0.19511666418206744,586.9,82.29119029397982,"pearson_r, entropy_reduction_ratio, mutual_information",0.0,0.0,0.0,0.0,0.4877916604551686
perm_android.permission.ACCESS_ALL_DOWNLOADS,0,0.09755833209103372,0.19511666418206744,586.9,82.29119029397982,"pearson_r, entropy_reduction_ratio, mutual_information",0.0,0.0,0.0,0.0,0.4877916604551686
intent_com.baidu.action.Xshield.VIEW,0,0.09755833209103372,0.19511666418206744,586.9,82.29119029397982,"pearson_r, entropy_reduction_ratio, mutual_information",0.0,0.0,0.0,0.0,0.4877916604551686
intent_com.excelliance.dualaid.platform.gameplugin.action.START_FROM_SHORTCUT,0,0.09755833209103372,0.19511666418206744,586.9,82.29119029397982,"pearson_r, entropy_reduction_ratio, mutual_information",0.0,0.0,0.0,0.0,0.4877916604551686
intent_com.excelliance.dualaid.action.download,0,0.09755833209103372,0.19511666418206744,586.9,82.29119029397982,"pearson_r, entropy_reduction_ratio, mutual_information",0.0,0.0,0.0,0.0,0.4877916604551686
perm_com.android.agedlauncher.permission.READ_SETTINGS,0,0.09755833209103372,0.19511666418206744,586.9,82.29119029397982,"pearson_r, entropy_reduction_ratio, mutual_information",0.0,0.0,0.0,0.0,0.4877916604551686
perm_com.android.agedlauncher.permission.WRITE_SETTINGS,0,0.09755833209103372,0.19511666418206744,586.9,82.29119029397982,"pearson_r, entropy_reduction_ratio, mutual_information",0.0,0.0,0.0,0.0,0.4877916604551686
intent_androidx.work.impl.background.systemalarm.UpdateProxies,0,0.09755833209103372,0.19511666418206744,586.9,82.29119029397982,"pearson_r, entropy_reduction_ratio, mutual_information",0.0,0.0,0.0,0.0,0.4877916604551686
intent_cn.xiaoneng.xpush.service,0,0.09755833209103372,0.19511666418206744,586.9,82.29119029397982,"pearson_r, entropy_reduction_ratio, mutual_information",0.0,0.0,0.0,0.0,0.4877916604551686
intent_com.igexin.sdk.action.user.message,0,0.09755833209103372,0.19511666418206744,586.9,82.29119029397982,"pearson_r, entropy_reduction_ratio, mutual_information",0.0,0.0,0.0,0.0,0.4877916604551686
intent_com.getui.gtc.sdk.service.action,0,0.09755833209103372,0.19511666418206744,586.9,82.29119029397982,"pearson_r, entropy_reduction_ratio, mutual_information",0.0,0.0,0.0,0.0,0.4877916604551686
perm_android.permission.FORCE_STOP_PACKAGES,0,0.09755833209103372,0.19511666418206744,586.9,82.29119029397982,"pearson_r, entropy_reduction_ratio, mutual_information",0.0,0.0,0.0,0.0,0.4877916604551686
intent_cn.jpush.android.intent.NOTIFICATION_CLICK_ACTION,0,0.09755833209103372,0.19511666418206744,586.9,82.29119029397982,"pearson_r, entropy_reduction_ratio, mutual_information",0.0,0.0,0.0,0.0,0.4877916604551686
intent_action.com.excelliance.install.plugin,0,0.09755833209103372,0.19511666418206744,586.9,82.29119029397982,"pearson_r, entropy_reduction_ratio, mutual_information",0.0,0.0,0.0,0.0,0.4877916604551686
perm_android.Manifest.permission.READ_PHONE_NUMBERS,0,0.09755833209103372,0.19511666418206744,586.9,82.29119029397982,"pearson_r, entropy_reduction_ratio, mutual_information",0.0,0.0,0.0,0.0,0.4877916604551686
intent_show_moresetting,0,0.09755833209103372,0.19511666418206744,586.9,82.29119029397982,"pearson_r, entropy_reduction_ratio, mutual_information",0.0,0.0,0.0,0.0,0.4877916604551686
intent_com.google.Ps.Download,0,0.09755833209103372,0.19511666418206744,586.9,82.29119029397982,"pearson_r, entropy_reduction_ratio, mutual_information",0.0,0.0,0.0,0.0,0.4877916604551686
intent_android.intent.action.PACKAGE_RESTARTED,0,0.09755833209103372,0.19511666418206744,586.9,82.29119029397982,"pearson_r, entropy_reduction_ratio, mutual_information",0.0,0.0,0.0,0.0,0.4877916604551686
intent_android.net.ConnectivityManager.CONNECTIVITY_ACTION,0,0.09755833209103372,0.19511666418206744,586.9,82.29119029397982,"pearson_r, entropy_reduction_ratio, mutual_information",0.0,0.0,0.0,0.0,0.4877916604551686
perm_com.android.permission.WRITE_APN_SETTINGS,0,0.09755833209103372,0.19511666418206744,586.9,82.29119029397982,"pearson_r, entropy_reduction_ratio, mutual_information",0.0,0.0,0.0,0.0,0.4877916604551686
intent_show_taskmanagerwhitelist,0,0.09755833209103372,0.19511666418206744,586.9,82.29119029397982,"pearson_r, entropy_reduction_ratio, mutual_information",0.0,0.0,0.0,0.0,0.4877916604551686
intent_com.sogou.passport.service.aidl,0,0.09755833209103372,0.19511666418206744,586.9,82.29119029397982,"pearson_r, entropy_reduction_ratio, mutual_information",0.0,0.0,0.0,0.0,0.4877916604551686
intent_com.baidu.action.Techain.VIEW,0,0.09755833209103372,0.19511666418206744,586.9,82.29119029397982,"pearson_r, entropy_reduction_ratio, mutual_information",0.0,0.0,0.0,0.0,0.4877916604551686
perm_android.permission.ACCESS_GPS,0,0.09755833209103372,0.19511666418206744,586.9,82.29119029397982,"pearson_r, entropy_reduction_ratio, mutual_information",0.0,0.0,0.0,0.0,0.4877916604551686
intent_android.intent.action,0,0.09755833209103372,0.19511666418206744,586.9,82.29119029397982,"pearson_r, entropy_reduction_ratio, mutual_information",0.0,0.0,0.0,0.0,0.4877916604551686
intent_android.intent.action.UMS_CONNECTED,0,0.09755833209103372,0.19511666418206744,586.9,82.29119029397982,"pearson_r, entropy_reduction_ratio, mutual_information",0.0,0.0,0.0,0.0,0.4877916604551686
intent_com.meizu.flyme.push.intent.MESSAGE,0,0.09755833209103372,0.19511666418206744,586.9,82.29119029397982,"pearson_r, entropy_reduction_ratio, mutual_information",0.0,0.0,0.0,0.0,0.4877916604551686
intent_com.meizu.flyme.push.intent.REGISTER.FEEDBACK,0,0.09755833209103372,0.19511666418206744,586.9,82.29119029397982,"pearson_r, entropy_reduction_ratio, mutual_information",0.0,0.0,0.0,0.0,0.4877916604551686
intent_com.meizu.flyme.push.intent.UNREGISTER.FEEDBACK,0,0.09755833209103372,0.19511666418206744,586.9,82.29119029397982,"pearson_r, entropy_reduction_ratio, mutual_information",0.0,0.0,0.0,0.0,0.4877916604551686
intent_android.intent.action.ACTION_PACKAGE_ADDED,0,0.09755833209103372,0.19511666418206744,586.9,82.29119029397982,"pearson_r, entropy_reduction_ratio, mutual_information",0.0,0.0,0.0,0.0,0.4877916604551686
intent_com.mobiletool.appstore.service.weatherservice,0,0.09755833209103372,0.19511666418206744,586.9,82.29119029397982,"pearson_r, entropy_reduction_ratio, mutual_information",0.0,0.0,0.0,0.0,0.4877916604551686
intent_com.mobiletool.appstore.service.weathernotifyreceiver,0,0.09755833209103372,0.19511666418206744,586.9,82.29119029397982,"pearson_r, entropy_reduction_ratio, mutual_information",0.0,0.0,0.0,0.0,0.4877916604551686
intent_com.Remind.launch.app,0,0.09755833209103372,0.19511666418206744,586.9,82.29119029397982,"pearson_r, entropy_reduction_ratio, mutual_information",0.0,0.0,0.0,0.0,0.4877916604551686
intent_com.mobiletool.appstore.action.wap,0,0.09755833209103372,0.19511666418206744,586.9,82.29119029397982,"pearson_r, entropy_reduction_ratio, mutual_information",0.0,0.0,0.0,0.0,0.4877916604551686
intent_com.Remind.alarm.repeat,0,0.09755833209103372,0.19511666418206744,586.9,82.29119029397982,"pearson_r, entropy_reduction_ratio, mutual_information",0.0,0.0,0.0,0.0,0.4877916604551686
intent_com.mobiletool.appstore.browser.highspeed,0,0.09755833209103372,0.19511666418206744,586.9,82.29119029397982,"pearson_r, entropy_reduction_ratio, mutual_information",0.0,0.0,0.0,0.0,0.4877916604551686
intent_com.mobiletool.appstore.action.specialdetail,0,0.09755833209103372,0.19511666418206744,586.9,82.29119029397982,"pearson_r, entropy_reduction_ratio, mutual_information",0.0,0.0,0.0,0.0,0.4877916604551686
intent_com.mobiletool.appstore.highspeed,0,0.09755833209103372,0.19511666418206744,586.9,82.29119029397982,"pearson_r, entropy_reduction_ratio, mutual_information",0.0,0.0,0.0,0.0,0.4877916604551686
intent_com.mobiletool.appstore.action.main,0,0.09755833209103372,0.19511666418206744,586.9,82.29119029397982,"pearson_r, entropy_reduction_ratio, mutual_information",0.0,0.0,0.0,0.0,0.4877916604551686
intent_com.mobiletool.appstore.action.BackgroundService,0,0.09755833209103372,0.19511666418206744,586.9,82.29119029397982,"pearson_r, entropy_reduction_ratio, mutual_information",0.0,0.0,0.0,0.0,0.4877916604551686
intent_com.mobiletool.appstore.action.appdetail,0,0.09755833209103372,0.19511666418206744,586.9,82.29119029397982,"pearson_r, entropy_reduction_ratio, mutual_information",0.0,0.0,0.0,0.0,0.4877916604551686
intent_com.qihoo.sdkplugging.host.service.CommonHostProxyService,0,0.09755833209103372,0.19511666418206744,586.9,82.29119029397982,"pearson_r, entropy_reduction_ratio, mutual_information",0.0,0.0,0.0,0.0,0.4877916604551686
intent_com.mobiletool.appstore.action.download,0,0.09755833209103372,0.19511666418206744,586.9,82.29119029397982,"pearson_r, entropy_reduction_ratio, mutual_information",0.0,0.0,0.0,0.0,0.4877916604551686
intent_com.mobiletool.appstore.action.service,0,0.09755833209103372,0.19511666418206744,586.9,82.29119029397982,"pearson_r, entropy_reduction_ratio, mutual_information",0.0,0.0,0.0,0.0,0.4877916604551686
intent_com.mobiletool.appstore.action.topicdetail,0,0.09755833209103372,0.19511666418206744,586.9,82.29119029397982,"pearson_r, entropy_reduction_ratio, mutual_information",0.0,0.0,0.0,0.0,0.4877916604551686
intent_android.intent.action.ACTION_MEDIA_EJECT,0,0.09755833209103372,0.19511666418206744,586.9,82.29119029397982,"pearson_r, entropy_reduction_ratio, mutual_information",0.0,0.0,0.0,0.0,0.4877916604551686
intent_com.mobiletool.appstore.action.sdk,0,0.09755833209103372,0.19511666418206744,586.9,82.29119029397982,"pearson_r, entropy_reduction_ratio, mutual_information",0.0,0.0,0.0,0.0,0.4877916604551686
perm_com.meizu.c2dm.permission.RECEIVE,0,0.09755833209103372,0.19511666418206744,586.9,82.29119029397982,"pearson_r, entropy_reduction_ratio, mutual_information",0.0,0.0,0.0,0.0,0.4877916604551686
perm_android.permission.REBOOT_IPO,0,0.09755833209103372,0.19511666418206744,586.9,82.29119029397982,"pearson_r, entropy_reduction_ratio, mutual_information",0.0,0.0,0.0,0.0,0.4877916604551686
intent_com.huawei.android.push.intent.CLICK,0,0.09755833209103372,0.19511666418206744,586.9,82.29119029397982,"pearson_r, entropy_reduction_ratio, mutual_information",0.0,0.0,0.0,0.0,0.4877916604551686
intent_com.kingroot.common.ACTION_NOTIFY_IN_SELF_APP_MAIN,0,0.09755833209103372,0.19511666418206744,586.9,82.29119029397982,"pearson_r, entropy_reduction_ratio, mutual_information",0.0,0.0,0.0,0.0,0.4877916604551686
intent_com.datouniao.AdPublisher.service.check,0,0.09755833209103372,0.19511666418206744,586.9,82.29119029397982,"pearson_r, entropy_reduction_ratio, mutual_information",0.0,0.0,0.0,0.0,0.4877916604551686
intent_com.qihoo.appstore.download_some_apk,0,0.09755833209103372,0.19511666418206744,586.9,82.29119029397982,"pearson_r, entropy_reduction_ratio, mutual_information",0.0,0.0,0.0,0.0,0.4877916604551686
intent_com.kingroot.common.ACTION_TOP_APP_CHANGED,0,0.09755833209103372,0.19511666418206744,586.9,82.29119029397982,"pearson_r, entropy_reduction_ratio, mutual_information",0.0,0.0,0.0,0.0,0.4877916604551686
intent_com.kingroot.common.ACTION_TOP_ACTIVITY_CHANGED,0,0.09755833209103372,0.19511666418206744,586.9,82.29119029397982,"pearson_r, entropy_reduction_ratio, mutual_information",0.0,0.0,0.0,0.0,0.4877916604551686
intent_com.kingroot.common.ACTION_SWITCH_OUT_DESKTOP,0,0.09755833209103372,0.19511666418206744,586.9,82.29119029397982,"pearson_r, entropy_reduction_ratio, mutual_information",0.0,0.0,0.0,0.0,0.4877916604551686
intent_com.onesignal.NotificationExtender,0,0.09755833209103372,0.19511666418206744,586.9,82.29119029397982,"pearson_r, entropy_reduction_ratio, mutual_information",0.0,0.0,0.0,0.0,0.4877916604551686
intent_com.urbanairship.push.OPENED,0,0.09755833209103372,0.19511666418206744,586.9,82.29119029397982,"pearson_r, entropy_reduction_ratio, mutual_information",0.0,0.0,0.0,0.0,0.4877916604551686
intent_org.agoo.android.intent.action.PING,0,0.09755833209103372,0.19511666418206744,586.9,82.29119029397982,"pearson_r, entropy_reduction_ratio, mutual_information",0.0,0.0,0.0,0.0,0.4877916604551686
intent_org.agoo.android.intent.action.ELECTION_V2,0,0.09755833209103372,0.19511666418206744,586.9,82.29119029397982,"pearson_r, entropy_reduction_ratio, mutual_information",0.0,0.0,0.0,0.0,0.4877916604551686
intent_com.excelliance.open.action.appstate,0,0.09755833209103372,0.19511666418206744,586.9,82.29119029397982,"pearson_r, entropy_reduction_ratio, mutual_information",0.0,0.0,0.0,0.0,0.4877916604551686
perm_qiku.permission.ACCESS_QKPARAMS,0,0.09755833209103372,0.19511666418206744,586.9,82.29119029397982,"pearson_r, entropy_reduction_ratio, mutual_information",0.0,0.0,0.0,0.0,0.4877916604551686
intent_com.excelliance.open.action.gameverchk,0,0.09755833209103372,0.19511666418206744,586.9,82.29119029397982,"pearson_r, entropy_reduction_ratio, mutual_information",0.0,0.0,0.0,0.0,0.4877916604551686
intent_com.excelliance.open.action.dmchk,0,0.09755833209103372,0.19511666418206744,586.9,82.29119029397982,"pearson_r, entropy_reduction_ratio, mutual_information",0.0,0.0,0.0,0.0,0.4877916604551686
intent_com.excelliance.open.action.apkverchk,0,0.09755833209103372,0.19511666418206744,586.9,82.29119029397982,"pearson_r, entropy_reduction_ratio, mutual_information",0.0,0.0,0.0,0.0,0.4877916604551686
intent_android.intent.action.CONFIGURATION_CHANGED,0,0.09755833209103372,0.19511666418206744,586.9,82.29119029397982,"pearson_r, entropy_reduction_ratio, mutual_information",0.0,0.0,0.0,0.0,0.4877916604551686
intent_com.sogou.passport.service.upload,0,0.09755833209103372,0.19511666418206744,586.9,82.29119029397982,"pearson_r, entropy_reduction_ratio, mutual_information",0.0,0.0,0.0,0.0,0.4877916604551686
intent_com.ss.android.socialbase.downloader.remote,0,0.09755833209103372,0.19511666418206744,586.9,82.29119029397982,"pearson_r, entropy_reduction_ratio, mutual_information",0.0,0.0,0.0,0.0,0.4877916604551686
intent_com.sogou.androidtool.action.main,0,0.09755833209103372,0.19511666418206744,586.9,82.29119029397982,"pearson_r, entropy_reduction_ratio, mutual_information",0.0,0.0,0.0,0.0,0.4877916604551686
intent_com.sogou.androidtool.action.specialdetail,0,0.09755833209103372,0.19511666418206744,586.9,82.29119029397982,"pearson_r, entropy_reduction_ratio, mutual_information",0.0,0.0,0.0,0.0,0.4877916604551686
intent_com.sogou.androidtool.action.download,0,0.09755833209103372,0.19511666418206744,586.9,82.29119029397982,"pearson_r, entropy_reduction_ratio, mutual_information",0.0,0.0,0.0,0.0,0.4877916604551686
perm_com.kingroot.kinguser.permission.activityCalled,0,0.09755833209103372,0.19511666418206744,586.9,82.29119029397982,"pearson_r, entropy_reduction_ratio, mutual_information",0.0,0.0,0.0,0.0,0.4877916604551686
intent_com.chance.service,0,0.09755833209103372,0.19511666418206744,586.9,82.29119029397982,"pearson_r, entropy_reduction_ratio, mutual_information",0.0,0.0,0.0,0.0,0.4877916604551686
perm_com.kingroot.kinguser.permission.REQUEST,0,0.09755833209103372,0.19511666418206744,586.9,82.29119029397982,"pearson_r, entropy_reduction_ratio, mutual_information",0.0,0.0,0.0,0.0,0.4877916604551686
intent_com.sogou.androidtool.action.sdk,0,0.09755833209103372,0.19511666418206744,586.9,82.29119029397982,"pearson_r, entropy_reduction_ratio, mutual_information",0.0,0.0,0.0,0.0,0.4877916604551686
perm_com.excelliance.dualaid.assist,0,0.09755833209103372,0.19511666418206744,586.9,82.29119029397982,"pearson_r, entropy_reduction_ratio, mutual_information",0.0,0.0,0.0,0.0,0.4877916604551686
intent_com.kingroot.master.action.TRAFFIC_STATISTICS,0,0.09755833209103372,0.19511666418206744,586.9,82.29119029397982,"pearson_r, entropy_reduction_ratio, mutual_information",0.0,0.0,0.0,0.0,0.4877916604551686
intent_com.sogou.androidtool.action.service,0,0.09755833209103372,0.19511666418206744,586.9,82.29119029397982,"pearson_r, entropy_reduction_ratio, mutual_information",0.0,0.0,0.0,0.0,0.4877916604551686
intent_com.sogou.androidtool.service.weathernotifyreceiver,0,0.09755833209103372,0.19511666418206744,586.9,82.29119029397982,"pearson_r, entropy_reduction_ratio, mutual_information",0.0,0.0,0.0,0.0,0.4877916604551686
intent_com.qihoo.appstore.ACTION_STABLE_NOTIFICATION_CLICK,0,0.09755833209103372,0.19511666418206744,586.9,82.29119029397982,"pearson_r, entropy_reduction_ratio, mutual_information",0.0,0.0,0.0,0.0,0.4877916604551686
intent_com.secneo.plugin.action.APP_STARTED,0,0.09755833209103372,0.19511666418206744,586.9,82.29119029397982,"pearson_r, entropy_reduction_ratio, mutual_information",0.0,0.0,0.0,0.0,0.4877916604551686
intent_com.secneo.proxy.action.CUSTOM,0,0.09755833209103372,0.19511666418206744,586.9,82.29119029397982,"pearson_r, entropy_reduction_ratio, mutual_information",0.0,0.0,0.0,0.0,0.4877916604551686
intent_com.sogou.androidtool.action.wap,0,0.09755833209103372,0.19511666418206744,586.9,82.29119029397982,"pearson_r, entropy_reduction_ratio, mutual_information",0.0,0.0,0.0,0.0,0.4877916604551686
intent_com.sogou.androidtool.intent.action.COMMAND,0,0.09755833209103372,0.19511666418206744,586.9,82.29119029397982,"pearson_r, entropy_reduction_ratio, mutual_information",0.0,0.0,0.0,0.0,0.4877916604551686
intent_com.qihoo.appstore.ACTION_LOCK_SCREEN_AD_STATE_CHANGE,0,0.09755833209103372,0.19511666418206744,586.9,82.29119029397982,"pearson_r, entropy_reduction_ratio, mutual_information",0.0,0.0,0.0,0.0,0.4877916604551686
intent_com.qihoo360.daemon.pcdaemon.ACTION_START_FROM_NOTIFICATION,0,0.09755833209103372,0.19511666418206744,586.9,82.29119029397982,"pearson_r, entropy_reduction_ratio, mutual_information",0.0,0.0,0.0,0.0,0.4877916604551686
intent_com.qihoo.appstore.ACTION_LOCK_SCREEN_AD_ADD_LISTENER,0,0.09755833209103372,0.19511666418206744,586.9,82.29119029397982,"pearson_r, entropy_reduction_ratio, mutual_information",0.0,0.0,0.0,0.0,0.4877916604551686
intent_com.sogou.androidtool.service.weatherservice,0,0.09755833209103372,0.19511666418206744,586.9,82.29119029397982,"pearson_r, entropy_reduction_ratio, mutual_information",0.0,0.0,0.0,0.0,0.4877916604551686
intent_com.sjm.avplay.SHOW_ACTIVITY,0,0.09755833209103372,0.19511666418206744,586.9,82.29119029397982,"pearson_r, entropy_reduction_ratio, mutual_information",0.0,0.0,0.0,0.0,0.4877916604551686
perm_com.huaqin.launcherEx.permission.WRITE_SETTINGS,0,0.09755833209103372,0.19511666418206744,586.9,82.29119029397982,"pearson_r, entropy_reduction_ratio, mutual_information",0.0,0.0,0.0,0.0,0.4877916604551686
perm_android.permission.SET_ACTIVITY_WATCHER,0,0.09755833209103372,0.19511666418206744,586.9,82.29119029397982,"pearson_r, entropy_reduction_ratio, mutual_information",0.0,0.0,0.0,0.0,0.4877916604551686
intent_com.kingroot.kinguser.ACTION_MAIN_START_CHECK,0,0.09755833209103372,0.19511666418206744,586.9,82.29119029397982,"pearson_r, entropy_reduction_ratio, mutual_information",0.0,0.0,0.0,0.0,0.4877916604551686
intent_com.excelliance.dualaid.action.process.64,0,0.09755833209103372,0.19511666418206744,586.9,82.29119029397982,"pearson_r, entropy_reduction_ratio, mutual_information",0.0,0.0,0.0,0.0,0.4877916604551686
intent_com.kinguser.kingroot.ACTION_INSTALL,0,0.09755833209103372,0.19511666418206744,586.9,82.29119029397982,"pearson_r, entropy_reduction_ratio, mutual_information",0.0,0.0,0.0,0.0,0.4877916604551686
intent_android.net.conn.MEDIA_NOFS,0,0.09755833209103372,0.19511666418206744,586.9,82.29119029397982,"pearson_r, entropy_reduction_ratio, mutual_information",0.0,0.0,0.0,0.0,0.4877916604551686
perm_ANDROID.PERMISSION.SEND_SMS,0,0.09755833209103372,0.19511666418206744,586.9,82.29119029397982,"pearson_r, entropy_reduction_ratio, mutual_information",0.0,0.0,0.0,0.0,0.4877916604551686
intent_com.kingroot.kinguser.ANTILOG_DELETE,0,0.09755833209103372,0.19511666418206744,586.9,82.29119029397982,"pearson_r, entropy_reduction_ratio, mutual_information",0.0,0.0,0.0,0.0,0.4877916604551686
intent_com.kingroot.kinguser.gamebox.ACTION_GAME_DELETED,0,0.09755833209103372,0.19511666418206744,586.9,82.29119029397982,"pearson_r, entropy_reduction_ratio, mutual_information",0.0,0.0,0.0,0.0,0.4877916604551686
intent_com.cootek.usage.alarm_operation,0,0.09755833209103372,0.19511666418206744,586.9,82.29119029397982,"pearson_r, entropy_reduction_ratio, mutual_information",0.0,0.0,0.0,0.0,0.4877916604551686
perm_com.android.launcher2.permission.INSTALL_SHORTCUT,0,0.09755833209103372,0.19511666418206744,586.9,82.29119029397982,"pearson_r, entropy_reduction_ratio, mutual_information",0.0,0.0,0.0,0.0,0.4877916604551686
intent_com.urbanairship.push.RECEIVED,0,0.09755833209103372,0.19511666418206744,586.9,82.29119029397982,"pearson_r, entropy_reduction_ratio, mutual_information",0.0,0.0,0.0,0.0,0.4877916604551686
intent_com.urbanairship.push.CHANNEL_UPDATED,0,0.09755833209103372,0.19511666418206744,586.9,82.29119029397982,"pearson_r, entropy_reduction_ratio, mutual_information",0.0,0.0,0.0,0.0,0.4877916604551686
intent_com.android.deskclock.ALARM_SNOOZE,0,0.09755833209103372,0.19511666418206744,586.9,82.29119029397982,"pearson_r, entropy_reduction_ratio, mutual_information",0.0,0.0,0.0,0.0,0.4877916604551686
intent_io.intercom.android.sdk.INTERCOM_PUSH_DISMISSED,0,0.09755833209103372,0.19511666418206744,586.9,82.29119029397982,"pearson_r, entropy_reduction_ratio, mutual_information",0.0,0.0,0.0,0.0,0.4877916604551686
intent_com.excelliance.open.action.queryUpdate,0,0.09755833209103372,0.19511666418206744,586.9,82.29119029397982,"pearson_r, entropy_reduction_ratio, mutual_information",0.0,0.0,0.0,0.0,0.4877916604551686
intent_com.excelliance.open.action.fw,0,0.09755833209103372,0.19511666418206744,586.9,82.29119029397982,"pearson_r, entropy_reduction_ratio, mutual_information",0.0,0.0,0.0,0.0,0.4877916604551686
intent_com.urbanairship.push.DISMISSED,0,0.09755833209103372,0.19511666418206744,586.9,82.29119029397982,"pearson_r, entropy_reduction_ratio, mutual_information",0.0,0.0,0.0,0.0,0.4877916604551686
perm_android.permission.BIND_JOB_SERVICE,0,0.09755833209103372,0.19511666418206744,586.9,82.29119029397982,"pearson_r, entropy_reduction_ratio, mutual_information",0.0,0.0,0.0,0.0,0.4877916604551686
intent_qcast.service.Link_service,0,0.09755833209103372,0.19511666418206744,586.9,82.29119029397982,"pearson_r, entropy_reduction_ratio, mutual_information",0.0,0.0,0.0,0.0,0.4877916604551686
perm_baidu.push.permission.WRITE_PUSHINFOPROVIDER.com.esbook.reader,0,0.09755833209103372,0.19511666418206744,586.9,82.29119029397982,"pearson_r, entropy_reduction_ratio, mutual_information",0.0,0.0,0.0,0.0,0.4877916604551686
intent_android.intent.action.SEND_TO_KPSH,0,0.09755833209103372,0.19511666418206744,586.9,82.29119029397982,"pearson_r, entropy_reduction_ratio, mutual_information",0.0,0.0,0.0,0.0,0.4877916604551686
perm_com.lenovo.launcherhdmarket.permission.READ_SETTINGS,0,0.09755833209103372,0.19511666418206744,586.9,82.29119029397982,"pearson_r, entropy_reduction_ratio, mutual_information",0.0,0.0,0.0,0.0,0.4877916604551686
perm_com.huaqin.launcherEx.permission.READ_SETTINGS,0,0.09755833209103372,0.19511666418206744,586.9,82.29119029397982,"pearson_r, entropy_reduction_ratio, mutual_information",0.0,0.0,0.0,0.0,0.4877916604551686
perm_com.sonymobile.home.permission.PROVIDER_ACCESS_MODIFY_CONFIGURATION,0,0.09755833209103372,0.19511666418206744,586.9,82.29119029397982,"pearson_r, entropy_reduction_ratio, mutual_information",0.0,0.0,0.0,0.0,0.4877916604551686
intent_com.meizu.cloud.pushservice.action.PUSH_SERVICE_START,0,0.09755833209103372,0.19511666418206744,586.9,82.29119029397982,"pearson_r, entropy_reduction_ratio, mutual_information",0.0,0.0,0.0,0.0,0.4877916604551686
intent_android.fbreader.action.PLUGIN_CRASH,0,0.09755833209103372,0.19511666418206744,586.9,82.29119029397982,"pearson_r, entropy_reduction_ratio, mutual_information",0.0,0.0,0.0,0.0,0.4877916604551686
intent_com.excelliance.open.action.startNextChapter,0,0.09755833209103372,0.19511666418206744,586.9,82.29119029397982,"pearson_r, entropy_reduction_ratio, mutual_information",0.0,0.0,0.0,0.0,0.4877916604551686
intent_com.excelliance.open.action.startPromptActivity,0,0.09755833209103372,0.19511666418206744,586.9,82.29119029397982,"pearson_r, entropy_reduction_ratio, mutual_information",0.0,0.0,0.0,0.0,0.4877916604551686
intent_wifi.intent.action.SDK_RESULT,0,0.09755833209103372,0.19511666418206744,586.9,82.29119029397982,"pearson_r, entropy_reduction_ratio, mutual_information",0.0,0.0,0.0,0.0,0.4877916604551686
intent_com.android.utils.hades.ACTION_UPDATE_COMMON_RES,0,0.09755833209103372,0.19511666418206744,586.9,82.29119029397982,"pearson_r, entropy_reduction_ratio, mutual_information",0.0,0.0,0.0,0.0,0.4877916604551686
intent_,0,0.09755833209103372,0.19511666418206744,586.9,82.29119029397982,"pearson_r, entropy_reduction_ratio, mutual_information",0.0,0.0,0.0,0.0,0.4877916604551686
intent_com.excelliance.kxqp.action.time,0,0.09755833209103372,0.19511666418206744,586.9,82.29119029397982,"pearson_r, entropy_reduction_ratio, mutual_information",0.0,0.0,0.0,0.0,0.4877916604551686
intent_android.settings.SYNC_SETTINGS,0,0.09755833209103372,0.19511666418206744,586.9,82.29119029397982,"pearson_r, entropy_reduction_ratio, mutual_information",0.0,0.0,0.0,0.0,0.4877916604551686
intent_com.excelliance.kxqp.action.launcher,0,0.09755833209103372,0.19511666418206744,586.9,82.29119029397982,"pearson_r, entropy_reduction_ratio, mutual_information",0.0,0.0,0.0,0.0,0.4877916604551686
intent_com.telecom.sdk_auth_ui.SMS_CODE_SEND_ACTIOIN,0,0.09755833209103372,0.19511666418206744,586.9,82.29119029397982,"pearson_r, entropy_reduction_ratio, mutual_information",0.0,0.0,0.0,0.0,0.4877916604551686
intent_com.excelliance.kxqp.action.navback,0,0.09755833209103372,0.19511666418206744,586.9,82.29119029397982,"pearson_r, entropy_reduction_ratio, mutual_information",0.0,0.0,0.0,0.0,0.4877916604551686
intent_com.telecom.sdk_auth_ui.SMS_SEND_ACTIOIN,0,0.09755833209103372,0.19511666418206744,586.9,82.29119029397982,"pearson_r, entropy_reduction_ratio, mutual_information",0.0,0.0,0.0,0.0,0.4877916604551686
intent_android.intent.action.START_PCM_PLAY_SERVICE,0,0.09755833209103372,0.19511666418206744,586.9,82.29119029397982,"pearson_r, entropy_reduction_ratio, mutual_information",0.0,0.0,0.0,0.0,0.4877916604551686
perm_cn.nubia.launcher.permission.WRITE_SETTINGS,0,0.09755833209103372,0.19511666418206744,586.9,82.29119029397982,"pearson_r, entropy_reduction_ratio, mutual_information",0.0,0.0,0.0,0.0,0.4877916604551686
perm_android.permission.INJECT_EVENTS,0,0.09755833209103372,0.19511666418206744,586.9,82.29119029397982,"pearson_r, entropy_reduction_ratio, mutual_information",0.0,0.0,0.0,0.0,0.4877916604551686
intent_com.phonemetra.turbo.launcher.icons.ACTION_PICK_ICON,0,0.09755833209103372,0.19511666418206744,586.9,82.29119029397982,"pearson_r, entropy_reduction_ratio, mutual_information",0.0,0.0,0.0,0.0,0.4877916604551686
intent_android.intent.action.CLOSE_SYSTEM_DIALOGS,0,0.09755833209103372,0.19511666418206744,586.9,82.29119029397982,"pearson_r, entropy_reduction_ratio, mutual_information",0.0,0.0,0.0,0.0,0.4877916604551686
intent_com.android.utils.hades.ACTION_UPDATE_SYS_WRAPPER,0,0.09755833209103372,0.19511666418206744,586.9,82.29119029397982,"pearson_r, entropy_reduction_ratio, mutual_information",0.0,0.0,0.0,0.0,0.4877916604551686
intent_com.android.utils.hades.ACTION_START_SYS_WRAPPER,0,0.09755833209103372,0.19511666418206744,586.9,82.29119029397982,"pearson_r, entropy_reduction_ratio, mutual_information",0.0,0.0,0.0,0.0,0.4877916604551686
intent_com.android.utils.hades.ACTION_REGISTER_IMPLICIT_RECEIVERS,0,0.09755833209103372,0.19511666418206744,586.9,82.29119029397982,"pearson_r, entropy_reduction_ratio, mutual_information",0.0,0.0,0.0,0.0,0.4877916604551686
intent_com.tappx.sdk.SILP,0,0.09755833209103372,0.19511666418206744,586.9,82.29119029397982,"pearson_r, entropy_reduction_ratio, mutual_information",0.0,0.0,0.0,0.0,0.4877916604551686
intent_com.alimama.mobile.sdk.download.action,0,0.09755833209103372,0.19511666418206744,586.9,82.29119029397982,"pearson_r, entropy_reduction_ratio, mutual_information",0.0,0.0,0.0,0.0,0.4877916604551686
perm_com.qihoo360.home.permission.WRITE_SETTINGS,0,0.09755833209103372,0.19511666418206744,586.9,82.29119029397982,"pearson_r, entropy_reduction_ratio, mutual_information",0.0,0.0,0.0,0.0,0.4877916604551686
intent_com.cootek.smartinputv5.action.SP.DESTROY,0,0.09755833209103372,0.19511666418206744,586.9,82.29119029397982,"pearson_r, entropy_reduction_ratio, mutual_information",0.0,0.0,0.0,0.0,0.4877916604551686
intent_com.mobutils.android.mediation.MaterialNotificationReceiver.ACTION_CLICK_NOTIFICATION,0,0.09755833209103372,0.19511666418206744,586.9,82.29119029397982,"pearson_r, entropy_reduction_ratio, mutual_information",0.0,0.0,0.0,0.0,0.4877916604551686
perm_com.smartisanos.launcher.WRITE_DATABASE,0,0.09755833209103372,0.19511666418206744,586.9,82.29119029397982,"pearson_r, entropy_reduction_ratio, mutual_information",0.0,0.0,0.0,0.0,0.4877916604551686
perm_android.permission.RECEIVE_BOOT_COMPLETED,0,0.09746853947917539,0.19493612610391142,415.9,335.0293121504445,"pearson_r, chi2_stat, f_stat",5.39769277944901e-07,0.0,7.163233985246823e-07,6.49616529034797e-07,0.48734079168667144
perm_android.permission.SET_WALLPAPER_HINTS,0,0.0973890092001011,0.15781769089412434,326.4,357.7083169287513,"pearson_r, entropy_reduction_ratio, chi2_stat",0.028734929961696538,0.0038782600153638813,0.021547007827623928,0.02017973299493972,0.4126051152008814
perm_android.permission.USE_CREDENTIALS,0,0.09597697691688532,0.16050938806374632,383.0,390.78190848605055,"pearson_r, entropy_reduction_ratio, chi2_stat",0.025834269614749664,0.0,0.019392307044861536,0.018122194507634103,0.41653611341718133
perm_android.permission.VIBRATE,0,0.0959490331870335,0.1499731294013946,380.3,398.0268332663013,"pearson_r, f_stat, chi2_stat",0.02581101402279993,0.0,0.028147909810259747,0.030704609741228937,0.3950816323608789
intent_android.net.conn.CONNECTIVITY_CHANGE,0,0.09484916240428107,0.1652487764017606,384.9,388.79202666721443,"pearson_r, entropy_reduction_ratio, chi2_stat",0.02005123781990063,0.0,0.015082905479336751,0.014033896875603543,0.4250777718465644
perm_android.permission.READ_CONTACTS,0,0.09467316942060908,0.17611720980193252,337.3,338.5177395647088,"pearson_r, entropy_reduction_ratio, chi2_stat",0.008557617171070023,0.0054800053751748665,0.006464102348287179,0.005962790568389211,0.4469013316401241
perm_android.permission.BLUETOOTH,0,0.09437774380192401,0.16780255946811262,386.1,386.90675879338164,"pearson_r, entropy_reduction_ratio, chi2_stat",0.01716881522795173,0.0,0.012928204696574358,0.01200302048575502,0.42978867859933895
perm_android.permission.MANAGE_ACCOUNTS,0,0.09424227719245747,0.18499677191898997,402.2,347.65968992680183,"pearson_r, entropy_reduction_ratio, chi2_stat",0.0028466267998872655,0.0,0.002154700782762393,0.0019790820662209598,0.4642309763134167
perm_android.permission.READ_CALL_LOG,0,0.09424227719245745,0.18499677191898997,405.5,352.5132621618653,"pearson_r, entropy_reduction_ratio, chi2_stat",0.0028466267998872655,0.0,0.002154700782762393,0.0019790820662209598,0.46423097631341664
perm_android.permission.PROCESS_OUTGOING_CALLS,0,0.09424227719245745,0.18499677191898997,405.5,352.5132621618653,"pearson_r, entropy_reduction_ratio, chi2_stat",0.0028466267998872655,0.0,0.002154700782762393,0.0019790820662209598,0.46423097631341664
intent_android.provider.Telephony.SMS_RECEIVED,0,0.09424227719245745,0.18499677191898997,405.5,352.5132621618653,"pearson_r, entropy_reduction_ratio, chi2_stat",0.0028466267998872655,0.0,0.002154700782762393,0.0019790820662209598,0.46423097631341664
perm_android.permission.INTERACT_ACROSS_USERS_FULL,0,0.09424227719245745,0.18499677191898997,405.5,352.5132621618653,"pearson_r, entropy_reduction_ratio, chi2_stat",0.0028466267998872655,0.0,0.002154700782762393,0.0019790820662209598,0.46423097631341664
perm_android.permission.BATTERY_STATS,0,0.09424227719245745,0.18499677191898997,405.5,352.5132621618653,"pearson_r, entropy_reduction_ratio, chi2_stat",0.0028466267998872655,0.0,0.002154700782762393,0.0019790820662209598,0.46423097631341664
perm_android.permission.DOWNLOAD_WITHOUT_NOTIFICATION,0,0.09424227719245745,0.18499677191898997,405.5,352.5132621618653,"pearson_r, entropy_reduction_ratio, chi2_stat",0.0028466267998872655,0.0,0.002154700782762393,0.0019790820662209598,0.46423097631341664
perm_android.permission.PACKAGE_USAGE_STATS,0,0.09424227719245745,0.18499677191898997,405.5,352.5132621618653,"pearson_r, entropy_reduction_ratio, chi2_stat",0.0028466267998872655,0.0,0.002154700782762393,0.0019790820662209598,0.46423097631341664
perm_android.permission.RECEIVE_USER_PRESENT,0,0.09424227719245745,0.18499677191898997,405.5,352.5132621618653,"pearson_r, entropy_reduction_ratio, chi2_stat",0.0028466267998872655,0.0,0.002154700782762393,0.0019790820662209598,0.46423097631341664
intent_android.accessibilityservice.AccessibilityService,0,0.09424227719245745,0.18499677191898997,405.5,352.5132621618653,"pearson_r, entropy_reduction_ratio, chi2_stat",0.0028466267998872655,0.0,0.002154700782762393,0.0019790820662209598,0.46423097631341664
intent_android.intent.action.NEW_OUTGOING_CALL,0,0.09424227719245745,0.18499677191898997,405.5,352.5132621618653,"pearson_r, entropy_reduction_ratio, chi2_stat",0.0028466267998872655,0.0,0.002154700782762393,0.0019790820662209598,0.46423097631341664
perm_android.permission.FLASHLIGHT,0,0.09424227719245745,0.18499677191898997,405.5,352.5132621618653,"pearson_r, entropy_reduction_ratio, chi2_stat",0.0028466267998872655,0.0,0.002154700782762393,0.0019790820662209598,0.46423097631341664
perm_android.permission.MODIFY_PHONE_STATE,0,0.09424227719245745,0.18499677191898997,405.5,352.5132621618653,"pearson_r, entropy_reduction_ratio, chi2_stat",0.0028466267998872655,0.0,0.002154700782762393,0.0019790820662209598,0.46423097631341664
intent_com.sina.weibo.sdk.action.ACTION_SDK_REQ_ACTIVITY,0,0.09424227719245745,0.18499677191898997,405.5,352.5132621618653,"pearson_r, entropy_reduction_ratio, chi2_stat",0.0028466267998872655,0.0,0.002154700782762393,0.0019790820662209598,0.46423097631341664
perm_android.permission.AUTHENTICATE_ACCOUNTS,0,0.09424227719245745,0.18499677191898997,405.5,352.5132621618653,"pearson_r, entropy_reduction_ratio, chi2_stat",0.0028466267998872655,0.0,0.002154700782762393,0.0019790820662209598,0.46423097631341664
perm_android.permission.WRITE_SYNC_SETTINGS,0,0.09424227719245745,0.18499677191898997,405.5,352.5132621618653,"pearson_r, entropy_reduction_ratio, chi2_stat",0.0028466267998872655,0.0,0.002154700782762393,0.0019790820662209598,0.46423097631341664
perm_android.permission.TRANSMIT_IR,0,0.09424227719245745,0.18499677191898997,405.5,352.5132621618653,"pearson_r, entropy_reduction_ratio, chi2_stat",0.0028466267998872655,0.0,0.002154700782762393,0.0019790820662209598,0.46423097631341664
perm_android.permission.BIND_ACCESSIBILITY_SERVICE,0,0.09424227719245745,0.18499677191898997,405.5,352.5132621618653,"pearson_r, entropy_reduction_ratio, chi2_stat",0.0028466267998872655,0.0,0.002154700782762393,0.0019790820662209598,0.46423097631341664
intent_android.content.SyncAdapter,0,0.09424227719245745,0.18499677191898997,405.5,352.5132621618653,"pearson_r, entropy_reduction_ratio, chi2_stat",0.0028466267998872655,0.0,0.002154700782762393,0.0019790820662209598,0.46423097631341664
intent_android.media.browse.MediaBrowserService,0,0.09424227719245745,0.18499677191898997,405.5,352.5132621618653,"pearson_r, entropy_reduction_ratio, chi2_stat",0.0028466267998872655,0.0,0.002154700782762393,0.0019790820662209598,0.46423097631341664
intent_android.intent.action.SEND_MULTIPLE,0,0.09424227719245745,0.18499677191898997,405.5,352.5132621618653,"pearson_r, entropy_reduction_ratio, chi2_stat",0.0028466267998872655,0.0,0.002154700782762393,0.0019790820662209598,0.46423097631341664
intent_android.accounts.AccountAuthenticator,0,0.09424227719245745,0.18499677191898997,405.5,352.5132621618653,"pearson_r, entropy_reduction_ratio, chi2_stat",0.0028466267998872655,0.0,0.002154700782762393,0.0019790820662209598,0.46423097631341664
perm_com.xiaomi.permission.AUTH_SERVICE,0,0.09424227719245745,0.18499677191898997,405.5,352.5132621618653,"pearson_r, entropy_reduction_ratio, chi2_stat",0.0028466267998872655,0.0,0.002154700782762393,0.0019790820662209598,0.46423097631341664
suspicious_setWifiEnabled,0,0.09398855315838987,0.17051990755186508,388.3,382.1473014427813,"pearson_r, entropy_reduction_ratio, chi2_stat",0.014292421011287727,0.0,0.010773503913811964,0.00998090523716085,0.43489593562968887
intent_android.net.VpnService,0,0.09398855315838987,0.17051990755186508,388.3,382.1473014427813,"pearson_r, entropy_reduction_ratio, chi2_stat",0.014292421011287727,0.0,0.010773503913811964,0.00998090523716085,0.43489593562968887
perm_android.permission.ACCESS_MOCK_LOCATION,0,0.09368272038932397,0.1803877881402166,395.6,367.791027623024,"pearson_r, entropy_reduction_ratio, chi2_stat",0.005699157673325379,0.0,0.004309401565524786,0.003966658181159642,0.45443838452661006
perm_android.permission.REQUEST_INSTALL_PACKAGES,0,0.09368272038932396,0.18038778814021658,396.2,368.68490611903275,"pearson_r, entropy_reduction_ratio, chi2_stat",0.005699157673325379,0.0,0.004309401565524786,0.003966658181159642,0.45443838452661
intent_com.firebase.jobdispatcher.ACTION_EXECUTE,0,0.09368272038932396,0.18038778814021658,396.2,368.68490611903275,"pearson_r, entropy_reduction_ratio, chi2_stat",0.005699157673325379,0.0,0.004309401565524786,0.003966658181159642,0.45443838452661
intent_android.appwidget.action.APPWIDGET_CONFIGURE,0,0.09368272038932396,0.18038778814021658,396.2,368.68490611903275,"pearson_r, entropy_reduction_ratio, chi2_stat",0.005699157673325379,0.0,0.004309401565524786,0.003966658181159642,0.45443838452661
perm_android.permission.DISABLE_KEYGUARD,0,0.0935771683455741,0.17668499672921567,393.0,374.4694914141872,"pearson_r, entropy_reduction_ratio, chi2_stat",0.008557617171070023,0.0,0.006464102348287179,0.005962790568389211,0.4469013316401241
perm_android.permission.KILL_BACKGROUND_PROCESSES,0,0.0935771683455741,0.17668499672921567,393.0,374.4694914141872,"pearson_r, entropy_reduction_ratio, chi2_stat",0.008557617171070023,0.0,0.006464102348287179,0.005962790568389211,0.4469013316401241
suspicious_getWifiState,0,0.0935771683455741,0.17668499672921567,393.0,374.4694914141872,"pearson_r, entropy_reduction_ratio, chi2_stat",0.008557617171070023,0.0,0.006464102348287179,0.005962790568389211,0.4469013316401241
perm_android.permission.CAMERA,0,0.09279905725484584,0.1768913339588545,396.1,373.3808243603305,"pearson_r, chi2_stat, f_stat",0.005080858719937193,0.0,0.006297169149622643,0.006065145169157026,0.44655211323551236
suspicious_Ljava/lang/Runtime;->exec,0,0.09260466352587995,0.17635177256105275,395.9,374.0024598849585,"pearson_r, f_stat, chi2_stat",0.005113554657828726,0.0,0.0061863479505092096,0.006446102118064581,0.4452773129029972
suspicious_getExternalStorageDirectory,0,0.09029078170797286,0.1725643669731267,403.8,369.0629485602694,"pearson_r, f_stat, entropy_reduction_ratio",0.006086837757373506,0.0,0.0001926092954041341,0.009834800934880936,0.4353396605522057
suspicious_Cipher,0,0.08884401355191705,0.16103412827826957,400.9,379.05466624221896,"pearson_r, f_stat, entropy_reduction_ratio",0.012042212724044994,0.0,0.0003251309085551362,0.02133353356456099,0.41051919056242414
