feature,method_count,aggregated_score,score_std,rank_mean,rank_std,top_methods,entropy_reduction_ratio,mutual_information,chi2_stat,f_stat,pearson_r
perm_android.permission.READ_PHONE_STATE,5,0.8740238380331042,0.25195232393379124,2.6,3.2000000000000006,"entropy_reduction_ratio, mutual_information, f_stat",1.0,1.0,0.37011919016552175,1.0,1.0
suspicious_getSubscriberId,5,0.6869229985998938,0.13703192566872263,2.4,0.4898979485566356,"pearson_r, entropy_reduction_ratio, mutual_information",0.7705374383344005,0.6802700505476874,0.5367789362426127,0.5479693848003766,0.899059183074392
perm_android.permission.GET_TASKS,5,0.5611932552653274,0.1705908351944389,3.0,0.6324555320336759,"pearson_r, mutual_information, entropy_reduction_ratio",0.5507749344019043,0.6815115972709068,0.4668615149311994,0.30652710102578473,0.8002911286968416
n_permissions,5,0.520796915340875,0.2973868664077449,8.6,6.086049621881176,"chi2_stat, pearson_r, entropy_reduction_ratio",0.4855067310646518,0.36576650471401967,1.0,0.10658468106345231,0.6461266598622513
intent_android.net.conn.CONNECTIVITY_CHANGE,5,0.5137767121537247,0.17287686881698672,4.2,0.39999999999999997,"pearson_r, mutual_information, entropy_reduction_ratio",0.49450293902577935,0.6147097656892809,0.44752968292422746,0.24687407654928692,0.7652670965800483
perm_android.permission.MOUNT_UNMOUNT_FILESYSTEMS,5,0.4545932849053898,0.1692807223585553,5.8,0.7483314773547882,"pearson_r, mutual_information, entropy_reduction_ratio",0.4406004782483576,0.46556358020094746,0.4118282235687141,0.21283015426925295,0.7421439882396769
intent_android.intent.action.PACKAGE_ADDED,5,0.36315305730267744,0.17580230644766037,9.8,2.2271057451320084,"pearson_r, entropy_reduction_ratio, chi2_stat",0.3363803784689735,0.3212959373611918,0.33518776501187536,0.14069601233172338,0.6822051933396233
perm_android.permission.CHANGE_WIFI_STATE,5,0.3346246140644805,0.18035411662622003,12.4,3.2,"pearson_r, mutual_information, chi2_stat",0.2616358552620708,0.35489834006495513,0.2725400003899083,0.12141801149952487,0.6626308631059437
perm_android.permission.CHANGE_NETWORK_STATE,5,0.2845151876679456,0.18345710174759905,18.6,3.6110940170535573,"pearson_r, chi2_stat, entropy_reduction_ratio",0.22693117393235276,0.2137005535541851,0.24679559550531158,0.09856547194514556,0.636583143402733
intent_android.intent.action.USER_PRESENT,4,0.3337649611680023,0.18635441312144863,14.6,6.053098380168622,"pearson_r, chi2_stat, entropy_reduction_ratio",0.3249982722773076,0.2057011228839031,0.32616657438226443,0.13517040439191208,0.6767884319046243
suspicious_adb_enabled,4,0.2967836949929352,0.19638521414580784,204.6,397.70672611863125,"chi2_stat, entropy_reduction_ratio, mutual_information",0.3377557648934208,0.3196771571661282,0.6074423434329871,0.21904320947214012,0.0
suspicious_getCellLocation,4,0.2877923369100768,0.21401660035792108,57.2,90.48624204816996,"pearson_r, entropy_reduction_ratio, chi2_stat",0.28039472289165834,0.07720479548525497,0.23803461525403846,0.15120607648980838,0.6921214744296239
perm_android.permission.WRITE_EXTERNAL_STORAGE,4,0.2867005902304084,0.22290035619815735,28.8,37.231169737197355,"pearson_r, mutual_information, entropy_reduction_ratio",0.2501471498789384,0.2886116460495997,0.039133105994351755,0.1576461516841113,0.6979648975450409
perm_android.permission.SYSTEM_ALERT_WINDOW,4,0.2701765586374428,0.19328197471606504,27.2,20.123617964968425,"pearson_r, chi2_stat, entropy_reduction_ratio",0.21943281519867125,0.15438362648452958,0.22260385034384456,0.10739602177581606,0.6470664793843524
intent_android.intent.action.PACKAGE_REMOVED,4,0.2686036574141628,0.18174719742255221,22.4,6.711184694225007,"pearson_r, chi2_stat, entropy_reduction_ratio",0.21680782482816055,0.19470594722902018,0.23148013160223632,0.08319419762436281,0.6168301857870341
perm_android.permission.SEND_SMS,4,0.2581530142840546,0.18359983856843282,25.0,6.985699678629192,"pearson_r, chi2_stat, mutual_information",0.19100277450000222,0.19134631482341988,0.2144515125853726,0.08063553236770563,0.6133289371437728
perm_com.android.launcher.permission.INSTALL_SHORTCUT,4,0.25510044831334133,0.18475006561377352,26.6,10.170545708072897,"pearson_r, chi2_stat, entropy_reduction_ratio",0.18833372254014924,0.1809089970422143,0.21200550482798727,0.08075713709594882,0.6134968800604069
intent_com.google.android.c2dm.intent.RECEIVE,4,0.20678945484618985,0.09913520359857299,210.4,393.3113779183104,"chi2_stat, entropy_reduction_ratio, mutual_information",0.24393472788877849,0.2305517711972098,0.3541553636352437,0.14617791614511796,0.05912749536459921
perm_android.permission.ACCESS_WIFI_STATE,3,0.25677900109091045,0.2178576055472311,32.2,24.21074141780875,"pearson_r, entropy_reduction_ratio, mutual_information",0.2238713079446349,0.17629476754136308,0.06535583285865809,0.13840056020666025,0.679972536903236
perm_android.permission.READ_LOGS,3,0.24060257289601142,0.18553876658645221,33.6,20.88635918488428,"pearson_r, chi2_stat, entropy_reduction_ratio",0.18256480396951658,0.14466352177097444,0.20329468806559345,0.07179862838052939,0.6006912222934433
suspicious_Ldalvik/system/PathClassLoader;,3,0.22988140909092522,0.1366408859273198,210.2,394.4796065704791,"chi2_stat, entropy_reduction_ratio, mutual_information",0.28976887811551144,0.20499899474309752,0.44485103928844844,0.18135451917274428,0.028433614134824522
perm_com.google.android.c2dm.permission.RECEIVE,3,0.2065535242014656,0.10807166181591749,213.0,392.6311245940648,"chi2_stat, entropy_reduction_ratio, mutual_information",0.258341515993972,0.19307708818175418,0.3752515908986221,0.1561913531513827,0.0499060727815972
intent_com.google.firebase.INSTANCE_ID_EVENT,3,0.18393185092310027,0.08336665885246762,214.4,389.8438661823474,"mutual_information, chi2_stat, entropy_reduction_ratio",0.1410763398585834,0.2941896875153499,0.2718246295290744,0.08422541779343876,0.12834317991905494
perm_com.google.android.finsky.permission.BIND_GET_INSTALL_REFERRER_SERVICE,3,0.17138174746873497,0.09512003575784085,240.4,381.5780916142854,"chi2_stat, entropy_reduction_ratio, f_stat",0.19972562981117517,0.10407516317670748,0.3463412400114422,0.10823961106903297,0.098527093275317
perm_android.permission.READ_SMS,2,0.25040761124744776,0.17994364879251426,22.6,7.031358332498779,"pearson_r, mutual_information, chi2_stat",0.15307708259497027,0.3038234769277978,0.16697391905818174,0.05475370086216923,0.5734098767941198
intent_com.google.firebase.MESSAGING_EVENT,2,0.16342796255155836,0.0679768929281614,225.4,385.29292752398146,"chi2_stat, entropy_reduction_ratio, mutual_information",0.16536908145468449,0.151840822648537,0.28861770000953507,0.08806897073236945,0.12324323791266581
suspicious_getSimCountryIso,1,0.225904703324408,0.18381630337621077,29.4,7.863841300535,"pearson_r, mutual_information, chi2_stat",0.1372410668349645,0.18630063305805308,0.16119509059982323,0.060950264837281116,0.583836461291918
n_services,1,0.1879959440033363,0.15514673353956399,69.4,47.684798416266794,"pearson_r, mutual_information, entropy_reduction_ratio",0.139625355203832,0.27405530107414744,0.0765239302282968,0.006417174795404546,0.44335795871500067
perm_com.android.launcher.permission.UNINSTALL_SHORTCUT,1,0.18624367828820435,0.18384098726866754,56.8,50.36030182594223,"pearson_r, chi2_stat, entropy_reduction_ratio",0.10738065797545068,0.10348561581617227,0.12918006201288373,0.041862245903065684,0.5493098097334493
n_providers,1,0.17980609097616665,0.09791590126609478,219.6,386.28828612837845,"chi2_stat, mutual_information, pearson_r",0.1256945947348914,0.1952436129847167,0.35180650193474494,0.057021857130634034,0.16926388809584614
perm_android.permission.KILL_BACKGROUND_PROCESSES,1,0.17391710466863305,0.18294431919596774,77.5,88.35892710982858,"pearson_r, chi2_stat, entropy_reduction_ratio",0.11297056197130409,0.07143917147699053,0.11503392398994317,0.035121602365991975,0.5350202635389355
n_urls,1,0.17365814630399978,0.10188280408050311,239.6,368.064450877832,"entropy_reduction_ratio, pearson_r, chi2_stat",0.31072551928632364,0.11989927372082733,0.16556837303830282,0.019154225910269863,0.2529433395642753
perm_android.permission.WRITE_SETTINGS,1,0.17189294248749287,0.19887384118933074,122.0,184.07933072455472,"pearson_r, chi2_stat, entropy_reduction_ratio",0.1083512493330118,0.011045655347658704,0.13238798375360186,0.04745740508533279,0.5602224189178592
perm_android.permission.RECEIVE_SMS,1,0.1691726204829988,0.19821024193716077,177.7,296.92652289750066,"pearson_r, chi2_stat, entropy_reduction_ratio",0.11305333009483945,0.0,0.13506422146801664,0.044059013531910635,0.5536865373202273
perm_,1,0.15713104946100326,0.17777964068464125,103.0,48.65799009412534,"pearson_r, mutual_information, chi2_stat",0.022910989366208775,0.28657132816097874,0.024217668208409083,0.00676024724487486,0.4451950143245449
perm_android.permission.ACCESS_COARSE_LOCATION,1,0.15057836142940528,0.19709545434756395,115.8,143.1256790376905,"pearson_r, entropy_reduction_ratio, chi2_stat",0.07638102786003399,0.034647930538427324,0.05911451062028442,0.03910900439893806,0.5436393337293426
n_activities,1,0.13310914809262325,0.13843963439887214,348.8,298.09085863206207,"pearson_r, entropy_reduction_ratio, mutual_information",0.20989211522483184,0.09054308749467313,0.001444825447234014,0.00012336961133268837,0.3635423426850445
perm_com.sec.android.provider.badge.permission.READ,1,0.13204641530663447,0.08880285421626724,231.8,376.5067861274216,"mutual_information, pearson_r, chi2_stat",0.053015816289753395,0.24878454756422552,0.10487466982619188,0.02992217853533662,0.22363486431766505
intent_com.example.servicejar.action.SHORTCUT_CLICKED,1,0.12773166909978517,0.1601170561499374,515.2,253.1405933468593,"pearson_r, mutual_information, entropy_reduction_ratio",0.0,0.2653754255766139,0.0,0.0,0.37328291992231194
perm_com.yulong.android.launcher3.WRITE_SETTINGS,1,0.12404851115765858,0.15709171489968932,515.6,252.35023281146385,"pearson_r, mutual_information, entropy_reduction_ratio",0.0,0.246959635865981,0.0,0.0,0.37328291992231194
n_api_calls,1,0.12235011270064935,0.14059865158206894,382.0,292.03355971531766,"pearson_r, entropy_reduction_ratio, mutual_information",0.2138918323103082,0.04033089935550378,0.0017120318624238154,0.0004170772080208138,0.3553987227669901
intent_com.qihoo360.mobilesafe.pcdaemon.sms.cancel.default.smsreceive,1,0.11951484548242106,0.15377108796374778,516.0,251.55993321671875,"pearson_r, mutual_information, entropy_reduction_ratio",0.0,0.22429130748979334,0.0,0.0,0.37328291992231194
intent_com.qihoo.appstore.ACTION_GET_DOWNLOAD_APK_PATH,1,0.11883702782808805,0.1533145347618107,516.2,251.1648064518594,"pearson_r, mutual_information, entropy_reduction_ratio",0.0,0.22090221921812828,0.0,0.0,0.37328291992231194
perm_android.permission.ADDINSTALLKEY,1,0.11881272140669594,0.15329836024346824,516.4,250.76969513878663,"pearson_r, mutual_information, entropy_reduction_ratio",0.0,0.22078068711116774,0.0,0.0,0.37328291992231194
perm_com.fede.launcher.permission.READ_SETTINGS,1,0.11827058986642769,0.15294117424406417,516.6,250.37459935065294,"pearson_r, mutual_information, entropy_reduction_ratio",0.0,0.21807002940982653,0.0,0.0,0.37328291992231194
intent_com.qihoo.appstore.checkupdate.CHECK_BAOHE_UPDATE,1,0.11779038402726963,0.15263052323345472,517.0,249.5844546441144,"pearson_r, mutual_information, entropy_reduction_ratio",0.0,0.21566900021403618,0.0,0.0,0.37328291992231194
intent_com.google.android.c2dm.intent.REGISTRATION,1,0.11189179985237799,0.13209219360485386,313.4,317.3078000932218,"pearson_r, mutual_information, chi2_stat",0.00722081133714836,0.21703779156448866,0.011309314393999112,0.003669749619634823,0.320221332346619
intent_com.android.vending.INSTALL_REFERRER,1,0.10978296459117472,0.05685984248090327,293.4,375.36893851249863,"chi2_stat, pearson_r, entropy_reduction_ratio",0.10278937525042817,0.03831690906873886,0.183092587883229,0.05934222855257185,0.16537372220090565
perm_android.permission.RESTART_PACKAGES,0,0.19043112898666317,0.17520831323676703,39.2,5.2687759489277965,"pearson_r, mutual_information, chi2_stat",0.10056249985457726,0.1920183085648809,0.1029250898857386,0.031036632558095294,0.5256131140700238
intent_android.intent.action.PACKAGE_REPLACED,0,0.18908823702178842,0.17820952129860768,40.6,9.09065454189081,"pearson_r, mutual_information, chi2_stat",0.09301325211175639,0.170894340692314,0.1117262738091279,0.03501800220305309,0.5347893162926908
perm_android.permission.GET_PACKAGE_SIZE,0,0.17326874305315945,0.18331173157723119,80.3,93.43586035350667,"pearson_r, chi2_stat, entropy_reduction_ratio",0.11297056197130409,0.0681973633996226,0.11503392398994317,0.035121602365991975,0.5350202635389354
perm_android.permission.DISABLE_KEYGUARD,0,0.17148881263502683,0.17726497456307955,50.8,11.070682002478437,"pearson_r, mutual_information, chi2_stat",0.058212213013827244,0.19003837272277604,0.07696477459503925,0.024147511871036954,0.5080811909724545
suspicious_sendTextMessage,0,0.1669216735963929,0.18520544459777713,64.6,45.49109803027401,"pearson_r, mutual_information, chi2_stat",0.07389218538879647,0.10479354319962718,0.08656459215042077,0.03487905787684411,0.534478989366276
perm_android.permission.DOWNLOAD_WITHOUT_NOTIFICATION,0,0.16652947072893917,0.17652534263008526,56.2,17.31357848626332,"pearson_r, mutual_information, chi2_stat",0.07211722285559752,0.1366133057582063,0.08570628112077414,0.025772829085747642,0.5124377148243703
intent_cn.egame.terminal.sdk.RECEIVER_CMD,0,0.164774766068743,0.17967947322901917,78.4,71.09458488520768,"pearson_r, chi2_stat, entropy_reduction_ratio",0.09440655163908827,0.08281606443102926,0.09687067283363633,0.029031737701645077,0.520748803738316
intent_android.intent.action.CHINAMOBILE_OMS_GAME,0,0.1601623127946858,0.17518761951016776,65.0,30.046630426721727,"pearson_r, mutual_information, chi2_stat",0.07612707387731878,0.11745217273450424,0.07870742167732951,0.023161994520704894,0.5053629011635715
perm_android.permission.WRITE_SMS,0,0.15709705335960464,0.1794444220603893,87.2,81.7738344459889,"pearson_r, chi2_stat, entropy_reduction_ratio",0.08523179822778845,0.07317585342309421,0.08778904725548292,0.026070103855240653,0.5132184640364169
intent_cn.egame.terminal.sdk.SERVICE_CMD,0,0.15404468975459482,0.18575278597385805,120.0,154.13565453846167,"pearson_r, chi2_stat, entropy_reduction_ratio",0.09440655163908827,0.02916568286028842,0.09687067283363633,0.029031737701645077,0.520748803738316
intent_android.intent.action.PACKAGE_INSTALL,0,0.153157682405432,0.17529955080895002,76.4,42.84203543250484,"pearson_r, mutual_information, chi2_stat",0.07009563224958532,0.10187310751994397,0.07265300462522725,0.021252280184135865,0.49991438744826766
perm_com.android.launcher.permission.READ_SETTINGS,0,0.15071078518372866,0.17753660075672834,79.8,46.079930555503225,"pearson_r, mutual_information, chi2_stat",0.057816948676247766,0.09784750628221832,0.0734275260794201,0.0220995235892628,0.5023624212914943
intent_android.provider.Telephony.SMS_RECEIVED,0,0.14933156172832013,0.18127035459488688,98.8,98.42032310452959,"pearson_r, chi2_stat, entropy_reduction_ratio",0.06930326431043941,0.06001061620459658,0.08271061237739219,0.024795905298423085,0.5098374104507495
intent_safiap.GET_SHARED_DATA,0,0.14847850387496736,0.1707785965206254,75.6,13.558761005342634,"pearson_r, mutual_information, chi2_stat",0.046270176959985185,0.15803121964594663,0.048435336416818166,0.01383676381609155,0.4758190225359952
intent_android.intent.action.PACKAGE_FULLY_REMOVED,0,0.14392089563111962,0.1750630045277328,92.8,59.49756297530177,"pearson_r, mutual_information, chi2_stat",0.061105252900791995,0.08513335509656501,0.06357137904707386,0.018430200422396237,0.4913642906887711
intent_safiap.framework.sdk.ISAFFramework,0,0.14364841869061032,0.17078163560311627,81.2,12.967652061957862,"pearson_r, mutual_information, chi2_stat",0.046270176959985185,0.13388079372416145,0.048435336416818166,0.01383676381609155,0.4758190225359952
perm_android.permission.READ_CONTACTS,0,0.14299330741205285,0.17515686858430254,80.6,16.81190054693401,"pearson_r, mutual_information, chi2_stat",0.034802046682094606,0.13415104186450486,0.04613471903821352,0.016102237653341296,0.4837764918221099
intent_safiap.framework.ACTION_CANCEL_NOTIFICATION,0,0.14284658525495308,0.1708350163850487,82.0,13.65283853270081,"pearson_r, mutual_information, chi2_stat",0.046270176959985185,0.1298716265458753,0.048435336416818166,0.01383676381609155,0.4758190225359952
intent_android.intent.action.CREATE_SHORTCUT,0,0.1415695940164426,0.17118758446641238,86.2,14.358272876638054,"pearson_r, mutual_information, chi2_stat",0.03435009487716008,0.14519352323859233,0.04404026349656019,0.012698820377785651,0.4715652680921147
intent_android.Intent.ACTION_NEW_OUTGOING_CALL,0,0.14117733210511754,0.1692914035476706,87.6,15.74293492332354,"pearson_r, mutual_information, chi2_stat",0.03745683503979815,0.1525089041075661,0.039353710838664756,0.011144612452051221,0.46542259808750747
intent_android.intent.action.DOWNLOAD_COMPLETE,0,0.14010422915245085,0.18410632582234793,125.0,140.80056818067177,"pearson_r, chi2_stat, entropy_reduction_ratio",0.05944242249406407,0.03421610937191675,0.0769191352679256,0.023537556980977106,0.5064059216473707
intent_co.ronash.pushe.ACTION_TASK_READY,0,0.13917818558735875,0.17834049703047006,114.2,109.36434519531493,"pearson_r, chi2_stat, entropy_reduction_ratio",0.06409452616006354,0.05156310633680026,0.06659858757312498,0.019365295115107158,0.4942694127516978
suspicious_Ljava/lang/Runtime;->exec,0,0.1385887833840001,0.19709535696577873,137.0,166.44398457138666,"pearson_r, entropy_reduction_ratio, chi2_stat",0.06517826910697345,0.017559477940382134,0.04506499491626192,0.03358516272910885,0.5315560122272741
intent_co.ronash.pushe.service.ScreenStateService,0,0.13630218152797907,0.17983987635018078,125.0,130.8877381575524,"pearson_r, chi2_stat, entropy_reduction_ratio",0.06409452616006354,0.037183086039901996,0.06659858757312498,0.019365295115107158,0.4942694127516978
n_receivers,0,0.13616450049330137,0.16111603404917865,154.6,152.79476430820526,"pearson_r, entropy_reduction_ratio, chi2_stat",0.1288956730018453,0.023165051995423538,0.07480173985603421,0.007082467889473755,0.44687756972373016
intent_safiap.framework.ACTION_TO_INSTALL_IAP,0,0.1360257492393743,0.1718944390328337,98.8,41.85881030320857,"pearson_r, mutual_information, chi2_stat",0.046270176959985185,0.09576744646798144,0.048435336416818166,0.01383676381609155,0.4758190225359952
intent_co.ronash.pushe.RECEIVE,0,0.1350258256434372,0.17015622260859364,97.4,21.712669112755346,"pearson_r, mutual_information, chi2_stat",0.04038739186027908,0.1113249322655365,0.0423809193647159,0.012036780200220629,0.46899910452643395
intent_android.app.action.DEVICE_ADMIN_ENABLED,0,0.13384139829126235,0.16615811800164346,133.8,58.20618523834044,"pearson_r, mutual_information, chi2_stat",0.014267781642731256,0.2056520366305596,0.01513604263025568,0.0041892473246253874,0.4299618832281397
perm_android.permission.PROCESS_OUTGOING_CALLS,0,0.13167985173390467,0.1869442645050317,199.7,286.03174648979086,"pearson_r, chi2_stat, entropy_reduction_ratio",0.0609560199081555,0.0,0.07373581509537641,0.021904376214313733,0.5018030474516777
intent_android.intent.apicloud.notification,0,0.13082339676650886,0.16657955227308788,107.2,23.254246923949182,"pearson_r, mutual_information, chi2_stat",0.025806016743237323,0.1438041725470615,0.027244876734460216,0.007627070594038508,0.4496348472137468
intent_safiap.framework.ACTION_TO_INSTALL,0,0.1305262649375864,0.17352658381058167,116.2,75.8561797087093,"pearson_r, mutual_information, chi2_stat",0.046270176959985185,0.06827002495904189,0.048435336416818166,0.01383676381609155,0.4758190225359952
intent_com.evernote.android.job.ADD_JOB_CREATOR,0,0.1301454868581038,0.18172987620360936,145.4,164.12324637296206,"pearson_r, chi2_stat, entropy_reduction_ratio",0.061105252900791995,0.016256311231485715,0.06357137904707386,0.018430200422396237,0.4913642906887711
suspicious_Ljava/lang/System;->loadLibrary,0,0.12943674773582553,0.1784123804712134,109.8,41.90656273186814,"pearson_r, mutual_information, entropy_reduction_ratio",0.028996738435184872,0.108457238383112,0.01544590964065883,0.014845108391719106,0.47943874382845275
intent_co.ronash.pushe.CHECK_TASKS,0,0.12886556431999868,0.18449340305260947,202.1,284.8779387737843,"pearson_r, chi2_stat, entropy_reduction_ratio",0.06409452616006354,0.0,0.06659858757312498,0.019365295115107158,0.4942694127516978
perm_android.webkit.permission.PLUGIN,0,0.12850699782115224,0.16461407339478454,129.9,41.70779303679349,"pearson_r, mutual_information, chi2_stat",0.0171419058005258,0.1667540288308844,0.018163251156306813,0.0050413788822415775,0.43543442443580266
intent_safiap.framework.ACTION_START_DOWNLOAD,0,0.12778432599231007,0.17459368208402215,127.0,97.2440229525702,"pearson_r, mutual_information, chi2_stat",0.046270176959985185,0.054560330232660305,0.048435336416818166,0.01383676381609155,0.4758190225359952
perm_android.permission.CHANGE_CONFIGURATION,0,0.126675200922917,0.1716818322574669,117.2,43.96998976574818,"pearson_r, mutual_information, chi2_stat",0.028577640577808844,0.08819313125442683,0.03904864796795777,0.01133968796487724,0.4662168968495143
intent_com.tencent.mm.plugin.openapi.Intent.ACTION_REFRESH_WXAPP,0,0.1252104302974794,0.16990407470741356,123.9,49.420036422487584,"pearson_r, mutual_information, chi2_stat",0.03453345438944631,0.08321748048969187,0.036326502312613626,0.010257603328465623,0.4617171109671797
perm_android.permission.SYSTEM_OVERLAY_WINDOW,0,0.12397008488339142,0.16772240650432363,120.2,30.168858115613194,"pearson_r, mutual_information, chi2_stat",0.028708080249962912,0.09852438353651657,0.03027208526051136,0.008498874822617526,0.4538470005473487
suspicious_getWifiState,0,0.12335995725740898,0.185695856595513,209.9,281.11357135506637,"pearson_r, chi2_stat, entropy_reduction_ratio",0.04477352685341732,0.0,0.060890522031108306,0.018754697982935442,0.49238103941958383
intent_cn.play.dservice,0,0.12304521302810871,0.18051511274148005,155.2,169.25412845777205,"pearson_r, chi2_stat, entropy_reduction_ratio",0.05218209829410293,0.010632003582399007,0.05448975346892043,0.015657928465341923,0.4822642813297793
perm_com.android.launcher.permission.WRITE_SETTINGS,0,0.1229739268789221,0.17634138672111976,140.4,111.01999819852277,"pearson_r, chi2_stat, mutual_information",0.03690969363693978,0.04248025288765915,0.04698623318846338,0.013588077273862275,0.47490537740768596
intent_safiap.framework.ACTION_CHECK_UPDATE,0,0.12196502577399701,0.1773996495847717,151.2,145.39656116978833,"pearson_r, chi2_stat, entropy_reduction_ratio",0.046270176959985185,0.025463829141094997,0.048435336416818166,0.01383676381609155,0.4758190225359952
suspicious_getDeviceId,0,0.12128722507017789,0.18611193568116802,161.8,107.42699846872759,"pearson_r, mutual_information, entropy_reduction_ratio",0.032200894313106854,0.06321139140207893,0.0013255503814747298,0.0184060117966517,0.4912922774575772
perm_android.permission.INSTALL_PACKAGES,0,0.12095355579802361,0.16575643308208138,130.6,21.133859089148864,"pearson_r, mutual_information, chi2_stat",0.022910989366208775,0.10568385984608034,0.024217668208409083,0.00676024724487486,0.4451950143245449
intent_com.tencent.android.tpush.action.PUSH_MESSAGE,0,0.12064814719889556,0.15828687401814978,215.0,97.11024662722261,"pearson_r, mutual_information, chi2_stat",0.002839954446409589,0.1980163864697073,0.0030272085260511354,0.0008284616743711567,0.3985287248779386
intent_android.intent.action.DOWNLOAD_NOTIFICATION_CLICKED,0,0.12006336188999485,0.17659849324432433,155.4,141.30902306646945,"pearson_r, chi2_stat, entropy_reduction_ratio",0.04332516052067051,0.026188701015709474,0.04540812789076703,0.012934149135795233,0.472460670887032
perm_android.permission.WRITE_APN_SETTINGS,0,0.11865064208688078,0.16473211940648014,138.3,20.677524029728513,"pearson_r, mutual_information, chi2_stat",0.020022963755324943,0.10565915444387022,0.02119045968235795,0.005898365179672096,0.4404822673731787
perm_android.permission.CALL_PHONE,0,0.11834121647306779,0.17779275935281058,150.6,121.1290221210425,"pearson_r, chi2_stat, mutual_information",0.02900606055334901,0.035747209763792906,0.04030352929109566,0.013197293219950126,0.4734519895371513
intent_safiap.framework.ACTION_SET_TIMER,0,0.11802089296070233,0.17970555773186173,165.2,173.31635814313663,"pearson_r, chi2_stat, entropy_reduction_ratio",0.046270176959985185,0.0057431650746215925,0.048435336416818166,0.01383676381609155,0.4758190225359952
perm_android.permission.READ_SETTINGS,0,0.11791716882870355,0.1635124216573678,144.5,22.84513077222365,"pearson_r, mutual_information, chi2_stat",0.0171419058005258,0.11380488386864099,0.018163251156306813,0.0050413788822415775,0.43543442443580266
intent_com.baidu.autoupdatesdk.ACTION_DOWNLOAD_COMPLETE,0,0.11617222373940819,0.1680089507609902,143.2,60.186044894144686,"pearson_r, mutual_information, chi2_stat",0.025806016743237323,0.07054830741155815,0.027244876734460216,0.007627070594038508,0.4496348472137468
intent_safiap.framework.ACTION_TO_UPDATE,0,0.116168004836496,0.15955200853635446,174.4,54.37867228978655,"pearson_r, mutual_information, chi2_stat",0.008540200521903182,0.14362097997538614,0.009081625578153407,0.0024993877336874134,0.4170978303733499
intent_com.baidu.android.pushservice.action.METHOD,0,0.11556201176659364,0.1622336439680334,154.4,26.17708921939183,"pearson_r, mutual_information, chi2_stat",0.014267781642731256,0.11425510400721621,0.01513604263025568,0.0041892473246253874,0.4299618832281397
perm_android.permission.RECEIVE_USER_PRESENT,0,0.11546451835785483,0.16803116181890684,148.0,47.61092311644462,"pearson_r, mutual_information, chi2_stat",0.017815988432367216,0.07895280367438466,0.025413898992756204,0.007275095439817221,0.44786480524994887
intent_android.intent.action.BATTERY_CHANGED,0,0.11523531652717675,0.16366776849793918,150.7,22.817975370308385,"pearson_r, mutual_information, chi2_stat",0.0171419058005258,0.10039562236100692,0.018163251156306813,0.0050413788822415775,0.43543442443580266
intent_com.tencent.smtt.tbs.video.PLAY,0,0.1147289402152278,0.16522738159651879,149.2,33.09017981214367,"pearson_r, mutual_information, chi2_stat",0.020022963755324943,0.0860506450856053,0.02119045968235795,0.005898365179672096,0.44048226737317864
perm_com.samsung.svoice.sync.ACCESS_SERVICE,0,0.11470093509395522,0.1507629710128432,518.0,247.60936977424743,"pearson_r, mutual_information, entropy_reduction_ratio",0.0,0.20022175554746413,0.0,0.0,0.37328291992231194
intent_com.qihoo.psdk.service.action.remote,0,0.11420568277969737,0.15048503500197236,518.6,246.42451176780284,"pearson_r, mutual_information, entropy_reduction_ratio",0.0,0.19774549397617489,0.0,0.0,0.37328291992231194
intent_com.qihoo.appstore.battery.STABLE_NOTIFY,0,0.11382876904845833,0.15027754127446288,518.8,246.02959171611857,"pearson_r, mutual_information, entropy_reduction_ratio",0.0,0.1958609253199797,0.0,0.0,0.37328291992231194
intent_android.accessibilityservice.AccessibilityService,0,0.11372827718954674,0.1592064601298432,177.2,49.53947920598278,"pearson_r, mutual_information, chi2_stat",0.008540200521903182,0.13142234174063988,0.009081625578153407,0.0024993877336874134,0.4170978303733499
intent_com.igexin.sdk.action.refreshls,0,0.11353392310533943,0.1638572968148544,156.1,27.75139636126442,"pearson_r, mutual_information, chi2_stat",0.0171419058005258,0.09188865525182026,0.018163251156306813,0.0050413788822415775,0.43543442443580266
intent_android.intent.action.QUICKBOOT_POWERON,0,0.11340712259174365,0.05755039083205821,243.0,374.4163457970285,"pearson_r, chi2_stat, mutual_information",0.06645747703525103,0.12561260817499914,0.13226551519802784,0.03850926583219092,0.20419074671824933
perm_com.google.android.googleapps.permission.GOOGLE_AUTH.dodgeball,0,0.11248609837117281,0.14956692859067447,520.2,243.26561614827526,"pearson_r, mutual_information, entropy_reduction_ratio",0.0,0.18914757193355206,0.0,0.0,0.37328291992231194
intent_com.qihoo.appstore.CHECK_APP_UPDATE_DESK_NOTIFICATION,0,0.11239667831916644,0.14952119570791647,520.4,242.87082986641275,"pearson_r, mutual_information, entropy_reduction_ratio",0.0,0.18870047167352028,0.0,0.0,0.37328291992231194
perm_com.android.browser.permission.READ_HISTORY_BOOKMARKS,0,0.11237600146341682,0.1703765514464517,158.6,82.88932379987183,"pearson_r, mutual_information, chi2_stat",0.019196332220623027,0.055189794420519765,0.027744276294607604,0.008048667427374612,0.4517009369539591
perm_android.permission.ACCESS_LOCATION_EXTRA_COMMANDS,0,0.11230369732405154,0.17863479713985259,173.2,160.98124114318415,"pearson_r, chi2_stat, entropy_reduction_ratio",0.02928928382596458,0.010575349199859163,0.04078484080831751,0.01200295342499895,0.4688660593611175
perm_android.permission.READ_EXTERNAL_STORAGE,0,0.11208990493898933,0.18229901337080764,170.8,159.96174542683636,"pearson_r, chi2_stat, entropy_reduction_ratio",0.028653227634175125,0.01175688615600914,0.029651083480618526,0.013994454681581009,0.4763938727425629
perm_com.bbk.launcher2.permission.WRITE_SETTINGS,0,0.11206927731461278,0.1493554580670062,520.6,242.47606067403854,"pearson_r, mutual_information, entropy_reduction_ratio",0.0,0.18706346665075196,0.0,0.0,0.37328291992231194
intent_com.baidu.android.pushservice.action.notification.CLICK,0,0.1118836805481227,0.16242995473920346,164.0,24.19504081418339,"pearson_r, mutual_information, chi2_stat",0.014267781642731256,0.09586344791486151,0.01513604263025568,0.0041892473246253874,0.4299618832281397
intent_com.snowfish.a.a.s.ABGSvc,0,0.11165512358055549,0.1694721213373258,160.0,92.78254146120379,"pearson_r, mutual_information, chi2_stat",0.025806016743237323,0.04796280661729467,0.027244876734460216,0.007627070594038508,0.4496348472137468
intent_com.cootek.smartinputv5.action.SP.DESTROY,0,0.11153159084373229,0.149089109459302,521.0,241.68657389271752,"pearson_r, mutual_information, entropy_reduction_ratio",0.0,0.1843750342963495,0.0,0.0,0.37328291992231194
perm_com.sonyericsson.home.permission.BROADCAST_BADGE,0,0.11150031955863238,0.06047323627085582,244.8,373.0283635328552,"pearson_r, mutual_information, chi2_stat",0.0629549683837451,0.12477072413423404,0.12359456730771158,0.03551965911502278,0.21066167885244838
intent_com.qihoo.appstore.ACTION_WIRTE_CHANNEL_AND_INSTALL,0,0.11097217433489578,0.14881973893618208,521.2,241.29185647261284,"pearson_r, mutual_information, entropy_reduction_ratio",0.0,0.18157795175216707,0.0,0.0,0.37328291992231194
intent_com.mobutils.android.mediation.MaterialNotificationReceiver.ACTION_AD_EXPIRES,0,0.11082866796244002,0.1487519153334369,521.6,240.50247399974913,"pearson_r, mutual_information, entropy_reduction_ratio",0.0,0.18086041988988813,0.0,0.0,0.37328291992231194
perm_android.permission.PACKAGE_USAGE_STATS,0,0.11080663533901022,0.16791937311643368,164.2,79.5824101168091,"pearson_r, mutual_information, chi2_stat",0.022910989366208775,0.0549492575510135,0.024217668208409083,0.00676024724487486,0.4451950143245449
intent_android.intent.action.MEDIA_MOUNTED,0,0.11067555128360432,0.1780161442035835,228.1,271.9967646866411,"pearson_r, chi2_stat, entropy_reduction_ratio",0.03745683503979815,0.0,0.039353710838664756,0.011144612452051221,0.46542259808750747
perm_android.Manifest.permission.READ_PHONE_STATE,0,0.11042213072619249,0.14856262105828466,521.8,240.10780911915379,"pearson_r, mutual_information, entropy_reduction_ratio",0.0,0.17882773370865052,0.0,0.0,0.37328291992231194
perm_com.google.android.gms.permission.ACTIVITY_RECOGNITION,0,0.11027865401767944,0.16261986481987342,168.6,28.263757711953303,"pearson_r, mutual_information, chi2_stat",0.014267781642731256,0.08783831526264523,0.01513604263025568,0.0041892473246253874,0.4299618832281397
perm_com.google.android.googleapps.permission.GOOGLE_AUTH.speech,0,0.109938404938827,0.14834287724704256,522.0,239.7131619248305,"pearson_r, mutual_information, entropy_reduction_ratio",0.0,0.17640910477182314,0.0,0.0,0.37328291992231194
intent_com.qihoo.appstore.OPEN_BROWSER,0,0.1095459383536389,0.1481689923460913,522.4,238.92392094555956,"pearson_r, mutual_information, entropy_reduction_ratio",0.0,0.17444677184588256,0.0,0.0,0.37328291992231194
intent_com.tencent.android.tpush.action.FEEDBACK,0,0.10940049891214183,0.15433843126908048,225.2,78.05741476631161,"pearson_r, mutual_information, chi2_stat",0.002839954446409589,0.14177814503593872,0.0030272085260511354,0.0008284616743711567,0.3985287248779386
perm_android.permission.READ_APP_BADGE,0,0.10932489829280038,0.07141991768403022,246.8,366.044751362453,"pearson_r, mutual_information, chi2_stat",0.05398397780684613,0.13883301765921136,0.09620590000317837,0.027213527223766496,0.23038806877099954
intent_com.excelliance.dualaid.action.ext,0,0.10925165156223145,0.14804120303355495,522.6,238.5293273373318,"pearson_r, mutual_information, entropy_reduction_ratio",0.0,0.17297533788884523,0.0,0.0,0.37328291992231194
intent_com.kingroot.common.ACTION_NOTIFY_OUT_SELF_APP_BY_MAIN,0,0.10908187456768877,0.1479684948245481,523.0,237.74019432986086,"pearson_r, mutual_information, entropy_reduction_ratio",0.0,0.1721264529161319,0.0,0.0,0.37328291992231194
perm_com.sec.android.provider.badge.permission.WRITE,0,0.10908096392650375,0.06807133717057606,246.6,369.1149414477826,"pearson_r, mutual_information, chi2_stat",0.053015816289753395,0.13395729066357173,0.10487466982619188,0.02992217853533662,0.22363486431766505
perm_android.permission.GET_ACCOUNTS,0,0.10889482749586907,0.13493422837211583,334.8,307.54342782768094,"pearson_r, mutual_information, chi2_stat",0.0043148926319772525,0.199225970454878,0.006245524585373258,0.0021620204313866805,0.3325257293757301
perm_android.permission.RECEIVE_WAP_PUSH,0,0.10874176126366977,0.14782507760591723,523.4,236.95113420281407,"pearson_r, mutual_information, entropy_reduction_ratio",0.0,0.17042588639603687,0.0,0.0,0.37328291992231194
perm_com.oppo.launcher.permission.WRITE_SETTINGS,0,0.10857347449536654,0.08226235334708913,250.5,363.3845070995735,"pearson_r, mutual_information, chi2_stat",0.04309917297786721,0.15558763371205384,0.0769647200025427,0.021613061422345568,0.24560278436202335
perm_android.permission.ACCESS_COARSE_UPDATES,0,0.10856693419954107,0.17712492044928183,234.6,268.98408874875855,"pearson_r, chi2_stat, entropy_reduction_ratio",0.03453345438944631,0.0,0.036326502312613626,0.010257603328465623,0.46171711096717977
intent_com.qihoo.appstore.MEMCLEAR,0,0.10847853608177145,0.14771613686075258,523.6,236.5566316973591,"pearson_r, mutual_information, entropy_reduction_ratio",0.0,0.16910976048654525,0.0,0.0,0.37328291992231194
suspicious_getPackageInfo,0,0.10806230448334264,0.1475475408847647,523.8,236.16214768671122,"pearson_r, mutual_information, entropy_reduction_ratio",0.0,0.16702860249440124,0.0,0.0,0.37328291992231194
perm_com.samsung.android.providers.context.permission.WRITE_USE_APP_FEATURE_SURVEY,0,0.10702948682541054,0.14714870302786243,524.2,235.37323552179845,"pearson_r, mutual_information, entropy_reduction_ratio",0.0,0.1618645142047407,0.0,0.0,0.37328291992231194
intent_com.xiaomi.mipush.MESSAGE_ARRIVED,0,0.10672464954719525,0.14703632539223924,524.4,234.97880755506444,"pearson_r, mutual_information, entropy_reduction_ratio",0.0,0.16034032781366428,0.0,0.0,0.37328291992231194
perm_android.permission.WRITE_SECURE_SETTINGS,0,0.10672451061835986,0.1694685941469806,180.6,111.74363516549836,"pearson_r, mutual_information, chi2_stat",0.022910989366208775,0.03453863394776171,0.024217668208409083,0.00676024724487486,0.4451950143245449
intent_com.igexin.sdk.action.service.message,0,0.10672042997944695,0.15670657831438892,206.3,45.67997373029017,"pearson_r, mutual_information, chi2_stat",0.00568667707346341,0.11117777003594892,0.006054417052102271,0.0016615776841015942,0.4090217080516185
perm_android.permission.READ_CALL_LOG,0,0.10662511650699022,0.17759026006742182,238.3,267.131353457433,"pearson_r, chi2_stat, entropy_reduction_ratio",0.026845850636785164,0.0,0.035256513643615935,0.010077669594463072,0.4609455486600869
intent_com.qihoo.appstore.ACTION_UNINSTALL,0,0.10643625777214767,0.14693225998011744,524.6,234.5843984582095,"pearson_r, mutual_information, entropy_reduction_ratio",0.0,0.1588983689384264,0.0,0.0,0.37328291992231194
intent_safiap.framework.ACTION_NETWORK_ERROR_FRAMEWORK,0,0.10643156121445843,0.17618110603043177,238.5,267.06927940143174,"pearson_r, chi2_stat, entropy_reduction_ratio",0.03161721450596934,0.0,0.03329929378656249,0.009375704322551397,0.4578655934572089
intent_safiap.framework.ACTION_NETWORK_ERROR_IAP,0,0.10643156121445843,0.17618110603043177,238.5,267.06927940143174,"pearson_r, chi2_stat, entropy_reduction_ratio",0.03161721450596934,0.0,0.03329929378656249,0.009375704322551397,0.4578655934572089
perm_ANDROID.PERMISSION.SEND_SMS,0,0.1063347218098365,0.16543332492998233,179.9,69.9767104113933,"pearson_r, mutual_information, chi2_stat",0.0171419058005258,0.055892648774305644,0.018163251156306813,0.0050413788822415775,0.4354344244358027
intent_android.bluetooth.adapter.action.STATE_CHANGED,0,0.10626245843485482,0.15626781210810414,216.2,53.6,"pearson_r, mutual_information, chi2_stat",0.003373237710937887,0.11457476641746753,0.005233852834354117,0.0014506564957134456,0.4066797787158011
intent_android.intent.action.mainintentex,0,0.10617669927467983,0.15908351909898164,195.0,26.90724809414742,"pearson_r, mutual_information, chi2_stat",0.008540200521903182,0.09366445216630523,0.009081625578153407,0.0024993877336874134,0.4170978303733499
intent_com.qihoo.sdkplugging.host.service.CommonHostProxyService,0,0.10609185958876591,0.1468108570635551,525.0,233.79563725613016,"pearson_r, mutual_information, entropy_reduction_ratio",0.0,0.15717637802151757,0.0,0.0,0.37328291992231194
perm_android.permission.ACCESS_FINE_LOCATION,0,0.10604162986362546,0.17121243009419113,182.6,86.77004091274823,"pearson_r, mutual_information, entropy_reduction_ratio",0.014582677398706913,0.0474213251988422,0.01372050388230983,0.007167700018891865,0.44731594281937653
perm_android.permission.BLUETOOTH,0,0.10581306010628719,0.06598977951945678,250.0,369.07560201129525,"pearson_r, mutual_information, chi2_stat",0.05700482236664419,0.12617177592516432,0.09392593537236953,0.031055866953661474,0.22090689991359647
intent_com.qihoo.appstore.battery.FREEZE_APP,0,0.10567082680685683,0.14666669803446494,525.4,233.006952685966,"pearson_r, mutual_information, entropy_reduction_ratio",0.0,0.1550712141119722,0.0,0.0,0.37328291992231194
intent_com.igexin.sdk.action.7fjUl2Z3LH6xYy7NQK4ni4,0,0.10553432791839182,0.16138585693372587,189.0,34.4905784236797,"pearson_r, mutual_information, chi2_stat",0.011400557671364404,0.07689332149379217,0.012108834104204541,0.003341930284193849,0.4239269960384041
intent_android.intent.action.SIM_STATE_CHANGED,0,0.10527049156161916,0.16792986928145504,183.5,99.18770085045827,"pearson_r, mutual_information, chi2_stat",0.020022963755324943,0.03875840181756216,0.02119045968235795,0.005898365179672096,0.4404822673731787
intent_com.xiaomi.mipush.ERROR,0,0.10519107227151596,0.14650815967131384,525.8,232.21834552851334,"pearson_r, mutual_information, entropy_reduction_ratio",0.0,0.1526724414352679,0.0,0.0,0.37328291992231194
perm_android.permission.CLEAR_APP_CACHE,0,0.10515208248296251,0.170166120981905,187.4,125.1760360452431,"pearson_r, mutual_information, chi2_stat",0.022910989366208775,0.026676493270774978,0.024217668208409083,0.00676024724487486,0.4451950143245449
intent_android.intent.action.MEDIA_EJECT,0,0.10495079739875765,0.15919879071449608,199.0,26.153393661244042,"pearson_r, mutual_information, chi2_stat",0.008540200521903182,0.08753494278669435,0.009081625578153407,0.0024993877336874134,0.4170978303733499
intent_android.intent.action.ACTION_SHUTDOWN,0,0.10482650160876514,0.15392695246192256,226.6,65.04490756392848,"pearson_r, mutual_information, chi2_stat",0.0019380684190388367,0.11927656256475161,0.0031002714839304365,0.0008570687655901482,0.3989605368105147
intent_com.mobiletool.appstore.service.weatherservice,0,0.10436212537431537,0.14624865946333473,526.4,231.03558167520427,"pearson_r, mutual_information, entropy_reduction_ratio",0.0,0.1485277069492649,0.0,0.0,0.37328291992231194
suspicious_Ljava/lang/System;->load,0,0.10415415000304169,0.1840458261958355,250.7,264.2036335859142,"pearson_r, entropy_reduction_ratio, f_stat",0.024871605623887648,0.0,0.011202710295250379,0.012788473824374197,0.4719079602716962
perm_com.majeur.launcher.permission.UPDATE_BADGE,0,0.10404697148641473,0.0669672814311181,256.4,365.4594915992742,"pearson_r, mutual_information, chi2_stat",0.053015816289753395,0.10878732846312664,0.10487466982619188,0.02992217853533662,0.22363486431766505
intent_com.baidu.android.pushservice.action.BIND_SYNC,0,0.10401971116186448,0.16395982279994425,189.2,61.89636499827756,"pearson_r, mutual_information, chi2_stat",0.014267781642731256,0.0565436009835704,0.01513604263025568,0.0041892473246253874,0.4299618832281397
perm_android.permission.SEND_DOWNLOAD_COMPLETED_INTENTS,0,0.10395306812075358,0.16169716785543828,193.8,42.08752784376863,"pearson_r, mutual_information, chi2_stat",0.011400557671364404,0.06898702250560104,0.012108834104204541,0.003341930284193849,0.4239269960384041
intent_android.intent.action.DELETE,0,0.10383527013037068,0.15933639976712172,203.4,28.068487668558134,"pearson_r, mutual_information, chi2_stat",0.008540200521903182,0.08195730644475946,0.009081625578153407,0.0024993877336874134,0.4170978303733499
intent_io.intercom.android.sdk.INTERCOM_PUSH_OPENED,0,0.10372628806798401,0.14606205291690444,526.6,230.6413666279317,"pearson_r, mutual_information, entropy_reduction_ratio",0.0,0.14534852041760807,0.0,0.0,0.37328291992231194
perm_com.google.android.googleapps.permission.GOOGLE_AUTH.knol,0,0.10368946281664124,0.14605157728816798,527.0,229.8529964999369,"pearson_r, mutual_information, entropy_reduction_ratio",0.0,0.14516439416089427,0.0,0.0,0.37328291992231194
intent_com.excelliance.kxqp.action.time,0,0.10352444335405513,0.14600508146051416,527.4,229.06470701528858,"pearson_r, mutual_information, entropy_reduction_ratio",0.0,0.14433929684796373,0.0,0.0,0.37328291992231194
intent_com.qihoo360.daemon.pcdaemon.NotifyServiceStart2,0,0.10344953893710747,0.14598421774072212,527.6,228.67059277484722,"pearson_r, mutual_information, entropy_reduction_ratio",0.0,0.14396477476322542,0.0,0.0,0.37328291992231194
intent_com.esbook.receiver.CLICK_DOWN_BOOK,0,0.10335787564853922,0.14595889119371444,528.2,227.48837332927587,"pearson_r, mutual_information, entropy_reduction_ratio",0.0,0.14350645832038417,0.0,0.0,0.37328291992231194
perm_android.Manifest.permission.READ_PHONE_NUMBERS,0,0.10334603589337502,0.1459556363435127,528.4,227.09434162920044,"pearson_r, mutual_information, entropy_reduction_ratio",0.0,0.14344725954456308,0.0,0.0,0.37328291992231194
perm_com.sonymobile.home.permission.PROVIDER_INSERT_BADGE,0,0.10310410803075883,0.06991759381385661,258.8,361.46584900928053,"pearson_r, mutual_information, chi2_stat",0.05398397780684613,0.10772906634900355,0.09620590000317837,0.027213527223766496,0.23038806877099954
intent_com.baidu.android.pushservice.action.notification.SHOW,0,0.10308016254790078,0.16424240233876852,194.0,70.89005572010788,"pearson_r, mutual_information, chi2_stat",0.014267781642731256,0.05184585791375187,0.01513604263025568,0.0041892473246253874,0.4299618832281397
intent_android.intent.action.VIEW,0,0.10303207199037427,0.12576081830991287,319.0,313.0897634864481,"pearson_r, mutual_information, chi2_stat",0.0073346322155255625,0.17250813754435787,0.011901563192505233,0.003746797393077157,0.31966922960640554
intent_com.kingroot.common.ACTION_SWITCH_IN_DESKTOP,0,0.1028399509626281,0.14582003640885394,528.8,226.30634105123966,"pearson_r, mutual_information, entropy_reduction_ratio",0.0,0.14091683489082862,0.0,0.0,0.37328291992231194
perm_com.google.android.googleapps.permission.GOOGLE_AUTH.jotspot,0,0.10231041655232756,0.145685546999324,529.2,225.51842496789482,"pearson_r, mutual_information, entropy_reduction_ratio",0.0,0.1382691628393259,0.0,0.0,0.37328291992231194
perm_qiku.permission.READ_WRITE_SAFE_SPACE,0,0.10219406657662944,0.14565701203596884,529.4,225.12449888894812,"pearson_r, mutual_information, entropy_reduction_ratio",0.0,0.13768741296083525,0.0,0.0,0.37328291992231194
intent_android.intent.action.MY_PACKAGE_REPLACED,0,0.10217817426840603,0.06888945761576484,261.2,361.9383372896549,"pearson_r, mutual_information, chi2_stat",0.04983283593334243,0.10562714365775948,0.09993211085502271,0.028592852531758913,0.22690592836414658
perm_com.xiaomi.sdk.permission.PAYMENT,0,0.10206256225709658,0.17410001078161108,245.9,263.4225502875561,"pearson_r, chi2_stat, entropy_reduction_ratio",0.025806016743237323,0.0,0.027244876734460216,0.007627070594038508,0.4496348472137468
intent_com.baidu.autoupdatesdk.ACTION_AS_DOWNLOAD_COMPLETE,0,0.10206256225709658,0.17410001078161108,245.9,263.4225502875561,"pearson_r, chi2_stat, entropy_reduction_ratio",0.025806016743237323,0.0,0.027244876734460216,0.007627070594038508,0.4496348472137468
intent_com.baidu.autoupdatesdk.ACTION_NEW_UPDATE,0,0.10206256225709658,0.17410001078161108,245.9,263.4225502875561,"pearson_r, chi2_stat, entropy_reduction_ratio",0.025806016743237323,0.0,0.027244876734460216,0.007627070594038508,0.4496348472137468
intent_com.baidu.autoupdatesdk.ACTION_NEW_AS,0,0.10206256225709658,0.17410001078161108,245.9,263.4225502875561,"pearson_r, chi2_stat, entropy_reduction_ratio",0.025806016743237323,0.0,0.027244876734460216,0.007627070594038508,0.4496348472137468
intent_download.service.action,0,0.10206256225709658,0.17410001078161108,245.9,263.4225502875561,"pearson_r, chi2_stat, entropy_reduction_ratio",0.025806016743237323,0.0,0.027244876734460216,0.007627070594038508,0.4496348472137468
intent_android.intent.action.SERVICE_STATE,0,0.10202489526007656,0.15962585238855037,209.0,33.823069050575526,"pearson_r, mutual_information, chi2_stat",0.008540200521903182,0.07290543209328892,0.009081625578153407,0.0024993877336874134,0.4170978303733499
intent_com.telecom.sdk_auth_ui.SMS_SEND_ACTIOIN,0,0.10165599169693765,0.1455298151492673,529.8,224.33671121775856,"pearson_r, mutual_information, entropy_reduction_ratio",0.0,0.13499703856237624,0.0,0.0,0.37328291992231194
perm_android.permission.ACCESS_DOWNLOAD_MANAGER,0,0.10126236500770917,0.1719202165480153,202.0,139.47472889380356,"pearson_r, chi2_stat, entropy_reduction_ratio",0.01735456535836123,0.013578843374477375,0.0237434309898297,0.006709367862914944,0.4449256174529626
perm_com.qiku.launcher.permission.WRITE_SETTINGS,0,0.10116611656365673,0.14542084138255726,530.6,222.7613970148329,"pearson_r, mutual_information, entropy_reduction_ratio",0.0,0.13254766289597175,0.0,0.0,0.37328291992231194
intent_com.baidu.android.pushservice.action.media.CLICK,0,0.10074620146820304,0.16503488712759815,203.0,88.09880816446952,"pearson_r, mutual_information, chi2_stat",0.014267781642731256,0.04017605251526313,0.01513604263025568,0.0041892473246253874,0.4299618832281397
intent_com.qihoo.appstore.plugin.START_PLUGIN_FROM_PROXY_LISTENER,0,0.10065025456377877,0.14531313935195966,531.0,221.97387233636306,"pearson_r, mutual_information, entropy_reduction_ratio",0.0,0.12996835289658185,0.0,0.0,0.37328291992231194
intent_com.qihoo.appstore.activate,0,0.10049074634732195,0.14528130397493194,531.4,221.18643719722056,"pearson_r, mutual_information, entropy_reduction_ratio",0.0,0.12917081181429782,0.0,0.0,0.37328291992231194
intent_com.qihoo360.daemon.pcdaemon.ACTION_START_RECEIVER,0,0.10046677598407898,0.1452765798048525,531.6,220.79275350427605,"pearson_r, mutual_information, entropy_reduction_ratio",0.0,0.12905095999808291,0.0,0.0,0.37328291992231194
intent_show_fold,0,0.10039895760080104,0.14526329877444555,531.8,220.39909255711558,"pearson_r, mutual_information, entropy_reduction_ratio",0.0,0.12871186808169321,0.0,0.0,0.37328291992231194
intent_android.hardware.usb.action.USB_STATE,0,0.10036266127679486,0.14525624231468204,532.0,220.0054544778379,"pearson_r, mutual_information, entropy_reduction_ratio",0.0,0.12853038646166237,0.0,0.0,0.37328291992231194
perm_com.tencent.mm.ext.permission.READ,0,0.10031909627147755,0.1452478201861407,532.2,219.61183938940997,"pearson_r, mutual_information, entropy_reduction_ratio",0.0,0.12831256143507577,0.0,0.0,0.37328291992231194
intent_android.fbreader.action.PLUGIN_CRASH,0,0.1001458209981341,0.14521483469484364,532.4,219.2182474156748,"pearson_r, mutual_information, entropy_reduction_ratio",0.0,0.1274461850683585,0.0,0.0,0.37328291992231194
intent_android.intent.action.MEDIA_UNMOUNTED,0,0.10014225309086086,0.16001322812669563,214.4,41.5336008552112,"pearson_r, mutual_information, chi2_stat",0.008540200521903182,0.06349222124721045,0.009081625578153407,0.0024993877336874134,0.4170978303733499
perm_cn.swiftpass.wxpay.permission.MMOAUTH_CALLBACK,0,0.10012269451670505,0.1570740444466508,226.7,28.310068880170533,"pearson_r, mutual_information, chi2_stat",0.00568667707346341,0.07818909272223953,0.006054417052102271,0.0016615776841015942,0.4090217080516185
intent_cn.xiaoneng.xpush.service,0,0.10010832382779349,0.14520780442799244,532.6,218.824678681359,"pearson_r, mutual_information, entropy_reduction_ratio",0.0,0.12725869921665547,0.0,0.0,0.37328291992231194
perm_android.permission.VIBRATE,0,0.10009002827044174,0.16735459964378768,208.6,81.90628791490919,"pearson_r, mutual_information, entropy_reduction_ratio",0.009683597960421123,0.043266162724402195,0.009089523139733782,0.004755566827259398,0.43365529070039216
intent_com.aspire.purchaseservice.BIND,0,0.10001785978973102,0.17032183826690983,204.7,141.00624099663105,"pearson_r, chi2_stat, entropy_reduction_ratio",0.020022963755324943,0.012495242958121367,0.02119045968235795,0.005898365179672096,0.4404822673731787
perm_com.yulong2.android.launcher.permission.WRITE_SETTINGS,0,0.09982315097383705,0.1451555946595011,533.0,218.0376114343578,"pearson_r, mutual_information, entropy_reduction_ratio",0.0,0.12583283494687333,0.0,0.0,0.37328291992231194
intent_com.meizu.c2dm.intent.REGISTRATION,0,0.09967029202063313,0.14512852406836194,533.4,217.25063866419356,"pearson_r, mutual_information, entropy_reduction_ratio",0.0,0.1250685401808537,0.0,0.0,0.37328291992231194
intent_cn.uc.gamesdk.sdkweb,0,0.09964105912149883,0.16285544383173128,208.5,71.8442760420063,"pearson_r, mutual_information, chi2_stat",0.011400557671364404,0.04742697750932715,0.012108834104204541,0.003341930284193849,0.42392699603840417
intent_com.qihoo.appstore.battery.START,0,0.09959049068183105,0.14511464551472048,533.8,216.46376140130246,"pearson_r, mutual_information, entropy_reduction_ratio",0.0,0.12466953348684337,0.0,0.0,0.37328291992231194
perm_com.fx.launcher.permission.READ_SETTINGS,0,0.09952380192472246,0.14510318105415884,534.0,216.07035891116578,"pearson_r, mutual_information, entropy_reduction_ratio",0.0,0.12433608970130038,0.0,0.0,0.37328291992231194
intent_com.qihoo360.daemon.pcdaemon.ACTION_START_FROM_NOTIFICATION,0,0.09943874847437614,0.1450887361135278,534.2,215.6769806910325,"pearson_r, mutual_information, entropy_reduction_ratio",0.0,0.12391082244956879,0.0,0.0,0.37328291992231194
intent_com.huawei.android.push.intent.REGISTRATION,0,0.09942408058895051,0.14508626503033964,534.4,215.28362687394505,"pearson_r, mutual_information, entropy_reduction_ratio",0.0,0.12383748302244062,0.0,0.0,0.37328291992231194
intent_com.tencent.android.tpush.action.INTERNAL_PUSH_MESSAGE,0,0.09920846806577946,0.15354436948856445,247.4,41.30665805896187,"pearson_r, mutual_information, chi2_stat",0.002839954446409589,0.09081799080412678,0.0030272085260511354,0.0008284616743711567,0.3985287248779386
perm_com.google.android.googleapps.permission.GOOGLE_AUTH.wise,0,0.09916195989105873,0.1450430991578967,534.6,214.89029759391187,"pearson_r, mutual_information, entropy_reduction_ratio",0.0,0.12252687953298175,0.0,0.0,0.37328291992231194
intent_com.baidu.android.pushservice.action.RECEIVE,0,0.09901748627485438,0.16570420896167545,211.8,105.18155731876192,"pearson_r, mutual_information, chi2_stat",0.014267781642731256,0.03153247654851987,0.01513604263025568,0.0041892473246253874,0.4299618832281397
intent_com.baoruan.launcher3.ACTION_THEME,0,0.09899597868942135,0.14501673881827568,534.8,214.4969929859158,"pearson_r, mutual_information, entropy_reduction_ratio",0.0,0.1216969735247948,0.0,0.0,0.37328291992231194
intent_,0,0.09887578127894332,0.1535639896768567,248.6,39.76732326923702,"pearson_r, mutual_information, chi2_stat",0.002839954446409589,0.08915455686994612,0.0030272085260511354,0.0008284616743711567,0.3985287248779386
intent_com.excelliance.appmate.platform.gameservice.PlatService,0,0.09869656787734493,0.1449710980789907,535.0,214.10371318592306,"pearson_r, mutual_information, entropy_reduction_ratio",0.0,0.12019991946441269,0.0,0.0,0.37328291992231194
intent_android.intent.action.defaultSmsSet,0,0.09863718734926373,0.1449623386320436,535.2,213.71045833089218,"pearson_r, mutual_information, entropy_reduction_ratio",0.0,0.11990301682400671,0.0,0.0,0.37328291992231194
intent_com.qihoo.appstore.ACTION_CHECK_PHOTOS,0,0.0986181098280118,0.14495954497324784,535.6,212.9240240085651,"pearson_r, mutual_information, entropy_reduction_ratio",0.0,0.11980762921774703,0.0,0.0,0.37328291992231194
perm_android.permission.BROADCAST_PACKAGE_REPLACED,0,0.09854785149036792,0.14494934267864584,535.8,212.5308448202284,"pearson_r, mutual_information, entropy_reduction_ratio",0.0,0.11945633752952768,0.0,0.0,0.37328291992231194
intent_android.intent.action.INSTALL,0,0.0983020954255193,0.14491472234608632,536.4,211.3514608418877,"pearson_r, mutual_information, entropy_reduction_ratio",0.0,0.11822755720528459,0.0,0.0,0.37328291992231194
intent_android.net.wifi.STATE_CHANGE,0,0.09802183616295318,0.16420188454691453,215.6,84.70914944679825,"pearson_r, mutual_information, chi2_stat",0.008758920905384613,0.03961328696276683,0.012706949496378102,0.0035506569257878436,0.4254793665244485
intent_com.qihoo.appstore.videomini,0,0.0979901057389303,0.14487316185460242,537.0,210.17231025993885,"pearson_r, mutual_information, entropy_reduction_ratio",0.0,0.11666760877233955,0.0,0.0,0.37328291992231194
intent_com.dzbook.service.PerpareDataService,0,0.0979760136390929,0.14487134778700725,537.2,209.77931261208767,"pearson_r, mutual_information, entropy_reduction_ratio",0.0,0.1165971482731526,0.0,0.0,0.37328291992231194
perm_com.mediatek.launcherplus.permission.READ_SETTINGS,0,0.09787718890337327,0.14485877956658186,537.4,209.38634148387044,"pearson_r, mutual_information, entropy_reduction_ratio",0.0,0.11610302459455439,0.0,0.0,0.37328291992231194
perm_android.permission.ACCESS_MTK_MMHW,0,0.09786995372389742,0.16618674640945905,216.4,114.17372727558649,"pearson_r, mutual_information, chi2_stat",0.014267781642731256,0.025794813793735067,0.01513604263025568,0.0041892473246253874,0.4299618832281397
intent_android.intent.action.NOTIFICATION_ADD,0,0.09755749629432296,0.15751541029110797,234.5,34.49492716328011,"pearson_r, mutual_information, chi2_stat",0.00568667707346341,0.06536310161032904,0.006054417052102271,0.0016615776841015942,0.4090217080516185
perm_android.permission.WRITE_SOCIAL_STREAM,0,0.09755079620548193,0.14481917893334212,537.8,208.60047938583457,"pearson_r, mutual_information, entropy_reduction_ratio",0.0,0.11447106110509772,0.0,0.0,0.37328291992231194
intent_com.excelliance.open.action.apkverchk,0,0.09754234459388231,0.14481819245395977,538.0,208.20758871856714,"pearson_r, mutual_information, entropy_reduction_ratio",0.0,0.11442880304709957,0.0,0.0,0.37328291992231194
perm_android.permission.MODIFY_PHONE_STATE,0,0.09751881119810674,0.1716739820436667,262.2,255.39628031747054,"pearson_r, chi2_stat, entropy_reduction_ratio",0.020022963755324943,0.0,0.02119045968235795,0.005898365179672096,0.4404822673731787
perm_com.nd.android.launcher.permission.READ_SETTINGS,0,0.09742753141111399,0.14480498616352439,538.4,207.4218889124289,"pearson_r, mutual_information, entropy_reduction_ratio",0.0,0.113854737133258,0.0,0.0,0.37328291992231194
perm_com.miui.mihome2.permission.READ_SETTINGS,0,0.09682963909677114,0.14474208274928851,539.2,205.85081977004612,"pearson_r, mutual_information, entropy_reduction_ratio",0.0,0.11086527556154371,0.0,0.0,0.37328291992231194
perm_android.permission.ACCESS_ALL_DOWNLOADS,0,0.09665661504597052,0.15770972538247713,237.9,38.87852877874882,"pearson_r, mutual_information, chi2_stat",0.00568667707346341,0.06085869536856678,0.006054417052102271,0.0016615776841015942,0.4090217080516185
perm_android.permission.SUBSCRIBED_FEEDS_READ,0,0.09654368114183369,0.14471548086714991,539.4,205.45812225366024,"pearson_r, mutual_information, entropy_reduction_ratio",0.0,0.10943548578685655,0.0,0.0,0.37328291992231194
perm_android.permission.WRITE_OWNER_DATA,0,0.09654235196445836,0.1447153624833492,539.6,205.06545296563243,"pearson_r, mutual_information, entropy_reduction_ratio",0.0,0.10942883989997988,0.0,0.0,0.37328291992231194
perm_android.permission.ACCESS_MOCK_LOCATION,0,0.09647727424305605,0.172146206905489,267.6,252.83164358916787,"pearson_r, chi2_stat, entropy_reduction_ratio",0.015102407576754781,0.0,0.020922444119692594,0.005895497315722866,0.44046602220311
intent_android.view.InputMethod,0,0.09647727424305604,0.17214620690548899,267.8,252.70013850411718,"pearson_r, chi2_stat, entropy_reduction_ratio",0.015102407576754781,0.0,0.020922444119692594,0.005895497315722866,0.44046602220310993
perm_com.android.launcher3.permission.READ_SETTINGS,0,0.09647001748066014,0.16101971785199393,229.0,66.81317235396027,"pearson_r, mutual_information, chi2_stat",0.008540200521903182,0.0451310431962068,0.009081625578153407,0.0024993877336874134,0.4170978303733499
perm_com.lge.launcher.permission.READ_SETTINGS,0,0.0964596469053922,0.1447080921845859,539.8,204.6728120684328,"pearson_r, mutual_information, entropy_reduction_ratio",0.0,0.10901531460464908,0.0,0.0,0.37328291992231194
intent_android.intent.action.EXTERNAL_APPLICATIONS_AVAILABLE,0,0.09642262259701587,0.15776352359105897,239.1,40.58497258838547,"pearson_r, mutual_information, chi2_stat",0.00568667707346341,0.059688733123793525,0.006054417052102271,0.0016615776841015942,0.4090217080516185
intent_android.intent.action.SENDTO,0,0.09634317940932102,0.14469817396241152,540.4,203.49506136513486,"pearson_r, mutual_information, entropy_reduction_ratio",0.0,0.10843297712429315,0.0,0.0,0.37328291992231194
perm_com.meizu.flyme.launcher.permission.READ_SETTINGS,0,0.09632916015044157,0.144697005339457,540.6,203.1025356808723,"pearson_r, mutual_information, entropy_reduction_ratio",0.0,0.10836288082989592,0.0,0.0,0.37328291992231194
intent_oh.rt.hj.j.g,0,0.09626979717034408,0.144692117045187,540.8,202.71003921858437,"pearson_r, mutual_information, entropy_reduction_ratio",0.0,0.10806606592940844,0.0,0.0,0.37328291992231194
intent_com.yuetu.shentu.Intent.WECHAT_SHARE,0,0.09619161209060087,0.1446858272334152,541.2,201.92513464152995,"pearson_r, mutual_information, entropy_reduction_ratio",0.0,0.10767514053069244,0.0,0.0,0.37328291992231194
perm_com.tencent.mm.permission.C2D_MESSAGE,0,0.09615907905906695,0.14468325973596433,541.4,201.53272687084845,"pearson_r, mutual_information, entropy_reduction_ratio",0.0,0.1075124753730228,0.0,0.0,0.37328291992231194
perm_android.permission.ACCESS_WIFI_STATE.android.permission.READ_PHONE_STATE,0,0.09615552995446629,0.14468298140910318,541.6,201.14034901033654,"pearson_r, mutual_information, entropy_reduction_ratio",0.0,0.10749472985001951,0.0,0.0,0.37328291992231194
intent_com.qihoo.appstore.ACTION_CHARGE_START_PLUGIN,0,0.09610693327320567,0.14467920535104714,541.8,200.74800123537966,"pearson_r, mutual_information, entropy_reduction_ratio",0.0,0.10725174644371646,0.0,0.0,0.37328291992231194
perm_com.android.launcher.permission.CREATE_SHORTCUT,0,0.09608355560781158,0.14467741208511115,542.0,200.35568372272348,"pearson_r, mutual_information, entropy_reduction_ratio",0.0,0.10713485811674595,0.0,0.0,0.37328291992231194
perm_xvtian.gai.receiver,0,0.0958874400458662,0.15386916627528008,258.4,31.518883228947054,"pearson_r, mutual_information, chi2_stat",0.002839954446409589,0.07421285070456052,0.0030272085260511354,0.0008284616743711567,0.3985287248779386
perm_com.huaqin.launcherEx.permission.READ_SETTINGS,0,0.09580470173004996,0.14465718512561956,542.2,199.963396650487,"pearson_r, mutual_information, entropy_reduction_ratio",0.0,0.10574058872793785,0.0,0.0,0.37328291992231194
perm_android.permission.SET_WALLPAPER_HINTS,0,0.09539937064517393,0.06600165696544433,289.2,364.39396262836186,"pearson_r, chi2_stat, entropy_reduction_ratio",0.057484616721668574,0.05555983150590198,0.11488033010061838,0.03321523565414801,0.21585683924353263
perm_android.permission.BATTERY_STATS,0,0.095277408496008,0.16526639857653116,228.2,108.87038164716793,"pearson_r, mutual_information, chi2_stat",0.008758920905384613,0.02589114862804098,0.012706949496378102,0.0035506569257878436,0.4254793665244485
intent_org.agoo.android.intent.action.PING,0,0.09519192253537903,0.16451653416207349,229.6,109.19816848280927,"pearson_r, mutual_information, chi2_stat",0.011400557671364404,0.02518129457872823,0.012108834104204541,0.003341930284193849,0.4239269960384041
intent_com.igexin.sdk.action.pushmanager,0,0.09515619205497537,0.17028141277297262,272.4,250.515548419654,"pearson_r, chi2_stat, entropy_reduction_ratio",0.0171419058005258,0.0,0.018163251156306813,0.0050413788822415775,0.43543442443580266
intent_pre_add_game_uninstalled,0,0.09512500386049076,0.14461688132024564,543.8,196.82621776582508,"pearson_r, mutual_information, entropy_reduction_ratio",0.0,0.10234209938014191,0.0,0.0,0.37328291992231194
intent_com.esbook.receiver.CLICK_BOOK_UPDATE,0,0.09508329665792732,0.1446148239670729,544.0,196.43421290600068,"pearson_r, mutual_information, entropy_reduction_ratio",0.0,0.10213356336732467,0.0,0.0,0.37328291992231194
intent_org.agoo.android.intent.action.RECEIVE,0,0.095042354151998,0.16458044309209965,230.4,110.76208737650262,"pearson_r, mutual_information, chi2_stat",0.011400557671364404,0.024433452661823077,0.012108834104204541,0.003341930284193849,0.4239269960384041
perm_android.permission.USE_SIP,0,0.09463518350425845,0.14459575338896624,545.0,194.47467701477228,"pearson_r, mutual_information, entropy_reduction_ratio",0.0,0.09989299759898028,0.0,0.0,0.37328291992231194
intent_com.qihoo.appstore.launcher.shortcut.GAME_RESERVATION,0,0.09455241570746031,0.14459283849754903,545.2,194.0828688988289,"pearson_r, mutual_information, entropy_reduction_ratio",0.0,0.09947915861498963,0.0,0.0,0.37328291992231194
intent_android.intent.action.UMS_CONNECTED,0,0.09445384795240416,0.1445896143269335,545.4,193.69109427126486,"pearson_r, mutual_information, entropy_reduction_ratio",0.0,0.09898631983970883,0.0,0.0,0.37328291992231194
perm_com.miui.mihome2.permission.WRITE_SETTINGS,0,0.09440915563752897,0.14458824097243145,545.6,193.29935333570054,"pearson_r, mutual_information, entropy_reduction_ratio",0.0,0.09876285826533286,0.0,0.0,0.37328291992231194
perm_com.qihoo.appstore.update.permission.clear_sdk,0,0.09437970603293097,0.14458736620803667,545.8,192.9076462973928,"pearson_r, mutual_information, entropy_reduction_ratio",0.0,0.09861561024234297,0.0,0.0,0.37328291992231194
intent_com.urbanairship.push.OPENED,0,0.09433973166433807,0.101638401135094,287.3,334.97262574723925,"pearson_r, mutual_information, chi2_stat",0.021462384411535095,0.1179208575164672,0.03848236000127135,0.010652151613004401,0.2831809047794123
perm_com.anddoes.launcher.permission.UPDATE_COUNT,0,0.09412140900268165,0.06917067677862798,288.6,360.75953209859887,"pearson_r, chi2_stat, mutual_information",0.053015816289753395,0.05915951604446134,0.10487466982619188,0.02992217853533662,0.22363486431766505
perm_xmpp.permission.RECEIVE_NOTIFICATION,0,0.09410788542386798,0.14458042467992227,546.6,191.34116128005493,"pearson_r, mutual_information, entropy_reduction_ratio",0.0,0.09725650719702797,0.0,0.0,0.37328291992231194
perm_android.permission.REBOOT_IPO,0,0.09410678705941118,0.14458040077681278,546.8,190.94962686530707,"pearson_r, mutual_information, entropy_reduction_ratio",0.0,0.09725101537474398,0.0,0.0,0.37328291992231194
intent_com.excelliance.kxqp.action.SmtServService,0,0.09410209407456527,0.1445802990218535,547.0,190.55812761464676,"pearson_r, mutual_information, entropy_reduction_ratio",0.0,0.09722755045051443,0.0,0.0,0.37328291992231194
intent_com.taobao.accs.intent.action.ELECTION,0,0.09409631402755438,0.14458017453411368,547.2,190.1666637452527,"pearson_r, mutual_information, entropy_reduction_ratio",0.0,0.09719865021545991,0.0,0.0,0.37328291992231194
intent_com.qihoo.appstore.battery.ICON,0,0.09398703953765883,0.14457799493547593,547.4,189.77523547607578,"pearson_r, mutual_information, entropy_reduction_ratio",0.0,0.0966522777659822,0.0,0.0,0.37328291992231194
intent_org.agoo.android.intent.action.ELECTION_V2,0,0.0939197332005999,0.16507664106084202,233.2,116.24353745477639,"pearson_r, mutual_information, chi2_stat",0.011400557671364404,0.018820347904832634,0.012108834104204541,0.003341930284193849,0.4239269960384041
perm_com.android.vending.BILLING,0,0.09383912152218318,0.08156678967984024,275.8,351.55676639769,"pearson_r, mutual_information, chi2_stat",0.03745987649116991,0.09500542294901711,0.06740890907775014,0.020524010069695175,0.24879738902328358
perm_xmpp.permission.ACCESS_API,0,0.09347042712077205,0.1445721632361991,548.4,187.81863592306274,"pearson_r, mutual_information, entropy_reduction_ratio",0.0,0.09406921568154833,0.0,0.0,0.37328291992231194
intent_com.excelliance.kxqp.action.swpmain,0,0.09335723193840564,0.14457187166053695,548.8,187.03625317034127,"pearson_r, mutual_information, entropy_reduction_ratio",0.0,0.09350323976971624,0.0,0.0,0.37328291992231194
intent_com.android.utils.hades.ACTION_START_SYS_WRAPPER,0,0.093336323490559,0.14457185659210886,549.0,186.64511780381505,"pearson_r, mutual_information, entropy_reduction_ratio",0.0,0.09339869753048302,0.0,0.0,0.37328291992231194
intent_android.intent.action.DOWNLOAD_NOTIFY,0,0.09332249199083836,0.1445718532712291,549.2,186.25402009084263,"pearson_r, mutual_information, entropy_reduction_ratio",0.0,0.09332954003187989,0.0,0.0,0.37328291992231194
perm_com.lenovo.launcherhdmarket.permission.READ_SETTINGS,0,0.09331964910510634,0.1445718532444412,549.4,185.8629602691187,"pearson_r, mutual_information, entropy_reduction_ratio",0.0,0.09331532560321974,0.0,0.0,0.37328291992231194
intent_com.esbook.receiver.message,0,0.09324826064285853,0.14457192588147505,549.6,185.47193857831974,"pearson_r, mutual_information, entropy_reduction_ratio",0.0,0.09295838329198068,0.0,0.0,0.37328291992231194
intent_com.google.android.gms.gcm.ACTION_TASK_READY,0,0.09320119402755303,0.17039745044275142,280.9,246.69625047819434,"pearson_r, chi2_stat, entropy_reduction_ratio",0.01088091326178658,0.0,0.016530767532626417,0.004780673792597315,0.43381361555075487
intent_android.intent.action.SEARCH,0,0.09319608107671269,0.16068636448474696,250.6,73.8582426002677,"pearson_r, mutual_information, chi2_stat",0.005019934645077314,0.03771652042143722,0.00759084097868466,0.0021095450148021972,0.41354356432356204
intent_com.qihoo.appstore.ACTION_CLEAR_CREATE_SHORTCUT,0,0.09313731365380681,0.1445723186230849,549.8,185.08095526012397,"pearson_r, mutual_information, entropy_reduction_ratio",0.0,0.09240364834672214,0.0,0.0,0.37328291992231194
intent_com.qihoo.appstore.powerusage.HIGH_TEMPERATURE,0,0.09308232468311288,0.1445726395076278,550.0,184.69001055823242,"pearson_r, mutual_information, entropy_reduction_ratio",0.0,0.09212870349325247,0.0,0.0,0.37328291992231194
intent_cn.jpush.android.intent.MESSAGE_RECEIVED,0,0.09295387989909461,0.14032346067965246,405.0,259.14243187868715,"pearson_r, mutual_information, chi2_stat",0.0002989951639180386,0.10128427065705278,0.0005480722703384255,0.00015141221893706836,0.3624866491852267
intent_qcast.service.Link_service,0,0.09292103949066387,0.1445740632195484,550.4,183.90823798840552,"pearson_r, mutual_information, entropy_reduction_ratio",0.0,0.09132227753100743,0.0,0.0,0.37328291992231194
perm_com.yulong.android.launcher.permission.READ_SETTINGS,0,0.09287570927017266,0.14457459292555463,550.6,183.51741061817543,"pearson_r, mutual_information, entropy_reduction_ratio",0.0,0.09109562642855142,0.0,0.0,0.37328291992231194
intent_show_lock_forget_pwd,0,0.09275331352247398,0.1445763071585617,551.2,182.3451671967206,"pearson_r, mutual_information, entropy_reduction_ratio",0.0,0.09048364769005798,0.0,0.0,0.37328291992231194
perm_sec.android.permission.READ_MSG_PREF,0,0.0927203830595322,0.14457683912564112,551.4,181.95449980695724,"pearson_r, mutual_information, entropy_reduction_ratio",0.0,0.09031899537534908,0.0,0.0,0.37328291992231194
perm_android.permission.RUN_INSTRUMENTATION,0,0.09271099096515041,0.16872510244361622,282.7,245.49492866452454,"pearson_r, chi2_stat, entropy_reduction_ratio",0.014267781642731256,0.0,0.01513604263025568,0.0041892473246253874,0.4299618832281397
intent_com.baidu.android.pushservice.action.MESSAGE,0,0.09271099096515041,0.16872510244361622,282.7,245.49492866452454,"pearson_r, chi2_stat, entropy_reduction_ratio",0.014267781642731256,0.0,0.01513604263025568,0.0041892473246253874,0.4299618832281397
intent_safiap.framework.ACTION_NETWORK_ERROR,0,0.09271099096515041,0.16872510244361622,282.7,245.49492866452454,"pearson_r, chi2_stat, entropy_reduction_ratio",0.014267781642731256,0.0,0.01513604263025568,0.0041892473246253874,0.4299618832281397
intent_android.net.VpnService,0,0.09263467147836572,0.1445783643943066,551.6,181.56387305849145,"pearson_r, mutual_information, entropy_reduction_ratio",0.0,0.08989043746951668,0.0,0.0,0.37328291992231194
intent_android.intent.action.NEW_OUTGOING_CALL,0,0.09232833990014554,0.11872802819623707,323.8,308.463547279091,"pearson_r, mutual_information, chi2_stat",0.008054637020679243,0.11830650265189978,0.016488007609753753,0.0045466243122703085,0.3142459279061246
intent_LOCATION_SERVICE,0,0.09228804719839039,0.15454311233253254,270.6,36.53819918934156,"pearson_r, mutual_information, chi2_stat",0.002839954446409589,0.05621588646718145,0.0030272085260511354,0.0008284616743711567,0.3985287248779386
intent_com.Remind.alarm.repeat,0,0.09212848849389418,0.1589923527145363,256.1,69.32344480765508,"pearson_r, mutual_information, chi2_stat",0.00568667707346341,0.038218062608185104,0.006054417052102271,0.0016615776841015942,0.4090217080516185
perm_android.permission.GET_DETAILED_TASKS,0,0.09211730892901329,0.15458333665775287,272.0,38.084117424459244,"pearson_r, mutual_information, chi2_stat",0.002839954446409589,0.05536219512029598,0.0030272085260511354,0.0008284616743711567,0.3985287248779386
perm_android.permission.CAMERA,0,0.09202241490342401,0.13984864168957362,405.6,259.270206541361,"pearson_r, mutual_information, chi2_stat",0.0003722648007352761,0.097620436379474,0.0005511628455550565,0.00018391178517861677,0.3613842987061771
suspicious_getCellSignalStrength,0,0.09199513766986167,0.16618303152656083,244.4,119.53677258484102,"pearson_r, mutual_information, chi2_stat",0.007098272112173714,0.015296933302048604,0.009922738238292489,0.003387537361507611,0.4242702073352859
perm_com.tencent.msf.permission.account.sync,0,0.0919132206469487,0.1445992568305802,552.8,179.22098091462396,"pearson_r, mutual_information, entropy_reduction_ratio",0.0,0.0862831833124316,0.0,0.0,0.37328291992231194
intent_show_feedback,0,0.09183184349255043,0.14460251684447264,553.2,178.44035418032547,"pearson_r, mutual_information, entropy_reduction_ratio",0.0,0.08587629754044018,0.0,0.0,0.37328291992231194
intent_show_start_app,0,0.09175292004376927,0.14460585347022054,553.6,177.65989980859496,"pearson_r, mutual_information, entropy_reduction_ratio",0.0,0.08548168029653441,0.0,0.0,0.37328291992231194
intent_com.sogou.androidtool.action.update,0,0.09173609018050706,0.14460658726020384,553.8,177.2697379701341,"pearson_r, mutual_information, entropy_reduction_ratio",0.0,0.08539753098022333,0.0,0.0,0.37328291992231194
intent_com.qihoo.appstore.notification.notify_action,0,0.09171175020061631,0.14460766234743017,554.0,176.8796200810031,"pearson_r, mutual_information, entropy_reduction_ratio",0.0,0.08527583108076962,0.0,0.0,0.37328291992231194
perm_android.permission.RAISED_THREAD_PRIORITY,0,0.09170704945420592,0.15468302909810805,273.6,40.017995951821476,"pearson_r, mutual_information, chi2_stat",0.002839954446409589,0.053310897746259134,0.0030272085260511354,0.0008284616743711567,0.3985287248779386
perm_android.Manifest.permission.READ_SMS,0,0.09165853389778679,0.14461006994372716,554.4,176.0995173190432,"pearson_r, mutual_information, entropy_reduction_ratio",0.0,0.08500974956662201,0.0,0.0,0.37328291992231194
perm_android.permission.INTERACT_ACROSS_USERS_FULL,0,0.09165153160684067,0.16117083474048285,258.8,86.64040627790246,"pearson_r, mutual_information, chi2_stat",0.004656157684745318,0.03079373725174324,0.007377498319162323,0.0020884170804844537,0.41334184769806803
perm_com.kingroot.kinguser.permission.REQUEST,0,0.09154465883094672,0.1446154848582035,554.6,175.70953303677067,"pearson_r, mutual_information, entropy_reduction_ratio",0.0,0.08444037423242165,0.0,0.0,0.37328291992231194
perm_com.meizu.flyme.launcher.permission.WRITE_SETTINGS,0,0.09148659174793457,0.14461838402528515,554.8,175.3195938849962,"pearson_r, mutual_information, entropy_reduction_ratio",0.0,0.0841500388173609,0.0,0.0,0.37328291992231194
intent_android.intent.action.UPDATE_NOTIFICATION,0,0.09148259610955771,0.14461858694638888,555.0,174.92970016552363,"pearson_r, mutual_information, entropy_reduction_ratio",0.0,0.08413006062547662,0.0,0.0,0.37328291992231194
perm_com.sonyericsson.home.WRITE_SETTINGS,0,0.09143383866428557,0.14462109867241732,555.2,174.53985218281812,"pearson_r, mutual_information, entropy_reduction_ratio",0.0,0.08388627339911593,0.0,0.0,0.37328291992231194
perm_com.s.launcher.permission.READ_SETTINGS,0,0.09126150547396131,0.14463050289663543,555.8,173.37058574048828,"pearson_r, mutual_information, entropy_reduction_ratio",0.0,0.08302460744749454,0.0,0.0,0.37328291992231194
perm_com.s.launcher.permission.WRITE_SETTINGS,0,0.09122555349534964,0.14463256826827106,556.0,172.98092380375357,"pearson_r, mutual_information, entropy_reduction_ratio",0.0,0.08284484755443629,0.0,0.0,0.37328291992231194
perm_android.permission.MODIFY_AUDIO_SETTINGS,0,0.09120071997992783,0.13366294839484022,380.6,272.4478665726711,"pearson_r, mutual_information, chi2_stat",0.0018277228220422994,0.10351716976150514,0.0030581482300726893,0.0009199685225024302,0.34668059056351663
perm_com.lenovo.launcher.permission.WRITE_SETTINGS,0,0.09117157823442856,0.1446357361054694,556.4,172.20174215146605,"pearson_r, mutual_information, entropy_reduction_ratio",0.0,0.08257497124983089,0.0,0.0,0.37328291992231194
perm_com.excelliance.dualaid.assist,0,0.09115608331216526,0.14463666038268222,556.6,171.81222308089724,"pearson_r, mutual_information, entropy_reduction_ratio",0.0,0.08249749663851434,0.0,0.0,0.37328291992231194
intent_com.google.vr.vrcore.ACTION_NONE,0,0.09109397736385673,0.10109118254291602,295.1,331.4684600380555,"pearson_r, mutual_information, chi2_stat",0.021462384411535095,0.10169208601406046,0.03848236000127135,0.010652151613004401,0.2831809047794123
intent_com.qihoo.appstore.NOTIFY_DELETE,0,0.09107887251897047,0.14464136491810264,556.8,171.42275228218685,"pearson_r, mutual_information, entropy_reduction_ratio",0.0,0.08211144267254038,0.0,0.0,0.37328291992231194
intent_com.mobiletool.appstore.action.sdk,0,0.0909362690991951,0.1446504869007998,557.2,170.643956822385,"pearson_r, mutual_information, entropy_reduction_ratio",0.0,0.08139842557366354,0.0,0.0,0.37328291992231194
intent_com.excelliance.open.action.queryUpdate,0,0.09093222665802253,0.14465075367362074,557.4,170.2546328297706,"pearson_r, mutual_information, entropy_reduction_ratio",0.0,0.0813782133678007,0.0,0.0,0.37328291992231194
intent_org.agoo.android.intent.action.ELECTION_RESULT_V4,0,0.09092176937441672,0.14465144587531342,557.6,169.86535844603512,"pearson_r, mutual_information, entropy_reduction_ratio",0.0,0.08132592694977167,0.0,0.0,0.37328291992231194
perm_android.permission.ACCESS_CACHE_FILESYSTEM,0,0.09088975116211735,0.14465358404796713,557.8,169.47613401302263,"pearson_r, mutual_information, entropy_reduction_ratio",0.0,0.08116583588827478,0.0,0.0,0.37328291992231194
intent_com.qihoo.appstore.launcher.shortcut.GAMEUNION,0,0.09083811911093978,0.144657091678145,558.0,169.08695987568055,"pearson_r, mutual_information, entropy_reduction_ratio",0.0,0.0809076756323869,0.0,0.0,0.37328291992231194
intent_com.xiaomi.push.PING_TIMER,0,0.0907200046358148,0.1446653926657466,558.2,168.69783638209472,"pearson_r, mutual_information, entropy_reduction_ratio",0.0,0.08031710325676204,0.0,0.0,0.37328291992231194
intent_com.yulong.mms.NEW_MESSAGE_EXTERNAL,0,0.09065552720884447,0.14467008664239092,558.4,168.30876388352448,"pearson_r, mutual_information, entropy_reduction_ratio",0.0,0.07999471612191036,0.0,0.0,0.37328291992231194
intent_com.qihoo360.mobilesafe.pcdaemon.filehandle,0,0.09048320906093628,0.14468319475922797,558.6,167.91974273443847,"pearson_r, mutual_information, entropy_reduction_ratio",0.0,0.07913312538236945,0.0,0.0,0.37328291992231194
perm_com.htc.launcher.permission.UPDATE_SHORTCUT,0,0.09045747791692318,0.07137559823126766,302.8,362.322729068989,"pearson_r, chi2_stat, entropy_reduction_ratio",0.053015816289753395,0.040839860615669,0.10487466982619188,0.02992217853533662,0.22363486431766505
intent_com.excelliance.open.NEXT_CHAPTER,0,0.09038617116063881,0.14469093713059503,559.2,166.7529909776733,"pearson_r, mutual_information, entropy_reduction_ratio",0.0,0.07864793588088212,0.0,0.0,0.37328291992231194
perm_com.google.android.googleapps.permission.GOOGLE_AUTH.wifi,0,0.09025353444978006,0.1447019402066042,559.6,165.97541986691886,"pearson_r, mutual_information, entropy_reduction_ratio",0.0,0.07798475232658839,0.0,0.0,0.37328291992231194
intent_org.agoo.android.intent.action.RE_ELECTION_V2,0,0.09016054114946645,0.1669474454669403,249.4,148.13183317572222,"pearson_r, chi2_stat, entropy_reduction_ratio",0.011400557671364404,2.4387649165359992e-05,0.012108834104204541,0.003341930284193849,0.4239269960384041
perm_android.permission.RECEIVE_MMS,0,0.0901556636196334,0.16695007914539506,294.2,239.9851245390014,"pearson_r, chi2_stat, entropy_reduction_ratio",0.011400557671364404,0.0,0.012108834104204541,0.003341930284193849,0.42392699603840417
intent_com.baidu.location.service_v2.2,0,0.0901556636196334,0.16695007914539506,294.2,239.9851245390014,"pearson_r, chi2_stat, entropy_reduction_ratio",0.011400557671364404,0.0,0.012108834104204541,0.003341930284193849,0.42392699603840417
intent_com.unicom.xiaowo.security.RECEIVER_CMD,0,0.0901556636196334,0.16695007914539506,294.2,239.9851245390014,"pearson_r, chi2_stat, entropy_reduction_ratio",0.011400557671364404,0.0,0.012108834104204541,0.003341930284193849,0.42392699603840417
perm_android.permission.DEVICE_POWER,0,0.09015566361963338,0.16695007914539503,295.3,239.22993123771113,"pearson_r, chi2_stat, entropy_reduction_ratio",0.011400557671364404,0.0,0.012108834104204541,0.003341930284193849,0.4239269960384041
perm_android.hardware.camera.autofocus,0,0.0900795408880617,0.16354468297185193,254.4,115.2954465709726,"pearson_r, mutual_information, chi2_stat",0.008540200521903182,0.013178660233214557,0.009081625578153407,0.0024993877336874134,0.4170978303733499
intent_com.umeng.message.enablecallback.action,0,0.09007854829708321,0.1447171990958028,560.0,165.19806294263864,"pearson_r, mutual_information, entropy_reduction_ratio",0.0,0.07710982156310414,0.0,0.0,0.37328291992231194
perm_android.permission.READ_PROFILE,0,0.09005256755826167,0.10100342260002754,299.3,332.22802410392774,"pearson_r, mutual_information, chi2_stat",0.021462384411535095,0.0964850369860853,0.03848236000127135,0.010652151613004401,0.28318090477941227
perm_com.yulong.android.launcher.permission.WRITE_SETTINGS,0,0.08981892840459,0.14474139422766882,560.4,164.4209232427552,"pearson_r, mutual_information, entropy_reduction_ratio",0.0,0.0758117221006381,0.0,0.0,0.37328291992231194
intent_com.amir.nightjar.service.CONFIG_SERVICES,0,0.08981732116946643,0.1447415498018802,560.6,164.0324358168225,"pearson_r, mutual_information, entropy_reduction_ratio",0.0,0.07580368592502022,0.0,0.0,0.37328291992231194
intent_android.fbreader.action.CLOSE,0,0.08980906732778782,0.14474234986418824,560.8,163.64400386204193,"pearson_r, mutual_information, entropy_reduction_ratio",0.0,0.07576241671662717,0.0,0.0,0.37328291992231194
intent_com.onesignal.NotificationExtender,0,0.08970536485089822,0.1447525620013086,561.0,163.25562777435883,"pearson_r, mutual_information, entropy_reduction_ratio",0.0,0.07524390433217922,0.0,0.0,0.37328291992231194
intent_com.sogou.androidtool.action.service,0,0.08965983819477158,0.1447571388931427,561.4,162.47904480270677,"pearson_r, mutual_information, entropy_reduction_ratio",0.0,0.07501627105154597,0.0,0.0,0.37328291992231194
suspicious_getExternalStorageDirectory,0,0.08954141002015466,0.1447693122982633,561.6,162.0908387293989,"pearson_r, mutual_information, entropy_reduction_ratio",0.0,0.0744241301784613,0.0,0.0,0.37328291992231194
perm_com.google.android.googleapps.permission.GOOGLE_AUTH.cl,0,0.08948637531014395,0.1447751009283495,562.0,161.3145994632848,"pearson_r, mutual_information, entropy_reduction_ratio",0.0,0.07414895662840779,0.0,0.0,0.37328291992231194
perm_com.mx.launcher.permission.READ_SETTINGS,0,0.08927326961011739,0.14479830277893754,562.4,160.5385934907865,"pearson_r, mutual_information, entropy_reduction_ratio",0.0,0.07308342812827501,0.0,0.0,0.37328291992231194
perm_android.permission.WRITE_CALENDAR,0,0.08922127771217227,0.07185689696208386,375.3,418.96940222407653,"pearson_r, chi2_stat, entropy_reduction_ratio",0.06852402867998154,0.0,0.1359123147645372,0.03944293134654491,0.20222711376979768
intent_android.provider.Telephony.SMS_RECEIVED2,0,0.08921805471957259,0.15537939216313337,282.6,53.22255161113567,"pearson_r, mutual_information, chi2_stat",0.002839954446409589,0.04086592407309249,0.0030272085260511354,0.0008284616743711567,0.3985287248779386
intent_android.intent.action.PACKAGE_CHANGED,0,0.08903290853403198,0.16538161916176175,258.3,130.86733740700924,"pearson_r, chi2_stat, entropy_reduction_ratio",0.006826564985585372,0.005664438351171992,0.010096766985619779,0.002813571179198228,0.4197632011685845
intent_com.umeng.message.message.handler.action,0,0.08896130948681694,0.14483452259052315,562.8,159.76282421139155,"pearson_r, mutual_information, entropy_reduction_ratio",0.0,0.07152362751177278,0.0,0.0,0.37328291992231194
intent_com.amazon.device.messaging.intent.REGISTRATION,0,0.08892815866057746,0.09399981349316337,292.0,341.0002932550059,"pearson_r, mutual_information, chi2_stat",0.024626652968590897,0.08578679088235598,0.049966055427511355,0.013958462362001527,0.2703028316624276
perm_ANDROID.PERMISSION.WRITE_APN_SETTINGS,0,0.08890242361391092,0.14484165999621101,563.2,158.98729508989075,"pearson_r, mutual_information, entropy_reduction_ratio",0.0,0.07122919814724263,0.0,0.0,0.37328291992231194
perm_android.permission.BROADCAST_PACKAGE_CHANGED,0,0.08883401480899578,0.14485007144624643,563.4,158.59962168933444,"pearson_r, mutual_information, entropy_reduction_ratio",0.0,0.07088715412266694,0.0,0.0,0.37328291992231194
intent_com.google.android.gms.appinvite.ACTION_PREVIEW,0,0.08881760936524316,0.14485210777535854,563.6,158.21200965792704,"pearson_r, mutual_information, entropy_reduction_ratio",0.0,0.07080512690390385,0.0,0.0,0.37328291992231194
perm_android.permission.RECORD_AUDIO,0,0.08873075008172535,0.16729045975617893,308.5,233.40522701944786,"pearson_r, chi2_stat, entropy_reduction_ratio",0.006898781384809646,0.0,0.010262525504940685,0.0032516922190111153,0.4232407512998653
perm_com.facebook.receiver.permission.ACCESS,0,0.08870263667675612,0.14486658651638856,564.0,157.4369715155878,"pearson_r, mutual_information, entropy_reduction_ratio",0.0,0.0702302634614687,0.0,0.0,0.37328291992231194
intent_com.lge.launcher2.THEME,0,0.0886422357722857,0.14487433857687554,564.2,157.04954632217184,"pearson_r, mutual_information, entropy_reduction_ratio",0.0,0.06992825893911654,0.0,0.0,0.37328291992231194
perm_com.qiku.android.launcher3.permission.WRITE_UNREAD,0,0.08860069784896567,0.14487972790957637,564.4,156.6621843330419,"pearson_r, mutual_information, entropy_reduction_ratio",0.0,0.06972056932251644,0.0,0.0,0.37328291992231194
perm_android.permission.SET_TIME_ZONE,0,0.0884732615305333,0.14489655809354404,564.6,156.2748860181955,"pearson_r, mutual_information, entropy_reduction_ratio",0.0,0.06908338773035454,0.0,0.0,0.37328291992231194
perm_org.adwfreak.launcher.permission.WRITE_SETTINGS,0,0.0884609747783929,0.14489820436554665,564.8,155.88765185222337,"pearson_r, mutual_information, entropy_reduction_ratio",0.0,0.06902195396965259,0.0,0.0,0.37328291992231194
intent_com.mobiletool.appstore.action.specialdetail,0,0.08845344251500611,0.1448992156464248,565.2,155.11337788856255,"pearson_r, mutual_information, entropy_reduction_ratio",0.0,0.06898429265271865,0.0,0.0,0.37328291992231194
intent_com.qihoo.appstore.checkupdate.NOTIFY_APP_UPDATE,0,0.08822362218397288,0.14493082066082397,565.8,153.95246019469778,"pearson_r, mutual_information, entropy_reduction_ratio",0.0,0.06783519099755247,0.0,0.0,0.37328291992231194
intent_com.alimama.mobile.sdk.download.action,0,0.08817063558755658,0.15571908601633574,287.4,61.27185324437315,"pearson_r, mutual_information, chi2_stat",0.002839954446409589,0.03562882841301237,0.0030272085260511354,0.0008284616743711567,0.3985287248779386
intent_com.excelliance.dualaid.action.pg,0,0.08816540974164053,0.1449390563406671,566.0,153.56562115265254,"pearson_r, mutual_information, entropy_reduction_ratio",0.0,0.0675441287858907,0.0,0.0,0.37328291992231194
intent_com.qihoo.commonreceiver.ARRIVED,0,0.08803352173298779,0.14495805955541974,566.2,153.17884971496557,"pearson_r, mutual_information, entropy_reduction_ratio",0.0,0.06688468874262699,0.0,0.0,0.37328291992231194
intent_com.qihoo.appstore.launcher.shortcut.PLAYGAME,0,0.08794573609386387,0.14497097289798372,566.4,152.79214639502908,"pearson_r, mutual_information, entropy_reduction_ratio",0.0,0.06644576054700743,0.0,0.0,0.37328291992231194
intent_com.areametrics.areametricssdk.AMLocationUpdatesBroadcastReceiver.PROCESS_UPDATES,0,0.08792413987757319,0.1449741821319178,566.6,152.4055117113551,"pearson_r, mutual_information, entropy_reduction_ratio",0.0,0.066337779465554,0.0,0.0,0.37328291992231194
perm_com.android.alarm.permission.SET_ALARM,0,0.08790002086379757,0.16596718928261817,310.2,232.56216373262438,"pearson_r, chi2_stat, entropy_reduction_ratio",0.006826564985585372,0.0,0.010096766985619779,0.002813571179198228,0.41976320116858445
perm_com.smartisanos.launcher.WRITE_DATABASE,0,0.08781079771572138,0.14499123476994152,566.8,152.01894618763805,"pearson_r, mutual_information, entropy_reduction_ratio",0.0,0.06577106865629496,0.0,0.0,0.37328291992231194
intent_com.qihoo.appstore.floatwin.FloatWindowService,0,0.08775815213425542,0.14499927529144643,567.0,151.6324503528186,"pearson_r, mutual_information, entropy_reduction_ratio",0.0,0.06550784074896517,0.0,0.0,0.37328291992231194
intent_com.qihoo.appstore.clipboard.change,0,0.08771786077223084,0.14500548030789198,567.4,150.85966989225452,"pearson_r, mutual_information, entropy_reduction_ratio",0.0,0.06530638393884232,0.0,0.0,0.37328291992231194
intent_action.com.excelliance.install.plugin,0,0.08763565057142038,0.14501827904582507,567.6,150.47338635120832,"pearson_r, mutual_information, entropy_reduction_ratio",0.0,0.06489533293478993,0.0,0.0,0.37328291992231194
intent_com.qihoo.appstore.ACTION_GET_SIGNIN_FOR_NOTIFYCATION,0,0.08749799639346129,0.14504012428140436,567.8,150.0871746685905,"pearson_r, mutual_information, entropy_reduction_ratio",0.0,0.06420706204499448,0.0,0.0,0.37328291992231194
perm_android.permission.REORDER_TASKS,0,0.08744380884141878,0.16486367669430535,312.9,230.78180170888692,"pearson_r, chi2_stat, entropy_reduction_ratio",0.008540200521903182,0.0,0.009081625578153407,0.0024993877336874134,0.4170978303733499
perm_android.permission.WRITE_MEDIA_STORAGE,0,0.08744380884141878,0.16486367669430535,312.9,230.78180170888692,"pearson_r, chi2_stat, entropy_reduction_ratio",0.008540200521903182,0.0,0.009081625578153407,0.0024993877336874134,0.4170978303733499
intent_android.intent.action.ANY_DATA_STATE,0,0.08744380884141878,0.16486367669430535,312.9,230.78180170888692,"pearson_r, chi2_stat, entropy_reduction_ratio",0.008540200521903182,0.0,0.009081625578153407,0.0024993877336874134,0.4170978303733499
perm_android.permission.BROADCAST_SMS,0,0.08744380884141878,0.16486367669430535,312.9,230.78180170888692,"pearson_r, chi2_stat, entropy_reduction_ratio",0.008540200521903182,0.0,0.009081625578153407,0.0024993877336874134,0.4170978303733499
perm_android.permission.UPDATE_DEVICE_STATS,0,0.08744380884141878,0.16486367669430535,312.9,230.78180170888692,"pearson_r, chi2_stat, entropy_reduction_ratio",0.008540200521903182,0.0,0.009081625578153407,0.0024993877336874134,0.4170978303733499
intent_com.baidu.android.pushservice.action.PUSH_SERVICE,0,0.08744380884141878,0.16486367669430535,312.9,230.78180170888692,"pearson_r, chi2_stat, entropy_reduction_ratio",0.008540200521903182,0.0,0.009081625578153407,0.0024993877336874134,0.4170978303733499
perm_org.simalliance.openmobileapi.SMARTCARD,0,0.08744380884141878,0.16486367669430535,312.9,230.78180170888692,"pearson_r, chi2_stat, entropy_reduction_ratio",0.008540200521903182,0.0,0.009081625578153407,0.0024993877336874134,0.4170978303733499
intent_android.intent.action.DOWNLOAD_WAKEUP,0,0.08744380884141878,0.16486367669430535,312.9,230.78180170888692,"pearson_r, chi2_stat, entropy_reduction_ratio",0.008540200521903182,0.0,0.009081625578153407,0.0024993877336874134,0.4170978303733499
intent_com.easou.eyou.START_EPAY_PROXY_ACTIVITY,0,0.08732841462741162,0.14506775009982834,568.2,149.31496910892758,"pearson_r, mutual_information, entropy_reduction_ratio",0.0,0.06335915321474611,0.0,0.0,0.37328291992231194
intent_action.qihoo360.daemon.pcdaemon.DaemonStatus,0,0.08721427798816594,0.14508678702625405,569.0,147.77144514418205,"pearson_r, mutual_information, entropy_reduction_ratio",0.0,0.06278847001851777,0.0,0.0,0.37328291992231194
perm_com.sec.android.permission.LAUNCH_PERSONAL_PAGE_SERVICE,0,0.08716800371744729,0.14509460674930388,569.2,147.38575236433132,"pearson_r, mutual_information, entropy_reduction_ratio",0.0,0.06255709866492454,0.0,0.0,0.37328291992231194
perm_com.google.android.googleapps.permission.GOOGLE_AUTH.local,0,0.08707285644532788,0.14511086947816484,569.6,146.61459681764296,"pearson_r, mutual_information, entropy_reduction_ratio",0.0,0.062081362304327446,0.0,0.0,0.37328291992231194
perm_com.google.android.googleapps.permission.GOOGLE_AUTH.ig,0,0.08706355989352252,0.14511247174468653,569.8,146.22913526380438,"pearson_r, mutual_information, entropy_reduction_ratio",0.0,0.06203487954530062,0.0,0.0,0.37328291992231194
intent_com.areametrics.areametricssdk.AMLocationUpdatesBroadcastReceiver.ACTION_PROCESS_UPDATES,0,0.08702882728664971,0.14511847885055343,570.0,145.8437520087851,"pearson_r, mutual_information, entropy_reduction_ratio",0.0,0.06186121651093655,0.0,0.0,0.37328291992231194
intent_cn.jpush.android.ui.PushActivity,0,0.08696328475679356,0.15232327594794298,302.8,44.10850258170186,"pearson_r, mutual_information, chi2_stat",0.0007665450050585568,0.04251074781914577,0.0012891775426355867,0.0003583982937056402,0.3898915551234222
perm_net.qihoo.launcher.permission.READ_SETTINGS,0,0.08696274421026981,0.14512999923544698,570.2,145.4584476749288,"pearson_r, mutual_information, entropy_reduction_ratio",0.0,0.0615308011290371,0.0,0.0,0.37328291992231194
perm_com.ibingo.launcher.permission.READ_SETTINGS,0,0.08695735270370332,0.14513094441686258,570.4,145.07322289106284,"pearson_r, mutual_information, entropy_reduction_ratio",0.0,0.06150384359620466,0.0,0.0,0.37328291992231194
intent_com.google.android.gms.iid.InstanceID,0,0.0868557456111974,0.10808668624483728,314.0,318.95579631039783,"pearson_r, mutual_information, chi2_stat",0.015043811223519181,0.08924072984603505,0.026789463254972324,0.007972960736073575,0.2952317629953869
perm_com.android.launcher2.permission.INSTALL_SHORTCUT,0,0.0867843514988042,0.1451616950868481,570.8,144.3030145215269,"pearson_r, mutual_information, entropy_reduction_ratio",0.0,0.06063883757170905,0.0,0.0,0.37328291992231194
intent_com.meizu.flyme.push.intent.REGISTER.FEEDBACK,0,0.08669581154199299,0.14517774940785758,571.0,143.91803222668105,"pearson_r, mutual_information, entropy_reduction_ratio",0.0,0.06019613778765298,0.0,0.0,0.37328291992231194
intent_android.intent.action.PHONE_STATE,0,0.08665168767453563,0.1646538066979578,280.0,132.31477619676497,"pearson_r, chi2_stat, entropy_reduction_ratio",0.005183769592000323,0.0015767967126080473,0.008204361953441623,0.0023672159670773975,0.4159262941475507
perm_android.permission.DELETE_PACKAGES,0,0.08664445431862906,0.14518715980663166,571.4,143.1483146949345,"pearson_r, mutual_information, entropy_reduction_ratio",0.0,0.05993935167083336,0.0,0.0,0.37328291992231194
perm_com.android.launcher3.permission.WRITE_SETTINGS,0,0.08661906367709592,0.1451918388575335,571.6,142.76358079006005,"pearson_r, mutual_information, entropy_reduction_ratio",0.0,0.05981239846316766,0.0,0.0,0.37328291992231194
intent_com.kingroot.ACTION_SERVICE_PSS_RECORD,0,0.08655199049342334,0.1452042839686176,572.0,141.99436608541905,"pearson_r, mutual_information, entropy_reduction_ratio",0.0,0.059477032544804756,0.0,0.0,0.37328291992231194
intent_com.kingroot.common.ACTION_TOP_ACTIVITY_CHANGED,0,0.08646181105183161,0.1452212099568914,572.4,141.2254934493061,"pearson_r, mutual_information, entropy_reduction_ratio",0.0,0.059026135336846086,0.0,0.0,0.37328291992231194
intent_android.net.ConnectivityManager.CONNECTIVITY_ACTION,0,0.0862786608604553,0.14525626904140632,572.6,140.84118715773454,"pearson_r, mutual_information, entropy_reduction_ratio",0.0,0.058110384379964505,0.0,0.0,0.37328291992231194
perm_com.amazon.device.messaging.permission.RECEIVE,0,0.08624501798446199,0.10524032819773481,314.2,320.18956884945516,"pearson_r, mutual_information, chi2_stat",0.015948772335852734,0.08344413331119939,0.032601492495693336,0.009046854498445982,0.2901838372811185
intent_com.qihoo.appstore.download,0,0.08615334119713469,0.1452807853563271,572.8,140.45696849925247,"pearson_r, mutual_information, entropy_reduction_ratio",0.0,0.057483786063361526,0.0,0.0,0.37328291992231194
perm_android.permission.RECEIVE_BOOT_COMPLETED,0,0.08601994234177704,0.16009925315680473,287.8,97.13578125490112,"pearson_r, mutual_information, chi2_stat",0.0028591046889978157,0.016579945279958347,0.003235735753601011,0.0013947271161680059,0.40603019887016
intent_android.intent.action.SIG_STR,0,0.08592603648377092,0.14532634555890395,573.2,139.6887969738447,"pearson_r, mutual_information, entropy_reduction_ratio",0.0,0.05634726249654272,0.0,0.0,0.37328291992231194
intent_com.qihoo.appstore.launcher.shortcut.MYSOFT,0,0.08591644972586356,0.14532829803661945,573.4,139.30484557257873,"pearson_r, mutual_information, entropy_reduction_ratio",0.0,0.05629932870700584,0.0,0.0,0.37328291992231194
intent_com.kingroot.kinguser.service.IKCommonManagerInterface,0,0.08590635291217477,0.14533035710101633,573.6,138.92098473592822,"pearson_r, mutual_information, entropy_reduction_ratio",0.0,0.05624884463856187,0.0,0.0,0.37328291992231194
perm_com.google.android.launcher.permission.READ_SETTINGS,0,0.0859032104263259,0.14533099852134065,573.8,138.53721521670633,"pearson_r, mutual_information, entropy_reduction_ratio",0.0,0.056233132209317506,0.0,0.0,0.37328291992231194
perm_com.sonyericsson.homescreen.permission.READ_SETTINGS,0,0.08589280113924627,0.1453331251069302,574.2,137.769953182833,"pearson_r, mutual_information, entropy_reduction_ratio",0.0,0.05618108577391941,0.0,0.0,0.37328291992231194
intent_com.facebook.sdk.ACTION_CURRENT_ACCESS_TOKEN_CHANGED,0,0.08586984521768723,0.08181766205654878,310.3,352.0253684040399,"pearson_r, chi2_stat, entropy_reduction_ratio",0.04309917297786721,0.042069487323657256,0.0769647200025427,0.021613061422345568,0.2456027843620234
intent_com.kingroot.common.ACTION_SWITCH_OUT_DESKTOP,0,0.08583710923491714,0.14534455292070156,574.4,137.3864622151688,"pearson_r, mutual_information, entropy_reduction_ratio",0.0,0.05590262625227369,0.0,0.0,0.37328291992231194
intent_com.sogou.androidtool.action.sdk,0,0.08581334240354896,0.14534945551595985,574.8,136.619764309561,"pearson_r, mutual_information, entropy_reduction_ratio",0.0,0.05578379209543282,0.0,0.0,0.37328291992231194
intent_android.intent.action.IMEDIATE_NOTIFY_ALARM,0,0.08574524305622487,0.14536358813135858,575.2,135.85345045305255,"pearson_r, mutual_information, entropy_reduction_ratio",0.0,0.055443295358812435,0.0,0.0,0.37328291992231194
intent_android.intent.action.ACTION_VIEW_DOWNLOADS,0,0.08570821836859133,0.14537132481349133,575.6,135.08752718145374,"pearson_r, mutual_information, entropy_reduction_ratio",0.0,0.0552581719206447,0.0,0.0,0.37328291992231194
intent_com.qihoo.commonservice.SERVICE,0,0.08542221046530662,0.1454323457419001,576.6,133.1744720282382,"pearson_r, mutual_information, entropy_reduction_ratio",0.0,0.053828132404221206,0.0,0.0,0.37328291992231194
intent_com.qihoo.appstore.ACTION_PACKAGE_REMOVED_NEED_CLEAR,0,0.08536733881386192,0.1454443071077801,576.8,132.79216844377532,"pearson_r, mutual_information, entropy_reduction_ratio",0.0,0.053553774146997704,0.0,0.0,0.37328291992231194
perm_android.permission.BAIDU_LOCATION_SERVICE,0,0.08525726340493281,0.161889729446933,284.5,123.44998987444268,"pearson_r, chi2_stat, entropy_reduction_ratio",0.00568667707346341,0.0038619371633782595,0.006054417052102271,0.0016615776841015942,0.4090217080516185
intent_com.easou.eyou.START_EPAY_PROXY_SERVICE,0,0.08516702043336097,0.14548866850507838,577.2,132.02787584445943,"pearson_r, mutual_information, entropy_reduction_ratio",0.0,0.05255218224449291,0.0,0.0,0.37328291992231194
perm_android.permission.WRITE_CALL_LOG,0,0.08507784788437807,0.14550876663234585,577.4,131.64588865589386,"pearson_r, mutual_information, entropy_reduction_ratio",0.0,0.05210631949957839,0.0,0.0,0.37328291992231194
perm_com.htc.launcher.permission.WRITE_SETTINGS,0,0.08507411862603975,0.14550961185155525,577.6,131.26400877620642,"pearson_r, mutual_information, entropy_reduction_ratio",0.0,0.052087673207886834,0.0,0.0,0.37328291992231194
perm_com.android.agedlauncher.permission.READ_SETTINGS,0,0.08501657347463869,0.1455227020329117,578.0,130.5005747113782,"pearson_r, mutual_information, entropy_reduction_ratio",0.0,0.051799947450881484,0.0,0.0,0.37328291992231194
perm_com.google.android.googleapps.permission.GOOGLE_AUTH.sierraqa,0,0.08500233707103172,0.1455259543457779,578.2,130.11902243715176,"pearson_r, mutual_information, entropy_reduction_ratio",0.0,0.051728765432846636,0.0,0.0,0.37328291992231194
perm_com.android.launcher2.permission.WRITE_SETTINGS,0,0.08497662974744738,0.14553184112303805,578.4,129.7375812939335,"pearson_r, mutual_information, entropy_reduction_ratio",0.0,0.05160022881492497,0.0,0.0,0.37328291992231194
intent_com.yuetu.shentu.Intent.WECHAT_AUTH,0,0.08495903814697417,0.14553587979305893,578.8,128.97503634424766,"pearson_r, mutual_information, entropy_reduction_ratio",0.0,0.05151227081255895,0.0,0.0,0.37328291992231194
intent_com.sogou.androidtool.action.extend,0,0.08485825723194598,0.14555917877600308,579.2,128.21294786409052,"pearson_r, mutual_information, entropy_reduction_ratio",0.0,0.05100836623741798,0.0,0.0,0.37328291992231194
intent_com.mobiletool.appstore.action.BackgroundService,0,0.08477597039856347,0.14557840640396083,579.4,127.83207735150047,"pearson_r, mutual_information, entropy_reduction_ratio",0.0,0.050596932070505335,0.0,0.0,0.37328291992231194
perm_me.everything.badger.permission.BADGE_COUNT_WRITE,0,0.08474443280563335,0.11549516506293012,337.1,304.4884891091944,"pearson_r, mutual_information, chi2_stat",0.010709590431327312,0.07884804610036648,0.019241180000635676,0.005288302039119267,0.30963504545671794
perm_android.permission.REQUEST_INSTALL_PACKAGES,0,0.08469978828585098,0.14829318876798234,312.1,43.68569559936067,"pearson_r, mutual_information, chi2_stat",9.983092518103969e-05,0.04383187112977524,0.00017354954652425662,4.774670846538938e-05,0.37934594311930897
perm_android.permission.READ_INTERNAL_STORAGE,0,0.08457306152617763,0.09039435348917059,309.4,343.0283370218851,"pearson_r, chi2_stat, mutual_information",0.032258777917492924,0.05396983450676472,0.05772354000190703,0.01609317853221165,0.26281997667251183
perm_com.sec.android.permission.VOIP_INTERFACE,0,0.08457032768107516,0.14562726017978794,579.6,127.45132404176898,"pearson_r, mutual_information, entropy_reduction_ratio",0.0,0.04956871848306381,0.0,0.0,0.37328291992231194
intent_cn.jpush.android.intent.CONNECTION,0,0.08451248338193881,0.1531856264622481,312.3,65.4977862221312,"pearson_r, mutual_information, chi2_stat",0.0007976736470058128,0.030028335999827772,0.001324141003757737,0.0003651459223910917,0.3900471203367117
intent_android.provider.Telephony.SMS_DELIVER,0,0.08448487597225715,0.16228496012853685,333.8,220.6244773364914,"pearson_r, chi2_stat, entropy_reduction_ratio",0.00568667707346341,0.0,0.006054417052102271,0.0016615776841015942,0.4090217080516185
intent_com.sina.weibo.sdk.action.ACTION_SDK_REQ_ACTIVITY,0,0.08448487597225715,0.16228496012853685,333.8,220.6244773364914,"pearson_r, chi2_stat, entropy_reduction_ratio",0.00568667707346341,0.0,0.006054417052102271,0.0016615776841015942,0.4090217080516185
intent_android.intent.action.NOTIFICATION_REMOVE,0,0.08448487597225715,0.16228496012853685,333.8,220.6244773364914,"pearson_r, chi2_stat, entropy_reduction_ratio",0.00568667707346341,0.0,0.006054417052102271,0.0016615776841015942,0.4090217080516185
intent_android.intent.action.NOTIFICATION_UPDATE,0,0.08448487597225715,0.16228496012853685,333.8,220.6244773364914,"pearson_r, chi2_stat, entropy_reduction_ratio",0.00568667707346341,0.0,0.006054417052102271,0.0016615776841015942,0.4090217080516185
perm_com.android.launcher3.permission.INSTALL_SHORTCUT,0,0.08448487597225715,0.16228496012853685,333.8,220.6244773364914,"pearson_r, chi2_stat, entropy_reduction_ratio",0.00568667707346341,0.0,0.006054417052102271,0.0016615776841015942,0.4090217080516185
intent_com.adroid.SERVICE,0,0.08448487597225715,0.16228496012853685,333.8,220.6244773364914,"pearson_r, chi2_stat, entropy_reduction_ratio",0.00568667707346341,0.0,0.006054417052102271,0.0016615776841015942,0.4090217080516185
perm_cn.swiftpass.wxpay.permission.MM_MESSAGE,0,0.08448487597225715,0.16228496012853685,333.8,220.6244773364914,"pearson_r, chi2_stat, entropy_reduction_ratio",0.00568667707346341,0.0,0.006054417052102271,0.0016615776841015942,0.4090217080516185
perm_android.permission.REAL_GET_TASKS,0,0.08448487597225715,0.16228496012853685,333.8,220.6244773364914,"pearson_r, chi2_stat, entropy_reduction_ratio",0.00568667707346341,0.0,0.006054417052102271,0.0016615776841015942,0.4090217080516185
intent_android.intent.action.MEDIA_REMOVED,0,0.08448487597225715,0.16228496012853685,333.8,220.6244773364914,"pearson_r, chi2_stat, entropy_reduction_ratio",0.00568667707346341,0.0,0.006054417052102271,0.0016615776841015942,0.4090217080516185
intent_com.google.Ps.Download,0,0.08448487597225715,0.16228496012853685,333.8,220.6244773364914,"pearson_r, chi2_stat, entropy_reduction_ratio",0.00568667707346341,0.0,0.006054417052102271,0.0016615776841015942,0.4090217080516185
intent_com.Remind.alarm.enable,0,0.08448487597225715,0.16228496012853685,333.8,220.6244773364914,"pearson_r, chi2_stat, entropy_reduction_ratio",0.00568667707346341,0.0,0.006054417052102271,0.0016615776841015942,0.4090217080516185
intent_com.Remind.launch.app,0,0.08448487597225715,0.16228496012853685,333.8,220.6244773364914,"pearson_r, chi2_stat, entropy_reduction_ratio",0.00568667707346341,0.0,0.006054417052102271,0.0016615776841015942,0.4090217080516185
perm_android.permission.INJECT_EVENTS,0,0.08448487597225715,0.16228496012853685,333.8,220.6244773364914,"pearson_r, chi2_stat, entropy_reduction_ratio",0.00568667707346341,0.0,0.006054417052102271,0.0016615776841015942,0.4090217080516185
perm_com.fede.launcher.permission.WRITE_SETTINGS,0,0.08446267688909527,0.1456532909485576,579.8,127.0706889884524,"pearson_r, mutual_information, entropy_reduction_ratio",0.0,0.04903046452316438,0.0,0.0,0.37328291992231194
intent_com.sogou.androidtool.action.specialdetail,0,0.08431846763478229,0.14568865314508606,580.0,126.69017325743934,"pearson_r, mutual_information, entropy_reduction_ratio",0.0,0.04830941825159953,0.0,0.0,0.37328291992231194
perm_org.adw.launcher.permission.WRITE_SETTINGS,0,0.08427932048062636,0.14569834964350947,580.2,126.30977792712645,"pearson_r, mutual_information, entropy_reduction_ratio",0.0,0.048113682480819854,0.0,0.0,0.37328291992231194
intent_com.qihoo.appstore.battery.ACCESSIBILITY_ALERT,0,0.08427649697085442,0.14569905061048188,580.4,125.92950408859713,"pearson_r, mutual_information, entropy_reduction_ratio",0.0,0.04809956493196017,0.0,0.0,0.37328291992231194
perm_com.android.launcher2.permission.UNINSTALL_SHORTCUT,0,0.0840814429229851,0.1457479963745282,581.2,124.40964592828001,"pearson_r, mutual_information, entropy_reduction_ratio",0.0,0.04712429469261352,0.0,0.0,0.37328291992231194
perm_com.android.voicemail.permission.ADD_VOICEMAIL,0,0.08407768978323286,0.1457489482439514,581.4,124.02999637184546,"pearson_r, mutual_information, entropy_reduction_ratio",0.0,0.04710552899385237,0.0,0.0,0.37328291992231194
perm_android.permission.READ_SYNC_STATS,0,0.08401878359996309,0.11554132090577049,339.3,303.77452164393253,"pearson_r, mutual_information, chi2_stat",0.010709590431327312,0.07521980007201524,0.019241180000635676,0.005288302039119267,0.30963504545671794
suspicious_setWifiEnabled,0,0.08395842537222079,0.16267179162333342,335.7,220.74637029858496,"pearson_r, chi2_stat, entropy_reduction_ratio",0.003531447189681359,0.0,0.005292005157115035,0.0016859776577938027,0.4092826968565137
intent_aspire.iap.SMS_SEND_ACTIOIN,0,0.08391689769593243,0.1457900853707482,581.6,123.65047513050646,"pearson_r, mutual_information, entropy_reduction_ratio",0.0,0.04630156855735018,0.0,0.0,0.37328291992231194
intent_com.qihoo.appstore.launcher.shortcut.MYFREEZE,0,0.08391583746648218,0.145790358935925,581.8,123.27108338941456,"pearson_r, mutual_information, entropy_reduction_ratio",0.0,0.04629626741009895,0.0,0.0,0.37328291992231194
perm_com.facebook.katana.permission.C2D_MESSAGE,0,0.08387848848487181,0.14580001523906647,582.0,122.89182234794959,"pearson_r, mutual_information, entropy_reduction_ratio",0.0,0.04610952250204707,0.0,0.0,0.37328291992231194
perm_com.zte.mifavor.launcher.permission.READ_SETTINGS,0,0.08371052130855132,0.14584390693045307,582.2,122.5126932199272,"pearson_r, mutual_information, entropy_reduction_ratio",0.0,0.045269686620444644,0.0,0.0,0.37328291992231194
intent_com.kingroot.kinguser.ANTILOG_DELETE,0,0.0837048252238897,0.14584540871421997,582.4,122.13369723381012,"pearson_r, mutual_information, entropy_reduction_ratio",0.0,0.045241206197136584,0.0,0.0,0.37328291992231194
perm_android.permission.MANAGE_ACCOUNTS,0,0.0835907823062616,0.13545088578206194,420.4,247.42562518866148,"pearson_r, mutual_information, chi2_stat",0.001331910871703898,0.06320483542005045,0.002486442551500641,0.0006900583664566215,0.3502406643215964
perm_com.yulong.android.launcherL.permission.READ_SETTINGS,0,0.08347539153879219,0.14590662597014672,582.8,121.37610967566887,"pearson_r, mutual_information, entropy_reduction_ratio",0.0,0.044094037771649,0.0,0.0,0.37328291992231194
perm_com.google.android.googleapps.permission.GOOGLE_AUTH.OTHER_SERVICES,0,0.08345055201883271,0.1459133386563585,583.0,120.99752063575518,"pearson_r, mutual_information, entropy_reduction_ratio",0.0,0.04396984017185161,0.0,0.0,0.37328291992231194
intent_com.kingroot.kinguser.action.update,0,0.08342866124115847,0.14591926823295362,583.2,120.61906980241558,"pearson_r, mutual_information, entropy_reduction_ratio",0.0,0.043860386283480414,0.0,0.0,0.37328291992231194
perm_com.tsf.shell.permission.READ_SETTINGS,0,0.08332213668623359,0.14594830666137207,583.6,119.86258799141623,"pearson_r, mutual_information, entropy_reduction_ratio",0.0,0.043327763508856004,0.0,0.0,0.37328291992231194
intent_com.qihoo360.daemon.pcdaemon.ACTION_START_CAPTURE,0,0.08314403937656506,0.14599753721367456,584.6,117.97389541758804,"pearson_r, mutual_information, entropy_reduction_ratio",0.0,0.04243727696051336,0.0,0.0,0.37328291992231194
intent_org.android.agoo.client.ElectionReceiverService,0,0.08312468773665713,0.14600293783214896,584.8,117.59659859026536,"pearson_r, mutual_information, entropy_reduction_ratio",0.0,0.042340518760973694,0.0,0.0,0.37328291992231194
perm_com.samsung.android.scloud.backup.lib.write,0,0.08310488447683104,0.14600847490226307,585.0,117.21945231061268,"pearson_r, mutual_information, entropy_reduction_ratio",0.0,0.04224150246184326,0.0,0.0,0.37328291992231194
intent_com.qihoo.appstore.accessibility.ALERT,0,0.08301572899929095,0.14603353356937024,585.4,116.46561724388876,"pearson_r, mutual_information, entropy_reduction_ratio",0.0,0.0417957250741428,0.0,0.0,0.37328291992231194
perm_qiku.permission.ACCESS_QKPARAMS,0,0.08294604445306432,0.14605326817650566,585.6,116.08893142759132,"pearson_r, mutual_information, entropy_reduction_ratio",0.0,0.04144730234300962,0.0,0.0,0.37328291992231194
intent_com.qihoo.appstore.BATTERY,0,0.08290661251951556,0.14606449300165422,585.8,115.71240210107128,"pearson_r, mutual_information, entropy_reduction_ratio",0.0,0.04125014267526585,0.0,0.0,0.37328291992231194
intent_android.accounts.AccountAuthenticator,0,0.08288458171250948,0.133648190888861,406.2,257.78704389476206,"pearson_r, mutual_information, chi2_stat",0.0017617136860127282,0.06209716604766107,0.003502217838510261,0.0009605045748479959,0.3461013064155154
intent_com.getui.gtc.sdk.service.action,0,0.0828255792168683,0.14608769114498,586.2,114.95981906735935,"pearson_r, mutual_information, entropy_reduction_ratio",0.0,0.04084497616202952,0.0,0.0,0.37328291992231194
intent_com.firebase.jobdispatcher.ACTION_EXECUTE,0,0.08261063026204221,0.14615007933553437,587.0,113.45659963175346,"pearson_r, mutual_information, entropy_reduction_ratio",0.0,0.039770231387899126,0.0,0.0,0.37328291992231194
perm_android.permission.BIND_DIRECTORY_SEARCH,0,0.08258899276869142,0.14615642811795532,587.2,113.08120975652851,"pearson_r, mutual_information, entropy_reduction_ratio",0.0,0.039662043921145126,0.0,0.0,0.37328291992231194
perm_android.permission.CHANGE_WIFI_MULTICAST_STATE,0,0.08250955621668742,0.1606079410854189,306.8,121.4107079297374,"pearson_r, chi2_stat, entropy_reduction_ratio",0.0026750258473020724,0.0006424523512445041,0.004310678119881042,0.0012042704466591007,0.4037153543183504
intent_com.excelliance.open.action.dmchk,0,0.0824380202329359,0.1462010746597465,587.6,112.33093963819586,"pearson_r, mutual_information, entropy_reduction_ratio",0.0,0.03890718124236751,0.0,0.0,0.37328291992231194
intent_show_notificationcenter,0,0.08239936701356997,0.14621260349945078,588.0,111.58136045056987,"pearson_r, mutual_information, entropy_reduction_ratio",0.0,0.03871391514553791,0.0,0.0,0.37328291992231194
intent_com.excelliance.kxqp.NEXT_CHAPTER,0,0.08238829643866727,0.14621591280860047,588.2,111.20683432235629,"pearson_r, mutual_information, entropy_reduction_ratio",0.0,0.03865856227102441,0.0,0.0,0.37328291992231194
intent_com.qihoo.appstore.ACTION_UNLOCK_BROADCAST_RECEIVE,0,0.0823736613466174,0.1462202926839009,588.4,110.83248621230149,"pearson_r, mutual_information, entropy_reduction_ratio",0.0,0.03858538681077507,0.0,0.0,0.37328291992231194
intent_android.intent.action.SCREEN_OFF,0,0.08226991443741297,0.15835661361092593,304.6,108.5414206651083,"pearson_r, mutual_information, chi2_stat",0.0019380684190388367,0.006493626707990728,0.0031002714839304365,0.0008570687655901482,0.3989605368105147
intent_com.sogou.androidtool.service.weatherservice,0,0.08214204518715819,0.14629037125081615,589.2,109.3369105105865,"pearson_r, mutual_information, entropy_reduction_ratio",0.0,0.037427306013478996,0.0,0.0,0.37328291992231194
perm_android.permission.WRITE_CONTACTS,0,0.0820798821957748,0.07868228464904437,332.2,367.51946887205855,"pearson_r, chi2_stat, entropy_reduction_ratio",0.04919083517402824,0.007520656260447171,0.09777159915603431,0.02831409555274673,0.22760222483561762
intent_com.gtp.nextlauncher.theme,0,0.08203577105083519,0.14632300549825716,589.6,108.59023897201811,"pearson_r, mutual_information, entropy_reduction_ratio",0.0,0.036895935331864006,0.0,0.0,0.37328291992231194
suspicious_Cipher,0,0.08202099900606569,0.1619554364409512,366.7,207.82290537859393,"pearson_r, entropy_reduction_ratio, f_stat",0.002662230121153966,0.0,0.00013185365851439888,0.001384790071556222,0.40592612117910387
perm_android.permission.STOP_APP_SWITCHES,0,0.08195113233862464,0.14634921164126138,589.8,108.21718902281651,"pearson_r, mutual_information, entropy_reduction_ratio",0.0,0.03647274177081124,0.0,0.0,0.37328291992231194
intent_cn.jpush.android.intent.NOTIFICATION_CLICK_ACTION,0,0.08195081103181448,0.14634931148954844,590.0,107.84433225719374,"pearson_r, mutual_information, entropy_reduction_ratio",0.0,0.03647113523676046,0.0,0.0,0.37328291992231194
intent_com.qihoo.appstore.clean.result,0,0.0819254765232425,0.14635719302885913,590.2,107.47167068581376,"pearson_r, mutual_information, entropy_reduction_ratio",0.0,0.036344462693900556,0.0,0.0,0.37328291992231194
perm_android.permission.PERMISSION_NAME,0,0.08184676398864349,0.15834435399487556,313.4,109.31349413498775,"pearson_r, mutual_information, chi2_stat",0.002839954446409589,0.004009470418446957,0.0030272085260511354,0.0008284616743711567,0.3985287248779386
intent_com.ez.sj,0,0.08180559931903394,0.1463947187656331,590.6,106.72694130349655,"pearson_r, mutual_information, entropy_reduction_ratio",0.0,0.03574507667285776,0.0,0.0,0.37328291992231194
perm_android.permission.INTERACT_ACROSS_USERS,0,0.08175814501975168,0.1464096794264791,591.0,105.98301750752334,"pearson_r, mutual_information, entropy_reduction_ratio",0.0,0.035507805176446486,0.0,0.0,0.37328291992231194
intent_com.qihoo.appstore.ACTION_DAEMON_CORE_SERVICE,0,0.08175208500673876,0.14641159425394568,591.2,105.61136302500786,"pearson_r, mutual_information, entropy_reduction_ratio",0.0,0.03547750511138187,0.0,0.0,0.37328291992231194
perm_android.permission.READ_SYNC_SETTINGS,0,0.08175161169993382,0.12621225642306114,383.8,273.4018288161219,"pearson_r, mutual_information, chi2_stat",0.004528251148176924,0.06296378304281787,0.008695559574235937,0.0024222017013407994,0.3301482630330976
intent_com.meizu.cloud.pushservice.action.PUSH_SERVICE_START,0,0.08163803589773702,0.14644781360604894,591.4,105.23991638157074,"pearson_r, mutual_information, entropy_reduction_ratio",0.0,0.03490725956637321,0.0,0.0,0.37328291992231194
intent_show_lock,0,0.0816279216115802,0.14645104238644222,591.6,104.86867978572059,"pearson_r, mutual_information, entropy_reduction_ratio",0.0,0.03485668813558898,0.0,0.0,0.37328291992231194
perm_com.sec.android.app.twlauncher.settings.READ_SETTINGS,0,0.08162790169760095,0.14645104874626136,591.8,104.49765547609191,"pearson_r, mutual_information, entropy_reduction_ratio",0.0,0.03485658856569285,0.0,0.0,0.37328291992231194
perm_com.android.launcher3.permission.UNINSTALL_SHORTCUT,0,0.08159346470826404,0.1584696290935656,315.4,113.15405427999475,"pearson_r, chi2_stat, entropy_reduction_ratio",0.002839954446409589,0.0027429740165496688,0.0030272085260511354,0.0008284616743711567,0.3985287248779386
intent_show_encourage,0,0.08155979202458079,0.1464728623065663,592.6,103.01572695467425,"pearson_r, mutual_information, entropy_reduction_ratio",0.0,0.03451604020059202,0.0,0.0,0.37328291992231194
intent_com.telecom.sdk_auth_ui.SMS_CODE_SEND_ACTIOIN,0,0.08153006346158505,0.14648242220043836,592.8,102.64579874500467,"pearson_r, mutual_information, entropy_reduction_ratio",0.0,0.0343673973856133,0.0,0.0,0.37328291992231194
intent_com.baidu.action.Xshield.VIEW,0,0.08152524475314743,0.14648397397961732,593.0,102.27609691418616,"pearson_r, mutual_information, entropy_reduction_ratio",0.0,0.03434330384342521,0.0,0.0,0.37328291992231194
intent_com.igexin.sdk.action.64kVIzqls49c7TJxrBbWG4,0,0.08144153255812062,0.14651103054536863,593.6,101.1683745050794,"pearson_r, mutual_information, entropy_reduction_ratio",0.0,0.03392474286829118,0.0,0.0,0.37328291992231194
intent_com.qihoo.appstore.ACTION_NORMAL_INSTALL_ERROR,0,0.0813931445900564,0.1465267549591262,593.8,100.79960317382208,"pearson_r, mutual_information, entropy_reduction_ratio",0.0,0.03368280302797004,0.0,0.0,0.37328291992231194
n_used_permissions,0,0.08139274912108352,0.09175880932647124,397.1,395.342433846912,"pearson_r, entropy_reduction_ratio, chi2_stat",0.11277173395345487,0.0,0.025512158624689113,0.020850879543107624,0.24782897348416594
intent_android.intent.action.USER_CLEARNOTIFY,0,0.08131356884264021,0.1465527496167461,594.0,100.43107088944137,"pearson_r, mutual_information, entropy_reduction_ratio",0.0,0.03328492429088915,0.0,0.0,0.37328291992231194
perm_com.samsung.android.providers.context.permission.READ_RECORD_AUDIO,0,0.08130494208716074,0.14655557778760056,594.2,100.06278029317396,"pearson_r, mutual_information, entropy_reduction_ratio",0.0,0.033241790513491784,0.0,0.0,0.37328291992231194
intent_com.mobutils.android.mediation.MaterialNotificationReceiver.ACTION_CANCEL_NOTIFICATION,0,0.08119193984357781,0.1465928065991256,594.4,99.6947340635402,"pearson_r, mutual_information, entropy_reduction_ratio",0.0,0.032676779295577114,0.0,0.0,0.37328291992231194
intent_com.mobutils.android.mediation.MaterialNotificationReceiver.ACTION_CLICK_NOTIFICATION,0,0.08117437242782767,0.1465986246629077,594.6,99.32693491697003,"pearson_r, mutual_information, entropy_reduction_ratio",0.0,0.032588942216826414,0.0,0.0,0.37328291992231194
perm_com.android.launcher2.permission.READ_SETTINGS,0,0.0810448699049541,0.15874615305244077,363.1,206.55275355221,"pearson_r, chi2_stat, entropy_reduction_ratio",0.002839954446409589,0.0,0.0030272085260511354,0.0008284616743711567,0.3985287248779386
perm_android.permission.BIND_ACCESSIBILITY_SERVICE,0,0.0810448699049541,0.15874615305244077,363.1,206.55275355221,"pearson_r, chi2_stat, entropy_reduction_ratio",0.002839954446409589,0.0,0.0030272085260511354,0.0008284616743711567,0.3985287248779386
perm_android.permission.ACCOUNT_MANAGER,0,0.0810448699049541,0.15874615305244077,363.1,206.55275355221,"pearson_r, chi2_stat, entropy_reduction_ratio",0.002839954446409589,0.0,0.0030272085260511354,0.0008284616743711567,0.3985287248779386
intent_com.inmobi.share.id,0,0.0810448699049541,0.15874615305244077,363.1,206.55275355221,"pearson_r, chi2_stat, entropy_reduction_ratio",0.002839954446409589,0.0,0.0030272085260511354,0.0008284616743711567,0.3985287248779386
perm_android.permission.SIGNAL_PERSISTENT_PROCESSES,0,0.0810448699049541,0.15874615305244077,363.1,206.55275355221,"pearson_r, chi2_stat, entropy_reduction_ratio",0.002839954446409589,0.0,0.0030272085260511354,0.0008284616743711567,0.3985287248779386
intent_cn.jpush.android.intent.UNREGISTRATION,0,0.0810448699049541,0.15874615305244077,363.1,206.55275355221,"pearson_r, chi2_stat, entropy_reduction_ratio",0.002839954446409589,0.0,0.0030272085260511354,0.0008284616743711567,0.3985287248779386
intent_android.intent.action.SEND_MULTIPLE,0,0.0810448699049541,0.15874615305244077,363.1,206.55275355221,"pearson_r, chi2_stat, entropy_reduction_ratio",0.002839954446409589,0.0,0.0030272085260511354,0.0008284616743711567,0.3985287248779386
intent_android.intent.action.MEDIA_CHECKING,0,0.0810448699049541,0.15874615305244077,363.1,206.55275355221,"pearson_r, chi2_stat, entropy_reduction_ratio",0.002839954446409589,0.0,0.0030272085260511354,0.0008284616743711567,0.3985287248779386
intent_com.tencent.android.tpush.action.SDK,0,0.0810448699049541,0.15874615305244077,363.1,206.55275355221,"pearson_r, chi2_stat, entropy_reduction_ratio",0.002839954446409589,0.0,0.0030272085260511354,0.0008284616743711567,0.3985287248779386
intent_com.xiaomi.hy.push.client.ONCLICK,0,0.0810448699049541,0.15874615305244077,363.1,206.55275355221,"pearson_r, chi2_stat, entropy_reduction_ratio",0.002839954446409589,0.0,0.0030272085260511354,0.0008284616743711567,0.3985287248779386
perm_com.xiaomi.permission.AUTH_SERVICE,0,0.0810448699049541,0.15874615305244077,363.1,206.55275355221,"pearson_r, chi2_stat, entropy_reduction_ratio",0.002839954446409589,0.0,0.0030272085260511354,0.0008284616743711567,0.3985287248779386
intent_com.igexin.sdk.action.user.message,0,0.0810448699049541,0.15874615305244077,363.1,206.55275355221,"pearson_r, chi2_stat, entropy_reduction_ratio",0.002839954446409589,0.0,0.0030272085260511354,0.0008284616743711567,0.3985287248779386
intent_android.intent.action.PACKAGE_RESTARTED,0,0.0810448699049541,0.15874615305244077,363.1,206.55275355221,"pearson_r, chi2_stat, entropy_reduction_ratio",0.002839954446409589,0.0,0.0030272085260511354,0.0008284616743711567,0.3985287248779386
intent_android.intent.action.UMS_DISCONNECTED,0,0.0810448699049541,0.15874615305244077,363.1,206.55275355221,"pearson_r, chi2_stat, entropy_reduction_ratio",0.002839954446409589,0.0,0.0030272085260511354,0.0008284616743711567,0.3985287248779386
intent_cn.ngds.android.intent.alarm,0,0.0810448699049541,0.15874615305244077,363.1,206.55275355221,"pearson_r, chi2_stat, entropy_reduction_ratio",0.002839954446409589,0.0,0.0030272085260511354,0.0008284616743711567,0.3985287248779386
intent_android.provider.Telephony.WAP_PUSH_RECEIVED,0,0.0810448699049541,0.15874615305244077,363.1,206.55275355221,"pearson_r, chi2_stat, entropy_reduction_ratio",0.002839954446409589,0.0,0.0030272085260511354,0.0008284616743711567,0.3985287248779386
intent_android.intent.action.TIME_TICK,0,0.0810448699049541,0.15874615305244077,363.1,206.55275355221,"pearson_r, chi2_stat, entropy_reduction_ratio",0.002839954446409589,0.0,0.0030272085260511354,0.0008284616743711567,0.3985287248779386
perm_com.samsung.svoice.sync.WRITE_DATABASE,0,0.08104289637569612,0.14664242748255274,595.2,98.2250477220551,"pearson_r, mutual_information, entropy_reduction_ratio",0.0,0.03193156195616864,0.0,0.0,0.37328291992231194
perm_com.zte.mifavor.launcher.permission.WRITE_SETTINGS,0,0.08102339411737183,0.1466489639349322,595.4,97.85826485279615,"pearson_r, mutual_information, entropy_reduction_ratio",0.0,0.031834050664547184,0.0,0.0,0.37328291992231194
perm_org.adwfreak.launcher.permission.READ_SETTINGS,0,0.08096282365072462,0.14666932924537698,595.8,97.1254858417707,"pearson_r, mutual_information, entropy_reduction_ratio",0.0,0.031531198331311114,0.0,0.0,0.37328291992231194
perm_com.yulong.android.launcher3.READ_SETTINGS,0,0.08095868530065078,0.1466707242108429,596.0,96.75949565804898,"pearson_r, mutual_information, entropy_reduction_ratio",0.0,0.031510506580941976,0.0,0.0,0.37328291992231194
intent_com.qihoo.appstore.battery.START_EX,0,0.08077712745598063,0.14673237067204842,596.4,96.02832915343264,"pearson_r, mutual_information, entropy_reduction_ratio",0.0,0.030602717357591243,0.0,0.0,0.37328291992231194
intent_show_moresetting,0,0.08075596799399001,0.14673961196956156,596.6,95.66315905300222,"pearson_r, mutual_information, entropy_reduction_ratio",0.0,0.030496920047638088,0.0,0.0,0.37328291992231194
perm_com.google.android.googleapps.permission.GOOGLE_AUTH.youtube,0,0.08073278351438518,0.1467475598802311,596.8,95.29826860966571,"pearson_r, mutual_information, entropy_reduction_ratio",0.0,0.030380997649613925,0.0,0.0,0.37328291992231194
perm_com.google.android.googleapps.permission.GOOGLE_AUTH.print,0,0.08067792818537664,0.1467664215506737,597.0,94.9336610481235,"pearson_r, mutual_information, entropy_reduction_ratio",0.0,0.03010672100457127,0.0,0.0,0.37328291992231194
perm_com.qihoo360.launcher.permission.READ_SETTINGS,0,0.08061805246553491,0.1467871002849494,597.4,94.20530770609477,"pearson_r, mutual_information, entropy_reduction_ratio",0.0,0.029807342405362584,0.0,0.0,0.37328291992231194
intent_cn.jpush.android.intent.PUSH_TIME,0,0.08058756906938544,0.15469910430192133,329.2,88.05430142815284,"pearson_r, mutual_information, chi2_stat",0.0007665450050585568,0.010632169382105178,0.0012891775426355867,0.0003583982937056402,0.3898915551234222
perm_com.yulong3.android.launcher.permission.READ_SETTINGS,0,0.08057097062519107,0.14680342707287244,597.6,93.84156861434063,"pearson_r, mutual_information, entropy_reduction_ratio",0.0,0.029571933203643413,0.0,0.0,0.37328291992231194
perm_com.google.android.googleapps.permission.GOOGLE_AUTH.groups2,0,0.0804881545479242,0.1468322877121993,598.0,93.11498268270257,"pearson_r, mutual_information, entropy_reduction_ratio",0.0,0.029157852817309038,0.0,0.0,0.37328291992231194
intent_android.net.wifi.WIFI_STATE_CHANGED,0,0.08042170524051814,0.15834748276957453,377.1,199.83303030280055,"pearson_r, chi2_stat, entropy_reduction_ratio",0.001610503888337637,0.0,0.002648282007515474,0.0007380078051893166,0.39711173250154824
perm_com.android.mylauncher.permission.READ_SETTINGS,0,0.08032509924584628,0.1468896402699424,598.2,92.7521428323896,"pearson_r, mutual_information, entropy_reduction_ratio",0.0,0.028342576306919505,0.0,0.0,0.37328291992231194
intent_com.secneo.plugin.action.DAILY,0,0.08022536649773773,0.14692506567924307,598.4,92.38960980543213,"pearson_r, mutual_information, entropy_reduction_ratio",0.0,0.027843912566376677,0.0,0.0,0.37328291992231194
intent_android.intent.action.BOOT_COMPLETED,0,0.08012982985053015,0.1583244280267421,378.5,199.19839356781972,"pearson_r, chi2_stat, entropy_reduction_ratio",0.0014689125063106472,0.0,0.0016864174208184655,0.0007173654014485242,0.39677645392407307
intent_com.sogou.androidtool.action.BackgroundService,0,0.08003848592825762,0.14699215208343835,598.6,92.0273872279334,"pearson_r, mutual_information, entropy_reduction_ratio",0.0,0.026909509718976175,0.0,0.0,0.37328291992231194
intent_com.qihoo.appstore.ACTION_CLEAN_STOP_SERVICE,0,0.08002758401220954,0.1469960940460816,598.8,91.66547878018203,"pearson_r, mutual_information, entropy_reduction_ratio",0.0,0.026855000138735784,0.0,0.0,0.37328291992231194
intent_com.qihoo.appstore.ACTION_STABLE_NOTIFICATION_CLICK,0,0.0799998805898017,0.14700612524594356,599.0,91.30388819760087,"pearson_r, mutual_information, entropy_reduction_ratio",0.0,0.026716483026696557,0.0,0.0,0.37328291992231194
intent_com.mobiletool.appstore.action.extend,0,0.07989584848349832,0.14704397477864095,599.4,90.58167585113448,"pearson_r, mutual_information, entropy_reduction_ratio",0.0,0.026196322495179607,0.0,0.0,0.37328291992231194
intent_com.qihoo.appstore.ACTION_GAME_UNION_GIFT_LiST,0,0.07986489584959314,0.14705529107958468,599.8,89.8607812118279,"pearson_r, mutual_information, entropy_reduction_ratio",0.0,0.026041559325653777,0.0,0.0,0.37328291992231194
intent_com.qihoo.express.push.MSG_ARRIVED,0,0.07970348492375925,0.1471147110169778,600.6,88.42307391173415,"pearson_r, mutual_information, entropy_reduction_ratio",0.0,0.025234504696484333,0.0,0.0,0.37328291992231194
intent_android.intent.action.RESPOND_VIA_MESSAGE,0,0.07966234427864327,0.14712996549238477,601.0,87.70632816393581,"pearson_r, mutual_information, entropy_reduction_ratio",0.0,0.02502880147090439,0.0,0.0,0.37328291992231194
intent_com.qihoo.appstore.APPWATCHER_CHANGE_TIME,0,0.07958338477056566,0.14715936721641362,601.2,87.34849741123197,"pearson_r, mutual_information, entropy_reduction_ratio",0.0,0.02463400393051633,0.0,0.0,0.37328291992231194
intent_cn.jpush.android.intent.NOTIFICATION_RECEIVED,0,0.07955229616386533,0.14207674878382986,453.6,230.1804509509876,"pearson_r, mutual_information, chi2_stat",0.0002989951639180386,0.03427635198090642,0.0005480722703384255,0.00015141221893706836,0.3624866491852267
perm_com.google.android.providers.talk.permission.WRITE_ONLY,0,0.07955098833866157,0.14717147782569684,601.4,86.99103402075411,"pearson_r, mutual_information, entropy_reduction_ratio",0.0,0.024472021770995927,0.0,0.0,0.37328291992231194
intent_com.excelliance.dualaid.action.notifystatus,0,0.07946866276565279,0.1472023770540622,601.8,86.2772275864263,"pearson_r, mutual_information, entropy_reduction_ratio",0.0,0.02406039390595199,0.0,0.0,0.37328291992231194
perm_com.huawei.launcher.permission.READ_SETTINGS,0,0.0793766947121319,0.14723710545962845,602.0,85.92089385009912,"pearson_r, mutual_information, entropy_reduction_ratio",0.0,0.023600553638347635,0.0,0.0,0.37328291992231194
intent_com.qihoo.appstore.utils.ActivityBroadcastReceiver.ACTION_INTENT_TRANSFER,0,0.07935437397389523,0.14724556749281345,602.2,85.56494609359606,"pearson_r, mutual_information, entropy_reduction_ratio",0.0,0.02348894994716422,0.0,0.0,0.37328291992231194
intent_com.excelliance.open.action.startPromptActivity,0,0.07931562082978186,0.1472602902182456,602.4,85.20938915401283,"pearson_r, mutual_information, entropy_reduction_ratio",0.0,0.023295184226597303,0.0,0.0,0.37328291992231194
intent_com.excelliance.kxqp.platform.action.BADGE_REPORT,0,0.07924363096762924,0.14728774427066402,602.8,84.49946745394317,"pearson_r, mutual_information, entropy_reduction_ratio",0.0,0.02293523491583426,0.0,0.0,0.37328291992231194
intent_com.excelliance.kxqp.platform.gameplugin.action.UNBIND_REMOTE,0,0.07911243251099007,0.14733812681650418,603.0,84.14511275172195,"pearson_r, mutual_information, entropy_reduction_ratio",0.0,0.0222792426326384,0.0,0.0,0.37328291992231194
intent_android.intent.action.DATE_CHANGED,0,0.0788930887042214,0.11677683691570918,359.0,296.8406980183142,"pearson_r, mutual_information, chi2_stat",0.009270851698944826,0.05104638925534016,0.018739147402385577,0.005191460610580843,0.3102175945538556
intent_com.qihoo.appstore.ACTION_WX_CLEAR,0,0.07889180483834697,0.14742386600852486,603.4,83.437641385648,"pearson_r, mutual_information, entropy_reduction_ratio",0.0,0.021176104269422905,0.0,0.0,0.37328291992231194
perm_com.baiqi.weather.permission.READ_SETTINGS,0,0.0788660940969376,0.147433940257912,603.6,83.08453526379022,"pearson_r, mutual_information, entropy_reduction_ratio",0.0,0.021047550562376022,0.0,0.0,0.37328291992231194
intent_com.qihoo.appstore.battery.POWER_RANK_START,0,0.07885122362640448,0.14743977483160012,603.8,82.73185601689352,"pearson_r, mutual_information, entropy_reduction_ratio",0.0,0.02097319820971047,0.0,0.0,0.37328291992231194
perm_com.google.android.googleapps.permission.GOOGLE_AUTH.talk,0,0.07882694117613422,0.14744931468640454,604.0,82.37960912750194,"pearson_r, mutual_information, entropy_reduction_ratio",0.0,0.020851785958359112,0.0,0.0,0.37328291992231194
perm_com.huawei.launcher2.permission.READ_SETTINGS,0,0.07873504419175106,0.14748555748133652,604.2,82.02780016555363,"pearson_r, mutual_information, entropy_reduction_ratio",0.0,0.020392301036443378,0.0,0.0,0.37328291992231194
intent_android.intent.action.SCREEN_ON,0,0.07850681618197328,0.15577077910314255,381.3,198.03474442632535,"pearson_r, chi2_stat, entropy_reduction_ratio",0.0007976736470058128,0.0,0.001324141003757737,0.0003651459223910917,0.39004712033671174
intent_cn.jpush.android.intent.DaemonService,0,0.07850681618197326,0.15577077910314255,381.6,197.7881189556137,"pearson_r, chi2_stat, entropy_reduction_ratio",0.0007976736470058128,0.0,0.001324141003757737,0.0003651459223910917,0.3900471203367117
intent_cn.jpush.android.intent.REPORT,0,0.07848182351781566,0.1557053822850325,339.0,106.43589620048304,"pearson_r, chi2_stat, entropy_reduction_ratio",0.0007665450050585568,0.00010344162425625135,0.0012891775426355867,0.0003583982937056402,0.3898915551234222
perm_android.permission.AUTHENTICATE_ACCOUNTS,0,0.07846274567900816,0.15175989892412614,337.4,87.31460358954853,"pearson_r, mutual_information, chi2_stat",0.000201243341294576,0.009776997370415437,0.00034709909304851325,9.6274267702971e-05,0.38189211432257925
intent_cn.jpush.android.intent.NOTIFICATION_RECEIVED_PROXY,0,0.07846113519296441,0.15571580144419228,385.1,196.09650685313085,"pearson_r, chi2_stat, entropy_reduction_ratio",0.0007665450050585568,0.0,0.0012891775426355867,0.0003583982937056402,0.3898915551234222
intent_cn.jpush.android.intent.REGISTER,0,0.07846113519296441,0.15571580144419228,385.1,196.09650685313085,"pearson_r, chi2_stat, entropy_reduction_ratio",0.0007665450050585568,0.0,0.0012891775426355867,0.0003583982937056402,0.3898915551234222
intent_cn.jpush.android.intent.PushService,0,0.07846113519296441,0.15571580144419228,385.1,196.09650685313085,"pearson_r, chi2_stat, entropy_reduction_ratio",0.0007665450050585568,0.0,0.0012891775426355867,0.0003583982937056402,0.3898915551234222
intent_com.qihoo360.mobilesafe.clean.DOWNLOADDLG,0,0.07841746713736167,0.14761249852012884,604.6,81.32551875026681,"pearson_r, mutual_information, entropy_reduction_ratio",0.0,0.018804415764496422,0.0,0.0,0.37328291992231194
intent_com.punchbox.service,0,0.07831420060500169,0.14765434108572362,604.8,80.97505788821641,"pearson_r, mutual_information, entropy_reduction_ratio",0.0,0.01828808310269654,0.0,0.0,0.37328291992231194
intent_com.excelliance.dualaid.action.process.64,0,0.07829844688661089,0.14766074868860796,605.0,80.62505813951392,"pearson_r, mutual_information, entropy_reduction_ratio",0.0,0.01820931451074251,0.0,0.0,0.37328291992231194
intent_com.excelliance.appmate.share,0,0.0782261798990257,0.1476902248441549,605.4,79.9264662048811,"pearson_r, mutual_information, entropy_reduction_ratio",0.0,0.01784797957281655,0.0,0.0,0.37328291992231194
intent_com.excelliance.kxqp.platform.gameplugin.action.BIND_REMOTE,0,0.07814343809494062,0.147724139874925,605.8,79.22979237635296,"pearson_r, mutual_information, entropy_reduction_ratio",0.0,0.01743427055239119,0.0,0.0,0.37328291992231194
perm_android.permission.RECORD_VIDEO,0,0.07814169345513021,0.09682923088617075,334.4,339.07438711881497,"pearson_r, chi2_stat, mutual_information",0.02450444761823853,0.032404609895319555,0.04946402282926127,0.0139304159900587,0.270404970942773
intent_android.net.wifi.PICK_WIFI_WORK,0,0.07811765712283615,0.14773474352071114,606.0,78.88219063895221,"pearson_r, mutual_information, entropy_reduction_ratio",0.0,0.01730536569186879,0.0,0.0,0.37328291992231194
perm_com.android.mylauncher.permission.WRITE_SETTINGS,0,0.07805398460450609,0.14776100569287665,606.2,78.53508769970274,"pearson_r, mutual_information, entropy_reduction_ratio",0.0,0.01698700310021852,0.0,0.0,0.37328291992231194
intent_com.qihoo.appstore.plugin.battery.setConfig,0,0.0780060550285559,0.1477808438919045,606.4,78.18849020156355,"pearson_r, mutual_information, entropy_reduction_ratio",0.0,0.016747355220467577,0.0,0.0,0.37328291992231194
intent_android.service.notification.NotificationListenerService,0,0.07795602125764386,0.12927248539073158,401.2,266.5538594730903,"pearson_r, mutual_information, chi2_stat",0.003539230811407457,0.042540999503676666,0.007004435677020522,0.0019305500959009934,0.3347648902002137
intent_com.urbanairship.push.CHANNEL_UPDATED,0,0.07771696039340488,0.10320689590090025,342.7,325.83440579533647,"pearson_r, chi2_stat, mutual_information",0.021462384411535095,0.03480700116180125,0.03848236000127135,0.010652151613004401,0.2831809047794123
perm_com.facebook.katana.permission.CROSS_PROCESS_BROADCAST_MANAGER,0,0.07766939669518794,0.1479218634289756,607.2,76.80729132055107,"pearson_r, mutual_information, entropy_reduction_ratio",0.0,0.015064063553627742,0.0,0.0,0.37328291992231194
intent_com.excelliance.dualaid.b64.action.update.done,0,0.077633197113085,0.14793720118933495,607.4,76.46332454190049,"pearson_r, mutual_information, entropy_reduction_ratio",0.0,0.014883065643113026,0.0,0.0,0.37328291992231194
intent_com.qihoo.appstore.free.wifi,0,0.07754336680934956,0.1479754084312877,607.6,76.11990541244779,"pearson_r, mutual_information, entropy_reduction_ratio",0.0,0.01443391412443582,0.0,0.0,0.37328291992231194
perm_com.sonyericsson.home.READ_SETTINGS,0,0.077279266439562,0.14808894272027892,608.2,75.09300899551168,"pearson_r, mutual_information, entropy_reduction_ratio",0.0,0.013113412275498055,0.0,0.0,0.37328291992231194
intent_com.kingroot.kinguser.SU_REQUEST,0,0.07725297316842011,0.1481003442999295,608.4,74.75185616424518,"pearson_r, mutual_information, entropy_reduction_ratio",0.0,0.012981945919788629,0.0,0.0,0.37328291992231194
perm_android.permission.READ_CLIPS,0,0.07722506945298283,0.14811246367925085,608.6,74.41128946604809,"pearson_r, mutual_information, entropy_reduction_ratio",0.0,0.012842427342602178,0.0,0.0,0.37328291992231194
perm_android.permission.BROADCAST_PACKAGE_ADDED,0,0.0772248277938536,0.148112568726214,608.8,74.07131698572667,"pearson_r, mutual_information, entropy_reduction_ratio",0.0,0.012841219046956067,0.0,0.0,0.37328291992231194
intent_show_taskmanager,0,0.07709811039871135,0.1481678584924913,609.2,73.39318769477178,"pearson_r, mutual_information, entropy_reduction_ratio",0.0,0.012207632071244827,0.0,0.0,0.37328291992231194
intent_com.kingroot.master.action.NAIN_EXIT_NOTIFY,0,0.07701225713886106,0.1482055528365086,609.4,73.05504773799001,"pearson_r, mutual_information, entropy_reduction_ratio",0.0,0.011778365771993381,0.0,0.0,0.37328291992231194
perm_com.tencent.mtt.extension.Player,0,0.07699256778002714,0.1482142242473679,609.8,72.3806604004136,"pearson_r, mutual_information, entropy_reduction_ratio",0.0,0.011679918977823724,0.0,0.0,0.37328291992231194
perm_com.huawei.authentication.HW_ACCESS_AUTH_SERVICE,0,0.0769200976318618,0.14824622663531808,610.0,72.04443073548433,"pearson_r, mutual_information, entropy_reduction_ratio",0.0,0.011317568236997063,0.0,0.0,0.37328291992231194
intent_com.kinguser.kingroot.ACTION_INSTALL,0,0.07680617053205116,0.1482968086001003,610.4,71.37394482582562,"pearson_r, mutual_information, entropy_reduction_ratio",0.0,0.010747932737943883,0.0,0.0,0.37328291992231194
perm_com.teslacoilsw.launcher.permission.READ_SETTINGS,0,0.07663393558263167,0.14837391002119074,611.2,70.04113077328206,"pearson_r, mutual_information, entropy_reduction_ratio",0.0,0.009886757990846349,0.0,0.0,0.37328291992231194
intent_com.qihoo.appstore.launcher.shortcut.VIDEOWALLPAPER,0,0.07657025284411582,0.14840261009515848,611.6,69.37895934647622,"pearson_r, mutual_information, entropy_reduction_ratio",0.0,0.00956834429826717,0.0,0.0,0.37328291992231194
intent_android.intent.action.CLOSE_SYSTEM_DIALOGS,0,0.07654296020869997,0.148414941902531,611.8,69.04896813131968,"pearson_r, mutual_information, entropy_reduction_ratio",0.0,0.009431881121187858,0.0,0.0,0.37328291992231194
perm_com.google.android.googleapps.permission.GOOGLE_AUTH.finance,0,0.07650694979382724,0.1484312418681881,612.0,68.7197206047871,"pearson_r, mutual_information, entropy_reduction_ratio",0.0,0.009251829046824237,0.0,0.0,0.37328291992231194
intent_com.amir.nightjar.service.BUFFER_SERVICES,0,0.0765052569403759,0.14843200894726893,612.2,68.39122750762704,"pearson_r, mutual_information, entropy_reduction_ratio",0.0,0.00924336477956754,0.0,0.0,0.37328291992231194
perm_com.google.android.googleapps.permission.GOOGLE_AUTH.sierra,0,0.07644251220536394,0.1484604920068948,612.4,68.06349976308887,"pearson_r, mutual_information, entropy_reduction_ratio",0.0,0.008929641104507743,0.0,0.0,0.37328291992231194
intent_com.excelliance.dualaid.action.psjardl,0,0.07642431911836231,0.14846876959804806,612.6,67.73654848012261,"pearson_r, mutual_information, entropy_reduction_ratio",0.0,0.008838675669499571,0.0,0.0,0.37328291992231194
perm_android.permission.FORCE_STOP_PACKAGES,0,0.07637911364048763,0.14848937403975526,612.8,67.41038495662222,"pearson_r, mutual_information, entropy_reduction_ratio",0.0,0.00861264828012623,0.0,0.0,0.37328291992231194
intent_com.android.deskclock.ALARM_SNOOZE,0,0.07632848706957296,0.14851251133303708,613.0,67.08502068271277,"pearson_r, mutual_information, entropy_reduction_ratio",0.0,0.008359515425552848,0.0,0.0,0.37328291992231194
perm_android.permission.BODY_SENSORS,0,0.07601272943363943,0.14865829367240288,613.8,65.79179280123014,"pearson_r, mutual_information, entropy_reduction_ratio",0.0,0.0067807272458852074,0.0,0.0,0.37328291992231194
intent_com.excelliance.kxqp.action.swpsrv,0,0.07584949871781244,0.1487346510844303,614.2,65.15028779675497,"pearson_r, mutual_information, entropy_reduction_ratio",0.0,0.005964573666750246,0.0,0.0,0.37328291992231194
intent_com.qihoo.appstore.ACTION_HANDLE_SYSTEM_APP,0,0.07580097837651163,0.1487574789075555,614.6,64.51232440394625,"pearson_r, mutual_information, entropy_reduction_ratio",0.0,0.0057219719602462004,0.0,0.0,0.37328291992231194
suspicious_system/bin/su,0,0.07579082369354281,0.15146216564335152,396.5,191.33008127317564,"pearson_r, chi2_stat, entropy_reduction_ratio",7.846035452020574e-05,0.0,0.00012218220669594243,3.8331855261500865e-05,0.3787151440512364
intent_com.qihoo.appstore.QihooAlliance,0,0.07576859502877589,0.1487727478785149,615.0,63.87800873540127,"pearson_r, mutual_information, entropy_reduction_ratio",0.0,0.005560055221567557,0.0,0.0,0.37328291992231194
perm_org.adw.launcher_donut.permission.READ_SETTINGS,0,0.07575675922569677,0.14877833518551134,615.2,63.5622529493724,"pearson_r, mutual_information, entropy_reduction_ratio",0.0,0.0055008762061719485,0.0,0.0,0.37328291992231194
intent_com.qihoo.appstore.ACTION_EVENT_STAT,0,0.07571857164877721,0.14879638657444005,615.4,63.247450541504044,"pearson_r, mutual_information, entropy_reduction_ratio",0.0,0.00530993832157412,0.0,0.0,0.37328291992231194
perm_com.tencent.mm.wear.message,0,0.07565586657092802,0.14882610773310387,615.6,62.933615818575056,"pearson_r, mutual_information, entropy_reduction_ratio",0.0,0.0049964129323281,0.0,0.0,0.37328291992231194
intent_com.qihoo.appstore.batteryrank.POWERPERCENT,0,0.07563784956347754,0.1488346659392259,615.8,62.62076332974551,"pearson_r, mutual_information, entropy_reduction_ratio",0.0,0.004906327895075727,0.0,0.0,0.37328291992231194
perm_android.permission.SUBSCRIBED_FEEDS_WRITE,0,0.07554989348177929,0.1488765638551858,616.0,62.30890787038399,"pearson_r, mutual_information, entropy_reduction_ratio",0.0,0.004466547486584518,0.0,0.0,0.37328291992231194
intent_android.net.wifi.supplicant.CONNECTION_CHANGE,0,0.07554920199040166,0.148876894024162,616.2,61.99806448591763,"pearson_r, mutual_information, entropy_reduction_ratio",0.0,0.004463090029696365,0.0,0.0,0.37328291992231194
intent_com.mobiletool.appstore.action.wap,0,0.07549347912848418,0.14890354004399287,616.6,61.379475396910976,"pearson_r, mutual_information, entropy_reduction_ratio",0.0,0.004184475720109014,0.0,0.0,0.37328291992231194
perm_com.fx.launcher.permission.WRITE_SETTINGS,0,0.07543769926926122,0.14893029206829173,617.0,60.76512157479815,"pearson_r, mutual_information, entropy_reduction_ratio",0.0,0.003905576423994115,0.0,0.0,0.37328291992231194
intent_com.google.android.gms.measurement.UPLOAD,0,0.07542015872750975,0.11288567899062761,362.6,310.61912368687155,"pearson_r, mutual_information, chi2_stat",0.012671790609937885,0.03249978704351303,0.024515524869571825,0.006928996102391332,0.30048469501213465
intent_com.datouniao.AdPublisher.service.check,0,0.07532678002755844,0.14898372288779121,617.4,60.155132781833345,"pearson_r, mutual_information, entropy_reduction_ratio",0.0,0.003350980215480256,0.0,0.0,0.37328291992231194
intent_show_about,0,0.07532227958930413,0.1489858973588026,617.6,59.8518170150247,"pearson_r, mutual_information, entropy_reduction_ratio",0.0,0.003328478024208659,0.0,0.0,0.37328291992231194
intent_com.xiaomi.mipush.RECEIVE_MESSAGE,0,0.07531200193304999,0.14899086512071255,617.8,59.549643155941745,"pearson_r, mutual_information, entropy_reduction_ratio",0.0,0.003277089742938008,0.0,0.0,0.37328291992231194
intent_com.example.servicejar.action.START_ASSIST,0,0.07529127887297349,0.14900088984574916,618.0,59.248628676113675,"pearson_r, mutual_information, entropy_reduction_ratio",0.0,0.003173474442555526,0.0,0.0,0.37328291992231194
intent_com.qihoo.appstore.stablenotification.NewsBroadcastReceiver,0,0.07528115475173626,0.14900579130895295,618.2,58.94879133620977,"pearson_r, mutual_information, entropy_reduction_ratio",0.0,0.0031228538363693606,0.0,0.0,0.37328291992231194
intent_android.settings.ADD_ACCOUNT_SETTINGS,0,0.07527693392762957,0.14900783553176208,618.4,58.65014918992108,"pearson_r, mutual_information, entropy_reduction_ratio",0.0,0.003101749715835936,0.0,0.0,0.37328291992231194
intent_com.excelliance.dualaid.action.download,0,0.07523798096716865,0.1490267224137567,618.6,58.35272058781835,"pearson_r, mutual_information, entropy_reduction_ratio",0.0,0.002906984913531332,0.0,0.0,0.37328291992231194
intent_com.qihoo360.daemon.pcdaemon.ACTION_SEND_SMS_SEND_STATUS_FORWARD2,0,0.07516566286252112,0.14906188846953358,619.0,57.76157892578769,"pearson_r, mutual_information, entropy_reduction_ratio",0.0,0.002545394390293687,0.0,0.0,0.37328291992231194
perm_com.lenovo.launcher.permission.READ_SETTINGS,0,0.07514450742059905,0.1490722006681951,619.2,57.46790408567203,"pearson_r, mutual_information, entropy_reduction_ratio",0.0,0.0024396171806833197,0.0,0.0,0.37328291992231194
intent_com.qihoo.appstore.freeze.ICON,0,0.07511456031960131,0.14908681766258255,619.4,57.17551923682023,"pearson_r, mutual_information, entropy_reduction_ratio",0.0,0.002289881675694621,0.0,0.0,0.37328291992231194
intent_com.excelliance.open.action.appstate,0,0.07487402141934206,0.14920504338939677,619.8,56.594699398441904,"pearson_r, mutual_information, entropy_reduction_ratio",0.0,0.0010871871743983763,0.0,0.0,0.37328291992231194
perm_android.permission.SET_WALLPAPER,0,0.07485875268106543,0.09069287644241059,394.7,395.20976708578445,"pearson_r, chi2_stat, entropy_reduction_ratio",0.03546220282968719,0.0,0.06826810444590979,0.019902441272970205,0.2506610148567599
perm_android.permission.BLUETOOTH_ADMIN,0,0.07479641078393828,0.1008266068270307,348.8,336.25014498138137,"pearson_r, chi2_stat, entropy_reduction_ratio",0.023625606943702044,0.02198403005375401,0.040184194882458495,0.01252649248929514,0.27566172955048174
perm_android.permission.LOCAL_MAC_ADDRESS,0,0.07476563554872205,0.14925879157811586,620.2,56.01928239454697,"pearson_r, mutual_information, entropy_reduction_ratio",0.0,0.0005452578212983398,0.0,0.0,0.37328291992231194
suspicious_getSystemService,0,0.07465658398446239,0.14931316796892477,666.5,65.47060409069095,"pearson_r, entropy_reduction_ratio, mutual_information",0.0,0.0,0.0,0.0,0.37328291992231194
perm_android.permission.UPDATE_APP_OPS_STATS,0,0.07465658398446239,0.14931316796892477,666.5,65.47060409069095,"pearson_r, entropy_reduction_ratio, mutual_information",0.0,0.0,0.0,0.0,0.37328291992231194
perm_android.permission.CLEAR_APP_USER_DATA,0,0.07465658398446239,0.14931316796892477,666.5,65.47060409069095,"pearson_r, entropy_reduction_ratio, mutual_information",0.0,0.0,0.0,0.0,0.37328291992231194
intent_android.provider.Telephony.WAP_PUSH_DELIVER,0,0.07465658398446239,0.14931316796892477,666.5,65.47060409069095,"pearson_r, entropy_reduction_ratio, mutual_information",0.0,0.0,0.0,0.0,0.37328291992231194
perm_com.bbk.launcher2.permission.READ_SETTINGS,0,0.07465658398446239,0.14931316796892477,666.5,65.47060409069095,"pearson_r, entropy_reduction_ratio, mutual_information",0.0,0.0,0.0,0.0,0.37328291992231194
perm_cn.nubia.launcher.permission.READ_SETTINGS,0,0.07465658398446239,0.14931316796892477,666.5,65.47060409069095,"pearson_r, entropy_reduction_ratio, mutual_information",0.0,0.0,0.0,0.0,0.37328291992231194
perm_android.permission.SAMSUNG_TUNTAP,0,0.07465658398446239,0.14931316796892477,666.5,65.47060409069095,"pearson_r, entropy_reduction_ratio, mutual_information",0.0,0.0,0.0,0.0,0.37328291992231194
perm_org.adw.launcher.permission.READ_SETTINGS,0,0.07465658398446239,0.14931316796892477,666.5,65.47060409069095,"pearson_r, entropy_reduction_ratio, mutual_information",0.0,0.0,0.0,0.0,0.37328291992231194
perm_com.huawei.launcher3.permission.READ_SETTINGS,0,0.07465658398446239,0.14931316796892477,666.5,65.47060409069095,"pearson_r, entropy_reduction_ratio, mutual_information",0.0,0.0,0.0,0.0,0.37328291992231194
intent_com.morgoo.droidplugin.ACTION_SHORTCUT_PROXY,0,0.07465658398446239,0.14931316796892477,666.5,65.47060409069095,"pearson_r, entropy_reduction_ratio, mutual_information",0.0,0.0,0.0,0.0,0.37328291992231194
perm_telecom.mdesk.permission.READ_SETTINGS,0,0.07465658398446239,0.14931316796892477,666.5,65.47060409069095,"pearson_r, entropy_reduction_ratio, mutual_information",0.0,0.0,0.0,0.0,0.37328291992231194
perm_com.tencent.qqlauncher.permission.READ_SETTINGS,0,0.07465658398446239,0.14931316796892477,666.5,65.47060409069095,"pearson_r, entropy_reduction_ratio, mutual_information",0.0,0.0,0.0,0.0,0.37328291992231194
perm_com.ebproductions.android.launcher.permission.READ_SETTINGS,0,0.07465658398446239,0.14931316796892477,666.5,65.47060409069095,"pearson_r, entropy_reduction_ratio, mutual_information",0.0,0.0,0.0,0.0,0.37328291992231194
perm_android.permission.WRITE_PROFILE,0,0.07465658398446239,0.14931316796892477,666.5,65.47060409069095,"pearson_r, entropy_reduction_ratio, mutual_information",0.0,0.0,0.0,0.0,0.37328291992231194
perm_com.android.email.permission.ACCESS_PROVIDER,0,0.07465658398446239,0.14931316796892477,666.5,65.47060409069095,"pearson_r, entropy_reduction_ratio, mutual_information",0.0,0.0,0.0,0.0,0.37328291992231194
intent_com.morgoo.droidplugin.ACTION_SHORTCUT_PROXY_ZHUSHOU,0,0.07465658398446239,0.14931316796892477,666.5,65.47060409069095,"pearson_r, entropy_reduction_ratio, mutual_information",0.0,0.0,0.0,0.0,0.37328291992231194
intent_com.qihoo.appstore.plugin.huajiao.IPluginHelperService,0,0.07465658398446239,0.14931316796892477,666.5,65.47060409069095,"pearson_r, entropy_reduction_ratio, mutual_information",0.0,0.0,0.0,0.0,0.37328291992231194
perm_com.qihoo.appstore.permission.NEWS_SDK_BROADCAST,0,0.07465658398446239,0.14931316796892477,666.5,65.47060409069095,"pearson_r, entropy_reduction_ratio, mutual_information",0.0,0.0,0.0,0.0,0.37328291992231194
intent_com.qihoo.appstore.plugin.battery.setPowerRankConfig,0,0.07465658398446239,0.14931316796892477,666.5,65.47060409069095,"pearson_r, entropy_reduction_ratio, mutual_information",0.0,0.0,0.0,0.0,0.37328291992231194
perm_dianxin.permission.READ_SETTINGS,0,0.07465658398446239,0.14931316796892477,666.5,65.47060409069095,"pearson_r, entropy_reduction_ratio, mutual_information",0.0,0.0,0.0,0.0,0.37328291992231194
intent_com.qihoo.appstore.launcher.shortcut.EBOOK,0,0.07465658398446239,0.14931316796892477,666.5,65.47060409069095,"pearson_r, entropy_reduction_ratio, mutual_information",0.0,0.0,0.0,0.0,0.37328291992231194
intent_com.qihoo.appstore.launcher.shortcut.APP_GROUP,0,0.07465658398446239,0.14931316796892477,666.5,65.47060409069095,"pearson_r, entropy_reduction_ratio, mutual_information",0.0,0.0,0.0,0.0,0.37328291992231194
intent_com.qihoo.appstore.gameunion.DOWNLOAD_SLIENT,0,0.07465658398446239,0.14931316796892477,666.5,65.47060409069095,"pearson_r, entropy_reduction_ratio, mutual_information",0.0,0.0,0.0,0.0,0.37328291992231194
intent_com.qihoo.appstore.notification,0,0.07465658398446239,0.14931316796892477,666.5,65.47060409069095,"pearson_r, entropy_reduction_ratio, mutual_information",0.0,0.0,0.0,0.0,0.37328291992231194
intent_com.qihoo.appstore.download_one_apk,0,0.07465658398446239,0.14931316796892477,666.5,65.47060409069095,"pearson_r, entropy_reduction_ratio, mutual_information",0.0,0.0,0.0,0.0,0.37328291992231194
intent_com.qihoo.appstore.clean.scan.finish,0,0.07465658398446239,0.14931316796892477,666.5,65.47060409069095,"pearson_r, entropy_reduction_ratio, mutual_information",0.0,0.0,0.0,0.0,0.37328291992231194
intent_com.qihoo.appstore.launcher.shortcut.HOME_GAME,0,0.07465658398446239,0.14931316796892477,666.5,65.47060409069095,"pearson_r, entropy_reduction_ratio, mutual_information",0.0,0.0,0.0,0.0,0.37328291992231194
intent_com.qihoo360.mobilesafe.pcdaemon.sms.restore.start,0,0.07465658398446239,0.14931316796892477,666.5,65.47060409069095,"pearson_r, entropy_reduction_ratio, mutual_information",0.0,0.0,0.0,0.0,0.37328291992231194
intent_com.qihoo360.mobilesafe.pcdaemon.sms.restore.end,0,0.07465658398446239,0.14931316796892477,666.5,65.47060409069095,"pearson_r, entropy_reduction_ratio, mutual_information",0.0,0.0,0.0,0.0,0.37328291992231194
intent_com.qihoo360.daemon.pcdaemon.NotifyServiceStop2,0,0.07465658398446239,0.14931316796892477,666.5,65.47060409069095,"pearson_r, entropy_reduction_ratio, mutual_information",0.0,0.0,0.0,0.0,0.37328291992231194
intent_com.qihoo360.daemon.pcdaemon.ACTION_START_UI2,0,0.07465658398446239,0.14931316796892477,666.5,65.47060409069095,"pearson_r, entropy_reduction_ratio, mutual_information",0.0,0.0,0.0,0.0,0.37328291992231194
intent_com.qihoo360.daemon.pcdaemon.ACTION_START_SERVICE2,0,0.07465658398446239,0.14931316796892477,666.5,65.47060409069095,"pearson_r, entropy_reduction_ratio, mutual_information",0.0,0.0,0.0,0.0,0.37328291992231194
intent_com.qihoo360.daemon.pcdaemon.ACTION_START_OPERATE_CLIPBOARD,0,0.07465658398446239,0.14931316796892477,666.5,65.47060409069095,"pearson_r, entropy_reduction_ratio, mutual_information",0.0,0.0,0.0,0.0,0.37328291992231194
intent_com.qihoo.appstore.battery.NOTIFY,0,0.07465658398446239,0.14931316796892477,666.5,65.47060409069095,"pearson_r, entropy_reduction_ratio, mutual_information",0.0,0.0,0.0,0.0,0.37328291992231194
intent_com.qihoo360.daemon.pcdaemon.ACTION_START_DOWNLOAF_PAGE,0,0.07465658398446239,0.14931316796892477,666.5,65.47060409069095,"pearson_r, entropy_reduction_ratio, mutual_information",0.0,0.0,0.0,0.0,0.37328291992231194
intent_com.qihoo.hongbao.LOGIN,0,0.07465658398446239,0.14931316796892477,666.5,65.47060409069095,"pearson_r, entropy_reduction_ratio, mutual_information",0.0,0.0,0.0,0.0,0.37328291992231194
intent_com.qihoo.appstore.zhushouhelper.IZhushouHelperService,0,0.07465658398446239,0.14931316796892477,666.5,65.47060409069095,"pearson_r, entropy_reduction_ratio, mutual_information",0.0,0.0,0.0,0.0,0.37328291992231194
intent_com.qihoo.appstore.powerusage.SAVE_MODE,0,0.07465658398446239,0.14931316796892477,666.5,65.47060409069095,"pearson_r, entropy_reduction_ratio, mutual_information",0.0,0.0,0.0,0.0,0.37328291992231194
intent_com.qihoo.appstore.plugin.streamapp.IPluginHelperServiceStreamApp,0,0.07465658398446239,0.14931316796892477,666.5,65.47060409069095,"pearson_r, entropy_reduction_ratio, mutual_information",0.0,0.0,0.0,0.0,0.37328291992231194
intent_com.qihoo.appstore.launcher.shortcut.WEBVIEW,0,0.07465658398446239,0.14931316796892477,666.5,65.47060409069095,"pearson_r, entropy_reduction_ratio, mutual_information",0.0,0.0,0.0,0.0,0.37328291992231194
intent_com.qihoo.appstore.launcher.shortcut.VIDEO,0,0.07465658398446239,0.14931316796892477,666.5,65.47060409069095,"pearson_r, entropy_reduction_ratio, mutual_information",0.0,0.0,0.0,0.0,0.37328291992231194
intent_qihooappstore.gotoadmin,0,0.07465658398446239,0.14931316796892477,666.5,65.47060409069095,"pearson_r, entropy_reduction_ratio, mutual_information",0.0,0.0,0.0,0.0,0.37328291992231194
intent_com.qihoo360.daemon.pcdaemon.ACTION_START_OPERATE_AUTHOR,0,0.07465658398446239,0.14931316796892477,666.5,65.47060409069095,"pearson_r, entropy_reduction_ratio, mutual_information",0.0,0.0,0.0,0.0,0.37328291992231194
intent_com.qihoo.appstore.ACTION_NOTIFY_UNINSTALL,0,0.07465658398446239,0.14931316796892477,666.5,65.47060409069095,"pearson_r, entropy_reduction_ratio, mutual_information",0.0,0.0,0.0,0.0,0.37328291992231194
intent_com.qihoo.appstore.ACTION_MEM_SCAN,0,0.07465658398446239,0.14931316796892477,666.5,65.47060409069095,"pearson_r, entropy_reduction_ratio, mutual_information",0.0,0.0,0.0,0.0,0.37328291992231194
intent_com.qihoo.appstore.ACTION_LAUNCH_SERVICE_ACTIVITY,0,0.07465658398446239,0.14931316796892477,666.5,65.47060409069095,"pearson_r, entropy_reduction_ratio, mutual_information",0.0,0.0,0.0,0.0,0.37328291992231194
intent_com.qihoo.appstore.ACTION_UPDATE_LAST_WX_CLEAR,0,0.07465658398446239,0.14931316796892477,666.5,65.47060409069095,"pearson_r, entropy_reduction_ratio, mutual_information",0.0,0.0,0.0,0.0,0.37328291992231194
intent_com.qihoo.appstore.ACTION_GAME_UNION_WEB,0,0.07465658398446239,0.14931316796892477,666.5,65.47060409069095,"pearson_r, entropy_reduction_ratio, mutual_information",0.0,0.0,0.0,0.0,0.37328291992231194
intent_com.qihoo.appstore.ACTION_GAME_UNION_DETAIL,0,0.07465658398446239,0.14931316796892477,666.5,65.47060409069095,"pearson_r, entropy_reduction_ratio, mutual_information",0.0,0.0,0.0,0.0,0.37328291992231194
intent_com.qihoo.appstore.ACTION_GAME_UNION_DESK,0,0.07465658398446239,0.14931316796892477,666.5,65.47060409069095,"pearson_r, entropy_reduction_ratio, mutual_information",0.0,0.0,0.0,0.0,0.37328291992231194
intent_com.qihoo.accountcenter.action.START_ACCOUNT_SERVICE,0,0.07465658398446239,0.14931316796892477,666.5,65.47060409069095,"pearson_r, entropy_reduction_ratio, mutual_information",0.0,0.0,0.0,0.0,0.37328291992231194
intent_com.qihoo.appstore.ACTION_CLEAR_BACKGROUND,0,0.07465658398446239,0.14931316796892477,666.5,65.47060409069095,"pearson_r, entropy_reduction_ratio, mutual_information",0.0,0.0,0.0,0.0,0.37328291992231194
intent_com.qihoo.appstore.ACTION_CLEAN_START_SERVICE,0,0.07465658398446239,0.14931316796892477,666.5,65.47060409069095,"pearson_r, entropy_reduction_ratio, mutual_information",0.0,0.0,0.0,0.0,0.37328291992231194
intent_com.qihoo.appstore.checkupdate.INSTALL_ALL_SILENT_TASK,0,0.07465658398446239,0.14931316796892477,666.5,65.47060409069095,"pearson_r, entropy_reduction_ratio, mutual_information",0.0,0.0,0.0,0.0,0.37328291992231194
intent_com.qihoo.appstore.checkupdate.INIT_APK_INFO,0,0.07465658398446239,0.14931316796892477,666.5,65.47060409069095,"pearson_r, entropy_reduction_ratio, mutual_information",0.0,0.0,0.0,0.0,0.37328291992231194
intent_com.qihoo.appstore.battery.STOP,0,0.07465658398446239,0.14931316796892477,666.5,65.47060409069095,"pearson_r, entropy_reduction_ratio, mutual_information",0.0,0.0,0.0,0.0,0.37328291992231194
intent_com.qihoo.appstore.ACTION_START_RADICALROOT,0,0.07465658398446239,0.14931316796892477,666.5,65.47060409069095,"pearson_r, entropy_reduction_ratio, mutual_information",0.0,0.0,0.0,0.0,0.37328291992231194
intent_com.qihoo.appstore.checkupdate.RESTART_ALL_DOWNLOAD,0,0.07465658398446239,0.14931316796892477,666.5,65.47060409069095,"pearson_r, entropy_reduction_ratio, mutual_information",0.0,0.0,0.0,0.0,0.37328291992231194
intent_com.qihoo.appstore.ACTION_STAT,0,0.07465658398446239,0.14931316796892477,666.5,65.47060409069095,"pearson_r, entropy_reduction_ratio, mutual_information",0.0,0.0,0.0,0.0,0.37328291992231194
intent_com.qihoo.appstore.PLUGIN_ICON,0,0.07465658398446239,0.14931316796892477,666.5,65.47060409069095,"pearson_r, entropy_reduction_ratio, mutual_information",0.0,0.0,0.0,0.0,0.37328291992231194
intent_com.qihoo.appstore.PACKAGE_ADDED,0,0.07465658398446239,0.14931316796892477,666.5,65.47060409069095,"pearson_r, entropy_reduction_ratio, mutual_information",0.0,0.0,0.0,0.0,0.37328291992231194
intent_com.qihoo.appstore.LitePluginTipDialogActivity,0,0.07465658398446239,0.14931316796892477,666.5,65.47060409069095,"pearson_r, entropy_reduction_ratio, mutual_information",0.0,0.0,0.0,0.0,0.37328291992231194
intent_com.qihoo.appstore.LitePluginDownload,0,0.07465658398446239,0.14931316796892477,666.5,65.47060409069095,"pearson_r, entropy_reduction_ratio, mutual_information",0.0,0.0,0.0,0.0,0.37328291992231194
intent_com.qihoo.appstore.CLEAN_ACTIVITY_DESTROY,0,0.07465658398446239,0.14931316796892477,666.5,65.47060409069095,"pearson_r, entropy_reduction_ratio, mutual_information",0.0,0.0,0.0,0.0,0.37328291992231194
intent_com.qihoo.appstore.CHECK_STORAGE,0,0.07465658398446239,0.14931316796892477,666.5,65.47060409069095,"pearson_r, entropy_reduction_ratio, mutual_information",0.0,0.0,0.0,0.0,0.37328291992231194
intent_com.qihoo.appstore.open.wallet,0,0.07465658398446239,0.14931316796892477,666.5,65.47060409069095,"pearson_r, entropy_reduction_ratio, mutual_information",0.0,0.0,0.0,0.0,0.37328291992231194
intent_com.qihoo.appstore.notification.click_action,0,0.07465658398446239,0.14931316796892477,666.5,65.47060409069095,"pearson_r, entropy_reduction_ratio, mutual_information",0.0,0.0,0.0,0.0,0.37328291992231194
perm_com.nd.android.launcher.permission.WRITE_SETTINGS,0,0.07465658398446239,0.14931316796892477,666.5,65.47060409069095,"pearson_r, entropy_reduction_ratio, mutual_information",0.0,0.0,0.0,0.0,0.37328291992231194
perm_android.permission.READ_INSTALL_SESSIONS,0,0.07465658398446239,0.14931316796892477,666.5,65.47060409069095,"pearson_r, entropy_reduction_ratio, mutual_information",0.0,0.0,0.0,0.0,0.37328291992231194
intent_android.net.wifi.RSSI_CHANGED,0,0.07465658398446239,0.14931316796892477,666.5,65.47060409069095,"pearson_r, entropy_reduction_ratio, mutual_information",0.0,0.0,0.0,0.0,0.37328291992231194
perm_android.permission.READ_CELL_BROADCASTS,0,0.07465658398446239,0.14931316796892477,666.5,65.47060409069095,"pearson_r, entropy_reduction_ratio, mutual_information",0.0,0.0,0.0,0.0,0.37328291992231194
intent_com.coolcloud.xmpp.NOTIFICATION.1010048,0,0.07465658398446239,0.14931316796892477,666.5,65.47060409069095,"pearson_r, entropy_reduction_ratio, mutual_information",0.0,0.0,0.0,0.0,0.37328291992231194
intent_action_send_pop,0,0.07465658398446239,0.14931316796892477,666.5,65.47060409069095,"pearson_r, entropy_reduction_ratio, mutual_information",0.0,0.0,0.0,0.0,0.37328291992231194
intent_action_send_cancel,0,0.07465658398446239,0.14931316796892477,666.5,65.47060409069095,"pearson_r, entropy_reduction_ratio, mutual_information",0.0,0.0,0.0,0.0,0.37328291992231194
intent_com.qihoo.appstore.notification.click,0,0.07465658398446239,0.14931316796892477,666.5,65.47060409069095,"pearson_r, entropy_reduction_ratio, mutual_information",0.0,0.0,0.0,0.0,0.37328291992231194
intent_com.qihoo.appstore.stable_notification_broadcast,0,0.07465658398446239,0.14931316796892477,666.5,65.47060409069095,"pearson_r, entropy_reduction_ratio, mutual_information",0.0,0.0,0.0,0.0,0.37328291992231194
intent_com.qihoo.appstore.stablenotification.StableBroadcast,0,0.07465658398446239,0.14931316796892477,666.5,65.47060409069095,"pearson_r, entropy_reduction_ratio, mutual_information",0.0,0.0,0.0,0.0,0.37328291992231194
perm_android.permission.CHANGE_WIMAX_STATE,0,0.07465658398446239,0.14931316796892477,666.5,65.47060409069095,"pearson_r, entropy_reduction_ratio, mutual_information",0.0,0.0,0.0,0.0,0.37328291992231194
perm_com.anddoes.launcher.permission.READ_SETTINGS,0,0.07465658398446239,0.14931316796892477,666.5,65.47060409069095,"pearson_r, entropy_reduction_ratio, mutual_information",0.0,0.0,0.0,0.0,0.37328291992231194
perm_android.permission.READ_SOCIAL_STREAM,0,0.07465658398446239,0.14931316796892477,666.5,65.47060409069095,"pearson_r, entropy_reduction_ratio, mutual_information",0.0,0.0,0.0,0.0,0.37328291992231194
perm_com.ztemt.launcher.permission.READ_SETTINGS,0,0.07465658398446239,0.14931316796892477,666.5,65.47060409069095,"pearson_r, entropy_reduction_ratio, mutual_information",0.0,0.0,0.0,0.0,0.37328291992231194
perm_android.permission.ACCESS_WIMAX_STATE,0,0.07465658398446239,0.14931316796892477,666.5,65.47060409069095,"pearson_r, entropy_reduction_ratio, mutual_information",0.0,0.0,0.0,0.0,0.37328291992231194
perm_android.permission.PERSISTENT_ACTIVITY,0,0.07465658398446239,0.14931316796892477,666.5,65.47060409069095,"pearson_r, entropy_reduction_ratio, mutual_information",0.0,0.0,0.0,0.0,0.37328291992231194
intent_android.intent.action.CAL,0,0.07465658398446239,0.14931316796892477,666.5,65.47060409069095,"pearson_r, entropy_reduction_ratio, mutual_information",0.0,0.0,0.0,0.0,0.37328291992231194
perm_com.qiku.launcher.permission.READ_SETTINGS,0,0.07465658398446239,0.14931316796892477,666.5,65.47060409069095,"pearson_r, entropy_reduction_ratio, mutual_information",0.0,0.0,0.0,0.0,0.37328291992231194
perm_com.google.android.providers.talk.permission.READ_ONLY,0,0.07465658398446239,0.14931316796892477,666.5,65.47060409069095,"pearson_r, entropy_reduction_ratio, mutual_information",0.0,0.0,0.0,0.0,0.37328291992231194
perm_com.google.android.gms.permission.AD_ID_NOTIFICATION,0,0.07465658398446239,0.14931316796892477,666.5,65.47060409069095,"pearson_r, entropy_reduction_ratio, mutual_information",0.0,0.0,0.0,0.0,0.37328291992231194
perm_com.google.android.googleapps.permission.GOOGLE_AUTH.YouTubeUser,0,0.07465658398446239,0.14931316796892477,666.5,65.47060409069095,"pearson_r, entropy_reduction_ratio, mutual_information",0.0,0.0,0.0,0.0,0.37328291992231194
perm_com.google.android.googleapps.permission.GOOGLE_AUTH.news,0,0.07465658398446239,0.14931316796892477,666.5,65.47060409069095,"pearson_r, entropy_reduction_ratio, mutual_information",0.0,0.0,0.0,0.0,0.37328291992231194
perm_com.google.android.googleapps.permission.GOOGLE_AUTH.speechpersonalization,0,0.07465658398446239,0.14931316796892477,666.5,65.47060409069095,"pearson_r, entropy_reduction_ratio, mutual_information",0.0,0.0,0.0,0.0,0.37328291992231194
perm_com.google.android.googleapps.permission.GOOGLE_AUTH.sitemaps,0,0.07465658398446239,0.14931316796892477,666.5,65.47060409069095,"pearson_r, entropy_reduction_ratio, mutual_information",0.0,0.0,0.0,0.0,0.37328291992231194
perm_com.google.android.googleapps.permission.GOOGLE_AUTH.grandcentral,0,0.07465658398446239,0.14931316796892477,666.5,65.47060409069095,"pearson_r, entropy_reduction_ratio, mutual_information",0.0,0.0,0.0,0.0,0.37328291992231194
perm_com.google.android.googleapps.permission.GOOGLE_AUTH.lh2,0,0.07465658398446239,0.14931316796892477,666.5,65.47060409069095,"pearson_r, entropy_reduction_ratio, mutual_information",0.0,0.0,0.0,0.0,0.37328291992231194
perm_com.google.android.googleapps.permission.GOOGLE_AUTH.health,0,0.07465658398446239,0.14931316796892477,666.5,65.47060409069095,"pearson_r, entropy_reduction_ratio, mutual_information",0.0,0.0,0.0,0.0,0.37328291992231194
perm_com.google.android.googleapps.permission.GOOGLE_AUTH.gbase,0,0.07465658398446239,0.14931316796892477,666.5,65.47060409069095,"pearson_r, entropy_reduction_ratio, mutual_information",0.0,0.0,0.0,0.0,0.37328291992231194
perm_com.google.android.googleapps.permission.GOOGLE_AUTH.notebook,0,0.07465658398446239,0.14931316796892477,666.5,65.47060409069095,"pearson_r, entropy_reduction_ratio, mutual_information",0.0,0.0,0.0,0.0,0.37328291992231194
perm_com.google.android.googleapps.permission.GOOGLE_AUTH.blogger,0,0.07465658398446239,0.14931316796892477,666.5,65.47060409069095,"pearson_r, entropy_reduction_ratio, mutual_information",0.0,0.0,0.0,0.0,0.37328291992231194
perm_com.google.android.googleapps.permission.GOOGLE_AUTH.ah,0,0.07465658398446239,0.14931316796892477,666.5,65.47060409069095,"pearson_r, entropy_reduction_ratio, mutual_information",0.0,0.0,0.0,0.0,0.37328291992231194
perm_com.google.android.googleapps.permission.GOOGLE_AUTH.adwords,0,0.07465658398446239,0.14931316796892477,666.5,65.47060409069095,"pearson_r, entropy_reduction_ratio, mutual_information",0.0,0.0,0.0,0.0,0.37328291992231194
perm_com.google.android.googleapps.permission.GOOGLE_AUTH.orkut,0,0.07465658398446239,0.14931316796892477,666.5,65.47060409069095,"pearson_r, entropy_reduction_ratio, mutual_information",0.0,0.0,0.0,0.0,0.37328291992231194
perm_com.google.android.googleapps.permission.GOOGLE_AUTH.adsense,0,0.07465658398446239,0.14931316796892477,666.5,65.47060409069095,"pearson_r, entropy_reduction_ratio, mutual_information",0.0,0.0,0.0,0.0,0.37328291992231194
perm_com.google.android.googleapps.permission.GOOGLE_AUTH.mobile,0,0.07465658398446239,0.14931316796892477,666.5,65.47060409069095,"pearson_r, entropy_reduction_ratio, mutual_information",0.0,0.0,0.0,0.0,0.37328291992231194
perm_com.google.android.googleapps.permission.GOOGLE_AUTH.mail,0,0.07465658398446239,0.14931316796892477,666.5,65.47060409069095,"pearson_r, entropy_reduction_ratio, mutual_information",0.0,0.0,0.0,0.0,0.37328291992231194
perm_android.permission.READ_OWNER_DATA,0,0.07465658398446239,0.14931316796892477,666.5,65.47060409069095,"pearson_r, entropy_reduction_ratio, mutual_information",0.0,0.0,0.0,0.0,0.37328291992231194
perm_com.google.android.googleapps.permission.GOOGLE_AUTH.cp,0,0.07465658398446239,0.14931316796892477,666.5,65.47060409069095,"pearson_r, entropy_reduction_ratio, mutual_information",0.0,0.0,0.0,0.0,0.37328291992231194
perm_android.permission.TRANSMIT_IR,0,0.07465658398446239,0.14931316796892477,666.5,65.47060409069095,"pearson_r, entropy_reduction_ratio, mutual_information",0.0,0.0,0.0,0.0,0.37328291992231194
perm_com.google.android.googleapps.permission.GOOGLE_AUTH.writely,0,0.07465658398446239,0.14931316796892477,666.5,65.47060409069095,"pearson_r, entropy_reduction_ratio, mutual_information",0.0,0.0,0.0,0.0,0.37328291992231194
perm_com.actionlauncher.playstore.permission.READ_SETTINGS,0,0.07465658398446239,0.14931316796892477,666.5,65.47060409069095,"pearson_r, entropy_reduction_ratio, mutual_information",0.0,0.0,0.0,0.0,0.37328291992231194
perm_com.apusapps.launcher.permission.READ_SETTINGS,0,0.07465658398446239,0.14931316796892477,666.5,65.47060409069095,"pearson_r, entropy_reduction_ratio, mutual_information",0.0,0.0,0.0,0.0,0.37328291992231194
perm_com.google.android.googleapps.permission.GOOGLE_AUTH,0,0.07465658398446239,0.14931316796892477,666.5,65.47060409069095,"pearson_r, entropy_reduction_ratio, mutual_information",0.0,0.0,0.0,0.0,0.37328291992231194
perm_android.permission.BIND_APPWIDGET,0,0.07465658398446239,0.14931316796892477,666.5,65.47060409069095,"pearson_r, entropy_reduction_ratio, mutual_information",0.0,0.0,0.0,0.0,0.37328291992231194
perm_com.google.android.googleapps.permission.GOOGLE_AUTH.androidsecure,0,0.07465658398446239,0.14931316796892477,666.5,65.47060409069095,"pearson_r, entropy_reduction_ratio, mutual_information",0.0,0.0,0.0,0.0,0.37328291992231194
perm_com.google.android.googleapps.permission.GOOGLE_AUTH.android,0,0.07465658398446239,0.14931316796892477,666.5,65.47060409069095,"pearson_r, entropy_reduction_ratio, mutual_information",0.0,0.0,0.0,0.0,0.37328291992231194
perm_com.google.android.googleapps.permission.GOOGLE_AUTH.sierrasandbox,0,0.07465658398446239,0.14931316796892477,666.5,65.47060409069095,"pearson_r, entropy_reduction_ratio, mutual_information",0.0,0.0,0.0,0.0,0.37328291992231194
intent_org.android.agoo.client.MessageReceiverService,0,0.07465658398446239,0.14931316796892477,666.5,65.47060409069095,"pearson_r, entropy_reduction_ratio, mutual_information",0.0,0.0,0.0,0.0,0.37328291992231194
intent_com.umeng.messge.registercallback.action,0,0.07465658398446239,0.14931316796892477,666.5,65.47060409069095,"pearson_r, entropy_reduction_ratio, mutual_information",0.0,0.0,0.0,0.0,0.37328291992231194
intent_android.provider.OppoSpeechAssist.SMS_RECEIVED,0,0.07465658398446239,0.14931316796892477,666.5,65.47060409069095,"pearson_r, entropy_reduction_ratio, mutual_information",0.0,0.0,0.0,0.0,0.37328291992231194
intent_com.miui.smsextra.hhha,0,0.07465658398446239,0.14931316796892477,666.5,65.47060409069095,"pearson_r, entropy_reduction_ratio, mutual_information",0.0,0.0,0.0,0.0,0.37328291992231194
perm_android.permission.BROADCAST_PACKAGE_INSTALL,0,0.07465658398446239,0.14931316796892477,666.5,65.47060409069095,"pearson_r, entropy_reduction_ratio, mutual_information",0.0,0.0,0.0,0.0,0.37328291992231194
perm_dianxin.permission.ACCESS_LAUNCHER_DATA,0,0.07465658398446239,0.14931316796892477,666.5,65.47060409069095,"pearson_r, entropy_reduction_ratio, mutual_information",0.0,0.0,0.0,0.0,0.37328291992231194
intent_org.agoo.android.intent.action.PING_V4,0,0.07465658398446239,0.14931316796892477,666.5,65.47060409069095,"pearson_r, entropy_reduction_ratio, mutual_information",0.0,0.0,0.0,0.0,0.37328291992231194
perm_com.anddoes.launcher.permission.WRITE_SETTINGS,0,0.07465658398446239,0.14931316796892477,666.5,65.47060409069095,"pearson_r, entropy_reduction_ratio, mutual_information",0.0,0.0,0.0,0.0,0.37328291992231194
perm_com.qihoo360.launcher.permission.WRITE_SETTINGS,0,0.07465658398446239,0.14931316796892477,666.5,65.47060409069095,"pearson_r, entropy_reduction_ratio, mutual_information",0.0,0.0,0.0,0.0,0.37328291992231194
perm_com.sec.android.app.twlauncher.settings.WRITE_SETTINGS,0,0.07465658398446239,0.14931316796892477,666.5,65.47060409069095,"pearson_r, entropy_reduction_ratio, mutual_information",0.0,0.0,0.0,0.0,0.37328291992231194
perm_com.android.voicemail.permission.READ_WRITE_ALL_VOICEMAIL,0,0.07465658398446239,0.14931316796892477,666.5,65.47060409069095,"pearson_r, entropy_reduction_ratio, mutual_information",0.0,0.0,0.0,0.0,0.37328291992231194
perm_telecom.mdesk.permission.WRITE_SETTINGS,0,0.07465658398446239,0.14931316796892477,666.5,65.47060409069095,"pearson_r, entropy_reduction_ratio, mutual_information",0.0,0.0,0.0,0.0,0.37328291992231194
perm_net.qihoo.launcher.permission.WRITE_SETTINGS,0,0.07465658398446239,0.14931316796892477,666.5,65.47060409069095,"pearson_r, entropy_reduction_ratio, mutual_information",0.0,0.0,0.0,0.0,0.37328291992231194
perm_org.adw.launcher_donut.permission.WRITE_SETTINGS,0,0.07465658398446239,0.14931316796892477,666.5,65.47060409069095,"pearson_r, entropy_reduction_ratio, mutual_information",0.0,0.0,0.0,0.0,0.37328291992231194
perm_com.ebproductions.android.launcher.permission.WRITE_SETTINGS,0,0.07465658398446239,0.14931316796892477,666.5,65.47060409069095,"pearson_r, entropy_reduction_ratio, mutual_information",0.0,0.0,0.0,0.0,0.37328291992231194
perm_com.huawei.launcher2.permission.WRITE_SETTINGS,0,0.07465658398446239,0.14931316796892477,666.5,65.47060409069095,"pearson_r, entropy_reduction_ratio, mutual_information",0.0,0.0,0.0,0.0,0.37328291992231194
perm_com.tencent.qqlauncher.permission.WRITE_SETTINGS,0,0.07465658398446239,0.14931316796892477,666.5,65.47060409069095,"pearson_r, entropy_reduction_ratio, mutual_information",0.0,0.0,0.0,0.0,0.37328291992231194
perm_com.huawei.launcher3.permission.WRITE_SETTINGS,0,0.07465658398446239,0.14931316796892477,666.5,65.47060409069095,"pearson_r, entropy_reduction_ratio, mutual_information",0.0,0.0,0.0,0.0,0.37328291992231194
perm_com.samsung.android.providers.context.permission.WRITE_RECORD_AUDIO,0,0.07465658398446239,0.14931316796892477,666.5,65.47060409069095,"pearson_r, entropy_reduction_ratio, mutual_information",0.0,0.0,0.0,0.0,0.37328291992231194
perm_com.samsung.svoice.sync.READ_DATABASE,0,0.07465658398446239,0.14931316796892477,666.5,65.47060409069095,"pearson_r, entropy_reduction_ratio, mutual_information",0.0,0.0,0.0,0.0,0.37328291992231194
perm_com.sec.android.app.voicenote.Controller,0,0.07465658398446239,0.14931316796892477,666.5,65.47060409069095,"pearson_r, entropy_reduction_ratio, mutual_information",0.0,0.0,0.0,0.0,0.37328291992231194
perm_com.lge.launcher.permission.WRITE_SETTINGS,0,0.07465658398446239,0.14931316796892477,666.5,65.47060409069095,"pearson_r, entropy_reduction_ratio, mutual_information",0.0,0.0,0.0,0.0,0.37328291992231194
perm_android.permission.SET_DEBUG_APP,0,0.07465658398446239,0.14931316796892477,666.5,65.47060409069095,"pearson_r, entropy_reduction_ratio, mutual_information",0.0,0.0,0.0,0.0,0.37328291992231194
perm_com.sec.android.settings.permission.SOFT_RESET,0,0.07465658398446239,0.14931316796892477,666.5,65.47060409069095,"pearson_r, entropy_reduction_ratio, mutual_information",0.0,0.0,0.0,0.0,0.37328291992231194
perm_com.samsung.android.scloud.backup.lib.read,0,0.07465658398446239,0.14931316796892477,666.5,65.47060409069095,"pearson_r, entropy_reduction_ratio, mutual_information",0.0,0.0,0.0,0.0,0.37328291992231194
perm_android.permission.BACKUP,0,0.07465658398446239,0.14931316796892477,666.5,65.47060409069095,"pearson_r, entropy_reduction_ratio, mutual_information",0.0,0.0,0.0,0.0,0.37328291992231194
perm_ACCESS_WIFI_STATE,0,0.07465658398446239,0.14931316796892477,666.5,65.47060409069095,"pearson_r, entropy_reduction_ratio, mutual_information",0.0,0.0,0.0,0.0,0.37328291992231194
intent_android.intent.action.ACTION_BOOT_COMPLETED,0,0.07465658398446239,0.14931316796892477,666.5,65.47060409069095,"pearson_r, entropy_reduction_ratio, mutual_information",0.0,0.0,0.0,0.0,0.37328291992231194
perm_android.permission.GET_INTENT_SENDER_INTENT,0,0.07465658398446239,0.14931316796892477,666.5,65.47060409069095,"pearson_r, entropy_reduction_ratio, mutual_information",0.0,0.0,0.0,0.0,0.37328291992231194
perm_android.permission.GET_CLIPS,0,0.07465658398446239,0.14931316796892477,666.5,65.47060409069095,"pearson_r, entropy_reduction_ratio, mutual_information",0.0,0.0,0.0,0.0,0.37328291992231194
intent_com.umeng.message.autoupdate.handler.action,0,0.07465658398446239,0.14931316796892477,666.5,65.47060409069095,"pearson_r, entropy_reduction_ratio, mutual_information",0.0,0.0,0.0,0.0,0.37328291992231194
intent_com.umeng.message.unregistercallback.action,0,0.07465658398446239,0.14931316796892477,666.5,65.47060409069095,"pearson_r, entropy_reduction_ratio, mutual_information",0.0,0.0,0.0,0.0,0.37328291992231194
perm_android.permission.WRITE_CLIPS,0,0.07465658398446239,0.14931316796892477,666.5,65.47060409069095,"pearson_r, entropy_reduction_ratio, mutual_information",0.0,0.0,0.0,0.0,0.37328291992231194
intent_com.umeng.message.disablecallback.action,0,0.07465658398446239,0.14931316796892477,666.5,65.47060409069095,"pearson_r, entropy_reduction_ratio, mutual_information",0.0,0.0,0.0,0.0,0.37328291992231194
perm_qiku.permission.RECEIVE_ACTIVITY_RESUMED,0,0.07465658398446239,0.14931316796892477,666.5,65.47060409069095,"pearson_r, entropy_reduction_ratio, mutual_information",0.0,0.0,0.0,0.0,0.37328291992231194
intent_com.taobao.accs.intent.action.COMMAND,0,0.07465658398446239,0.14931316796892477,666.5,65.47060409069095,"pearson_r, entropy_reduction_ratio, mutual_information",0.0,0.0,0.0,0.0,0.37328291992231194
perm_com.google.android.launcher.permission.WRITE_SETTINGS,0,0.07465658398446239,0.14931316796892477,666.5,65.47060409069095,"pearson_r, entropy_reduction_ratio, mutual_information",0.0,0.0,0.0,0.0,0.37328291992231194
intent_com.taobao.accs.intent.action.START_FROM_AGOO,0,0.07465658398446239,0.14931316796892477,666.5,65.47060409069095,"pearson_r, entropy_reduction_ratio, mutual_information",0.0,0.0,0.0,0.0,0.37328291992231194
intent_com.taobao.accs.intent.action.RECEIVE,0,0.07465658398446239,0.14931316796892477,666.5,65.47060409069095,"pearson_r, entropy_reduction_ratio, mutual_information",0.0,0.0,0.0,0.0,0.37328291992231194
intent_com.taobao.accs.intent.action.SERVICE,0,0.07465658398446239,0.14931316796892477,666.5,65.47060409069095,"pearson_r, entropy_reduction_ratio, mutual_information",0.0,0.0,0.0,0.0,0.37328291992231194
perm_com.huawei.launcher.permission.WRITE_SETTINGS,0,0.07465658398446239,0.14931316796892477,666.5,65.47060409069095,"pearson_r, entropy_reduction_ratio, mutual_information",0.0,0.0,0.0,0.0,0.37328291992231194
intent_com.excelliance.kxqp.platform.action.CRASH_REPORT,0,0.07465658398446239,0.14931316796892477,666.5,65.47060409069095,"pearson_r, entropy_reduction_ratio, mutual_information",0.0,0.0,0.0,0.0,0.37328291992231194
intent_com.door.pay.sdk.app.action,0,0.07465658398446239,0.14931316796892477,666.5,65.47060409069095,"pearson_r, entropy_reduction_ratio, mutual_information",0.0,0.0,0.0,0.0,0.37328291992231194
intent_ACTION.TAPCORE.SYNC,0,0.07465658398446239,0.14931316796892477,666.5,65.47060409069095,"pearson_r, entropy_reduction_ratio, mutual_information",0.0,0.0,0.0,0.0,0.37328291992231194
intent_ACTION.TAPCORE.MESSAGE,0,0.07465658398446239,0.14931316796892477,666.5,65.47060409069095,"pearson_r, entropy_reduction_ratio, mutual_information",0.0,0.0,0.0,0.0,0.37328291992231194
perm_com.meizu.flyme.push.permission.RECEIVE,0,0.07465658398446239,0.14931316796892477,666.5,65.47060409069095,"pearson_r, entropy_reduction_ratio, mutual_information",0.0,0.0,0.0,0.0,0.37328291992231194
intent_android.intent.action.DOWNLOAD_WAKEUP.sogou,0,0.07465658398446239,0.14931316796892477,666.5,65.47060409069095,"pearson_r, entropy_reduction_ratio, mutual_information",0.0,0.0,0.0,0.0,0.37328291992231194
intent_android.intent.action.ERROR_NOTIFY,0,0.07465658398446239,0.14931316796892477,666.5,65.47060409069095,"pearson_r, entropy_reduction_ratio, mutual_information",0.0,0.0,0.0,0.0,0.37328291992231194
perm_com.asus.email.permission.ACCESS_PROVIDER,0,0.07465658398446239,0.14931316796892477,666.5,65.47060409069095,"pearson_r, entropy_reduction_ratio, mutual_information",0.0,0.0,0.0,0.0,0.37328291992231194
perm_android.permission.PREVENT_POWER_KEY,0,0.07465658398446239,0.14931316796892477,666.5,65.47060409069095,"pearson_r, entropy_reduction_ratio, mutual_information",0.0,0.0,0.0,0.0,0.37328291992231194
perm_android.permission.DIAGNOSTIC,0,0.07465658398446239,0.14931316796892477,666.5,65.47060409069095,"pearson_r, entropy_reduction_ratio, mutual_information",0.0,0.0,0.0,0.0,0.37328291992231194
intent_downfile,0,0.07465658398446239,0.14931316796892477,666.5,65.47060409069095,"pearson_r, entropy_reduction_ratio, mutual_information",0.0,0.0,0.0,0.0,0.37328291992231194
intent_com.excelliance.kxqp.action.SmtCntService,0,0.07465658398446239,0.14931316796892477,666.5,65.47060409069095,"pearson_r, entropy_reduction_ratio, mutual_information",0.0,0.0,0.0,0.0,0.37328291992231194
intent_com.excelliance.kxqp.action.GENERIC,0,0.07465658398446239,0.14931316796892477,666.5,65.47060409069095,"pearson_r, entropy_reduction_ratio, mutual_information",0.0,0.0,0.0,0.0,0.37328291992231194
perm_com.facebook.katana.permission.RECEIVE_ADM_MESSAGE,0,0.07465658398446239,0.14931316796892477,666.5,65.47060409069095,"pearson_r, entropy_reduction_ratio, mutual_information",0.0,0.0,0.0,0.0,0.37328291992231194
perm_com.facebook.permission.prod.SYSTEM_COMMUNICATION,0,0.07465658398446239,0.14931316796892477,666.5,65.47060409069095,"pearson_r, entropy_reduction_ratio, mutual_information",0.0,0.0,0.0,0.0,0.37328291992231194
intent_com.excelliance.kxqp.action.smtsrv,0,0.07465658398446239,0.14931316796892477,666.5,65.47060409069095,"pearson_r, entropy_reduction_ratio, mutual_information",0.0,0.0,0.0,0.0,0.37328291992231194
intent_com.excelliance.kxqp.action.init,0,0.07465658398446239,0.14931316796892477,666.5,65.47060409069095,"pearson_r, entropy_reduction_ratio, mutual_information",0.0,0.0,0.0,0.0,0.37328291992231194
intent_com.excelliance.kxqp.action.smtcnt,0,0.07465658398446239,0.14931316796892477,666.5,65.47060409069095,"pearson_r, entropy_reduction_ratio, mutual_information",0.0,0.0,0.0,0.0,0.37328291992231194
intent_show_setting_page,0,0.07465658398446239,0.14931316796892477,666.5,65.47060409069095,"pearson_r, entropy_reduction_ratio, mutual_information",0.0,0.0,0.0,0.0,0.37328291992231194
perm_android.permission.ACCESS_DOWNLOAD_MANAGER_ADVANCED,0,0.07465658398446239,0.14931316796892477,666.5,65.47060409069095,"pearson_r, entropy_reduction_ratio, mutual_information",0.0,0.0,0.0,0.0,0.37328291992231194
intent_com.easou.action.image.crop,0,0.07465658398446239,0.14931316796892477,666.5,65.47060409069095,"pearson_r, entropy_reduction_ratio, mutual_information",0.0,0.0,0.0,0.0,0.37328291992231194
intent_android.easou.eyou.SEND_SMS_RESULT,0,0.07465658398446239,0.14931316796892477,666.5,65.47060409069095,"pearson_r, entropy_reduction_ratio, mutual_information",0.0,0.0,0.0,0.0,0.37328291992231194
perm_com.aspire.mm.permission.READ_SETTINGS,0,0.07465658398446239,0.14931316796892477,666.5,65.47060409069095,"pearson_r, entropy_reduction_ratio, mutual_information",0.0,0.0,0.0,0.0,0.37328291992231194
perm_com.ty.launcher.permission.READ_SETTINGS,0,0.07465658398446239,0.14931316796892477,666.5,65.47060409069095,"pearson_r, entropy_reduction_ratio, mutual_information",0.0,0.0,0.0,0.0,0.37328291992231194
perm_mobi.SyndicateApps.ICS.launcher.permission.READ_SETTINGS,0,0.07465658398446239,0.14931316796892477,666.5,65.47060409069095,"pearson_r, entropy_reduction_ratio, mutual_information",0.0,0.0,0.0,0.0,0.37328291992231194
perm_com.motorola.mmsp.motoswitch.permission.READ_SETTINGS,0,0.07465658398446239,0.14931316796892477,666.5,65.47060409069095,"pearson_r, entropy_reduction_ratio, mutual_information",0.0,0.0,0.0,0.0,0.37328291992231194
perm_com.thunderst.launcher.permission.READ_SETTINGS,0,0.07465658398446239,0.14931316796892477,666.5,65.47060409069095,"pearson_r, entropy_reduction_ratio, mutual_information",0.0,0.0,0.0,0.0,0.37328291992231194
perm_com.motorola.dock.DesktopDock.permission.READ_SETTINGS,0,0.07465658398446239,0.14931316796892477,666.5,65.47060409069095,"pearson_r, entropy_reduction_ratio, mutual_information",0.0,0.0,0.0,0.0,0.37328291992231194
perm_android.permission.DOWNLOAD_CACHE_NON_PURGEABLE,0,0.07465658398446239,0.14931316796892477,666.5,65.47060409069095,"pearson_r, entropy_reduction_ratio, mutual_information",0.0,0.0,0.0,0.0,0.37328291992231194
perm_com.yulong3.android.launcher.permission.WRITE_SETTINGS,0,0.07465658398446239,0.14931316796892477,666.5,65.47060409069095,"pearson_r, entropy_reduction_ratio, mutual_information",0.0,0.0,0.0,0.0,0.37328291992231194
intent_android.intent.action.PUSH_NOTIFY_ALARM,0,0.07465658398446239,0.14931316796892477,666.5,65.47060409069095,"pearson_r, entropy_reduction_ratio, mutual_information",0.0,0.0,0.0,0.0,0.37328291992231194
perm_android.permission.WRITE_APN_SETTING,0,0.07465658398446239,0.14931316796892477,666.5,65.47060409069095,"pearson_r, entropy_reduction_ratio, mutual_information",0.0,0.0,0.0,0.0,0.37328291992231194
intent_selfupdate_notification_cancelled,0,0.07465658398446239,0.14931316796892477,666.5,65.47060409069095,"pearson_r, entropy_reduction_ratio, mutual_information",0.0,0.0,0.0,0.0,0.37328291992231194
perm_com.yulong2.android.launcher.permission.READ_SETTINGS,0,0.07465658398446239,0.14931316796892477,666.5,65.47060409069095,"pearson_r, entropy_reduction_ratio, mutual_information",0.0,0.0,0.0,0.0,0.37328291992231194
perm_com.motorola.dlauncher.permission.READ_SETTINGS,0,0.07465658398446239,0.14931316796892477,666.5,65.47060409069095,"pearson_r, entropy_reduction_ratio, mutual_information",0.0,0.0,0.0,0.0,0.37328291992231194
perm_com.tencent.mm.ext.permission.WRITE,0,0.07465658398446239,0.14931316796892477,666.5,65.47060409069095,"pearson_r, entropy_reduction_ratio, mutual_information",0.0,0.0,0.0,0.0,0.37328291992231194
perm_com.tencent.mm.plugin.permission.READ,0,0.07465658398446239,0.14931316796892477,666.5,65.47060409069095,"pearson_r, entropy_reduction_ratio, mutual_information",0.0,0.0,0.0,0.0,0.37328291992231194
perm_com.tencent.mm.plugin.permission.WRITE,0,0.07465658398446239,0.14931316796892477,666.5,65.47060409069095,"pearson_r, entropy_reduction_ratio, mutual_information",0.0,0.0,0.0,0.0,0.37328291992231194
perm_com.android.email.permission.READ_ATTACHMENT,0,0.07465658398446239,0.14931316796892477,666.5,65.47060409069095,"pearson_r, entropy_reduction_ratio, mutual_information",0.0,0.0,0.0,0.0,0.37328291992231194
perm_com.tencent.mm.permission.MM_MESSAGE,0,0.07465658398446239,0.14931316796892477,666.5,65.47060409069095,"pearson_r, entropy_reduction_ratio, mutual_information",0.0,0.0,0.0,0.0,0.37328291992231194
intent_android.intent.action.BATTERY_CHANGED_ACTION,0,0.07465658398446239,0.14931316796892477,666.5,65.47060409069095,"pearson_r, entropy_reduction_ratio, mutual_information",0.0,0.0,0.0,0.0,0.37328291992231194
perm_com.facebook.katana.provider.ACCESS,0,0.07465658398446239,0.14931316796892477,666.5,65.47060409069095,"pearson_r, entropy_reduction_ratio, mutual_information",0.0,0.0,0.0,0.0,0.37328291992231194
perm_com.xgbuy.xg.permission.JPUSH_MESSAGE,0,0.07465658398446239,0.14931316796892477,666.5,65.47060409069095,"pearson_r, entropy_reduction_ratio, mutual_information",0.0,0.0,0.0,0.0,0.37328291992231194
perm_android.permission.ACCESS_CHECKIN_PROPERTIES,0,0.07465658398446239,0.14931316796892477,666.5,65.47060409069095,"pearson_r, entropy_reduction_ratio, mutual_information",0.0,0.0,0.0,0.0,0.37328291992231194
intent_show_helpcontent,0,0.07465658398446239,0.14931316796892477,666.5,65.47060409069095,"pearson_r, entropy_reduction_ratio, mutual_information",0.0,0.0,0.0,0.0,0.37328291992231194
perm_android.permission.MANAGE_DEVICE_ADMINS,0,0.07465658398446239,0.14931316796892477,666.5,65.47060409069095,"pearson_r, entropy_reduction_ratio, mutual_information",0.0,0.0,0.0,0.0,0.37328291992231194
intent_com.qihoo.commonreceiver.CLEARED,0,0.07465658398446239,0.14931316796892477,666.5,65.47060409069095,"pearson_r, entropy_reduction_ratio, mutual_information",0.0,0.0,0.0,0.0,0.37328291992231194
intent_com.huawei.intent.action.PUSH,0,0.07465658398446239,0.14931316796892477,666.5,65.47060409069095,"pearson_r, entropy_reduction_ratio, mutual_information",0.0,0.0,0.0,0.0,0.37328291992231194
intent_show_cpuad,0,0.07465658398446239,0.14931316796892477,666.5,65.47060409069095,"pearson_r, entropy_reduction_ratio, mutual_information",0.0,0.0,0.0,0.0,0.37328291992231194
intent_aspire.iap.SMS_DELIVERED_ACTION,0,0.07465658398446239,0.14931316796892477,666.5,65.47060409069095,"pearson_r, entropy_reduction_ratio, mutual_information",0.0,0.0,0.0,0.0,0.37328291992231194
intent_pushy.me,0,0.07465658398446239,0.14931316796892477,666.5,65.47060409069095,"pearson_r, entropy_reduction_ratio, mutual_information",0.0,0.0,0.0,0.0,0.37328291992231194
intent_com.sogou.pushservice.action.METHOD,0,0.07465658398446239,0.14931316796892477,666.5,65.47060409069095,"pearson_r, entropy_reduction_ratio, mutual_information",0.0,0.0,0.0,0.0,0.37328291992231194
intent_show_lock_app,0,0.07465658398446239,0.14931316796892477,666.5,65.47060409069095,"pearson_r, entropy_reduction_ratio, mutual_information",0.0,0.0,0.0,0.0,0.37328291992231194
intent_com.yuetu.shentu.Intent.WECHAT_PAY,0,0.07465658398446239,0.14931316796892477,666.5,65.47060409069095,"pearson_r, entropy_reduction_ratio, mutual_information",0.0,0.0,0.0,0.0,0.37328291992231194
intent_com.qihoo.psdk.service.action.local,0,0.07465658398446239,0.14931316796892477,666.5,65.47060409069095,"pearson_r, entropy_reduction_ratio, mutual_information",0.0,0.0,0.0,0.0,0.37328291992231194
intent_show_lock_set_email,0,0.07465658398446239,0.14931316796892477,666.5,65.47060409069095,"pearson_r, entropy_reduction_ratio, mutual_information",0.0,0.0,0.0,0.0,0.37328291992231194
perm_android.permission.MOUNT_FORMAT_FILESYSTEMS,0,0.07465658398446239,0.14931316796892477,666.5,65.47060409069095,"pearson_r, entropy_reduction_ratio, mutual_information",0.0,0.0,0.0,0.0,0.37328291992231194
intent_com.huawei.android.push.intent.RECEIVE,0,0.07465658398446239,0.14931316796892477,666.5,65.47060409069095,"pearson_r, entropy_reduction_ratio, mutual_information",0.0,0.0,0.0,0.0,0.37328291992231194
intent_com.huawei.intent.action.PUSH_STATE,0,0.07465658398446239,0.14931316796892477,666.5,65.47060409069095,"pearson_r, entropy_reduction_ratio, mutual_information",0.0,0.0,0.0,0.0,0.37328291992231194
perm_com.qihoo.appstore.rtservice.ACCESS_RTSERVICE,0,0.07465658398446239,0.14931316796892477,666.5,65.47060409069095,"pearson_r, entropy_reduction_ratio, mutual_information",0.0,0.0,0.0,0.0,0.37328291992231194
intent_com.qihoo.sdkplugging.host.proxy.activity.VIEW,0,0.07465658398446239,0.14931316796892477,666.5,65.47060409069095,"pearson_r, entropy_reduction_ratio, mutual_information",0.0,0.0,0.0,0.0,0.37328291992231194
intent_com.excelliance.dualaid.SHORTCUT_ALARM,0,0.07465658398446239,0.14931316796892477,666.5,65.47060409069095,"pearson_r, entropy_reduction_ratio, mutual_information",0.0,0.0,0.0,0.0,0.37328291992231194
intent_com.excelliance.dualaid.action.downloadcomp,0,0.07465658398446239,0.14931316796892477,666.5,65.47060409069095,"pearson_r, entropy_reduction_ratio, mutual_information",0.0,0.0,0.0,0.0,0.37328291992231194
intent_com.excelliance.dualaid.platform.gameplugin.action.START_FROM_SHORTCUT,0,0.07465658398446239,0.14931316796892477,666.5,65.47060409069095,"pearson_r, entropy_reduction_ratio, mutual_information",0.0,0.0,0.0,0.0,0.37328291992231194
intent_com.excelliance.dualaid.action.appcrash,0,0.07465658398446239,0.14931316796892477,666.5,65.47060409069095,"pearson_r, entropy_reduction_ratio, mutual_information",0.0,0.0,0.0,0.0,0.37328291992231194
intent_com.example.servicejar.action.START_SPIRIT,0,0.07465658398446239,0.14931316796892477,666.5,65.47060409069095,"pearson_r, entropy_reduction_ratio, mutual_information",0.0,0.0,0.0,0.0,0.37328291992231194
perm_com.android.agedlauncher.permission.WRITE_SETTINGS,0,0.07465658398446239,0.14931316796892477,666.5,65.47060409069095,"pearson_r, entropy_reduction_ratio, mutual_information",0.0,0.0,0.0,0.0,0.37328291992231194
intent_com.getui.gis.action.64kVIzqls49c7TJxrBbWG4,0,0.07465658398446239,0.14931316796892477,666.5,65.47060409069095,"pearson_r, entropy_reduction_ratio, mutual_information",0.0,0.0,0.0,0.0,0.37328291992231194
intent_com.excelliance.dualaid.action.phone_res_download,0,0.07465658398446239,0.14931316796892477,666.5,65.47060409069095,"pearson_r, entropy_reduction_ratio, mutual_information",0.0,0.0,0.0,0.0,0.37328291992231194
intent_com.excelliance.dualaid.action.psts,0,0.07465658398446239,0.14931316796892477,666.5,65.47060409069095,"pearson_r, entropy_reduction_ratio, mutual_information",0.0,0.0,0.0,0.0,0.37328291992231194
intent_android.intent.action.SENT_SMS_ACTION,0,0.07465658398446239,0.14931316796892477,666.5,65.47060409069095,"pearson_r, entropy_reduction_ratio, mutual_information",0.0,0.0,0.0,0.0,0.37328291992231194
perm_com.android.permission.WRITE_APN_SETTINGS,0,0.07465658398446239,0.14931316796892477,666.5,65.47060409069095,"pearson_r, entropy_reduction_ratio, mutual_information",0.0,0.0,0.0,0.0,0.37328291992231194
intent_show_taskmanagerwhitelist,0,0.07465658398446239,0.14931316796892477,666.5,65.47060409069095,"pearson_r, entropy_reduction_ratio, mutual_information",0.0,0.0,0.0,0.0,0.37328291992231194
perm_yulong.permission.ACCESS_YLPARAMS,0,0.07465658398446239,0.14931316796892477,666.5,65.47060409069095,"pearson_r, entropy_reduction_ratio, mutual_information",0.0,0.0,0.0,0.0,0.37328291992231194
intent_android.intent.action.apservice,0,0.07465658398446239,0.14931316796892477,666.5,65.47060409069095,"pearson_r, entropy_reduction_ratio, mutual_information",0.0,0.0,0.0,0.0,0.37328291992231194
intent_com.meizu.c2dm.intent.RECEIVE,0,0.07465658398446239,0.14931316796892477,666.5,65.47060409069095,"pearson_r, entropy_reduction_ratio, mutual_information",0.0,0.0,0.0,0.0,0.37328291992231194
intent_com.sogou.passport.service.aidl,0,0.07465658398446239,0.14931316796892477,666.5,65.47060409069095,"pearson_r, entropy_reduction_ratio, mutual_information",0.0,0.0,0.0,0.0,0.37328291992231194
intent_com.baidu.action.Techain.VIEW,0,0.07465658398446239,0.14931316796892477,666.5,65.47060409069095,"pearson_r, entropy_reduction_ratio, mutual_information",0.0,0.0,0.0,0.0,0.37328291992231194
intent_android.intent.action,0,0.07465658398446239,0.14931316796892477,666.5,65.47060409069095,"pearson_r, entropy_reduction_ratio, mutual_information",0.0,0.0,0.0,0.0,0.37328291992231194
intent_com.meizu.flyme.push.intent.MESSAGE,0,0.07465658398446239,0.14931316796892477,666.5,65.47060409069095,"pearson_r, entropy_reduction_ratio, mutual_information",0.0,0.0,0.0,0.0,0.37328291992231194
intent_com.meizu.flyme.push.intent.UNREGISTER.FEEDBACK,0,0.07465658398446239,0.14931316796892477,666.5,65.47060409069095,"pearson_r, entropy_reduction_ratio, mutual_information",0.0,0.0,0.0,0.0,0.37328291992231194
intent_android.intent.action.ACTION_PACKAGE_ADDED,0,0.07465658398446239,0.14931316796892477,666.5,65.47060409069095,"pearson_r, entropy_reduction_ratio, mutual_information",0.0,0.0,0.0,0.0,0.37328291992231194
intent_com.mobiletool.appstore.service.weathernotifyreceiver,0,0.07465658398446239,0.14931316796892477,666.5,65.47060409069095,"pearson_r, entropy_reduction_ratio, mutual_information",0.0,0.0,0.0,0.0,0.37328291992231194
intent_com.mobiletool.appstore.action.update,0,0.07465658398446239,0.14931316796892477,666.5,65.47060409069095,"pearson_r, entropy_reduction_ratio, mutual_information",0.0,0.0,0.0,0.0,0.37328291992231194
perm_android.permission.WRITE_APN_STORAGE,0,0.07465658398446239,0.14931316796892477,666.5,65.47060409069095,"pearson_r, entropy_reduction_ratio, mutual_information",0.0,0.0,0.0,0.0,0.37328291992231194
intent_com.mobiletool.appstore.browser.highspeed,0,0.07465658398446239,0.14931316796892477,666.5,65.47060409069095,"pearson_r, entropy_reduction_ratio, mutual_information",0.0,0.0,0.0,0.0,0.37328291992231194
intent_com.mobiletool.appstore.highspeed,0,0.07465658398446239,0.14931316796892477,666.5,65.47060409069095,"pearson_r, entropy_reduction_ratio, mutual_information",0.0,0.0,0.0,0.0,0.37328291992231194
intent_com.mobiletool.appstore.intent.action.COMMAND,0,0.07465658398446239,0.14931316796892477,666.5,65.47060409069095,"pearson_r, entropy_reduction_ratio, mutual_information",0.0,0.0,0.0,0.0,0.37328291992231194
intent_com.mobiletool.appstore.action.main,0,0.07465658398446239,0.14931316796892477,666.5,65.47060409069095,"pearson_r, entropy_reduction_ratio, mutual_information",0.0,0.0,0.0,0.0,0.37328291992231194
intent_com.mobiletool.appstore.action.appdetail,0,0.07465658398446239,0.14931316796892477,666.5,65.47060409069095,"pearson_r, entropy_reduction_ratio, mutual_information",0.0,0.0,0.0,0.0,0.37328291992231194
intent_com.mobiletool.appstore.action.backtomarket,0,0.07465658398446239,0.14931316796892477,666.5,65.47060409069095,"pearson_r, entropy_reduction_ratio, mutual_information",0.0,0.0,0.0,0.0,0.37328291992231194
intent_com.mobiletool.appstore.action.download,0,0.07465658398446239,0.14931316796892477,666.5,65.47060409069095,"pearson_r, entropy_reduction_ratio, mutual_information",0.0,0.0,0.0,0.0,0.37328291992231194
intent_com.mobiletool.appstore.action.service,0,0.07465658398446239,0.14931316796892477,666.5,65.47060409069095,"pearson_r, entropy_reduction_ratio, mutual_information",0.0,0.0,0.0,0.0,0.37328291992231194
intent_com.mobiletool.appstore.action.topicdetail,0,0.07465658398446239,0.14931316796892477,666.5,65.47060409069095,"pearson_r, entropy_reduction_ratio, mutual_information",0.0,0.0,0.0,0.0,0.37328291992231194
intent_android.intent.action.ACTION_MEDIA_EJECT,0,0.07465658398446239,0.14931316796892477,666.5,65.47060409069095,"pearson_r, entropy_reduction_ratio, mutual_information",0.0,0.0,0.0,0.0,0.37328291992231194
intent_intent.action.HEJU,0,0.07465658398446239,0.14931316796892477,666.5,65.47060409069095,"pearson_r, entropy_reduction_ratio, mutual_information",0.0,0.0,0.0,0.0,0.37328291992231194
perm_com.meizu.c2dm.permission.RECEIVE,0,0.07465658398446239,0.14931316796892477,666.5,65.47060409069095,"pearson_r, entropy_reduction_ratio, mutual_information",0.0,0.0,0.0,0.0,0.37328291992231194
perm_com.facebook.permission.prod.FB_APP_COMMUNICATION,0,0.07465658398446239,0.14931316796892477,666.5,65.47060409069095,"pearson_r, entropy_reduction_ratio, mutual_information",0.0,0.0,0.0,0.0,0.37328291992231194
intent_com.qihoo360.accounts.action.START_SERVICE,0,0.07465658398446239,0.14931316796892477,666.5,65.47060409069095,"pearson_r, entropy_reduction_ratio, mutual_information",0.0,0.0,0.0,0.0,0.37328291992231194
perm_com.android.broswer.permission.WRITE_HISTORY_BOOKMARKS,0,0.07465658398446239,0.14931316796892477,666.5,65.47060409069095,"pearson_r, entropy_reduction_ratio, mutual_information",0.0,0.0,0.0,0.0,0.37328291992231194
perm_android.permission.MODE_WORLD_READABLE,0,0.07465658398446239,0.14931316796892477,666.5,65.47060409069095,"pearson_r, entropy_reduction_ratio, mutual_information",0.0,0.0,0.0,0.0,0.37328291992231194
intent_com.huawei.android.push.intent.CLICK,0,0.07465658398446239,0.14931316796892477,666.5,65.47060409069095,"pearson_r, entropy_reduction_ratio, mutual_information",0.0,0.0,0.0,0.0,0.37328291992231194
intent_com.kingroot.common.ACTION_NOTIFY_IN_SELF_APP_MAIN,0,0.07465658398446239,0.14931316796892477,666.5,65.47060409069095,"pearson_r, entropy_reduction_ratio, mutual_information",0.0,0.0,0.0,0.0,0.37328291992231194
intent_com.kingroot.common.ACTION_NEW_APP_STARTED,0,0.07465658398446239,0.14931316796892477,666.5,65.47060409069095,"pearson_r, entropy_reduction_ratio, mutual_information",0.0,0.0,0.0,0.0,0.37328291992231194
intent_com.kingroot.kinguser.gamebox.ACTION_GAME_ADDED,0,0.07465658398446239,0.14931316796892477,666.5,65.47060409069095,"pearson_r, entropy_reduction_ratio, mutual_information",0.0,0.0,0.0,0.0,0.37328291992231194
intent_com.qihoo.appstore.reservation.alarm,0,0.07465658398446239,0.14931316796892477,666.5,65.47060409069095,"pearson_r, entropy_reduction_ratio, mutual_information",0.0,0.0,0.0,0.0,0.37328291992231194
intent_com.qihoo.appstore.download_some_apk,0,0.07465658398446239,0.14931316796892477,666.5,65.47060409069095,"pearson_r, entropy_reduction_ratio, mutual_information",0.0,0.0,0.0,0.0,0.37328291992231194
intent_com.kingroot.common.ACTION_TOP_APP_CHANGED,0,0.07465658398446239,0.14931316796892477,666.5,65.47060409069095,"pearson_r, entropy_reduction_ratio, mutual_information",0.0,0.0,0.0,0.0,0.37328291992231194
intent_com.excelliance.open.action.gameverchk,0,0.07465658398446239,0.14931316796892477,666.5,65.47060409069095,"pearson_r, entropy_reduction_ratio, mutual_information",0.0,0.0,0.0,0.0,0.37328291992231194
intent_android.intent.action.CONFIGURATION_CHANGED,0,0.07465658398446239,0.14931316796892477,666.5,65.47060409069095,"pearson_r, entropy_reduction_ratio, mutual_information",0.0,0.0,0.0,0.0,0.37328291992231194
intent_com.sogou.passport.service.upload,0,0.07465658398446239,0.14931316796892477,666.5,65.47060409069095,"pearson_r, entropy_reduction_ratio, mutual_information",0.0,0.0,0.0,0.0,0.37328291992231194
intent_com.ss.android.socialbase.downloader.remote,0,0.07465658398446239,0.14931316796892477,666.5,65.47060409069095,"pearson_r, entropy_reduction_ratio, mutual_information",0.0,0.0,0.0,0.0,0.37328291992231194
intent_com.sogou.androidtool.action.topicdetail,0,0.07465658398446239,0.14931316796892477,666.5,65.47060409069095,"pearson_r, entropy_reduction_ratio, mutual_information",0.0,0.0,0.0,0.0,0.37328291992231194
intent_com.sogou.androidtool.action.main,0,0.07465658398446239,0.14931316796892477,666.5,65.47060409069095,"pearson_r, entropy_reduction_ratio, mutual_information",0.0,0.0,0.0,0.0,0.37328291992231194
intent_com.sogou.androidtool.action.backtomarket,0,0.07465658398446239,0.14931316796892477,666.5,65.47060409069095,"pearson_r, entropy_reduction_ratio, mutual_information",0.0,0.0,0.0,0.0,0.37328291992231194
intent_com.sogou.androidtool.action.download,0,0.07465658398446239,0.14931316796892477,666.5,65.47060409069095,"pearson_r, entropy_reduction_ratio, mutual_information",0.0,0.0,0.0,0.0,0.37328291992231194
perm_com.kingroot.kinguser.permission.activityCalled,0,0.07465658398446239,0.14931316796892477,666.5,65.47060409069095,"pearson_r, entropy_reduction_ratio, mutual_information",0.0,0.0,0.0,0.0,0.37328291992231194
intent_com.chance.service,0,0.07465658398446239,0.14931316796892477,666.5,65.47060409069095,"pearson_r, entropy_reduction_ratio, mutual_information",0.0,0.0,0.0,0.0,0.37328291992231194
intent_com.sogou.androidtool.action.appdetail,0,0.07465658398446239,0.14931316796892477,666.5,65.47060409069095,"pearson_r, entropy_reduction_ratio, mutual_information",0.0,0.0,0.0,0.0,0.37328291992231194
intent_com.kingroot.master.action.TRAFFIC_STATISTICS,0,0.07465658398446239,0.14931316796892477,666.5,65.47060409069095,"pearson_r, entropy_reduction_ratio, mutual_information",0.0,0.0,0.0,0.0,0.37328291992231194
intent_com.kingroot.kinguser.service.IKingrootAppList,0,0.07465658398446239,0.14931316796892477,666.5,65.47060409069095,"pearson_r, entropy_reduction_ratio, mutual_information",0.0,0.0,0.0,0.0,0.37328291992231194
intent_com.kingroot.master.action.NOTIFY_STATISTIC,0,0.07465658398446239,0.14931316796892477,666.5,65.47060409069095,"pearson_r, entropy_reduction_ratio, mutual_information",0.0,0.0,0.0,0.0,0.37328291992231194
intent_com.kingroot.master.action.MAIN_EXIT_CHECK,0,0.07465658398446239,0.14931316796892477,666.5,65.47060409069095,"pearson_r, entropy_reduction_ratio, mutual_information",0.0,0.0,0.0,0.0,0.37328291992231194
intent_com.sogou.androidtool.service.weathernotifyreceiver,0,0.07465658398446239,0.14931316796892477,666.5,65.47060409069095,"pearson_r, entropy_reduction_ratio, mutual_information",0.0,0.0,0.0,0.0,0.37328291992231194
intent_qihu360.intent.action.EXPORT_STAT,0,0.07465658398446239,0.14931316796892477,666.5,65.47060409069095,"pearson_r, entropy_reduction_ratio, mutual_information",0.0,0.0,0.0,0.0,0.37328291992231194
perm_com.qihoo360.mobilesafe.news.permission.NEWS_SDK_BROADCAST,0,0.07465658398446239,0.14931316796892477,666.5,65.47060409069095,"pearson_r, entropy_reduction_ratio, mutual_information",0.0,0.0,0.0,0.0,0.37328291992231194
intent_com.qihoo.appstore.plugin.share.IpluginService,0,0.07465658398446239,0.14931316796892477,666.5,65.47060409069095,"pearson_r, entropy_reduction_ratio, mutual_information",0.0,0.0,0.0,0.0,0.37328291992231194
intent_com.qihoo.appstore.ACTION_CHARGE_SHOW_TIPS_DLG,0,0.07465658398446239,0.14931316796892477,666.5,65.47060409069095,"pearson_r, entropy_reduction_ratio, mutual_information",0.0,0.0,0.0,0.0,0.37328291992231194
intent_com.secneo.plugin.action.APP_STARTED,0,0.07465658398446239,0.14931316796892477,666.5,65.47060409069095,"pearson_r, entropy_reduction_ratio, mutual_information",0.0,0.0,0.0,0.0,0.37328291992231194
intent_com.secneo.plugin.action.HOURLY,0,0.07465658398446239,0.14931316796892477,666.5,65.47060409069095,"pearson_r, entropy_reduction_ratio, mutual_information",0.0,0.0,0.0,0.0,0.37328291992231194
intent_com.secneo.proxy.action.CUSTOM,0,0.07465658398446239,0.14931316796892477,666.5,65.47060409069095,"pearson_r, entropy_reduction_ratio, mutual_information",0.0,0.0,0.0,0.0,0.37328291992231194
intent_com.sogou.androidtool.highspeed,0,0.07465658398446239,0.14931316796892477,666.5,65.47060409069095,"pearson_r, entropy_reduction_ratio, mutual_information",0.0,0.0,0.0,0.0,0.37328291992231194
intent_com.sogou.androidtool.action.wap,0,0.07465658398446239,0.14931316796892477,666.5,65.47060409069095,"pearson_r, entropy_reduction_ratio, mutual_information",0.0,0.0,0.0,0.0,0.37328291992231194
intent_com.sogou.androidtool.intent.action.COMMAND,0,0.07465658398446239,0.14931316796892477,666.5,65.47060409069095,"pearson_r, entropy_reduction_ratio, mutual_information",0.0,0.0,0.0,0.0,0.37328291992231194
intent_com.sogou.androidtool.browser.highspeed,0,0.07465658398446239,0.14931316796892477,666.5,65.47060409069095,"pearson_r, entropy_reduction_ratio, mutual_information",0.0,0.0,0.0,0.0,0.37328291992231194
intent_com.qihoo.appstore.launcher.shortcut.HAOWU,0,0.07465658398446239,0.14931316796892477,666.5,65.47060409069095,"pearson_r, entropy_reduction_ratio, mutual_information",0.0,0.0,0.0,0.0,0.37328291992231194
intent_com.qihoo.appstore.msplugin.install,0,0.07465658398446239,0.14931316796892477,666.5,65.47060409069095,"pearson_r, entropy_reduction_ratio, mutual_information",0.0,0.0,0.0,0.0,0.37328291992231194
intent_com.qihoo.appstore.ACTION_LOCK_SCREEN_AD_STATE_CHANGE,0,0.07465658398446239,0.14931316796892477,666.5,65.47060409069095,"pearson_r, entropy_reduction_ratio, mutual_information",0.0,0.0,0.0,0.0,0.37328291992231194
intent_com.qihoo.appstore.push.PushNotifyCancelReceiver.ACTION_INTENT_CANCEL,0,0.07465658398446239,0.14931316796892477,666.5,65.47060409069095,"pearson_r, entropy_reduction_ratio, mutual_information",0.0,0.0,0.0,0.0,0.37328291992231194
intent_com.qihoo.appstore.ACTION_LOCK_SCREEN_AD_ADD_LISTENER,0,0.07465658398446239,0.14931316796892477,666.5,65.47060409069095,"pearson_r, entropy_reduction_ratio, mutual_information",0.0,0.0,0.0,0.0,0.37328291992231194
intent_com.sjm.avplay.SHOW_ACTIVITY,0,0.07465658398446239,0.14931316796892477,666.5,65.47060409069095,"pearson_r, entropy_reduction_ratio, mutual_information",0.0,0.0,0.0,0.0,0.37328291992231194
perm_com.qiku.android.launcher3.permission.READ_UNREAD,0,0.07465658398446239,0.14931316796892477,666.5,65.47060409069095,"pearson_r, entropy_reduction_ratio, mutual_information",0.0,0.0,0.0,0.0,0.37328291992231194
perm_com.huaqin.launcherEx.permission.WRITE_SETTINGS,0,0.07465658398446239,0.14931316796892477,666.5,65.47060409069095,"pearson_r, entropy_reduction_ratio, mutual_information",0.0,0.0,0.0,0.0,0.37328291992231194
perm_android.permission.SET_ACTIVITY_WATCHER,0,0.07465658398446239,0.14931316796892477,666.5,65.47060409069095,"pearson_r, entropy_reduction_ratio, mutual_information",0.0,0.0,0.0,0.0,0.37328291992231194
perm_android.permission.CHANGE_COMPONENT_ENABLED_STATE,0,0.07465658398446239,0.14931316796892477,666.5,65.47060409069095,"pearson_r, entropy_reduction_ratio, mutual_information",0.0,0.0,0.0,0.0,0.37328291992231194
intent_android.intent.action.INPUT_METHOD_CHANGED,0,0.07465658398446239,0.14931316796892477,666.5,65.47060409069095,"pearson_r, entropy_reduction_ratio, mutual_information",0.0,0.0,0.0,0.0,0.37328291992231194
intent_com.kingroot.kinguser.ACTION_MAIN_START_CHECK,0,0.07465658398446239,0.14931316796892477,666.5,65.47060409069095,"pearson_r, entropy_reduction_ratio, mutual_information",0.0,0.0,0.0,0.0,0.37328291992231194
intent_com.excelliance.dualaid.act.action.ext,0,0.07465658398446239,0.14931316796892477,666.5,65.47060409069095,"pearson_r, entropy_reduction_ratio, mutual_information",0.0,0.0,0.0,0.0,0.37328291992231194
intent_com.kingroot.kinguser.gamebox.ACTION_GAME_REPLACE,0,0.07465658398446239,0.14931316796892477,666.5,65.47060409069095,"pearson_r, entropy_reduction_ratio, mutual_information",0.0,0.0,0.0,0.0,0.37328291992231194
intent_android.net.conn.MEDIA_NOFS,0,0.07465658398446239,0.14931316796892477,666.5,65.47060409069095,"pearson_r, entropy_reduction_ratio, mutual_information",0.0,0.0,0.0,0.0,0.37328291992231194
intent_com.kingroot.kinguser.gamebox.ACTION_GAME_DELETED,0,0.07465658398446239,0.14931316796892477,666.5,65.47060409069095,"pearson_r, entropy_reduction_ratio, mutual_information",0.0,0.0,0.0,0.0,0.37328291992231194
intent_com.cootek.usage.alarm_operation,0,0.07465658398446239,0.14931316796892477,666.5,65.47060409069095,"pearson_r, entropy_reduction_ratio, mutual_information",0.0,0.0,0.0,0.0,0.37328291992231194
intent_io.intercom.android.sdk.INTERCOM_PUSH_DISMISSED,0,0.07465658398446239,0.14931316796892477,666.5,65.47060409069095,"pearson_r, entropy_reduction_ratio, mutual_information",0.0,0.0,0.0,0.0,0.37328291992231194
intent_com.excelliance.open.action.fw,0,0.07465658398446239,0.14931316796892477,666.5,65.47060409069095,"pearson_r, entropy_reduction_ratio, mutual_information",0.0,0.0,0.0,0.0,0.37328291992231194
perm_android.permission.BIND_JOB_SERVICE,0,0.07465658398446239,0.14931316796892477,666.5,65.47060409069095,"pearson_r, entropy_reduction_ratio, mutual_information",0.0,0.0,0.0,0.0,0.37328291992231194
perm_com.lenovo.launcherhdmarket.permission.WRITE_SETTINGS,0,0.07465658398446239,0.14931316796892477,666.5,65.47060409069095,"pearson_r, entropy_reduction_ratio, mutual_information",0.0,0.0,0.0,0.0,0.37328291992231194
perm_baidu.push.permission.WRITE_PUSHINFOPROVIDER.com.esbook.reader,0,0.07465658398446239,0.14931316796892477,666.5,65.47060409069095,"pearson_r, entropy_reduction_ratio, mutual_information",0.0,0.0,0.0,0.0,0.37328291992231194
intent_android.intent.action.SEND_TO_KPSH,0,0.07465658398446239,0.14931316796892477,666.5,65.47060409069095,"pearson_r, entropy_reduction_ratio, mutual_information",0.0,0.0,0.0,0.0,0.37328291992231194
intent_android.intent.action.CHECK_RECEIVER,0,0.07465658398446239,0.14931316796892477,666.5,65.47060409069095,"pearson_r, entropy_reduction_ratio, mutual_information",0.0,0.0,0.0,0.0,0.37328291992231194
perm_com.sonymobile.home.permission.PROVIDER_ACCESS_MODIFY_CONFIGURATION,0,0.07465658398446239,0.14931316796892477,666.5,65.47060409069095,"pearson_r, entropy_reduction_ratio, mutual_information",0.0,0.0,0.0,0.0,0.37328291992231194
intent_com.snipermob.sdk.notification,0,0.07465658398446239,0.14931316796892477,666.5,65.47060409069095,"pearson_r, entropy_reduction_ratio, mutual_information",0.0,0.0,0.0,0.0,0.37328291992231194
intent_android.fbreader.action.PLUGIN,0,0.07465658398446239,0.14931316796892477,666.5,65.47060409069095,"pearson_r, entropy_reduction_ratio, mutual_information",0.0,0.0,0.0,0.0,0.37328291992231194
intent_com.excelliance.open.action.startNextChapter,0,0.07465658398446239,0.14931316796892477,666.5,65.47060409069095,"pearson_r, entropy_reduction_ratio, mutual_information",0.0,0.0,0.0,0.0,0.37328291992231194
intent_wifi.intent.action.SDK_RESULT,0,0.07465658398446239,0.14931316796892477,666.5,65.47060409069095,"pearson_r, entropy_reduction_ratio, mutual_information",0.0,0.0,0.0,0.0,0.37328291992231194
intent_com.android.utils.hades.ACTION_UPDATE_COMMON_RES,0,0.07465658398446239,0.14931316796892477,666.5,65.47060409069095,"pearson_r, entropy_reduction_ratio, mutual_information",0.0,0.0,0.0,0.0,0.37328291992231194
intent_com.android.utils.hades.ACTION_INIT_COMMON_RES,0,0.07465658398446239,0.14931316796892477,666.5,65.47060409069095,"pearson_r, entropy_reduction_ratio, mutual_information",0.0,0.0,0.0,0.0,0.37328291992231194
intent_com.excelliance.kxqp.action.space.stat,0,0.07465658398446239,0.14931316796892477,666.5,65.47060409069095,"pearson_r, entropy_reduction_ratio, mutual_information",0.0,0.0,0.0,0.0,0.37328291992231194
intent_cryopiggy.start,0,0.07465658398446239,0.14931316796892477,666.5,65.47060409069095,"pearson_r, entropy_reduction_ratio, mutual_information",0.0,0.0,0.0,0.0,0.37328291992231194
intent_android.settings.SYNC_SETTINGS,0,0.07465658398446239,0.14931316796892477,666.5,65.47060409069095,"pearson_r, entropy_reduction_ratio, mutual_information",0.0,0.0,0.0,0.0,0.37328291992231194
intent_com.excelliance.kxqp.action.explore,0,0.07465658398446239,0.14931316796892477,666.5,65.47060409069095,"pearson_r, entropy_reduction_ratio, mutual_information",0.0,0.0,0.0,0.0,0.37328291992231194
intent_com.excelliance.kxqp.action.gp,0,0.07465658398446239,0.14931316796892477,666.5,65.47060409069095,"pearson_r, entropy_reduction_ratio, mutual_information",0.0,0.0,0.0,0.0,0.37328291992231194
intent_com.excelliance.kxqp.action.launcher,0,0.07465658398446239,0.14931316796892477,666.5,65.47060409069095,"pearson_r, entropy_reduction_ratio, mutual_information",0.0,0.0,0.0,0.0,0.37328291992231194
intent_com.excelliance.kxqp.action.navback,0,0.07465658398446239,0.14931316796892477,666.5,65.47060409069095,"pearson_r, entropy_reduction_ratio, mutual_information",0.0,0.0,0.0,0.0,0.37328291992231194
intent_com.telecom.sdk_auth_ui.SMS_UNSUB_SEND_RESULT_ACTION,0,0.07465658398446239,0.14931316796892477,666.5,65.47060409069095,"pearson_r, entropy_reduction_ratio, mutual_information",0.0,0.0,0.0,0.0,0.37328291992231194
intent_android.intent.action.START_PCM_PLAY_SERVICE,0,0.07465658398446239,0.14931316796892477,666.5,65.47060409069095,"pearson_r, entropy_reduction_ratio, mutual_information",0.0,0.0,0.0,0.0,0.37328291992231194
perm_cn.nubia.launcher.permission.WRITE_SETTINGS,0,0.07465658398446239,0.14931316796892477,666.5,65.47060409069095,"pearson_r, entropy_reduction_ratio, mutual_information",0.0,0.0,0.0,0.0,0.37328291992231194
intent_com.gridappsinc.launcher.theme.apk_action,0,0.07465658398446239,0.14931316796892477,666.5,65.47060409069095,"pearson_r, entropy_reduction_ratio, mutual_information",0.0,0.0,0.0,0.0,0.37328291992231194
intent_com.phonemetra.turbo.launcher.icons.ACTION_PICK_ICON,0,0.07465658398446239,0.14931316796892477,666.5,65.47060409069095,"pearson_r, entropy_reduction_ratio, mutual_information",0.0,0.0,0.0,0.0,0.37328291992231194
intent_com.android.utils.hades.ACTION_UPDATE_SYS_WRAPPER,0,0.07465658398446239,0.14931316796892477,666.5,65.47060409069095,"pearson_r, entropy_reduction_ratio, mutual_information",0.0,0.0,0.0,0.0,0.37328291992231194
intent_com.android.utils.hades.ACTION_REGISTER_IMPLICIT_RECEIVERS,0,0.07465658398446239,0.14931316796892477,666.5,65.47060409069095,"pearson_r, entropy_reduction_ratio, mutual_information",0.0,0.0,0.0,0.0,0.37328291992231194
intent_com.tappx.sdk.SILP,0,0.07465658398446239,0.14931316796892477,666.5,65.47060409069095,"pearson_r, entropy_reduction_ratio, mutual_information",0.0,0.0,0.0,0.0,0.37328291992231194
perm_com.qihoo360.home.permission.WRITE_SETTINGS,0,0.07465658398446239,0.14931316796892477,666.5,65.47060409069095,"pearson_r, entropy_reduction_ratio, mutual_information",0.0,0.0,0.0,0.0,0.37328291992231194
intent_com.smartdialer.voip.action.STATE_RINGING,0,0.07465658398446239,0.14931316796892477,666.5,65.47060409069095,"pearson_r, entropy_reduction_ratio, mutual_information",0.0,0.0,0.0,0.0,0.37328291992231194
intent_android.appwidget.action.APPWIDGET_UPDATE,0,0.07457574226221943,0.14915077389832074,532.3,251.0760044289378,"pearson_r, chi2_stat, entropy_reduction_ratio",4.3507005589580334e-07,0.0,7.720938797421265e-07,2.1408873806067314e-07,0.3728772900584234
intent_cn.jpush.android.intent.REGISTRATION,0,0.07432875130293388,0.14411088119833834,473.6,229.43199428152997,"pearson_r, mutual_information, chi2_stat",0.0002989951639180386,0.008158627676249176,0.0005480722703384255,0.00015141221893706836,0.3624866491852267
intent_android.appwidget.action.APPWIDGET_CONFIGURE,0,0.07407756692851505,0.14580561639739037,479.0,225.61515906516564,"pearson_r, mutual_information, chi2_stat",0.00014856566752495393,0.004218110075285676,0.00027403613516921275,7.524362485820473e-05,0.36567187913973725
perm_com.android.vending.CHECK_LICENSE,0,0.07378417851315724,0.14747996340345218,531.5,252.1757323772452,"pearson_r, chi2_stat, entropy_reduction_ratio",5.3954079102461356e-05,0.0,9.60827939234641e-05,2.6757214112430634e-05,0.3687440984786479
perm_android.permission.FOREGROUND_SERVICE,0,0.07377909462482468,0.09642529993543916,399.5,390.1676562709933,"pearson_r, chi2_stat, entropy_reduction_ratio",0.032258777917492924,0.0,0.05772354000190703,0.01609317853221165,0.26281997667251183
perm_android.permission.ACCESS_NETWORK_STATE,0,0.07347309564056845,0.1468734050610188,531.2,252.87202296814093,"pearson_r, entropy_reduction_ratio, f_stat",9.983092518103969e-05,0.0,1.3995931171312668e-06,4.435095922899345e-05,0.367219896725315
perm_android.permission.READ_CALENDAR,0,0.07338094886794752,0.1070948045344772,361.6,322.58369456623194,"pearson_r, chi2_stat, mutual_information",0.017329529640229678,0.017948854720374153,0.03491438550066972,0.00977421015883339,0.2869377643196307
perm_android.permission.WRITE_USER_DICTIONARY,0,0.07323394491345793,0.14621899506207373,529.1,255.24623405644988,"pearson_r, chi2_stat, entropy_reduction_ratio",0.00014856566752495393,0.0,0.00027403613516921275,7.524362485820473e-05,0.36567187913973725
perm_com.huawei.android.launcher.permission.CHANGE_BADGE,0,0.07322018302635822,0.14618808377682976,529.1,255.92584863588905,"pearson_r, chi2_stat, entropy_reduction_ratio",0.0001539930254680825,0.0,0.0002738821563327972,7.674540007261497e-05,0.36559629454991754
intent_android.intent.action.MEDIA_BUTTON,0,0.07318316159454244,0.09963185394285391,352.2,347.02011469077695,"pearson_r, chi2_stat, entropy_reduction_ratio",0.024626652968590897,0.007061805552180871,0.049966055427511355,0.013958462362001527,0.2703028316624276
perm_com.android.browser.permission.WRITE_HISTORY_BOOKMARKS,0,0.07269702576768405,0.14489492452613972,526.9,259.51847718418816,"pearson_r, chi2_stat, entropy_reduction_ratio",0.0002989951639180386,0.0,0.0005480722703384255,0.00015141221893706836,0.3624866491852267
intent_cn.jpush.android.intent.NOTIFICATION_OPENED,0,0.07269702576768405,0.14489492452613972,526.9,259.51847718418816,"pearson_r, chi2_stat, entropy_reduction_ratio",0.0002989951639180386,0.0,0.0005480722703384255,0.00015141221893706836,0.3624866491852267
intent_android.intent.action.ACTION_POWER_CONNECTED,0,0.07206279626770058,0.1432111685361998,525.1,262.7912479516774,"pearson_r, chi2_stat, entropy_reduction_ratio",0.0005695232758807653,0.0,0.0009755406170541705,0.0002845105118338631,0.3584844069337341
intent_com.amazon.device.messaging.intent.RECEIVE,0,0.07177080048410626,0.1006044722634254,405.1,384.70045489965304,"pearson_r, chi2_stat, entropy_reduction_ratio",0.024626652968590897,0.0,0.049966055427511355,0.013958462362001527,0.2703028316624276
intent_com.yandex.metrica.IMetricaService,0,0.07093641614444823,0.13960044219528228,518.3,269.64116896349486,"pearson_r, chi2_stat, entropy_reduction_ratio",0.0013279816414270944,0.0,0.002525175927801037,0.0006965657077293417,0.3501323574452837
perm_android.permission.WRITE_INTERNAL_STORAGE,0,0.07075556016104463,0.10697165294885645,417.2,369.80773382935087,"pearson_r, chi2_stat, entropy_reduction_ratio",0.021462384411535095,0.0,0.03848236000127135,0.010652151613004401,0.2831809047794123
intent_com.urbanairship.actions.SHOW_LANDING_PAGE_INTENT_ACTION,0,0.07075556016104463,0.10697165294885645,417.2,369.80773382935087,"pearson_r, chi2_stat, entropy_reduction_ratio",0.021462384411535095,0.0,0.03848236000127135,0.010652151613004401,0.2831809047794123
intent_com.urbanairship.push.RECEIVED,0,0.07075556016104463,0.10697165294885645,417.2,369.80773382935087,"pearson_r, chi2_stat, entropy_reduction_ratio",0.021462384411535095,0.0,0.03848236000127135,0.010652151613004401,0.2831809047794123
intent_com.urbanairship.push.DISMISSED,0,0.07075556016104463,0.10697165294885645,417.2,369.80773382935087,"pearson_r, chi2_stat, entropy_reduction_ratio",0.021462384411535095,0.0,0.03848236000127135,0.010652151613004401,0.2831809047794123
perm_android.permission.ACCESS_GPS,0,0.07075556016104463,0.10697165294885644,418.2,371.26992875803984,"pearson_r, chi2_stat, entropy_reduction_ratio",0.021462384411535095,0.0,0.03848236000127135,0.010652151613004401,0.28318090477941227
intent_android.media.AUDIO_BECOMING_NOISY,0,0.07075556016104463,0.10697165294885644,418.2,371.26992875803984,"pearson_r, chi2_stat, entropy_reduction_ratio",0.021462384411535095,0.0,0.03848236000127135,0.010652151613004401,0.28318090477941227
intent_cn.jpush.android.intent.ACTION_RICHPUSH_CALLBACK,0,0.07046514850297729,0.13782287202691101,502.8,283.5635025880446,"pearson_r, chi2_stat, entropy_reduction_ratio",0.0017617136860127282,0.0,0.003502217838510261,0.0009605045748479959,0.34610130641551545
intent_android.intent.action.DATA_SMS_RECEIVED,0,0.07046514850297729,0.13782287202691101,502.8,283.5635025880446,"pearson_r, chi2_stat, entropy_reduction_ratio",0.0017617136860127282,0.0,0.003502217838510261,0.0009605045748479959,0.34610130641551545
perm_android.permission.READ_USER_DICTIONARY,0,0.07046514850297728,0.13782287202691101,503.3,284.29730916770916,"pearson_r, chi2_stat, entropy_reduction_ratio",0.0017617136860127282,0.0,0.003502217838510261,0.0009605045748479959,0.3461013064155154
perm_android.permission.ACCESS_SUPERUSER,0,0.07046514850297728,0.13782287202691101,503.3,284.29730916770916,"pearson_r, chi2_stat, entropy_reduction_ratio",0.0017617136860127282,0.0,0.003502217838510261,0.0009605045748479959,0.3461013064155154
suspicious_Landroid/telephony/SmsMessage;->getMessageBody,0,0.07031780036522915,0.10366499655610256,412.5,376.7641171873988,"pearson_r, chi2_stat, entropy_reduction_ratio",0.02351432560301565,0.0,0.039635153355865586,0.012438551221687315,0.27600097164557724
perm_com.google.android.providers.gsf.permission.READ_GSERVICES,0,0.06983209392434406,0.10855755907939396,422.1,364.07504720867644,"pearson_r, chi2_stat, entropy_reduction_ratio",0.018355865848569814,0.0,0.035022178385102604,0.010052153459048932,0.28573027192899897
perm_android.permission.NFC,0,0.06979058896415094,0.13465419927125716,493.3,292.95419437174814,"pearson_r, chi2_stat, entropy_reduction_ratio",0.002864831986226738,0.0,0.005491217460934824,0.0015220939725473616,0.33907480140104573
intent_android.intent.action.ACTION_POWER_DISCONNECTED,0,0.06966647314653125,0.134133334716486,492.9,293.7308972512085,"pearson_r, chi2_stat, entropy_reduction_ratio",0.003174700757998314,0.0,0.005622216055864406,0.0016279072838074804,0.33790754163498604
intent_com.google.android.gms.analytics.ANALYTICS_DISPATCH,0,0.0693113927582602,0.13175471093138774,482.7,303.4553673936251,"pearson_r, chi2_stat, entropy_reduction_ratio",0.004072008021582102,0.0,0.007575527783403113,0.002135730289030379,0.33277369769728543
intent_android.intent.action.MAIN,0,0.06898380055544996,0.1342961835594344,499.9,290.42665166957386,"pearson_r, entropy_reduction_ratio, f_stat",0.00568667707346341,0.0,2.4314927920089783e-05,0.0016638789828608855,0.3375441317930054
intent_android.media.browse.MediaBrowserService,0,0.06897482358556005,0.12049822770909849,443.9,340.69816553659336,"pearson_r, chi2_stat, entropy_reduction_ratio",0.010709590431327312,0.0,0.019241180000635676,0.005288302039119267,0.309635045456718
perm_android.permission.EXPAND_STATUS_BAR,0,0.06897482358556004,0.12049822770909846,444.6,341.71880252628773,"pearson_r, chi2_stat, entropy_reduction_ratio",0.010709590431327312,0.0,0.019241180000635676,0.005288302039119267,0.30963504545671794
perm_android.permission.MANAGE_USERS,0,0.06897482358556004,0.12049822770909846,444.6,341.71880252628773,"pearson_r, chi2_stat, entropy_reduction_ratio",0.010709590431327312,0.0,0.019241180000635676,0.005288302039119267,0.30963504545671794
perm_me.everything.badger.permission.BADGE_COUNT_READ,0,0.06897482358556004,0.12049822770909846,444.6,341.71880252628773,"pearson_r, chi2_stat, entropy_reduction_ratio",0.010709590431327312,0.0,0.019241180000635676,0.005288302039119267,0.30963504545671794
intent_androidx.work.impl.background.systemalarm.UpdateProxies,0,0.06897482358556004,0.12049822770909846,444.6,341.71880252628773,"pearson_r, chi2_stat, entropy_reduction_ratio",0.010709590431327312,0.0,0.019241180000635676,0.005288302039119267,0.30963504545671794
perm_android.permission.WRITE_SYNC_SETTINGS,0,0.06895249378599122,0.12857634827262412,472.3,313.4784841101539,"pearson_r, chi2_stat, entropy_reduction_ratio",0.00533277332963096,0.0,0.010506653515530782,0.0029102805248556332,0.32601276155993875
perm_android.permission.BROADCAST_STICKY,0,0.06889052089653405,0.12788474269600478,467.7,317.32973387314337,"pearson_r, chi2_stat, entropy_reduction_ratio",0.005819302798348964,0.0,0.010982434921869648,0.003092684676845725,0.32455818208560594
intent_android.intent.action.SEND,0,0.06877296859211256,0.11846334181783931,439.7,347.8059228937886,"pearson_r, chi2_stat, entropy_reduction_ratio",0.010844869897139477,0.0,0.021705188935519367,0.006042471384235858,0.3052723127436681
perm_android.permission.USE_CREDENTIALS,0,0.06875146055269789,0.11883576950301789,441.1,346.1849794546263,"pearson_r, chi2_stat, entropy_reduction_ratio",0.010811838526959223,0.0,0.021013307031061565,0.005909044556718119,0.30602311264875054
perm_android.permission.FLASHLIGHT,0,0.06872835086315507,0.125704147973984,460.5,324.20117211385895,"pearson_r, chi2_stat, entropy_reduction_ratio",0.007026640493626598,0.0,0.012920515342871624,0.0037015038236857434,0.31999309465559134
intent_android.content.SyncAdapter,0,0.06866703936976558,0.12290817311444158,454.1,331.5898671551952,"pearson_r, chi2_stat, entropy_reduction_ratio",0.008054637020679243,0.0,0.016488007609753753,0.0045466243122703085,0.3142459279061246
suspicious_Ldalvik/system/DexClassLoader;,0,0.06671074847840246,0.12396950372047785,467.1,321.0502141410281,"pearson_r, entropy_reduction_ratio, chi2_stat",0.009296355425924384,0.0,0.005182578074783598,0.004495215184093862,0.31457959370721045
suspicious_Base64,0,0.06643804030804772,0.1263037814144129,481.3,311.16002313922013,"pearson_r, entropy_reduction_ratio, f_stat",0.008814245686945086,0.0,0.000561608934794833,0.003846495658704893,0.31896785125979377
