feature,method_count,aggregated_score,score_std,rank_mean,rank_std,top_methods,entropy_reduction_ratio,mutual_information,chi2_stat,f_stat,pearson_r
intent_com.google.android.gms.iid.InstanceID,5,0.8864349833765045,0.11581785562907775,2.8,1.16619037896906,"pearson_r, f_stat, chi2_stat",0.7024770135540814,0.8051123808065971,0.9290248564232189,0.9961209673566719,0.9994396987419532
intent_android.intent.action.ACTION_POWER_CONNECTED,3,0.8703059936508838,0.1605064165576223,3.8,3.4871191548325386,"chi2_stat, f_stat, pearson_r",0.6393127265893674,0.7122172416650514,1.0,1.0,1.0
perm_android.permission.BLUETOOTH_ADMIN,3,0.8044632268911629,0.1596723381145702,5.8,3.8678159211627436,"pearson_r, chi2_stat, f_stat",0.5942177526170014,0.6328342630749595,0.9349246130879284,0.8792179005562794,0.9811216051196457
suspicious_getCellSignalStrength,3,0.680101119851075,0.12557112072872345,7.0,2.756809750418044,"pearson_r, mutual_information, chi2_stat",0.5764911424805068,0.6943332007418119,0.6460227627306379,0.5698977274821033,0.9137607658203148
perm_android.permission.BLUETOOTH,3,0.6591983524401119,0.15279448171756185,8.6,5.642694391866354,"pearson_r, chi2_stat, f_stat",0.491097844784996,0.5577186587715351,0.7348591736303185,0.5923777988007508,0.919938286212959
n_api_calls,2,0.5309859315606065,0.4216176613547045,15.0,12.58570617804182,"entropy_reduction_ratio, mutual_information, pearson_r",1.0,1.0,0.0876598784184812,0.028727255615110938,0.5385425237694402
n_receivers,2,0.4275264468571899,0.30394638592611506,206.0,396.5228871074153,"mutual_information, entropy_reduction_ratio, chi2_stat",0.7632092030211343,0.7944126634457538,0.34693964117315934,0.2022776444720025,0.030793082173899443
n_activities,2,0.36958303724660146,0.3374246534328019,212.2,387.64901650849055,"entropy_reduction_ratio, mutual_information, pearson_r",0.7938718626047835,0.7517268104862138,0.03615546069744873,0.03262832682739632,0.2335327256171649
perm_android.permission.READ_PHONE_STATE,1,0.6858936739603578,0.13803234800394254,6.2,1.32664991614216,"pearson_r, mutual_information, entropy_reduction_ratio",0.6636470510085845,0.7740591774708773,0.5596415808934931,0.5299998895265459,0.9021206709022883
n_urls,1,0.35495502065779433,0.31606190095551967,210.4,388.9254941502292,"entropy_reduction_ratio, mutual_information, pearson_r",0.7580328738251957,0.7178714150225985,0.05845177806072792,0.060332617647468646,0.180086418732981
suspicious_getCellLocation,0,0.6639072804624044,0.1306553994833447,7.8,1.16619037896906,"pearson_r, mutual_information, entropy_reduction_ratio",0.6456118624842313,0.6795899810078313,0.5645416821943451,0.5282146407271661,0.901578235898448
perm_android.permission.ACCESS_FINE_LOCATION,0,0.6282792014650721,0.13642678496000382,9.2,2.481934729198171,"pearson_r, entropy_reduction_ratio, mutual_information",0.5843573375582681,0.580966117243237,0.5719684532713539,0.5086122481488602,0.895491851103641
perm_android.permission.ACCESS_COARSE_LOCATION,0,0.5674048484738841,0.15624964292525942,11.2,2.3151673805580453,"pearson_r, mutual_information, entropy_reduction_ratio",0.5232775556814635,0.577272932076596,0.4742248308687951,0.40394362686944507,0.8583052968731208
intent_com.google.android.c2dm.intent.REGISTRATION,0,0.5255543558785194,0.16808147598249243,13.2,4.445222154178573,"pearson_r, chi2_stat, entropy_reduction_ratio",0.4683263437497119,0.4176634598974677,0.4943810633464556,0.3933698960790932,0.8540310163198681
intent_android.intent.action.VIEW,0,0.43673928657317107,0.1942518592732643,14.2,2.5612496949731396,"pearson_r, mutual_information, entropy_reduction_ratio",0.409405032462264,0.5072004681822483,0.2656620630732975,0.2309887136368402,0.7704401555112056
perm_android.permission.GET_ACCOUNTS,0,0.35390880814713743,0.19780933371838108,20.0,7.797435475847171,"pearson_r, chi2_stat, mutual_information",0.23913429119518648,0.29246209259987654,0.30925135340109555,0.18839001324739585,0.7403062902921329
n_providers,0,0.34525287531709836,0.3018932075038776,247.8,336.00857131924477,"mutual_information, entropy_reduction_ratio, pearson_r",0.6673277875708156,0.6820970812244218,0.000901372028571721,0.00028991940136569125,0.3756482163603167
n_permissions,0,0.344416182777454,0.22021738725603146,19.6,5.351635264103861,"pearson_r, entropy_reduction_ratio, mutual_information",0.49602936120641744,0.4799606177656622,0.10641627660559326,0.05219256170068135,0.5874820966089158
intent_com.tappx.sdk.SILP,0,0.3375550819186547,0.21669087628261222,21.4,11.42978564978364,"pearson_r, chi2_stat, entropy_reduction_ratio",0.2134366273827921,0.16250858465363072,0.3637276203964864,0.19947836409275183,0.7486242130676126
n_services,0,0.3175810370406939,0.26289334466699854,55.2,37.47745989258077,"mutual_information, entropy_reduction_ratio, pearson_r",0.5725962644868239,0.5840421966352357,0.004468483327853688,0.001522950483811306,0.4252752902697449
n_used_permissions,0,0.26723300862160265,0.21322525133797515,42.0,23.98332754227403,"pearson_r, mutual_information, entropy_reduction_ratio",0.40198686228535874,0.4368190368664558,0.005229277146722701,0.010623978105875826,0.4815058887036001
perm_android.permission.FLASHLIGHT,0,0.23041697434063946,0.13840162052234709,214.4,390.8056294374481,"mutual_information, entropy_reduction_ratio, chi2_stat",0.34383732067248696,0.44370602633523626,0.14227608342909576,0.13554957073205906,0.08671587053431924
perm_android.permission.VIBRATE,0,0.22525411035747153,0.14242140097287756,215.2,392.42905091239106,"entropy_reduction_ratio, mutual_information, f_stat",0.39253006435657434,0.34651099747075426,0.13887313968404194,0.24835635027598707,0.0
intent_android.appwidget.action.APPWIDGET_UPDATE,0,0.22178686356403535,0.12431578819521633,214.8,391.10786236024455,"mutual_information, entropy_reduction_ratio, chi2_stat",0.35238530437297444,0.3894002413346379,0.14468754247026686,0.14066023627874408,0.08180099336355344
intent_com.google.android.gms.analytics.ANALYTICS_DISPATCH,0,0.21725072730813982,0.11786546866224513,214.6,391.711424393009,"entropy_reduction_ratio, mutual_information, chi2_stat",0.36108662782568474,0.35527107552592413,0.14709900151143795,0.14598382087828207,0.07681311079937041
intent_android.net.ConnectivityManager.CONNECTIVITY_ACTION,0,0.2163134105957488,0.12033251224333784,216.6,387.95520359959085,"mutual_information, entropy_reduction_ratio, chi2_stat",0.329231404048739,0.39204694945419016,0.1380560301070463,0.12708114641594018,0.09515152295282833
intent_android.intent.action.ACTION_VIEW_DOWNLOADS,0,0.20894107754360053,0.11002811607732861,217.2,387.6544337422184,"mutual_information, entropy_reduction_ratio, chi2_stat",0.329231404048739,0.35518528419344875,0.1380560301070463,0.12708114641594018,0.09515152295282833
intent_android.appwidget.action.APPWIDGET_CONFIGURE,0,0.20829938893421202,0.10894755315235062,216.8,388.6064332972371,"mutual_information, entropy_reduction_ratio, chi2_stat",0.33129124211476185,0.34933232095297,0.13865889486733907,0.1282556848922262,0.09395880184376287
intent_android.intent.action.MEDIA_BUTTON,0,0.20824550625014618,0.1086702290685191,216.6,389.21387436729435,"mutual_information, entropy_reduction_ratio, chi2_stat",0.3333598596284589,0.3464021710786489,0.13926175962763185,0.1294417003822108,0.09276204053378043
intent_android.intent.action.DOWNLOAD_COMPLETE,0,0.19162584137611835,0.09692386971889169,219.0,385.50538258239663,"mutual_information, entropy_reduction_ratio, chi2_stat",0.2676565146197692,0.3451002278134592,0.12225965542927561,0.11261348704829431,0.11049932196979334
intent_android.intent.action.DOWNLOAD_NOTIFICATION_CLICKED,0,0.18159174091212113,0.0795662018782462,219.0,386.0098444340507,"entropy_reduction_ratio, mutual_information, chi2_stat",0.29318249750867065,0.26224917781841395,0.1300012875525684,0.11968630575781909,0.10283943592313365
intent_com.datouniao.AdPublisher.service.check,0,0.15664170990927131,0.19097185489515708,35.1,10.997272389097217,"pearson_r, mutual_information, chi2_stat",0.03158001237593494,0.1408773491429033,0.05595809544561328,0.02524415951899178,0.5295489330629133
perm_android.permission.ACCESS_MOCK_LOCATION,0,0.14636679573189196,0.1929157839975214,47.5,32.874001885988875,"pearson_r, mutual_information, chi2_stat",0.03158001237593494,0.08950277825600644,0.05595809544561328,0.02524415951899178,0.5295489330629133
suspicious_Ldalvik/system/PathClassLoader;,0,0.13475983552010523,0.050308057748806645,221.6,383.72104451020147,"pearson_r, mutual_information, entropy_reduction_ratio",0.17120787525606526,0.17437467961940026,0.0878700107688179,0.06045514062905874,0.17989147132718405
perm_com.android.vending.BILLING,0,0.13104277253077118,0.08710610766538301,221.8,382.10438364405087,"mutual_information, pearson_r, entropy_reduction_ratio",0.09759966965741639,0.23506052809359987,0.05603033542502771,0.032359428204886166,0.23416390127292572
intent_android.intent.action.PACKAGE_ADDED,0,0.1287006297111793,0.20045709776528836,177.9,289.3825150212086,"pearson_r, chi2_stat, entropy_reduction_ratio",0.04067899161078691,0.0,0.049904896335658956,0.024736203455446658,0.5281830571540038
intent_android.intent.action.CREATE_SHORTCUT,0,0.12846624008069066,0.20133060945773074,176.6,290.07523162103996,"pearson_r, chi2_stat, entropy_reduction_ratio",0.03158001237593494,0.0,0.05595809544561328,0.02524415951899178,0.5295489330629133
perm_com.android.browser.permission.READ_HISTORY_BOOKMARKS,0,0.12846624008069063,0.20133060945773065,177.0,289.8561712298015,"pearson_r, chi2_stat, entropy_reduction_ratio",0.03158001237593494,0.0,0.05595809544561328,0.02524415951899178,0.5295489330629132
perm_com.android.launcher.permission.INSTALL_SHORTCUT,0,0.1274351544957103,0.19144939639279376,81.8,91.492950548116,"pearson_r, mutual_information, chi2_stat",0.025234370798971305,0.042849319188802665,0.04073576024822064,0.018464396256397054,0.5098919259861598
perm_android.permission.ACCESS_WIFI_STATE,0,0.12510056055951788,0.1895840129979029,80.0,70.92813264142798,"pearson_r, mutual_information, entropy_reduction_ratio",0.049368625007638826,0.05259690432130645,0.004877440664814943,0.016194413857904447,0.5024654189459248
intent_com.google.firebase.INSTANCE_ID_EVENT,0,0.11942854614622192,0.07674278730886194,223.8,380.60656851925194,"pearson_r, mutual_information, entropy_reduction_ratio",0.10449350595055376,0.1684310127684674,0.05425782842635006,0.02988012032240198,0.24008026326333634
intent_android.content.SyncAdapter,0,0.11821200166716259,0.18566615079506346,86.2,80.94664909679709,"pearson_r, mutual_information, chi2_stat",0.01573709464387457,0.0461305968005601,0.02797904772280664,0.012421728859492108,0.4887915403090795
intent_android.intent.action.USER_PRESENT,0,0.11589769684361559,0.1913695523437113,119.8,162.81449566915103,"pearson_r, chi2_stat, entropy_reduction_ratio",0.021363899207186725,0.011603515743360389,0.03316174837693818,0.01500503104198728,0.49835428984860536
perm_android.permission.WRITE_EXTERNAL_STORAGE,0,0.11581182503656151,0.17398299663977101,82.2,40.61231340369569,"pearson_r, mutual_information, entropy_reduction_ratio",0.01568422309924175,0.10113034532023862,0.0008189797147215405,0.0054556956433476226,0.455969881405258
intent_com.qihoo.appstore.LitePluginTipDialogActivity,0,0.11392515247956843,0.15477669262013552,462.0,220.20308808007212,"pearson_r, mutual_information, entropy_reduction_ratio",0.0,0.17889529499166593,0.0,0.0,0.39073046740617623
perm_android.permission.WRITE_INTERNAL_STORAGE,0,0.11384626481634288,0.15053221258741975,292.7,308.48737413385334,"pearson_r, mutual_information, entropy_reduction_ratio",0.001046146189735387,0.1909820570230673,0.0006028647602927785,0.000264074633144065,0.3763361814754748
perm_com.google.android.finsky.permission.BIND_GET_INSTALL_REFERRER_SERVICE,0,0.11384049255037769,0.07805153353926667,226.0,379.02137142910556,"pearson_r, mutual_information, entropy_reduction_ratio",0.09678528993682,0.14812184614705873,0.05064063986459339,0.02741275046521112,0.24624193633820524
intent_android.intent.action.BOOT_COMPLETED,0,0.11383820413143728,0.19113039081027425,117.8,152.48396637023842,"pearson_r, entropy_reduction_ratio, mutual_information",0.03233775462440344,0.015148849239177111,0.011590906604982102,0.014295097750404388,0.4958184124382194
perm_com.google.android.googleapps.permission.GOOGLE_AUTH.print,0,0.11358275803830656,0.15463441623051857,462.2,219.8143762359505,"pearson_r, mutual_information, entropy_reduction_ratio",0.0,0.1771833227853566,0.0,0.0,0.39073046740617623
intent_com.google.vr.vrcore.ACTION_NONE,0,0.11295917717441765,0.12974468579882495,236.2,371.0349848733944,"pearson_r, mutual_information, entropy_reduction_ratio",0.016559927329557068,0.2065035047000305,0.01215987364220594,0.005738401052074165,0.3238341791482206
perm_android.permission.PACKAGE_USAGE_STATS,0,0.11149358916642631,0.18873529887180157,125.0,158.2788678251143,"pearson_r, chi2_stat, entropy_reduction_ratio",0.01573709464387457,0.012538534296878755,0.02797904772280664,0.012421728859492108,0.4887915403090795
perm_com.android.voicemail.permission.ADD_VOICEMAIL,0,0.11137237903064597,0.1537861602290623,462.8,218.6484850164757,"pearson_r, mutual_information, entropy_reduction_ratio",0.0,0.1661314277470536,0.0,0.0,0.39073046740617623
perm_android.permission.RESTART_PACKAGES,0,0.1108996725778814,0.1890501681699851,127.4,163.0706595313823,"pearson_r, chi2_stat, entropy_reduction_ratio",0.01573709464387457,0.009568951354154186,0.02797904772280664,0.012421728859492108,0.4887915403090795
intent_com.qihoo360.daemon.pcdaemon.ACTION_START_CAPTURE,0,0.11051310321714951,0.15348951184178444,463.2,217.87142997648863,"pearson_r, mutual_information, entropy_reduction_ratio",0.0,0.16183504867957135,0.0,0.0,0.39073046740617623
perm_android.permission.BACKUP,0,0.10999547639055418,0.15331983160709156,463.4,217.48296485012338,"pearson_r, mutual_information, entropy_reduction_ratio",0.0,0.15924691454659465,0.0,0.0,0.39073046740617623
intent_com.tencent.mm.plugin.openapi.Intent.ACTION_REFRESH_WXAPP,0,0.10986628501219617,0.18257436681125908,107.4,109.25310064249892,"pearson_r, mutual_information, chi2_stat",0.012458921863935803,0.03279097322321459,0.02036788012411032,0.009063752358889652,0.4746498974908305
perm_com.huaqin.launcherEx.permission.READ_SETTINGS,0,0.1091241002529358,0.15304958312133568,463.6,217.09454161724105,"pearson_r, mutual_information, entropy_reduction_ratio",0.0,0.15489003385850278,0.0,0.0,0.39073046740617623
perm_android.permission.PROCESS_OUTGOING_CALLS,0,0.10898588230705057,0.19011172492703085,188.1,284.35513007505244,"pearson_r, chi2_stat, entropy_reduction_ratio",0.01573709464387457,0.0,0.02797904772280664,0.012421728859492108,0.4887915403090795
perm_android.permission.EXPAND_STATUS_BAR,0,0.10898588230705057,0.19011172492703085,188.1,284.35513007505244,"pearson_r, chi2_stat, entropy_reduction_ratio",0.01573709464387457,0.0,0.02797904772280664,0.012421728859492108,0.4887915403090795
perm_android.permission.REORDER_TASKS,0,0.10898588230705057,0.19011172492703085,188.1,284.35513007505244,"pearson_r, chi2_stat, entropy_reduction_ratio",0.01573709464387457,0.0,0.02797904772280664,0.012421728859492108,0.4887915403090795
perm_android.permission.INTERACT_ACROSS_USERS,0,0.10898588230705057,0.19011172492703085,188.1,284.35513007505244,"pearson_r, chi2_stat, entropy_reduction_ratio",0.01573709464387457,0.0,0.02797904772280664,0.012421728859492108,0.4887915403090795
perm_android.permission.WRITE_SYNC_SETTINGS,0,0.10898588230705057,0.19011172492703085,188.1,284.35513007505244,"pearson_r, chi2_stat, entropy_reduction_ratio",0.01573709464387457,0.0,0.02797904772280664,0.012421728859492108,0.4887915403090795
perm_android.permission.READ_SYNC_STATS,0,0.10898588230705057,0.19011172492703085,188.1,284.35513007505244,"pearson_r, chi2_stat, entropy_reduction_ratio",0.01573709464387457,0.0,0.02797904772280664,0.012421728859492108,0.4887915403090795
intent_com.adroid.SERVICE,0,0.10898588230705057,0.19011172492703085,188.1,284.35513007505244,"pearson_r, chi2_stat, entropy_reduction_ratio",0.01573709464387457,0.0,0.02797904772280664,0.012421728859492108,0.4887915403090795
intent_com.google.android.c2dm.intent.RECEIVE,0,0.10875124170978237,0.17666654550521432,86.8,58.121940779709,"pearson_r, mutual_information, entropy_reduction_ratio",0.012692811409630453,0.05545263063961075,0.009159036327550716,0.006200639144357178,0.4602510910277627
intent_com.qihoo.appstore.ACTION_GAME_UNION_WEB,0,0.10799856219041633,0.1527292363526242,463.8,216.70616050311077,"pearson_r, mutual_information, entropy_reduction_ratio",0.0,0.1492623435459054,0.0,0.0,0.39073046740617623
intent_com.phonemetra.turbo.launcher.icons.ACTION_PICK_ICON,0,0.10738717732917902,0.1525688654351655,464.2,215.92952554016324,"pearson_r, mutual_information, entropy_reduction_ratio",0.0,0.14620541923971886,0.0,0.0,0.39073046740617623
intent_com.excelliance.kxqp.action.space.stat,0,0.10735957131527205,0.1525618514396361,464.4,215.54127214990638,"pearson_r, mutual_information, entropy_reduction_ratio",0.0,0.146067389170184,0.0,0.0,0.39073046740617623
intent_com.door.pay.sdk.app.action,0,0.10733627257927911,0.1525559471130374,464.6,215.15306179555057,"pearson_r, mutual_information, entropy_reduction_ratio",0.0,0.1459508954902194,0.0,0.0,0.39073046740617623
perm_com.yulong.android.launcher3.WRITE_SETTINGS,0,0.10727582259631022,0.15254069329121,464.8,214.76489471047174,"pearson_r, mutual_information, entropy_reduction_ratio",0.0,0.14564864557537485,0.0,0.0,0.39073046740617623
perm_com.google.android.c2dm.permission.RECEIVE,0,0.10573901380026443,0.17171046910049081,90.8,41.86358799720826,"pearson_r, mutual_information, entropy_reduction_ratio",0.008123407804141796,0.06492922859868469,0.005629262428641763,0.003922086022473998,0.44609108414737986
intent_android.fbreader.action.CLOSE,0,0.10560004903957365,0.15215547198088386,465.4,213.60065542970602,"pearson_r, mutual_information, entropy_reduction_ratio",0.0,0.13726977779169208,0.0,0.0,0.39073046740617623
intent_oh.rt.hj.j.g,0,0.10532396494123306,0.1520989990973922,465.8,212.82471660970205,"pearson_r, mutual_information, entropy_reduction_ratio",0.0,0.13588935729998908,0.0,0.0,0.39073046740617623
intent_android.media.AUDIO_BECOMING_NOISY,0,0.10527776082501183,0.1520897418362861,466.0,212.43681413540358,"pearson_r, mutual_information, entropy_reduction_ratio",0.0,0.13565833671888294,0.0,0.0,0.39073046740617623
suspicious_getSubscriberId,0,0.10472906205412269,0.17567843132529334,100.8,83.22836055095642,"pearson_r, mutual_information, chi2_stat",0.01005663250431595,0.042599673123353124,0.010600166138713498,0.005307485973510586,0.4550813525307203
perm_android.permission.RECORD_AUDIO,0,0.10470513565217177,0.1503161314144663,303.8,288.04680175277076,"pearson_r, mutual_information, chi2_stat",6.596316435815189e-05,0.1375110281849111,6.704654043697273e-05,3.0333080625134738e-05,0.3858513072905275
intent_org.agoo.android.intent.action.RE_ELECTION_V2,0,0.10378082054553697,0.1518199495359258,466.2,212.04895661143914,"pearson_r, mutual_information, entropy_reduction_ratio",0.0,0.12817363532150866,0.0,0.0,0.39073046740617623
intent_com.excelliance.kxqp.action.init,0,0.1032233755840946,0.1517344547334147,466.4,211.66114428491596,"pearson_r, mutual_information, entropy_reduction_ratio",0.0,0.12538641051429683,0.0,0.0,0.39073046740617623
intent_com.qihoo.appstore.batteryrank.POWERPERCENT,0,0.10235358501167288,0.15161733574406683,466.6,211.27337740472652,"pearson_r, mutual_information, entropy_reduction_ratio",0.0,0.12103745765218825,0.0,0.0,0.39073046740617623
perm_com.sonyericsson.home.READ_SETTINGS,0,0.10187826840962026,0.1515617322806271,466.8,210.88565622156474,"pearson_r, mutual_information, entropy_reduction_ratio",0.0,0.1186608746419251,0.0,0.0,0.39073046740617623
perm_com.google.android.googleapps.permission.GOOGLE_AUTH.sitemaps,0,0.10186868427622961,0.1515606722268458,467.0,210.49798098794201,"pearson_r, mutual_information, entropy_reduction_ratio",0.0,0.11861295397497179,0.0,0.0,0.39073046740617623
intent_android.intent.action.ANY_DATA_STATE,0,0.10185243691594177,0.15155888070778023,467.2,210.11035195820315,"pearson_r, mutual_information, entropy_reduction_ratio",0.0,0.11853171717353263,0.0,0.0,0.39073046740617623
perm_com.android.launcher2.permission.WRITE_SETTINGS,0,0.10183967847690534,0.15155747876414924,467.4,209.722769388543,"pearson_r, mutual_information, entropy_reduction_ratio",0.0,0.11846792497835047,0.0,0.0,0.39073046740617623
perm_android.permission.CHANGE_CONFIGURATION,0,0.10148080971646581,0.14196090686144344,268.4,339.1882073421775,"pearson_r, mutual_information, entropy_reduction_ratio",0.0031451970815622697,0.13590565465934357,0.0018085942808783353,0.0007958836139182223,0.3657487189466266
intent_com.meizu.flyme.push.intent.UNREGISTER.FEEDBACK,0,0.1014196433389611,0.15151371618367748,467.6,209.3352335370231,"pearson_r, mutual_information, entropy_reduction_ratio",0.0,0.11636774928862931,0.0,0.0,0.39073046740617623
intent_action.com.excelliance.install.plugin,0,0.10128255815380247,0.15150043905360855,467.8,208.94774466358808,"pearson_r, mutual_information, entropy_reduction_ratio",0.0,0.11568232336283614,0.0,0.0,0.39073046740617623
intent_android.intent.action.CHINAMOBILE_OMS_GAME,0,0.10111751777669889,0.15148511115413243,468.0,208.56030303008288,"pearson_r, mutual_information, entropy_reduction_ratio",0.0,0.11485712147731814,0.0,0.0,0.39073046740617623
intent_com.qihoo.appstore.checkupdate.INIT_APK_INFO,0,0.10111640827289267,0.15148501053905844,468.2,208.1729089002697,"pearson_r, mutual_information, entropy_reduction_ratio",0.0,0.11485157395828721,0.0,0.0,0.39073046740617623
perm_android.permission.RECORD_VIDEO,0,0.10092820694858866,0.15146841302472763,468.4,207.7855625398454,"pearson_r, mutual_information, entropy_reduction_ratio",0.0,0.11391056733676702,0.0,0.0,0.39073046740617623
intent_com.qihoo.appstore.plugin.share.IpluginService,0,0.10071735882202848,0.15145092723132145,468.8,207.01101419972804,"pearson_r, mutual_information, entropy_reduction_ratio",0.0,0.11285632670396613,0.0,0.0,0.39073046740617623
perm_android.permission.BODY_SENSORS,0,0.10062479839424118,0.15144362136728667,469.0,206.62381276125944,"pearson_r, mutual_information, entropy_reduction_ratio",0.0,0.11239352456502973,0.0,0.0,0.39073046740617623
intent_co.ronash.pushe.service.ScreenStateService,0,0.10053670362630696,0.15143687783756254,469.2,206.2366601746644,"pearson_r, mutual_information, entropy_reduction_ratio",0.0,0.11195305072535859,0.0,0.0,0.39073046740617623
intent_com.qihoo360.mobilesafe.pcdaemon.sms.restore.end,0,0.10044997199066788,0.15143043862375058,469.4,205.8495567155781,"pearson_r, mutual_information, entropy_reduction_ratio",0.0,0.1115193925471631,0.0,0.0,0.39073046740617623
perm_net.qihoo.launcher.permission.READ_SETTINGS,0,0.10036503706991332,0.1514243251159767,469.6,205.46250266167792,"pearson_r, mutual_information, entropy_reduction_ratio",0.0,0.11109471794339036,0.0,0.0,0.39073046740617623
perm_com.sec.android.app.twlauncher.settings.READ_SETTINGS,0,0.10010589586396312,0.15140684875066077,469.8,205.07549829270195,"pearson_r, mutual_information, entropy_reduction_ratio",0.0,0.10979901191363942,0.0,0.0,0.39073046740617623
perm_android.permission.MOUNT_UNMOUNT_FILESYSTEMS,0,0.1000115388267383,0.18229096423579344,144.6,179.51111386206705,"pearson_r, chi2_stat, entropy_reduction_ratio",0.011308842242374145,0.0018377591475290766,0.015445511094231808,0.006984250634954272,0.46448133101460215
intent_com.qihoo360.accounts.action.START_SERVICE,0,0.09980828767911627,0.1513889646895906,470.2,204.30163973889196,"pearson_r, mutual_information, entropy_reduction_ratio",0.0,0.10831097098940515,0.0,0.0,0.39073046740617623
intent_com.qihoo.appstore.NOTIFY_DELETE,0,0.0996091069168898,0.1513783015488179,470.6,203.52798333398775,"pearson_r, mutual_information, entropy_reduction_ratio",0.0,0.10731506717827274,0.0,0.0,0.39073046740617623
perm_com.samsung.svoice.sync.ACCESS_SERVICE,0,0.099529430388522,0.151374329411822,470.8,203.14123165915873,"pearson_r, mutual_information, entropy_reduction_ratio",0.0,0.10691668453643378,0.0,0.0,0.39073046740617623
intent_show_about,0,0.09948675258934911,0.1513722707333118,471.0,202.75453139202585,"pearson_r, mutual_information, entropy_reduction_ratio",0.0,0.10670329554056933,0.0,0.0,0.39073046740617623
perm_android.permission.MANAGE_ACCOUNTS,0,0.09940510744059042,0.17431799088890113,123.8,112.40266900745729,"pearson_r, mutual_information, chi2_stat",0.006516393488059957,0.029487727096922357,0.009308294697333032,0.004136376242235622,0.44757674567840117
intent_com.qihoo.appstore.plugin.battery.setPowerRankConfig,0,0.0993305598215704,0.15136514654320915,471.4,201.98128626187133,"pearson_r, mutual_information, entropy_reduction_ratio",0.0,0.10592233170167573,0.0,0.0,0.39073046740617623
perm_com.meizu.flyme.launcher.permission.READ_SETTINGS,0,0.09922201967622486,0.15136057534293362,471.6,201.59474199492405,"pearson_r, mutual_information, entropy_reduction_ratio",0.0,0.10537963097494807,0.0,0.0,0.39073046740617623
perm_com.qihoo.appstore.permission.NEWS_SDK_BROADCAST,0,0.09921626796677535,0.15136034179034594,471.8,201.20825032786303,"pearson_r, mutual_information, entropy_reduction_ratio",0.0,0.10535087242770053,0.0,0.0,0.39073046740617623
perm_com.qihoo360.home.permission.WRITE_SETTINGS,0,0.09918247033035557,0.15135898706634157,472.0,200.82181156438162,"pearson_r, mutual_information, entropy_reduction_ratio",0.0,0.10518188424560158,0.0,0.0,0.39073046740617623
intent_com.baidu.action.Xshield.VIEW,0,0.09917639752765726,0.15135874684586503,472.2,200.43542601047352,"pearson_r, mutual_information, entropy_reduction_ratio",0.0,0.1051515202321101,0.0,0.0,0.39073046740617623
perm_com.yulong.android.launcherL.permission.READ_SETTINGS,0,0.09850496070130906,0.15133819650552974,472.4,200.04909397445417,"pearson_r, mutual_information, entropy_reduction_ratio",0.0,0.10179433610036905,0.0,0.0,0.39073046740617623
perm_com.sonymobile.home.permission.PROVIDER_ACCESS_MODIFY_CONFIGURATION,0,0.09841049965726378,0.15133626127743738,472.6,199.66281576698253,"pearson_r, mutual_information, entropy_reduction_ratio",0.0,0.10132203088014266,0.0,0.0,0.39073046740617623
intent_com.kingroot.kinguser.service.IKCommonManagerInterface,0,0.09837241713127633,0.15133554777916858,472.8,199.27659170108262,"pearson_r, mutual_information, entropy_reduction_ratio",0.0,0.1011316182502054,0.0,0.0,0.39073046740617623
perm_org.adw.launcher.permission.WRITE_SETTINGS,0,0.09821176348176283,0.15133295975610345,473.2,198.5043072580542,"pearson_r, mutual_information, entropy_reduction_ratio",0.0,0.10032835000263791,0.0,0.0,0.39073046740617623
intent_com.excelliance.kxqp.action.time,0,0.09806460706729361,0.15133118776384813,473.4,198.11824751900062,"pearson_r, mutual_information, entropy_reduction_ratio",0.0,0.09959256793029185,0.0,0.0,0.39073046740617623
intent_com.qihoo.appstore.ACTION_LOCK_SCREEN_AD_ADD_LISTENER,0,0.09788748130655313,0.15132981398817963,473.6,197.7322431977142,"pearson_r, mutual_information, entropy_reduction_ratio",0.0,0.09870693912658941,0.0,0.0,0.39073046740617623
intent_com.telecom.sdk_auth_ui.SMS_UNSUB_SEND_RESULT_ACTION,0,0.09778273375086828,0.15132939178326021,473.8,197.3462946193822,"pearson_r, mutual_information, entropy_reduction_ratio",0.0,0.09818320134816519,0.0,0.0,0.39073046740617623
intent_android.intent.action.USER_CLEARNOTIFY,0,0.09765070171633257,0.15132927277371278,474.0,196.9604021116935,"pearson_r, mutual_information, entropy_reduction_ratio",0.0,0.09752304117548663,0.0,0.0,0.39073046740617623
perm_com.google.android.googleapps.permission.GOOGLE_AUTH.mail,0,0.09754722165544952,0.1513295015895904,474.2,196.5745660048624,"pearson_r, mutual_information, entropy_reduction_ratio",0.0,0.09700564087107132,0.0,0.0,0.39073046740617623
perm_com.teslacoilsw.launcher.permission.READ_SETTINGS,0,0.09753185119184152,0.15132955972001613,474.4,196.18878663165233,"pearson_r, mutual_information, entropy_reduction_ratio",0.0,0.0969287885530313,0.0,0.0,0.39073046740617623
intent_cn.jpush.android.intent.NOTIFICATION_RECEIVED,0,0.09748042991625433,0.14316017694937758,281.3,322.06670116607836,"pearson_r, mutual_information, entropy_reduction_ratio",0.0020945419798850777,0.11321906693834378,0.001205729520585557,0.0005293662180038204,0.3703534449244534
intent_com.qihoo.appstore.ACTION_UPDATE_LAST_WX_CLEAR,0,0.09742820971928655,0.15133011470250432,474.6,195.80306432740016,"pearson_r, mutual_information, entropy_reduction_ratio",0.0,0.09641058119025653,0.0,0.0,0.39073046740617623
perm_android.permission.MANAGE_USERS,0,0.0973424063803172,0.15133078899079416,474.8,195.41739943004055,"pearson_r, mutual_information, entropy_reduction_ratio",0.0,0.09598156449540977,0.0,0.0,0.39073046740617623
perm_android.permission.SYSTEM_ALERT_WINDOW,0,0.09731636834197914,0.17899724096774267,143.8,169.47377378225812,"pearson_r, chi2_stat, entropy_reduction_ratio",0.00942002382964106,0.005005830464241626,0.011539208302478964,0.005339967338913751,0.4552768117746203
perm_com.ebproductions.android.launcher.permission.READ_SETTINGS,0,0.09723928560112267,0.15133185683889477,475.0,195.0317922801306,"pearson_r, mutual_information, entropy_reduction_ratio",0.0,0.09546596059943714,0.0,0.0,0.39073046740617623
intent_android.bluetooth.adapter.action.STATE_CHANGED,0,0.0971500254961428,0.16272470732539113,125.0,40.25916044827562,"pearson_r, mutual_information, entropy_reduction_ratio",0.0022008384969733875,0.062245791671398674,0.0010990515992995496,0.001031886777526599,0.4191725589355158
perm_android.permission.PERSISTENT_ACTIVITY,0,0.09710435466383674,0.1513336785799786,475.2,194.64624322087494,"pearson_r, mutual_information, entropy_reduction_ratio",0.0,0.09479130591300751,0.0,0.0,0.39073046740617623
perm_com.google.android.googleapps.permission.GOOGLE_AUTH.sierraqa,0,0.09694017585075484,0.15133654416060896,475.6,193.87532076053415,"pearson_r, mutual_information, entropy_reduction_ratio",0.0,0.09397041184759797,0.0,0.0,0.39073046740617623
perm_com.amazon.device.messaging.permission.RECEIVE,0,0.0968484872244401,0.14557943095818532,298.7,294.3118414199469,"pearson_r, mutual_information, entropy_reduction_ratio",0.001046146189735387,0.1059931690635534,0.0006028647602927785,0.000264074633144065,0.3763361814754749
perm_org.adw.launcher.permission.READ_SETTINGS,0,0.09682752918072433,0.15133892236836,475.8,193.48994805932423,"pearson_r, mutual_information, entropy_reduction_ratio",0.0,0.09340717849744545,0.0,0.0,0.39073046740617623
intent_action_send_pop,0,0.09652427336877503,0.1513469912565613,476.0,193.10463484857115,"pearson_r, mutual_information, entropy_reduction_ratio",0.0,0.09189089943769896,0.0,0.0,0.39073046740617623
intent_cn.jpush.android.intent.REPORT,0,0.09640013573606465,0.14305767959212098,283.1,320.8869582890523,"pearson_r, mutual_information, entropy_reduction_ratio",0.0020945419798850777,0.10781759603739542,0.001205729520585557,0.0005293662180038204,0.3703534449244534
perm_com.motorola.dlauncher.permission.READ_SETTINGS,0,0.09638951486511507,0.1513513566999205,476.2,192.71938148510128,"pearson_r, mutual_information, entropy_reduction_ratio",0.0,0.09121710691939917,0.0,0.0,0.39073046740617623
perm_android.permission.READ_OWNER_DATA,0,0.096244559348565,0.15135658810056746,476.4,192.33418832854446,"pearson_r, mutual_information, entropy_reduction_ratio",0.0,0.0904923293366488,0.0,0.0,0.39073046740617623
intent_download.service.action,0,0.09624129779553427,0.1513567121947428,476.6,191.9490557413607,"pearson_r, mutual_information, entropy_reduction_ratio",0.0,0.0904760215714951,0.0,0.0,0.39073046740617623
perm_android.permission.CHANGE_COMPONENT_ENABLED_STATE,0,0.09621854867326377,0.1513575855596275,476.8,191.56398408886778,"pearson_r, mutual_information, entropy_reduction_ratio",0.0,0.09036227596014262,0.0,0.0,0.39073046740617623
intent_com.sogou.androidtool.action.service,0,0.09616212679181001,0.15135981066321516,477.0,191.1789737392687,"pearson_r, mutual_information, entropy_reduction_ratio",0.0,0.0900801665528738,0.0,0.0,0.39073046740617623
perm_com.excelliance.dualaid.assist,0,0.09612889433766832,0.15136116060111934,477.2,190.7940250636796,"pearson_r, mutual_information, entropy_reduction_ratio",0.0,0.08991400428216531,0.0,0.0,0.39073046740617623
intent_android.intent.action.ACTION_SHUTDOWN,0,0.09595517317715746,0.15136869217414164,477.6,190.0243142337317,"pearson_r, mutual_information, entropy_reduction_ratio",0.0,0.08904539847961107,0.0,0.0,0.39073046740617623
perm_android.permission.TRANSMIT_IR,0,0.09594918814592328,0.15136896585571039,477.8,189.63955283642701,"pearson_r, mutual_information, entropy_reduction_ratio",0.0,0.08901547332344016,0.0,0.0,0.39073046740617623
perm_com.google.android.googleapps.permission.GOOGLE_AUTH.wise,0,0.09585280454825533,0.15137350354728005,478.0,189.2548546272988,"pearson_r, mutual_information, entropy_reduction_ratio",0.0,0.08853355533510043,0.0,0.0,0.39073046740617623
intent_qihooappstore.gotoadmin,0,0.09578529264832081,0.1513768280829199,478.2,188.87021999245934,"pearson_r, mutual_information, entropy_reduction_ratio",0.0,0.0881959958354278,0.0,0.0,0.39073046740617623
intent_com.igexin.sdk.action.user.message,0,0.09571280760938691,0.15138053150164088,478.4,188.48564932110878,"pearson_r, mutual_information, entropy_reduction_ratio",0.0,0.08783357064075833,0.0,0.0,0.39073046740617623
intent_android.intent.action.PACKAGE_REMOVED,0,0.09566933148243509,0.16247146011066918,127.2,46.477521448545424,"pearson_r, mutual_information, chi2_stat",0.0017923613495521517,0.05562162778041119,0.0020842694996352626,0.0009419832587334705,0.4179064155238434
intent_android.intent.action.UMS_DISCONNECTED,0,0.095568686721994,0.151388307098956,478.6,188.10114300556495,"pearson_r, mutual_information, entropy_reduction_ratio",0.0,0.08711296620379376,0.0,0.0,0.39073046740617623
perm_com.google.android.googleapps.permission.GOOGLE_AUTH.OTHER_SERVICES,0,0.09549965654138863,0.15139222564841365,478.8,187.71670144129425,"pearson_r, mutual_information, entropy_reduction_ratio",0.0,0.08676781530076691,0.0,0.0,0.39073046740617623
intent_com.kinguser.kingroot.ACTION_INSTALL,0,0.09510857178845027,0.15141680077146225,479.0,187.33232502694244,"pearson_r, mutual_information, entropy_reduction_ratio",0.0,0.08481239153607512,0.0,0.0,0.39073046740617623
intent_com.qihoo.appstore.launcher.shortcut.VIDEOWALLPAPER,0,0.09510425762431576,0.15141709437555548,479.2,186.94801416436604,"pearson_r, mutual_information, entropy_reduction_ratio",0.0,0.08479082071540256,0.0,0.0,0.39073046740617623
perm_com.google.android.googleapps.permission.GOOGLE_AUTH.writely,0,0.09502503979060231,0.15142257291189026,479.4,186.56376925866394,"pearson_r, mutual_information, entropy_reduction_ratio",0.0,0.08439473154683527,0.0,0.0,0.39073046740617623
intent_com.qihoo.commonservice.SERVICE,0,0.0949780750247557,0.1514258990724134,479.6,186.1795907182095,"pearson_r, mutual_information, entropy_reduction_ratio",0.0,0.08415990771760228,0.0,0.0,0.39073046740617623
intent_show_taskmanager,0,0.09496712448338088,0.15142668298263537,479.8,185.79547895468286,"pearson_r, mutual_information, entropy_reduction_ratio",0.0,0.0841051550107281,0.0,0.0,0.39073046740617623
suspicious_Landroid/telephony/SmsMessage;->getMessageBody,0,0.09474035529329566,0.13128325152274475,255.2,357.4260203174917,"pearson_r, mutual_information, entropy_reduction_ratio",0.010563872643748253,0.1096171073335084,0.006028647602927785,0.002696537362080633,0.34479561152421323
intent_com.qihoo.appstore.ACTION_CLEAN_START_SERVICE,0,0.09456871564194178,0.15145735454869794,480.0,185.4114343831038,"pearson_r, mutual_information, entropy_reduction_ratio",0.0,0.0821131108035326,0.0,0.0,0.39073046740617623
intent_android.intent.action.PHONE_STATE,0,0.09454881325306976,0.14550761198646514,306.3,298.0611682188742,"pearson_r, mutual_information, entropy_reduction_ratio",0.001046146189735387,0.09449479920670172,0.0006028647602927785,0.000264074633144065,0.3763361814754748
perm_android.permission.READ_USER_DICTIONARY,0,0.0944963199795359,0.15146337733902418,480.2,185.02745742186482,"pearson_r, mutual_information, entropy_reduction_ratio",0.0,0.08175113249150327,0.0,0.0,0.39073046740617623
intent_com.taobao.accs.intent.action.START_FROM_AGOO,0,0.09445779945607667,0.15146663828333212,480.4,184.64354849276484,"pearson_r, mutual_information, entropy_reduction_ratio",0.0,0.08155852987420713,0.0,0.0,0.39073046740617623
perm_com.google.android.googleapps.permission.GOOGLE_AUTH.ig,0,0.09442474854737828,0.1514694673769816,480.6,184.25970802104294,"pearson_r, mutual_information, entropy_reduction_ratio",0.0,0.08139327533071518,0.0,0.0,0.39073046740617623
intent_com.qihoo.appstore.MEMCLEAR,0,0.09433644565920436,0.15147716715898513,481.0,183.4922341680977,"pearson_r, mutual_information, entropy_reduction_ratio",0.0,0.08095176088984558,0.0,0.0,0.39073046740617623
perm_android.permission.MODE_WORLD_READABLE,0,0.09429136335416498,0.15148117746126508,481.2,183.1086016548649,"pearson_r, mutual_information, entropy_reduction_ratio",0.0,0.08072634936464869,0.0,0.0,0.39073046740617623
intent_com.qihoo.appstore.LitePluginDownload,0,0.094250966655061,0.15148481645432796,481.4,182.72503933506215,"pearson_r, mutual_information, entropy_reduction_ratio",0.0,0.08052436586912876,0.0,0.0,0.39073046740617623
perm_com.tencent.qqlauncher.permission.WRITE_SETTINGS,0,0.09424904980191887,0.1514849901959083,481.6,182.3415476516529,"pearson_r, mutual_information, entropy_reduction_ratio",0.0,0.08051478160341806,0.0,0.0,0.39073046740617623
perm_android.permission.READ_CALL_LOG,0,0.09416336240737347,0.17792390787449838,204.4,276.5171604078127,"pearson_r, chi2_stat, entropy_reduction_ratio",0.006190776283674894,0.0,0.01018394006205516,0.004490906697453828,0.4499511889936834
intent_android.accounts.AccountAuthenticator,0,0.09416336240737347,0.17792390787449838,204.4,276.5171604078127,"pearson_r, chi2_stat, entropy_reduction_ratio",0.006190776283674894,0.0,0.01018394006205516,0.004490906697453828,0.4499511889936834
perm_android.permission.KILL_BACKGROUND_PROCESSES,0,0.09416336240737344,0.17792390787449833,204.7,276.3421068168946,"pearson_r, chi2_stat, entropy_reduction_ratio",0.006190776283674894,0.0,0.01018394006205516,0.004490906697453828,0.4499511889936833
intent_com.baidu.android.pushservice.action.notification.SHOW,0,0.0941410742330048,0.15149493331591346,481.8,181.95812705125317,"pearson_r, mutual_information, entropy_reduction_ratio",0.0,0.07997490375884776,0.0,0.0,0.39073046740617623
perm_android.permission.WRITE_CLIPS,0,0.09409206557862589,0.15149954771447724,482.0,181.5747779841683,"pearson_r, mutual_information, entropy_reduction_ratio",0.0,0.07972986048695317,0.0,0.0,0.39073046740617623
intent_show_feedback,0,0.09390271086875339,0.15151797081822435,482.4,180.8082962698338,"pearson_r, mutual_information, entropy_reduction_ratio",0.0,0.07878308693759073,0.0,0.0,0.39073046740617623
intent_com.qihoo.appstore.ACTION_UNLOCK_BROADCAST_RECEIVE,0,0.09384224126685937,0.15152405308215297,482.6,180.42516454197846,"pearson_r, mutual_information, entropy_reduction_ratio",0.0,0.07848073892812063,0.0,0.0,0.39073046740617623
perm_android.permission.READ_LOGS,0,0.09375434871729825,0.160007592672412,154.8,48.91380173325316,"pearson_r, mutual_information, chi2_stat",0.0010058351576535333,0.05506204433390638,0.0011723321830125202,0.0005241736690885157,0.4110073582428303
intent_com.mobiletool.appstore.action.main,0,0.09360131406860447,0.15154924233905448,482.8,180.042106186303,"pearson_r, mutual_information, entropy_reduction_ratio",0.0,0.07727610293684613,0.0,0.0,0.39073046740617623
intent_com.qihoo.appstore.ACTION_HANDLE_SYSTEM_APP,0,0.09353122087929758,0.15155685757494078,483.0,179.65912167212664,"pearson_r, mutual_information, entropy_reduction_ratio",0.0,0.07692563699031162,0.0,0.0,0.39073046740617623
perm_android.permission.REQUEST_INSTALL_PACKAGES,0,0.09350756202120596,0.17706091598034884,205.7,275.7262410435394,"pearson_r, chi2_stat, entropy_reduction_ratio",0.006516393488059957,0.0,0.009308294697333032,0.004136376242235622,0.44757674567840117
intent_com.excelliance.open.action.startNextChapter,0,0.09341087644815901,0.15157023384627005,483.2,179.27621147268812,"pearson_r, mutual_information, entropy_reduction_ratio",0.0,0.07632391483461885,0.0,0.0,0.39073046740617623
intent_safiap.framework.ACTION_NETWORK_ERROR,0,0.09325972136375574,0.15158757449705743,483.4,178.8933760651858,"pearson_r, mutual_information, entropy_reduction_ratio",0.0,0.07556813941260247,0.0,0.0,0.39073046740617623
perm_android.permission.CHANGE_WIFI_STATE,0,0.09321836071395526,0.17664190687801865,205.9,275.55224549983257,"pearson_r, chi2_stat, entropy_reduction_ratio",0.006902813986012038,0.0,0.00876273348847433,0.003973676582300469,0.4464525795129895
intent_com.excelliance.open.action.startPromptActivity,0,0.09320161538072068,0.15159440036044677,483.6,178.51061593081798,"pearson_r, mutual_information, entropy_reduction_ratio",0.0,0.07527760949742716,0.0,0.0,0.39073046740617623
intent_com.qihoo.appstore.ACTION_GAME_UNION_GIFT_LiST,0,0.09313998223417663,0.15160173759223528,483.8,178.12793155482385,"pearson_r, mutual_information, entropy_reduction_ratio",0.0,0.07496944376470693,0.0,0.0,0.39073046740617623
intent_android.intent.action.MEDIA_REMOVED,0,0.09307731005439537,0.1516093009241214,484.2,177.36279203936772,"pearson_r, mutual_information, entropy_reduction_ratio",0.0,0.07465608286580065,0.0,0.0,0.39073046740617623
perm_com.fede.launcher.permission.READ_SETTINGS,0,0.09287933404000956,0.15163387097541126,484.4,176.9803378909646,"pearson_r, mutual_information, entropy_reduction_ratio",0.0,0.07366620279387155,0.0,0.0,0.39073046740617623
intent_android.intent.action.SCREEN_OFF,0,0.09277299478325463,0.15164749348186102,484.6,176.5979614831383,"pearson_r, mutual_information, entropy_reduction_ratio",0.0,0.07313450651009691,0.0,0.0,0.39073046740617623
intent_com.baidu.action.Techain.VIEW,0,0.0926957117493878,0.151657580139962,484.8,176.21566332196466,"pearson_r, mutual_information, entropy_reduction_ratio",0.0,0.07274809134076278,0.0,0.0,0.39073046740617623
intent_com.snowfish.a.a.s.ABGSvc,0,0.09263019165713401,0.15166625440518328,485.0,175.83344391781674,"pearson_r, mutual_information, entropy_reduction_ratio",0.0,0.0724204908794939,0.0,0.0,0.39073046740617623
intent_com.Remind.alarm.repeat,0,0.09261532989421328,0.15166823765162263,485.2,175.45130378540938,"pearson_r, mutual_information, entropy_reduction_ratio",0.0,0.07234618206489016,0.0,0.0,0.39073046740617623
intent_com.qihoo.appstore.battery.NOTIFY,0,0.09260535541908595,0.15166957196000605,485.4,175.06924344384424,"pearson_r, mutual_information, entropy_reduction_ratio",0.0,0.0722963096892535,0.0,0.0,0.39073046740617623
suspicious_Ljava/lang/System;->loadLibrary,0,0.09253631116926803,0.1753756523390024,174.8,157.84346676375299,"pearson_r, entropy_reduction_ratio, mutual_information",0.009127290149879473,0.006190251050084228,0.0005949098425931793,0.0035270479406153124,0.4432420568631679
perm_com.google.android.googleapps.permission.GOOGLE_AUTH.dodgeball,0,0.09251268354411189,0.15168209375378008,485.6,174.68726341665555,"pearson_r, mutual_information, entropy_reduction_ratio",0.0,0.07183295031438323,0.0,0.0,0.39073046740617623
perm_android.permission.CALL_PHONE,0,0.09248811670486692,0.17589264070326152,207.3,274.8518873866432,"pearson_r, chi2_stat, entropy_reduction_ratio",0.00656996588071237,0.0,0.007977789012759322,0.0036618694794227193,0.44423095915144023
perm_android.permission.BAIDU_LOCATION_SERVICE,0,0.09245543055473601,0.15168994241624423,485.8,174.30536423185603,"pearson_r, mutual_information, entropy_reduction_ratio",0.0,0.07154668536750386,0.0,0.0,0.39073046740617623
intent_com.qihoo.appstore.stablenotification.StableBroadcast,0,0.09244502015278087,0.15169137879468603,486.0,173.92354642198393,"pearson_r, mutual_information, entropy_reduction_ratio",0.0,0.07149463335772817,0.0,0.0,0.39073046740617623
intent_com.sogou.androidtool.intent.action.COMMAND,0,0.09240847713162348,0.15169644334346905,486.2,173.54181052415007,"pearson_r, mutual_information, entropy_reduction_ratio",0.0,0.07131191825194119,0.0,0.0,0.39073046740617623
perm_android.permission.GET_TASKS,0,0.09225723659822851,0.17565325679351138,208.3,274.353348804056,"pearson_r, chi2_stat, entropy_reduction_ratio",0.006526583794924054,0.0,0.007670713950577925,0.003565296076033608,0.44352358916960694
perm_android.permission.ACCESS_NETWORK_STATE,0,0.09222296521843956,0.15172269410914369,486.4,173.1601570800858,"pearson_r, mutual_information, entropy_reduction_ratio",0.0,0.07038435868602161,0.0,0.0,0.39073046740617623
perm_com.htc.launcher.permission.UPDATE_SHORTCUT,0,0.09217611031001907,0.15172946708231982,486.6,172.7785866361917,"pearson_r, mutual_information, entropy_reduction_ratio",0.0,0.07015008414391907,0.0,0.0,0.39073046740617623
intent_android.hardware.usb.action.USB_STATE,0,0.09215770505212861,0.1517321433496628,486.8,172.39709974358618,"pearson_r, mutual_information, entropy_reduction_ratio",0.0,0.07005805785446681,0.0,0.0,0.39073046740617623
perm_com.sec.android.settings.permission.SOFT_RESET,0,0.09209166041260643,0.1517418198768083,487.0,172.01569695815553,"pearson_r, mutual_information, entropy_reduction_ratio",0.0,0.06972783465685588,0.0,0.0,0.39073046740617623
perm_android.permission.SAMSUNG_TUNTAP,0,0.09203427238876924,0.15175032093738047,487.2,171.63437884060406,"pearson_r, mutual_information, entropy_reduction_ratio",0.0,0.06944089453766997,0.0,0.0,0.39073046740617623
perm_com.tsf.shell.permission.READ_SETTINGS,0,0.09193997173306744,0.15176447745023997,487.4,171.253145956505,"pearson_r, mutual_information, entropy_reduction_ratio",0.0,0.06896939125916096,0.0,0.0,0.39073046740617623
intent_com.amir.nightjar.service.BUFFER_SERVICES,0,0.09182580883650397,0.1517819275289963,487.6,170.87199887635188,"pearson_r, mutual_information, entropy_reduction_ratio",0.0,0.06839857677634366,0.0,0.0,0.39073046740617623
intent_com.sogou.androidtool.action.main,0,0.0916599597287984,0.15180788622199434,487.8,170.49093817561095,"pearson_r, mutual_information, entropy_reduction_ratio",0.0,0.0675693312378157,0.0,0.0,0.39073046740617623
intent_com.tencent.android.tpush.action.INTERNAL_PUSH_MESSAGE,0,0.09153592854659556,0.15182777029381056,488.0,170.1099644347738,"pearson_r, mutual_information, entropy_reduction_ratio",0.0,0.0669491753268016,0.0,0.0,0.39073046740617623
intent_com.excelliance.dualaid.action.notifystatus,0,0.09153376691901198,0.15182812040557092,488.2,169.7290782394107,"pearson_r, mutual_information, entropy_reduction_ratio",0.0,0.06693836718888367,0.0,0.0,0.39073046740617623
intent_com.urbanairship.push.OPENED,0,0.09150294662035278,0.14563620222782506,309.7,286.8659268717705,"pearson_r, mutual_information, entropy_reduction_ratio",0.001046146189735387,0.07926546604311684,0.0006028647602927785,0.000264074633144065,0.3763361814754749
intent_cn.uc.gamesdk.sdkweb,0,0.09139506005534129,0.1518508419659873,488.4,169.34828018022503,"pearson_r, mutual_information, entropy_reduction_ratio",0.0,0.06624483287053022,0.0,0.0,0.39073046740617623
suspicious_Ljava/lang/System;->load,0,0.09129826095925117,0.1760015682383259,231.1,267.2,"pearson_r, entropy_reduction_ratio, f_stat",0.009127290149879473,0.0,0.0005949098425931793,0.0035270479406153124,0.4432420568631679
intent_com.taobao.accs.intent.action.SERVICE,0,0.0912720168703797,0.15187141894507789,488.8,168.58695085919314,"pearson_r, mutual_information, entropy_reduction_ratio",0.0,0.06562961694572228,0.0,0.0,0.39073046740617623
perm_android.permission.WRITE_APN_SETTINGS,0,0.09114715432655918,0.1518927049123139,489.2,167.8259813020618,"pearson_r, mutual_information, entropy_reduction_ratio",0.0,0.06500530422661967,0.0,0.0,0.39073046740617623
intent_android.intent.action.PACKAGE_FULLY_REMOVED,0,0.0910503154979323,0.1430308333060638,293.5,314.79104180392426,"pearson_r, mutual_information, entropy_reduction_ratio",0.0020945419798850777,0.08106849484673366,0.001205729520585557,0.0005293662180038204,0.3703534449244534
perm_com.google.android.launcher.permission.WRITE_SETTINGS,0,0.09103567833491681,0.15191205314422102,489.6,167.06537642491935,"pearson_r, mutual_information, entropy_reduction_ratio",0.0,0.06444792426840786,0.0,0.0,0.39073046740617623
intent_com.qihoo.appstore.checkupdate.NOTIFY_APP_UPDATE,0,0.09102079781084092,0.15191466043684407,489.8,166.68521230151163,"pearson_r, mutual_information, entropy_reduction_ratio",0.0,0.0643735216480284,0.0,0.0,0.39073046740617623
perm_com.aspire.mm.permission.READ_SETTINGS,0,0.09096862229958663,0.15192384807953027,490.0,166.30514123141234,"pearson_r, mutual_information, entropy_reduction_ratio",0.0,0.06411264409175695,0.0,0.0,0.39073046740617623
suspicious_getWifiState,0,0.09091461154096298,0.17278106772972313,160.2,163.05262954028063,"pearson_r, chi2_stat, entropy_reduction_ratio",0.004827046443968139,0.004721837865598152,0.0058800246932722705,0.002673645014639134,0.4364705036873372
intent_com.qihoo.appstore.videomini,0,0.09090034016419743,0.1519359793866227,490.2,165.92516385407006,"pearson_r, mutual_information, entropy_reduction_ratio",0.0,0.06377123341481092,0.0,0.0,0.39073046740617623
perm_com.samsung.android.scloud.backup.lib.write,0,0.09073141860020631,0.15196651391814892,490.4,165.545280814646,"pearson_r, mutual_information, entropy_reduction_ratio",0.0,0.06292662559485533,0.0,0.0,0.39073046740617623
intent_android.intent.action.NOTIFICATION_ADD,0,0.09069662255814112,0.15197289623148982,490.8,164.7858003591329,"pearson_r, mutual_information, entropy_reduction_ratio",0.0,0.0627526453845294,0.0,0.0,0.39073046740617623
perm_com.meizu.c2dm.permission.RECEIVE,0,0.09064802368281306,0.15198186315516587,491.0,164.40620426249126,"pearson_r, mutual_information, entropy_reduction_ratio",0.0,0.06250965100788906,0.0,0.0,0.39073046740617623
perm_android.permission.READ_CONTACTS,0,0.09061660862441193,0.14594874322288282,321.0,275.7593153458283,"pearson_r, mutual_information, entropy_reduction_ratio",0.0005791690311121822,0.07494228760753269,0.0005568363783812202,0.0002488966538484462,0.37675585345118506
perm_com.huawei.android.launcher.permission.CHANGE_BADGE,0,0.09052046249578011,0.15200569247229032,491.4,163.6473036747016,"pearson_r, mutual_information, entropy_reduction_ratio",0.0,0.0618718450727243,0.0,0.0,0.39073046740617623
suspicious_Ldalvik/system/DexClassLoader;,0,0.09044982531008697,0.1676226417851869,169.8,118.63456494630896,"pearson_r, mutual_information, entropy_reduction_ratio",0.0037483619083701265,0.02143267912596166,0.00019559975885955706,0.0015293093803410772,0.4253431763769024
perm_com.yulong2.android.launcher.permission.READ_SETTINGS,0,0.09033092355999132,0.15204188337734306,491.6,163.26800053899112,"pearson_r, mutual_information, entropy_reduction_ratio",0.0,0.060924150393780414,0.0,0.0,0.39073046740617623
intent_com.gridappsinc.launcher.theme.apk_action,0,0.09032266318655266,0.1520434819244831,491.8,162.8887964225901,"pearson_r, mutual_information, entropy_reduction_ratio",0.0,0.06088284852658706,0.0,0.0,0.39073046740617623
intent_com.sogou.passport.service.aidl,0,0.09032097372064635,0.15204380908890738,492.0,162.50969201866084,"pearson_r, mutual_information, entropy_reduction_ratio",0.0,0.06087440119705552,0.0,0.0,0.39073046740617623
intent_com.excelliance.kxqp.action.GENERIC,0,0.09028419870875723,0.1520509489874345,492.2,162.1306880266657,"pearson_r, mutual_information, entropy_reduction_ratio",0.0,0.06069052613760993,0.0,0.0,0.39073046740617623
intent_com.qihoo.appstore.checkupdate.CHECK_BAOHE_UPDATE,0,0.09010505669134088,0.1520862334198705,492.6,161.37298410824533,"pearson_r, mutual_information, entropy_reduction_ratio",0.0,0.05979481605052816,0.0,0.0,0.39073046740617623
intent_com.umeng.message.autoupdate.handler.action,0,0.09008277282220256,0.15209068098012649,492.8,160.9942856128751,"pearson_r, mutual_information, entropy_reduction_ratio",0.0,0.059683396704836605,0.0,0.0,0.39073046740617623
intent_com.excelliance.open.action.apkverchk,0,0.09003387953052756,0.15210048472750173,493.0,160.61569039169243,"pearson_r, mutual_information, entropy_reduction_ratio",0.0,0.05943893024646157,0.0,0.0,0.39073046740617623
intent_com.qihoo.appstore.checkupdate.RESTART_ALL_DOWNLOAD,0,0.0899719105713133,0.1521129997379491,493.4,159.85881270671314,"pearson_r, mutual_information, entropy_reduction_ratio",0.0,0.05912908545039033,0.0,0.0,0.39073046740617623
suspicious_getDeviceId,0,0.08977720092172484,0.16121394190897612,169.3,83.73147556325519,"pearson_r, mutual_information, entropy_reduction_ratio",0.0020945419798850777,0.035147783064109074,4.842287231267168e-06,0.0005313473894996044,0.41110748988789914
suspicious_getSimCountryIso,0,0.08975607421154037,0.17421984858621611,226.1,267.26623430579474,"pearson_r, entropy_reduction_ratio, f_stat",0.00666191105445384,0.0,0.0010758866664955105,0.0028762451930544742,0.43816632814369805
intent_intent.action.HEJU,0,0.08969526637146977,0.15217008837049256,494.0,158.7242892565596,"pearson_r, mutual_information, entropy_reduction_ratio",0.0,0.05774586445117265,0.0,0.0,0.39073046740617623
intent_cn.jpush.android.intent.NOTIFICATION_CLICK_ACTION,0,0.08968604579334111,0.1521720254142426,494.2,158.34632929120903,"pearson_r, mutual_information, entropy_reduction_ratio",0.0,0.0576997615605293,0.0,0.0,0.39073046740617623
perm_com.sonyericsson.homescreen.permission.READ_SETTINGS,0,0.08962957651497702,0.1521839365983376,494.4,157.9684778682127,"pearson_r, mutual_information, entropy_reduction_ratio",0.0,0.057417415168708894,0.0,0.0,0.39073046740617623
intent_com.qihoo.appstore.plugin.streamapp.IPluginHelperServiceStreamApp,0,0.08953667441942392,0.15220371295190865,494.6,157.59073576831855,"pearson_r, mutual_information, entropy_reduction_ratio",0.0,0.05695290469094341,0.0,0.0,0.39073046740617623
intent_com.qihoo.appstore.ACTION_UNINSTALL,0,0.08924186121020158,0.1522679550893909,495.2,156.45817332437448,"pearson_r, mutual_information, entropy_reduction_ratio",0.0,0.0554788386448317,0.0,0.0,0.39073046740617623
intent_com.excelliance.open.action.dmchk,0,0.08923092745843049,0.15227038102765758,495.6,155.70369295556225,"pearson_r, mutual_information, entropy_reduction_ratio",0.0,0.05542416988597619,0.0,0.0,0.39073046740617623
perm_com.actionlauncher.playstore.permission.READ_SETTINGS,0,0.08920150377980407,0.15227692484306313,495.8,155.32662360329604,"pearson_r, mutual_information, entropy_reduction_ratio",0.0,0.055277051492844106,0.0,0.0,0.39073046740617623
perm_sec.android.permission.READ_MSG_PREF,0,0.08907488684301619,0.15230534064016332,496.2,154.57283073037124,"pearson_r, mutual_information, entropy_reduction_ratio",0.0,0.05464396680890473,0.0,0.0,0.39073046740617623
perm_com.tencent.mm.plugin.permission.WRITE,0,0.08899485158782296,0.1523235168482773,496.4,154.19610890032214,"pearson_r, mutual_information, entropy_reduction_ratio",0.0,0.05424379053293854,0.0,0.0,0.39073046740617623
intent_show_lock,0,0.08897280675711554,0.15232855244976687,496.6,153.81950461498698,"pearson_r, mutual_information, entropy_reduction_ratio",0.0,0.05413356637940149,0.0,0.0,0.39073046740617623
intent_com.taobao.accs.intent.action.ELECTION,0,0.08888757298329336,0.15234814048912823,496.8,153.44301873985663,"pearson_r, mutual_information, entropy_reduction_ratio",0.0,0.053707397510290564,0.0,0.0,0.39073046740617623
perm_com.motorola.dock.DesktopDock.permission.READ_SETTINGS,0,0.08888022920781473,0.1523498370095592,497.0,153.06665214866365,"pearson_r, mutual_information, entropy_reduction_ratio",0.0,0.05367067863289741,0.0,0.0,0.39073046740617623
intent_com.easou.eyou.START_EPAY_PROXY_SERVICE,0,0.08882100820654773,0.15236356898886833,497.2,152.69040572347694,"pearson_r, mutual_information, entropy_reduction_ratio",0.0,0.05337457362656243,0.0,0.0,0.39073046740617623
intent_android.provider.Telephony.SMS_RECEIVED2,0,0.08881410580065965,0.1523651754074926,497.4,152.314280354798,"pearson_r, mutual_information, entropy_reduction_ratio",0.0,0.05334006159712199,0.0,0.0,0.39073046740617623
intent_com.baidu.android.pushservice.action.METHOD,0,0.08881198564066169,0.15236566908669177,497.6,151.9382769416581,"pearson_r, mutual_information, entropy_reduction_ratio",0.0,0.053329460797132196,0.0,0.0,0.39073046740617623
perm_telecom.mdesk.permission.READ_SETTINGS,0,0.08870332621233588,0.1523911262687261,497.8,151.56239639171716,"pearson_r, mutual_information, entropy_reduction_ratio",0.0,0.0527861636555032,0.0,0.0,0.39073046740617623
perm_android.permission.BIND_DIRECTORY_SEARCH,0,0.0886987154919738,0.15239221324749927,498.0,151.18663962136338,"pearson_r, mutual_information, entropy_reduction_ratio",0.0,0.05276311005369282,0.0,0.0,0.39073046740617623
intent_com.umeng.message.unregistercallback.action,0,0.0886928809327481,0.15239358953537416,498.2,150.8110075558147,"pearson_r, mutual_information, entropy_reduction_ratio",0.0,0.052733937257564235,0.0,0.0,0.39073046740617623
suspicious_getPackageInfo,0,0.0884712288976169,0.15244652634962977,498.6,150.0601212847704,"pearson_r, mutual_information, entropy_reduction_ratio",0.0,0.05162567708190826,0.0,0.0,0.39073046740617623
intent_com.huawei.android.push.intent.REGISTRATION,0,0.08836752639120782,0.1524717297240847,498.8,149.68486897478985,"pearson_r, mutual_information, entropy_reduction_ratio",0.0,0.051107164549862874,0.0,0.0,0.39073046740617623
intent_com.kingroot.kinguser.gamebox.ACTION_GAME_ADDED,0,0.088365707457643,0.15247217426971385,499.0,149.3097451608568,"pearson_r, mutual_information, entropy_reduction_ratio",0.0,0.05109806988203874,0.0,0.0,0.39073046740617623
intent_show_cpuad,0,0.08834193610989646,0.15247799182435112,499.2,148.93475081390508,"pearson_r, mutual_information, entropy_reduction_ratio",0.0,0.05097921314330609,0.0,0.0,0.39073046740617623
intent_show_fold,0,0.08824604860111664,0.1525016065662826,499.8,147.81055442694205,"pearson_r, mutual_information, entropy_reduction_ratio",0.0,0.05049977559940696,0.0,0.0,0.39073046740617623
perm_com.android.launcher3.permission.UNINSTALL_SHORTCUT,0,0.0882177745019858,0.1525086151229671,500.0,147.43608784826054,"pearson_r, mutual_information, entropy_reduction_ratio",0.0,0.0503584051037528,0.0,0.0,0.39073046740617623
perm_com.android.launcher.permission.READ_SETTINGS,0,0.0881484029360533,0.171335262077403,220.3,268.6353662494944,"pearson_r, chi2_stat, entropy_reduction_ratio",0.003231562790841049,0.0,0.004654147348666516,0.0020509489807216965,0.43080535556003724
perm_android.permission.AUTHENTICATE_ACCOUNTS,0,0.0881484029360533,0.171335262077403,220.3,268.6353662494944,"pearson_r, chi2_stat, entropy_reduction_ratio",0.003231562790841049,0.0,0.004654147348666516,0.0020509489807216965,0.43080535556003724
intent_android.intent.action.SEARCH,0,0.0881484029360533,0.171335262077403,220.3,268.6353662494944,"pearson_r, chi2_stat, entropy_reduction_ratio",0.003231562790841049,0.0,0.004654147348666516,0.0020509489807216965,0.43080535556003724
perm_,0,0.08803661009341349,0.1525540117775634,500.4,146.68755911801108,"pearson_r, mutual_information, entropy_reduction_ratio",0.0,0.049452583060891196,0.0,0.0,0.39073046740617623
intent_com.excelliance.open.action.queryUpdate,0,0.08802753324831368,0.152556308560016,500.6,146.31349903546155,"pearson_r, mutual_information, entropy_reduction_ratio",0.0,0.0494071988353922,0.0,0.0,0.39073046740617623
perm_android.permission.ACCESS_CHECKIN_PROPERTIES,0,0.08800447290344016,0.15256215325249647,501.0,145.56579268495742,"pearson_r, mutual_information, entropy_reduction_ratio",0.0,0.04929189711102456,0.0,0.0,0.39073046740617623
intent_com.umeng.messge.registercallback.action,0,0.08799687794684126,0.15256408121323195,501.2,145.19214854805338,"pearson_r, mutual_information, entropy_reduction_ratio",0.0,0.04925392232803005,0.0,0.0,0.39073046740617623
intent_com.qihoo.appstore.APPWATCHER_CHANGE_TIME,0,0.08798557977478888,0.1525669519790875,501.4,144.8186452084123,"pearson_r, mutual_information, entropy_reduction_ratio",0.0,0.049197431467768185,0.0,0.0,0.39073046740617623
intent_com.excelliance.kxqp.action.gp,0,0.08783420874666885,0.15260573151988108,501.6,144.4452837582453,"pearson_r, mutual_information, entropy_reduction_ratio",0.0,0.048440576327168014,0.0,0.0,0.39073046740617623
perm_android.permission.ACCESS_MTK_MMHW,0,0.08777599630396167,0.1526208021424749,502.0,143.69899094983236,"pearson_r, mutual_information, entropy_reduction_ratio",0.0,0.04814951411363211,0.0,0.0,0.39073046740617623
perm_com.apusapps.launcher.permission.READ_SETTINGS,0,0.08777341512879223,0.1526214724049211,502.2,143.32606183105707,"pearson_r, mutual_information, entropy_reduction_ratio",0.0,0.04813660823778495,0.0,0.0,0.39073046740617623
intent_com.kingroot.common.ACTION_SWITCH_IN_DESKTOP,0,0.08772045367836266,0.1526352629777068,502.4,142.95327908096408,"pearson_r, mutual_information, entropy_reduction_ratio",0.0,0.04787180098563708,0.0,0.0,0.39073046740617623
intent_com.chance.service,0,0.08765922023506847,0.15265129754719428,502.6,142.5806438476135,"pearson_r, mutual_information, entropy_reduction_ratio",0.0,0.04756563376916614,0.0,0.0,0.39073046740617623
intent_com.excelliance.kxqp.action.explore,0,0.08765035035666269,0.1526536282176569,502.8,142.20815729064208,"pearson_r, mutual_information, entropy_reduction_ratio",0.0,0.04752128437713722,0.0,0.0,0.39073046740617623
intent_ACTION.TAPCORE.MESSAGE,0,0.08762699536817929,0.1526597747200754,503.2,141.46363490310858,"pearson_r, mutual_information, entropy_reduction_ratio",0.0,0.047404509434720264,0.0,0.0,0.39073046740617623
perm_com.google.android.googleapps.permission.GOOGLE_AUTH.speechpersonalization,0,0.08757085454172378,0.15267460716163167,503.4,141.09160145097226,"pearson_r, mutual_information, entropy_reduction_ratio",0.0,0.047123805302442694,0.0,0.0,0.39073046740617623
perm_android.permission.BROADCAST_PACKAGE_ADDED,0,0.08753436053764971,0.15268429241008166,503.8,140.3479960669193,"pearson_r, mutual_information, entropy_reduction_ratio",0.0,0.046941335282072366,0.0,0.0,0.39073046740617623
perm_android.permission.SUBSCRIBED_FEEDS_WRITE,0,0.08752148702737417,0.15268771712594265,504.0,139.97642658676497,"pearson_r, mutual_information, entropy_reduction_ratio",0.0,0.04687696773069463,0.0,0.0,0.39073046740617623
intent_com.esbook.receiver.CLICK_BOOK_UPDATE,0,0.08741132799808787,0.15271719687959792,504.2,139.6050142365954,"pearson_r, mutual_information, entropy_reduction_ratio",0.0,0.04632617258426316,0.0,0.0,0.39073046740617623
perm_com.fx.launcher.permission.READ_SETTINGS,0,0.08737291309045074,0.15272755052865658,504.4,139.23376027386462,"pearson_r, mutual_information, entropy_reduction_ratio",0.0,0.04613409804607747,0.0,0.0,0.39073046740617623
intent_android.intent.action.IMEDIATE_NOTIFY_ALARM,0,0.08736301320467946,0.15273022491187155,504.8,138.4917326052353,"pearson_r, mutual_information, entropy_reduction_ratio",0.0,0.046084598617221105,0.0,0.0,0.39073046740617623
perm_android.permission.WRITE_CALENDAR,0,0.08735458173613649,0.14134537109163223,291.8,327.27871913706826,"pearson_r, mutual_information, entropy_reduction_ratio",0.0031451970815622697,0.06527451475769701,0.0018085942808783353,0.0007958836139182223,0.3657487189466266
perm_android.permission.RUN_INSTRUMENTATION,0,0.08735452970947831,0.15273251867226492,505.0,138.12096147942208,"pearson_r, mutual_information, entropy_reduction_ratio",0.0,0.04604218114121535,0.0,0.0,0.39073046740617623
perm_android.permission.FORCE_STOP_PACKAGES,0,0.08729303576008615,0.1527492006687474,505.4,137.3799111951962,"pearson_r, mutual_information, entropy_reduction_ratio",0.0,0.045734711394254494,0.0,0.0,0.39073046740617623
perm_android.permission.MOUNT_FORMAT_FILESYSTEMS,0,0.08727017179462689,0.1527554279630371,505.6,137.00963469771023,"pearson_r, mutual_information, entropy_reduction_ratio",0.0,0.04562039156695816,0.0,0.0,0.39073046740617623
perm_ANDROID.PERMISSION.WRITE_APN_SETTINGS,0,0.08722492616075636,0.15276779078802602,505.8,136.63952576030113,"pearson_r, mutual_information, entropy_reduction_ratio",0.0,0.04539416339760553,0.0,0.0,0.39073046740617623
intent_com.kingroot.kinguser.ACTION_MAIN_START_CHECK,0,0.08720104811530928,0.15277433638084312,506.2,135.89981604108226,"pearson_r, mutual_information, entropy_reduction_ratio",0.0,0.04527477317037015,0.0,0.0,0.39073046740617623
perm_com.facebook.katana.provider.ACCESS,0,0.08717153536196312,0.1527824468328734,506.4,135.53021803273248,"pearson_r, mutual_information, entropy_reduction_ratio",0.0,0.045127209403639346,0.0,0.0,0.39073046740617623
intent_com.kingroot.common.ACTION_TOP_ACTIVITY_CHANGED,0,0.08709907735382458,0.15280245402844972,506.6,135.16079313173623,"pearson_r, mutual_information, entropy_reduction_ratio",0.0,0.04476491936294667,0.0,0.0,0.39073046740617623
intent_com.kingroot.ACTION_SERVICE_PSS_RECORD,0,0.08709469363438067,0.15280366879145124,506.8,134.7915427614062,"pearson_r, mutual_information, entropy_reduction_ratio",0.0,0.04474300076572713,0.0,0.0,0.39073046740617623
intent_com.kingroot.master.action.TRAFFIC_STATISTICS,0,0.0870203757786343,0.15282433792660355,507.2,134.05357138099677,"pearson_r, mutual_information, entropy_reduction_ratio",0.0,0.04437141148699531,0.0,0.0,0.39073046740617623
perm_android.permission.READ_INTERNAL_STORAGE,0,0.0869798605472603,0.1462957244275431,325.7,287.0196160543735,"pearson_r, mutual_information, entropy_reduction_ratio",0.001046146189735387,0.05665003567765447,0.0006028647602927785,0.000264074633144065,0.3763361814754748
perm_qiku.permission.READ_WRITE_SAFE_SPACE,0,0.08685654577149471,0.15287040257694903,507.4,133.68485329310872,"pearson_r, mutual_information, entropy_reduction_ratio",0.0,0.043552261451297314,0.0,0.0,0.39073046740617623
intent_com.qihoo.appstore.notification,0,0.0868253713383681,0.15287924595722882,507.6,133.316315580652,"pearson_r, mutual_information, entropy_reduction_ratio",0.0,0.04339638928566424,0.0,0.0,0.39073046740617623
intent_com.secneo.proxy.action.CUSTOM,0,0.08671843200905968,0.15290977117554652,507.8,132.9479597436531,"pearson_r, mutual_information, entropy_reduction_ratio",0.0,0.04286169263912213,0.0,0.0,0.39073046740617623
intent_android.intent.action.SERVICE_STATE,0,0.08670151859540359,0.15291462585234084,508.2,132.21179977596552,"pearson_r, mutual_information, entropy_reduction_ratio",0.0,0.04277712557084174,0.0,0.0,0.39073046740617623
intent_com.qihoo.appstore.battery.ICON,0,0.08662736812517088,0.15293599583330683,508.6,131.47638571241603,"pearson_r, mutual_information, entropy_reduction_ratio",0.0,0.04240637321967816,0.0,0.0,0.39073046740617623
intent_com.qihoo.appstore.BATTERY,0,0.08657556778894564,0.1529510081020495,509.0,130.74173013999777,"pearson_r, mutual_information, entropy_reduction_ratio",0.0,0.04214737153855196,0.0,0.0,0.39073046740617623
perm_android.permission.SUBSCRIBED_FEEDS_READ,0,0.08652032655862797,0.15296709326600497,509.2,130.37469079541475,"pearson_r, mutual_information, entropy_reduction_ratio",0.0,0.041871165386963595,0.0,0.0,0.39073046740617623
intent_com.sogou.androidtool.browser.highspeed,0,0.08651762847037195,0.15296788089701766,509.4,130.00784591708302,"pearson_r, mutual_information, entropy_reduction_ratio",0.0,0.04185767494568349,0.0,0.0,0.39073046740617623
perm_com.lge.launcher.permission.READ_SETTINGS,0,0.08651131516716155,0.15296972461638053,509.6,129.6411971558424,"pearson_r, mutual_information, entropy_reduction_ratio",0.0,0.04182610842963155,0.0,0.0,0.39073046740617623
perm_com.oppo.launcher.permission.WRITE_SETTINGS,0,0.08626363223559941,0.15304286184776494,510.0,128.90849467742612,"pearson_r, mutual_information, entropy_reduction_ratio",0.0,0.0405876937718208,0.0,0.0,0.39073046740617623
intent_android.intent.action.PACKAGE_RESTARTED,0,0.08624724172063494,0.1530477570611729,510.2,128.5424443520505,"pearson_r, mutual_information, entropy_reduction_ratio",0.0,0.04050574119699851,0.0,0.0,0.39073046740617623
perm_android.permission.MANAGE_DEVICE_ADMINS,0,0.08618835286884612,0.15306540151821746,510.4,128.17659692783235,"pearson_r, mutual_information, entropy_reduction_ratio",0.0,0.04021129693805434,0.0,0.0,0.39073046740617623
perm_android.permission.READ_PROFILE,0,0.08618735099238191,0.13807030338519047,286.2,337.0186344996371,"pearson_r, mutual_information, entropy_reduction_ratio",0.005253324380080579,0.0629223988233949,0.0030143238014638924,0.001332627590692371,0.35841408036627775
intent_android.provider.OppoSpeechAssist.SMS_RECEIVED,0,0.08616149654632546,0.15307347770357418,510.6,127.81095414713093,"pearson_r, mutual_information, entropy_reduction_ratio",0.0,0.040077015325451076,0.0,0.0,0.39073046740617623
intent_com.qihoo.psdk.service.action.local,0,0.08605001263104026,0.1531071998559208,510.8,127.44551777132061,"pearson_r, mutual_information, entropy_reduction_ratio",0.0,0.03951959574902507,0.0,0.0,0.39073046740617623
perm_me.everything.badger.permission.BADGE_COUNT_WRITE,0,0.086001389267197,0.15312200702520387,511.0,127.08028958103613,"pearson_r, mutual_information, entropy_reduction_ratio",0.0,0.039276478929808754,0.0,0.0,0.39073046740617623
intent_com.yuetu.shentu.Intent.WECHAT_AUTH,0,0.08595934269944985,0.15313486001331633,511.2,126.71527137642093,"pearson_r, mutual_information, entropy_reduction_ratio",0.0,0.03906624609107306,0.0,0.0,0.39073046740617623
intent_android.intent.action.DATE_CHANGED,0,0.08589206721887842,0.1531555188900444,511.4,126.35046497737949,"pearson_r, mutual_information, entropy_reduction_ratio",0.0,0.038729868688215895,0.0,0.0,0.39073046740617623
perm_android.permission.READ_CELL_BROADCASTS,0,0.08587448328451235,0.15316093756981505,511.8,125.62149497597933,"pearson_r, mutual_information, entropy_reduction_ratio",0.0,0.03864194901638552,0.0,0.0,0.39073046740617623
perm_com.google.android.googleapps.permission.GOOGLE_AUTH.adwords,0,0.08587020845937518,0.15316225609467518,512.0,125.25733511455526,"pearson_r, mutual_information, entropy_reduction_ratio",0.0,0.03862057489069968,0.0,0.0,0.39073046740617623
perm_com.google.android.providers.gsf.permission.READ_GSERVICES,0,0.08586482358885171,0.12513871682170308,265.8,357.2152852272702,"pearson_r, mutual_information, entropy_reduction_ratio",0.017013846629044763,0.06602041754317133,0.009645836164684457,0.00437609405095298,0.33226792355640505
intent_com.qihoo.accountcenter.action.START_ACCOUNT_SERVICE,0,0.08581998517283168,0.15317778182653155,512.2,124.89339454110454,"pearson_r, mutual_information, entropy_reduction_ratio",0.0,0.03836945845798217,0.0,0.0,0.39073046740617623
intent_com.meizu.flyme.push.intent.REGISTER.FEEDBACK,0,0.0857084948665436,0.15321247701530066,512.4,124.52967517824817,"pearson_r, mutual_information, entropy_reduction_ratio",0.0,0.037812006926541714,0.0,0.0,0.39073046740617623
perm_com.qiku.android.launcher3.permission.WRITE_UNREAD,0,0.08568599668133235,0.1532195167266581,512.6,124.16617896995945,"pearson_r, mutual_information, entropy_reduction_ratio",0.0,0.037699516000485565,0.0,0.0,0.39073046740617623
perm_android.permission.BROADCAST_PACKAGE_REPLACED,0,0.08567457969860208,0.15322309404584897,512.8,123.80290788184259,"pearson_r, mutual_information, entropy_reduction_ratio",0.0,0.03764243108683416,0.0,0.0,0.39073046740617623
perm_com.meizu.flyme.push.permission.RECEIVE,0,0.08564783725390637,0.15323148633284286,513.0,123.43986390141558,"pearson_r, mutual_information, entropy_reduction_ratio",0.0,0.03750871886335559,0.0,0.0,0.39073046740617623
intent_android.intent.apicloud.notification,0,0.085632256134043,0.15323638437918363,513.2,123.07704903839709,"pearson_r, mutual_information, entropy_reduction_ratio",0.0,0.037430813264038784,0.0,0.0,0.39073046740617623
perm_android.permission.SEND_SMS,0,0.08560090924896822,0.13981809130854667,291.2,332.9783176124235,"pearson_r, mutual_information, entropy_reduction_ratio",0.004198121268995092,0.058476367369725606,0.002411459041171114,0.0010636339836003394,0.36185496458134897
perm_xmpp.permission.ACCESS_API,0,0.08556234681597019,0.15325843698425956,513.4,122.71446532499745,"pearson_r, mutual_information, entropy_reduction_ratio",0.0,0.0370812666736747,0.0,0.0,0.39073046740617623
perm_com.qihoo.appstore.rtservice.ACCESS_RTSERVICE,0,0.08556167511391591,0.15325864947318715,513.6,122.35211481621396,"pearson_r, mutual_information, entropy_reduction_ratio",0.0,0.03707790816340333,0.0,0.0,0.39073046740617623
intent_com.baidu.android.pushservice.action.BIND_SYNC,0,0.0855517340118613,0.1532617956236902,513.8,121.98999959013034,"pearson_r, mutual_information, entropy_reduction_ratio",0.0,0.037028202653130254,0.0,0.0,0.39073046740617623
perm_dianxin.permission.ACCESS_LAUNCHER_DATA,0,0.08554589134056437,0.15326364588000901,514.0,121.6281217482207,"pearson_r, mutual_information, entropy_reduction_ratio",0.0,0.036998989296645635,0.0,0.0,0.39073046740617623
intent_safiap.framework.ACTION_SET_TIMER,0,0.08554303097518931,0.15326455201681471,514.2,121.26648341565777,"pearson_r, mutual_information, entropy_reduction_ratio",0.0,0.03698468746977036,0.0,0.0,0.39073046740617623
intent_com.excelliance.kxqp.action.launcher,0,0.08553929757812566,0.15326573503501048,514.4,120.90508674162555,"pearson_r, mutual_information, entropy_reduction_ratio",0.0,0.036966020484452085,0.0,0.0,0.39073046740617623
intent_com.example.servicejar.action.START_ASSIST,0,0.08553117298480202,0.1532683107367719,514.6,120.54393389963677,"pearson_r, mutual_information, entropy_reduction_ratio",0.0,0.036925397517833886,0.0,0.0,0.39073046740617623
intent_selfupdate_notification_cancelled,0,0.08552697291290573,0.15326964292438722,514.8,120.18302708785464,"pearson_r, mutual_information, entropy_reduction_ratio",0.0,0.0369043971583524,0.0,0.0,0.39073046740617623
intent_com.ss.android.socialbase.downloader.remote,0,0.08552418206427452,0.14662610931233827,328.3,277.8075952885378,"pearson_r, mutual_information, entropy_reduction_ratio",0.001046146189735387,0.049371643262725494,0.0006028647602927785,0.000264074633144065,0.3763361814754749
intent_com.mobutils.android.mediation.MaterialNotificationReceiver.ACTION_AD_EXPIRES,0,0.08549424263559587,0.15328003975739735,515.2,119.46196047277978,"pearson_r, mutual_information, entropy_reduction_ratio",0.0,0.036740745771803106,0.0,0.0,0.39073046740617623
intent_show_notificationcenter,0,0.0854898464667784,0.1532814382844179,515.4,119.10180519202889,"pearson_r, mutual_information, entropy_reduction_ratio",0.0,0.036718764927715745,0.0,0.0,0.39073046740617623
perm_com.zte.mifavor.launcher.permission.READ_SETTINGS,0,0.08548740158847767,0.15328221627171057,515.6,118.74190498724533,"pearson_r, mutual_information, entropy_reduction_ratio",0.0,0.03670654053621216,0.0,0.0,0.39073046740617623
perm_com.bbk.launcher2.permission.READ_SETTINGS,0,0.08543536038539237,0.15329881241453935,515.8,118.38226218483916,"pearson_r, mutual_information, entropy_reduction_ratio",0.0,0.03644633452078561,0.0,0.0,0.39073046740617623
intent_com.xiaomi.push.PING_TIMER,0,0.08540568137627737,0.15330830800244583,516.0,118.02287913790275,"pearson_r, mutual_information, entropy_reduction_ratio",0.0,0.036297939475210574,0.0,0.0,0.39073046740617623
perm_com.google.android.providers.talk.permission.READ_ONLY,0,0.0853248730956019,0.15333427551225282,516.2,117.66375822656694,"pearson_r, mutual_information, entropy_reduction_ratio",0.0,0.035893898071833255,0.0,0.0,0.39073046740617623
intent_com.huawei.android.push.intent.RECEIVE,0,0.08531821641645268,0.1533364220151054,516.6,116.94631246858533,"pearson_r, mutual_information, entropy_reduction_ratio",0.0,0.03586061467608717,0.0,0.0,0.39073046740617623
intent_com.meizu.flyme.push.intent.MESSAGE,0,0.08531518383454001,0.1533374002702461,516.8,116.58799252067084,"pearson_r, mutual_information, entropy_reduction_ratio",0.0,0.035845451766523796,0.0,0.0,0.39073046740617623
intent_android.intent.action.mainintentex,0,0.08529751617328864,0.15334310417869934,517.0,116.22994450656853,"pearson_r, mutual_information, entropy_reduction_ratio",0.0,0.03575711346026694,0.0,0.0,0.39073046740617623
perm_com.samsung.android.providers.context.permission.WRITE_RECORD_AUDIO,0,0.08526900355465494,0.15335232604775237,517.2,115.87217094712602,"pearson_r, mutual_information, entropy_reduction_ratio",0.0,0.035614550367098485,0.0,0.0,0.39073046740617623
intent_com.mobiletool.appstore.action.topicdetail,0,0.08521140769982377,0.15337101732316036,517.4,115.51467439247708,"pearson_r, mutual_information, entropy_reduction_ratio",0.0,0.03532657109294263,0.0,0.0,0.39073046740617623
perm_android.permission.SET_WALLPAPER,0,0.085192239182178,0.1367462755158182,286.4,339.3644648456877,"pearson_r, mutual_information, entropy_reduction_ratio",0.006310816316936007,0.05913649197810171,0.0036171885617566706,0.0016028726487868012,0.35529382640530877
intent_android.intent.action.ACTION_POWER_DISCONNECTED,0,0.0851787917243763,0.16699780121812427,188.8,157.86247179111317,"pearson_r, mutual_information, entropy_reduction_ratio",0.0022008384969733875,0.002389622812566183,0.0010990515992995496,0.001031886777526599,0.4191725589355158
perm_com.kingroot.kinguser.permission.REQUEST,0,0.08517166573515557,0.15338396368350896,517.8,114.8005226468939,"pearson_r, mutual_information, entropy_reduction_ratio",0.0,0.0351278612696016,0.0,0.0,0.39073046740617623
perm_com.google.android.googleapps.permission.GOOGLE_AUTH.adsense,0,0.08511095380030374,0.15340381863373878,518.0,114.44387270623098,"pearson_r, mutual_information, entropy_reduction_ratio",0.0,0.034824301595342506,0.0,0.0,0.39073046740617623
intent_com.qihoo.appstore.ACTION_GAME_UNION_DESK,0,0.08511035315048966,0.15340401553477256,518.2,114.0875102717208,"pearson_r, mutual_information, entropy_reduction_ratio",0.0,0.034821298346272074,0.0,0.0,0.39073046740617623
perm_android.permission.INTERACT_ACROSS_USERS_FULL,0,0.08504482901809253,0.14674738399252224,334.5,283.62387064561403,"pearson_r, mutual_information, entropy_reduction_ratio",0.001046146189735387,0.04697487803181559,0.0006028647602927785,0.000264074633144065,0.3763361814754748
perm_android.permission.CHANGE_WIFI_MULTICAST_STATE,0,0.08501427574936442,0.14395852080387458,312.1,307.11665536079283,"pearson_r, mutual_information, entropy_reduction_ratio",0.0020945419798850777,0.0508882961038943,0.001205729520585557,0.0005293662180038204,0.3703534449244534
intent_android.intent.action,0,0.08501239502805961,0.15343624998070873,518.4,113.73143804595104,"pearson_r, mutual_information, entropy_reduction_ratio",0.0,0.03433150773412185,0.0,0.0,0.39073046740617623
intent_cn.jpush.android.intent.PUSH_TIME,0,0.08495656773768405,0.14397224634547454,312.3,307.0575841759979,"pearson_r, mutual_information, entropy_reduction_ratio",0.0020945419798850777,0.050599756045492404,0.001205729520585557,0.0005293662180038204,0.3703534449244534
intent_show_moresetting,0,0.08494144411484818,0.1534597492984484,518.6,113.37565876324601,"pearson_r, mutual_information, entropy_reduction_ratio",0.0,0.03397675316806463,0.0,0.0,0.39073046740617623
intent_safiap.framework.ACTION_START_DOWNLOAD,0,0.08490040378110471,0.15347340032666829,518.8,113.02017519009604,"pearson_r, mutual_information, entropy_reduction_ratio",0.0,0.03377155149934732,0.0,0.0,0.39073046740617623
intent_com.taobao.accs.intent.action.RECEIVE,0,0.0848270211768561,0.1534979155706082,519.0,112.66499012559314,"pearson_r, mutual_information, entropy_reduction_ratio",0.0,0.03340463847810429,0.0,0.0,0.39073046740617623
intent_com.excelliance.kxqp.action.swpmain,0,0.08482015362898235,0.15350021682240175,519.2,112.31010640187286,"pearson_r, mutual_information, entropy_reduction_ratio",0.0,0.03337030073873545,0.0,0.0,0.39073046740617623
intent_android.net.wifi.WIFI_STATE_CHANGED,0,0.08476627430663962,0.13411055306926273,282.4,343.82123261951114,"pearson_r, mutual_information, entropy_reduction_ratio",0.008432706600905754,0.058699922762519625,0.004822918082342228,0.002147148880818504,0.349728675206612
intent_com.qihoo.appstore.ACTION_WIRTE_CHANNEL_AND_INSTALL,0,0.0847407937655572,0.15352689622041238,519.4,111.95552688456252,"pearson_r, mutual_information, entropy_reduction_ratio",0.0,0.032973501421609756,0.0,0.0,0.39073046740617623
intent_com.excelliance.kxqp.platform.gameplugin.action.UNBIND_REMOTE,0,0.08473269228153983,0.15352962876719445,519.6,111.6012544732361,"pearson_r, mutual_information, entropy_reduction_ratio",0.0,0.032932994001522935,0.0,0.0,0.39073046740617623
perm_com.anddoes.launcher.permission.WRITE_SETTINGS,0,0.08472788980870635,0.15353124937593343,519.8,111.24729210187546,"pearson_r, mutual_information, entropy_reduction_ratio",0.0,0.032908981637355575,0.0,0.0,0.39073046740617623
intent_com.example.servicejar.action.START_SPIRIT,0,0.08471695560812241,0.15353494133204337,520.0,110.8936427393383,"pearson_r, mutual_information, entropy_reduction_ratio",0.0,0.032854310634435856,0.0,0.0,0.39073046740617623
intent_LOCATION_SERVICE,0,0.0846790306595309,0.15354777021933533,520.4,110.18729509339995,"pearson_r, mutual_information, entropy_reduction_ratio",0.0,0.03266468589147829,0.0,0.0,0.39073046740617623
intent_com.sina.weibo.sdk.action.ACTION_SDK_REQ_ACTIVITY,0,0.084616706688644,0.16681948119387355,238.3,260.8489217919062,"pearson_r, chi2_stat, entropy_reduction_ratio",0.0016742685165358662,0.0,0.0021906833721185826,0.0009661505184758205,0.4182524310360898
intent_android.intent.action.CONFIGURATION_CHANGED,0,0.08453818015866987,0.14688225786461326,337.9,282.594656708155,"pearson_r, mutual_information, entropy_reduction_ratio",0.001046146189735387,0.0444416337347023,0.0006028647602927785,0.000264074633144065,0.3763361814754748
intent_com.qihoo360.mobilesafe.pcdaemon.sms.cancel.default.smsreceive,0,0.08449414450374287,0.1536108327410284,520.8,109.48223600201084,"pearson_r, mutual_information, entropy_reduction_ratio",0.0,0.031740255112538154,0.0,0.0,0.39073046740617623
perm_com.google.android.googleapps.permission.GOOGLE_AUTH.cp,0,0.08447407799366607,0.15361772918175048,521.0,109.1301974707276,"pearson_r, mutual_information, entropy_reduction_ratio",0.0,0.03163992256215414,0.0,0.0,0.39073046740617623
perm_com.google.android.googleapps.permission.GOOGLE_AUTH.youtube,0,0.08445605089747428,0.15362393339472458,521.2,108.77849052087458,"pearson_r, mutual_information, entropy_reduction_ratio",0.0,0.03154978708119516,0.0,0.0,0.39073046740617623
intent_com.qihoo.appstore.gameunion.DOWNLOAD_SLIENT,0,0.08439315409706717,0.15364564427645797,521.6,108.07608431100749,"pearson_r, mutual_information, entropy_reduction_ratio",0.0,0.031235303079159636,0.0,0.0,0.39073046740617623
perm_android.permission.DIAGNOSTIC,0,0.08439022453798517,0.15364665794473883,521.8,107.72539162147427,"pearson_r, mutual_information, entropy_reduction_ratio",0.0,0.03122065528374965,0.0,0.0,0.39073046740617623
perm_net.qihoo.launcher.permission.WRITE_SETTINGS,0,0.08437773701484184,0.15365098123277207,522.0,107.3750436554044,"pearson_r, mutual_information, entropy_reduction_ratio",0.0,0.031158217668033023,0.0,0.0,0.39073046740617623
intent_com.getui.gtc.sdk.service.action,0,0.084356862635088,0.15365821691555231,522.2,107.02504379816904,"pearson_r, mutual_information, entropy_reduction_ratio",0.0,0.03105384576926378,0.0,0.0,0.39073046740617623
perm_com.google.android.googleapps.permission.GOOGLE_AUTH.cl,0,0.0842966907201026,0.15367913585618243,522.6,106.3261021574665,"pearson_r, mutual_information, entropy_reduction_ratio",0.0,0.030752986194336758,0.0,0.0,0.39073046740617623
intent_com.igexin.sdk.action.7fjUl2Z3LH6xYy7NQK4ni4,0,0.0842923451998747,0.15368065012726664,522.8,105.9771673522179,"pearson_r, mutual_information, entropy_reduction_ratio",0.0,0.03073125859319733,0.0,0.0,0.39073046740617623
intent_com.baidu.android.pushservice.action.PUSH_SERVICE,0,0.08428819274596021,0.15368209756636692,523.0,105.62859461339055,"pearson_r, mutual_information, entropy_reduction_ratio",0.0,0.03071049632362482,0.0,0.0,0.39073046740617623
intent_com.yuetu.shentu.Intent.WECHAT_PAY,0,0.08425596504004276,0.15369334611292224,523.2,105.28038753728065,"pearson_r, mutual_information, entropy_reduction_ratio",0.0,0.03054935779403756,0.0,0.0,0.39073046740617623
perm_android.permission.WRITE_MEDIA_STORAGE,0,0.08423915801560522,0.15369922272351175,523.4,104.93254976412229,"pearson_r, mutual_information, entropy_reduction_ratio",0.0,0.030465322671849874,0.0,0.0,0.39073046740617623
intent_com.gtp.nextlauncher.theme,0,0.08421945387457862,0.15370612139174766,523.6,104.58508497869092,"pearson_r, mutual_information, entropy_reduction_ratio",0.0,0.03036680196671685,0.0,0.0,0.39073046740617623
intent_android.easou.eyou.SEND_SMS_RESULT,0,0.08413457438569326,0.15373595071597054,523.8,104.23799691091537,"pearson_r, mutual_information, entropy_reduction_ratio",0.0,0.029942404522290095,0.0,0.0,0.39073046740617623
intent_com.qihoo.appstore.stablenotification.NewsBroadcastReceiver,0,0.08411805672040268,0.1537417766585346,524.0,103.89128933649828,"pearson_r, mutual_information, entropy_reduction_ratio",0.0,0.02985981619583716,0.0,0.0,0.39073046740617623
perm_mobi.SyndicateApps.ICS.launcher.permission.READ_SETTINGS,0,0.08411016106169542,0.15374456396434613,524.2,103.54496607754527,"pearson_r, mutual_information, entropy_reduction_ratio",0.0,0.02982033790230082,0.0,0.0,0.39073046740617623
perm_android.permission.SET_DEBUG_APP,0,0.08405817246762237,0.15376295608175475,524.4,103.19903100320272,"pearson_r, mutual_information, entropy_reduction_ratio",0.0,0.02956039493193564,0.0,0.0,0.39073046740617623
intent_com.tencent.android.tpush.action.SDK,0,0.08404089450758676,0.1537690836220202,524.8,102.50834112402757,"pearson_r, mutual_information, entropy_reduction_ratio",0.0,0.02947400513175755,0.0,0.0,0.39073046740617623
intent_android.intent.action.ERROR_NOTIFY,0,0.08400657701651551,0.15378127644870976,525.0,102.16359429855628,"pearson_r, mutual_information, entropy_reduction_ratio",0.0,0.02930241767640128,0.0,0.0,0.39073046740617623
perm_android.permission.WRITE_SMS,0,0.08399509134055652,0.14421432658462244,317.9,305.61158355010036,"pearson_r, mutual_information, entropy_reduction_ratio",0.0020945419798850777,0.0457923740598548,0.001205729520585557,0.0005293662180038204,0.3703534449244534
intent_com.qihoo.sdkplugging.host.proxy.activity.VIEW,0,0.08390626323305242,0.15381708747731593,525.2,101.81925161775645,"pearson_r, mutual_information, entropy_reduction_ratio",0.0,0.028800848759085812,0.0,0.0,0.39073046740617623
perm_android.permission.MODIFY_AUDIO_SETTINGS,0,0.08378874004299765,0.14208040992266094,305.8,323.198019795914,"pearson_r, mutual_information, entropy_reduction_ratio",0.0031451970815622697,0.0474453062920028,0.0018085942808783353,0.0007958836139182223,0.3657487189466266
intent_com.qihoo.appstore.ACTION_CHECK_PHOTOS,0,0.08375192772221456,0.1538726782843186,525.4,101.47531719585804,"pearson_r, mutual_information, entropy_reduction_ratio",0.0,0.02802917120489659,0.0,0.0,0.39073046740617623
intent_com.kingroot.kinguser.gamebox.ACTION_GAME_DELETED,0,0.08372842747014923,0.15388119550186977,525.6,101.13179519814727,"pearson_r, mutual_information, entropy_reduction_ratio",0.0,0.027911669944569967,0.0,0.0,0.39073046740617623
intent_com.kingroot.master.action.MAIN_EXIT_CHECK,0,0.08369254636548862,0.15389422670372185,525.8,100.78868984166824,"pearson_r, mutual_information, entropy_reduction_ratio",0.0,0.02773226442126684,0.0,0.0,0.39073046740617623
perm_com.facebook.katana.permission.CROSS_PROCESS_BROADCAST_MANAGER,0,0.08364938288865806,0.15390994557125193,526.2,100.1037461836469,"pearson_r, mutual_information, entropy_reduction_ratio",0.0,0.027516447037114034,0.0,0.0,0.39073046740617623
perm_com.tencent.mm.wear.message,0,0.0836247556118745,0.15391893507444937,526.4,99.761916581429,"pearson_r, mutual_information, entropy_reduction_ratio",0.0,0.027393310653196307,0.0,0.0,0.39073046740617623
perm_android.permission.LOCAL_MAC_ADDRESS,0,0.08358465476595295,0.153933605375124,526.6,99.42052102056194,"pearson_r, mutual_information, entropy_reduction_ratio",0.0,0.027192806423588525,0.0,0.0,0.39073046740617623
intent_android.net.wifi.supplicant.CONNECTION_CHANGE,0,0.08355277629192456,0.15394529645584631,526.8,99.07956398773663,"pearson_r, mutual_information, entropy_reduction_ratio",0.0,0.02703341405344661,0.0,0.0,0.39073046740617623
perm_android.permission.WRITE_CONTACTS,0,0.0835470563551554,0.14027612605738315,299.2,330.99752264933943,"pearson_r, mutual_information, entropy_reduction_ratio",0.004198121268995092,0.048207102900661485,0.002411459041171114,0.0010636339836003394,0.36185496458134897
perm_android.permission.CAMERA,0,0.08353104949768264,0.1292474568602792,278.2,349.94536716464756,"pearson_r, mutual_information, entropy_reduction_ratio",0.008445498189021317,0.060098643497925104,0.007012930089853165,0.0034725811727897462,0.3386255945388239
intent_pre_add_game_uninstalled,0,0.08352106270964539,0.15395695238206378,527.0,98.73905002581299,"pearson_r, mutual_information, entropy_reduction_ratio",0.0,0.026874846142050685,0.0,0.0,0.39073046740617623
intent_com.qihoo.appstore.ACTION_GET_DOWNLOAD_APK_PATH,0,0.08351343424687381,0.15395975989412072,527.2,98.39898373458946,"pearson_r, mutual_information, entropy_reduction_ratio",0.0,0.026836703828192796,0.0,0.0,0.39073046740617623
intent_com.qihoo360.daemon.pcdaemon.NotifyServiceStart2,0,0.08345569170846803,0.15398105831570358,527.4,98.05936977158277,"pearson_r, mutual_information, entropy_reduction_ratio",0.0,0.026547991136163913,0.0,0.0,0.39073046740617623
intent_com.qihoo.appstore.battery.POWER_RANK_START,0,0.08343318947789988,0.15398938095149411,527.6,97.72021285281771,"pearson_r, mutual_information, entropy_reduction_ratio",0.0,0.02643547998332311,0.0,0.0,0.39073046740617623
perm_android.permission.WRITE_SETTINGS,0,0.08339969380973068,0.16508786493363442,244.3,257.9033927655858,"pearson_r, chi2_stat, entropy_reduction_ratio",0.0012896753205083125,0.0,0.0014696213791236406,0.000665364401399135,0.41357380794762233
perm_android.permission.GET_PACKAGE_SIZE,0,0.08338280466440831,0.1540080622508665,527.8,97.38151775362715,"pearson_r, mutual_information, entropy_reduction_ratio",0.0,0.026183555915865363,0.0,0.0,0.39073046740617623
perm_com.android.mylauncher.permission.READ_SETTINGS,0,0.08333991320563218,0.15402401538531307,528.0,97.0432893094623,"pearson_r, mutual_information, entropy_reduction_ratio",0.0,0.02596909862198466,0.0,0.0,0.39073046740617623
intent_com.xiaomi.mipush.ERROR,0,0.08333508427389735,0.15402581435650284,528.2,96.70553241671337,"pearson_r, mutual_information, entropy_reduction_ratio",0.0,0.02594495396331052,0.0,0.0,0.39073046740617623
perm_android.permission.BROADCAST_STICKY,0,0.08329944965252667,0.14440518850498962,321.5,304.89571987812485,"pearson_r, mutual_information, entropy_reduction_ratio",0.0020945419798850777,0.04231416561970554,0.001205729520585557,0.0005293662180038204,0.3703534449244534
intent_android.intent.action.PACKAGE_CHANGED,0,0.08329192121821452,0.15404192029172406,528.4,96.36825203354059,"pearson_r, mutual_information, entropy_reduction_ratio",0.0,0.02572913868489635,0.0,0.0,0.39073046740617623
perm_cn.nubia.launcher.permission.WRITE_SETTINGS,0,0.08322735726720266,0.15406609893977363,528.6,96.03145318071574,"pearson_r, mutual_information, entropy_reduction_ratio",0.0,0.025406318929837062,0.0,0.0,0.39073046740617623
perm_com.s.launcher.permission.READ_SETTINGS,0,0.0832193293541628,0.15406911262431858,528.8,95.6951409424742,"pearson_r, mutual_information, entropy_reduction_ratio",0.0,0.025366179364637788,0.0,0.0,0.39073046740617623
perm_cn.swiftpass.wxpay.permission.MM_MESSAGE,0,0.08306007304439146,0.15412923108056348,529.2,95.02399696918668,"pearson_r, mutual_information, entropy_reduction_ratio",0.0,0.02456989781578107,0.0,0.0,0.39073046740617623
intent_com.qihoo.appstore.launcher.shortcut.APP_GROUP,0,0.08304516308110735,0.15413489201165334,529.4,94.68917572774619,"pearson_r, mutual_information, entropy_reduction_ratio",0.0,0.024495347999360498,0.0,0.0,0.39073046740617623
perm_com.samsung.android.scloud.backup.lib.read,0,0.08302125628389813,0.15414398041667224,529.6,94.35486208987855,"pearson_r, mutual_information, entropy_reduction_ratio",0.0,0.0243758140133144,0.0,0.0,0.39073046740617623
perm_com.lenovo.launcherhdmarket.permission.READ_SETTINGS,0,0.08299693995775136,0.1541532391720422,529.8,94.02106147028974,"pearson_r, mutual_information, entropy_reduction_ratio",0.0,0.024254232382580558,0.0,0.0,0.39073046740617623
perm_android.permission.WRITE_APN_SETTING,0,0.08295558086961446,0.15416902113968792,530.0,93.68777935248545,"pearson_r, mutual_information, entropy_reduction_ratio",0.0,0.024047436941896087,0.0,0.0,0.39073046740617623
perm_com.meizu.flyme.launcher.permission.WRITE_SETTINGS,0,0.08291826176673842,0.15418329821416535,530.2,93.35502128969817,"pearson_r, mutual_information, entropy_reduction_ratio",0.0,0.023860841427515864,0.0,0.0,0.39073046740617623
intent_com.qihoo.appstore.battery.FREEZE_APP,0,0.08288877189058033,0.15419460470079188,530.4,93.02279290582497,"pearson_r, mutual_information, entropy_reduction_ratio",0.0,0.023713392046725425,0.0,0.0,0.39073046740617623
perm_com.tencent.msf.permission.account.sync,0,0.08287517011869582,0.15419982697429296,530.6,92.69109989637624,"pearson_r, mutual_information, entropy_reduction_ratio",0.0,0.023645383187302884,0.0,0.0,0.39073046740617623
intent_com.sogou.androidtool.action.sdk,0,0.08279359963422112,0.15423124216159415,530.8,92.35994802943534,"pearson_r, mutual_information, entropy_reduction_ratio",0.0,0.023237530764929328,0.0,0.0,0.39073046740617623
intent_android.intent.action.QUICKBOOT_POWERON,0,0.08276228352269788,0.13096285036716127,284.4,348.4408701630737,"pearson_r, mutual_information, entropy_reduction_ratio",0.011632959528587426,0.05006942632345875,0.006631512363220562,0.0029731707386828786,0.34250434865953977
intent_com.google.firebase.MESSAGING_EVENT,0,0.08274797160033386,0.0897879762932649,369.9,414.36341537351,"pearson_r, entropy_reduction_ratio, chi2_stat",0.08919713841145994,0.0,0.04702345130283672,0.02502808433132103,0.2524911839560516
perm_com.miui.mihome2.permission.READ_SETTINGS,0,0.08273559647191567,0.1542536819555159,531.2,91.69929116410879,"pearson_r, mutual_information, entropy_reduction_ratio",0.0,0.02294751495340216,0.0,0.0,0.39073046740617623
intent_com.qihoo.appstore.launcher.shortcut.HAOWU,0,0.082662942311401,0.15428190826239033,531.4,91.36979807354287,"pearson_r, mutual_information, entropy_reduction_ratio",0.0,0.022584244150828832,0.0,0.0,0.39073046740617623
intent_org.agoo.android.intent.action.RECEIVE,0,0.08263231253005134,0.1423946953912657,312.6,322.07676103686833,"pearson_r, mutual_information, entropy_reduction_ratio",0.0031451970815622697,0.041663168727271244,0.0018085942808783353,0.0007958836139182223,0.3657487189466266
perm_com.qihoo.appstore.update.permission.clear_sdk,0,0.08262677275818107,0.15429600931123252,531.6,91.04086994311949,"pearson_r, mutual_information, entropy_reduction_ratio",0.0,0.022403396384729168,0.0,0.0,0.39073046740617623
intent_cn.xiaoneng.xpush.service,0,0.0826251659003338,0.15429663651716374,531.8,90.71251291856046,"pearson_r, mutual_information, entropy_reduction_ratio",0.0,0.022395362095492758,0.0,0.0,0.39073046740617623
perm_com.google.android.providers.talk.permission.WRITE_ONLY,0,0.08261218154236522,0.15430170707270194,532.0,90.38473322414576,"pearson_r, mutual_information, entropy_reduction_ratio",0.0,0.02233044030564984,0.0,0.0,0.39073046740617623
intent_com.android.deskclock.ALARM_SNOOZE,0,0.08255281046377486,0.15432494577754716,532.2,90.05753716374882,"pearson_r, mutual_information, entropy_reduction_ratio",0.0,0.022033584912698093,0.0,0.0,0.39073046740617623
perm_com.sec.android.permission.LAUNCH_PERSONAL_PAGE_SERVICE,0,0.08251580353940767,0.154339475274792,532.4,89.73093112188238,"pearson_r, mutual_information, entropy_reduction_ratio",0.0,0.02184855029086215,0.0,0.0,0.39073046740617623
intent_com.baidu.android.pushservice.action.notification.CLICK,0,0.0824798128525063,0.15435363851121223,532.6,89.40492156475503,"pearson_r, mutual_information, entropy_reduction_ratio",0.0,0.02166859685635523,0.0,0.0,0.39073046740617623
intent_com.excelliance.dualaid.action.ext,0,0.08243811851177932,0.15437008661797694,532.8,89.07951504133821,"pearson_r, mutual_information, entropy_reduction_ratio",0.0,0.02146012515272037,0.0,0.0,0.39073046740617623
perm_com.google.android.googleapps.permission.GOOGLE_AUTH.grandcentral,0,0.08235580187482339,0.15440268700135973,533.2,88.43053771181084,"pearson_r, mutual_information, entropy_reduction_ratio",0.0,0.021048541967940707,0.0,0.0,0.39073046740617623
intent_com.qihoo.appstore.ACTION_DAEMON_CORE_SERVICE,0,0.08235112485885149,0.15440454433340142,533.4,88.10698042720566,"pearson_r, mutual_information, entropy_reduction_ratio",0.0,0.021025156888081206,0.0,0.0,0.39073046740617623
perm_com.tencent.mm.permission.C2D_MESSAGE,0,0.08227715453787375,0.15443399172562045,533.8,87.46176307392848,"pearson_r, mutual_information, entropy_reduction_ratio",0.0,0.020655305283192513,0.0,0.0,0.39073046740617623
perm_android.Manifest.permission.READ_PHONE_NUMBERS,0,0.08227027753017416,0.15443673635940874,534.0,87.14011705293952,"pearson_r, mutual_information, entropy_reduction_ratio",0.0,0.020620920244694585,0.0,0.0,0.39073046740617623
perm_android.permission.READ_SMS,0,0.08221347641080794,0.16334780774404656,266.9,248.45289291936209,"pearson_r, chi2_stat, entropy_reduction_ratio",0.0007839720180856344,0.0,0.0009537508903069349,0.0004212240295280116,0.40890843511611913
intent_cn.jpush.android.intent.PushService,0,0.08219136068905215,0.14473631401126935,327.7,304.0588101009408,"pearson_r, mutual_information, entropy_reduction_ratio",0.0020945419798850777,0.03677372080233293,0.001205729520585557,0.0005293662180038204,0.3703534449244534
perm_com.majeur.launcher.permission.UPDATE_BADGE,0,0.08218260874628144,0.15447182826965625,534.2,86.81912231760927,"pearson_r, mutual_information, entropy_reduction_ratio",0.0,0.020182576325230947,0.0,0.0,0.39073046740617623
intent_cn.play.dservice,0,0.08213846680706931,0.15448956963606933,534.4,86.49878611865024,"pearson_r, mutual_information, entropy_reduction_ratio",0.0,0.019961866629170308,0.0,0.0,0.39073046740617623
perm_com.android.launcher3.permission.INSTALL_SHORTCUT,0,0.08209206381826852,0.15450827194506725,534.6,86.17911579959497,"pearson_r, mutual_information, entropy_reduction_ratio",0.0,0.019729851685166347,0.0,0.0,0.39073046740617623
perm_com.samsung.android.providers.context.permission.READ_RECORD_AUDIO,0,0.0820628084445188,0.15452009054684784,534.8,85.86011879796115,"pearson_r, mutual_information, entropy_reduction_ratio",0.0,0.01958357481641774,0.0,0.0,0.39073046740617623
intent_safiap.framework.ACTION_TO_INSTALL_IAP,0,0.08202772805612399,0.15453429035882366,535.2,85.22417497400605,"pearson_r, mutual_information, entropy_reduction_ratio",0.0,0.019408172874443682,0.0,0.0,0.39073046740617623
suspicious_Ljava/lang/Runtime;->exec,0,0.0820224791290371,0.1482927690055647,358.8,260.76840299392103,"pearson_r, mutual_information, entropy_reduction_ratio",0.0004722515301239378,0.03139947052751903,0.00039017081876192774,0.0002186552045517241,0.37763184756422885
intent_com.excelliance.open.action.gameverchk,0,0.08201340389795402,0.15454009726364595,535.4,84.90724350725326,"pearson_r, mutual_information, entropy_reduction_ratio",0.0,0.019336552083593878,0.0,0.0,0.39073046740617623
intent_com.Remind.alarm.enable,0,0.08198240683799048,0.1545526806684248,535.6,84.59101607144815,"pearson_r, mutual_information, entropy_reduction_ratio",0.0,0.01918156678377616,0.0,0.0,0.39073046740617623
perm_com.android.vending.CHECK_LICENSE,0,0.08196500716780708,0.1335145820108634,292.6,344.6154958791029,"pearson_r, mutual_information, entropy_reduction_ratio",0.009497125078443202,0.04528369184049112,0.0054257828426350066,0.0024212002210364176,0.34719723585642964
perm_org.simalliance.openmobileapi.SMARTCARD,0,0.08182565681599771,0.15461667908150464,536.4,83.3333066666624,"pearson_r, mutual_information, entropy_reduction_ratio",0.0,0.018397816673812347,0.0,0.0,0.39073046740617623
intent_android.intent.action.UMS_CONNECTED,0,0.08177542922052003,0.15463731502205977,536.6,83.02072030523465,"pearson_r, mutual_information, entropy_reduction_ratio",0.0,0.018146678696423897,0.0,0.0,0.39073046740617623
perm_android.permission.BROADCAST_PACKAGE_CHANGED,0,0.08175342996598245,0.15464637306855256,536.8,82.7088870678357,"pearson_r, mutual_information, entropy_reduction_ratio",0.0,0.018036682423736,0.0,0.0,0.39073046740617623
perm_android.permission.REAL_GET_TASKS,0,0.08170449585539981,0.15466656434468004,537.2,82.08751427592384,"pearson_r, mutual_information, entropy_reduction_ratio",0.0,0.017792011870822796,0.0,0.0,0.39073046740617623
perm_com.sec.android.app.twlauncher.settings.WRITE_SETTINGS,0,0.08163935926608265,0.1546935330895613,537.6,81.46925800570422,"pearson_r, mutual_information, entropy_reduction_ratio",0.0,0.017466328924237034,0.0,0.0,0.39073046740617623
intent_com.taobao.accs.intent.action.COMMAND,0,0.08158100900381421,0.15471778121807991,537.8,81.16132083696026,"pearson_r, mutual_information, entropy_reduction_ratio",0.0,0.017174577612894825,0.0,0.0,0.39073046740617623
intent_aspire.iap.SMS_DELIVERED_ACTION,0,0.08156508135703996,0.1547244147689166,538.0,80.85418974920223,"pearson_r, mutual_information, entropy_reduction_ratio",0.0,0.0170949393790236,0.0,0.0,0.39073046740617623
perm_com.sonyericsson.home.WRITE_SETTINGS,0,0.0815147434234315,0.15474542076800596,538.2,80.54787396325244,"pearson_r, mutual_information, entropy_reduction_ratio",0.0,0.016843249710981258,0.0,0.0,0.39073046740617623
intent_com.Remind.launch.app,0,0.08151310192888736,0.15474610681775944,538.4,80.24238281606549,"pearson_r, mutual_information, entropy_reduction_ratio",0.0,0.01683504223826052,0.0,0.0,0.39073046740617623
intent_co.ronash.pushe.CHECK_TASKS,0,0.08150549781336443,0.15474928576707253,538.6,79.93772576199551,"pearson_r, mutual_information, entropy_reduction_ratio",0.0,0.016797021660645915,0.0,0.0,0.39073046740617623
intent_com.excelliance.dualaid.action.download,0,0.08138893662662398,0.1547981937394786,538.8,79.63391237406334,"pearson_r, mutual_information, entropy_reduction_ratio",0.0,0.016214215726943693,0.0,0.0,0.39073046740617623
perm_com.yulong.android.launcher3.READ_SETTINGS,0,0.08138645666763358,0.1547992379531502,539.0,79.33095234522273,"pearson_r, mutual_information, entropy_reduction_ratio",0.0,0.016201815931991735,0.0,0.0,0.39073046740617623
perm_com.ebproductions.android.launcher.permission.WRITE_SETTINGS,0,0.08138364768331985,0.15480042088994536,539.2,79.0288554896248,"pearson_r, mutual_information, entropy_reduction_ratio",0.0,0.01618777101042299,0.0,0.0,0.39073046740617623
perm_cn.swiftpass.wxpay.permission.MMOAUTH_CALLBACK,0,0.08129003781649943,0.1548399538672047,539.4,78.72763174388012,"pearson_r, mutual_information, entropy_reduction_ratio",0.0,0.01571972167632092,0.0,0.0,0.39073046740617623
suspicious_Cipher,0,0.08128468905462745,0.16192048665108935,280.5,243.0098763425059,"pearson_r, entropy_reduction_ratio, f_stat",0.001046146189735387,0.0,1.2081458122099448e-06,0.000251337600711987,0.40512475333687764
intent_cn.jpush.android.intent.MESSAGE_RECEIVED,0,0.08124310721116812,0.14504596582518856,333.3,303.7363330258664,"pearson_r, mutual_information, entropy_reduction_ratio",0.0020945419798850777,0.03203245341291277,0.001205729520585557,0.0005293662180038204,0.3703534449244534
perm_com.fede.launcher.permission.WRITE_SETTINGS,0,0.08116456952621305,0.15489328027285382,539.8,78.12784394823653,"pearson_r, mutual_information, entropy_reduction_ratio",0.0,0.015092380224889,0.0,0.0,0.39073046740617623
perm_com.zte.mifavor.launcher.permission.WRITE_SETTINGS,0,0.08111097792562241,0.15491617601361657,540.2,77.53167094807128,"pearson_r, mutual_information, entropy_reduction_ratio",0.0,0.014824422221935866,0.0,0.0,0.39073046740617623
perm_qiku.permission.ACCESS_QKPARAMS,0,0.08110276977648681,0.15491968900061245,540.4,77.23496617465433,"pearson_r, mutual_information, entropy_reduction_ratio",0.0,0.014783381476257795,0.0,0.0,0.39073046740617623
perm_android.permission.RECEIVE_BOOT_COMPLETED,0,0.08109507866487595,0.1534441568929778,377.6,257.57996816522825,"pearson_r, mutual_information, entropy_reduction_ratio",2.5239022942042475e-05,0.017752044427029424,1.0501346916235815e-05,1.1881441694748665e-05,0.38767572708579734
perm_com.thunderst.launcher.permission.READ_SETTINGS,0,0.08107904878892216,0.15492985062136289,540.6,76.93919677251641,"pearson_r, mutual_information, entropy_reduction_ratio",0.0,0.014664776538434622,0.0,0.0,0.39073046740617623
intent_android.intent.action.SEND_MULTIPLE,0,0.08107901639355888,0.14098296798339968,313.8,329.3614427949939,"pearson_r, mutual_information, entropy_reduction_ratio",0.004198121268995092,0.03586690309267894,0.002411459041171114,0.0010636339836003394,0.36185496458134897
intent_com.yulong.mms.NEW_MESSAGE_EXTERNAL,0,0.08105335474611022,0.15494087309874763,540.8,76.64437357040633,"pearson_r, mutual_information, entropy_reduction_ratio",0.0,0.014536306324374837,0.0,0.0,0.39073046740617623
perm_com.facebook.receiver.permission.ACCESS,0,0.0810525652145794,0.15494121205705663,541.0,76.35050752941987,"pearson_r, mutual_information, entropy_reduction_ratio",0.0,0.014532358666720792,0.0,0.0,0.39073046740617623
intent_cn.jpush.android.intent.CONNECTION,0,0.08101904726139457,0.1451226560080915,335.1,303.72033188444925,"pearson_r, mutual_information, entropy_reduction_ratio",0.0020945419798850777,0.030912153664045042,0.001205729520585557,0.0005293662180038204,0.3703534449244534
intent_co.ronash.pushe.RECEIVE,0,0.08101657701226934,0.15495667865443719,541.2,76.05760974419326,"pearson_r, mutual_information, entropy_reduction_ratio",0.0,0.014352417655170471,0.0,0.0,0.39073046740617623
intent_android.intent.action.DOWNLOAD_WAKEUP,0,0.0810030616050087,0.15496249538777518,541.4,75.76569144408306,"pearson_r, mutual_information, entropy_reduction_ratio",0.0,0.014284840618867266,0.0,0.0,0.39073046740617623
intent_com.meizu.cloud.pushservice.action.PUSH_SERVICE_START,0,0.0809872389152719,0.15496931083816948,541.6,75.47476399433124,"pearson_r, mutual_information, entropy_reduction_ratio",0.0,0.014205727170183313,0.0,0.0,0.39073046740617623
intent_android.intent.action.MEDIA_EJECT,0,0.08095312646733215,0.154984025363839,541.8,75.18483889721385,"pearson_r, mutual_information, entropy_reduction_ratio",0.0,0.014035164930484484,0.0,0.0,0.39073046740617623
intent_com.qihoo.appstore.launcher.shortcut.GAME_RESERVATION,0,0.08093418836388531,0.15499220674324957,542.0,74.89592779317177,"pearson_r, mutual_information, entropy_reduction_ratio",0.0,0.013940474413250343,0.0,0.0,0.39073046740617623
intent_com.facebook.sdk.ACTION_CURRENT_ACCESS_TOKEN_CHANGED,0,0.08092528298701875,0.09790661570301933,308.4,371.3729123132165,"pearson_r, entropy_reduction_ratio, chi2_stat",0.06591916491825214,0.012041140088934768,0.03556902085727394,0.01797739597668929,0.27311969309394357
intent_com.mobiletool.appstore.highspeed,0,0.08092112208265646,0.15499785660281606,542.2,74.6080424619223,"pearson_r, mutual_information, entropy_reduction_ratio",0.0,0.013875143007106095,0.0,0.0,0.39073046740617623
intent_com.qihoo.appstore.notification.click,0,0.08080082727477765,0.15505006933624446,542.4,74.32119482354949,"pearson_r, mutual_information, entropy_reduction_ratio",0.0,0.013273668967712062,0.0,0.0,0.39073046740617623
perm_android.permission.BROADCAST_PACKAGE_INSTALL,0,0.08078450705818743,0.15505718036347327,542.6,74.0353969395721,"pearson_r, mutual_information, entropy_reduction_ratio",0.0,0.013192067884760954,0.0,0.0,0.39073046740617623
intent_com.qihoo.appstore.push.PushNotifyCancelReceiver.ACTION_INTENT_CANCEL,0,0.08077767659102701,0.15506015847007232,542.8,73.75066101398684,"pearson_r, mutual_information, entropy_reduction_ratio",0.0,0.013157915548958815,0.0,0.0,0.39073046740617623
intent_com.qihoo.appstore.msplugin.install,0,0.08077308285258264,0.15506216200016515,543.0,73.46699939428586,"pearson_r, mutual_information, entropy_reduction_ratio",0.0,0.013134946856737013,0.0,0.0,0.39073046740617623
perm_com.android.launcher2.permission.READ_SETTINGS,0,0.08065991711923179,0.15511168217972235,543.2,73.18442457244574,"pearson_r, mutual_information, entropy_reduction_ratio",0.0,0.01256911818998269,0.0,0.0,0.39073046740617623
intent_android.provider.Telephony.SMS_RECEIVED,0,0.08065195793203025,0.13390059278746122,298.2,344.1699580149319,"pearson_r, mutual_information, entropy_reduction_ratio",0.009497125078443202,0.038718445661606996,0.0054257828426350066,0.0024212002210364176,0.34719723585642964
intent_com.excelliance.kxqp.action.swpsrv,0,0.08060820106705018,0.15513441726916832,543.6,72.62258601840064,"pearson_r, mutual_information, entropy_reduction_ratio",0.0,0.012310537929074663,0.0,0.0,0.39073046740617623
perm_com.yulong3.android.launcher.permission.WRITE_SETTINGS,0,0.08046959559710817,0.1551956736727541,544.0,72.06524821299098,"pearson_r, mutual_information, entropy_reduction_ratio",0.0,0.01161751057936465,0.0,0.0,0.39073046740617623
intent_com.excelliance.kxqp.action.smtsrv,0,0.08034650620911099,0.15525046747995339,544.4,71.51251638699341,"pearson_r, mutual_information, entropy_reduction_ratio",0.0,0.011002063639378726,0.0,0.0,0.39073046740617623
intent_com.qihoo360.daemon.pcdaemon.ACTION_START_DOWNLOAF_PAGE,0,0.08030557539326343,0.15526877021245628,544.6,71.23791125517367,"pearson_r, mutual_information, entropy_reduction_ratio",0.0,0.010797409560140928,0.0,0.0,0.39073046740617623
intent_com.qihoo.appstore.launcher.shortcut.PLAYGAME,0,0.08024882839704991,0.15529421316784972,544.8,70.96449816633665,"pearson_r, mutual_information, entropy_reduction_ratio",0.0,0.01051367457907338,0.0,0.0,0.39073046740617623
intent_org.agoo.android.intent.action.ELECTION_V2,0,0.08024298372948183,0.1552968381443932,545.0,70.69229095170137,"pearson_r, mutual_information, entropy_reduction_ratio",0.0,0.010484451241232871,0.0,0.0,0.39073046740617623
perm_org.adw.launcher_donut.permission.READ_SETTINGS,0,0.08022518684385556,0.15530483628596606,545.2,70.42130359486396,"pearson_r, mutual_information, entropy_reduction_ratio",0.0,0.010395466813101547,0.0,0.0,0.39073046740617623
intent_com.qihoo.appstore.ACTION_GAME_UNION_DETAIL,0,0.08019508436576424,0.15531838234311535,545.4,70.15155023233628,"pearson_r, mutual_information, entropy_reduction_ratio",0.0,0.01024495442264493,0.0,0.0,0.39073046740617623
perm_android.permission.BATTERY_STATS,0,0.08007820833255688,0.15537118626415547,545.6,69.88304515402861,"pearson_r, mutual_information, entropy_reduction_ratio",0.0,0.009660574256608132,0.0,0.0,0.39073046740617623
intent_com.qihoo.appstore.ACTION_NOTIFY_UNINSTALL,0,0.08004099854185961,0.15538806746419018,546.0,69.34983777919022,"pearson_r, mutual_information, entropy_reduction_ratio",0.0,0.009474525303121805,0.0,0.0,0.39073046740617623
perm_android.permission.ACCESS_WIFI_STATE.android.permission.READ_PHONE_STATE,0,0.080001407028663,0.15540606631377146,546.2,69.08516483297988,"pearson_r, mutual_information, entropy_reduction_ratio",0.0,0.009276567737138747,0.0,0.0,0.39073046740617623
intent_com.qihoo.appstore.launcher.shortcut.EBOOK,0,0.07998917732265123,0.15541163384176776,546.4,68.82179887215969,"pearson_r, mutual_information, entropy_reduction_ratio",0.0,0.009215419207079883,0.0,0.0,0.39073046740617623
intent_android.fbreader.action.PLUGIN,0,0.07995898574806518,0.1554253940702296,546.8,68.29904830962141,"pearson_r, mutual_information, entropy_reduction_ratio",0.0,0.00906446133414966,0.0,0.0,0.39073046740617623
intent_com.excelliance.open.NEXT_CHAPTER,0,0.0798581693657984,0.15547150361595455,547.2,67.78170844704344,"pearson_r, mutual_information, entropy_reduction_ratio",0.0,0.008560379422815729,0.0,0.0,0.39073046740617623
perm_com.google.android.googleapps.permission.GOOGLE_AUTH.notebook,0,0.07982235218259048,0.15548794467770685,547.4,67.5251064419746,"pearson_r, mutual_information, entropy_reduction_ratio",0.0,0.00838129350677616,0.0,0.0,0.39073046740617623
intent_com.igexin.sdk.action.refreshls,0,0.0797811380218442,0.15550690177956125,547.8,67.01611746438316,"pearson_r, mutual_information, entropy_reduction_ratio",0.0,0.008175222703044778,0.0,0.0,0.39073046740617623
perm_android.permission.ADDINSTALLKEY,0,0.07973090614030223,0.1555300626687902,548.0,66.76376262614323,"pearson_r, mutual_information, entropy_reduction_ratio",0.0,0.007924063295334967,0.0,0.0,0.39073046740617623
intent_com.mobiletool.appstore.action.extend,0,0.07966729241296341,0.15555948181459922,548.2,66.51285590019421,"pearson_r, mutual_information, entropy_reduction_ratio",0.0,0.007605994658640844,0.0,0.0,0.39073046740617623
intent_show_taskmanagerwhitelist,0,0.07966484797627955,0.15556061424694603,548.4,66.26341373639002,"pearson_r, mutual_information, entropy_reduction_ratio",0.0,0.007593772475221506,0.0,0.0,0.39073046740617623
intent_com.sogou.pushservice.action.METHOD,0,0.07964921774133835,0.15556785869127726,548.6,66.01545273646164,"pearson_r, mutual_information, entropy_reduction_ratio",0.0,0.007515621300515449,0.0,0.0,0.39073046740617623
perm_com.android.launcher2.permission.UNINSTALL_SHORTCUT,0,0.07953653185049127,0.15562026322872954,548.8,65.76898965317926,"pearson_r, mutual_information, entropy_reduction_ratio",0.0,0.006952191846280098,0.0,0.0,0.39073046740617623
intent_com.telecom.sdk_auth_ui.SMS_SEND_ACTIOIN,0,0.07949364891050134,0.15564028701772062,549.2,65.28062499700812,"pearson_r, mutual_information, entropy_reduction_ratio",0.0,0.006737777146330509,0.0,0.0,0.39073046740617623
perm_android.permission.DEVICE_POWER,0,0.07948966153426318,0.15564215115650276,549.4,65.0387576757121,"pearson_r, mutual_information, entropy_reduction_ratio",0.0,0.006717840265139676,0.0,0.0,0.39073046740617623
perm_android.permission.PREVENT_POWER_KEY,0,0.07943127144496943,0.1556694933521585,549.6,64.79845677174727,"pearson_r, mutual_information, entropy_reduction_ratio",0.0,0.006425889818670945,0.0,0.0,0.39073046740617623
intent_com.qihoo.appstore.ACTION_CHARGE_SHOW_TIPS_DLG,0,0.07942669231750986,0.15567164111130435,549.8,64.55973977642722,"pearson_r, mutual_information, entropy_reduction_ratio",0.0,0.006402994181373099,0.0,0.0,0.39073046740617623
intent_com.mobiletool.appstore.action.appdetail,0,0.07942160258198191,0.15567402895965,550.0,64.32262432457183,"pearson_r, mutual_information, entropy_reduction_ratio",0.0,0.006377545503733349,0.0,0.0,0.39073046740617623
perm_android.permission.ACCESS_DOWNLOAD_MANAGER_ADVANCED,0,0.07931662892322958,0.15572341755256117,550.4,63.853269297664006,"pearson_r, mutual_information, entropy_reduction_ratio",0.0,0.0058526772099716145,0.0,0.0,0.39073046740617623
intent_com.esbook.receiver.message,0,0.07929395722388642,0.15573411936863651,550.8,63.39053557117182,"pearson_r, mutual_information, entropy_reduction_ratio",0.0,0.0057393187132558756,0.0,0.0,0.39073046740617623
intent_com.qihoo.express.push.MSG_ARRIVED,0,0.07928191411714164,0.15573980919596866,551.0,63.16169725395289,"pearson_r, mutual_information, entropy_reduction_ratio",0.0,0.005679103179531967,0.0,0.0,0.39073046740617623
intent_com.qihoo360.daemon.pcdaemon.ACTION_START_UI2,0,0.07919050828859336,0.1557831089699174,551.2,62.93456919690481,"pearson_r, mutual_information, entropy_reduction_ratio",0.0,0.005222074036790594,0.0,0.0,0.39073046740617623
perm_com.android.launcher.permission.UNINSTALL_SHORTCUT,0,0.07916517019804048,0.15579514769779818,551.4,62.709169983344545,"pearson_r, mutual_information, entropy_reduction_ratio",0.0,0.0050953835840261905,0.0,0.0,0.39073046740617623
intent_com.qihoo.appstore.powerusage.HIGH_TEMPERATURE,0,0.07914444025307414,0.15580500855332466,551.8,62.263633045301816,"pearson_r, mutual_information, entropy_reduction_ratio",0.0,0.004991733859194465,0.0,0.0,0.39073046740617623
intent_com.igexin.sdk.action.service.message,0,0.07909257594539036,0.15582972504463713,552.0,62.04353310378125,"pearson_r, mutual_information, entropy_reduction_ratio",0.0,0.004732412320775589,0.0,0.0,0.39073046740617623
perm_android.permission.RECEIVE_SMS,0,0.07906233720207055,0.15805769010645485,286.3,240.62285843202844,"pearson_r, chi2_stat, entropy_reduction_ratio",5.1915140224366786e-05,0.0,5.6854991344575645e-05,2.5201090306213006e-05,0.39517771478847763
intent_android.intent.action.MY_PACKAGE_REPLACED,0,0.07906233720207055,0.15805769010645485,286.3,240.62285843202844,"pearson_r, chi2_stat, entropy_reduction_ratio",5.1915140224366786e-05,0.0,5.6854991344575645e-05,2.5201090306213006e-05,0.39517771478847763
intent_android.Intent.ACTION_NEW_OUTGOING_CALL,0,0.0790556564378637,0.15584735910797012,552.4,61.608765610098054,"pearson_r, mutual_information, entropy_reduction_ratio",0.0,0.004547814783142316,0.0,0.0,0.39073046740617623
perm_com.sec.android.app.voicenote.Controller,0,0.07879699714756032,0.15597182838683188,553.2,60.761500968952376,"pearson_r, mutual_information, entropy_reduction_ratio",0.0,0.0032545183316253913,0.0,0.0,0.39073046740617623
intent_com.excelliance.dualaid.SHORTCUT_ALARM,0,0.07879534900569704,0.1559726266709656,553.4,60.554438317930085,"pearson_r, mutual_information, entropy_reduction_ratio",0.0,0.003246277622308941,0.0,0.0,0.39073046740617623
intent_com.qihoo.appstore.zhushouhelper.IZhushouHelperService,0,0.07877920489175744,0.15598044960443908,553.6,60.349316483287524,"pearson_r, mutual_information, entropy_reduction_ratio",0.0,0.00316555705261096,0.0,0.0,0.39073046740617623
perm_com.qihoo360.launcher.permission.READ_SETTINGS,0,0.0787413244150649,0.15599882999745296,553.8,60.14615532184913,"pearson_r, mutual_information, entropy_reduction_ratio",0.0,0.0029761546691483283,0.0,0.0,0.39073046740617623
intent_com.mobiletool.appstore.service.weatherservice,0,0.07873205196497778,0.15600333445794412,554.0,59.94497476853252,"pearson_r, mutual_information, entropy_reduction_ratio",0.0,0.002929792418712662,0.0,0.0,0.39073046740617623
intent_com.telecom.sdk_auth_ui.SMS_CODE_SEND_ACTIOIN,0,0.07872521760567944,0.15600665584706883,554.2,59.74579483110087,"pearson_r, mutual_information, entropy_reduction_ratio",0.0,0.0028956206222209573,0.0,0.0,0.39073046740617623
intent_android.net.wifi.PICK_WIFI_WORK,0,0.07871466970172596,0.1560117841710379,554.6,59.35351716621349,"pearson_r, mutual_information, entropy_reduction_ratio",0.0,0.002842881102453559,0.0,0.0,0.39073046740617623
intent_android.intent.action.MEDIA_CHECKING,0,0.07868264375965094,0.1560273714252983,554.8,59.16045976832837,"pearson_r, mutual_information, entropy_reduction_ratio",0.0,0.002682751392078479,0.0,0.0,0.39073046740617623
perm_android.permission.DOWNLOAD_WITHOUT_NOTIFICATION,0,0.07861577378169649,0.14602920707030106,348.5,304.93999409719936,"pearson_r, mutual_information, entropy_reduction_ratio",0.0020945419798850777,0.01889578626555458,0.001205729520585557,0.0005293662180038204,0.3703534449244534
perm_android.permission.CHANGE_WIMAX_STATE,0,0.07861068517598271,0.15606248439412487,555.2,58.7806090475422,"pearson_r, mutual_information, entropy_reduction_ratio",0.0,0.0023229584737373783,0.0,0.0,0.39073046740617623
perm_android.permission.WRITE_PROFILE,0,0.07858200336159268,0.1460430327591152,348.7,304.97599905566335,"pearson_r, mutual_information, entropy_reduction_ratio",0.0020945419798850777,0.01872693416503564,0.001205729520585557,0.0005293662180038204,0.3703534449244534
intent_com.morgoo.droidplugin.ACTION_SHORTCUT_PROXY,0,0.07854721854950765,0.15609355719128082,555.4,58.59385633323685,"pearson_r, mutual_information, entropy_reduction_ratio",0.0,0.002005625341361999,0.0,0.0,0.39073046740617623
intent_android.intent.action.MEDIA_UNMOUNTED,0,0.07852421623370831,0.15610484291286833,555.6,58.40924584344503,"pearson_r, mutual_information, entropy_reduction_ratio",0.0,0.0018906137623653152,0.0,0.0,0.39073046740617623
perm_android.permission.USE_SIP,0,0.07849218361239382,0.1561205804355802,556.0,58.04653305753928,"pearson_r, mutual_information, entropy_reduction_ratio",0.0,0.0017304506557928624,0.0,0.0,0.39073046740617623
intent_com.qihoo.appstore.floatwin.FloatWindowService,0,0.07848963206666482,0.15612183506392616,556.2,57.86847155403364,"pearson_r, mutual_information, entropy_reduction_ratio",0.0,0.001717692927147847,0.0,0.0,0.39073046740617623
intent_android.intent.action.RESPOND_VIA_MESSAGE,0,0.07843016119838195,0.14610556693029178,349.7,305.16382485478186,"pearson_r, mutual_information, entropy_reduction_ratio",0.0020945419798850777,0.017967723348981942,0.001205729520585557,0.0005293662180038204,0.3703534449244534
perm_com.ty.launcher.permission.READ_SETTINGS,0,0.07840947416649599,0.156161329527352,556.4,57.692633845231924,"pearson_r, mutual_information, entropy_reduction_ratio",0.0,0.0013169034263036954,0.0,0.0,0.39073046740617623
intent_com.umeng.message.disablecallback.action,0,0.078356180684597,0.15618767321263757,556.6,57.51904032579125,"pearson_r, mutual_information, entropy_reduction_ratio",0.0,0.0010504360168087875,0.0,0.0,0.39073046740617623
perm_com.nd.android.launcher.permission.WRITE_SETTINGS,0,0.07827152436288873,0.15622966034121005,556.8,57.34771137543329,"pearson_r, mutual_information, entropy_reduction_ratio",0.0,0.0006271544082674415,0.0,0.0,0.39073046740617623
intent_com.example.servicejar.action.SHORTCUT_CLICKED,0,0.07826948285255253,0.1562306749987612,557.0,57.17866735068246,"pearson_r, mutual_information, entropy_reduction_ratio",0.0,0.0006169468565864351,0.0,0.0,0.39073046740617623
perm_android.permission.SEND_DOWNLOAD_COMPLETED_INTENTS,0,0.0782107857313438,0.15625989105529206,557.2,57.01192857639531,"pearson_r, mutual_information, entropy_reduction_ratio",0.0,0.00032346125054274534,0.0,0.0,0.39073046740617623
perm_android.permission.CLEAR_APP_USER_DATA,0,0.07817628297206416,0.15627710315202392,557.4,56.847515337084,"pearson_r, mutual_information, entropy_reduction_ratio",0.0,0.00015094745414458236,0.0,0.0,0.39073046740617623
perm_com.anddoes.launcher.permission.UPDATE_COUNT,0,0.07815163465281068,0.15628941674504485,557.6,56.68544786803753,"pearson_r, mutual_information, entropy_reduction_ratio",0.0,2.7705857877146372e-05,0.0,0.0,0.39073046740617623
suspicious_getSystemService,0,0.07814609348123525,0.1562921869624705,606.5,91.20526300603491,"pearson_r, entropy_reduction_ratio, mutual_information",0.0,0.0,0.0,0.0,0.39073046740617623
suspicious_Base64,0,0.07814609348123525,0.1562921869624705,606.5,91.20526300603491,"pearson_r, entropy_reduction_ratio, mutual_information",0.0,0.0,0.0,0.0,0.39073046740617623
suspicious_getExternalStorageDirectory,0,0.07814609348123525,0.1562921869624705,606.5,91.20526300603491,"pearson_r, entropy_reduction_ratio, mutual_information",0.0,0.0,0.0,0.0,0.39073046740617623
perm_android.permission.READ_SETTINGS,0,0.07814609348123525,0.1562921869624705,606.5,91.20526300603491,"pearson_r, entropy_reduction_ratio, mutual_information",0.0,0.0,0.0,0.0,0.39073046740617623
perm_android.permission.ACCESS_CACHE_FILESYSTEM,0,0.07814609348123525,0.1562921869624705,606.5,91.20526300603491,"pearson_r, entropy_reduction_ratio, mutual_information",0.0,0.0,0.0,0.0,0.39073046740617623
perm_com.android.launcher.permission.WRITE_SETTINGS,0,0.07814609348123525,0.1562921869624705,606.5,91.20526300603491,"pearson_r, entropy_reduction_ratio, mutual_information",0.0,0.0,0.0,0.0,0.39073046740617623
perm_android.permission.UPDATE_APP_OPS_STATS,0,0.07814609348123525,0.1562921869624705,606.5,91.20526300603491,"pearson_r, entropy_reduction_ratio, mutual_information",0.0,0.0,0.0,0.0,0.39073046740617623
perm_com.android.launcher3.permission.READ_SETTINGS,0,0.07814609348123525,0.1562921869624705,606.5,91.20526300603491,"pearson_r, entropy_reduction_ratio, mutual_information",0.0,0.0,0.0,0.0,0.39073046740617623
perm_android.webkit.permission.PLUGIN,0,0.07814609348123525,0.1562921869624705,606.5,91.20526300603491,"pearson_r, entropy_reduction_ratio, mutual_information",0.0,0.0,0.0,0.0,0.39073046740617623
perm_android.permission.DELETE_PACKAGES,0,0.07814609348123525,0.1562921869624705,606.5,91.20526300603491,"pearson_r, entropy_reduction_ratio, mutual_information",0.0,0.0,0.0,0.0,0.39073046740617623
perm_android.permission.WRITE_SECURE_SETTINGS,0,0.07814609348123525,0.1562921869624705,606.5,91.20526300603491,"pearson_r, entropy_reduction_ratio, mutual_information",0.0,0.0,0.0,0.0,0.39073046740617623
perm_android.permission.CLEAR_APP_CACHE,0,0.07814609348123525,0.1562921869624705,606.5,91.20526300603491,"pearson_r, entropy_reduction_ratio, mutual_information",0.0,0.0,0.0,0.0,0.39073046740617623
intent_android.intent.action.MEDIA_MOUNTED,0,0.07814609348123525,0.1562921869624705,606.5,91.20526300603491,"pearson_r, entropy_reduction_ratio, mutual_information",0.0,0.0,0.0,0.0,0.39073046740617623
perm_com.lenovo.launcher.permission.READ_SETTINGS,0,0.07814609348123525,0.1562921869624705,606.5,91.20526300603491,"pearson_r, entropy_reduction_ratio, mutual_information",0.0,0.0,0.0,0.0,0.39073046740617623
perm_cn.nubia.launcher.permission.READ_SETTINGS,0,0.07814609348123525,0.1562921869624705,606.5,91.20526300603491,"pearson_r, entropy_reduction_ratio, mutual_information",0.0,0.0,0.0,0.0,0.39073046740617623
perm_com.android.launcher3.permission.WRITE_SETTINGS,0,0.07814609348123525,0.1562921869624705,606.5,91.20526300603491,"pearson_r, entropy_reduction_ratio, mutual_information",0.0,0.0,0.0,0.0,0.39073046740617623
perm_org.adwfreak.launcher.permission.READ_SETTINGS,0,0.07814609348123525,0.1562921869624705,606.5,91.20526300603491,"pearson_r, entropy_reduction_ratio, mutual_information",0.0,0.0,0.0,0.0,0.39073046740617623
perm_com.huawei.launcher2.permission.READ_SETTINGS,0,0.07814609348123525,0.1562921869624705,606.5,91.20526300603491,"pearson_r, entropy_reduction_ratio, mutual_information",0.0,0.0,0.0,0.0,0.39073046740617623
perm_com.google.android.launcher.permission.READ_SETTINGS,0,0.07814609348123525,0.1562921869624705,606.5,91.20526300603491,"pearson_r, entropy_reduction_ratio, mutual_information",0.0,0.0,0.0,0.0,0.39073046740617623
intent_android.accessibilityservice.AccessibilityService,0,0.07814609348123525,0.1562921869624705,606.5,91.20526300603491,"pearson_r, entropy_reduction_ratio, mutual_information",0.0,0.0,0.0,0.0,0.39073046740617623
perm_com.huawei.launcher3.permission.READ_SETTINGS,0,0.07814609348123525,0.1562921869624705,606.5,91.20526300603491,"pearson_r, entropy_reduction_ratio, mutual_information",0.0,0.0,0.0,0.0,0.39073046740617623
perm_com.htc.launcher.permission.WRITE_SETTINGS,0,0.07814609348123525,0.1562921869624705,606.5,91.20526300603491,"pearson_r, entropy_reduction_ratio, mutual_information",0.0,0.0,0.0,0.0,0.39073046740617623
intent_android.intent.action.DELETE,0,0.07814609348123525,0.1562921869624705,606.5,91.20526300603491,"pearson_r, entropy_reduction_ratio, mutual_information",0.0,0.0,0.0,0.0,0.39073046740617623
intent_android.intent.action.NEW_OUTGOING_CALL,0,0.07814609348123525,0.1562921869624705,606.5,91.20526300603491,"pearson_r, entropy_reduction_ratio, mutual_information",0.0,0.0,0.0,0.0,0.39073046740617623
perm_com.tencent.qqlauncher.permission.READ_SETTINGS,0,0.07814609348123525,0.1562921869624705,606.5,91.20526300603491,"pearson_r, entropy_reduction_ratio, mutual_information",0.0,0.0,0.0,0.0,0.39073046740617623
perm_android.permission.MODIFY_PHONE_STATE,0,0.07814609348123525,0.1562921869624705,606.5,91.20526300603491,"pearson_r, entropy_reduction_ratio, mutual_information",0.0,0.0,0.0,0.0,0.39073046740617623
perm_com.android.email.permission.ACCESS_PROVIDER,0,0.07814609348123525,0.1562921869624705,606.5,91.20526300603491,"pearson_r, entropy_reduction_ratio, mutual_information",0.0,0.0,0.0,0.0,0.39073046740617623
perm_android.permission.PERMISSION_NAME,0,0.07814609348123525,0.1562921869624705,606.5,91.20526300603491,"pearson_r, entropy_reduction_ratio, mutual_information",0.0,0.0,0.0,0.0,0.39073046740617623
perm_com.yulong.android.launcher.permission.READ_SETTINGS,0,0.07814609348123525,0.1562921869624705,606.5,91.20526300603491,"pearson_r, entropy_reduction_ratio, mutual_information",0.0,0.0,0.0,0.0,0.39073046740617623
intent_cn.egame.terminal.sdk.SERVICE_CMD,0,0.07814609348123525,0.1562921869624705,606.5,91.20526300603491,"pearson_r, entropy_reduction_ratio, mutual_information",0.0,0.0,0.0,0.0,0.39073046740617623
intent_cn.egame.terminal.sdk.RECEIVER_CMD,0,0.07814609348123525,0.1562921869624705,606.5,91.20526300603491,"pearson_r, entropy_reduction_ratio, mutual_information",0.0,0.0,0.0,0.0,0.39073046740617623
intent_com.morgoo.droidplugin.ACTION_SHORTCUT_PROXY_ZHUSHOU,0,0.07814609348123525,0.1562921869624705,606.5,91.20526300603491,"pearson_r, entropy_reduction_ratio, mutual_information",0.0,0.0,0.0,0.0,0.39073046740617623
intent_android.intent.action.SCREEN_ON,0,0.07814609348123525,0.1562921869624705,606.5,91.20526300603491,"pearson_r, entropy_reduction_ratio, mutual_information",0.0,0.0,0.0,0.0,0.39073046740617623
intent_com.qihoo.appstore.launcher.shortcut.MYSOFT,0,0.07814609348123525,0.1562921869624705,606.5,91.20526300603491,"pearson_r, entropy_reduction_ratio, mutual_information",0.0,0.0,0.0,0.0,0.39073046740617623
intent_com.qihoo.appstore.plugin.huajiao.IPluginHelperService,0,0.07814609348123525,0.1562921869624705,606.5,91.20526300603491,"pearson_r, entropy_reduction_ratio, mutual_information",0.0,0.0,0.0,0.0,0.39073046740617623
intent_com.qihoo.appstore.launcher.shortcut.GAMEUNION,0,0.07814609348123525,0.1562921869624705,606.5,91.20526300603491,"pearson_r, entropy_reduction_ratio, mutual_information",0.0,0.0,0.0,0.0,0.39073046740617623
perm_dianxin.permission.READ_SETTINGS,0,0.07814609348123525,0.1562921869624705,606.5,91.20526300603491,"pearson_r, entropy_reduction_ratio, mutual_information",0.0,0.0,0.0,0.0,0.39073046740617623
intent_com.qihoo.appstore.download_one_apk,0,0.07814609348123525,0.1562921869624705,606.5,91.20526300603491,"pearson_r, entropy_reduction_ratio, mutual_information",0.0,0.0,0.0,0.0,0.39073046740617623
intent_com.qihoo.appstore.download,0,0.07814609348123525,0.1562921869624705,606.5,91.20526300603491,"pearson_r, entropy_reduction_ratio, mutual_information",0.0,0.0,0.0,0.0,0.39073046740617623
intent_com.qihoo.appstore.clipboard.change,0,0.07814609348123525,0.1562921869624705,606.5,91.20526300603491,"pearson_r, entropy_reduction_ratio, mutual_information",0.0,0.0,0.0,0.0,0.39073046740617623
intent_com.qihoo.appstore.clean.scan.finish,0,0.07814609348123525,0.1562921869624705,606.5,91.20526300603491,"pearson_r, entropy_reduction_ratio, mutual_information",0.0,0.0,0.0,0.0,0.39073046740617623
intent_com.qihoo.appstore.launcher.shortcut.HOME_GAME,0,0.07814609348123525,0.1562921869624705,606.5,91.20526300603491,"pearson_r, entropy_reduction_ratio, mutual_information",0.0,0.0,0.0,0.0,0.39073046740617623
intent_com.qihoo.appstore.freeze.ICON,0,0.07814609348123525,0.1562921869624705,606.5,91.20526300603491,"pearson_r, entropy_reduction_ratio, mutual_information",0.0,0.0,0.0,0.0,0.39073046740617623
intent_com.qihoo.appstore.free.wifi,0,0.07814609348123525,0.1562921869624705,606.5,91.20526300603491,"pearson_r, entropy_reduction_ratio, mutual_information",0.0,0.0,0.0,0.0,0.39073046740617623
intent_com.qihoo.appstore.battery.STABLE_NOTIFY,0,0.07814609348123525,0.1562921869624705,606.5,91.20526300603491,"pearson_r, entropy_reduction_ratio, mutual_information",0.0,0.0,0.0,0.0,0.39073046740617623
intent_com.qihoo.appstore.launcher.shortcut.MYFREEZE,0,0.07814609348123525,0.1562921869624705,606.5,91.20526300603491,"pearson_r, entropy_reduction_ratio, mutual_information",0.0,0.0,0.0,0.0,0.39073046740617623
intent_com.qihoo360.mobilesafe.pcdaemon.sms.restore.start,0,0.07814609348123525,0.1562921869624705,606.5,91.20526300603491,"pearson_r, entropy_reduction_ratio, mutual_information",0.0,0.0,0.0,0.0,0.39073046740617623
intent_com.qihoo360.mobilesafe.pcdaemon.filehandle,0,0.07814609348123525,0.1562921869624705,606.5,91.20526300603491,"pearson_r, entropy_reduction_ratio, mutual_information",0.0,0.0,0.0,0.0,0.39073046740617623
intent_com.qihoo360.mobilesafe.clean.DOWNLOADDLG,0,0.07814609348123525,0.1562921869624705,606.5,91.20526300603491,"pearson_r, entropy_reduction_ratio, mutual_information",0.0,0.0,0.0,0.0,0.39073046740617623
intent_com.qihoo360.daemon.pcdaemon.NotifyServiceStop2,0,0.07814609348123525,0.1562921869624705,606.5,91.20526300603491,"pearson_r, entropy_reduction_ratio, mutual_information",0.0,0.0,0.0,0.0,0.39073046740617623
intent_com.qihoo360.daemon.pcdaemon.ACTION_SEND_SMS_SEND_STATUS_FORWARD2,0,0.07814609348123525,0.1562921869624705,606.5,91.20526300603491,"pearson_r, entropy_reduction_ratio, mutual_information",0.0,0.0,0.0,0.0,0.39073046740617623
intent_com.qihoo360.daemon.pcdaemon.ACTION_START_SERVICE2,0,0.07814609348123525,0.1562921869624705,606.5,91.20526300603491,"pearson_r, entropy_reduction_ratio, mutual_information",0.0,0.0,0.0,0.0,0.39073046740617623
intent_com.qihoo360.daemon.pcdaemon.ACTION_START_RECEIVER,0,0.07814609348123525,0.1562921869624705,606.5,91.20526300603491,"pearson_r, entropy_reduction_ratio, mutual_information",0.0,0.0,0.0,0.0,0.39073046740617623
intent_com.qihoo360.daemon.pcdaemon.ACTION_START_OPERATE_CLIPBOARD,0,0.07814609348123525,0.1562921869624705,606.5,91.20526300603491,"pearson_r, entropy_reduction_ratio, mutual_information",0.0,0.0,0.0,0.0,0.39073046740617623
intent_com.qihoo.hongbao.LOGIN,0,0.07814609348123525,0.1562921869624705,606.5,91.20526300603491,"pearson_r, entropy_reduction_ratio, mutual_information",0.0,0.0,0.0,0.0,0.39073046740617623
intent_com.qihoo.appstore.powerusage.SAVE_MODE,0,0.07814609348123525,0.1562921869624705,606.5,91.20526300603491,"pearson_r, entropy_reduction_ratio, mutual_information",0.0,0.0,0.0,0.0,0.39073046740617623
intent_com.qihoo.appstore.launcher.shortcut.WEBVIEW,0,0.07814609348123525,0.1562921869624705,606.5,91.20526300603491,"pearson_r, entropy_reduction_ratio, mutual_information",0.0,0.0,0.0,0.0,0.39073046740617623
intent_com.qihoo.appstore.launcher.shortcut.VIDEO,0,0.07814609348123525,0.1562921869624705,606.5,91.20526300603491,"pearson_r, entropy_reduction_ratio, mutual_information",0.0,0.0,0.0,0.0,0.39073046740617623
intent_com.qihoo360.daemon.pcdaemon.ACTION_START_OPERATE_AUTHOR,0,0.07814609348123525,0.1562921869624705,606.5,91.20526300603491,"pearson_r, entropy_reduction_ratio, mutual_information",0.0,0.0,0.0,0.0,0.39073046740617623
intent_com.qihoo.appstore.ACTION_NORMAL_INSTALL_ERROR,0,0.07814609348123525,0.1562921869624705,606.5,91.20526300603491,"pearson_r, entropy_reduction_ratio, mutual_information",0.0,0.0,0.0,0.0,0.39073046740617623
intent_com.qihoo.appstore.ACTION_MEM_SCAN,0,0.07814609348123525,0.1562921869624705,606.5,91.20526300603491,"pearson_r, entropy_reduction_ratio, mutual_information",0.0,0.0,0.0,0.0,0.39073046740617623
intent_com.qihoo.appstore.ACTION_LAUNCH_SERVICE_ACTIVITY,0,0.07814609348123525,0.1562921869624705,606.5,91.20526300603491,"pearson_r, entropy_reduction_ratio, mutual_information",0.0,0.0,0.0,0.0,0.39073046740617623
intent_com.qihoo.appstore.ACTION_EVENT_STAT,0,0.07814609348123525,0.1562921869624705,606.5,91.20526300603491,"pearson_r, entropy_reduction_ratio, mutual_information",0.0,0.0,0.0,0.0,0.39073046740617623
intent_com.qihoo.appstore.ACTION_PACKAGE_REMOVED_NEED_CLEAR,0,0.07814609348123525,0.1562921869624705,606.5,91.20526300603491,"pearson_r, entropy_reduction_ratio, mutual_information",0.0,0.0,0.0,0.0,0.39073046740617623
intent_com.qihoo.appstore.ACTION_CLEAR_BACKGROUND,0,0.07814609348123525,0.1562921869624705,606.5,91.20526300603491,"pearson_r, entropy_reduction_ratio, mutual_information",0.0,0.0,0.0,0.0,0.39073046740617623
intent_com.qihoo.appstore.ACTION_CLEAN_STOP_SERVICE,0,0.07814609348123525,0.1562921869624705,606.5,91.20526300603491,"pearson_r, entropy_reduction_ratio, mutual_information",0.0,0.0,0.0,0.0,0.39073046740617623
intent_com.qihoo.appstore.ACTION_GET_SIGNIN_FOR_NOTIFYCATION,0,0.07814609348123525,0.1562921869624705,606.5,91.20526300603491,"pearson_r, entropy_reduction_ratio, mutual_information",0.0,0.0,0.0,0.0,0.39073046740617623
intent_com.qihoo.appstore.checkupdate.INSTALL_ALL_SILENT_TASK,0,0.07814609348123525,0.1562921869624705,606.5,91.20526300603491,"pearson_r, entropy_reduction_ratio, mutual_information",0.0,0.0,0.0,0.0,0.39073046740617623
intent_com.qihoo.appstore.battery.STOP,0,0.07814609348123525,0.1562921869624705,606.5,91.20526300603491,"pearson_r, entropy_reduction_ratio, mutual_information",0.0,0.0,0.0,0.0,0.39073046740617623
intent_com.qihoo.appstore.ACTION_CLEAR_CREATE_SHORTCUT,0,0.07814609348123525,0.1562921869624705,606.5,91.20526300603491,"pearson_r, entropy_reduction_ratio, mutual_information",0.0,0.0,0.0,0.0,0.39073046740617623
intent_com.qihoo.appstore.ACTION_START_RADICALROOT,0,0.07814609348123525,0.1562921869624705,606.5,91.20526300603491,"pearson_r, entropy_reduction_ratio, mutual_information",0.0,0.0,0.0,0.0,0.39073046740617623
intent_com.qihoo.appstore.battery.ACCESSIBILITY_ALERT,0,0.07814609348123525,0.1562921869624705,606.5,91.20526300603491,"pearson_r, entropy_reduction_ratio, mutual_information",0.0,0.0,0.0,0.0,0.39073046740617623
intent_com.qihoo.appstore.clean.result,0,0.07814609348123525,0.1562921869624705,606.5,91.20526300603491,"pearson_r, entropy_reduction_ratio, mutual_information",0.0,0.0,0.0,0.0,0.39073046740617623
intent_com.qihoo.appstore.activate,0,0.07814609348123525,0.1562921869624705,606.5,91.20526300603491,"pearson_r, entropy_reduction_ratio, mutual_information",0.0,0.0,0.0,0.0,0.39073046740617623
intent_com.qihoo.appstore.accessibility.ALERT,0,0.07814609348123525,0.1562921869624705,606.5,91.20526300603491,"pearson_r, entropy_reduction_ratio, mutual_information",0.0,0.0,0.0,0.0,0.39073046740617623
intent_com.qihoo.appstore.ACTION_STAT,0,0.07814609348123525,0.1562921869624705,606.5,91.20526300603491,"pearson_r, entropy_reduction_ratio, mutual_information",0.0,0.0,0.0,0.0,0.39073046740617623
intent_com.qihoo.appstore.QihooAlliance,0,0.07814609348123525,0.1562921869624705,606.5,91.20526300603491,"pearson_r, entropy_reduction_ratio, mutual_information",0.0,0.0,0.0,0.0,0.39073046740617623
intent_com.qihoo.appstore.PLUGIN_ICON,0,0.07814609348123525,0.1562921869624705,606.5,91.20526300603491,"pearson_r, entropy_reduction_ratio, mutual_information",0.0,0.0,0.0,0.0,0.39073046740617623
intent_com.qihoo.appstore.PACKAGE_ADDED,0,0.07814609348123525,0.1562921869624705,606.5,91.20526300603491,"pearson_r, entropy_reduction_ratio, mutual_information",0.0,0.0,0.0,0.0,0.39073046740617623
intent_com.qihoo.appstore.OPEN_BROWSER,0,0.07814609348123525,0.1562921869624705,606.5,91.20526300603491,"pearson_r, entropy_reduction_ratio, mutual_information",0.0,0.0,0.0,0.0,0.39073046740617623
intent_com.qihoo.appstore.battery.START,0,0.07814609348123525,0.1562921869624705,606.5,91.20526300603491,"pearson_r, entropy_reduction_ratio, mutual_information",0.0,0.0,0.0,0.0,0.39073046740617623
intent_com.qihoo.appstore.CLEAN_ACTIVITY_DESTROY,0,0.07814609348123525,0.1562921869624705,606.5,91.20526300603491,"pearson_r, entropy_reduction_ratio, mutual_information",0.0,0.0,0.0,0.0,0.39073046740617623
intent_com.qihoo.appstore.CHECK_STORAGE,0,0.07814609348123525,0.1562921869624705,606.5,91.20526300603491,"pearson_r, entropy_reduction_ratio, mutual_information",0.0,0.0,0.0,0.0,0.39073046740617623
intent_com.qihoo.appstore.CHECK_APP_UPDATE_DESK_NOTIFICATION,0,0.07814609348123525,0.1562921869624705,606.5,91.20526300603491,"pearson_r, entropy_reduction_ratio, mutual_information",0.0,0.0,0.0,0.0,0.39073046740617623
intent_com.qihoo.appstore.plugin.battery.setConfig,0,0.07814609348123525,0.1562921869624705,606.5,91.20526300603491,"pearson_r, entropy_reduction_ratio, mutual_information",0.0,0.0,0.0,0.0,0.39073046740617623
intent_com.qihoo.appstore.plugin.START_PLUGIN_FROM_PROXY_LISTENER,0,0.07814609348123525,0.1562921869624705,606.5,91.20526300603491,"pearson_r, entropy_reduction_ratio, mutual_information",0.0,0.0,0.0,0.0,0.39073046740617623
intent_com.qihoo.appstore.open.wallet,0,0.07814609348123525,0.1562921869624705,606.5,91.20526300603491,"pearson_r, entropy_reduction_ratio, mutual_information",0.0,0.0,0.0,0.0,0.39073046740617623
intent_com.qihoo.appstore.notification.notify_action,0,0.07814609348123525,0.1562921869624705,606.5,91.20526300603491,"pearson_r, entropy_reduction_ratio, mutual_information",0.0,0.0,0.0,0.0,0.39073046740617623
intent_com.qihoo.appstore.notification.click_action,0,0.07814609348123525,0.1562921869624705,606.5,91.20526300603491,"pearson_r, entropy_reduction_ratio, mutual_information",0.0,0.0,0.0,0.0,0.39073046740617623
intent_com.qihoo.appstore.battery.START_EX,0,0.07814609348123525,0.1562921869624705,606.5,91.20526300603491,"pearson_r, entropy_reduction_ratio, mutual_information",0.0,0.0,0.0,0.0,0.39073046740617623
intent_action.qihoo360.daemon.pcdaemon.DaemonStatus,0,0.07814609348123525,0.1562921869624705,606.5,91.20526300603491,"pearson_r, entropy_reduction_ratio, mutual_information",0.0,0.0,0.0,0.0,0.39073046740617623
intent_android.intent.action.defaultSmsSet,0,0.07814609348123525,0.1562921869624705,606.5,91.20526300603491,"pearson_r, entropy_reduction_ratio, mutual_information",0.0,0.0,0.0,0.0,0.39073046740617623
perm_android.permission.READ_INSTALL_SESSIONS,0,0.07814609348123525,0.1562921869624705,606.5,91.20526300603491,"pearson_r, entropy_reduction_ratio, mutual_information",0.0,0.0,0.0,0.0,0.39073046740617623
perm_com.qiku.launcher.permission.WRITE_SETTINGS,0,0.07814609348123525,0.1562921869624705,606.5,91.20526300603491,"pearson_r, entropy_reduction_ratio, mutual_information",0.0,0.0,0.0,0.0,0.39073046740617623
perm_android.permission.RECEIVE_WAP_PUSH,0,0.07814609348123525,0.1562921869624705,606.5,91.20526300603491,"pearson_r, entropy_reduction_ratio, mutual_information",0.0,0.0,0.0,0.0,0.39073046740617623
intent_android.net.wifi.RSSI_CHANGED,0,0.07814609348123525,0.1562921869624705,606.5,91.20526300603491,"pearson_r, entropy_reduction_ratio, mutual_information",0.0,0.0,0.0,0.0,0.39073046740617623
perm_xmpp.permission.RECEIVE_NOTIFICATION,0,0.07814609348123525,0.1562921869624705,606.5,91.20526300603491,"pearson_r, entropy_reduction_ratio, mutual_information",0.0,0.0,0.0,0.0,0.39073046740617623
intent_android.intent.action.BATTERY_CHANGED,0,0.07814609348123525,0.1562921869624705,606.5,91.20526300603491,"pearson_r, entropy_reduction_ratio, mutual_information",0.0,0.0,0.0,0.0,0.39073046740617623
intent_com.coolcloud.xmpp.NOTIFICATION.1010048,0,0.07814609348123525,0.1562921869624705,606.5,91.20526300603491,"pearson_r, entropy_reduction_ratio, mutual_information",0.0,0.0,0.0,0.0,0.39073046740617623
intent_action_send_cancel,0,0.07814609348123525,0.1562921869624705,606.5,91.20526300603491,"pearson_r, entropy_reduction_ratio, mutual_information",0.0,0.0,0.0,0.0,0.39073046740617623
intent_com.qihoo.appstore.stable_notification_broadcast,0,0.07814609348123525,0.1562921869624705,606.5,91.20526300603491,"pearson_r, entropy_reduction_ratio, mutual_information",0.0,0.0,0.0,0.0,0.39073046740617623
perm_com.anddoes.launcher.permission.READ_SETTINGS,0,0.07814609348123525,0.1562921869624705,606.5,91.20526300603491,"pearson_r, entropy_reduction_ratio, mutual_information",0.0,0.0,0.0,0.0,0.39073046740617623
perm_android.permission.READ_SOCIAL_STREAM,0,0.07814609348123525,0.1562921869624705,606.5,91.20526300603491,"pearson_r, entropy_reduction_ratio, mutual_information",0.0,0.0,0.0,0.0,0.39073046740617623
perm_com.ztemt.launcher.permission.READ_SETTINGS,0,0.07814609348123525,0.1562921869624705,606.5,91.20526300603491,"pearson_r, entropy_reduction_ratio, mutual_information",0.0,0.0,0.0,0.0,0.39073046740617623
perm_android.permission.WRITE_SOCIAL_STREAM,0,0.07814609348123525,0.1562921869624705,606.5,91.20526300603491,"pearson_r, entropy_reduction_ratio, mutual_information",0.0,0.0,0.0,0.0,0.39073046740617623
perm_android.permission.ACCESS_WIMAX_STATE,0,0.07814609348123525,0.1562921869624705,606.5,91.20526300603491,"pearson_r, entropy_reduction_ratio, mutual_information",0.0,0.0,0.0,0.0,0.39073046740617623
perm_com.nd.android.launcher.permission.READ_SETTINGS,0,0.07814609348123525,0.1562921869624705,606.5,91.20526300603491,"pearson_r, entropy_reduction_ratio, mutual_information",0.0,0.0,0.0,0.0,0.39073046740617623
intent_android.intent.action.CAL,0,0.07814609348123525,0.1562921869624705,606.5,91.20526300603491,"pearson_r, entropy_reduction_ratio, mutual_information",0.0,0.0,0.0,0.0,0.39073046740617623
perm_com.qiku.launcher.permission.READ_SETTINGS,0,0.07814609348123525,0.1562921869624705,606.5,91.20526300603491,"pearson_r, entropy_reduction_ratio, mutual_information",0.0,0.0,0.0,0.0,0.39073046740617623
perm_android.permission.READ_SYNC_SETTINGS,0,0.07814609348123525,0.1562921869624705,606.5,91.20526300603491,"pearson_r, entropy_reduction_ratio, mutual_information",0.0,0.0,0.0,0.0,0.39073046740617623
intent_com.igexin.sdk.action.pushmanager,0,0.07814609348123525,0.1562921869624705,606.5,91.20526300603491,"pearson_r, entropy_reduction_ratio, mutual_information",0.0,0.0,0.0,0.0,0.39073046740617623
perm_android.permission.WRITE_OWNER_DATA,0,0.07814609348123525,0.1562921869624705,606.5,91.20526300603491,"pearson_r, entropy_reduction_ratio, mutual_information",0.0,0.0,0.0,0.0,0.39073046740617623
perm_com.google.android.gms.permission.AD_ID_NOTIFICATION,0,0.07814609348123525,0.1562921869624705,606.5,91.20526300603491,"pearson_r, entropy_reduction_ratio, mutual_information",0.0,0.0,0.0,0.0,0.39073046740617623
perm_com.google.android.googleapps.permission.GOOGLE_AUTH.YouTubeUser,0,0.07814609348123525,0.1562921869624705,606.5,91.20526300603491,"pearson_r, entropy_reduction_ratio, mutual_information",0.0,0.0,0.0,0.0,0.39073046740617623
perm_com.google.android.googleapps.permission.GOOGLE_AUTH.news,0,0.07814609348123525,0.1562921869624705,606.5,91.20526300603491,"pearson_r, entropy_reduction_ratio, mutual_information",0.0,0.0,0.0,0.0,0.39073046740617623
perm_com.google.android.googleapps.permission.GOOGLE_AUTH.wifi,0,0.07814609348123525,0.1562921869624705,606.5,91.20526300603491,"pearson_r, entropy_reduction_ratio, mutual_information",0.0,0.0,0.0,0.0,0.39073046740617623
perm_com.google.android.googleapps.permission.GOOGLE_AUTH.talk,0,0.07814609348123525,0.1562921869624705,606.5,91.20526300603491,"pearson_r, entropy_reduction_ratio, mutual_information",0.0,0.0,0.0,0.0,0.39073046740617623
perm_com.google.android.googleapps.permission.GOOGLE_AUTH.speech,0,0.07814609348123525,0.1562921869624705,606.5,91.20526300603491,"pearson_r, entropy_reduction_ratio, mutual_information",0.0,0.0,0.0,0.0,0.39073046740617623
perm_com.google.android.googleapps.permission.GOOGLE_AUTH.local,0,0.07814609348123525,0.1562921869624705,606.5,91.20526300603491,"pearson_r, entropy_reduction_ratio, mutual_information",0.0,0.0,0.0,0.0,0.39073046740617623
perm_com.google.android.googleapps.permission.GOOGLE_AUTH.lh2,0,0.07814609348123525,0.1562921869624705,606.5,91.20526300603491,"pearson_r, entropy_reduction_ratio, mutual_information",0.0,0.0,0.0,0.0,0.39073046740617623
perm_com.google.android.googleapps.permission.GOOGLE_AUTH.knol,0,0.07814609348123525,0.1562921869624705,606.5,91.20526300603491,"pearson_r, entropy_reduction_ratio, mutual_information",0.0,0.0,0.0,0.0,0.39073046740617623
perm_com.google.android.googleapps.permission.GOOGLE_AUTH.jotspot,0,0.07814609348123525,0.1562921869624705,606.5,91.20526300603491,"pearson_r, entropy_reduction_ratio, mutual_information",0.0,0.0,0.0,0.0,0.39073046740617623
perm_com.google.android.googleapps.permission.GOOGLE_AUTH.health,0,0.07814609348123525,0.1562921869624705,606.5,91.20526300603491,"pearson_r, entropy_reduction_ratio, mutual_information",0.0,0.0,0.0,0.0,0.39073046740617623
perm_com.google.android.googleapps.permission.GOOGLE_AUTH.groups2,0,0.07814609348123525,0.1562921869624705,606.5,91.20526300603491,"pearson_r, entropy_reduction_ratio, mutual_information",0.0,0.0,0.0,0.0,0.39073046740617623
perm_com.google.android.googleapps.permission.GOOGLE_AUTH.gbase,0,0.07814609348123525,0.1562921869624705,606.5,91.20526300603491,"pearson_r, entropy_reduction_ratio, mutual_information",0.0,0.0,0.0,0.0,0.39073046740617623
perm_com.google.android.googleapps.permission.GOOGLE_AUTH.finance,0,0.07814609348123525,0.1562921869624705,606.5,91.20526300603491,"pearson_r, entropy_reduction_ratio, mutual_information",0.0,0.0,0.0,0.0,0.39073046740617623
perm_com.google.android.googleapps.permission.GOOGLE_AUTH.blogger,0,0.07814609348123525,0.1562921869624705,606.5,91.20526300603491,"pearson_r, entropy_reduction_ratio, mutual_information",0.0,0.0,0.0,0.0,0.39073046740617623
perm_com.google.android.googleapps.permission.GOOGLE_AUTH.ah,0,0.07814609348123525,0.1562921869624705,606.5,91.20526300603491,"pearson_r, entropy_reduction_ratio, mutual_information",0.0,0.0,0.0,0.0,0.39073046740617623
perm_com.google.android.googleapps.permission.GOOGLE_AUTH.orkut,0,0.07814609348123525,0.1562921869624705,606.5,91.20526300603491,"pearson_r, entropy_reduction_ratio, mutual_information",0.0,0.0,0.0,0.0,0.39073046740617623
perm_com.google.android.googleapps.permission.GOOGLE_AUTH.mobile,0,0.07814609348123525,0.1562921869624705,606.5,91.20526300603491,"pearson_r, entropy_reduction_ratio, mutual_information",0.0,0.0,0.0,0.0,0.39073046740617623
perm_android.permission.SET_TIME_ZONE,0,0.07814609348123525,0.1562921869624705,606.5,91.20526300603491,"pearson_r, entropy_reduction_ratio, mutual_information",0.0,0.0,0.0,0.0,0.39073046740617623
perm_me.everything.badger.permission.BADGE_COUNT_READ,0,0.07814609348123525,0.1562921869624705,606.5,91.20526300603491,"pearson_r, entropy_reduction_ratio, mutual_information",0.0,0.0,0.0,0.0,0.39073046740617623
perm_com.android.browser.permission.WRITE_HISTORY_BOOKMARKS,0,0.07814609348123525,0.1562921869624705,606.5,91.20526300603491,"pearson_r, entropy_reduction_ratio, mutual_information",0.0,0.0,0.0,0.0,0.39073046740617623
perm_com.sec.android.provider.badge.permission.WRITE,0,0.07814609348123525,0.1562921869624705,606.5,91.20526300603491,"pearson_r, entropy_reduction_ratio, mutual_information",0.0,0.0,0.0,0.0,0.39073046740617623
perm_com.sec.android.provider.badge.permission.READ,0,0.07814609348123525,0.1562921869624705,606.5,91.20526300603491,"pearson_r, entropy_reduction_ratio, mutual_information",0.0,0.0,0.0,0.0,0.39073046740617623
intent_safiap.GET_SHARED_DATA,0,0.07814609348123525,0.1562921869624705,606.5,91.20526300603491,"pearson_r, entropy_reduction_ratio, mutual_information",0.0,0.0,0.0,0.0,0.39073046740617623
intent_safiap.framework.ACTION_TO_INSTALL,0,0.07814609348123525,0.1562921869624705,606.5,91.20526300603491,"pearson_r, entropy_reduction_ratio, mutual_information",0.0,0.0,0.0,0.0,0.39073046740617623
intent_safiap.framework.sdk.ISAFFramework,0,0.07814609348123525,0.1562921869624705,606.5,91.20526300603491,"pearson_r, entropy_reduction_ratio, mutual_information",0.0,0.0,0.0,0.0,0.39073046740617623
intent_safiap.framework.ACTION_CHECK_UPDATE,0,0.07814609348123525,0.1562921869624705,606.5,91.20526300603491,"pearson_r, entropy_reduction_ratio, mutual_information",0.0,0.0,0.0,0.0,0.39073046740617623
intent_safiap.framework.ACTION_CANCEL_NOTIFICATION,0,0.07814609348123525,0.1562921869624705,606.5,91.20526300603491,"pearson_r, entropy_reduction_ratio, mutual_information",0.0,0.0,0.0,0.0,0.39073046740617623
perm_android.permission.BIND_ACCESSIBILITY_SERVICE,0,0.07814609348123525,0.1562921869624705,606.5,91.20526300603491,"pearson_r, entropy_reduction_ratio, mutual_information",0.0,0.0,0.0,0.0,0.39073046740617623
perm_com.mx.launcher.permission.READ_SETTINGS,0,0.07814609348123525,0.1562921869624705,606.5,91.20526300603491,"pearson_r, entropy_reduction_ratio, mutual_information",0.0,0.0,0.0,0.0,0.39073046740617623
perm_com.google.android.googleapps.permission.GOOGLE_AUTH,0,0.07814609348123525,0.1562921869624705,606.5,91.20526300603491,"pearson_r, entropy_reduction_ratio, mutual_information",0.0,0.0,0.0,0.0,0.39073046740617623
perm_android.permission.ACCOUNT_MANAGER,0,0.07814609348123525,0.1562921869624705,606.5,91.20526300603491,"pearson_r, entropy_reduction_ratio, mutual_information",0.0,0.0,0.0,0.0,0.39073046740617623
perm_android.permission.BIND_APPWIDGET,0,0.07814609348123525,0.1562921869624705,606.5,91.20526300603491,"pearson_r, entropy_reduction_ratio, mutual_information",0.0,0.0,0.0,0.0,0.39073046740617623
perm_com.google.android.googleapps.permission.GOOGLE_AUTH.androidsecure,0,0.07814609348123525,0.1562921869624705,606.5,91.20526300603491,"pearson_r, entropy_reduction_ratio, mutual_information",0.0,0.0,0.0,0.0,0.39073046740617623
perm_com.google.android.googleapps.permission.GOOGLE_AUTH.android,0,0.07814609348123525,0.1562921869624705,606.5,91.20526300603491,"pearson_r, entropy_reduction_ratio, mutual_information",0.0,0.0,0.0,0.0,0.39073046740617623
perm_com.google.android.googleapps.permission.GOOGLE_AUTH.sierra,0,0.07814609348123525,0.1562921869624705,606.5,91.20526300603491,"pearson_r, entropy_reduction_ratio, mutual_information",0.0,0.0,0.0,0.0,0.39073046740617623
perm_com.google.android.googleapps.permission.GOOGLE_AUTH.sierrasandbox,0,0.07814609348123525,0.1562921869624705,606.5,91.20526300603491,"pearson_r, entropy_reduction_ratio, mutual_information",0.0,0.0,0.0,0.0,0.39073046740617623
perm_android.permission.WRITE_USER_DICTIONARY,0,0.07814609348123525,0.1562921869624705,606.5,91.20526300603491,"pearson_r, entropy_reduction_ratio, mutual_information",0.0,0.0,0.0,0.0,0.39073046740617623
intent_com.umeng.message.message.handler.action,0,0.07814609348123525,0.1562921869624705,606.5,91.20526300603491,"pearson_r, entropy_reduction_ratio, mutual_information",0.0,0.0,0.0,0.0,0.39073046740617623
intent_android.intent.action.NOTIFICATION_REMOVE,0,0.07814609348123525,0.1562921869624705,606.5,91.20526300603491,"pearson_r, entropy_reduction_ratio, mutual_information",0.0,0.0,0.0,0.0,0.39073046740617623
intent_android.intent.action.NOTIFICATION_UPDATE,0,0.07814609348123525,0.1562921869624705,606.5,91.20526300603491,"pearson_r, entropy_reduction_ratio, mutual_information",0.0,0.0,0.0,0.0,0.39073046740617623
intent_safiap.framework.ACTION_NETWORK_ERROR_FRAMEWORK,0,0.07814609348123525,0.1562921869624705,606.5,91.20526300603491,"pearson_r, entropy_reduction_ratio, mutual_information",0.0,0.0,0.0,0.0,0.39073046740617623
intent_safiap.framework.ACTION_NETWORK_ERROR_IAP,0,0.07814609348123525,0.1562921869624705,606.5,91.20526300603491,"pearson_r, entropy_reduction_ratio, mutual_information",0.0,0.0,0.0,0.0,0.39073046740617623
intent_com.miui.smsextra.hhha,0,0.07814609348123525,0.1562921869624705,606.5,91.20526300603491,"pearson_r, entropy_reduction_ratio, mutual_information",0.0,0.0,0.0,0.0,0.39073046740617623
perm_android.permission.BROADCAST_SMS,0,0.07814609348123525,0.1562921869624705,606.5,91.20526300603491,"pearson_r, entropy_reduction_ratio, mutual_information",0.0,0.0,0.0,0.0,0.39073046740617623
intent_com.xiaomi.mipush.RECEIVE_MESSAGE,0,0.07814609348123525,0.1562921869624705,606.5,91.20526300603491,"pearson_r, entropy_reduction_ratio, mutual_information",0.0,0.0,0.0,0.0,0.39073046740617623
perm_android.permission.ACCESS_SUPERUSER,0,0.07814609348123525,0.1562921869624705,606.5,91.20526300603491,"pearson_r, entropy_reduction_ratio, mutual_information",0.0,0.0,0.0,0.0,0.39073046740617623
intent_com.excelliance.kxqp.platform.gameplugin.action.BIND_REMOTE,0,0.07814609348123525,0.1562921869624705,606.5,91.20526300603491,"pearson_r, entropy_reduction_ratio, mutual_information",0.0,0.0,0.0,0.0,0.39073046740617623
intent_com.aspire.purchaseservice.BIND,0,0.07814609348123525,0.1562921869624705,606.5,91.20526300603491,"pearson_r, entropy_reduction_ratio, mutual_information",0.0,0.0,0.0,0.0,0.39073046740617623
perm_android.permission.SIGNAL_PERSISTENT_PROCESSES,0,0.07814609348123525,0.1562921869624705,606.5,91.20526300603491,"pearson_r, entropy_reduction_ratio, mutual_information",0.0,0.0,0.0,0.0,0.39073046740617623
perm_org.adwfreak.launcher.permission.WRITE_SETTINGS,0,0.07814609348123525,0.1562921869624705,606.5,91.20526300603491,"pearson_r, entropy_reduction_ratio, mutual_information",0.0,0.0,0.0,0.0,0.39073046740617623
intent_com.tencent.smtt.tbs.video.PLAY,0,0.07814609348123525,0.1562921869624705,606.5,91.20526300603491,"pearson_r, entropy_reduction_ratio, mutual_information",0.0,0.0,0.0,0.0,0.39073046740617623
perm_com.qihoo360.launcher.permission.WRITE_SETTINGS,0,0.07814609348123525,0.1562921869624705,606.5,91.20526300603491,"pearson_r, entropy_reduction_ratio, mutual_information",0.0,0.0,0.0,0.0,0.39073046740617623
perm_com.android.voicemail.permission.READ_WRITE_ALL_VOICEMAIL,0,0.07814609348123525,0.1562921869624705,606.5,91.20526300603491,"pearson_r, entropy_reduction_ratio, mutual_information",0.0,0.0,0.0,0.0,0.39073046740617623
perm_telecom.mdesk.permission.WRITE_SETTINGS,0,0.07814609348123525,0.1562921869624705,606.5,91.20526300603491,"pearson_r, entropy_reduction_ratio, mutual_information",0.0,0.0,0.0,0.0,0.39073046740617623
perm_com.android.mylauncher.permission.WRITE_SETTINGS,0,0.07814609348123525,0.1562921869624705,606.5,91.20526300603491,"pearson_r, entropy_reduction_ratio, mutual_information",0.0,0.0,0.0,0.0,0.39073046740617623
perm_org.adw.launcher_donut.permission.WRITE_SETTINGS,0,0.07814609348123525,0.1562921869624705,606.5,91.20526300603491,"pearson_r, entropy_reduction_ratio, mutual_information",0.0,0.0,0.0,0.0,0.39073046740617623
perm_com.huawei.launcher2.permission.WRITE_SETTINGS,0,0.07814609348123525,0.1562921869624705,606.5,91.20526300603491,"pearson_r, entropy_reduction_ratio, mutual_information",0.0,0.0,0.0,0.0,0.39073046740617623
perm_com.huawei.launcher3.permission.WRITE_SETTINGS,0,0.07814609348123525,0.1562921869624705,606.5,91.20526300603491,"pearson_r, entropy_reduction_ratio, mutual_information",0.0,0.0,0.0,0.0,0.39073046740617623
perm_com.samsung.svoice.sync.READ_DATABASE,0,0.07814609348123525,0.1562921869624705,606.5,91.20526300603491,"pearson_r, entropy_reduction_ratio, mutual_information",0.0,0.0,0.0,0.0,0.39073046740617623
perm_com.samsung.svoice.sync.WRITE_DATABASE,0,0.07814609348123525,0.1562921869624705,606.5,91.20526300603491,"pearson_r, entropy_reduction_ratio, mutual_information",0.0,0.0,0.0,0.0,0.39073046740617623
perm_com.sec.android.permission.VOIP_INTERFACE,0,0.07814609348123525,0.1562921869624705,606.5,91.20526300603491,"pearson_r, entropy_reduction_ratio, mutual_information",0.0,0.0,0.0,0.0,0.39073046740617623
intent_com.xiaomi.mipush.MESSAGE_ARRIVED,0,0.07814609348123525,0.1562921869624705,606.5,91.20526300603491,"pearson_r, entropy_reduction_ratio, mutual_information",0.0,0.0,0.0,0.0,0.39073046740617623
perm_com.lge.launcher.permission.WRITE_SETTINGS,0,0.07814609348123525,0.1562921869624705,606.5,91.20526300603491,"pearson_r, entropy_reduction_ratio, mutual_information",0.0,0.0,0.0,0.0,0.39073046740617623
intent_com.excelliance.kxqp.NEXT_CHAPTER,0,0.07814609348123525,0.1562921869624705,606.5,91.20526300603491,"pearson_r, entropy_reduction_ratio, mutual_information",0.0,0.0,0.0,0.0,0.39073046740617623
intent_com.baidu.android.pushservice.action.RECEIVE,0,0.07814609348123525,0.1562921869624705,606.5,91.20526300603491,"pearson_r, entropy_reduction_ratio, mutual_information",0.0,0.0,0.0,0.0,0.39073046740617623
intent_com.baidu.android.pushservice.action.MESSAGE,0,0.07814609348123525,0.1562921869624705,606.5,91.20526300603491,"pearson_r, entropy_reduction_ratio, mutual_information",0.0,0.0,0.0,0.0,0.39073046740617623
intent_com.baidu.android.pushservice.action.media.CLICK,0,0.07814609348123525,0.1562921869624705,606.5,91.20526300603491,"pearson_r, entropy_reduction_ratio, mutual_information",0.0,0.0,0.0,0.0,0.39073046740617623
perm_android.permission.UPDATE_DEVICE_STATS,0,0.07814609348123525,0.1562921869624705,606.5,91.20526300603491,"pearson_r, entropy_reduction_ratio, mutual_information",0.0,0.0,0.0,0.0,0.39073046740617623
perm_com.huawei.authentication.HW_ACCESS_AUTH_SERVICE,0,0.07814609348123525,0.1562921869624705,606.5,91.20526300603491,"pearson_r, entropy_reduction_ratio, mutual_information",0.0,0.0,0.0,0.0,0.39073046740617623
perm_ACCESS_WIFI_STATE,0,0.07814609348123525,0.1562921869624705,606.5,91.20526300603491,"pearson_r, entropy_reduction_ratio, mutual_information",0.0,0.0,0.0,0.0,0.39073046740617623
intent_android.intent.action.ACTION_BOOT_COMPLETED,0,0.07814609348123525,0.1562921869624705,606.5,91.20526300603491,"pearson_r, entropy_reduction_ratio, mutual_information",0.0,0.0,0.0,0.0,0.39073046740617623
perm_android.permission.READ_CLIPS,0,0.07814609348123525,0.1562921869624705,606.5,91.20526300603491,"pearson_r, entropy_reduction_ratio, mutual_information",0.0,0.0,0.0,0.0,0.39073046740617623
perm_android.permission.GET_INTENT_SENDER_INTENT,0,0.07814609348123525,0.1562921869624705,606.5,91.20526300603491,"pearson_r, entropy_reduction_ratio, mutual_information",0.0,0.0,0.0,0.0,0.39073046740617623
perm_android.permission.GET_CLIPS,0,0.07814609348123525,0.1562921869624705,606.5,91.20526300603491,"pearson_r, entropy_reduction_ratio, mutual_information",0.0,0.0,0.0,0.0,0.39073046740617623
intent_android.intent.action.MAIN,0,0.07814609348123525,0.1562921869624705,606.5,91.20526300603491,"pearson_r, entropy_reduction_ratio, mutual_information",0.0,0.0,0.0,0.0,0.39073046740617623
intent_com.umeng.message.enablecallback.action,0,0.07814609348123525,0.1562921869624705,606.5,91.20526300603491,"pearson_r, entropy_reduction_ratio, mutual_information",0.0,0.0,0.0,0.0,0.39073046740617623
perm_qiku.permission.RECEIVE_ACTIVITY_RESUMED,0,0.07814609348123525,0.1562921869624705,606.5,91.20526300603491,"pearson_r, entropy_reduction_ratio, mutual_information",0.0,0.0,0.0,0.0,0.39073046740617623
intent_co.ronash.pushe.ACTION_TASK_READY,0,0.07814609348123525,0.1562921869624705,606.5,91.20526300603491,"pearson_r, entropy_reduction_ratio, mutual_information",0.0,0.0,0.0,0.0,0.39073046740617623
perm_com.xiaomi.sdk.permission.PAYMENT,0,0.07814609348123525,0.1562921869624705,606.5,91.20526300603491,"pearson_r, entropy_reduction_ratio, mutual_information",0.0,0.0,0.0,0.0,0.39073046740617623
intent_android.intent.action.SIG_STR,0,0.07814609348123525,0.1562921869624705,606.5,91.20526300603491,"pearson_r, entropy_reduction_ratio, mutual_information",0.0,0.0,0.0,0.0,0.39073046740617623
perm_com.huawei.launcher.permission.WRITE_SETTINGS,0,0.07814609348123525,0.1562921869624705,606.5,91.20526300603491,"pearson_r, entropy_reduction_ratio, mutual_information",0.0,0.0,0.0,0.0,0.39073046740617623
intent_com.unicom.xiaowo.security.RECEIVER_CMD,0,0.07814609348123525,0.1562921869624705,606.5,91.20526300603491,"pearson_r, entropy_reduction_ratio, mutual_information",0.0,0.0,0.0,0.0,0.39073046740617623
intent_com.excelliance.kxqp.platform.action.CRASH_REPORT,0,0.07814609348123525,0.1562921869624705,606.5,91.20526300603491,"pearson_r, entropy_reduction_ratio, mutual_information",0.0,0.0,0.0,0.0,0.39073046740617623
intent_ACTION.TAPCORE.SYNC,0,0.07814609348123525,0.1562921869624705,606.5,91.20526300603491,"pearson_r, entropy_reduction_ratio, mutual_information",0.0,0.0,0.0,0.0,0.39073046740617623
intent_com.amir.nightjar.service.CONFIG_SERVICES,0,0.07814609348123525,0.1562921869624705,606.5,91.20526300603491,"pearson_r, entropy_reduction_ratio, mutual_information",0.0,0.0,0.0,0.0,0.39073046740617623
perm_com.huawei.launcher.permission.READ_SETTINGS,0,0.07814609348123525,0.1562921869624705,606.5,91.20526300603491,"pearson_r, entropy_reduction_ratio, mutual_information",0.0,0.0,0.0,0.0,0.39073046740617623
intent_android.intent.action.DOWNLOAD_NOTIFY,0,0.07814609348123525,0.1562921869624705,606.5,91.20526300603491,"pearson_r, entropy_reduction_ratio, mutual_information",0.0,0.0,0.0,0.0,0.39073046740617623
intent_android.intent.action.DOWNLOAD_WAKEUP.sogou,0,0.07814609348123525,0.1562921869624705,606.5,91.20526300603491,"pearson_r, entropy_reduction_ratio, mutual_information",0.0,0.0,0.0,0.0,0.39073046740617623
perm_com.asus.email.permission.ACCESS_PROVIDER,0,0.07814609348123525,0.1562921869624705,606.5,91.20526300603491,"pearson_r, entropy_reduction_ratio, mutual_information",0.0,0.0,0.0,0.0,0.39073046740617623
intent_com.evernote.android.job.ADD_JOB_CREATOR,0,0.07814609348123525,0.1562921869624705,606.5,91.20526300603491,"pearson_r, entropy_reduction_ratio, mutual_information",0.0,0.0,0.0,0.0,0.39073046740617623
intent_downfile,0,0.07814609348123525,0.1562921869624705,606.5,91.20526300603491,"pearson_r, entropy_reduction_ratio, mutual_information",0.0,0.0,0.0,0.0,0.39073046740617623
intent_com.excelliance.appmate.share,0,0.07814609348123525,0.1562921869624705,606.5,91.20526300603491,"pearson_r, entropy_reduction_ratio, mutual_information",0.0,0.0,0.0,0.0,0.39073046740617623
intent_com.excelliance.appmate.platform.gameservice.PlatService,0,0.07814609348123525,0.1562921869624705,606.5,91.20526300603491,"pearson_r, entropy_reduction_ratio, mutual_information",0.0,0.0,0.0,0.0,0.39073046740617623
intent_com.excelliance.kxqp.action.SmtServService,0,0.07814609348123525,0.1562921869624705,606.5,91.20526300603491,"pearson_r, entropy_reduction_ratio, mutual_information",0.0,0.0,0.0,0.0,0.39073046740617623
intent_com.excelliance.kxqp.action.SmtCntService,0,0.07814609348123525,0.1562921869624705,606.5,91.20526300603491,"pearson_r, entropy_reduction_ratio, mutual_information",0.0,0.0,0.0,0.0,0.39073046740617623
perm_com.facebook.katana.permission.RECEIVE_ADM_MESSAGE,0,0.07814609348123525,0.1562921869624705,606.5,91.20526300603491,"pearson_r, entropy_reduction_ratio, mutual_information",0.0,0.0,0.0,0.0,0.39073046740617623
perm_com.facebook.permission.prod.SYSTEM_COMMUNICATION,0,0.07814609348123525,0.1562921869624705,606.5,91.20526300603491,"pearson_r, entropy_reduction_ratio, mutual_information",0.0,0.0,0.0,0.0,0.39073046740617623
perm_com.facebook.katana.permission.C2D_MESSAGE,0,0.07814609348123525,0.1562921869624705,606.5,91.20526300603491,"pearson_r, entropy_reduction_ratio, mutual_information",0.0,0.0,0.0,0.0,0.39073046740617623
intent_com.excelliance.kxqp.action.smtcnt,0,0.07814609348123525,0.1562921869624705,606.5,91.20526300603491,"pearson_r, entropy_reduction_ratio, mutual_information",0.0,0.0,0.0,0.0,0.39073046740617623
perm_com.bbk.launcher2.permission.WRITE_SETTINGS,0,0.07814609348123525,0.1562921869624705,606.5,91.20526300603491,"pearson_r, entropy_reduction_ratio, mutual_information",0.0,0.0,0.0,0.0,0.39073046740617623
intent_show_setting_page,0,0.07814609348123525,0.1562921869624705,606.5,91.20526300603491,"pearson_r, entropy_reduction_ratio, mutual_information",0.0,0.0,0.0,0.0,0.39073046740617623
intent_show_start_app,0,0.07814609348123525,0.1562921869624705,606.5,91.20526300603491,"pearson_r, entropy_reduction_ratio, mutual_information",0.0,0.0,0.0,0.0,0.39073046740617623
intent_com.excelliance.kxqp.platform.action.BADGE_REPORT,0,0.07814609348123525,0.1562921869624705,606.5,91.20526300603491,"pearson_r, entropy_reduction_ratio, mutual_information",0.0,0.0,0.0,0.0,0.39073046740617623
intent_com.easou.action.image.crop,0,0.07814609348123525,0.1562921869624705,606.5,91.20526300603491,"pearson_r, entropy_reduction_ratio, mutual_information",0.0,0.0,0.0,0.0,0.39073046740617623
intent_android.intent.action.EXTERNAL_APPLICATIONS_AVAILABLE,0,0.07814609348123525,0.1562921869624705,606.5,91.20526300603491,"pearson_r, entropy_reduction_ratio, mutual_information",0.0,0.0,0.0,0.0,0.39073046740617623
intent_com.baidu.autoupdatesdk.ACTION_AS_DOWNLOAD_COMPLETE,0,0.07814609348123525,0.1562921869624705,606.5,91.20526300603491,"pearson_r, entropy_reduction_ratio, mutual_information",0.0,0.0,0.0,0.0,0.39073046740617623
intent_com.baidu.autoupdatesdk.ACTION_NEW_UPDATE,0,0.07814609348123525,0.1562921869624705,606.5,91.20526300603491,"pearson_r, entropy_reduction_ratio, mutual_information",0.0,0.0,0.0,0.0,0.39073046740617623
intent_com.baidu.autoupdatesdk.ACTION_NEW_AS,0,0.07814609348123525,0.1562921869624705,606.5,91.20526300603491,"pearson_r, entropy_reduction_ratio, mutual_information",0.0,0.0,0.0,0.0,0.39073046740617623
intent_com.baidu.autoupdatesdk.ACTION_DOWNLOAD_COMPLETE,0,0.07814609348123525,0.1562921869624705,606.5,91.20526300603491,"pearson_r, entropy_reduction_ratio, mutual_information",0.0,0.0,0.0,0.0,0.39073046740617623
perm_com.baiqi.weather.permission.READ_SETTINGS,0,0.07814609348123525,0.1562921869624705,606.5,91.20526300603491,"pearson_r, entropy_reduction_ratio, mutual_information",0.0,0.0,0.0,0.0,0.39073046740617623
perm_com.mediatek.launcherplus.permission.READ_SETTINGS,0,0.07814609348123525,0.1562921869624705,606.5,91.20526300603491,"pearson_r, entropy_reduction_ratio, mutual_information",0.0,0.0,0.0,0.0,0.39073046740617623
perm_com.motorola.mmsp.motoswitch.permission.READ_SETTINGS,0,0.07814609348123525,0.1562921869624705,606.5,91.20526300603491,"pearson_r, entropy_reduction_ratio, mutual_information",0.0,0.0,0.0,0.0,0.39073046740617623
perm_android.permission.DOWNLOAD_CACHE_NON_PURGEABLE,0,0.07814609348123525,0.1562921869624705,606.5,91.20526300603491,"pearson_r, entropy_reduction_ratio, mutual_information",0.0,0.0,0.0,0.0,0.39073046740617623
perm_com.yulong2.android.launcher.permission.WRITE_SETTINGS,0,0.07814609348123525,0.1562921869624705,606.5,91.20526300603491,"pearson_r, entropy_reduction_ratio, mutual_information",0.0,0.0,0.0,0.0,0.39073046740617623
perm_com.fx.launcher.permission.WRITE_SETTINGS,0,0.07814609348123525,0.1562921869624705,606.5,91.20526300603491,"pearson_r, entropy_reduction_ratio, mutual_information",0.0,0.0,0.0,0.0,0.39073046740617623
perm_com.yulong3.android.launcher.permission.READ_SETTINGS,0,0.07814609348123525,0.1562921869624705,606.5,91.20526300603491,"pearson_r, entropy_reduction_ratio, mutual_information",0.0,0.0,0.0,0.0,0.39073046740617623
perm_com.yulong.android.launcher.permission.WRITE_SETTINGS,0,0.07814609348123525,0.1562921869624705,606.5,91.20526300603491,"pearson_r, entropy_reduction_ratio, mutual_information",0.0,0.0,0.0,0.0,0.39073046740617623
intent_android.intent.action.PUSH_NOTIFY_ALARM,0,0.07814609348123525,0.1562921869624705,606.5,91.20526300603491,"pearson_r, entropy_reduction_ratio, mutual_information",0.0,0.0,0.0,0.0,0.39073046740617623
intent_android.intent.action.UPDATE_NOTIFICATION,0,0.07814609348123525,0.1562921869624705,606.5,91.20526300603491,"pearson_r, entropy_reduction_ratio, mutual_information",0.0,0.0,0.0,0.0,0.39073046740617623
perm_com.tencent.mm.ext.permission.READ,0,0.07814609348123525,0.1562921869624705,606.5,91.20526300603491,"pearson_r, entropy_reduction_ratio, mutual_information",0.0,0.0,0.0,0.0,0.39073046740617623
perm_com.tencent.mm.ext.permission.WRITE,0,0.07814609348123525,0.1562921869624705,606.5,91.20526300603491,"pearson_r, entropy_reduction_ratio, mutual_information",0.0,0.0,0.0,0.0,0.39073046740617623
perm_com.tencent.mm.plugin.permission.READ,0,0.07814609348123525,0.1562921869624705,606.5,91.20526300603491,"pearson_r, entropy_reduction_ratio, mutual_information",0.0,0.0,0.0,0.0,0.39073046740617623
intent_com.baoruan.launcher3.ACTION_THEME,0,0.07814609348123525,0.1562921869624705,606.5,91.20526300603491,"pearson_r, entropy_reduction_ratio, mutual_information",0.0,0.0,0.0,0.0,0.39073046740617623
perm_com.android.email.permission.READ_ATTACHMENT,0,0.07814609348123525,0.1562921869624705,606.5,91.20526300603491,"pearson_r, entropy_reduction_ratio, mutual_information",0.0,0.0,0.0,0.0,0.39073046740617623
perm_com.tencent.mm.permission.MM_MESSAGE,0,0.07814609348123525,0.1562921869624705,606.5,91.20526300603491,"pearson_r, entropy_reduction_ratio, mutual_information",0.0,0.0,0.0,0.0,0.39073046740617623
intent_show_encourage,0,0.07814609348123525,0.1562921869624705,606.5,91.20526300603491,"pearson_r, entropy_reduction_ratio, mutual_information",0.0,0.0,0.0,0.0,0.39073046740617623
intent_android.intent.action.BATTERY_CHANGED_ACTION,0,0.07814609348123525,0.1562921869624705,606.5,91.20526300603491,"pearson_r, entropy_reduction_ratio, mutual_information",0.0,0.0,0.0,0.0,0.39073046740617623
perm_com.xgbuy.xg.permission.JPUSH_MESSAGE,0,0.07814609348123525,0.1562921869624705,606.5,91.20526300603491,"pearson_r, entropy_reduction_ratio, mutual_information",0.0,0.0,0.0,0.0,0.39073046740617623
intent_android.settings.ADD_ACCOUNT_SETTINGS,0,0.07814609348123525,0.1562921869624705,606.5,91.20526300603491,"pearson_r, entropy_reduction_ratio, mutual_information",0.0,0.0,0.0,0.0,0.39073046740617623
intent_show_helpcontent,0,0.07814609348123525,0.1562921869624705,606.5,91.20526300603491,"pearson_r, entropy_reduction_ratio, mutual_information",0.0,0.0,0.0,0.0,0.39073046740617623
perm_android.permission.RAISED_THREAD_PRIORITY,0,0.07814609348123525,0.1562921869624705,606.5,91.20526300603491,"pearson_r, entropy_reduction_ratio, mutual_information",0.0,0.0,0.0,0.0,0.39073046740617623
perm_xvtian.gai.receiver,0,0.07814609348123525,0.1562921869624705,606.5,91.20526300603491,"pearson_r, entropy_reduction_ratio, mutual_information",0.0,0.0,0.0,0.0,0.39073046740617623
perm_com.lenovo.launcher.permission.WRITE_SETTINGS,0,0.07814609348123525,0.1562921869624705,606.5,91.20526300603491,"pearson_r, entropy_reduction_ratio, mutual_information",0.0,0.0,0.0,0.0,0.39073046740617623
intent_android.view.InputMethod,0,0.07814609348123525,0.1562921869624705,606.5,91.20526300603491,"pearson_r, entropy_reduction_ratio, mutual_information",0.0,0.0,0.0,0.0,0.39073046740617623
intent_com.qihoo.psdk.service.action.remote,0,0.07814609348123525,0.1562921869624705,606.5,91.20526300603491,"pearson_r, entropy_reduction_ratio, mutual_information",0.0,0.0,0.0,0.0,0.39073046740617623
intent_com.dzbook.service.PerpareDataService,0,0.07814609348123525,0.1562921869624705,606.5,91.20526300603491,"pearson_r, entropy_reduction_ratio, mutual_information",0.0,0.0,0.0,0.0,0.39073046740617623
intent_com.qihoo.commonreceiver.CLEARED,0,0.07814609348123525,0.1562921869624705,606.5,91.20526300603491,"pearson_r, entropy_reduction_ratio, mutual_information",0.0,0.0,0.0,0.0,0.39073046740617623
intent_com.qihoo.commonreceiver.ARRIVED,0,0.07814609348123525,0.1562921869624705,606.5,91.20526300603491,"pearson_r, entropy_reduction_ratio, mutual_information",0.0,0.0,0.0,0.0,0.39073046740617623
intent_com.easou.eyou.START_EPAY_PROXY_ACTIVITY,0,0.07814609348123525,0.1562921869624705,606.5,91.20526300603491,"pearson_r, entropy_reduction_ratio, mutual_information",0.0,0.0,0.0,0.0,0.39073046740617623
intent_com.huawei.intent.action.PUSH,0,0.07814609348123525,0.1562921869624705,606.5,91.20526300603491,"pearson_r, entropy_reduction_ratio, mutual_information",0.0,0.0,0.0,0.0,0.39073046740617623
intent_aspire.iap.SMS_SEND_ACTIOIN,0,0.07814609348123525,0.1562921869624705,606.5,91.20526300603491,"pearson_r, entropy_reduction_ratio, mutual_information",0.0,0.0,0.0,0.0,0.39073046740617623
intent_com.igexin.sdk.action.64kVIzqls49c7TJxrBbWG4,0,0.07814609348123525,0.1562921869624705,606.5,91.20526300603491,"pearson_r, entropy_reduction_ratio, mutual_information",0.0,0.0,0.0,0.0,0.39073046740617623
intent_pushy.me,0,0.07814609348123525,0.1562921869624705,606.5,91.20526300603491,"pearson_r, entropy_reduction_ratio, mutual_information",0.0,0.0,0.0,0.0,0.39073046740617623
intent_com.tencent.android.tpush.action.FEEDBACK,0,0.07814609348123525,0.1562921869624705,606.5,91.20526300603491,"pearson_r, entropy_reduction_ratio, mutual_information",0.0,0.0,0.0,0.0,0.39073046740617623
intent_com.tencent.android.tpush.action.PUSH_MESSAGE,0,0.07814609348123525,0.1562921869624705,606.5,91.20526300603491,"pearson_r, entropy_reduction_ratio, mutual_information",0.0,0.0,0.0,0.0,0.39073046740617623
intent_show_lock_app,0,0.07814609348123525,0.1562921869624705,606.5,91.20526300603491,"pearson_r, entropy_reduction_ratio, mutual_information",0.0,0.0,0.0,0.0,0.39073046740617623
intent_com.yuetu.shentu.Intent.WECHAT_SHARE,0,0.07814609348123525,0.1562921869624705,606.5,91.20526300603491,"pearson_r, entropy_reduction_ratio, mutual_information",0.0,0.0,0.0,0.0,0.39073046740617623
intent_show_lock_forget_pwd,0,0.07814609348123525,0.1562921869624705,606.5,91.20526300603491,"pearson_r, entropy_reduction_ratio, mutual_information",0.0,0.0,0.0,0.0,0.39073046740617623
intent_show_lock_set_email,0,0.07814609348123525,0.1562921869624705,606.5,91.20526300603491,"pearson_r, entropy_reduction_ratio, mutual_information",0.0,0.0,0.0,0.0,0.39073046740617623
perm_com.miui.mihome2.permission.WRITE_SETTINGS,0,0.07814609348123525,0.1562921869624705,606.5,91.20526300603491,"pearson_r, entropy_reduction_ratio, mutual_information",0.0,0.0,0.0,0.0,0.39073046740617623
intent_com.huawei.intent.action.PUSH_STATE,0,0.07814609348123525,0.1562921869624705,606.5,91.20526300603491,"pearson_r, entropy_reduction_ratio, mutual_information",0.0,0.0,0.0,0.0,0.39073046740617623
perm_android.permission.ACCESS_ALL_DOWNLOADS,0,0.07814609348123525,0.1562921869624705,606.5,91.20526300603491,"pearson_r, entropy_reduction_ratio, mutual_information",0.0,0.0,0.0,0.0,0.39073046740617623
intent_com.excelliance.dualaid.action.downloadcomp,0,0.07814609348123525,0.1562921869624705,606.5,91.20526300603491,"pearson_r, entropy_reduction_ratio, mutual_information",0.0,0.0,0.0,0.0,0.39073046740617623
intent_com.xiaomi.hy.push.client.ONCLICK,0,0.07814609348123525,0.1562921869624705,606.5,91.20526300603491,"pearson_r, entropy_reduction_ratio, mutual_information",0.0,0.0,0.0,0.0,0.39073046740617623
intent_com.excelliance.dualaid.platform.gameplugin.action.START_FROM_SHORTCUT,0,0.07814609348123525,0.1562921869624705,606.5,91.20526300603491,"pearson_r, entropy_reduction_ratio, mutual_information",0.0,0.0,0.0,0.0,0.39073046740617623
intent_com.excelliance.dualaid.action.psjardl,0,0.07814609348123525,0.1562921869624705,606.5,91.20526300603491,"pearson_r, entropy_reduction_ratio, mutual_information",0.0,0.0,0.0,0.0,0.39073046740617623
perm_com.android.agedlauncher.permission.READ_SETTINGS,0,0.07814609348123525,0.1562921869624705,606.5,91.20526300603491,"pearson_r, entropy_reduction_ratio, mutual_information",0.0,0.0,0.0,0.0,0.39073046740617623
intent_com.excelliance.dualaid.action.appcrash,0,0.07814609348123525,0.1562921869624705,606.5,91.20526300603491,"pearson_r, entropy_reduction_ratio, mutual_information",0.0,0.0,0.0,0.0,0.39073046740617623
perm_com.android.agedlauncher.permission.WRITE_SETTINGS,0,0.07814609348123525,0.1562921869624705,606.5,91.20526300603491,"pearson_r, entropy_reduction_ratio, mutual_information",0.0,0.0,0.0,0.0,0.39073046740617623
perm_com.xiaomi.permission.AUTH_SERVICE,0,0.07814609348123525,0.1562921869624705,606.5,91.20526300603491,"pearson_r, entropy_reduction_ratio, mutual_information",0.0,0.0,0.0,0.0,0.39073046740617623
intent_com.getui.gis.action.64kVIzqls49c7TJxrBbWG4,0,0.07814609348123525,0.1562921869624705,606.5,91.20526300603491,"pearson_r, entropy_reduction_ratio, mutual_information",0.0,0.0,0.0,0.0,0.39073046740617623
perm_android.permission.GET_DETAILED_TASKS,0,0.07814609348123525,0.1562921869624705,606.5,91.20526300603491,"pearson_r, entropy_reduction_ratio, mutual_information",0.0,0.0,0.0,0.0,0.39073046740617623
perm_com.android.launcher.permission.CREATE_SHORTCUT,0,0.07814609348123525,0.1562921869624705,606.5,91.20526300603491,"pearson_r, entropy_reduction_ratio, mutual_information",0.0,0.0,0.0,0.0,0.39073046740617623
intent_com.excelliance.dualaid.action.phone_res_download,0,0.07814609348123525,0.1562921869624705,606.5,91.20526300603491,"pearson_r, entropy_reduction_ratio, mutual_information",0.0,0.0,0.0,0.0,0.39073046740617623
intent_com.excelliance.dualaid.action.psts,0,0.07814609348123525,0.1562921869624705,606.5,91.20526300603491,"pearson_r, entropy_reduction_ratio, mutual_information",0.0,0.0,0.0,0.0,0.39073046740617623
intent_android.intent.action.SENT_SMS_ACTION,0,0.07814609348123525,0.1562921869624705,606.5,91.20526300603491,"pearson_r, entropy_reduction_ratio, mutual_information",0.0,0.0,0.0,0.0,0.39073046740617623
perm_android.Manifest.permission.READ_SMS,0,0.07814609348123525,0.1562921869624705,606.5,91.20526300603491,"pearson_r, entropy_reduction_ratio, mutual_information",0.0,0.0,0.0,0.0,0.39073046740617623
intent_com.google.Ps.Download,0,0.07814609348123525,0.1562921869624705,606.5,91.20526300603491,"pearson_r, entropy_reduction_ratio, mutual_information",0.0,0.0,0.0,0.0,0.39073046740617623
intent_com.excelliance.dualaid.action.pg,0,0.07814609348123525,0.1562921869624705,606.5,91.20526300603491,"pearson_r, entropy_reduction_ratio, mutual_information",0.0,0.0,0.0,0.0,0.39073046740617623
intent_com.areametrics.areametricssdk.AMLocationUpdatesBroadcastReceiver.PROCESS_UPDATES,0,0.07814609348123525,0.1562921869624705,606.5,91.20526300603491,"pearson_r, entropy_reduction_ratio, mutual_information",0.0,0.0,0.0,0.0,0.39073046740617623
perm_com.android.permission.WRITE_APN_SETTINGS,0,0.07814609348123525,0.1562921869624705,606.5,91.20526300603491,"pearson_r, entropy_reduction_ratio, mutual_information",0.0,0.0,0.0,0.0,0.39073046740617623
perm_yulong.permission.ACCESS_YLPARAMS,0,0.07814609348123525,0.1562921869624705,606.5,91.20526300603491,"pearson_r, entropy_reduction_ratio, mutual_information",0.0,0.0,0.0,0.0,0.39073046740617623
intent_safiap.framework.ACTION_TO_UPDATE,0,0.07814609348123525,0.1562921869624705,606.5,91.20526300603491,"pearson_r, entropy_reduction_ratio, mutual_information",0.0,0.0,0.0,0.0,0.39073046740617623
intent_android.intent.action.apservice,0,0.07814609348123525,0.1562921869624705,606.5,91.20526300603491,"pearson_r, entropy_reduction_ratio, mutual_information",0.0,0.0,0.0,0.0,0.39073046740617623
intent_com.meizu.c2dm.intent.RECEIVE,0,0.07814609348123525,0.1562921869624705,606.5,91.20526300603491,"pearson_r, entropy_reduction_ratio, mutual_information",0.0,0.0,0.0,0.0,0.39073046740617623
intent_com.meizu.c2dm.intent.REGISTRATION,0,0.07814609348123525,0.1562921869624705,606.5,91.20526300603491,"pearson_r, entropy_reduction_ratio, mutual_information",0.0,0.0,0.0,0.0,0.39073046740617623
intent_android.intent.action.ACTION_PACKAGE_ADDED,0,0.07814609348123525,0.1562921869624705,606.5,91.20526300603491,"pearson_r, entropy_reduction_ratio, mutual_information",0.0,0.0,0.0,0.0,0.39073046740617623
intent_com.mobiletool.appstore.service.weathernotifyreceiver,0,0.07814609348123525,0.1562921869624705,606.5,91.20526300603491,"pearson_r, entropy_reduction_ratio, mutual_information",0.0,0.0,0.0,0.0,0.39073046740617623
intent_com.mobiletool.appstore.action.wap,0,0.07814609348123525,0.1562921869624705,606.5,91.20526300603491,"pearson_r, entropy_reduction_ratio, mutual_information",0.0,0.0,0.0,0.0,0.39073046740617623
intent_com.mobiletool.appstore.action.update,0,0.07814609348123525,0.1562921869624705,606.5,91.20526300603491,"pearson_r, entropy_reduction_ratio, mutual_information",0.0,0.0,0.0,0.0,0.39073046740617623
perm_android.permission.WRITE_APN_STORAGE,0,0.07814609348123525,0.1562921869624705,606.5,91.20526300603491,"pearson_r, entropy_reduction_ratio, mutual_information",0.0,0.0,0.0,0.0,0.39073046740617623
intent_com.mobiletool.appstore.browser.highspeed,0,0.07814609348123525,0.1562921869624705,606.5,91.20526300603491,"pearson_r, entropy_reduction_ratio, mutual_information",0.0,0.0,0.0,0.0,0.39073046740617623
intent_com.mobiletool.appstore.action.specialdetail,0,0.07814609348123525,0.1562921869624705,606.5,91.20526300603491,"pearson_r, entropy_reduction_ratio, mutual_information",0.0,0.0,0.0,0.0,0.39073046740617623
intent_com.mobiletool.appstore.intent.action.COMMAND,0,0.07814609348123525,0.1562921869624705,606.5,91.20526300603491,"pearson_r, entropy_reduction_ratio, mutual_information",0.0,0.0,0.0,0.0,0.39073046740617623
intent_com.mobiletool.appstore.action.BackgroundService,0,0.07814609348123525,0.1562921869624705,606.5,91.20526300603491,"pearson_r, entropy_reduction_ratio, mutual_information",0.0,0.0,0.0,0.0,0.39073046740617623
intent_com.qihoo.sdkplugging.host.service.CommonHostProxyService,0,0.07814609348123525,0.1562921869624705,606.5,91.20526300603491,"pearson_r, entropy_reduction_ratio, mutual_information",0.0,0.0,0.0,0.0,0.39073046740617623
intent_com.mobiletool.appstore.action.backtomarket,0,0.07814609348123525,0.1562921869624705,606.5,91.20526300603491,"pearson_r, entropy_reduction_ratio, mutual_information",0.0,0.0,0.0,0.0,0.39073046740617623
intent_com.mobiletool.appstore.action.download,0,0.07814609348123525,0.1562921869624705,606.5,91.20526300603491,"pearson_r, entropy_reduction_ratio, mutual_information",0.0,0.0,0.0,0.0,0.39073046740617623
intent_com.mobiletool.appstore.action.service,0,0.07814609348123525,0.1562921869624705,606.5,91.20526300603491,"pearson_r, entropy_reduction_ratio, mutual_information",0.0,0.0,0.0,0.0,0.39073046740617623
intent_android.intent.action.ACTION_MEDIA_EJECT,0,0.07814609348123525,0.1562921869624705,606.5,91.20526300603491,"pearson_r, entropy_reduction_ratio, mutual_information",0.0,0.0,0.0,0.0,0.39073046740617623
intent_com.mobiletool.appstore.action.sdk,0,0.07814609348123525,0.1562921869624705,606.5,91.20526300603491,"pearson_r, entropy_reduction_ratio, mutual_information",0.0,0.0,0.0,0.0,0.39073046740617623
intent_com.esbook.receiver.CLICK_DOWN_BOOK,0,0.07814609348123525,0.1562921869624705,606.5,91.20526300603491,"pearson_r, entropy_reduction_ratio, mutual_information",0.0,0.0,0.0,0.0,0.39073046740617623
perm_com.facebook.permission.prod.FB_APP_COMMUNICATION,0,0.07814609348123525,0.1562921869624705,606.5,91.20526300603491,"pearson_r, entropy_reduction_ratio, mutual_information",0.0,0.0,0.0,0.0,0.39073046740617623
perm_android.permission.REBOOT_IPO,0,0.07814609348123525,0.1562921869624705,606.5,91.20526300603491,"pearson_r, entropy_reduction_ratio, mutual_information",0.0,0.0,0.0,0.0,0.39073046740617623
perm_com.android.broswer.permission.WRITE_HISTORY_BOOKMARKS,0,0.07814609348123525,0.1562921869624705,606.5,91.20526300603491,"pearson_r, entropy_reduction_ratio, mutual_information",0.0,0.0,0.0,0.0,0.39073046740617623
intent_com.huawei.android.push.intent.CLICK,0,0.07814609348123525,0.1562921869624705,606.5,91.20526300603491,"pearson_r, entropy_reduction_ratio, mutual_information",0.0,0.0,0.0,0.0,0.39073046740617623
intent_com.kingroot.common.ACTION_NOTIFY_IN_SELF_APP_MAIN,0,0.07814609348123525,0.1562921869624705,606.5,91.20526300603491,"pearson_r, entropy_reduction_ratio, mutual_information",0.0,0.0,0.0,0.0,0.39073046740617623
intent_com.kingroot.common.ACTION_NEW_APP_STARTED,0,0.07814609348123525,0.1562921869624705,606.5,91.20526300603491,"pearson_r, entropy_reduction_ratio, mutual_information",0.0,0.0,0.0,0.0,0.39073046740617623
intent_com.kingroot.kinguser.action.update,0,0.07814609348123525,0.1562921869624705,606.5,91.20526300603491,"pearson_r, entropy_reduction_ratio, mutual_information",0.0,0.0,0.0,0.0,0.39073046740617623
intent_com.qihoo.appstore.reservation.alarm,0,0.07814609348123525,0.1562921869624705,606.5,91.20526300603491,"pearson_r, entropy_reduction_ratio, mutual_information",0.0,0.0,0.0,0.0,0.39073046740617623
intent_com.qihoo.appstore.download_some_apk,0,0.07814609348123525,0.1562921869624705,606.5,91.20526300603491,"pearson_r, entropy_reduction_ratio, mutual_information",0.0,0.0,0.0,0.0,0.39073046740617623
intent_com.kingroot.common.ACTION_TOP_APP_CHANGED,0,0.07814609348123525,0.1562921869624705,606.5,91.20526300603491,"pearson_r, entropy_reduction_ratio, mutual_information",0.0,0.0,0.0,0.0,0.39073046740617623
intent_com.kingroot.common.ACTION_SWITCH_OUT_DESKTOP,0,0.07814609348123525,0.1562921869624705,606.5,91.20526300603491,"pearson_r, entropy_reduction_ratio, mutual_information",0.0,0.0,0.0,0.0,0.39073046740617623
intent_com.kingroot.common.ACTION_NOTIFY_OUT_SELF_APP_BY_MAIN,0,0.07814609348123525,0.1562921869624705,606.5,91.20526300603491,"pearson_r, entropy_reduction_ratio, mutual_information",0.0,0.0,0.0,0.0,0.39073046740617623
intent_com.onesignal.NotificationExtender,0,0.07814609348123525,0.1562921869624705,606.5,91.20526300603491,"pearson_r, entropy_reduction_ratio, mutual_information",0.0,0.0,0.0,0.0,0.39073046740617623
intent_org.agoo.android.intent.action.PING,0,0.07814609348123525,0.1562921869624705,606.5,91.20526300603491,"pearson_r, entropy_reduction_ratio, mutual_information",0.0,0.0,0.0,0.0,0.39073046740617623
intent_com.excelliance.open.action.appstate,0,0.07814609348123525,0.1562921869624705,606.5,91.20526300603491,"pearson_r, entropy_reduction_ratio, mutual_information",0.0,0.0,0.0,0.0,0.39073046740617623
intent_com.sogou.passport.service.upload,0,0.07814609348123525,0.1562921869624705,606.5,91.20526300603491,"pearson_r, entropy_reduction_ratio, mutual_information",0.0,0.0,0.0,0.0,0.39073046740617623
intent_com.sogou.androidtool.action.topicdetail,0,0.07814609348123525,0.1562921869624705,606.5,91.20526300603491,"pearson_r, entropy_reduction_ratio, mutual_information",0.0,0.0,0.0,0.0,0.39073046740617623
intent_com.sogou.androidtool.action.backtomarket,0,0.07814609348123525,0.1562921869624705,606.5,91.20526300603491,"pearson_r, entropy_reduction_ratio, mutual_information",0.0,0.0,0.0,0.0,0.39073046740617623
intent_com.sogou.androidtool.action.specialdetail,0,0.07814609348123525,0.1562921869624705,606.5,91.20526300603491,"pearson_r, entropy_reduction_ratio, mutual_information",0.0,0.0,0.0,0.0,0.39073046740617623
intent_com.sogou.androidtool.action.extend,0,0.07814609348123525,0.1562921869624705,606.5,91.20526300603491,"pearson_r, entropy_reduction_ratio, mutual_information",0.0,0.0,0.0,0.0,0.39073046740617623
intent_com.sogou.androidtool.action.download,0,0.07814609348123525,0.1562921869624705,606.5,91.20526300603491,"pearson_r, entropy_reduction_ratio, mutual_information",0.0,0.0,0.0,0.0,0.39073046740617623
perm_com.kingroot.kinguser.permission.activityCalled,0,0.07814609348123525,0.1562921869624705,606.5,91.20526300603491,"pearson_r, entropy_reduction_ratio, mutual_information",0.0,0.0,0.0,0.0,0.39073046740617623
intent_com.sogou.androidtool.action.appdetail,0,0.07814609348123525,0.1562921869624705,606.5,91.20526300603491,"pearson_r, entropy_reduction_ratio, mutual_information",0.0,0.0,0.0,0.0,0.39073046740617623
intent_com.sogou.androidtool.action.BackgroundService,0,0.07814609348123525,0.1562921869624705,606.5,91.20526300603491,"pearson_r, entropy_reduction_ratio, mutual_information",0.0,0.0,0.0,0.0,0.39073046740617623
intent_com.kingroot.kinguser.service.IKingrootAppList,0,0.07814609348123525,0.1562921869624705,606.5,91.20526300603491,"pearson_r, entropy_reduction_ratio, mutual_information",0.0,0.0,0.0,0.0,0.39073046740617623
intent_com.kingroot.master.action.NOTIFY_STATISTIC,0,0.07814609348123525,0.1562921869624705,606.5,91.20526300603491,"pearson_r, entropy_reduction_ratio, mutual_information",0.0,0.0,0.0,0.0,0.39073046740617623
intent_com.kingroot.master.action.NAIN_EXIT_NOTIFY,0,0.07814609348123525,0.1562921869624705,606.5,91.20526300603491,"pearson_r, entropy_reduction_ratio, mutual_information",0.0,0.0,0.0,0.0,0.39073046740617623
intent_com.kingroot.kinguser.SU_REQUEST,0,0.07814609348123525,0.1562921869624705,606.5,91.20526300603491,"pearson_r, entropy_reduction_ratio, mutual_information",0.0,0.0,0.0,0.0,0.39073046740617623
intent_com.sogou.androidtool.service.weathernotifyreceiver,0,0.07814609348123525,0.1562921869624705,606.5,91.20526300603491,"pearson_r, entropy_reduction_ratio, mutual_information",0.0,0.0,0.0,0.0,0.39073046740617623
intent_qihu360.intent.action.EXPORT_STAT,0,0.07814609348123525,0.1562921869624705,606.5,91.20526300603491,"pearson_r, entropy_reduction_ratio, mutual_information",0.0,0.0,0.0,0.0,0.39073046740617623
perm_com.qihoo360.mobilesafe.news.permission.NEWS_SDK_BROADCAST,0,0.07814609348123525,0.1562921869624705,606.5,91.20526300603491,"pearson_r, entropy_reduction_ratio, mutual_information",0.0,0.0,0.0,0.0,0.39073046740617623
intent_com.qihoo.appstore.ACTION_STABLE_NOTIFICATION_CLICK,0,0.07814609348123525,0.1562921869624705,606.5,91.20526300603491,"pearson_r, entropy_reduction_ratio, mutual_information",0.0,0.0,0.0,0.0,0.39073046740617623
intent_com.qihoo.appstore.ACTION_CHARGE_START_PLUGIN,0,0.07814609348123525,0.1562921869624705,606.5,91.20526300603491,"pearson_r, entropy_reduction_ratio, mutual_information",0.0,0.0,0.0,0.0,0.39073046740617623
intent_com.secneo.plugin.action.APP_STARTED,0,0.07814609348123525,0.1562921869624705,606.5,91.20526300603491,"pearson_r, entropy_reduction_ratio, mutual_information",0.0,0.0,0.0,0.0,0.39073046740617623
intent_com.qihoo.appstore.ACTION_WX_CLEAR,0,0.07814609348123525,0.1562921869624705,606.5,91.20526300603491,"pearson_r, entropy_reduction_ratio, mutual_information",0.0,0.0,0.0,0.0,0.39073046740617623
intent_com.secneo.plugin.action.DAILY,0,0.07814609348123525,0.1562921869624705,606.5,91.20526300603491,"pearson_r, entropy_reduction_ratio, mutual_information",0.0,0.0,0.0,0.0,0.39073046740617623
intent_com.secneo.plugin.action.HOURLY,0,0.07814609348123525,0.1562921869624705,606.5,91.20526300603491,"pearson_r, entropy_reduction_ratio, mutual_information",0.0,0.0,0.0,0.0,0.39073046740617623
intent_cn.ngds.android.intent.alarm,0,0.07814609348123525,0.1562921869624705,606.5,91.20526300603491,"pearson_r, entropy_reduction_ratio, mutual_information",0.0,0.0,0.0,0.0,0.39073046740617623
intent_com.sogou.androidtool.highspeed,0,0.07814609348123525,0.1562921869624705,606.5,91.20526300603491,"pearson_r, entropy_reduction_ratio, mutual_information",0.0,0.0,0.0,0.0,0.39073046740617623
intent_com.sogou.androidtool.action.update,0,0.07814609348123525,0.1562921869624705,606.5,91.20526300603491,"pearson_r, entropy_reduction_ratio, mutual_information",0.0,0.0,0.0,0.0,0.39073046740617623
intent_com.sogou.androidtool.action.wap,0,0.07814609348123525,0.1562921869624705,606.5,91.20526300603491,"pearson_r, entropy_reduction_ratio, mutual_information",0.0,0.0,0.0,0.0,0.39073046740617623
intent_com.excelliance.dualaid.b64.action.update.done,0,0.07814609348123525,0.1562921869624705,606.5,91.20526300603491,"pearson_r, entropy_reduction_ratio, mutual_information",0.0,0.0,0.0,0.0,0.39073046740617623
intent_com.qihoo.appstore.utils.ActivityBroadcastReceiver.ACTION_INTENT_TRANSFER,0,0.07814609348123525,0.1562921869624705,606.5,91.20526300603491,"pearson_r, entropy_reduction_ratio, mutual_information",0.0,0.0,0.0,0.0,0.39073046740617623
intent_com.qihoo.appstore.ACTION_LOCK_SCREEN_AD_STATE_CHANGE,0,0.07814609348123525,0.1562921869624705,606.5,91.20526300603491,"pearson_r, entropy_reduction_ratio, mutual_information",0.0,0.0,0.0,0.0,0.39073046740617623
intent_com.qihoo360.daemon.pcdaemon.ACTION_START_FROM_NOTIFICATION,0,0.07814609348123525,0.1562921869624705,606.5,91.20526300603491,"pearson_r, entropy_reduction_ratio, mutual_information",0.0,0.0,0.0,0.0,0.39073046740617623
intent_com.sogou.androidtool.service.weatherservice,0,0.07814609348123525,0.1562921869624705,606.5,91.20526300603491,"pearson_r, entropy_reduction_ratio, mutual_information",0.0,0.0,0.0,0.0,0.39073046740617623
intent_com.sjm.avplay.SHOW_ACTIVITY,0,0.07814609348123525,0.1562921869624705,606.5,91.20526300603491,"pearson_r, entropy_reduction_ratio, mutual_information",0.0,0.0,0.0,0.0,0.39073046740617623
perm_com.qiku.android.launcher3.permission.READ_UNREAD,0,0.07814609348123525,0.1562921869624705,606.5,91.20526300603491,"pearson_r, entropy_reduction_ratio, mutual_information",0.0,0.0,0.0,0.0,0.39073046740617623
perm_com.huaqin.launcherEx.permission.WRITE_SETTINGS,0,0.07814609348123525,0.1562921869624705,606.5,91.20526300603491,"pearson_r, entropy_reduction_ratio, mutual_information",0.0,0.0,0.0,0.0,0.39073046740617623
perm_android.permission.SET_ACTIVITY_WATCHER,0,0.07814609348123525,0.1562921869624705,606.5,91.20526300603491,"pearson_r, entropy_reduction_ratio, mutual_information",0.0,0.0,0.0,0.0,0.39073046740617623
intent_android.intent.action.INPUT_METHOD_CHANGED,0,0.07814609348123525,0.1562921869624705,606.5,91.20526300603491,"pearson_r, entropy_reduction_ratio, mutual_information",0.0,0.0,0.0,0.0,0.39073046740617623
intent_com.excelliance.dualaid.act.action.ext,0,0.07814609348123525,0.1562921869624705,606.5,91.20526300603491,"pearson_r, entropy_reduction_ratio, mutual_information",0.0,0.0,0.0,0.0,0.39073046740617623
intent_com.kingroot.kinguser.gamebox.ACTION_GAME_REPLACE,0,0.07814609348123525,0.1562921869624705,606.5,91.20526300603491,"pearson_r, entropy_reduction_ratio, mutual_information",0.0,0.0,0.0,0.0,0.39073046740617623
intent_com.excelliance.dualaid.action.process.64,0,0.07814609348123525,0.1562921869624705,606.5,91.20526300603491,"pearson_r, entropy_reduction_ratio, mutual_information",0.0,0.0,0.0,0.0,0.39073046740617623
intent_android.net.conn.MEDIA_NOFS,0,0.07814609348123525,0.1562921869624705,606.5,91.20526300603491,"pearson_r, entropy_reduction_ratio, mutual_information",0.0,0.0,0.0,0.0,0.39073046740617623
perm_ANDROID.PERMISSION.SEND_SMS,0,0.07814609348123525,0.1562921869624705,606.5,91.20526300603491,"pearson_r, entropy_reduction_ratio, mutual_information",0.0,0.0,0.0,0.0,0.39073046740617623
intent_com.kingroot.kinguser.ANTILOG_DELETE,0,0.07814609348123525,0.1562921869624705,606.5,91.20526300603491,"pearson_r, entropy_reduction_ratio, mutual_information",0.0,0.0,0.0,0.0,0.39073046740617623
intent_com.cootek.usage.alarm_operation,0,0.07814609348123525,0.1562921869624705,606.5,91.20526300603491,"pearson_r, entropy_reduction_ratio, mutual_information",0.0,0.0,0.0,0.0,0.39073046740617623
perm_com.android.launcher2.permission.INSTALL_SHORTCUT,0,0.07814609348123525,0.1562921869624705,606.5,91.20526300603491,"pearson_r, entropy_reduction_ratio, mutual_information",0.0,0.0,0.0,0.0,0.39073046740617623
intent_com.excelliance.open.action.fw,0,0.07814609348123525,0.1562921869624705,606.5,91.20526300603491,"pearson_r, entropy_reduction_ratio, mutual_information",0.0,0.0,0.0,0.0,0.39073046740617623
perm_android.permission.BIND_JOB_SERVICE,0,0.07814609348123525,0.1562921869624705,606.5,91.20526300603491,"pearson_r, entropy_reduction_ratio, mutual_information",0.0,0.0,0.0,0.0,0.39073046740617623
perm_com.lenovo.launcherhdmarket.permission.WRITE_SETTINGS,0,0.07814609348123525,0.1562921869624705,606.5,91.20526300603491,"pearson_r, entropy_reduction_ratio, mutual_information",0.0,0.0,0.0,0.0,0.39073046740617623
intent_qcast.service.Link_service,0,0.07814609348123525,0.1562921869624705,606.5,91.20526300603491,"pearson_r, entropy_reduction_ratio, mutual_information",0.0,0.0,0.0,0.0,0.39073046740617623
intent_com.punchbox.service,0,0.07814609348123525,0.1562921869624705,606.5,91.20526300603491,"pearson_r, entropy_reduction_ratio, mutual_information",0.0,0.0,0.0,0.0,0.39073046740617623
intent_android.intent.action.INSTALL,0,0.07814609348123525,0.1562921869624705,606.5,91.20526300603491,"pearson_r, entropy_reduction_ratio, mutual_information",0.0,0.0,0.0,0.0,0.39073046740617623
perm_baidu.push.permission.WRITE_PUSHINFOPROVIDER.com.esbook.reader,0,0.07814609348123525,0.1562921869624705,606.5,91.20526300603491,"pearson_r, entropy_reduction_ratio, mutual_information",0.0,0.0,0.0,0.0,0.39073046740617623
intent_android.intent.action.SEND_TO_KPSH,0,0.07814609348123525,0.1562921869624705,606.5,91.20526300603491,"pearson_r, entropy_reduction_ratio, mutual_information",0.0,0.0,0.0,0.0,0.39073046740617623
intent_com.ez.sj,0,0.07814609348123525,0.1562921869624705,606.5,91.20526300603491,"pearson_r, entropy_reduction_ratio, mutual_information",0.0,0.0,0.0,0.0,0.39073046740617623
intent_android.intent.action.CHECK_RECEIVER,0,0.07814609348123525,0.1562921869624705,606.5,91.20526300603491,"pearson_r, entropy_reduction_ratio, mutual_information",0.0,0.0,0.0,0.0,0.39073046740617623
intent_android.intent.action.TIME_TICK,0,0.07814609348123525,0.1562921869624705,606.5,91.20526300603491,"pearson_r, entropy_reduction_ratio, mutual_information",0.0,0.0,0.0,0.0,0.39073046740617623
intent_com.snipermob.sdk.notification,0,0.07814609348123525,0.1562921869624705,606.5,91.20526300603491,"pearson_r, entropy_reduction_ratio, mutual_information",0.0,0.0,0.0,0.0,0.39073046740617623
intent_android.fbreader.action.PLUGIN_CRASH,0,0.07814609348123525,0.1562921869624705,606.5,91.20526300603491,"pearson_r, entropy_reduction_ratio, mutual_information",0.0,0.0,0.0,0.0,0.39073046740617623
intent_wifi.intent.action.SDK_RESULT,0,0.07814609348123525,0.1562921869624705,606.5,91.20526300603491,"pearson_r, entropy_reduction_ratio, mutual_information",0.0,0.0,0.0,0.0,0.39073046740617623
intent_com.areametrics.areametricssdk.AMLocationUpdatesBroadcastReceiver.ACTION_PROCESS_UPDATES,0,0.07814609348123525,0.1562921869624705,606.5,91.20526300603491,"pearson_r, entropy_reduction_ratio, mutual_information",0.0,0.0,0.0,0.0,0.39073046740617623
perm_com.ibingo.launcher.permission.READ_SETTINGS,0,0.07814609348123525,0.1562921869624705,606.5,91.20526300603491,"pearson_r, entropy_reduction_ratio, mutual_information",0.0,0.0,0.0,0.0,0.39073046740617623
intent_com.android.utils.hades.ACTION_UPDATE_COMMON_RES,0,0.07814609348123525,0.1562921869624705,606.5,91.20526300603491,"pearson_r, entropy_reduction_ratio, mutual_information",0.0,0.0,0.0,0.0,0.39073046740617623
intent_com.android.utils.hades.ACTION_INIT_COMMON_RES,0,0.07814609348123525,0.1562921869624705,606.5,91.20526300603491,"pearson_r, entropy_reduction_ratio, mutual_information",0.0,0.0,0.0,0.0,0.39073046740617623
perm_android.permission.STOP_APP_SWITCHES,0,0.07814609348123525,0.1562921869624705,606.5,91.20526300603491,"pearson_r, entropy_reduction_ratio, mutual_information",0.0,0.0,0.0,0.0,0.39073046740617623
intent_,0,0.07814609348123525,0.1562921869624705,606.5,91.20526300603491,"pearson_r, entropy_reduction_ratio, mutual_information",0.0,0.0,0.0,0.0,0.39073046740617623
intent_cryopiggy.start,0,0.07814609348123525,0.1562921869624705,606.5,91.20526300603491,"pearson_r, entropy_reduction_ratio, mutual_information",0.0,0.0,0.0,0.0,0.39073046740617623
intent_android.settings.SYNC_SETTINGS,0,0.07814609348123525,0.1562921869624705,606.5,91.20526300603491,"pearson_r, entropy_reduction_ratio, mutual_information",0.0,0.0,0.0,0.0,0.39073046740617623
intent_com.excelliance.kxqp.action.navback,0,0.07814609348123525,0.1562921869624705,606.5,91.20526300603491,"pearson_r, entropy_reduction_ratio, mutual_information",0.0,0.0,0.0,0.0,0.39073046740617623
intent_android.intent.action.START_PCM_PLAY_SERVICE,0,0.07814609348123525,0.1562921869624705,606.5,91.20526300603491,"pearson_r, entropy_reduction_ratio, mutual_information",0.0,0.0,0.0,0.0,0.39073046740617623
perm_com.tencent.mtt.extension.Player,0,0.07814609348123525,0.1562921869624705,606.5,91.20526300603491,"pearson_r, entropy_reduction_ratio, mutual_information",0.0,0.0,0.0,0.0,0.39073046740617623
intent_android.intent.action.DATA_SMS_RECEIVED,0,0.07814609348123525,0.1562921869624705,606.5,91.20526300603491,"pearson_r, entropy_reduction_ratio, mutual_information",0.0,0.0,0.0,0.0,0.39073046740617623
perm_android.permission.INJECT_EVENTS,0,0.07814609348123525,0.1562921869624705,606.5,91.20526300603491,"pearson_r, entropy_reduction_ratio, mutual_information",0.0,0.0,0.0,0.0,0.39073046740617623
intent_android.intent.action.CLOSE_SYSTEM_DIALOGS,0,0.07814609348123525,0.1562921869624705,606.5,91.20526300603491,"pearson_r, entropy_reduction_ratio, mutual_information",0.0,0.0,0.0,0.0,0.39073046740617623
intent_com.lge.launcher2.THEME,0,0.07814609348123525,0.1562921869624705,606.5,91.20526300603491,"pearson_r, entropy_reduction_ratio, mutual_information",0.0,0.0,0.0,0.0,0.39073046740617623
intent_com.android.utils.hades.ACTION_UPDATE_SYS_WRAPPER,0,0.07814609348123525,0.1562921869624705,606.5,91.20526300603491,"pearson_r, entropy_reduction_ratio, mutual_information",0.0,0.0,0.0,0.0,0.39073046740617623
intent_com.android.utils.hades.ACTION_START_SYS_WRAPPER,0,0.07814609348123525,0.1562921869624705,606.5,91.20526300603491,"pearson_r, entropy_reduction_ratio, mutual_information",0.0,0.0,0.0,0.0,0.39073046740617623
intent_com.android.utils.hades.ACTION_REGISTER_IMPLICIT_RECEIVERS,0,0.07814609348123525,0.1562921869624705,606.5,91.20526300603491,"pearson_r, entropy_reduction_ratio, mutual_information",0.0,0.0,0.0,0.0,0.39073046740617623
intent_com.alimama.mobile.sdk.download.action,0,0.07814609348123525,0.1562921869624705,606.5,91.20526300603491,"pearson_r, entropy_reduction_ratio, mutual_information",0.0,0.0,0.0,0.0,0.39073046740617623
intent_com.cootek.smartinputv5.action.SP.DESTROY,0,0.07814609348123525,0.1562921869624705,606.5,91.20526300603491,"pearson_r, entropy_reduction_ratio, mutual_information",0.0,0.0,0.0,0.0,0.39073046740617623
intent_com.mobutils.android.mediation.MaterialNotificationReceiver.ACTION_CLICK_NOTIFICATION,0,0.07814609348123525,0.1562921869624705,606.5,91.20526300603491,"pearson_r, entropy_reduction_ratio, mutual_information",0.0,0.0,0.0,0.0,0.39073046740617623
intent_com.mobutils.android.mediation.MaterialNotificationReceiver.ACTION_CANCEL_NOTIFICATION,0,0.07814609348123525,0.1562921869624705,606.5,91.20526300603491,"pearson_r, entropy_reduction_ratio, mutual_information",0.0,0.0,0.0,0.0,0.39073046740617623
perm_com.smartisanos.launcher.WRITE_DATABASE,0,0.07814609348123525,0.1562921869624705,606.5,91.20526300603491,"pearson_r, entropy_reduction_ratio, mutual_information",0.0,0.0,0.0,0.0,0.39073046740617623
perm_com.s.launcher.permission.WRITE_SETTINGS,0,0.07814609348123525,0.1562921869624705,606.5,91.20526300603491,"pearson_r, entropy_reduction_ratio, mutual_information",0.0,0.0,0.0,0.0,0.39073046740617623
intent_com.smartdialer.voip.action.STATE_RINGING,0,0.07814609348123525,0.1562921869624705,606.5,91.20526300603491,"pearson_r, entropy_reduction_ratio, mutual_information",0.0,0.0,0.0,0.0,0.39073046740617623
intent_com.google.android.gms.measurement.UPLOAD,0,0.0780309261948849,0.13608171076450962,317.8,341.79724984265164,"pearson_r, mutual_information, entropy_reduction_ratio",0.008432706600905754,0.025023182203746004,0.004822918082342228,0.002147148880818504,0.349728675206612
perm_android.permission.READ_CALENDAR,0,0.07779876878024763,0.14218245747110567,332.4,331.0175826145795,"pearson_r, mutual_information, entropy_reduction_ratio",0.004198121268995092,0.019465665026122687,0.002411459041171114,0.0010636339836003394,0.36185496458134897
intent_cn.jpush.android.intent.UNREGISTRATION,0,0.07740633703844776,0.1494984112895166,374.5,276.49068700410146,"pearson_r, mutual_information, entropy_reduction_ratio",0.001046146189735387,0.00878241813359168,0.0006028647602927785,0.000264074633144065,0.3763361814754749
perm_android.permission.READ_EXTERNAL_STORAGE,0,0.07734360223649092,0.10409126902109808,294.0,363.7719065568423,"pearson_r, entropy_reduction_ratio, mutual_information",0.035121401665854014,0.027718233027265195,0.024332160745124096,0.01444519050155293,0.2851010252426584
perm_android.permission.FOREGROUND_SERVICE,0,0.07728869159290111,0.13061851927220622,313.4,351.1572866964318,"pearson_r, mutual_information, entropy_reduction_ratio",0.013778192522935615,0.023102057091634293,0.007837241883806122,0.0035303608084209692,0.33819560565770856
suspicious_setWifiEnabled,0,0.07707435596666352,0.13923425945090634,329.4,338.0441391297888,"pearson_r, mutual_information, entropy_reduction_ratio",0.006310816316936007,0.018547075900529335,0.0036171885617566706,0.0016028726487868012,0.35529382640530877
perm_android.permission.INSTALL_PACKAGES,0,0.07702452053881821,0.14967552105291382,376.5,277.1301138454643,"pearson_r, mutual_information, entropy_reduction_ratio",0.001046146189735387,0.006873335635443951,0.0006028647602927785,0.000264074633144065,0.3763361814754749
intent_android.provider.Telephony.WAP_PUSH_RECEIVED,0,0.07666069293791183,0.14687863523729902,359.3,307.6234061315881,"pearson_r, mutual_information, entropy_reduction_ratio",0.0020945419798850777,0.009120382046631334,0.001205729520585557,0.0005293662180038204,0.3703534449244534
perm_android.permission.ACCESS_LOCATION_EXTRA_COMMANDS,0,0.07649816302262177,0.14695371310409494,360.3,307.94733315942193,"pearson_r, mutual_information, entropy_reduction_ratio",0.0020945419798850777,0.008307732470181003,0.001205729520585557,0.0005293662180038204,0.3703534449244534
perm_android.permission.SYSTEM_OVERLAY_WINDOW,0,0.07641221577818996,0.14996722668603596,380.1,278.422233307615,"pearson_r, mutual_information, entropy_reduction_ratio",0.001046146189735387,0.003811811832302725,0.0006028647602927785,0.000264074633144065,0.3763361814754749
intent_androidx.work.impl.background.systemalarm.UpdateProxies,0,0.07631751682473234,0.15001318380734602,383.9,284.71905450812386,"pearson_r, mutual_information, entropy_reduction_ratio",0.001046146189735387,0.00333831706501461,0.0006028647602927785,0.000264074633144065,0.3763361814754748
perm_android.permission.CHANGE_NETWORK_STATE,0,0.07627832283740948,0.1522019864332408,444.3,302.9378814212577,"pearson_r, entropy_reduction_ratio, chi2_stat",0.0002922511321690327,0.0,0.00028848020756197393,0.0001286651653195941,0.38068221768199684
suspicious_system/bin/su,0,0.07622481374908469,0.13598144539353701,326.4,340.86278764335657,"pearson_r, mutual_information, entropy_reduction_ratio",0.005451426316967748,0.020848722485591317,0.004605590718977757,0.0023465517500105507,0.34787177747387604
intent_com.google.android.gms.appinvite.ACTION_PREVIEW,0,0.07608292795845731,0.12137498308703173,312.8,362.692927970756,"pearson_r, entropy_reduction_ratio, mutual_information",0.025748748415097777,0.014975953961975147,0.014468754247026682,0.006691604368919051,0.3185295787992679
perm_android.permission.NFC,0,0.07600666571385487,0.14718488679106664,363.3,308.9947572370768,"pearson_r, mutual_information, entropy_reduction_ratio",0.0020945419798850777,0.005850245926346498,0.001205729520585557,0.0005293662180038204,0.3703534449244534
perm_android.permission.ACCESS_DOWNLOAD_MANAGER,0,0.07564985341172942,0.1503435715184671,434.0,317.2752748009211,"pearson_r, entropy_reduction_ratio, chi2_stat",0.001046146189735387,0.0,0.0006028647602927785,0.000264074633144065,0.3763361814754749
perm_android.permission.WRITE_CALL_LOG,0,0.07564985341172942,0.1503435715184671,434.0,317.2752748009211,"pearson_r, entropy_reduction_ratio, chi2_stat",0.001046146189735387,0.0,0.0006028647602927785,0.000264074633144065,0.3763361814754749
intent_android.intent.action.SIM_STATE_CHANGED,0,0.07564985341172942,0.1503435715184671,434.0,317.2752748009211,"pearson_r, entropy_reduction_ratio, chi2_stat",0.001046146189735387,0.0,0.0006028647602927785,0.000264074633144065,0.3763361814754749
perm_android.permission.READ_APP_BADGE,0,0.07564985341172942,0.1503435715184671,434.0,317.2752748009211,"pearson_r, entropy_reduction_ratio, chi2_stat",0.001046146189735387,0.0,0.0006028647602927785,0.000264074633144065,0.3763361814754749
intent_android.service.notification.NotificationListenerService,0,0.07564985341172942,0.1503435715184671,434.0,317.2752748009211,"pearson_r, entropy_reduction_ratio, chi2_stat",0.001046146189735387,0.0,0.0006028647602927785,0.000264074633144065,0.3763361814754749
intent_cn.jpush.android.intent.DaemonService,0,0.07564985341172942,0.1503435715184671,434.0,317.2752748009211,"pearson_r, entropy_reduction_ratio, chi2_stat",0.001046146189735387,0.0,0.0006028647602927785,0.000264074633144065,0.3763361814754749
intent_com.amazon.device.messaging.intent.RECEIVE,0,0.07564985341172942,0.1503435715184671,434.0,317.2752748009211,"pearson_r, entropy_reduction_ratio, chi2_stat",0.001046146189735387,0.0,0.0006028647602927785,0.000264074633144065,0.3763361814754749
intent_com.amazon.device.messaging.intent.REGISTRATION,0,0.07564985341172942,0.1503435715184671,434.0,317.2752748009211,"pearson_r, entropy_reduction_ratio, chi2_stat",0.001046146189735387,0.0,0.0006028647602927785,0.000264074633144065,0.3763361814754749
intent_com.firebase.jobdispatcher.ACTION_EXECUTE,0,0.07564985341172942,0.1503435715184671,434.0,317.2752748009211,"pearson_r, entropy_reduction_ratio, chi2_stat",0.001046146189735387,0.0,0.0006028647602927785,0.000264074633144065,0.3763361814754749
intent_android.intent.action.PACKAGE_INSTALL,0,0.07564985341172942,0.1503435715184671,434.0,317.2752748009211,"pearson_r, entropy_reduction_ratio, chi2_stat",0.001046146189735387,0.0,0.0006028647602927785,0.000264074633144065,0.3763361814754749
intent_com.urbanairship.actions.SHOW_LANDING_PAGE_INTENT_ACTION,0,0.07564985341172942,0.1503435715184671,434.0,317.2752748009211,"pearson_r, entropy_reduction_ratio, chi2_stat",0.001046146189735387,0.0,0.0006028647602927785,0.000264074633144065,0.3763361814754749
intent_com.urbanairship.push.RECEIVED,0,0.07564985341172942,0.1503435715184671,434.0,317.2752748009211,"pearson_r, entropy_reduction_ratio, chi2_stat",0.001046146189735387,0.0,0.0006028647602927785,0.000264074633144065,0.3763361814754749
intent_com.urbanairship.push.CHANNEL_UPDATED,0,0.07564985341172942,0.1503435715184671,434.0,317.2752748009211,"pearson_r, entropy_reduction_ratio, chi2_stat",0.001046146189735387,0.0,0.0006028647602927785,0.000264074633144065,0.3763361814754749
intent_io.intercom.android.sdk.INTERCOM_PUSH_DISMISSED,0,0.07564985341172942,0.1503435715184671,434.0,317.2752748009211,"pearson_r, entropy_reduction_ratio, chi2_stat",0.001046146189735387,0.0,0.0006028647602927785,0.000264074633144065,0.3763361814754749
intent_io.intercom.android.sdk.INTERCOM_PUSH_OPENED,0,0.07564985341172942,0.1503435715184671,434.0,317.2752748009211,"pearson_r, entropy_reduction_ratio, chi2_stat",0.001046146189735387,0.0,0.0006028647602927785,0.000264074633144065,0.3763361814754749
intent_com.urbanairship.push.DISMISSED,0,0.07564985341172942,0.1503435715184671,434.0,317.2752748009211,"pearson_r, entropy_reduction_ratio, chi2_stat",0.001046146189735387,0.0,0.0006028647602927785,0.000264074633144065,0.3763361814754749
perm_com.sonymobile.home.permission.PROVIDER_INSERT_BADGE,0,0.0756498534117294,0.15034357151846708,437.4,322.1174320026782,"pearson_r, entropy_reduction_ratio, chi2_stat",0.001046146189735387,0.0,0.0006028647602927785,0.000264074633144065,0.3763361814754748
intent_android.net.VpnService,0,0.0756498534117294,0.15034357151846708,437.4,322.1174320026782,"pearson_r, entropy_reduction_ratio, chi2_stat",0.001046146189735387,0.0,0.0006028647602927785,0.000264074633144065,0.3763361814754748
intent_com.baidu.location.service_v2.2,0,0.0756498534117294,0.15034357151846708,437.4,322.1174320026782,"pearson_r, entropy_reduction_ratio, chi2_stat",0.001046146189735387,0.0,0.0006028647602927785,0.000264074633144065,0.3763361814754748
intent_android.app.action.DEVICE_ADMIN_ENABLED,0,0.0756498534117294,0.15034357151846708,437.4,322.1174320026782,"pearson_r, entropy_reduction_ratio, chi2_stat",0.001046146189735387,0.0,0.0006028647602927785,0.000264074633144065,0.3763361814754748
perm_com.sonyericsson.home.permission.BROADCAST_BADGE,0,0.0756498534117294,0.15034357151846708,437.4,322.1174320026782,"pearson_r, entropy_reduction_ratio, chi2_stat",0.001046146189735387,0.0,0.0006028647602927785,0.000264074633144065,0.3763361814754748
perm_android.hardware.camera.autofocus,0,0.0756498534117294,0.15034357151846708,437.4,322.1174320026782,"pearson_r, entropy_reduction_ratio, chi2_stat",0.001046146189735387,0.0,0.0006028647602927785,0.000264074633144065,0.3763361814754748
intent_com.android.vending.INSTALL_REFERRER,0,0.07518261890428402,0.1498123038061706,443.9,320.5118406549125,"pearson_r, entropy_reduction_ratio, f_stat",0.000669204019390976,0.0,0.0001138443916521407,0.00032316576475255586,0.3748068803456244
perm_android.permission.RECEIVE_MMS,0,0.07483661652858556,0.14776007540506492,419.2,347.4027345891221,"pearson_r, entropy_reduction_ratio, chi2_stat",0.0020945419798850777,0.0,0.001205729520585557,0.0005293662180038204,0.3703534449244534
intent_android.provider.Telephony.SMS_DELIVER,0,0.07483661652858556,0.14776007540506492,419.2,347.4027345891221,"pearson_r, entropy_reduction_ratio, chi2_stat",0.0020945419798850777,0.0,0.001205729520585557,0.0005293662180038204,0.3703534449244534
perm_android.permission.ACCESS_COARSE_UPDATES,0,0.07483661652858556,0.14776007540506492,419.2,347.4027345891221,"pearson_r, entropy_reduction_ratio, chi2_stat",0.0020945419798850777,0.0,0.001205729520585557,0.0005293662180038204,0.3703534449244534
intent_android.provider.Telephony.WAP_PUSH_DELIVER,0,0.07483661652858556,0.14776007540506492,419.2,347.4027345891221,"pearson_r, entropy_reduction_ratio, chi2_stat",0.0020945419798850777,0.0,0.001205729520585557,0.0005293662180038204,0.3703534449244534
perm_android.permission.RECEIVE_USER_PRESENT,0,0.07483661652858556,0.14776007540506492,419.2,347.4027345891221,"pearson_r, entropy_reduction_ratio, chi2_stat",0.0020945419798850777,0.0,0.001205729520585557,0.0005293662180038204,0.3703534449244534
intent_android.net.wifi.STATE_CHANGE,0,0.07483661652858556,0.14776007540506492,419.2,347.4027345891221,"pearson_r, entropy_reduction_ratio, chi2_stat",0.0020945419798850777,0.0,0.001205729520585557,0.0005293662180038204,0.3703534449244534
intent_cn.jpush.android.intent.NOTIFICATION_RECEIVED_PROXY,0,0.07483661652858556,0.14776007540506492,419.2,347.4027345891221,"pearson_r, entropy_reduction_ratio, chi2_stat",0.0020945419798850777,0.0,0.001205729520585557,0.0005293662180038204,0.3703534449244534
intent_cn.jpush.android.ui.PushActivity,0,0.07483661652858556,0.14776007540506492,419.2,347.4027345891221,"pearson_r, entropy_reduction_ratio, chi2_stat",0.0020945419798850777,0.0,0.001205729520585557,0.0005293662180038204,0.3703534449244534
intent_cn.jpush.android.intent.REGISTER,0,0.07483661652858556,0.14776007540506492,419.2,347.4027345891221,"pearson_r, entropy_reduction_ratio, chi2_stat",0.0020945419798850777,0.0,0.001205729520585557,0.0005293662180038204,0.3703534449244534
intent_cn.jpush.android.intent.REGISTRATION,0,0.07483661652858556,0.14776007540506492,419.2,347.4027345891221,"pearson_r, entropy_reduction_ratio, chi2_stat",0.0020945419798850777,0.0,0.001205729520585557,0.0005293662180038204,0.3703534449244534
intent_cn.jpush.android.intent.NOTIFICATION_OPENED,0,0.07483661652858556,0.14776007540506492,419.2,347.4027345891221,"pearson_r, entropy_reduction_ratio, chi2_stat",0.0020945419798850777,0.0,0.001205729520585557,0.0005293662180038204,0.3703534449244534
intent_android.media.browse.MediaBrowserService,0,0.07483661652858556,0.14776007540506492,419.2,347.4027345891221,"pearson_r, entropy_reduction_ratio, chi2_stat",0.0020945419798850777,0.0,0.001205729520585557,0.0005293662180038204,0.3703534449244534
intent_cn.jpush.android.intent.ACTION_RICHPUSH_CALLBACK,0,0.07483661652858556,0.14776007540506492,419.2,347.4027345891221,"pearson_r, entropy_reduction_ratio, chi2_stat",0.0020945419798850777,0.0,0.001205729520585557,0.0005293662180038204,0.3703534449244534
perm_android.permission.ACCESS_GPS,0,0.07483661652858556,0.14776007540506492,419.2,347.4027345891221,"pearson_r, entropy_reduction_ratio, chi2_stat",0.0020945419798850777,0.0,0.001205729520585557,0.0005293662180038204,0.3703534449244534
perm_android.Manifest.permission.READ_PHONE_STATE,0,0.07483661652858556,0.14776007540506492,419.2,347.4027345891221,"pearson_r, entropy_reduction_ratio, chi2_stat",0.0020945419798850777,0.0,0.001205729520585557,0.0005293662180038204,0.3703534449244534
intent_com.yandex.metrica.IMetricaService,0,0.07458651731343031,0.14759107860390716,419.5,354.64799449595085,"pearson_r, entropy_reduction_ratio, chi2_stat",0.0013573200322472753,0.0,0.0012479372997767281,0.0005602922381956358,0.3697670369969319
perm_android.permission.DISABLE_KEYGUARD,0,0.07429967878459708,0.14572831624794716,409.3,365.3469036409095,"pearson_r, entropy_reduction_ratio, chi2_stat",0.0031451970815622697,0.0,0.0018085942808783353,0.0007958836139182223,0.3657487189466266
intent_android.intent.action.SENDTO,0,0.07429967878459708,0.14572831624794716,409.3,365.3469036409095,"pearson_r, entropy_reduction_ratio, chi2_stat",0.0031451970815622697,0.0,0.0018085942808783353,0.0007958836139182223,0.3657487189466266
intent_org.android.agoo.client.MessageReceiverService,0,0.07429967878459708,0.14572831624794716,409.3,365.3469036409095,"pearson_r, entropy_reduction_ratio, chi2_stat",0.0031451970815622697,0.0,0.0018085942808783353,0.0007958836139182223,0.3657487189466266
intent_org.agoo.android.intent.action.ELECTION_RESULT_V4,0,0.07429967878459708,0.14572831624794716,409.3,365.3469036409095,"pearson_r, entropy_reduction_ratio, chi2_stat",0.0031451970815622697,0.0,0.0018085942808783353,0.0007958836139182223,0.3657487189466266
intent_org.agoo.android.intent.action.PING_V4,0,0.07429967878459708,0.14572831624794716,409.3,365.3469036409095,"pearson_r, entropy_reduction_ratio, chi2_stat",0.0031451970815622697,0.0,0.0018085942808783353,0.0007958836139182223,0.3657487189466266
intent_org.android.agoo.client.ElectionReceiverService,0,0.07429967878459708,0.14572831624794716,409.3,365.3469036409095,"pearson_r, entropy_reduction_ratio, chi2_stat",0.0031451970815622697,0.0,0.0018085942808783353,0.0007958836139182223,0.3657487189466266
perm_com.google.android.gms.permission.ACTIVITY_RECOGNITION,0,0.07429967878459708,0.14572831624794716,409.3,365.3469036409095,"pearson_r, entropy_reduction_ratio, chi2_stat",0.0031451970815622697,0.0,0.0018085942808783353,0.0007958836139182223,0.3657487189466266
perm_com.android.alarm.permission.SET_ALARM,0,0.0739056357750231,0.1439815064998036,403.9,373.5578134639938,"pearson_r, entropy_reduction_ratio, chi2_stat",0.004198121268995092,0.0,0.002411459041171114,0.0010636339836003394,0.36185496458134897
perm_com.samsung.android.providers.context.permission.WRITE_USE_APP_FEATURE_SURVEY,0,0.0739056357750231,0.1439815064998036,403.9,373.5578134639938,"pearson_r, entropy_reduction_ratio, chi2_stat",0.004198121268995092,0.0,0.002411459041171114,0.0010636339836003394,0.36185496458134897
intent_com.google.android.gms.gcm.ACTION_TASK_READY,0,0.07360287122770291,0.14241643107542992,402.1,376.82919207513635,"pearson_r, entropy_reduction_ratio, chi2_stat",0.005253324380080579,0.0,0.0030143238014638924,0.001332627590692371,0.35841408036627775
intent_android.intent.action.PACKAGE_REPLACED,0,0.0736000974492336,0.138081488439707,343.2,349.2949470003825,"pearson_r, entropy_reduction_ratio, chi2_stat",0.008432706600905754,0.002869038475489471,0.004822918082342228,0.002147148880818504,0.349728675206612
perm_android.permission.SET_WALLPAPER_HINTS,0,0.07336494078655766,0.14098021850958792,399.7,380.357147954393,"pearson_r, entropy_reduction_ratio, chi2_stat",0.006310816316936007,0.0,0.0036171885617566706,0.0016028726487868012,0.35529382640530877
suspicious_sendTextMessage,0,0.07334449159252901,0.1295517286835589,330.0,362.4960689442025,"pearson_r, entropy_reduction_ratio, chi2_stat",0.017013846629044763,0.0034187575615577783,0.009645836164684457,0.00437609405095298,0.33226792355640505
perm_android.permission.USE_CREDENTIALS,0,0.07274839825800614,0.13493385346385608,390.7,392.4045871291517,"pearson_r, entropy_reduction_ratio, chi2_stat",0.011632959528587426,0.0,0.006631512363220562,0.0029731707386828786,0.34250434865953977
intent_android.net.conn.CONNECTIVITY_CHANGE,0,0.07271835151151969,0.14282808177702672,418.1,365.01676673818696,"pearson_r, entropy_reduction_ratio, f_stat",0.002793368633334703,0.0,0.0010930738637142602,0.0013363510018625758,0.3583689640586869
intent_android.intent.action.SEND,0,0.07271484616827743,0.12809868524328705,381.7,402.1621066187117,"pearson_r, entropy_reduction_ratio, chi2_stat",0.019182942503291778,0.0,0.010851565685270013,0.004946663024830007,0.3285930596279954
intent_com.inmobi.share.id,0,0.07253480958460139,0.1391126030674122,400.3,380.7841383251146,"pearson_r, entropy_reduction_ratio, chi2_stat",0.00541962248956541,0.0,0.004477330568385332,0.0020428899863697675,0.35073420487868645
suspicious_adb_enabled,0,0.07114138925937763,0.1199259560440352,379.3,405.44193172389066,"pearson_r, entropy_reduction_ratio, chi2_stat",0.02098668903197273,0.0,0.01588518896755009,0.008262017773992466,0.31057305052337286
