feature,method_count,aggregated_score,score_std,rank_mean,rank_std,top_methods,entropy_reduction_ratio,mutual_information,chi2_stat,f_stat,pearson_r
n_api_calls,5,0.9022649227722306,0.15313898700996795,2.6,1.8547236990991407,"entropy_reduction_ratio, chi2_stat, mutual_information",1.0,0.9950822738979638,1.0,0.6032283805050893,0.9130139594581003
perm_android.permission.READ_PHONE_STATE,5,0.7797794308925496,0.31941739662276397,3.0,2.5298221281347035,"mutual_information, pearson_r, f_stat",0.8160145424375539,1.0,0.1544403334076298,0.9393132137690956,0.9891290648484691
suspicious_getCellLocation,5,0.7683206095089214,0.2962270549883701,2.4,1.2,"f_stat, pearson_r, mutual_information",0.7274760452593422,0.9038157545451659,0.21031124774009957,1.0,1.0
perm_android.permission.ACCESS_COARSE_LOCATION,5,0.37902427241234704,0.2456029075040556,15.2,7.0823724838503095,"pearson_r, f_stat, entropy_reduction_ratio",0.34271141916725356,0.31831005052182093,0.0660711581012919,0.3446218325869825,0.8234069016843861
perm_android.permission.GET_TASKS,5,0.3706450284421832,0.2344212839788776,13.2,5.635601121442148,"pearson_r, mutual_information, f_stat",0.2765846506547314,0.3274806744578947,0.11413322118934385,0.32180652409029586,0.8132200718186502
perm_android.permission.MOUNT_UNMOUNT_FILESYSTEMS,5,0.35789530845944106,0.23259366750722202,14.0,4.857983120596447,"pearson_r, mutual_information, f_stat",0.23463518167811198,0.38223044639331943,0.11042716519361084,0.27275175944408153,0.7894319895880818
suspicious_getCellSignalStrength,5,0.34849625369246506,0.2349529738813789,15.6,4.8,"pearson_r, mutual_information, f_stat",0.23224288096318252,0.37167779713630933,0.09337127656286633,0.2615841139166075,0.7836051998833596
intent_com.google.firebase.MESSAGING_EVENT,4,0.4759042256172562,0.32693734904142535,203.8,398.1016955502702,"mutual_information, entropy_reduction_ratio, f_stat",0.6965297213760969,0.8211738945170999,0.17012208002298135,0.691695432170103,0.0
n_providers,4,0.45753933659776064,0.233399196001181,203.2,395.40885169656985,"entropy_reduction_ratio, mutual_information, chi2_stat",0.7255687289919365,0.7058335799700871,0.3856857283927573,0.36749054236848994,0.10311810326553249
intent_com.google.firebase.INSTANCE_ID_EVENT,4,0.42757141252051234,0.2877623124688096,204.8,396.6007564289307,"mutual_information, f_stat, entropy_reduction_ratio",0.6198122652330513,0.6931319309142849,0.15469562933270606,0.6629781645867404,0.007239072535778841
suspicious_Ldalvik/system/PathClassLoader;,4,0.41974770190033983,0.3063251239974593,205.6,396.70825552287164,"mutual_information, f_stat, entropy_reduction_ratio",0.5470206537455953,0.752363326181813,0.11087816701361244,0.6874145828459677,0.001061779714710354
perm_com.google.android.finsky.permission.BIND_GET_INSTALL_REFERRER_SERVICE,4,0.3327634436345718,0.19079483168127004,206.4,394.30120466465735,"mutual_information, entropy_reduction_ratio, f_stat",0.4806521247224332,0.5404816708928356,0.13057444993406606,0.43542351598448664,0.07668545663903752
suspicious_getSubscriberId,4,0.3259747972081398,0.24022150841810322,21.4,15.576905982896601,"pearson_r, f_stat, entropy_reduction_ratio",0.24451673993745457,0.2306630984032741,0.09155462280463544,0.2733830733263015,0.7897564515690336
perm_android.permission.CHANGE_WIFI_STATE,4,0.32218441549264404,0.23541747762634405,19.8,8.44748483277715,"pearson_r, mutual_information, f_stat",0.2198468205379636,0.27106653224753774,0.09421618561579115,0.24897451393233008,0.7768180251295976
perm_com.android.launcher.permission.INSTALL_SHORTCUT,4,0.316338422776114,0.23294139698096894,18.6,6.086049621881176,"pearson_r, mutual_information, f_stat",0.19806081364780098,0.2969113131581356,0.0963208556639317,0.22635842302984963,0.7640407083808521
intent_com.google.android.c2dm.intent.RECEIVE,4,0.30795132382359086,0.20510762762426124,209.2,393.9250690169388,"mutual_information, f_stat, entropy_reduction_ratio",0.4100461236229768,0.5056797260123336,0.06743669109669093,0.503263462932621,0.05333061545333191
perm_com.google.android.c2dm.permission.RECEIVE,4,0.300483885450495,0.19833172191717566,210.2,392.9337857705799,"f_stat, mutual_information, entropy_reduction_ratio",0.4061382494297507,0.47703507232156495,0.06604059509054835,0.4982329880497229,0.05497252236088819
perm_android.permission.ACCESS_WIFI_STATE,3,0.330088687138334,0.2453042324619471,25.0,15.0996688705415,"pearson_r, entropy_reduction_ratio, mutual_information",0.29848833971051875,0.2767069056330778,0.034168481560998,0.2589002420659894,0.7821794667210858
intent_android.net.conn.CONNECTIVITY_CHANGE,3,0.3182428486637677,0.23871276789175602,19.8,5.528109984434102,"pearson_r, mutual_information, f_stat",0.19765837893128962,0.3732420841177626,0.060550224902481756,0.20721566093904836,0.752547894428256
n_receivers,3,0.30451717958751356,0.15922847903045248,211.2,389.5943531418288,"entropy_reduction_ratio, mutual_information, pearson_r",0.5198913532004071,0.45257182338573004,0.1849342230993786,0.0976476628643463,0.26754083538770584
perm_android.permission.ACCESS_FINE_LOCATION,3,0.2936902455224056,0.24703220518126665,27.8,17.588632692736525,"pearson_r, mutual_information, entropy_reduction_ratio",0.14861854009139608,0.4364355358506991,0.031019491804503647,0.1437044411996161,0.7086732186658129
perm_android.permission.BROADCAST_STICKY,3,0.2617022371362216,0.23179082020677713,26.6,6.887670143089026,"pearson_r, mutual_information, f_stat",0.12479703090730093,0.277149876416426,0.06495807799466086,0.1376787253838144,0.7039274749789057
perm_com.android.launcher.permission.READ_SETTINGS,3,0.24876657575390188,0.23260560071376496,32.0,16.52876280911551,"pearson_r, mutual_information, f_stat",0.1271143806967554,0.20431283664704536,0.06679465565211809,0.13991103500735125,0.7056999707662394
perm_android.permission.WRITE_SETTINGS,3,0.2411757573973476,0.23990367386543904,51.6,58.026200978523484,"pearson_r, f_stat, entropy_reduction_ratio",0.14169978964414984,0.12807687072328303,0.06451344246870408,0.15461852801648054,0.7169701561341205
intent_com.facebook.sdk.ACTION_CURRENT_ACCESS_TOKEN_CHANGED,3,0.1763098176000363,0.057896252058755183,230.8,382.52079682025135,"entropy_reduction_ratio, f_stat, pearson_r",0.25545770822621977,0.15876164646435006,0.0789818266955541,0.2003610612281128,0.18798684538594476
n_urls,2,0.3320846964012692,0.2843080461483801,143.0,113.98771863670227,"entropy_reduction_ratio, pearson_r, mutual_information",0.7180248837961142,0.4371947066904456,0.004190897919894025,0.0021790570844999334,0.49883393651539204
n_activities,2,0.28103439486711246,0.2377461436723996,321.4,313.20446995533126,"entropy_reduction_ratio, pearson_r, mutual_information",0.567065688375714,0.37034322000889097,7.702572208315036e-07,1.4549804288604506e-06,0.4677608407133075
intent_ACTION.TAPCORE.MESSAGE,2,0.25749344559960397,0.22915202499206078,28.2,10.486181383134664,"pearson_r, mutual_information, entropy_reduction_ratio",0.1428543887815951,0.23825843586683576,0.0674889400415501,0.13615656165883638,0.7027089016492025
n_services,2,0.2555807007895596,0.10440924772999112,218.6,386.58328986131824,"entropy_reduction_ratio, pearson_r, chi2_stat",0.4397281168612803,0.22595184111483568,0.24576151695666262,0.1155813866266741,0.2508806423883453
intent_ACTION.TAPCORE.SYNC,2,0.23814045846950874,0.2339942580342595,46.6,46.43317779347005,"pearson_r, entropy_reduction_ratio, mutual_information",0.1428543887815951,0.1414935002163595,0.0674889400415501,0.13615656165883638,0.7027089016492025
perm_android.permission.SYSTEM_ALERT_WINDOW,2,0.22992575270504187,0.24011884750868692,58.6,65.5609639953532,"pearson_r, f_stat, entropy_reduction_ratio",0.1324166112116207,0.11612904143107175,0.05408436477433009,0.14068680811622827,0.7063119379919586
n_used_permissions,1,0.27400910383190713,0.2190555161969687,41.0,17.60681686165901,"pearson_r, entropy_reduction_ratio, mutual_information",0.3393617226664431,0.2887661773788479,0.029464906630964596,0.07151892544544962,0.6409337870378305
intent_com.google.android.c2dm.intent.REGISTRATION,1,0.25036092038714214,0.23350425457886526,35.6,9.221713506718803,"pearson_r, mutual_information, f_stat",0.10952040224057791,0.30431792801115065,0.04144035175790272,0.11324020324803456,0.6832857166780449
intent_android.intent.action.PACKAGE_ADDED,1,0.2500275682843421,0.23180264879177603,32.6,7.337574531137657,"pearson_r, mutual_information, f_stat",0.11301556856593024,0.27109462383537214,0.05331120243308742,0.12186713814952133,0.6908493084377992
suspicious_Ljava/lang/System;->load,1,0.24726010013544814,0.23593331203964893,51.6,45.075935930383075,"pearson_r, mutual_information, entropy_reduction_ratio",0.15405687900247547,0.25231687775860107,0.011554724103374471,0.12492099058482833,0.6934510292279613
intent_com.yandex.metrica.IMetricaService,1,0.24409415087030656,0.2308763159896169,34.8,9.019977827023745,"pearson_r, mutual_information, f_stat",0.10954405107045687,0.2443618600960476,0.057357326839962745,0.11998273305427244,0.6892247832907931
perm_android.permission.BLUETOOTH_ADMIN,1,0.2409125757404647,0.2329413918317962,36.0,15.861904047118681,"pearson_r, mutual_information, f_stat",0.12007736421734261,0.19596992008256364,0.05882945953743647,0.13109178865600216,0.6985943462089785
intent_com.tappx.sdk.SILP,1,0.24089269783471573,0.22856291106619656,36.8,11.651609330903607,"pearson_r, mutual_information, entropy_reduction_ratio",0.12331533923234418,0.22023241136256683,0.05849041470267677,0.11636343496843335,0.6860618889075575
n_permissions,1,0.22900230249291892,0.20784561571526874,83.8,55.63955427571289,"pearson_r, entropy_reduction_ratio, mutual_information",0.35160222349296855,0.13297022597297264,0.05553210299606168,0.027804578272078193,0.5771023817305136
suspicious_Ljava/lang/System;->loadLibrary,1,0.2230111134262013,0.23742575535821775,67.2,46.92717762661633,"pearson_r, mutual_information, entropy_reduction_ratio",0.14082253795817534,0.15870185213359594,0.011604432248667855,0.11716195325831483,0.6867647915322527
intent_android.intent.action.MEDIA_BUTTON,1,0.176745921955701,0.10327334677663125,223.2,382.95555877934447,"mutual_information, pearson_r, entropy_reduction_ratio",0.1536127986504968,0.319712088273886,0.045247402237752456,0.09599762224190223,0.26915969837446746
perm_android.permission.PERMISSION_NAME,1,0.17153683085450683,0.21155285239673313,519.2,257.8762493910597,"pearson_r, mutual_information, entropy_reduction_ratio",0.0,0.38955840216235416,0.0,0.0,0.4681257521101801
intent_com.qihoo.appstore.ACTION_CHECK_PHOTOS,1,0.16166179971395517,0.2020859587040807,520.2,255.9174867022572,"pearson_r, mutual_information, entropy_reduction_ratio",0.0,0.3401832464595957,0.0,0.0,0.4681257521101801
intent_com.kingroot.kinguser.ANTILOG_DELETE,1,0.15812149252884997,0.1990598610568919,520.6,255.13416078604607,"pearson_r, mutual_information, entropy_reduction_ratio",0.0,0.32248171053406977,0.0,0.0,0.4681257521101801
intent_action_send_cancel,1,0.15632281471283022,0.197601890415067,521.2,253.95936682863265,"pearson_r, mutual_information, entropy_reduction_ratio",0.0,0.3134883214539709,0.0,0.0,0.4681257521101801
suspicious_setWifiEnabled,0,0.2181134499437162,0.23224262250115946,52.8,28.47033543883879,"pearson_r, mutual_information, f_stat",0.09894225057028602,0.15839473705419113,0.04905825150479646,0.10677694571898552,0.6773950648703219
perm_android.permission.RESTART_PACKAGES,0,0.21436427152682064,0.22704782198720191,53.6,15.91979899370592,"pearson_r, mutual_information, f_stat",0.06636243766843967,0.25784503803413955,0.0359243807044869,0.07116580785320167,0.6405236933738352
perm_android.permission.BLUETOOTH,0,0.2120963155969693,0.2354003345373326,66.0,56.94558806439705,"pearson_r, mutual_information, f_stat",0.10363649192280905,0.12153091910735422,0.045739711993807164,0.10959036128387269,0.6799840936770033
perm_android.permission.READ_LOGS,0,0.20810627184965677,0.22779514606041726,54.0,14.085453489327207,"pearson_r, mutual_information, f_stat",0.07623675919353154,0.19229482921881727,0.03863931296012939,0.08137064018501218,0.6519898176907936
intent_android.bluetooth.adapter.action.STATE_CHANGED,0,0.20256727305105593,0.23101949473597522,66.8,43.577058184324464,"pearson_r, mutual_information, f_stat",0.08366658562730915,0.13674928118281812,0.042101192503555845,0.0896294172706878,0.6606898886709088
perm_android.permission.WRITE_EXTERNAL_STORAGE,0,0.19322879816031874,0.23131329178420915,100.0,66.27820154470096,"pearson_r, mutual_information, entropy_reduction_ratio",0.10256556080649,0.13332846977413898,0.004579978697653424,0.07770306988126409,0.6479669116420471
suspicious_system/bin/su,0,0.19289345841240987,0.22802420663178327,71.6,28.13254343282882,"pearson_r, mutual_information, f_stat",0.07135491146637278,0.1496013634521296,0.028663970784536308,0.07262731433937357,0.6422197320196371
intent_android.intent.action.ACTION_POWER_CONNECTED,0,0.1915800709398689,0.23665725853196762,95.0,103.48139929475248,"pearson_r, f_stat, entropy_reduction_ratio",0.08707001727940206,0.07315390994942263,0.04163337425854656,0.09246825790744624,0.6635747953045271
perm_android.permission.CHANGE_NETWORK_STATE,0,0.1887588373827558,0.24901275370628484,138.2,201.10037294843588,"pearson_r, f_stat, entropy_reduction_ratio",0.1016167398568874,0.00037190422857665516,0.051105209909458105,0.11017925267122342,0.6805210802476335
intent_com.xiaomi.push.PING_TIMER,0,0.18747820876943283,0.2210189966909269,79.2,18.037738217415175,"pearson_r, mutual_information, f_stat",0.044454937168174564,0.2159151184057961,0.024071814407054533,0.045724667575649865,0.6072245062904892
intent_com.igexin.sdk.action.7fjUl2Z3LH6xYy7NQK4ni4,0,0.1869287984351308,0.22111650304662914,73.0,13.251415018781957,"pearson_r, mutual_information, entropy_reduction_ratio",0.05614108255625918,0.18515936239886302,0.026995576016620046,0.051216509289425144,0.6151314619144865
intent_safiap.framework.sdk.ISAFFramework,0,0.18432756278500667,0.21840726555108378,93.0,30.744105126023754,"pearson_r, mutual_information, entropy_reduction_ratio",0.0372838180630916,0.24474576609551005,0.017997050677746693,0.033698007267475634,0.5879131718212095
intent_com.google.android.gms.iid.InstanceID,0,0.1777524113891934,0.23037753757001034,104.8,82.10334950536426,"pearson_r, mutual_information, f_stat",0.06626289964208455,0.08854464632590175,0.028955879946057125,0.06809841561089532,0.6369002154210283
intent_com.igexin.sdk.action.refreshls,0,0.17713148479327034,0.24314179301265787,189.3,291.22252660122297,"pearson_r, entropy_reduction_ratio, f_stat",0.09429884915838595,0.0,0.04499262669436673,0.08768358840843844,0.6586823597051605
intent_android.intent.action.USER_PRESENT,0,0.17698914913435423,0.23170008666812375,108.4,96.10327777968865,"pearson_r, mutual_information, f_stat",0.06771560692903457,0.07731888355055205,0.030582296739371573,0.07007901783774811,0.6392499406150649
perm_com.google.android.gms.permission.ACTIVITY_RECOGNITION,0,0.17614732323475146,0.24452856552993218,143.2,198.2325906605672,"pearson_r, f_stat, entropy_reduction_ratio",0.0838160545400129,0.0007763393610784817,0.04516433822090559,0.08995574972933248,0.6610241343224279
perm_com.android.launcher.permission.UNINSTALL_SHORTCUT,0,0.17588308772468264,0.2379406145869424,125.2,148.8937876474368,"pearson_r, f_stat, entropy_reduction_ratio",0.07433196180159109,0.03550433308537564,0.039240621995529384,0.07992359456609478,0.6504149271748223
intent_com.xiaomi.mipush.RECEIVE_MESSAGE,0,0.17366668622629972,0.22096813227500137,93.4,24.220652344641753,"pearson_r, mutual_information, f_stat",0.044454937168174564,0.14685750569013042,0.024071814407054533,0.045724667575649865,0.6072245062904892
intent_org.agoo.android.intent.action.ELECTION_RESULT_V4,0,0.17230860756224625,0.22018660021183445,94.8,20.123617964968425,"pearson_r, mutual_information, f_stat",0.040960234739181436,0.15186474561511107,0.022582169110452795,0.04300939091391437,0.6031264974325715
intent_com.sina.weibo.sdk.action.ACTION_SDK_REQ_ACTIVITY,0,0.17108612945726015,0.21964731518763747,99.0,18.547236990991408,"pearson_r, mutual_information, f_stat",0.038861604458860395,0.15375008534063764,0.021446742348202763,0.04114308866845087,0.600229126470149
intent_safiap.framework.ACTION_CANCEL_NOTIFICATION,0,0.1691481739165693,0.21630803550865535,102.6,17.76063061943466,"pearson_r, mutual_information, entropy_reduction_ratio",0.0372838180630916,0.16884882175332308,0.017997050677746693,0.033698007267475634,0.5879131718212095
perm_com.android.launcher.permission.WRITE_SETTINGS,0,0.16767941043511084,0.22847894289913198,115.6,94.25200263124385,"pearson_r, mutual_information, f_stat",0.054370760433022615,0.07281320297019744,0.02978373851423218,0.05762717340251953,0.6238021768555824
intent_com.xiaomi.mipush.ERROR,0,0.16708971775855694,0.22215442333671878,106.0,46.57467122803982,"pearson_r, mutual_information, f_stat",0.044454937168174564,0.11397266335141652,0.024071814407054533,0.045724667575649865,0.6072245062904892
perm_android.permission.WRITE_SMS,0,0.16629837156230284,0.2390927570665134,142.2,176.91738184813838,"pearson_r, f_stat, entropy_reduction_ratio",0.06811003383659621,0.011191967258935471,0.03701565958601078,0.07277925780694253,0.6423949393230293
perm_android.permission.READ_CALL_LOG,0,0.16607115659378846,0.2145517541013973,115.3,30.007665687287307,"pearson_r, mutual_information, f_stat",0.025565814410361945,0.1882926128844863,0.014245172944423382,0.02690361643339358,0.5753485662962771
intent_android.intent.action.PACKAGE_REMOVED,0,0.16551561795824568,0.23070154754079197,125.2,113.19787983880263,"pearson_r, f_stat, entropy_reduction_ratio",0.05699781480016794,0.05647628291959944,0.02817002514582879,0.059586899567715595,0.6263470673579167
intent_com.baidu.location.service_v2.2,0,0.16476441193280006,0.2164917094934609,110.8,19.009471323527123,"pearson_r, mutual_information, entropy_reduction_ratio",0.0372838180630916,0.14693001183447676,0.017997050677746693,0.033698007267475634,0.5879131718212095
suspicious_Ldalvik/system/DexClassLoader;,0,0.163849066056326,0.22430754622342244,129.8,63.644009930236166,"pearson_r, mutual_information, entropy_reduction_ratio",0.05239913563033856,0.10889957239356743,0.004519728727752876,0.04591690843400793,0.6075099850959631
intent_com.igexin.sdk.action.pushmanager,0,0.16371252510147732,0.23876557678966182,198.7,286.56929353997435,"pearson_r, entropy_reduction_ratio, f_stat",0.07514523395561383,0.0,0.035994101355493385,0.06920530035402815,0.6382179898422513
perm_android.permission.GET_ACCOUNTS,0,0.16255714320716913,0.23245786343385005,137.4,125.5907639916248,"pearson_r, entropy_reduction_ratio, f_stat",0.060234982998029415,0.04508227369957502,0.021084099404881197,0.05978393485677016,0.6266004250765899
perm_android.permission.ACCESS_COARSE_UPDATES,0,0.1619358350068484,0.22144743837620592,118.2,60.932421583258936,"pearson_r, mutual_information, entropy_reduction_ratio",0.04669424765083704,0.09590161185721466,0.022496313347183366,0.0423996324625006,0.6021873697165064
perm_com.xiaomi.permission.AUTH_SERVICE,0,0.16193049418323038,0.2129617703932199,119.4,24.65441136997596,"pearson_r, mutual_information, entropy_reduction_ratio",0.02790948292750224,0.17137552557846605,0.013497788008310023,0.02510939145794894,0.5717602829439247
intent_com.google.android.gms.gcm.ACTION_TASK_READY,0,0.1616397450197383,0.09519795378337464,227.6,380.21709588076124,"pearson_r, mutual_information, entropy_reduction_ratio",0.1295669541241596,0.27119056642387224,0.04225866409870479,0.08998071376035091,0.27520182669160403
intent_android.intent.action.ACTION_POWER_DISCONNECTED,0,0.16114692123683247,0.22410701296556598,124.4,75.21861471736901,"pearson_r, mutual_information, f_stat",0.045005504356198094,0.08716408461417113,0.02047585846306953,0.04578101431158303,0.6073081444391406
intent_safiap.framework.ACTION_TO_INSTALL,0,0.1608730846211049,0.21695167427048967,118.6,30.07058363251369,"pearson_r, mutual_information, entropy_reduction_ratio",0.0372838180630916,0.12747337527600108,0.017997050677746693,0.033698007267475634,0.5879131718212095
perm_android.permission.SEND_SMS,0,0.16001007741593476,0.22765958517279233,126.2,102.96484837069397,"pearson_r, mutual_information, f_stat",0.04810662054034091,0.060521098756672956,0.02571653264814241,0.05094897180535953,0.614757163329158
intent_org.android.agoo.client.ElectionReceiverService,0,0.15979392241978368,0.22275615654889278,123.4,71.14098677977415,"pearson_r, mutual_information, f_stat",0.040960234739181436,0.08929131990279825,0.022582169110452795,0.04300939091391437,0.6031264974325715
perm_com.android.launcher2.permission.UNINSTALL_SHORTCUT,0,0.15943116573464478,0.2063240052070995,167.0,69.11439792112785,"pearson_r, mutual_information, entropy_reduction_ratio",0.00926787410935035,0.2472870507428595,0.004499262669436673,0.00826249181740238,0.5278391493341749
perm_android.permission.READ_SMS,0,0.15917869422657532,0.23014851011729745,135.8,126.9226536123477,"pearson_r, f_stat, entropy_reduction_ratio",0.05117542097609761,0.04462600920106325,0.026912436672451693,0.05409122377705189,0.6190883805062123
intent_com.baidu.autoupdatesdk.ACTION_NEW_AS,0,0.15862557076053863,0.2129177670213587,125.0,18.35211159512714,"pearson_r, mutual_information, entropy_reduction_ratio",0.02790948292750224,0.15485090846500718,0.013497788008310023,0.02510939145794894,0.5717602829439247
suspicious_getWifiState,0,0.158377119903394,0.2387783714123483,205.9,283.10146590930964,"pearson_r, f_stat, entropy_reduction_ratio",0.06225261089941102,0.0,0.030729195400541743,0.06533995853144434,0.6335638346855729
perm_com.android.launcher2.permission.READ_SETTINGS,0,0.15704836854082754,0.21141977226592593,129.0,28.572714256787016,"pearson_r, mutual_information, f_stat",0.02025250324679104,0.1695517142695109,0.011291084555226398,0.02104419062640212,0.5631023500062072
intent_safiap.framework.ACTION_SET_TIMER,0,0.1569030826395405,0.2177068360347709,127.6,46.21082124351395,"pearson_r, mutual_information, entropy_reduction_ratio",0.0372838180630916,0.10762336536817903,0.017997050677746693,0.033698007267475634,0.5879131718212095
intent_com.baidu.autoupdatesdk.ACTION_DOWNLOAD_COMPLETE,0,0.1565938691717814,0.21299254619237343,129.8,17.440183485273312,"pearson_r, mutual_information, entropy_reduction_ratio",0.02790948292750224,0.1446924005212211,0.013497788008310023,0.02510939145794894,0.5717602829439247
intent_safiap.GET_SHARED_DATA,0,0.15621000355523637,0.2178680733227827,128.6,48.08575672691447,"pearson_r, mutual_information, entropy_reduction_ratio",0.0372838180630916,0.10415796994665852,0.017997050677746693,0.033698007267475634,0.5879131718212095
suspicious_getSimCountryIso,0,0.1553466808918477,0.2273333621738908,142.0,97.1740706155711,"pearson_r, mutual_information, entropy_reduction_ratio",0.049470116425262944,0.061090344239995244,0.01065230030054205,0.04676317496068317,0.608757468532755
intent_com.umeng.message.unregistercallback.action,0,0.15516141391435267,0.21566520171439427,128.6,29.32984827782101,"pearson_r, mutual_information, f_stat",0.02803883049780128,0.12386530971397142,0.015471654710671127,0.029015485670767543,0.5794157889785521
intent_android.intent.action.CLOSE_SYSTEM_DIALOGS,0,0.15353292529132728,0.20854067650203958,144.2,36.68187563361503,"pearson_r, mutual_information, entropy_reduction_ratio",0.018570935707383038,0.17080557597037582,0.008998525338873346,0.016631596998392895,0.5526579924416114
perm_android.permission.RECEIVE_SMS,0,0.1529185567596936,0.22887665384857644,147.6,134.615898020999,"pearson_r, f_stat, entropy_reduction_ratio",0.04548253413386565,0.036935774973051304,0.023943260220760463,0.04786600239478362,0.6103652120760069
perm_com.fx.launcher.permission.READ_SETTINGS,0,0.15213953191285798,0.19442626106919833,521.8,252.7848096702015,"pearson_r, mutual_information, entropy_reduction_ratio",0.0,0.2925719074541098,0.0,0.0,0.4681257521101801
intent_android.intent.action.SEND,0,0.1518005276369996,0.10996344330168643,238.8,369.74337046118893,"pearson_r, mutual_information, entropy_reduction_ratio",0.0945943792916849,0.2644889403510677,0.03194102095334601,0.06556183661771989,0.3024164609711796
intent_org.android.agoo.client.MessageReceiverService,0,0.15065045883052072,0.22497345634587387,149.6,108.87166757242215,"pearson_r, mutual_information, f_stat",0.038822804918977424,0.05181087011276397,0.0213399949248161,0.04110668852978963,0.6001719356662566
intent_safiap.framework.ACTION_CHECK_UPDATE,0,0.1494137552665902,0.21990627645715535,146.6,82.84105262489123,"pearson_r, mutual_information, entropy_reduction_ratio",0.0372838180630916,0.07017672850342759,0.017997050677746693,0.033698007267475634,0.5879131718212095
perm_android.permission.READ_SETTINGS,0,0.14880891680456898,0.21583923642505337,143.8,47.93495592988482,"pearson_r, mutual_information, f_stat",0.026056546057886158,0.0998625427152931,0.014539721313555303,0.027354751197383582,0.5762310227387267
intent_safiap.framework.ACTION_NETWORK_ERROR,0,0.1485358262491337,0.20836619557632052,154.0,23.862103846894975,"pearson_r, mutual_information, entropy_reduction_ratio",0.018570935707383038,0.14582008075940786,0.008998525338873346,0.016631596998392895,0.5526579924416114
perm_android.permission.DISABLE_KEYGUARD,0,0.1484649985308359,0.2107305969850054,147.2,21.027600909281116,"pearson_r, mutual_information, f_stat",0.019189775786156903,0.1332858328649945,0.010143026642821802,0.019686351179524695,0.5600200061806815
perm_android.permission.BATTERY_STATS,0,0.1483692081748717,0.21563665030135323,147.1,46.95039935932388,"pearson_r, mutual_information, f_stat",0.025565814410361945,0.09978287078990258,0.014245172944423382,0.02690361643339358,0.575348566296277
intent_android.fbreader.action.PLUGIN_CRASH,0,0.14821790260667803,0.19173325288037632,522.6,251.21910755354577,"pearson_r, mutual_information, entropy_reduction_ratio",0.0,0.27296376092320995,0.0,0.0,0.4681257521101801
intent_com.inmobi.share.id,0,0.1481372184627583,0.2314844990344778,162.6,164.44889783759572,"pearson_r, f_stat, entropy_reduction_ratio",0.04548253413386565,0.01302908348837486,0.023943260220760463,0.04786600239478362,0.6103652120760069
perm_android.permission.REORDER_TASKS,0,0.14732890401907828,0.23334139638028298,168.0,184.1086635658409,"pearson_r, f_stat, entropy_reduction_ratio",0.0467942959942183,0.0018182715792985167,0.025757261442475872,0.04952614713619791,0.6127485439432008
intent_org.agoo.android.intent.action.PING_V4,0,0.14702267281280718,0.2281962690665677,160.8,144.99434471730268,"pearson_r, f_stat, entropy_reduction_ratio",0.040960234739181436,0.02543507186791573,0.022582169110452795,0.04300939091391437,0.6031264974325715
intent_android.intent.action.SIG_STR,0,0.14612686319953588,0.20845327565648972,158.4,21.698847895683308,"pearson_r, mutual_information, entropy_reduction_ratio",0.018570935707383038,0.1337752655114186,0.008998525338873346,0.016631596998392895,0.5526579924416114
intent_com.qihoo.appstore.launcher.shortcut.EBOOK,0,0.14601276818310674,0.1903442354226966,523.6,249.26259246024063,"pearson_r, mutual_information, entropy_reduction_ratio",0.0,0.2619380888053536,0.0,0.0,0.4681257521101801
perm_com.google.android.googleapps.permission.GOOGLE_AUTH.knol,0,0.14533689584891152,0.18993697306795457,523.8,248.8713723994787,"pearson_r, mutual_information, entropy_reduction_ratio",0.0,0.2585587271343775,0.0,0.0,0.4681257521101801
perm_android.permission.RECORD_VIDEO,0,0.14275551263540548,0.23031201098420587,225.1,273.5372735113078,"pearson_r, entropy_reduction_ratio, f_stat",0.04669424765083704,0.0,0.022496313347183366,0.0423996324625006,0.6021873697165064
perm_com.samsung.android.providers.context.permission.WRITE_RECORD_AUDIO,0,0.1424091886126537,0.18827474304151423,525.0,246.52464379854604,"pearson_r, mutual_information, entropy_reduction_ratio",0.0,0.24392019095308842,0.0,0.0,0.4681257521101801
intent_com.qihoo360.mobilesafe.pcdaemon.sms.restore.end,0,0.1421418711034436,0.18813131946952635,525.2,246.13362224612874,"pearson_r, mutual_information, entropy_reduction_ratio",0.0,0.24258360340703777,0.0,0.0,0.4681257521101801
intent_com.android.utils.hades.ACTION_UPDATE_SYS_WRAPPER,0,0.14186306664168286,0.2017850979636786,179.6,47.02595028279599,"pearson_r, mutual_information, entropy_reduction_ratio",0.00926787410935035,0.15944655527805013,0.004499262669436673,0.00826249181740238,0.5278391493341749
intent_com.baidu.android.pushservice.action.MESSAGE,0,0.1416698767037105,0.20890746481304107,167.6,27.66297164080533,"pearson_r, mutual_information, entropy_reduction_ratio",0.018570935707383038,0.11149033303229196,0.008998525338873346,0.016631596998392895,0.5526579924416114
intent_android.intent.action.SERVICE_STATE,0,0.14160210274309218,0.1878460226530325,525.6,245.3516659817088,"pearson_r, mutual_information, entropy_reduction_ratio",0.0,0.23988476160528074,0.0,0.0,0.4681257521101801
intent_com.qihoo.appstore.battery.NOTIFY,0,0.14064227897888065,0.1873529962664738,526.0,244.56982642999932,"pearson_r, mutual_information, entropy_reduction_ratio",0.0,0.23508564278422317,0.0,0.0,0.4681257521101801
intent_com.sogou.androidtool.action.wap,0,0.14054404359305417,0.18730357297773345,526.2,244.17895077176493,"pearson_r, mutual_information, entropy_reduction_ratio",0.0,0.23459446585509078,0.0,0.0,0.4681257521101801
intent_org.agoo.android.intent.action.RECEIVE,0,0.14028828480796796,0.23041471458942325,230.9,270.768979020862,"pearson_r, f_stat, entropy_reduction_ratio",0.038822804918977424,0.0,0.0213399949248161,0.04110668852978963,0.6001719356662566
intent_com.umeng.message.autoupdate.handler.action,0,0.1400694250784231,0.21992542519910274,169.2,105.5469563748761,"pearson_r, mutual_information, f_stat",0.02803883049780128,0.048405365534323556,0.015471654710671127,0.029015485670767543,0.5794157889785521
intent_com.kingroot.common.ACTION_SWITCH_IN_DESKTOP,0,0.14002184747279392,0.1870440955340452,526.4,243.7881047139093,"pearson_r, mutual_information, entropy_reduction_ratio",0.0,0.23198348525378945,0.0,0.0,0.4681257521101801
intent_safiap.framework.ACTION_NETWORK_ERROR_FRAMEWORK,0,0.1395286587087034,0.20926038821669338,174.6,31.699211346656558,"pearson_r, mutual_information, entropy_reduction_ratio",0.018570935707383038,0.10078424305725636,0.008998525338873346,0.016631596998392895,0.5526579924416113
intent_android.intent.action.CREATE_SHORTCUT,0,0.13934708641107746,0.18821113301841327,256.2,113.2367431534482,"pearson_r, mutual_information, entropy_reduction_ratio",8.430106890801298e-05,0.222507294936373,4.2883264682757e-05,8.017925076418109e-05,0.4740207735346593
perm_android.permission.MOUNT_FORMAT_FILESYSTEMS,0,0.1393073148515161,0.20162706952178716,185.4,38.17643252060098,"pearson_r, mutual_information, entropy_reduction_ratio",0.00926787410935035,0.1466677963272162,0.004499262669436673,0.00826249181740238,0.5278391493341749
intent_safiap.framework.ACTION_NETWORK_ERROR_IAP,0,0.13867775464566776,0.2094247879046191,176.4,34.73384516577455,"pearson_r, mutual_information, entropy_reduction_ratio",0.018570935707383038,0.09652972274207827,0.008998525338873346,0.016631596998392895,0.5526579924416113
intent_show_setting_page,0,0.13830344501950018,0.1862290286023407,527.0,242.61574557311815,"pearson_r, mutual_information, entropy_reduction_ratio",0.0,0.22339147298732084,0.0,0.0,0.4681257521101801
intent_com.amir.nightjar.service.BUFFER_SERVICES,0,0.13790978453966285,0.1860507441012492,527.4,241.83432345306156,"pearson_r, mutual_information, entropy_reduction_ratio",0.0,0.2214231705881342,0.0,0.0,0.4681257521101801
perm_com.google.android.launcher.permission.WRITE_SETTINGS,0,0.13782661668408586,0.1860134828170745,527.6,241.44365802397874,"pearson_r, mutual_information, entropy_reduction_ratio",0.0,0.22100733131024908,0.0,0.0,0.4681257521101801
perm_com.android.launcher3.permission.READ_SETTINGS,0,0.13774388239442317,0.2129169295535755,172.6,64.55416330493333,"pearson_r, mutual_information, f_stat",0.019123994892778506,0.07794389174531381,0.010723371174101382,0.020056743729120127,0.560871410430802
intent_com.igexin.sdk.action.service.message,0,0.13774318080428385,0.22528440447663983,184.3,153.98428491245463,"pearson_r, entropy_reduction_ratio, f_stat",0.0372838180630916,0.011823856191895955,0.017997050677746693,0.033698007267475634,0.5879131718212094
suspicious_getPackageInfo,0,0.13773553640179675,0.18597283867885395,527.8,241.05302321273632,"pearson_r, mutual_information, entropy_reduction_ratio",0.0,0.2205519298988036,0.0,0.0,0.4681257521101801
intent_com.google.android.gms.appinvite.ACTION_PREVIEW,0,0.1372066316882266,0.08244586677266294,248.0,370.02216149847027,"pearson_r, mutual_information, entropy_reduction_ratio",0.13333476005988124,0.14755022863357123,0.0395914769580334,0.08232352431990828,0.283233168469739
perm_android.permission.ACCESS_DOWNLOAD_MANAGER,0,0.13671200064768813,0.2194891544889635,181.1,111.95329383274081,"pearson_r, mutual_information, f_stat",0.025565814410361945,0.04149683315398486,0.014245172944423382,0.02690361643339358,0.575348566296277
perm_android.permission.FOREGROUND_SERVICE,0,0.13582757934979087,0.10852915262057503,250.6,360.7351382940121,"pearson_r, mutual_information, entropy_reduction_ratio",0.07387740536923296,0.20755434118377633,0.027220179415524563,0.05634185972691559,0.3141441110535049
intent_io.intercom.android.sdk.INTERCOM_PUSH_OPENED,0,0.1354666020062569,0.16001370161815076,311.8,318.7088953888799,"pearson_r, mutual_information, entropy_reduction_ratio",0.01819077729036322,0.2421446927334949,0.005655925279719057,0.010504190428827994,0.4008374242988794
intent_safiap.framework.ACTION_TO_INSTALL_IAP,0,0.1353784095659047,0.22665165401300905,239.1,266.7051555557185,"pearson_r, entropy_reduction_ratio, f_stat",0.0372838180630916,0.0,0.017997050677746693,0.033698007267475634,0.5879131718212095
intent_safiap.framework.ACTION_START_DOWNLOAD,0,0.1353784095659047,0.22665165401300905,239.1,266.7051555557185,"pearson_r, entropy_reduction_ratio, f_stat",0.0372838180630916,0.0,0.017997050677746693,0.033698007267475634,0.5879131718212095
perm_android.permission.ACCESS_SUPERUSER,0,0.1353784095659047,0.22665165401300905,239.1,266.7051555557185,"pearson_r, entropy_reduction_ratio, f_stat",0.0372838180630916,0.0,0.017997050677746693,0.033698007267475634,0.5879131718212095
intent_com.aspire.purchaseservice.BIND,0,0.1353784095659047,0.22665165401300905,239.1,266.7051555557185,"pearson_r, entropy_reduction_ratio, f_stat",0.0372838180630916,0.0,0.017997050677746693,0.033698007267475634,0.5879131718212095
intent_android.intent.action.DATA_SMS_RECEIVED,0,0.13537840956590466,0.226651654013009,240.4,265.9167914968891,"pearson_r, entropy_reduction_ratio, f_stat",0.0372838180630916,0.0,0.017997050677746693,0.033698007267475634,0.5879131718212094
intent_com.baidu.android.pushservice.action.RECEIVE,0,0.13516827641084012,0.21024709924284465,185.2,56.70238090239245,"pearson_r, mutual_information, entropy_reduction_ratio",0.018570935707383038,0.07898233156793984,0.008998525338873346,0.016631596998392895,0.5526579924416114
perm_android.permission.PACKAGE_USAGE_STATS,0,0.1351582709823691,0.22033441928112557,183.8,122.45880940136566,"pearson_r, mutual_information, f_stat",0.02572895085124638,0.03307209910563185,0.014269317089283418,0.0270619139089693,0.5756590739567146
suspicious_Landroid/telephony/SmsMessage;->getMessageBody,0,0.13514023056422117,0.1951769952473669,221.8,71.89547969100701,"pearson_r, mutual_information, entropy_reduction_ratio",0.0032956733352403605,0.16204548902101482,0.0016646894362869129,0.003223299700063381,0.5054720013285005
intent_com.xiaomi.mipush.MESSAGE_ARRIVED,0,0.1346366657763495,0.20739369046189668,189.8,35.498732371734064,"pearson_r, mutual_information, f_stat",0.012912037318707648,0.09527432217444012,0.007269860656777652,0.013468244385477607,0.5442588643463445
intent_com.umeng.messge.registercallback.action,0,0.13461645355315607,0.22734770369025278,240.5,266.38693661664416,"pearson_r, f_stat, entropy_reduction_ratio",0.032347734867262334,0.0,0.01796219035224345,0.03412174139732365,0.588650601148951
intent_com.umeng.message.message.handler.action,0,0.13461645355315607,0.22734770369025278,240.5,266.38693661664416,"pearson_r, f_stat, entropy_reduction_ratio",0.032347734867262334,0.0,0.01796219035224345,0.03412174139732365,0.588650601148951
perm_com.sonyericsson.home.permission.BROADCAST_BADGE,0,0.13444108739253763,0.09003600019079137,250.2,367.335486987032,"pearson_r, mutual_information, entropy_reduction_ratio",0.11668698451891735,0.15377527079443595,0.03487820589160085,0.07133809502373305,0.29552688073400085
intent_android.intent.action.EXTERNAL_APPLICATIONS_AVAILABLE,0,0.13404407219978404,0.19094675875563002,243.6,92.23578481262031,"pearson_r, mutual_information, f_stat",0.0011945936994253693,0.17610593492507556,0.0006615291728439307,0.0012127308266047334,0.49104557237497054
perm_android.permission.ACCESS_DOWNLOAD_MANAGER_ADVANCED,0,0.1338636045242805,0.2017222705464263,195.8,27.91701989826278,"pearson_r, mutual_information, entropy_reduction_ratio",0.00926787410935035,0.11944924469103826,0.004499262669436673,0.00826249181740238,0.5278391493341749
intent_com.datouniao.AdPublisher.service.check,0,0.13361089434031945,0.21068590475376392,188.0,61.91445711625032,"pearson_r, mutual_information, entropy_reduction_ratio",0.018570935707383038,0.07119542121533662,0.008998525338873346,0.016631596998392895,0.5526579924416114
perm_android.permission.ACCESS_WIFI_STATE.android.permission.READ_PHONE_STATE,0,0.13296815431726824,0.1840846915762003,529.2,238.31944947905532,"pearson_r, mutual_information, entropy_reduction_ratio",0.0,0.19671501947616113,0.0,0.0,0.4681257521101801
intent_show_taskmanagerwhitelist,0,0.13251885794898266,0.18393123354014684,529.6,237.53871263438302,"pearson_r, mutual_information, entropy_reduction_ratio",0.0,0.19446853763473318,0.0,0.0,0.4681257521101801
intent_android.intent.action.PUSH_NOTIFY_ALARM,0,0.1324131178991801,0.183895737500906,529.8,237.1483923622507,"pearson_r, mutual_information, entropy_reduction_ratio",0.0,0.19393983738572032,0.0,0.0,0.4681257521101801
perm_cn.nubia.launcher.permission.WRITE_SETTINGS,0,0.13231566330347022,0.18386323215218747,530.0,236.75810440194016,"pearson_r, mutual_information, entropy_reduction_ratio",0.0,0.193452564407171,0.0,0.0,0.4681257521101801
perm_android.permission.UPDATE_DEVICE_STATS,0,0.13230693312867828,0.21108795899624488,191.6,68.70545829844963,"pearson_r, mutual_information, entropy_reduction_ratio",0.018570935707383038,0.06467561515713073,0.008998525338873346,0.016631596998392895,0.5526579924416114
perm_com.yulong.android.launcher.permission.READ_SETTINGS,0,0.13228009534771212,0.18385141872876534,530.2,236.36784891351022,"pearson_r, mutual_information, entropy_reduction_ratio",0.0,0.19327472462838055,0.0,0.0,0.4681257521101801
perm_android.permission.EXPAND_STATUS_BAR,0,0.131924293379929,0.21621809522089308,190.0,104.9275940827769,"pearson_r, mutual_information, f_stat",0.020468877696387364,0.04259902599279898,0.011289601899592076,0.021390980677236878,0.5638729806336298
intent_android.intent.action,0,0.13183422320914473,0.1837056007987743,530.6,235.58743599776284,"pearson_r, mutual_information, entropy_reduction_ratio",0.0,0.1910453639355435,0.0,0.0,0.4681257521101801
intent_android.intent.action.CHINAMOBILE_OMS_GAME,0,0.13177252208884177,0.21126181543232966,192.2,69.84525753406598,"pearson_r, mutual_information, entropy_reduction_ratio",0.018570935707383038,0.06200355995794824,0.008998525338873346,0.016631596998392895,0.5526579924416114
intent_com.qihoo.appstore.APPWATCHER_CHANGE_TIME,0,0.13170521527341145,0.18366419608337795,530.8,235.19727889582396,"pearson_r, mutual_information, entropy_reduction_ratio",0.0,0.19040032425687717,0.0,0.0,0.4681257521101801
intent_com.urbanairship.push.OPENED,0,0.1314582192383043,0.14436428407082286,289.6,332.75071750486126,"pearson_r, mutual_information, entropy_reduction_ratio",0.03355653892950773,0.21726533688001218,0.010369196346151605,0.019547705401234045,0.37655231863461597
perm_com.oppo.launcher.permission.WRITE_SETTINGS,0,0.1309651601149872,0.11198617914349775,258.0,354.06327118186096,"pearson_r, mutual_information, entropy_reduction_ratio",0.07762388588085481,0.17919913896854722,0.023566355332162735,0.04638249244890724,0.3280539279444642
perm_com.google.android.googleapps.permission.GOOGLE_AUTH.sitemaps,0,0.13081453061542594,0.18338798361248387,531.4,234.02700698850975,"pearson_r, mutual_information, entropy_reduction_ratio",0.0,0.18594690096694955,0.0,0.0,0.4681257521101801
intent_com.adroid.SERVICE,0,0.1307491834713545,0.21160939982422566,197.0,79.02784319466146,"pearson_r, mutual_information, entropy_reduction_ratio",0.018570935707383038,0.0568868668705118,0.008998525338873346,0.016631596998392895,0.5526579924416114
intent_com.mobiletool.appstore.action.wap,0,0.13042832243904995,0.18327346784531898,531.8,233.24699354975618,"pearson_r, mutual_information, entropy_reduction_ratio",0.0,0.1840158600850697,0.0,0.0,0.4681257521101801
intent_com.qihoo360.mobilesafe.clean.DOWNLOADDLG,0,0.13035924400042542,0.18325332088808446,532.0,232.8570376862164,"pearson_r, mutual_information, entropy_reduction_ratio",0.0,0.18367046789194702,0.0,0.0,0.4681257521101801
perm_com.google.android.googleapps.permission.GOOGLE_AUTH.groups2,0,0.12971882659055475,0.18307139941155043,532.2,232.4671159540635,"pearson_r, mutual_information, entropy_reduction_ratio",0.0,0.18046838084259376,0.0,0.0,0.4681257521101801
intent_com.meizu.cloud.pushservice.action.PUSH_SERVICE_START,0,0.12963505372158268,0.1830482517877738,532.4,232.0772285253338,"pearson_r, mutual_information, entropy_reduction_ratio",0.0,0.18004951649773326,0.0,0.0,0.4681257521101801
intent_com.huawei.intent.action.PUSH_STATE,0,0.1295878420377234,0.17374392445678838,366.5,279.32651145209974,"pearson_r, mutual_information, entropy_reduction_ratio",0.0030133077661957984,0.20146476441885822,0.0009426542132865095,0.0017251030041989385,0.4407933807860775
intent_com.qihoo360.daemon.pcdaemon.ACTION_START_DOWNLOAF_PAGE,0,0.1286889331688025,0.18279728318599822,533.0,230.90777379724574,"pearson_r, mutual_information, entropy_reduction_ratio",0.0,0.17531891373383243,0.0,0.0,0.4681257521101801
perm_com.android.browser.permission.READ_HISTORY_BOOKMARKS,0,0.12841263401689118,0.22367712903168172,255.2,259.0095751125815,"pearson_r, f_stat, entropy_reduction_ratio",0.025565814410361945,0.0,0.014245172944423382,0.02690361643339358,0.575348566296277
perm_com.sec.android.provider.badge.permission.WRITE,0,0.128132555214506,0.10040581949437463,256.8,358.71041244993154,"pearson_r, mutual_information, entropy_reduction_ratio",0.08534201753198091,0.156589655730945,0.029132438263661662,0.05921562342494045,0.310383041121002
intent_com.baidu.android.pushservice.action.METHOD,0,0.1280778253278328,0.21260693336106168,205.6,95.68510855927373,"pearson_r, mutual_information, entropy_reduction_ratio",0.018570935707383038,0.043530076152903226,0.008998525338873346,0.016631596998392895,0.5526579924416114
intent_com.baidu.autoupdatesdk.ACTION_AS_DOWNLOAD_COMPLETE,0,0.12765538906753718,0.22227097895136094,256.9,257.8717510701783,"pearson_r, entropy_reduction_ratio, f_stat",0.02790948292750224,0.0,0.013497788008310023,0.02510939145794894,0.5717602829439247
intent_com.baidu.autoupdatesdk.ACTION_NEW_UPDATE,0,0.12765538906753718,0.22227097895136094,256.9,257.8717510701783,"pearson_r, entropy_reduction_ratio, f_stat",0.02790948292750224,0.0,0.013497788008310023,0.02510939145794894,0.5717602829439247
intent_com.dzbook.service.PerpareDataService,0,0.12765538906753718,0.22227097895136094,256.9,257.8717510701783,"pearson_r, entropy_reduction_ratio, f_stat",0.02790948292750224,0.0,0.013497788008310023,0.02510939145794894,0.5717602829439247
perm_android.permission.BAIDU_LOCATION_SERVICE,0,0.12765538906753718,0.22227097895136094,256.9,257.8717510701783,"pearson_r, entropy_reduction_ratio, f_stat",0.02790948292750224,0.0,0.013497788008310023,0.02510939145794894,0.5717602829439247
intent_com.igexin.sdk.action.64kVIzqls49c7TJxrBbWG4,0,0.12765538906753718,0.22227097895136094,256.9,257.8717510701783,"pearson_r, entropy_reduction_ratio, f_stat",0.02790948292750224,0.0,0.013497788008310023,0.02510939145794894,0.5717602829439247
intent_com.ss.android.socialbase.downloader.remote,0,0.12765538906753718,0.22227097895136094,256.9,257.8717510701783,"pearson_r, entropy_reduction_ratio, f_stat",0.02790948292750224,0.0,0.013497788008310023,0.02510939145794894,0.5717602829439247
intent_com.qihoo.appstore.launcher.shortcut.APP_GROUP,0,0.1276190605662003,0.18253670582212345,533.6,229.73863410406184,"pearson_r, mutual_information, entropy_reduction_ratio",0.0,0.16996955072082134,0.0,0.0,0.4681257521101801
perm_com.huawei.launcher3.permission.READ_SETTINGS,0,0.1269355701084553,0.20269087655808937,214.8,42.13027415054405,"pearson_r, mutual_information, entropy_reduction_ratio",0.00926787410935035,0.08480907261191219,0.004499262669436673,0.00826249181740238,0.5278391493341749
intent_com.qihoo.appstore.stablenotification.NewsBroadcastReceiver,0,0.12682956511727364,0.182360278422068,534.4,228.18027960365023,"pearson_r, mutual_information, entropy_reduction_ratio",0.0,0.16602207347618808,0.0,0.0,0.4681257521101801
intent_com.qihoo.appstore.ACTION_UPDATE_LAST_WX_CLEAR,0,0.12673286225851368,0.18233959662329288,534.6,227.79078120064472,"pearson_r, mutual_information, entropy_reduction_ratio",0.0,0.16553855918238836,0.0,0.0,0.4681257521101801
intent_com.qihoo.appstore.ACTION_GAME_UNION_DESK,0,0.12647549384126583,0.18228554174470052,534.8,227.4013192573869,"pearson_r, mutual_information, entropy_reduction_ratio",0.0,0.16425171709614902,0.0,0.0,0.4681257521101801
intent_com.qihoo.appstore.plugin.share.IpluginService,0,0.12646945178549687,0.18228429000626856,535.0,227.01189396152793,"pearson_r, mutual_information, entropy_reduction_ratio",0.0,0.1642215068173043,0.0,0.0,0.4681257521101801
perm_com.google.android.providers.talk.permission.READ_ONLY,0,0.12643353302826946,0.18227686504304064,535.2,226.62250550199113,"pearson_r, mutual_information, entropy_reduction_ratio",0.0,0.16404191303116716,0.0,0.0,0.4681257521101801
perm_com.qihoo360.mobilesafe.news.permission.NEWS_SDK_BROADCAST,0,0.12630251154736255,0.18225001834059637,535.4,226.23315406898257,"pearson_r, mutual_information, entropy_reduction_ratio",0.0,0.1633868056266327,0.0,0.0,0.4681257521101801
perm_android.permission.BROADCAST_PACKAGE_INSTALL,0,0.12627777899482664,0.19563971101063865,230.8,38.687982630269055,"pearson_r, mutual_information, f_stat",0.003615116635561685,0.11413229588606541,0.0019845875185317925,0.0036724518272912778,0.507984443106683
intent_com.areametrics.areametricssdk.AMLocationUpdatesBroadcastReceiver.ACTION_PROCESS_UPDATES,0,0.12619615463235515,0.18222849966482793,535.6,225.84383985400177,"pearson_r, mutual_information, entropy_reduction_ratio",0.0,0.16285502105159563,0.0,0.0,0.4681257521101801
perm_com.asus.email.permission.ACCESS_PROVIDER,0,0.12612127656146357,0.18221349737766163,535.8,225.4545630498527,"pearson_r, mutual_information, entropy_reduction_ratio",0.0,0.16248063069713778,0.0,0.0,0.4681257521101801
perm_android.permission.USE_SIP,0,0.12610802171448549,0.1678958458543028,355.6,288.1573181440999,"pearson_r, mutual_information, entropy_reduction_ratio",0.006033962183842005,0.1897273616218577,0.001885308426573019,0.003460324031825083,0.4294331523083296
perm_android.permission.BACKUP,0,0.12603059644843975,0.18219549219847814,536.2,224.6761224518529,"pearson_r, mutual_information, entropy_reduction_ratio",0.0,0.1620272301320187,0.0,0.0,0.4681257521101801
intent_com.qihoo.appstore.gameunion.DOWNLOAD_SLIENT,0,0.1259822523054645,0.18218596618087657,536.4,224.286959050231,"pearson_r, mutual_information, entropy_reduction_ratio",0.0,0.16178550941714254,0.0,0.0,0.4681257521101801
intent_com.qihoo360.mobilesafe.pcdaemon.sms.restore.start,0,0.12596582326697878,0.1821827404743235,536.6,223.8978338439209,"pearson_r, mutual_information, entropy_reduction_ratio",0.0,0.16170336422471382,0.0,0.0,0.4681257521101801
intent_android.accessibilityservice.AccessibilityService,0,0.12585990680896322,0.19790638195317412,231.2,33.426935246893336,"pearson_r, mutual_information, f_stat",0.0048413286771966536,0.1026482712451008,0.0026461166913757227,0.004919761795940503,0.5142440556352024
intent_android.intent.action.DOWNLOAD_NOTIFY,0,0.1258360479894846,0.18215746648061343,536.8,223.50874703241482,"pearson_r, mutual_information, entropy_reduction_ratio",0.0,0.161054487837243,0.0,0.0,0.4681257521101801
intent_com.chance.service,0,0.1257703651076829,0.2029462841782473,216.8,45.25218226781997,"pearson_r, mutual_information, entropy_reduction_ratio",0.00926787410935035,0.0789830476080503,0.004499262669436673,0.00826249181740238,0.5278391493341749
perm_android.permission.BROADCAST_PACKAGE_CHANGED,0,0.12551029792155383,0.19569337109350687,233.8,36.05495805017668,"pearson_r, mutual_information, f_stat",0.003615116635561685,0.11029489051970146,0.0019845875185317925,0.0036724518272912778,0.507984443106683
intent_show_cpuad,0,0.12536634598622093,0.18206905484191063,537.4,222.34171898229084,"pearson_r, mutual_information, entropy_reduction_ratio",0.0,0.1587059778209246,0.0,0.0,0.4681257521101801
perm_me.everything.badger.permission.BADGE_COUNT_WRITE,0,0.12504605277059605,0.11405620688446495,268.4,347.4677538995525,"pearson_r, mutual_information, entropy_reduction_ratio",0.07123165886758807,0.15585682568236706,0.021681046905589724,0.04240519765509574,0.3340555347423396
perm_com.yulong.android.launcher.permission.WRITE_SETTINGS,0,0.12462369001874732,0.18193907532330686,538.4,220.39745915050835,"pearson_r, mutual_information, entropy_reduction_ratio",0.0,0.15499269798355647,0.0,0.0,0.4681257521101801
perm_com.zte.mifavor.launcher.permission.READ_SETTINGS,0,0.12459755108465834,0.18193471970869207,538.6,220.00872709963122,"pearson_r, mutual_information, entropy_reduction_ratio",0.0,0.15486200331311162,0.0,0.0,0.4681257521101801
perm_xvtian.gai.receiver,0,0.12458665947616283,0.1819329092079245,539.0,219.23138461452092,"pearson_r, mutual_information, entropy_reduction_ratio",0.0,0.1548075452706341,0.0,0.0,0.4681257521101801
perm_com.s.launcher.permission.WRITE_SETTINGS,0,0.12457574596371801,0.18193109766406476,539.2,218.84277461227728,"pearson_r, mutual_information, entropy_reduction_ratio",0.0,0.15475297770840996,0.0,0.0,0.4681257521101801
intent_com.qihoo.appstore.launcher.shortcut.VIDEOWALLPAPER,0,0.1245069555404406,0.18191973894179458,539.4,218.45420572742472,"pearson_r, mutual_information, entropy_reduction_ratio",0.0,0.15440902559202285,0.0,0.0,0.4681257521101801
perm_com.google.android.googleapps.permission.GOOGLE_AUTH.adwords,0,0.12398032739061926,0.18183620712561416,540.4,216.51198581140955,"pearson_r, mutual_information, entropy_reduction_ratio",0.0,0.15177588484291618,0.0,0.0,0.4681257521101801
intent_com.qihoo.appstore.activate,0,0.12379497823275161,0.1818082502878735,540.6,216.12366830127607,"pearson_r, mutual_information, entropy_reduction_ratio",0.0,0.15084913905357794,0.0,0.0,0.4681257521101801
perm_android.permission.MANAGE_USERS,0,0.12353496252302479,0.20351009641183826,222.0,53.91474751865208,"pearson_r, mutual_information, entropy_reduction_ratio",0.00926787410935035,0.06780603468475971,0.004499262669436673,0.00826249181740238,0.5278391493341749
perm_android.permission.FORCE_STOP_PACKAGES,0,0.12348029604518677,0.1817625072649337,541.0,215.3471615786937,"pearson_r, mutual_information, entropy_reduction_ratio",0.0,0.14927572811575382,0.0,0.0,0.4681257521101801
perm_android.permission.GET_PACKAGE_SIZE,0,0.12340448818136922,0.22036941888186762,265.1,253.990236032805,"pearson_r, f_stat, entropy_reduction_ratio",0.020468877696387364,0.0,0.011289601899592076,0.021390980677236878,0.5638729806336298
perm_,0,0.12331687625376006,0.18173960741426326,541.4,214.57082746729574,"pearson_r, mutual_information, entropy_reduction_ratio",0.0,0.14845862915862018,0.0,0.0,0.4681257521101801
intent_com.qihoo.appstore.battery.FREEZE_APP,0,0.12315372069058442,0.18171732814548222,541.8,213.79466784744656,"pearson_r, mutual_information, entropy_reduction_ratio",0.0,0.14764285134274197,0.0,0.0,0.4681257521101801
perm_android.permission.READ_CLIPS,0,0.12306353860290846,0.18170526386902902,542.2,213.01868462649,"pearson_r, mutual_information, entropy_reduction_ratio",0.0,0.14719194090436216,0.0,0.0,0.4681257521101801
perm_android.permission.ACCESS_MOCK_LOCATION,0,0.12301611463345004,0.2148490266819445,221.2,126.2725623403596,"pearson_r, entropy_reduction_ratio, mutual_information",0.018570935707383038,0.018221522680989467,0.008998525338873346,0.016631596998392895,0.5526579924416114
intent_com.kingroot.kinguser.service.IKingrootAppList,0,0.12294270041462116,0.1816893779513368,543.0,211.46725514840352,"pearson_r, mutual_information, entropy_reduction_ratio",0.0,0.14658774996292567,0.0,0.0,0.4681257521101801
intent_android.intent.action.MY_PACKAGE_REPLACED,0,0.12277519897896419,0.08521858573567682,269.6,362.71564620236603,"pearson_r, mutual_information, entropy_reduction_ratio",0.10305588092784512,0.10818401202848345,0.03689519025184855,0.08013042752240968,0.2856104841642342
intent_com.mobiletool.appstore.action.topicdetail,0,0.12273360742897568,0.18166264589022893,543.4,210.69181284520764,"pearson_r, mutual_information, entropy_reduction_ratio",0.0,0.14554228503469832,0.0,0.0,0.4681257521101801
intent_android.net.wifi.WIFI_STATE_CHANGED,0,0.12259645504921761,0.18443858956926534,272.0,77.5087091880648,"pearson_r, mutual_information, entropy_reduction_ratio",0.00015033006147736173,0.13661689694979096,7.504571319482442e-05,0.00014294857359595307,0.475997053948029
intent_com.qihoo.appstore.plugin.battery.setPowerRankConfig,0,0.12250449640950083,0.1816344555433177,543.8,209.91655484977835,"pearson_r, mutual_information, entropy_reduction_ratio",0.0,0.14439672993732405,0.0,0.0,0.4681257521101801
intent_com.google.android.gms.analytics.ANALYTICS_DISPATCH,0,0.12239770058603354,0.0953872582958536,267.4,357.3931168895115,"pearson_r, mutual_information, entropy_reduction_ratio",0.0884844742558204,0.12410411422161802,0.03126095237465479,0.0648472042293985,0.303291757848676
intent_android.intent.action.SEARCH,0,0.12215535334414507,0.08198730963719833,278.6,365.23340482491466,"pearson_r, entropy_reduction_ratio, f_stat",0.11893688033634275,0.08602428013800839,0.04053297692497832,0.08694788144004063,0.27833474788135526
perm_android.permission.RECEIVE_MMS,0,0.12215510404536041,0.219476824587921,267.9,252.63618109843256,"pearson_r, f_stat, entropy_reduction_ratio",0.019123994892778506,0.0,0.010723371174101382,0.020056743729120127,0.560871410430802
intent_android.intent.action.BATTERY_CHANGED,0,0.12212667476754384,0.16657082043313043,358.4,285.45304342395787,"pearson_r, mutual_information, entropy_reduction_ratio",0.006033962183842005,0.1698206268871495,0.001885308426573019,0.003460324031825083,0.4294331523083296
intent_com.qihoo.appstore.reservation.alarm,0,0.12203347129416842,0.18158011817241967,544.0,209.52899560681334,"pearson_r, mutual_information, entropy_reduction_ratio",0.0,0.14204160436066193,0.0,0.0,0.4681257521101801
intent_com.qihoo.appstore.battery.START,0,0.12186362365339412,0.18156171964375892,544.4,208.75401792540424,"pearson_r, mutual_information, entropy_reduction_ratio",0.0,0.14119236615679048,0.0,0.0,0.4681257521101801
intent_com.qihoo.appstore.battery.STOP,0,0.12180595789568142,0.18155561717609614,544.6,208.3666000106543,"pearson_r, mutual_information, entropy_reduction_ratio",0.0,0.14090403736822701,0.0,0.0,0.4681257521101801
intent_android.net.conn.MEDIA_NOFS,0,0.12172092259525376,0.18154675163811493,544.8,207.97922973220187,"pearson_r, mutual_information, entropy_reduction_ratio",0.0,0.14047886086608866,0.0,0.0,0.4681257521101801
perm_android.permission.CHANGE_WIMAX_STATE,0,0.12164743496742184,0.18153921801997516,545.0,207.59190735671754,"pearson_r, mutual_information, entropy_reduction_ratio",0.0,0.14011142272692909,0.0,0.0,0.4681257521101801
intent_cn.ngds.android.intent.alarm,0,0.12153121467507293,0.18152754592022338,545.2,207.20463315283277,"pearson_r, mutual_information, entropy_reduction_ratio",0.0,0.1395303212651845,0.0,0.0,0.4681257521101801
intent_com.qihoo.appstore.floatwin.FloatWindowService,0,0.12152316795655937,0.18152674877088798,545.4,206.8174073911575,"pearson_r, mutual_information, entropy_reduction_ratio",0.0,0.13949008767261675,0.0,0.0,0.4681257521101801
intent_com.tencent.android.tpush.action.PUSH_MESSAGE,0,0.12140543475855,0.18151524827936533,545.6,206.43023034429817,"pearson_r, mutual_information, entropy_reduction_ratio",0.0,0.13890142168256991,0.0,0.0,0.4681257521101801
perm_org.adw.launcher_donut.permission.WRITE_SETTINGS,0,0.12140457263009571,0.1815151651882464,545.8,206.04310228687592,"pearson_r, mutual_information, entropy_reduction_ratio",0.0,0.13889711104029853,0.0,0.0,0.4681257521101801
perm_android.permission.REQUEST_INSTALL_PACKAGES,0,0.12120331117708132,0.20086243236963136,241.2,43.61375929680907,"pearson_r, mutual_information, entropy_reduction_ratio",0.006185274766479133,0.07077040822565696,0.0032079660510650255,0.006155974470621268,0.5196969323715842
perm_com.android.email.permission.READ_ATTACHMENT,0,0.1211258707283033,0.1814891607916914,546.0,205.65602349554462,"pearson_r, mutual_information, entropy_reduction_ratio",0.0,0.13750360153133642,0.0,0.0,0.4681257521101801
intent_com.qihoo.appstore.notification,0,0.12107443502679542,0.18148454828786956,546.2,205.26899424900975,"pearson_r, mutual_information, entropy_reduction_ratio",0.0,0.137246423023797,0.0,0.0,0.4681257521101801
intent_action.com.excelliance.install.plugin,0,0.12104895070712987,0.1814822845371712,546.4,204.88201482804683,"pearson_r, mutual_information, entropy_reduction_ratio",0.0,0.1371190014254693,0.0,0.0,0.4681257521101801
intent_com.qihoo.appstore.ACTION_CLEAR_CREATE_SHORTCUT,0,0.12094489785504987,0.1814731898644928,547.0,203.72137835779534,"pearson_r, mutual_information, entropy_reduction_ratio",0.0,0.13659873716506926,0.0,0.0,0.4681257521101801
intent_android.intent.action.BOOT_COMPLETED,0,0.1206923892004308,0.21938032841895977,284.5,246.41428530018302,"pearson_r, entropy_reduction_ratio, f_stat",0.020547551733591997,0.0,0.004442395177239952,0.019314674973959303,0.5591573241173627
perm_android.permission.SYSTEM_OVERLAY_WINDOW,0,0.12049079923058566,0.21243003698368326,232.2,115.90237271082935,"pearson_r, mutual_information, f_stat",0.013250170458047422,0.02274916994298302,0.007397822074995701,0.013819294489937576,0.5452375391869646
intent_android.intent.action.UMS_DISCONNECTED,0,0.12047764591363916,0.181435286985429,547.4,202.94787508126316,"pearson_r, mutual_information, entropy_reduction_ratio",0.0,0.13426247745801576,0.0,0.0,0.4681257521101801
intent_com.telecom.sdk_auth_ui.SMS_UNSUB_SEND_RESULT_ACTION,0,0.12027894849991463,0.18142062524801547,548.2,201.4014895674806,"pearson_r, mutual_information, entropy_reduction_ratio",0.0,0.13326899038939305,0.0,0.0,0.4681257521101801
perm_com.tsf.shell.permission.READ_SETTINGS,0,0.12020157835600939,0.1814151513163024,548.6,200.62861211701585,"pearson_r, mutual_information, entropy_reduction_ratio",0.0,0.13288213966986687,0.0,0.0,0.4681257521101801
perm_com.miui.mihome2.permission.READ_SETTINGS,0,0.12005963117979299,0.2045776723707129,232.4,72.62120902325987,"pearson_r, mutual_information, entropy_reduction_ratio",0.00926787410935035,0.05042937796860072,0.004499262669436673,0.00826249181740238,0.5278391493341749
perm_com.kingroot.kinguser.permission.activityCalled,0,0.11994288437604647,0.18139780607181852,548.8,200.24225328336675,"pearson_r, mutual_information, entropy_reduction_ratio",0.0,0.13158866977005232,0.0,0.0,0.4681257521101801
intent_androidx.work.impl.background.systemalarm.UpdateProxies,0,0.11980545748959799,0.12758752189258227,285.0,336.1993456269658,"pearson_r, mutual_information, entropy_reduction_ratio",0.04911538308637291,0.14884661915183792,0.015082467412584151,0.028867779573515603,0.35711503822367935
perm_com.sonyericsson.home.WRITE_SETTINGS,0,0.11968688408721566,0.18138209267568708,549.0,199.85594812264156,"pearson_r, mutual_information, entropy_reduction_ratio",0.0,0.13030866832589824,0.0,0.0,0.4681257521101801
intent_com.excelliance.kxqp.action.swpmain,0,0.11961163458884987,0.18137774842986706,549.2,199.46969694667908,"pearson_r, mutual_information, entropy_reduction_ratio",0.0,0.12993242083406928,0.0,0.0,0.4681257521101801
intent_aspire.iap.SMS_DELIVERED_ACTION,0,0.11959532783320373,0.18137682346995304,549.4,199.08350006969437,"pearson_r, mutual_information, entropy_reduction_ratio",0.0,0.1298508870558385,0.0,0.0,0.4681257521101801
intent_cn.jpush.android.intent.NOTIFICATION_RECEIVED_PROXY,0,0.11947129380709391,0.1829164293564105,284.4,76.43716373597336,"pearson_r, mutual_information, entropy_reduction_ratio",4.1632989240338554e-05,0.12498502239168921,2.14416323413785e-05,3.960185145013694e-05,0.47226877017074853
intent_com.tencent.android.tpush.action.INTERNAL_PUSH_MESSAGE,0,0.11938485434712007,0.18136541081970742,549.6,198.697357808301,"pearson_r, mutual_information, entropy_reduction_ratio",0.0,0.1287985196254203,0.0,0.0,0.4681257521101801
perm_android.permission.INSTALL_PACKAGES,0,0.11937181009725213,0.21674186236634543,281.5,245.95609364274756,"pearson_r, entropy_reduction_ratio, f_stat",0.018570935707383038,0.0,0.008998525338873346,0.016631596998392895,0.5526579924416114
perm_android.permission.ACCESS_MTK_MMHW,0,0.11937181009725213,0.21674186236634543,281.5,245.95609364274756,"pearson_r, entropy_reduction_ratio, f_stat",0.018570935707383038,0.0,0.008998525338873346,0.016631596998392895,0.5526579924416114
perm_android.permission.INTERACT_ACROSS_USERS,0,0.11937181009725213,0.21674186236634543,281.5,245.95609364274756,"pearson_r, entropy_reduction_ratio, f_stat",0.018570935707383038,0.0,0.008998525338873346,0.016631596998392895,0.5526579924416114
intent_com.baidu.android.pushservice.action.notification.SHOW,0,0.11937181009725213,0.21674186236634543,281.5,245.95609364274756,"pearson_r, entropy_reduction_ratio, f_stat",0.018570935707383038,0.0,0.008998525338873346,0.016631596998392895,0.5526579924416114
intent_com.baidu.android.pushservice.action.media.CLICK,0,0.11937181009725213,0.21674186236634543,281.5,245.95609364274756,"pearson_r, entropy_reduction_ratio, f_stat",0.018570935707383038,0.0,0.008998525338873346,0.016631596998392895,0.5526579924416114
intent_com.baidu.android.pushservice.action.BIND_SYNC,0,0.11937181009725213,0.21674186236634543,281.5,245.95609364274756,"pearson_r, entropy_reduction_ratio, f_stat",0.018570935707383038,0.0,0.008998525338873346,0.016631596998392895,0.5526579924416114
intent_com.baidu.android.pushservice.action.notification.CLICK,0,0.11937181009725213,0.21674186236634543,281.5,245.95609364274756,"pearson_r, entropy_reduction_ratio, f_stat",0.018570935707383038,0.0,0.008998525338873346,0.016631596998392895,0.5526579924416114
intent_android.intent.action.MEDIA_CHECKING,0,0.11921493944243138,0.18135690966164897,550.0,197.9252384108707,"pearson_r, mutual_information, entropy_reduction_ratio",0.0,0.1279489451019768,0.0,0.0,0.4681257521101801
intent_android.intent.action.MEDIA_MOUNTED,0,0.119185276186764,0.21726902972744822,282.5,246.17960922870927,"pearson_r, f_stat, entropy_reduction_ratio",0.016555010767204528,0.0,0.008838179297933476,0.016986365119185918,0.5535468257494961
intent_com.qihoo.appstore.battery.STABLE_NOTIFY,0,0.1181698240922012,0.18131861917529896,551.4,195.22458861526638,"pearson_r, mutual_information, entropy_reduction_ratio",0.0,0.12272336835082592,0.0,0.0,0.4681257521101801
perm_com.android.agedlauncher.permission.READ_SETTINGS,0,0.11801573471535362,0.18131501131507782,551.8,194.45349058322407,"pearson_r, mutual_information, entropy_reduction_ratio",0.0,0.12195292146658804,0.0,0.0,0.4681257521101801
perm_android.permission.MODE_WORLD_READABLE,0,0.11800428153584344,0.1813147640603898,552.0,194.06802930931204,"pearson_r, mutual_information, entropy_reduction_ratio",0.0,0.12189565556903706,0.0,0.0,0.4681257521101801
perm_android.permission.MODIFY_AUDIO_SETTINGS,0,0.11792084080107881,0.17586424720490762,403.0,247.29011302516727,"pearson_r, mutual_information, entropy_reduction_ratio",0.0004968545081911508,0.1344420634545421,0.00022889771124957748,0.00046214959733809324,0.4539742387340731
perm_android.permission.CHANGE_CONFIGURATION,0,0.11785752096864377,0.2162349797471174,292.1,240.77508176719616,"pearson_r, f_stat, entropy_reduction_ratio",0.01526051452060872,0.0,0.008188631046668192,0.015661591210352984,0.550176868065589
intent_com.qihoo.appstore.ACTION_STABLE_NOTIFICATION_CLICK,0,0.11770468645450531,0.18130932414546663,552.4,193.29728399540434,"pearson_r, mutual_information, entropy_reduction_ratio",0.0,0.12039768016234652,0.0,0.0,0.4681257521101801
perm_telecom.mdesk.permission.WRITE_SETTINGS,0,0.11769108900628682,0.18130912422148887,552.6,192.91200066351496,"pearson_r, mutual_information, entropy_reduction_ratio",0.0,0.120329692921254,0.0,0.0,0.4681257521101801
intent_com.taobao.accs.intent.action.START_FROM_AGOO,0,0.11767349288600182,0.19692647842606548,253.4,42.26156646410542,"pearson_r, mutual_information, f_stat",0.003615116635561685,0.07111086534194136,0.0019845875185317925,0.0036724518272912778,0.507984443106683
perm_com.huawei.launcher.permission.READ_SETTINGS,0,0.11767270030859175,0.20544395583826022,241.6,89.93909050018239,"pearson_r, mutual_information, entropy_reduction_ratio",0.00926787410935035,0.038494723612594504,0.004499262669436673,0.00826249181740238,0.5278391493341749
perm_com.huawei.android.launcher.permission.CHANGE_BADGE,0,0.11766498117550395,0.10764982257067358,281.0,347.04985232672266,"pearson_r, mutual_information, entropy_reduction_ratio",0.08083242818616367,0.10946415026058677,0.024509009545449243,0.04838996054693817,0.3251293573383819
intent_com.getui.gis.action.64kVIzqls49c7TJxrBbWG4,0,0.11760880644150044,0.1813080014380226,553.0,192.1416144410159,"pearson_r, mutual_information, entropy_reduction_ratio",0.0,0.11991828009732212,0.0,0.0,0.4681257521101801
intent_com.kingroot.master.action.TRAFFIC_STATISTICS,0,0.11744034294500753,0.18130616862433105,553.4,191.37147122808042,"pearson_r, mutual_information, entropy_reduction_ratio",0.0,0.1190759626148576,0.0,0.0,0.4681257521101801
intent_com.sogou.androidtool.action.sdk,0,0.1171607736933163,0.18130450871163142,553.6,190.9864916689136,"pearson_r, mutual_information, entropy_reduction_ratio",0.0,0.11767811635640137,0.0,0.0,0.4681257521101801
suspicious_Ljava/lang/Runtime;->exec,0,0.1171047394746032,0.1975311974106961,260.4,50.31341769349405,"pearson_r, mutual_information, entropy_reduction_ratio",0.004105386745404112,0.0676950227805166,0.0009025377344937602,0.0038558027034935813,0.5089649474091079
intent_safiap.framework.ACTION_TO_UPDATE,0,0.11697879297333429,0.18130435475827708,553.8,190.6015739704161,"pearson_r, mutual_information, entropy_reduction_ratio",0.0,0.11676821275649137,0.0,0.0,0.4681257521101801
perm_com.tencent.mm.ext.permission.READ,0,0.11690806294610567,0.18130449209534535,554.0,190.21671850812695,"pearson_r, mutual_information, entropy_reduction_ratio",0.0,0.1164145626203483,0.0,0.0,0.4681257521101801
intent_android.accounts.AccountAuthenticator,0,0.11677862350329324,0.14815488381901365,325.4,309.6201543827533,"pearson_r, mutual_information, entropy_reduction_ratio",0.01702354042550137,0.15439182937342508,0.007084058671886825,0.01350548745072508,0.3918882015949279
intent_com.amazon.device.messaging.intent.REGISTRATION,0,0.11666870738627781,0.15467982072765807,330.6,302.25062448239873,"pearson_r, mutual_information, entropy_reduction_ratio",0.01514037011691341,0.14800003127692132,0.0047132710664325485,0.00872759330611148,0.40676227116501035
intent_android.intent.action.QUICKBOOT_POWERON,0,0.11642607294969913,0.09334310562572509,280.8,357.4120311349354,"pearson_r, mutual_information, entropy_reduction_ratio",0.08879903977958455,0.09368965866205328,0.0323983487365141,0.06918100299615072,0.298062314574193
perm_com.facebook.permission.prod.SYSTEM_COMMUNICATION,0,0.11627611738979057,0.18131061746453664,555.4,187.52450506533808,"pearson_r, mutual_information, entropy_reduction_ratio",0.0,0.11325483483877276,0.0,0.0,0.4681257521101801
intent_com.qihoo.appstore.ACTION_CLEAN_STOP_SERVICE,0,0.11624597129038432,0.18131112983015965,555.6,187.14016137643998,"pearson_r, mutual_information, entropy_reduction_ratio",0.0,0.11310410434174147,0.0,0.0,0.4681257521101801
perm_com.tencent.mtt.extension.Player,0,0.11622068362897772,0.18131157508302512,555.8,186.75588344145947,"pearson_r, mutual_information, entropy_reduction_ratio",0.0,0.11297766603470855,0.0,0.0,0.4681257521101801
perm_com.sonyericsson.home.READ_SETTINGS,0,0.11621063831411516,0.18131175587089363,556.0,186.37167166712865,"pearson_r, mutual_information, entropy_reduction_ratio",0.0,0.11292743946039567,0.0,0.0,0.4681257521101801
intent_com.sogou.androidtool.action.service,0,0.11620078719160365,0.18131193532570675,556.2,185.98752646347012,"pearson_r, mutual_information, entropy_reduction_ratio",0.0,0.11287818384783811,0.0,0.0,0.4681257521101801
intent_com.qihoo360.daemon.pcdaemon.ACTION_START_OPERATE_AUTHOR,0,0.11618196603324145,0.18131228413702336,556.4,185.60344824382977,"pearson_r, mutual_information, entropy_reduction_ratio",0.0,0.1127840780560271,0.0,0.0,0.4681257521101801
perm_com.qihoo360.launcher.permission.READ_SETTINGS,0,0.11607850524303527,0.1813143411092334,556.6,185.21943742490961,"pearson_r, mutual_information, entropy_reduction_ratio",0.0,0.1122667741049963,0.0,0.0,0.4681257521101801
intent_android.intent.action.PACKAGE_REPLACED,0,0.11599285710139609,0.20854184634449638,238.2,113.78998198435572,"pearson_r, mutual_information, f_stat",0.009726831648171761,0.022592544351368444,0.004999044621820599,0.009733625726595158,0.5329122391590244
perm_android.permission.PREVENT_POWER_KEY,0,0.11580505893990863,0.1813209143782775,557.0,184.45161967301888,"pearson_r, mutual_information, entropy_reduction_ratio",0.0,0.11089954258936305,0.0,0.0,0.4681257521101801
perm_com.sec.android.app.twlauncher.settings.READ_SETTINGS,0,0.11578817021044782,0.18132137443712584,557.2,184.06781359053517,"pearson_r, mutual_information, entropy_reduction_ratio",0.0,0.110815098942059,0.0,0.0,0.4681257521101801
intent_com.kingroot.common.ACTION_NEW_APP_STARTED,0,0.11576516131754888,0.18132201133655393,557.4,183.68407660981393,"pearson_r, mutual_information, entropy_reduction_ratio",0.0,0.11070005447756436,0.0,0.0,0.4681257521101801
intent_com.excelliance.kxqp.action.SmtCntService,0,0.11570979463744105,0.18132359177258398,557.6,183.30040916484612,"pearson_r, mutual_information, entropy_reduction_ratio",0.0,0.11042322107702508,0.0,0.0,0.4681257521101801
intent_com.secneo.proxy.action.CUSTOM,0,0.11549180109062682,0.18133047150409762,558.2,182.14982843801965,"pearson_r, mutual_information, entropy_reduction_ratio",0.0,0.10933325334295406,0.0,0.0,0.4681257521101801
intent_android.appwidget.action.APPWIDGET_UPDATE,0,0.11546681622101831,0.11301057909449162,284.2,341.6380540864849,"pearson_r, mutual_information, entropy_reduction_ratio",0.05384860150844165,0.1273293474751843,0.021066413487938047,0.04503607664873232,0.3300536419847952
intent_com.yuetu.shentu.Intent.WECHAT_PAY,0,0.11538966309881951,0.18133405545560005,558.6,181.3831304173572,"pearson_r, mutual_information, entropy_reduction_ratio",0.0,0.10882256338391741,0.0,0.0,0.4681257521101801
perm_com.android.vending.BILLING,0,0.11536444634249994,0.08461256561478135,285.8,361.4882570706827,"pearson_r, entropy_reduction_ratio, f_stat",0.09622764468853726,0.08196842177181671,0.03331906360819337,0.08640432310146141,0.27890277854249096
perm_android.permission.UPDATE_APP_OPS_STATS,0,0.11535913726515079,0.21422381697599827,296.5,238.7157305248232,"pearson_r, f_stat, entropy_reduction_ratio",0.012691020921327395,0.0,0.007134658544641709,0.013269890817167267,0.5437001160426176
intent_com.tencent.mm.plugin.openapi.Intent.ACTION_REFRESH_WXAPP,0,0.11500325160769512,0.20477438888967955,257.6,89.02718685884668,"pearson_r, mutual_information, f_stat",0.006974657329978583,0.032879352060144945,0.0039101659311728335,0.0072347524212711895,0.524017330295908
intent_com.taobao.accs.intent.action.RECEIVE,0,0.11497796810983067,0.19763633965681698,260.8,52.6190079724048,"pearson_r, mutual_information, f_stat",0.003615116635561685,0.05763324146108563,0.0019845875185317925,0.0036724518272912778,0.507984443106683
perm_com.qiku.launcher.permission.WRITE_SETTINGS,0,0.11494135199360926,0.18135250703209282,559.4,179.85060466954232,"pearson_r, mutual_information, entropy_reduction_ratio",0.0,0.10658100785786621,0.0,0.0,0.4681257521101801
intent_com.qihoo.appstore.utils.ActivityBroadcastReceiver.ACTION_INTENT_TRANSFER,0,0.11473458926918631,0.1813625099770715,559.8,179.0847843899643,"pearson_r, mutual_information, entropy_reduction_ratio",0.0,0.10554719423575151,0.0,0.0,0.4681257521101801
intent_com.qihoo.appstore.stable_notification_broadcast,0,0.11469424203233233,0.18136457181265703,560.0,178.70198655862782,"pearson_r, mutual_information, entropy_reduction_ratio",0.0,0.10534545805148161,0.0,0.0,0.4681257521101801
perm_com.sonymobile.home.permission.PROVIDER_INSERT_BADGE,0,0.11453748245334969,0.1064892577917061,289.2,347.10194467908127,"pearson_r, mutual_information, entropy_reduction_ratio",0.08404931457560391,0.09052487794737309,0.025451663758735758,0.05041014139122422,0.3222514145938114
intent_com.qihoo.appstore.stablenotification.StableBroadcast,0,0.11442665805093358,0.18137915393786158,560.4,177.9366179289693,"pearson_r, mutual_information, entropy_reduction_ratio",0.0,0.10400753814448781,0.0,0.0,0.4681257521101801
perm_android.permission.BROADCAST_PACKAGE_ADDED,0,0.11421619239743867,0.19786311329269596,264.8,59.011524298225,"pearson_r, mutual_information, f_stat",0.003615116635561685,0.05382436289912564,0.0019845875185317925,0.0036724518272912778,0.507984443106683
intent_com.mobutils.android.mediation.MaterialNotificationReceiver.ACTION_CANCEL_NOTIFICATION,0,0.11420344654527356,0.18139252496065947,560.6,177.55404810930108,"pearson_r, mutual_information, entropy_reduction_ratio",0.0,0.10289148061618776,0.0,0.0,0.4681257521101801
intent_android.net.ConnectivityManager.CONNECTIVITY_ACTION,0,0.11408643340051308,0.13113996927958413,303.6,326.6172683738568,"pearson_r, mutual_information, entropy_reduction_ratio",0.042868361248916735,0.12476226471243435,0.013197158986011133,0.02510575943938828,0.36449862261581484
intent_com.kingroot.common.ACTION_TOP_APP_CHANGED,0,0.11406354196038257,0.18140146525474976,561.0,176.7891399379498,"pearson_r, mutual_information, entropy_reduction_ratio",0.0,0.10219195769173274,0.0,0.0,0.4681257521101801
intent_aspire.iap.SMS_SEND_ACTIOIN,0,0.11400182723944004,0.1814055460409573,561.2,176.40680258992282,"pearson_r, mutual_information, entropy_reduction_ratio",0.0,0.10188338408702009,0.0,0.0,0.4681257521101801
intent_com.qihoo.appstore.clipboard.change,0,0.11397856055419346,0.1814071062879772,561.4,176.0245437431951,"pearson_r, mutual_information, entropy_reduction_ratio",0.0,0.1017670506607872,0.0,0.0,0.4681257521101801
perm_com.smartisanos.launcher.WRITE_DATABASE,0,0.11392586641135923,0.1814106839978321,561.6,175.64236391030497,"pearson_r, mutual_information, entropy_reduction_ratio",0.0,0.10150357994661606,0.0,0.0,0.4681257521101801
intent_android.net.wifi.RSSI_CHANGED,0,0.1137491625697804,0.17003980500260849,389.1,257.5813269629613,"pearson_r, mutual_information, entropy_reduction_ratio",0.0030133077661957984,0.12227136707914323,0.0009426542132865095,0.0017251030041989385,0.4407933807860775
intent_com.qihoo.appstore.plugin.huajiao.IPluginHelperService,0,0.11369152731221215,0.18142733526856927,562.2,174.4963036857801,"pearson_r, mutual_information, entropy_reduction_ratio",0.0,0.10033188445088065,0.0,0.0,0.4681257521101801
perm_com.google.android.providers.gsf.permission.READ_GSERVICES,0,0.11350165856519434,0.10803332534558399,283.6,346.15349196563074,"pearson_r, mutual_information, entropy_reduction_ratio",0.05850499146119218,0.11453463957539003,0.02213358759173186,0.051220302439746915,0.3211147717579107
perm_com.anddoes.launcher.permission.UPDATE_COUNT,0,0.11342203574857745,0.09687997146315722,299.4,358.83762344547984,"pearson_r, entropy_reduction_ratio, f_stat",0.11009016055838788,0.05636542241348035,0.032992897465027836,0.06704378321483977,0.30061791509115143
intent_android.intent.action.SCREEN_OFF,0,0.11330401308886698,0.18264787025320683,304.4,60.48669275138128,"pearson_r, mutual_information, entropy_reduction_ratio",2.0689477599188375e-05,0.09542252078349987,1.072081617068925e-05,1.968119354328078e-05,0.47104645317352184
perm_android.permission.PROCESS_OUTGOING_CALLS,0,0.113286853331108,0.2111840199349369,249.4,139.0965132560842,"pearson_r, f_stat, entropy_reduction_ratio",0.01027224309091008,0.00433114765513976,0.005634005029165757,0.010570840359957194,0.5356260305203672
perm_android.permission.INTERACT_ACROSS_USERS_FULL,0,0.11318111700375448,0.1981895994232473,267.4,63.36276509117954,"pearson_r, mutual_information, f_stat",0.003615116635561685,0.0486489859307047,0.0019845875185317925,0.0036724518272912778,0.507984443106683
intent_com.sogou.androidtool.action.BackgroundService,0,0.11297116764121355,0.18148609079141229,563.2,172.5878327113473,"pearson_r, mutual_information, entropy_reduction_ratio",0.0,0.09673008609588767,0.0,0.0,0.4681257521101801
intent_com.qihoo.appstore.CLEAN_ACTIVITY_DESTROY,0,0.11295566322413977,0.18148748091617933,563.4,172.2063878025435,"pearson_r, mutual_information, entropy_reduction_ratio",0.0,0.09665256401051879,0.0,0.0,0.4681257521101801
perm_android.permission.WRITE_MEDIA_STORAGE,0,0.11284759734629952,0.20444108336484149,266.2,94.49105777797178,"pearson_r, mutual_information, f_stat",0.006303096657985668,0.026392643302011225,0.0035673292723208544,0.00657154944045659,0.5214033680587232
intent_com.qihoo.appstore.plugin.streamapp.IPluginHelperServiceStreamApp,0,0.11280158596067151,0.18150158280945872,564.0,171.06256165508572,"pearson_r, mutual_information, entropy_reduction_ratio",0.0,0.09588217769317749,0.0,0.0,0.4681257521101801
intent_android.intent.action.apservice,0,0.1127769936795772,0.18150388192859152,564.2,170.68145769239257,"pearson_r, mutual_information, entropy_reduction_ratio",0.0,0.09575921628770591,0.0,0.0,0.4681257521101801
intent_com.secneo.plugin.action.DAILY,0,0.11271974730018823,0.18150928537135988,564.4,170.30044039872593,"pearson_r, mutual_information, entropy_reduction_ratio",0.0,0.09547298439076102,0.0,0.0,0.4681257521101801
perm_android.permission.DOWNLOAD_CACHE_NON_PURGEABLE,0,0.11263267294297666,0.1815176424080732,565.0,169.15791438771052,"pearson_r, mutual_information, entropy_reduction_ratio",0.0,0.09503761260470313,0.0,0.0,0.4681257521101801
intent_android.appwidget.action.APPWIDGET_CONFIGURE,0,0.11238565202060972,0.09944522326650354,298.6,355.33004376213387,"pearson_r, entropy_reduction_ratio, f_stat",0.10352835348114421,0.05866451589052141,0.031107589038454814,0.06280488787281716,0.30582291382011106
intent_com.qihoo.appstore.launcher.shortcut.VIDEO,0,0.11227792655544003,0.1815534121231821,565.6,168.01618969611232,"pearson_r, mutual_information, entropy_reduction_ratio",0.0,0.09326388066701999,0.0,0.0,0.4681257521101801
intent_android.net.VpnService,0,0.11226721032068494,0.16999135570645854,391.9,255.31576527899722,"pearson_r, mutual_information, entropy_reduction_ratio",0.0030133077661957984,0.11486160583366592,0.0009426542132865095,0.0017251030041989385,0.4407933807860775
intent_com.secneo.plugin.action.APP_STARTED,0,0.11223854622924337,0.18155755345198163,565.8,167.6357957000831,"pearson_r, mutual_information, entropy_reduction_ratio",0.0,0.09306697903603678,0.0,0.0,0.4681257521101801
perm_com.facebook.katana.permission.C2D_MESSAGE,0,0.11209825745089383,0.18157258342248608,566.2,166.875282771296,"pearson_r, mutual_information, entropy_reduction_ratio",0.0,0.0923655351442891,0.0,0.0,0.4681257521101801
intent_action_send_pop,0,0.11202536994552739,0.18158056294349195,566.6,166.1151407909586,"pearson_r, mutual_information, entropy_reduction_ratio",0.0,0.09200109761745681,0.0,0.0,0.4681257521101801
intent_com.sjm.avplay.SHOW_ACTIVITY,0,0.11198365913284554,0.18158518181665417,566.8,165.73521050157083,"pearson_r, mutual_information, entropy_reduction_ratio",0.0,0.09179254355404756,0.0,0.0,0.4681257521101801
perm_com.huawei.launcher2.permission.WRITE_SETTINGS,0,0.11186963183425196,0.18159800368125398,567.0,165.35537487484342,"pearson_r, mutual_information, entropy_reduction_ratio",0.0,0.09122240706107967,0.0,0.0,0.4681257521101801
perm_com.google.android.googleapps.permission.GOOGLE_AUTH.sierraqa,0,0.11178890101367758,0.18160725411082937,567.2,164.9756345646229,"pearson_r, mutual_information, entropy_reduction_ratio",0.0,0.09081875295820775,0.0,0.0,0.4681257521101801
perm_com.tencent.mm.plugin.permission.READ,0,0.11172637397500877,0.18161451700432515,567.6,164.21644253849857,"pearson_r, mutual_information, entropy_reduction_ratio",0.0,0.09050611776486382,0.0,0.0,0.4681257521101801
intent_com.android.utils.hades.ACTION_REGISTER_IMPLICIT_RECEIVERS,0,0.11168303309924474,0.20808465321840736,260.0,125.50219121593057,"pearson_r, entropy_reduction_ratio, mutual_information",0.00926787410935035,0.008546387565859431,0.004499262669436673,0.00826249181740238,0.5278391493341749
perm_android.permission.ACCESS_NETWORK_STATE,0,0.11162215141085982,0.18162681381094056,567.8,163.83699215989043,"pearson_r, mutual_information, entropy_reduction_ratio",0.0,0.08998500494411905,0.0,0.0,0.4681257521101801
perm_cn.nubia.launcher.permission.READ_SETTINGS,0,0.11153034783859536,0.18163784281194298,568.2,163.07838606020113,"pearson_r, mutual_information, entropy_reduction_ratio",0.0,0.0895259870827967,0.0,0.0,0.4681257521101801
intent_android.intent.action.INSTALL,0,0.11150418100461142,0.18164102028203472,568.4,162.69923171299857,"pearson_r, mutual_information, entropy_reduction_ratio",0.0,0.08939515291287693,0.0,0.0,0.4681257521101801
perm_android.permission.WRITE_APN_SETTINGS,0,0.11149812769310938,0.19130419307576454,292.0,47.273671319244926,"pearson_r, mutual_information, f_stat",0.0011945936994253693,0.06337621239170231,0.0006615291728439307,0.0012127308266047334,0.49104557237497054
intent_com.excelliance.dualaid.action.phone_res_download,0,0.11149409117570434,0.18164224951519023,568.6,162.3201774272071,"pearson_r, mutual_information, entropy_reduction_ratio",0.0,0.08934470376834165,0.0,0.0,0.4681257521101801
perm_android.permission.WRITE_CLIPS,0,0.11141950644800871,0.18165140536896995,569.2,161.18362199677733,"pearson_r, mutual_information, entropy_reduction_ratio",0.0,0.08897178012986343,0.0,0.0,0.4681257521101801
intent_co.ronash.pushe.CHECK_TASKS,0,0.11138683250804027,0.18165545478788012,569.4,160.80497504741572,"pearson_r, mutual_information, entropy_reduction_ratio",0.0,0.08880841043002126,0.0,0.0,0.4681257521101801
perm_org.adw.launcher_donut.permission.READ_SETTINGS,0,0.11134962321161987,0.18166009481093567,569.6,160.42643173741666,"pearson_r, mutual_information, entropy_reduction_ratio",0.0,0.08862236394791927,0.0,0.0,0.4681257521101801
intent_com.android.utils.hades.ACTION_UPDATE_COMMON_RES,0,0.1112384334325549,0.18167414119037023,570.0,159.66965898379067,"pearson_r, mutual_information, entropy_reduction_ratio",0.0,0.08806641505259438,0.0,0.0,0.4681257521101801
intent_intent.action.HEJU,0,0.11117838851927878,0.18168183927540235,570.2,159.29143103130187,"pearson_r, mutual_information, entropy_reduction_ratio",0.0,0.08776619048621376,0.0,0.0,0.4681257521101801
intent_com.qihoo.appstore.download_one_apk,0,0.11111691593638721,0.1816898022855863,570.4,158.91330970060375,"pearson_r, mutual_information, entropy_reduction_ratio",0.0,0.08745882757175599,0.0,0.0,0.4681257521101801
perm_android.permission.SEND_DOWNLOAD_COMPLETED_INTENTS,0,0.1109843581560291,0.16486236947135324,379.6,267.90640156592,"pearson_r, mutual_information, entropy_reduction_ratio",0.006033962183842005,0.11410904382957578,0.001885308426573019,0.003460324031825083,0.4294331523083296
perm_android.permission.SUBSCRIBED_FEEDS_WRITE,0,0.11097813972392787,0.16999123244740927,396.3,251.96598976846062,"pearson_r, mutual_information, entropy_reduction_ratio",0.0030133077661957984,0.10841625284988063,0.0009426542132865095,0.0017251030041989385,0.4407933807860775
intent_com.qihoo360.daemon.pcdaemon.ACTION_START_OPERATE_CLIPBOARD,0,0.11097434366947964,0.1817085896058805,570.8,158.1573899632894,"pearson_r, mutual_information, entropy_reduction_ratio",0.0,0.08674596623721813,0.0,0.0,0.4681257521101801
perm_com.htc.launcher.permission.UPDATE_SHORTCUT,0,0.11095852255346239,0.09766531739456061,309.0,363.15561402792605,"pearson_r, entropy_reduction_ratio, f_stat",0.11338417175504148,0.04023011474473185,0.033935551678314343,0.06918394194458932,0.298058832644635
perm_org.adwfreak.launcher.permission.READ_SETTINGS,0,0.11086136813240588,0.18172379320923246,571.0,157.77959310379782,"pearson_r, mutual_information, entropy_reduction_ratio",0.0,0.08618108855184929,0.0,0.0,0.4681257521101801
intent_android.net.wifi.STATE_CHANGE,0,0.11083944009766997,0.17897105907289362,426.2,224.92078605589126,"pearson_r, mutual_information, entropy_reduction_ratio",0.00010709088239621933,0.09236547443645066,5.35458056508874e-05,9.909897654261133e-05,0.4615719903873095
perm_android.permission.MODIFY_PHONE_STATE,0,0.11080894661174663,0.20534187070784246,273.4,108.28222384121966,"pearson_r, mutual_information, f_stat",0.006303096657985668,0.016199389629246774,0.0035673292723208544,0.00657154944045659,0.5214033680587232
intent_com.morgoo.droidplugin.ACTION_SHORTCUT_PROXY,0,0.11076971662038067,0.18173633260367072,571.4,157.02432932510808,"pearson_r, mutual_information, entropy_reduction_ratio",0.0,0.08572283099172327,0.0,0.0,0.4681257521101801
perm_android.permission.AUTHENTICATE_ACCOUNTS,0,0.11068357726060048,0.15962513666299785,367.6,281.1843523384614,"pearson_r, mutual_information, entropy_reduction_ratio",0.006858643278125814,0.12019586960154148,0.003106295933879537,0.005985427146446218,0.41727165034300934
intent_com.qihoo.psdk.service.action.local,0,0.11067143961530476,0.1817499829092786,571.8,156.26951078185405,"pearson_r, mutual_information, entropy_reduction_ratio",0.0,0.08523144596634372,0.0,0.0,0.4681257521101801
intent_android.intent.action.DOWNLOAD_WAKEUP,0,0.1106603430702354,0.18175153746840353,572.0,155.8922704947234,"pearson_r, mutual_information, entropy_reduction_ratio",0.0,0.08517596324099685,0.0,0.0,0.4681257521101801
intent_com.qihoo.appstore.accessibility.ALERT,0,0.11045381562120478,0.18178096279420966,572.4,155.1381319985515,"pearson_r, mutual_information, entropy_reduction_ratio",0.0,0.08414332599584379,0.0,0.0,0.4681257521101801
intent_com.qihoo.appstore.BATTERY,0,0.11035795834215989,0.1817949374783392,572.6,154.76123545642815,"pearson_r, mutual_information, entropy_reduction_ratio",0.0,0.08366403960061938,0.0,0.0,0.4681257521101801
perm_android.permission.ACCESS_CHECKIN_PROPERTIES,0,0.11025442871627882,0.18181025655646663,572.8,154.38445517603122,"pearson_r, mutual_information, entropy_reduction_ratio",0.0,0.08314639147121396,0.0,0.0,0.4681257521101801
intent_com.mobiletool.appstore.highspeed,0,0.11018367552881148,0.1818208606658337,573.2,153.6312468217322,"pearson_r, mutual_information, entropy_reduction_ratio",0.0,0.08279262553387724,0.0,0.0,0.4681257521101801
perm_android.webkit.permission.PLUGIN,0,0.10997375558607285,0.20895810039690105,313.3,230.71922329966353,"pearson_r, entropy_reduction_ratio, f_stat",0.00926787410935035,0.0,0.004499262669436673,0.00826249181740238,0.5278391493341749
perm_android.permission.DELETE_PACKAGES,0,0.10997375558607285,0.20895810039690105,313.3,230.71922329966353,"pearson_r, entropy_reduction_ratio, f_stat",0.00926787410935035,0.0,0.004499262669436673,0.00826249181740238,0.5278391493341749
perm_com.lenovo.launcher.permission.READ_SETTINGS,0,0.10997375558607285,0.20895810039690105,313.3,230.71922329966353,"pearson_r, entropy_reduction_ratio, f_stat",0.00926787410935035,0.0,0.004499262669436673,0.00826249181740238,0.5278391493341749
perm_com.huawei.launcher2.permission.READ_SETTINGS,0,0.10997375558607285,0.20895810039690105,313.3,230.71922329966353,"pearson_r, entropy_reduction_ratio, f_stat",0.00926787410935035,0.0,0.004499262669436673,0.00826249181740238,0.5278391493341749
perm_android.permission.READ_OWNER_DATA,0,0.10997375558607285,0.20895810039690105,313.3,230.71922329966353,"pearson_r, entropy_reduction_ratio, f_stat",0.00926787410935035,0.0,0.004499262669436673,0.00826249181740238,0.5278391493341749
perm_android.permission.ACCOUNT_MANAGER,0,0.10997375558607285,0.20895810039690105,313.3,230.71922329966353,"pearson_r, entropy_reduction_ratio, f_stat",0.00926787410935035,0.0,0.004499262669436673,0.00826249181740238,0.5278391493341749
intent_cn.play.dservice,0,0.10997375558607285,0.20895810039690105,313.3,230.71922329966353,"pearson_r, entropy_reduction_ratio, f_stat",0.00926787410935035,0.0,0.004499262669436673,0.00826249181740238,0.5278391493341749
intent_com.baidu.android.pushservice.action.PUSH_SERVICE,0,0.10997375558607285,0.20895810039690105,313.3,230.71922329966353,"pearson_r, entropy_reduction_ratio, f_stat",0.00926787410935035,0.0,0.004499262669436673,0.00826249181740238,0.5278391493341749
intent_com.igexin.sdk.action.user.message,0,0.10997375558607285,0.20895810039690105,313.3,230.71922329966353,"pearson_r, entropy_reduction_ratio, f_stat",0.00926787410935035,0.0,0.004499262669436673,0.00826249181740238,0.5278391493341749
intent_com.cootek.usage.alarm_operation,0,0.10997375558607285,0.20895810039690105,313.3,230.71922329966353,"pearson_r, entropy_reduction_ratio, f_stat",0.00926787410935035,0.0,0.004499262669436673,0.00826249181740238,0.5278391493341749
perm_com.android.launcher2.permission.INSTALL_SHORTCUT,0,0.10997375558607285,0.20895810039690105,313.3,230.71922329966353,"pearson_r, entropy_reduction_ratio, f_stat",0.00926787410935035,0.0,0.004499262669436673,0.00826249181740238,0.5278391493341749
intent_com.snipermob.sdk.notification,0,0.10997375558607285,0.20895810039690105,313.3,230.71922329966353,"pearson_r, entropy_reduction_ratio, f_stat",0.00926787410935035,0.0,0.004499262669436673,0.00826249181740238,0.5278391493341749
intent_com.android.utils.hades.ACTION_START_SYS_WRAPPER,0,0.10997375558607285,0.20895810039690105,313.3,230.71922329966353,"pearson_r, entropy_reduction_ratio, f_stat",0.00926787410935035,0.0,0.004499262669436673,0.00826249181740238,0.5278391493341749
perm_android.permission.BIND_DIRECTORY_SEARCH,0,0.10991003779545702,0.18186290257600807,573.6,152.87851385986193,"pearson_r, mutual_information, entropy_reduction_ratio",0.0,0.08142443686710502,0.0,0.0,0.4681257521101801
perm_android.permission.BROADCAST_PACKAGE_REPLACED,0,0.10988531584641226,0.1993688458239522,278.4,82.861571310228,"pearson_r, mutual_information, f_stat",0.003615116635561685,0.032169980143993575,0.0019845875185317925,0.0036724518272912778,0.507984443106683
perm_dianxin.permission.ACCESS_LAUNCHER_DATA,0,0.10968791770529576,0.18189823289741278,573.8,152.5023278510856,"pearson_r, mutual_information, entropy_reduction_ratio",0.0,0.08031383641629869,0.0,0.0,0.4681257521101801
intent_cn.jpush.android.intent.UNREGISTRATION,0,0.10967821184869728,0.19179598101976317,299.0,53.65444995524602,"pearson_r, mutual_information, f_stat",0.0011945936994253693,0.054276633169641826,0.0006615291728439307,0.0012127308266047334,0.49104557237497054
perm_android.permission.READ_APP_BADGE,0,0.10957927032234409,0.10946514639175559,301.8,345.16280216732514,"pearson_r, entropy_reduction_ratio, mutual_information",0.08083242818616367,0.06903559599478748,0.024509009545449243,0.04838996054693817,0.3251293573383819
perm_com.nd.android.launcher.permission.WRITE_SETTINGS,0,0.1094440238238841,0.18193826806227414,574.0,152.12626334726033,"pearson_r, mutual_information, entropy_reduction_ratio",0.0,0.07909436700924037,0.0,0.0,0.4681257521101801
perm_com.motorola.dock.DesktopDock.permission.READ_SETTINGS,0,0.1094077555736929,0.18194433243422822,574.6,150.99880794231458,"pearson_r, mutual_information, entropy_reduction_ratio",0.0,0.0789130257582844,0.0,0.0,0.4681257521101801
perm_com.apusapps.launcher.permission.READ_SETTINGS,0,0.10925281169247894,0.18197056377049176,574.8,150.62323857891252,"pearson_r, mutual_information, entropy_reduction_ratio",0.0,0.0781383063522146,0.0,0.0,0.4681257521101801
intent_com.morgoo.droidplugin.ACTION_SHORTCUT_PROXY_ZHUSHOU,0,0.10922903608650951,0.18197463524487736,575.0,150.24779532492315,"pearson_r, mutual_information, entropy_reduction_ratio",0.0,0.07801942832236751,0.0,0.0,0.4681257521101801
intent_com.taobao.accs.intent.action.ELECTION,0,0.10920560499164711,0.20741082871175517,277.6,127.52191968442132,"pearson_r, f_stat, entropy_reduction_ratio",0.006974657329978583,0.003891118979904879,0.0039101659311728335,0.0072347524212711895,0.524017330295908
intent_com.qihoo.appstore.ACTION_CHARGE_START_PLUGIN,0,0.10920034860634871,0.18197956427686973,575.6,149.12223174295644,"pearson_r, mutual_information, entropy_reduction_ratio",0.0,0.0778759909215634,0.0,0.0,0.4681257521101801
perm_com.samsung.svoice.sync.WRITE_DATABASE,0,0.10917405474251644,0.18198409781258265,575.8,148.74730249654948,"pearson_r, mutual_information, entropy_reduction_ratio",0.0,0.07774452160240215,0.0,0.0,0.4681257521101801
intent_com.Remind.alarm.repeat,0,0.10895127051436873,0.18202311500595802,576.4,147.6233043933105,"pearson_r, mutual_information, entropy_reduction_ratio",0.0,0.0766306004616635,0.0,0.0,0.4681257521101801
intent_com.huawei.android.push.intent.CLICK,0,0.10876558802965137,0.17008214857319962,400.3,249.15148002771326,"pearson_r, mutual_information, entropy_reduction_ratio",0.0030133077661957984,0.0973534943784981,0.0009426542132865095,0.0017251030041989385,0.4407933807860775
perm_android.permission.WRITE_CALL_LOG,0,0.1086859057960751,0.16074482078587932,373.0,274.97781728714045,"pearson_r, mutual_information, entropy_reduction_ratio",0.009061999593063492,0.10564427548327399,0.0028279626398595285,0.005205752975858051,0.4206895382883204
intent_com.umeng.message.disablecallback.action,0,0.10842738119566613,0.20781143104784985,326.7,224.27206691873153,"pearson_r, f_stat, entropy_reduction_ratio",0.006974657329978583,0.0,0.0039101659311728335,0.0072347524212711895,0.524017330295908
intent_com.umeng.message.enablecallback.action,0,0.10842738119566613,0.20781143104784985,326.7,224.27206691873153,"pearson_r, f_stat, entropy_reduction_ratio",0.006974657329978583,0.0,0.0039101659311728335,0.0072347524212711895,0.524017330295908
intent_android.intent.action.PACKAGE_INSTALL,0,0.10842738119566613,0.20781143104784985,326.7,224.27206691873153,"pearson_r, f_stat, entropy_reduction_ratio",0.006974657329978583,0.0,0.0039101659311728335,0.0072347524212711895,0.524017330295908
suspicious_getDeviceId,0,0.10840775116126988,0.20732392218853465,341.9,222.70886825629555,"pearson_r, entropy_reduction_ratio, f_stat",0.012097456607463818,0.0,3.0408200428597527e-05,0.006955328699846469,0.5229555622986105
intent_android.intent.action.MEDIA_EJECT,0,0.10838521535529248,0.19218650782243635,303.2,58.76529588115761,"pearson_r, mutual_information, f_stat",0.0011945936994253693,0.04781165070261784,0.0006615291728439307,0.0012127308266047334,0.49104557237497054
perm_com.excelliance.dualaid.assist,0,0.10816999164448682,0.1821684904046458,577.0,146.500511944498,"pearson_r, mutual_information, entropy_reduction_ratio",0.0,0.07272420611225397,0.0,0.0,0.4681257521101801
intent_android.intent.action.TIME_TICK,0,0.10776428106847999,0.17250919364517753,418.0,234.12475306981105,"pearson_r, mutual_information, entropy_reduction_ratio",0.0013207081343175027,0.0898863784556972,0.0006212591867759077,0.0011457686902998127,0.44584729087530955
perm_com.tencent.msf.permission.account.sync,0,0.10773489437352349,0.1822552080571438,577.8,145.00537921056582,"pearson_r, mutual_information, entropy_reduction_ratio",0.0,0.07054871975743736,0.0,0.0,0.4681257521101801
perm_qiku.permission.ACCESS_QKPARAMS,0,0.10769201892433602,0.1822639760486142,578.0,144.6319466784569,"pearson_r, mutual_information, entropy_reduction_ratio",0.0,0.07033434251150003,0.0,0.0,0.4681257521101801
perm_com.google.android.googleapps.permission.GOOGLE_AUTH.wifi,0,0.10762746430115451,0.1822772527105202,578.4,143.88551004183847,"pearson_r, mutual_information, entropy_reduction_ratio",0.0,0.07001156939559247,0.0,0.0,0.4681257521101801
perm_com.android.launcher3.permission.INSTALL_SHORTCUT,0,0.10756906868589726,0.20693070804541763,331.3,222.01477428315442,"pearson_r, f_stat, entropy_reduction_ratio",0.006303096657985668,0.0,0.0035673292723208544,0.00657154944045659,0.5214033680587232
perm_com.android.launcher3.permission.UNINSTALL_SHORTCUT,0,0.10756906868589726,0.20693070804541763,331.3,222.01477428315442,"pearson_r, f_stat, entropy_reduction_ratio",0.006303096657985668,0.0,0.0035673292723208544,0.00657154944045659,0.5214033680587232
intent_com.alimama.mobile.sdk.download.action,0,0.10746031458524297,0.18231205002440018,578.6,143.5125081656648,"pearson_r, mutual_information, entropy_reduction_ratio",0.0,0.06917582081603478,0.0,0.0,0.4681257521101801
intent_co.ronash.pushe.service.ScreenStateService,0,0.10740033489733918,0.182324684445982,579.0,142.76694295249163,"pearson_r, mutual_information, entropy_reduction_ratio",0.0,0.06887592237651584,0.0,0.0,0.4681257521101801
intent_com.qihoo.appstore.ACTION_UNLOCK_BROADCAST_RECEIVE,0,0.10725434904743851,0.1823557617516045,579.2,142.39438191164706,"pearson_r, mutual_information, entropy_reduction_ratio",0.0,0.06814599312701253,0.0,0.0,0.4681257521101801
perm_android.permission.KILL_BACKGROUND_PROCESSES,0,0.10725010385908011,0.20655363968106916,333.5,220.9375477369114,"pearson_r, f_stat, entropy_reduction_ratio",0.006267806148627924,0.0,0.003342510825250373,0.006308870770685192,0.5203313315508371
intent_android.intent.action.ACTION_SHUTDOWN,0,0.10720823736582699,0.1539189098572196,351.0,290.9852229925087,"pearson_r, mutual_information, entropy_reduction_ratio",0.01514037011691341,0.10069768117466717,0.0047132710664325485,0.00872759330611148,0.40676227116501035
intent_com.sogou.androidtool.action.backtomarket,0,0.1070332478190249,0.1824037093868742,579.8,141.27759907359695,"pearson_r, mutual_information, entropy_reduction_ratio",0.0,0.0670404869849444,0.0,0.0,0.4681257521101801
intent_com.qihoo.appstore.LitePluginTipDialogActivity,0,0.10696294134658971,0.1824191779116601,580.0,140.9056421865356,"pearson_r, mutual_information, entropy_reduction_ratio",0.0,0.06668895462276843,0.0,0.0,0.4681257521101801
perm_xmpp.permission.RECEIVE_NOTIFICATION,0,0.10691349447816652,0.1824301211285623,580.2,140.5338393412775,"pearson_r, mutual_information, entropy_reduction_ratio",0.0,0.0664417202806525,0.0,0.0,0.4681257521101801
perm_android.permission.READ_CELL_BROADCASTS,0,0.1067586611500206,0.18246473014643094,580.4,140.16219176368497,"pearson_r, mutual_information, entropy_reduction_ratio",0.0,0.06566755363992284,0.0,0.0,0.4681257521101801
intent_com.android.vending.INSTALL_REFERRER,0,0.10664530765056365,0.0813749086074773,321.2,367.6489630068334,"pearson_r, f_stat, entropy_reduction_ratio",0.11989520088484322,0.027562135797849323,0.018008294149640332,0.1251751929694543,0.24258571445103105
perm_android.permission.DEVICE_POWER,0,0.10658198264970331,0.18250485593288274,580.6,139.7907006921419,"pearson_r, mutual_information, entropy_reduction_ratio",0.0,0.06478416113833649,0.0,0.0,0.4681257521101801
perm_android.permission.READ_CALENDAR,0,0.10649583332248151,0.1651121832938776,392.8,263.0200752794357,"pearson_r, mutual_information, entropy_reduction_ratio",0.004037181927942656,0.09392306359509793,0.0018637775603277224,0.0035125970273847725,0.4291425465016545
perm_android.permission.SUBSCRIBED_FEEDS_READ,0,0.10640097627011373,0.17030640962707844,409.1,243.77067091838592,"pearson_r, mutual_information, entropy_reduction_ratio",0.0030133077661957984,0.08553043558080994,0.0009426542132865095,0.0017251030041989385,0.4407933807860775
intent_com.xiaomi.hy.push.client.ONCLICK,0,0.10574965349438911,0.18270296280388693,582.2,136.8245591989976,"pearson_r, mutual_information, entropy_reduction_ratio",0.0,0.06062251536176549,0.0,0.0,0.4681257521101801
perm_android.permission.ADDINSTALLKEY,0,0.10569578374369211,0.1827162997668254,582.6,136.08467951977548,"pearson_r, mutual_information, entropy_reduction_ratio",0.0,0.06035316660828043,0.0,0.0,0.4681257521101801
perm_com.bbk.launcher2.permission.READ_SETTINGS,0,0.10568330975957578,0.18271939696992598,582.8,135.71499548686577,"pearson_r, mutual_information, entropy_reduction_ratio",0.0,0.06029079668769882,0.0,0.0,0.4681257521101801
perm_android.permission.ACCESS_GPS,0,0.10556977788274988,0.1540230618271454,355.4,290.1982770451954,"pearson_r, mutual_information, entropy_reduction_ratio",0.01514037011691341,0.09250538375928169,0.0047132710664325485,0.00872759330611148,0.4067622711650103
intent_com.mobiletool.appstore.action.backtomarket,0,0.10549269983408045,0.1827671411515143,583.0,135.34548385520665,"pearson_r, mutual_information, entropy_reduction_ratio",0.0,0.05933774706022218,0.0,0.0,0.4681257521101801
perm_android.permission.DIAGNOSTIC,0,0.10547112969942718,0.18277259335817522,583.2,134.9761460406986,"pearson_r, mutual_information, entropy_reduction_ratio",0.0,0.05922989638695578,0.0,0.0,0.4681257521101801
intent_pushy.me,0,0.10546073017055435,0.18277522559021933,583.4,134.60698347411252,"pearson_r, mutual_information, entropy_reduction_ratio",0.0,0.059177898742591606,0.0,0.0,0.4681257521101801
perm_android.permission.READ_EXTERNAL_STORAGE,0,0.10545754845525405,0.1188584229736104,312.4,327.5250219448889,"pearson_r, mutual_information, entropy_reduction_ratio",0.04252995241240442,0.09707772915882676,0.010338487135503336,0.04083642347437903,0.3365051500951568
intent_android.provider.Telephony.SMS_DELIVER,0,0.10537300547745047,0.1609439401768015,383.0,271.4114957034797,"pearson_r, mutual_information, entropy_reduction_ratio",0.009061999593063492,0.08907977389015101,0.0028279626398595285,0.005205752975858051,0.42068953828832034
intent_com.qihoo.appstore.PLUGIN_ICON,0,0.10535982183272737,0.18280088748883247,583.6,134.23799760127534,"pearson_r, mutual_information, entropy_reduction_ratio",0.0,0.058673357053456665,0.0,0.0,0.4681257521101801
perm_com.sec.android.permission.VOIP_INTERFACE,0,0.10533238673977079,0.18280790237964045,584.0,133.50056179657074,"pearson_r, mutual_information, entropy_reduction_ratio",0.0,0.058536181588673845,0.0,0.0,0.4681257521101801
intent_com.excelliance.dualaid.SHORTCUT_ALARM,0,0.10529349323937076,0.1828178748364316,584.2,133.1321148333489,"pearson_r, mutual_information, entropy_reduction_ratio",0.0,0.058341714086673685,0.0,0.0,0.4681257521101801
intent_com.huawei.android.push.intent.RECEIVE,0,0.1052712886657324,0.19326583564097077,313.0,73.09445943435111,"pearson_r, mutual_information, f_stat",0.0011945936994253693,0.03224201725481742,0.0006615291728439307,0.0012127308266047334,0.49104557237497054
intent_com.qihoo.appstore.ACTION_HANDLE_SYSTEM_APP,0,0.10527101422138571,0.18282365339504125,584.4,132.76385050155784,"pearson_r, mutual_information, entropy_reduction_ratio",0.0,0.058229318996748464,0.0,0.0,0.4681257521101801
perm_com.ebproductions.android.launcher.permission.READ_SETTINGS,0,0.1051839227887521,0.18284614416946832,584.6,132.39577032518827,"pearson_r, mutual_information, entropy_reduction_ratio",0.0,0.05779386183358037,0.0,0.0,0.4681257521101801
intent_android.intent.action.mainintentex,0,0.10514453438665912,0.18285636953898843,585.0,131.6601686160245,"pearson_r, mutual_information, entropy_reduction_ratio",0.0,0.05759691982311553,0.0,0.0,0.4681257521101801
perm_android.permission.WRITE_PROFILE,0,0.10510959315273039,0.18286546833446943,585.2,131.29265021317835,"pearson_r, mutual_information, entropy_reduction_ratio",0.0,0.05742221365347187,0.0,0.0,0.4681257521101801
intent_com.excelliance.appmate.share,0,0.10509666202396736,0.18286884229231223,585.6,130.55818626191157,"pearson_r, mutual_information, entropy_reduction_ratio",0.0,0.057357558009656764,0.0,0.0,0.4681257521101801
intent_com.qihoo.appstore.launcher.shortcut.WEBVIEW,0,0.10509179710101195,0.182870112566615,585.8,130.19124394520549,"pearson_r, mutual_information, entropy_reduction_ratio",0.0,0.05733323339487963,0.0,0.0,0.4681257521101801
intent_android.app.action.DEVICE_ADMIN_ENABLED,0,0.10489540959806462,0.17051740106235816,412.7,241.9042372510246,"pearson_r, mutual_information, entropy_reduction_ratio",0.0030133077661957984,0.07800260222056439,0.0009426542132865095,0.0017251030041989385,0.4407933807860775
intent_com.qihoo.appstore.battery.START_EX,0,0.1048907228331383,0.1829230598640725,586.8,128.3594951688421,"pearson_r, mutual_information, entropy_reduction_ratio",0.0,0.05632786205551135,0.0,0.0,0.4681257521101801
intent_cn.xiaoneng.xpush.service,0,0.10487646799940467,0.18292684645466403,587.0,127.99374984740466,"pearson_r, mutual_information, entropy_reduction_ratio",0.0,0.05625658788684321,0.0,0.0,0.4681257521101801
perm_com.google.android.googleapps.permission.GOOGLE_AUTH.lh2,0,0.10484537145692693,0.1829351219480896,587.2,127.628210047779,"pearson_r, mutual_information, entropy_reduction_ratio",0.0,0.05610110517445462,0.0,0.0,0.4681257521101801
intent_com.sogou.androidtool.action.update,0,0.10477156717584432,0.1829548460727668,587.4,127.26287754093886,"pearson_r, mutual_information, entropy_reduction_ratio",0.0,0.055732083769041485,0.0,0.0,0.4681257521101801
intent_com.punchbox.service,0,0.10473211483352733,0.18296543764446843,587.6,126.89775411724196,"pearson_r, mutual_information, entropy_reduction_ratio",0.0,0.055534822057456565,0.0,0.0,0.4681257521101801
intent_cn.jpush.android.intent.NOTIFICATION_RECEIVED,0,0.10466470586434136,0.18003136674887926,441.4,214.84189535563124,"pearson_r, mutual_information, entropy_reduction_ratio",0.00010709088239621933,0.06149180326980756,5.35458056508874e-05,9.909897654261133e-05,0.4615719903873095
intent_com.qihoo.accountcenter.action.START_ACCOUNT_SERVICE,0,0.10465391887723745,0.18298652925713735,587.8,126.53284158668056,"pearson_r, mutual_information, entropy_reduction_ratio",0.0,0.05514384227600717,0.0,0.0,0.4681257521101801
intent_com.telecom.sdk_auth_ui.SMS_SEND_ACTIOIN,0,0.1045001869679925,0.18302837752867288,588.0,126.16814177913535,"pearson_r, mutual_information, entropy_reduction_ratio",0.0,0.05437518272978237,0.0,0.0,0.4681257521101801
intent_com.kingroot.master.action.MAIN_EXIT_CHECK,0,0.10443374729699455,0.18304662033285032,588.4,125.43938775360792,"pearson_r, mutual_information, entropy_reduction_ratio",0.0,0.05404298437479262,0.0,0.0,0.4681257521101801
intent_show_helpcontent,0,0.1044096833666609,0.18305325108062534,588.6,125.07533729716663,"pearson_r, mutual_information, entropy_reduction_ratio",0.0,0.053922664723124444,0.0,0.0,0.4681257521101801
perm_android.permission.SET_WALLPAPER_HINTS,0,0.10426361073135568,0.18441928255353776,330.2,55.22463218528486,"pearson_r, mutual_information, entropy_reduction_ratio",2.0689477599188375e-05,0.050220508995943366,1.072081617068925e-05,1.968119354328078e-05,0.47104645317352184
intent_com.mobiletool.appstore.action.sdk,0,0.10421220123999322,0.18310813552534894,589.0,124.34789905744286,"pearson_r, mutual_information, entropy_reduction_ratio",0.0,0.052935254089785985,0.0,0.0,0.4681257521101801
intent_com.yuetu.shentu.Intent.WECHAT_AUTH,0,0.1042062622572301,0.18310979903453053,589.2,123.9845151621766,"pearson_r, mutual_information, entropy_reduction_ratio",0.0,0.05290555917597042,0.0,0.0,0.4681257521101801
intent_com.Remind.launch.app,0,0.10389233332155612,0.1831988052859735,589.6,123.25842770374771,"pearson_r, mutual_information, entropy_reduction_ratio",0.0,0.051335914497600485,0.0,0.0,0.4681257521101801
intent_cn.jpush.android.intent.REGISTRATION,0,0.10377311315711017,0.1802538711204239,445.8,212.64750174878614,"pearson_r, mutual_information, entropy_reduction_ratio",0.00010709088239621933,0.05703383973365164,5.35458056508874e-05,9.909897654261133e-05,0.4615719903873095
intent_com.qihoo.appstore.OPEN_BROWSER,0,0.103676604474472,0.18326119143241815,590.2,122.17102766204432,"pearson_r, mutual_information, entropy_reduction_ratio",0.0,0.05025727026217994,0.0,0.0,0.4681257521101801
intent_com.excelliance.kxqp.action.gp,0,0.10346466061159718,0.1833234512170327,590.6,121.44727250951335,"pearson_r, mutual_information, entropy_reduction_ratio",0.0,0.049197550947805785,0.0,0.0,0.4681257521101801
intent_com.yulong.mms.NEW_MESSAGE_EXTERNAL,0,0.10345941097488345,0.18332500550001618,590.8,121.08575473605472,"pearson_r, mutual_information, entropy_reduction_ratio",0.0,0.049171302764237194,0.0,0.0,0.4681257521101801
perm_com.ebproductions.android.launcher.permission.WRITE_SETTINGS,0,0.1034587988187953,0.18332518678204537,591.0,120.72447970482209,"pearson_r, mutual_information, entropy_reduction_ratio",0.0,0.04916824198379643,0.0,0.0,0.4681257521101801
perm_android.permission.CHANGE_WIFI_MULTICAST_STATE,0,0.10345131981761355,0.20227101183150653,346.7,215.02130127036253,"pearson_r, f_stat, entropy_reduction_ratio",0.003615116635561685,0.0,0.0019845875185317925,0.0036724518272912778,0.507984443106683
intent_com.taobao.accs.intent.action.COMMAND,0,0.10345131981761355,0.20227101183150653,346.7,215.02130127036253,"pearson_r, f_stat, entropy_reduction_ratio",0.003615116635561685,0.0,0.0019845875185317925,0.0036724518272912778,0.507984443106683
intent_com.taobao.accs.intent.action.SERVICE,0,0.10345131981761355,0.20227101183150653,346.7,215.02130127036253,"pearson_r, f_stat, entropy_reduction_ratio",0.003615116635561685,0.0,0.0019845875185317925,0.0036724518272912778,0.507984443106683
perm_com.tencent.mm.wear.message,0,0.10332428820508996,0.18336521424013114,591.6,119.64213304684934,"pearson_r, mutual_information, entropy_reduction_ratio",0.0,0.04849568891526977,0.0,0.0,0.4681257521101801
intent_com.kinguser.kingroot.ACTION_INSTALL,0,0.10323488584739811,0.1833920319330868,592.0,118.9218230603618,"pearson_r, mutual_information, entropy_reduction_ratio",0.0,0.04804867712681047,0.0,0.0,0.4681257521101801
intent_android.intent.action.BATTERY_CHANGED_ACTION,0,0.10316150262423884,0.18341417175528124,592.6,117.84328576546058,"pearson_r, mutual_information, entropy_reduction_ratio",0.0,0.047681761011014144,0.0,0.0,0.4681257521101801
intent_com.excelliance.kxqp.platform.action.CRASH_REPORT,0,0.10306858266081351,0.18344237048260503,593.0,117.12557363786954,"pearson_r, mutual_information, entropy_reduction_ratio",0.0,0.04721716119388747,0.0,0.0,0.4681257521101801
intent_com.sogou.androidtool.action.main,0,0.10294554611840537,0.18347999174790727,593.2,116.76711865932121,"pearson_r, mutual_information, entropy_reduction_ratio",0.0,0.04660197848184671,0.0,0.0,0.4681257521101801
intent_com.qihoo.appstore.checkupdate.INSTALL_ALL_SILENT_TASK,0,0.10276382651722356,0.18353614608884566,593.4,116.40893436502199,"pearson_r, mutual_information, entropy_reduction_ratio",0.0,0.045693380475937684,0.0,0.0,0.4681257521101801
intent_cn.jpush.android.ui.PushActivity,0,0.10271908702484342,0.18546221074391175,330.6,62.467911762760245,"pearson_r, mutual_information, entropy_reduction_ratio",4.1632989240338554e-05,0.041223988480436735,2.14416323413785e-05,3.960185145013694e-05,0.47226877017074853
intent_android.intent.action.SEND_TO_KPSH,0,0.10258016749625017,0.18359361330989418,593.8,115.6933878836643,"pearson_r, mutual_information, entropy_reduction_ratio",0.0,0.04477508537107071,0.0,0.0,0.4681257521101801
intent_android.intent.action.VIEW,0,0.10254870781901375,0.17550783193868072,438.2,221.9066470387942,"pearson_r, mutual_information, entropy_reduction_ratio",0.0007615299822938183,0.06069446391832001,0.00011052256385240851,0.000720305728742856,0.4504567169018596
perm_com.android.permission.WRITE_APN_SETTINGS,0,0.10235489344403056,0.18366508054596503,594.4,114.62216190597698,"pearson_r, mutual_information, entropy_reduction_ratio",0.0,0.0436487151099728,0.0,0.0,0.4681257521101801
intent_com.qihoo.appstore.plugin.battery.setConfig,0,0.10234429692122435,0.18366846877952722,594.6,114.2656553825339,"pearson_r, mutual_information, entropy_reduction_ratio",0.0,0.04359573249594166,0.0,0.0,0.4681257521101801
perm_android.permission.MANAGE_ACCOUNTS,0,0.1023166477246763,0.200857967665039,357.9,210.07627186334014,"pearson_r, entropy_reduction_ratio, f_stat",0.0030599490235091666,0.0,0.001518750546573695,0.0029781921616646436,0.5040263468916341
perm_com.android.voicemail.permission.READ_WRITE_ALL_VOICEMAIL,0,0.10227736772740201,0.18368992441066145,595.0,113.55351161456875,"pearson_r, mutual_information, entropy_reduction_ratio",0.0,0.04326108652683,0.0,0.0,0.4681257521101801
intent_com.qihoo360.daemon.pcdaemon.ACTION_START_RECEIVER,0,0.10227059219917323,0.18369210175340722,595.2,113.19787983880263,"pearson_r, mutual_information, entropy_reduction_ratio",0.0,0.04322720888568599,0.0,0.0,0.4681257521101801
perm_com.google.android.googleapps.permission.GOOGLE_AUTH.talk,0,0.10215527363938241,0.1837293091369007,595.4,112.84254516803492,"pearson_r, mutual_information, entropy_reduction_ratio",0.0,0.04265061608673202,0.0,0.0,0.4681257521101801
perm_com.majeur.launcher.permission.UPDATE_BADGE,0,0.10214895126588139,0.10573772576788436,383.5,407.1053917599225,"pearson_r, entropy_reduction_ratio, f_stat",0.11009016055838788,0.0,0.032992897465027836,0.06704378321483977,0.30061791509115143
intent_com.baidu.action.Techain.VIEW,0,0.1020997916522242,0.1837473107890801,595.8,112.13277843699406,"pearson_r, mutual_information, entropy_reduction_ratio",0.0,0.04237320615094094,0.0,0.0,0.4681257521101801
intent_com.excelliance.open.action.dmchk,0,0.10201845217693437,0.18377382007487034,596.2,111.42423434782938,"pearson_r, mutual_information, entropy_reduction_ratio",0.0,0.04196650877449174,0.0,0.0,0.4681257521101801
intent_android.intent.action.CAL,0,0.1019930581816774,0.18378212492476698,596.4,111.07042810757505,"pearson_r, mutual_information, entropy_reduction_ratio",0.0,0.04183953879820692,0.0,0.0,0.4681257521101801
intent_com.qihoo.appstore.free.wifi,0,0.10179316482098114,0.18384797483132578,597.0,110.01090855001607,"pearson_r, mutual_information, entropy_reduction_ratio",0.0,0.040840071994725564,0.0,0.0,0.4681257521101801
intent_com.qihoo.appstore.msplugin.install,0,0.1017034588351345,0.18387780114195448,597.2,109.65837861285384,"pearson_r, mutual_information, entropy_reduction_ratio",0.0,0.04039154206549236,0.0,0.0,0.4681257521101801
intent_com.qihoo.appstore.ACTION_LAUNCH_SERVICE_ACTIVITY,0,0.10165468454680768,0.1838940895155082,597.6,108.9543023473603,"pearson_r, mutual_information, entropy_reduction_ratio",0.0,0.04014767062385828,0.0,0.0,0.4681257521101801
perm_android.permission.NFC,0,0.10164998886887852,0.15471176992475982,367.2,287.14867229363955,"pearson_r, mutual_information, entropy_reduction_ratio",0.010869024742983912,0.07750739658824853,0.004681019384016562,0.008847153389784795,0.4063453502393588
intent_com.qihoo.hongbao.LOGIN,0,0.1016059444556455,0.18391041671437516,597.8,108.6027623958065,"pearson_r, mutual_information, entropy_reduction_ratio",0.0,0.039903970168047455,0.0,0.0,0.4681257521101801
perm_android.permission.VIBRATE,0,0.10160053977990466,0.12489418037294629,332.2,319.17857070925044,"pearson_r, mutual_information, entropy_reduction_ratio",0.035938240568578084,0.08282077254331276,0.007905786073047467,0.03465053100817748,0.34668736870640754
perm_com.fede.launcher.permission.WRITE_SETTINGS,0,0.10147934695632307,0.18395305954253274,598.2,107.90069508580564,"pearson_r, mutual_information, entropy_reduction_ratio",0.0,0.03927098267143531,0.0,0.0,0.4681257521101801
intent_com.qihoo.appstore.powerusage.HIGH_TEMPERATURE,0,0.10145208953463743,0.18396228517324445,598.4,107.55017433737612,"pearson_r, mutual_information, entropy_reduction_ratio",0.0,0.03913469556300703,0.0,0.0,0.4681257521101801
perm_com.samsung.svoice.sync.READ_DATABASE,0,0.10144733787200107,0.1839638950417727,598.6,107.2,"pearson_r, mutual_information, entropy_reduction_ratio",0.0,0.039110937249825256,0.0,0.0,0.4681257521101801
perm_android.permission.READ_USER_DICTIONARY,0,0.10135280567067004,0.1996278602283588,363.0,208.19414016729675,"pearson_r, f_stat, entropy_reduction_ratio",0.002399585876762263,0.0,0.0013230583456878614,0.0024368272594204273,0.5006045568714796
intent_android.intent.action.SCREEN_ON,0,0.10135280567067002,0.19962786022835877,363.2,208.02249878318452,"pearson_r, f_stat, entropy_reduction_ratio",0.002399585876762263,0.0,0.0013230583456878614,0.0024368272594204273,0.5006045568714795
intent_com.sogou.androidtool.service.weathernotifyreceiver,0,0.10134001365134662,0.18400038359776338,598.8,106.85017547950027,"pearson_r, mutual_information, entropy_reduction_ratio",0.0,0.03857431614655301,0.0,0.0,0.4681257521101801
perm_com.tencent.mm.ext.permission.WRITE,0,0.10108923665080569,0.18408659132933694,599.2,106.15158971960805,"pearson_r, mutual_information, entropy_reduction_ratio",0.0,0.03732043114384841,0.0,0.0,0.4681257521101801
perm_android.permission.DOWNLOAD_WITHOUT_NOTIFICATION,0,0.10103881858567276,0.19919753668157258,364.3,207.51954124852918,"pearson_r, entropy_reduction_ratio, f_stat",0.0022908374406590583,0.0,0.0012092978658932955,0.002263608981638246,0.4994303486401732
perm_com.google.android.googleapps.permission.GOOGLE_AUTH.cp,0,0.101003949001914,0.18411621217637286,599.6,105.45444514101811,"pearson_r, mutual_information, entropy_reduction_ratio",0.0,0.03689399289938993,0.0,0.0,0.4681257521101801
intent_com.excelliance.dualaid.platform.gameplugin.action.START_FROM_SHORTCUT,0,0.10098882995572891,0.18412147909272253,599.8,105.10642225858513,"pearson_r, mutual_information, entropy_reduction_ratio",0.0,0.03681839766846448,0.0,0.0,0.4681257521101801
intent_com.qihoo.appstore.ACTION_STAT,0,0.10097212046497164,0.18412730566271418,600.0,104.75877051588569,"pearson_r, mutual_information, entropy_reduction_ratio",0.0,0.03673485021467807,0.0,0.0,0.4681257521101801
perm_com.google.android.googleapps.permission.GOOGLE_AUTH.local,0,0.10089508602829607,0.18415424347997775,600.2,104.4114936201949,"pearson_r, mutual_information, entropy_reduction_ratio",0.0,0.03634967803130024,0.0,0.0,0.4681257521101801
perm_com.nd.android.launcher.permission.READ_SETTINGS,0,0.10081479710685685,0.18418245231104513,600.4,104.0645953242504,"pearson_r, mutual_information, entropy_reduction_ratio",0.0,0.035948233424104234,0.0,0.0,0.4681257521101801
intent_show_taskmanager,0,0.10078537660057615,0.18419282292169706,600.6,103.71807942687715,"pearson_r, mutual_information, entropy_reduction_ratio",0.0,0.03580113089270071,0.0,0.0,0.4681257521101801
perm_com.google.android.googleapps.permission.GOOGLE_AUTH.wise,0,0.10077409571179183,0.17136450151250504,422.9,237.7232424480198,"pearson_r, mutual_information, entropy_reduction_ratio",0.0030133077661957984,0.057396032789200475,0.0009426542132865095,0.0017251030041989385,0.4407933807860775
perm_android.permission.SET_WALLPAPER,0,0.10076886636965969,0.17664114524938052,445.0,218.6293667374079,"pearson_r, mutual_information, entropy_reduction_ratio",0.0006611103346647904,0.05031755323296434,0.00032130579260668393,0.0006046197241124789,0.45193974276395016
perm_android.permission.READ_CONTACTS,0,0.10073424572213574,0.16764061987085888,413.0,246.59034855403405,"pearson_r, mutual_information, entropy_reduction_ratio",0.003171079784409428,0.06352153212922472,0.0014086886759368672,0.0029056697934495656,0.43266425822765814
perm_baidu.push.permission.WRITE_PUSHINFOPROVIDER.com.esbook.reader,0,0.1005257087503985,0.18428514417659952,601.0,103.02621025739033,"pearson_r, mutual_information, entropy_reduction_ratio",0.0,0.034502791641812455,0.0,0.0,0.4681257521101801
perm_android.permission.WRITE_CONTACTS,0,0.10052551430290277,0.19850570671204135,365.5,206.8762915367539,"pearson_r, entropy_reduction_ratio, f_stat",0.002035359564646777,0.0,0.0010606724250680091,0.0019974042362576297,0.49753413528854146
intent_android.hardware.usb.action.USB_STATE,0,0.10038427582682172,0.18433602470937968,601.2,102.68086481910834,"pearson_r, mutual_information, entropy_reduction_ratio",0.0,0.03379562702392853,0.0,0.0,0.4681257521101801
intent_com.coolcloud.xmpp.NOTIFICATION.1010048,0,0.10016261999211247,0.18441661003271478,601.8,101.647233115319,"pearson_r, mutual_information, entropy_reduction_ratio",0.0,0.032687347850382235,0.0,0.0,0.4681257521101801
intent_com.kingroot.kinguser.gamebox.ACTION_GAME_DELETED,0,0.10012943546052715,0.18442876329740482,602.0,101.30350438163529,"pearson_r, mutual_information, entropy_reduction_ratio",0.0,0.03252142519245565,0.0,0.0,0.4681257521101801
suspicious_Cipher,0,0.10003434794387593,0.19771512986621392,381.7,202.23689079888464,"pearson_r, entropy_reduction_ratio, f_stat",0.0030133077661957984,0.0,1.889086599772587e-06,0.001698419432301359,0.4954581234342827
intent_show_lock_app,0,0.10000401295674066,0.18447490557383597,602.6,100.27482236334303,"pearson_r, mutual_information, entropy_reduction_ratio",0.0,0.0318943126735232,0.0,0.0,0.4681257521101801
perm_android.permission.RECEIVE_BOOT_COMPLETED,0,0.09986897615020578,0.1977408162341742,377.5,202.4228247999716,"pearson_r, entropy_reduction_ratio, f_stat",0.0018170448994593673,0.0,0.00046847799556816677,0.001711233232252559,0.4953481246237488
perm_android.permission.CLEAR_APP_CACHE,0,0.09976334757686783,0.19745514217805116,373.9,203.42674357124238,"pearson_r, entropy_reduction_ratio, f_stat",0.001639248826162642,0.0,0.0008785041418700504,0.0016271878478327695,0.4946717970684737
perm_android.permission.RECEIVE_USER_PRESENT,0,0.0997297612509805,0.1954215728427111,337.8,101.64329786070502,"pearson_r, mutual_information, entropy_reduction_ratio",0.001191743992344846,0.0051158287829279215,0.0006197765311415826,0.0011618212792148669,0.4905596356692733
intent_com.qihoo.appstore.MEMCLEAR,0,0.09965052039927298,0.18460672565947153,602.8,99.93277740561403,"pearson_r, mutual_information, entropy_reduction_ratio",0.0,0.030126849886184776,0.0,0.0,0.4681257521101801
intent_com.android.deskclock.ALARM_SNOOZE,0,0.09950345466272956,0.18466233717695998,603.0,99.59116426671595,"pearson_r, mutual_information, entropy_reduction_ratio",0.0,0.029391521203467674,0.0,0.0,0.4681257521101801
perm_com.google.android.googleapps.permission.GOOGLE_AUTH.youtube,0,0.09947692628942684,0.18467241672151036,603.2,99.24998740554076,"pearson_r, mutual_information, entropy_reduction_ratio",0.0,0.029258879336954105,0.0,0.0,0.4681257521101801
intent_com.door.pay.sdk.app.action,0,0.09945037470667806,0.18468251979621028,603.4,98.90925133676829,"pearson_r, mutual_information, entropy_reduction_ratio",0.0,0.029126121423210177,0.0,0.0,0.4681257521101801
perm_com.huawei.authentication.HW_ACCESS_AUTH_SERVICE,0,0.09937813822593719,0.18471008078567358,603.6,98.56896063163089,"pearson_r, mutual_information, entropy_reduction_ratio",0.0,0.02876493901950584,0.0,0.0,0.4681257521101801
intent_com.qihoo.appstore.ACTION_GAME_UNION_GIFT_LiST,0,0.0993389109033755,0.18472509313156718,603.8,98.22911991868807,"pearson_r, mutual_information, entropy_reduction_ratio",0.0,0.02856880240669738,0.0,0.0,0.4681257521101801
perm_com.facebook.receiver.permission.ACCESS,0,0.09917297903132491,0.1847889504250375,604.2,97.55080727497851,"pearson_r, mutual_information, entropy_reduction_ratio",0.0,0.027739143046444502,0.0,0.0,0.4681257521101801
perm_android.permission.BODY_SENSORS,0,0.09916366512518289,0.18479255180409684,604.4,97.21234489508008,"pearson_r, mutual_information, entropy_reduction_ratio",0.0,0.027692573515734367,0.0,0.0,0.4681257521101801
intent_android.service.notification.NotificationListenerService,0,0.09915901861043924,0.17727876346737073,451.4,216.09405359703908,"pearson_r, mutual_information, entropy_reduction_ratio",0.0006432143155312317,0.042000369339680946,0.0003132874889546465,0.0005811333763515433,0.45225708853167784
intent_com.baidu.action.Xshield.VIEW,0,0.09909477238565514,0.18481924646990658,604.8,96.5368323491091,"pearson_r, mutual_information, entropy_reduction_ratio",0.0,0.027348109818095635,0.0,0.0,0.4681257521101801
intent_com.sogou.passport.service.aidl,0,0.0990623349697176,0.18483184960152177,605.0,96.19979209956745,"pearson_r, mutual_information, entropy_reduction_ratio",0.0,0.027185922738407912,0.0,0.0,0.4681257521101801
perm_com.google.android.googleapps.permission.GOOGLE_AUTH.sierrasandbox,0,0.09904486681555529,0.18483864569987568,605.2,95.86323591450478,"pearson_r, mutual_information, entropy_reduction_ratio",0.0,0.027098581967596368,0.0,0.0,0.4681257521101801
intent_com.excelliance.open.action.startNextChapter,0,0.09903652424649204,0.1848418936720201,605.4,95.52716891021109,"pearson_r, mutual_information, entropy_reduction_ratio",0.0,0.02705686912228011,0.0,0.0,0.4681257521101801
intent_com.qihoo.commonreceiver.ARRIVED,0,0.09888526065229679,0.18490103564243265,605.8,94.85652323377658,"pearson_r, mutual_information, entropy_reduction_ratio",0.0,0.026300551151303857,0.0,0.0,0.4681257521101801
perm_android.permission.WRITE_SECURE_SETTINGS,0,0.09882288521476892,0.1961118437673852,381.5,200.00949977438572,"pearson_r, f_stat, entropy_reduction_ratio",0.0011945936994253693,0.0,0.0006615291728439307,0.0012127308266047334,0.49104557237497054
perm_com.android.launcher3.permission.WRITE_SETTINGS,0,0.09882288521476892,0.1961118437673852,381.5,200.00949977438572,"pearson_r, f_stat, entropy_reduction_ratio",0.0011945936994253693,0.0,0.0006615291728439307,0.0012127308266047334,0.49104557237497054
perm_com.google.android.launcher.permission.READ_SETTINGS,0,0.09882288521476892,0.1961118437673852,381.5,200.00949977438572,"pearson_r, f_stat, entropy_reduction_ratio",0.0011945936994253693,0.0,0.0006615291728439307,0.0012127308266047334,0.49104557237497054
intent_android.intent.action.DELETE,0,0.09882288521476892,0.1961118437673852,381.5,200.00949977438572,"pearson_r, f_stat, entropy_reduction_ratio",0.0011945936994253693,0.0,0.0006615291728439307,0.0012127308266047334,0.49104557237497054
perm_android.permission.SET_TIME_ZONE,0,0.09882288521476892,0.1961118437673852,381.5,200.00949977438572,"pearson_r, f_stat, entropy_reduction_ratio",0.0011945936994253693,0.0,0.0006615291728439307,0.0012127308266047334,0.49104557237497054
perm_android.permission.WRITE_USER_DICTIONARY,0,0.09882288521476892,0.1961118437673852,381.5,200.00949977438572,"pearson_r, f_stat, entropy_reduction_ratio",0.0011945936994253693,0.0,0.0006615291728439307,0.0012127308266047334,0.49104557237497054
intent_com.huawei.android.push.intent.REGISTRATION,0,0.09882288521476892,0.1961118437673852,381.5,200.00949977438572,"pearson_r, f_stat, entropy_reduction_ratio",0.0011945936994253693,0.0,0.0006615291728439307,0.0012127308266047334,0.49104557237497054
perm_com.samsung.android.providers.context.permission.WRITE_USE_APP_FEATURE_SURVEY,0,0.09882288521476892,0.1961118437673852,381.5,200.00949977438572,"pearson_r, f_stat, entropy_reduction_ratio",0.0011945936994253693,0.0,0.0006615291728439307,0.0012127308266047334,0.49104557237497054
intent_com.yuetu.shentu.Intent.WECHAT_SHARE,0,0.09866252434504198,0.1849889886663778,606.8,93.18884053361754,"pearson_r, mutual_information, entropy_reduction_ratio",0.0,0.025186869615029816,0.0,0.0,0.4681257521101801
perm_com.miui.mihome2.permission.WRITE_SETTINGS,0,0.0984007885574665,0.18509365836520714,607.4,92.19457684701416,"pearson_r, mutual_information, entropy_reduction_ratio",0.0,0.023878190677152463,0.0,0.0,0.4681257521101801
intent_com.qihoo.appstore.checkupdate.CHECK_BAOHE_UPDATE,0,0.0983089643597877,0.18513071611504056,607.6,91.86424767013553,"pearson_r, mutual_information, entropy_reduction_ratio",0.0,0.02341906968875842,0.0,0.0,0.4681257521101801
perm_ANDROID.PERMISSION.WRITE_APN_SETTINGS,0,0.09825929172277947,0.18515083547167255,608.0,91.20526300603491,"pearson_r, mutual_information, entropy_reduction_ratio",0.0,0.02317070650371725,0.0,0.0,0.4681257521101801
suspicious_sendTextMessage,0,0.09822759550147661,0.19521503378631497,389.5,196.335936598474,"pearson_r, entropy_reduction_ratio, f_stat",0.0010144770052890456,0.0,0.0004935230927785635,0.0009730116442997296,0.4886569657650157
intent_android.intent.action.MEDIA_UNMOUNTED,0,0.09815281100624154,0.18765152385429068,341.0,83.80692095525286,"pearson_r, mutual_information, entropy_reduction_ratio",6.28352441967684e-05,0.017393922484507628,3.216244851206764e-05,5.9764781964948216e-05,0.47321537007202624
intent_com.mobiletool.appstore.service.weatherservice,0,0.09812310370239505,0.1852062590630102,608.6,90.22106184256533,"pearson_r, mutual_information, entropy_reduction_ratio",0.0,0.022489766401795164,0.0,0.0,0.4681257521101801
perm_com.samsung.android.scloud.backup.lib.write,0,0.09807154464576383,0.18522734192473397,608.8,89.89415998828845,"pearson_r, mutual_information, entropy_reduction_ratio",0.0,0.02223197111863904,0.0,0.0,0.4681257521101801
intent_com.excelliance.kxqp.action.space.stat,0,0.09790135750076386,0.1852973229492342,609.0,89.56785137536794,"pearson_r, mutual_information, entropy_reduction_ratio",0.0,0.02138103539363918,0.0,0.0,0.4681257521101801
intent_android.intent.action.NOTIFICATION_REMOVE,0,0.09788193835902251,0.18530534616822913,609.2,89.24214251125977,"pearson_r, mutual_information, entropy_reduction_ratio",0.0,0.021283939684932435,0.0,0.0,0.4681257521101801
perm_com.huawei.launcher.permission.WRITE_SETTINGS,0,0.09766553106401664,0.18539528413200917,609.4,88.9170399867202,"pearson_r, mutual_information, entropy_reduction_ratio",0.0,0.02020190320990314,0.0,0.0,0.4681257521101801
intent_com.esbook.receiver.CLICK_DOWN_BOOK,0,0.09765152658343718,0.18540113764115396,609.6,88.59255047688829,"pearson_r, mutual_information, entropy_reduction_ratio",0.0,0.02013188080700578,0.0,0.0,0.4681257521101801
intent_android.intent.action.ANY_DATA_STATE,0,0.09762773716389715,0.18541109027545247,609.8,88.26868074237883,"pearson_r, mutual_information, entropy_reduction_ratio",0.0,0.02001293370930568,0.0,0.0,0.4681257521101801
intent_com.firebase.jobdispatcher.ACTION_EXECUTE,0,0.09744880567561895,0.11981095730896239,341.0,344.4880259167218,"pearson_r, entropy_reduction_ratio, f_stat",0.07123165886758807,0.017870590207481652,0.021681046905589724,0.04240519765509574,0.3340555347423396
intent_qcast.service.Link_service,0,0.09737533055466469,0.18551740676348932,610.2,87.62282807579312,"pearson_r, mutual_information, entropy_reduction_ratio",0.0,0.018750900663143343,0.0,0.0,0.4681257521101801
intent_com.mobutils.android.mediation.MaterialNotificationReceiver.ACTION_CLICK_NOTIFICATION,0,0.09723476972323439,0.18557718144241728,610.6,86.9795378235594,"pearson_r, mutual_information, entropy_reduction_ratio",0.0,0.018048096505991807,0.0,0.0,0.4681257521101801
intent_com.urbanairship.push.DISMISSED,0,0.09715407501074338,0.14244767549639029,356.6,309.0356613725995,"pearson_r, mutual_information, entropy_reduction_ratio",0.030468095931983224,0.0472554131820543,0.009426542132865097,0.017717275464599124,0.3809030483422152
perm_android.permission.CAMERA,0,0.0971422201664213,0.10627903900214403,331.2,350.4074200127617,"pearson_r, entropy_reduction_ratio, f_stat",0.06691456090592944,0.028310499854174068,0.021685271985571707,0.06212420444244873,0.30667656364398255
intent_com.qihoo.appstore.CHECK_STORAGE,0,0.09710752746681356,0.18563164282103517,611.0,86.33886726150627,"pearson_r, mutual_information, entropy_reduction_ratio",0.0,0.017411885223887678,0.0,0.0,0.4681257521101801
intent_android.intent.action.ACTION_BOOT_COMPLETED,0,0.09706176776353848,0.14728381983362263,369.2,297.1096767188844,"pearson_r, mutual_information, entropy_reduction_ratio",0.02431422271764738,0.04909406154229994,0.007541233706292076,0.014089199423299665,0.3902701214281533
intent_com.qihoo360.daemon.pcdaemon.ACTION_START_UI2,0,0.09704926052332223,0.18565669295651405,611.4,85.7008751413893,"pearson_r, mutual_information, entropy_reduction_ratio",0.0,0.01712055050643109,0.0,0.0,0.4681257521101801
intent_org.agoo.android.intent.action.PING,0,0.09699029295932547,0.1856821153231779,611.6,85.38290226971674,"pearson_r, mutual_information, entropy_reduction_ratio",0.0,0.016825712686447294,0.0,0.0,0.4681257521101801
intent_android.settings.ADD_ACCOUNT_SETTINGS,0,0.09697743496235507,0.1856876682067575,611.8,85.06562172816938,"pearson_r, mutual_information, entropy_reduction_ratio",0.0,0.01676142270159524,0.0,0.0,0.4681257521101801
perm_telecom.mdesk.permission.READ_SETTINGS,0,0.09692764208830171,0.1857092038994708,612.0,84.74904129251256,"pearson_r, mutual_information, entropy_reduction_ratio",0.0,0.016512458331328483,0.0,0.0,0.4681257521101801
intent_com.qihoo.appstore.ACTION_GET_SIGNIN_FOR_NOTIFYCATION,0,0.09692670478154303,0.18570960977795375,612.2,84.43316883784478,"pearson_r, mutual_information, entropy_reduction_ratio",0.0,0.016507771797535053,0.0,0.0,0.4681257521101801
perm_com.actionlauncher.playstore.permission.READ_SETTINGS,0,0.09692582691343418,0.18570998993429433,612.4,84.11801233980746,"pearson_r, mutual_information, entropy_reduction_ratio",0.0,0.01650338245699081,0.0,0.0,0.4681257521101801
perm_com.qiku.android.launcher3.permission.WRITE_UNREAD,0,0.09692243212178389,0.18571146018051768,612.6,83.80357987580244,"pearson_r, mutual_information, entropy_reduction_ratio",0.0,0.01648640849873932,0.0,0.0,0.4681257521101801
intent_pre_add_game_uninstalled,0,0.09683474629325312,0.1857495178899486,613.0,83.1769198756482,"pearson_r, mutual_information, entropy_reduction_ratio",0.0,0.016047979356085484,0.0,0.0,0.4681257521101801
intent_com.qihoo.appstore.clean.result,0,0.09683461458685291,0.18574957517229004,613.2,82.86470901415149,"pearson_r, mutual_information, entropy_reduction_ratio",0.0,0.016047320824084478,0.0,0.0,0.4681257521101801
perm_com.sec.android.provider.badge.permission.READ,0,0.096814624068317,0.1105538095420445,389.5,399.5232158460882,"pearson_r, entropy_reduction_ratio, f_stat",0.08534201753198091,0.0,0.029132438263661662,0.05921562342494045,0.310383041121002
perm_com.google.android.googleapps.permission.GOOGLE_AUTH.finance,0,0.09656509141530531,0.1858675424675261,613.4,82.55325553847044,"pearson_r, mutual_information, entropy_reduction_ratio",0.0,0.014699704966346483,0.0,0.0,0.4681257521101801
perm_com.google.android.googleapps.permission.GOOGLE_AUTH.speechpersonalization,0,0.09651888142795402,0.18588791752374323,613.6,82.24256805328977,"pearson_r, mutual_information, entropy_reduction_ratio",0.0,0.014468655029589985,0.0,0.0,0.4681257521101801
intent_android.intent.action.USER_CLEARNOTIFY,0,0.09645267018008226,0.18591718778205346,613.8,81.93265527248583,"pearson_r, mutual_information, entropy_reduction_ratio",0.0,0.01413759879023121,0.0,0.0,0.4681257521101801
intent_com.excelliance.dualaid.act.action.ext,0,0.09635483471250293,0.18596060245895824,614.0,81.62352602038213,"pearson_r, mutual_information, entropy_reduction_ratio",0.0,0.01364842145233459,0.0,0.0,0.4681257521101801
perm_android.permission.WRITE_CALENDAR,0,0.09634380633495768,0.1616622642405118,407.4,265.0355447859777,"pearson_r, mutual_information, entropy_reduction_ratio",0.006832471028041159,0.048031650670253716,0.0030742077219766115,0.0058249867266118235,0.41795571552790506
intent_com.qihoo.appstore.ACTION_NORMAL_INSTALL_ERROR,0,0.09632580306802793,0.1859735229666185,614.2,81.31518923300862,"pearson_r, mutual_information, entropy_reduction_ratio",0.0,0.013503263229959527,0.0,0.0,0.4681257521101801
perm_com.facebook.katana.provider.ACCESS,0,0.09598242284298507,0.1861276500933368,614.8,80.39502472168287,"pearson_r, mutual_information, entropy_reduction_ratio",0.0,0.011786362104745242,0.0,0.0,0.4681257521101801
intent_android.provider.Telephony.SMS_RECEIVED2,0,0.09593932118558683,0.18614716634912154,615.0,80.08994943187315,"pearson_r, mutual_information, entropy_reduction_ratio",0.0,0.011570853817754063,0.0,0.0,0.4681257521101801
intent_com.qihoo.appstore.batteryrank.POWERPERCENT,0,0.09592422120241359,0.18615401251845398,615.2,79.78571300677835,"pearson_r, mutual_information, entropy_reduction_ratio",0.0,0.011495353901887856,0.0,0.0,0.4681257521101801
perm_com.google.android.googleapps.permission.GOOGLE_AUTH.orkut,0,0.09584517657505158,0.18618992632696835,615.6,79.17979540261518,"pearson_r, mutual_information, entropy_reduction_ratio",0.0,0.011100130765077798,0.0,0.0,0.4681257521101801
intent_com.sogou.pushservice.action.METHOD,0,0.09582176830761122,0.1862005862687413,615.8,78.87813385216464,"pearson_r, mutual_information, entropy_reduction_ratio",0.0,0.010983089427876012,0.0,0.0,0.4681257521101801
perm_com.google.android.googleapps.permission.GOOGLE_AUTH.blogger,0,0.09576891149611796,0.18622469789559823,616.0,78.57735042618833,"pearson_r, mutual_information, entropy_reduction_ratio",0.0,0.010718805370409774,0.0,0.0,0.4681257521101801
intent_com.sogou.androidtool.intent.action.COMMAND,0,0.09570815300805949,0.18625248429053806,616.2,78.27745524734436,"pearson_r, mutual_information, entropy_reduction_ratio",0.0,0.0104150129301174,0.0,0.0,0.4681257521101801
intent_com.qihoo.appstore.launcher.shortcut.MYFREEZE,0,0.09568651486369092,0.18626239810490902,616.4,77.97845856388801,"pearson_r, mutual_information, entropy_reduction_ratio",0.0,0.010306822208274485,0.0,0.0,0.4681257521101801
perm_com.google.android.googleapps.permission.GOOGLE_AUTH.grandcentral,0,0.0956828882888803,0.18626406060237502,616.6,77.6803707509175,"pearson_r, mutual_information, entropy_reduction_ratio",0.0,0.010288689334221371,0.0,0.0,0.4681257521101801
intent_com.excelliance.dualaid.action.ext,0,0.09561652390625613,0.1862945306647433,616.8,77.38320231161282,"pearson_r, mutual_information, entropy_reduction_ratio",0.0,0.00995686742110056,0.0,0.0,0.4681257521101801
intent_com.excelliance.kxqp.platform.gameplugin.action.BIND_REMOTE,0,0.09552978958093797,0.18633448825162288,617.0,77.0869638784665,"pearson_r, mutual_information, entropy_reduction_ratio",0.0,0.009523195794509725,0.0,0.0,0.4681257521101801
intent_com.qihoo.appstore.QihooAlliance,0,0.09539841414341231,0.1863953026709474,617.2,76.79166621450534,"pearson_r, mutual_information, entropy_reduction_ratio",0.0,0.00886631860688145,0.0,0.0,0.4681257521101801
perm_com.google.android.googleapps.permission.GOOGLE_AUTH.adsense,0,0.09531068656212938,0.18643610740733055,617.6,76.20393690617303,"pearson_r, mutual_information, entropy_reduction_ratio",0.0,0.008427680700466792,0.0,0.0,0.4681257521101801
intent_com.easou.eyou.START_EPAY_PROXY_SERVICE,0,0.09516086655508221,0.1865061541998995,618.0,75.62010314724517,"pearson_r, mutual_information, entropy_reduction_ratio",0.0,0.007678580665230948,0.0,0.0,0.4681257521101801
intent_cn.jpush.android.intent.REGISTER,0,0.09515474343539396,0.18856152549947727,355.6,99.86110353886542,"pearson_r, mutual_information, entropy_reduction_ratio",4.1632989240338554e-05,0.0034022705331894034,2.14416323413785e-05,3.960185145013694e-05,0.47226877017074853
perm_com.lge.launcher.permission.WRITE_SETTINGS,0,0.09514789915062108,0.18651223837437486,618.2,75.32967542741706,"pearson_r, mutual_information, entropy_reduction_ratio",0.0,0.007613743642925275,0.0,0.0,0.4681257521101801
perm_android.permission.ACCESS_WIMAX_STATE,0,0.09513873393205882,0.18651654065727882,618.4,75.04025586310324,"pearson_r, mutual_information, entropy_reduction_ratio",0.0,0.007567917550114055,0.0,0.0,0.4681257521101801
perm_android.permission.BIND_APPWIDGET,0,0.09511988227020844,0.18652539524455042,618.6,74.75185616424517,"pearson_r, mutual_information, entropy_reduction_ratio",0.0,0.00747365924086211,0.0,0.0,0.4681257521101801
intent_com.google.vr.vrcore.ACTION_NONE,0,0.0950593946821735,0.13982910383651723,358.6,311.76119065720803,"pearson_r, mutual_information, entropy_reduction_ratio",0.025937612645432286,0.0441407725295108,0.010626088007830235,0.020722424092751088,0.3738700761353431
intent_com.example.servicejar.action.START_SPIRIT,0,0.09505006599941193,0.18655825050976715,618.8,74.46448818060861,"pearson_r, mutual_information, entropy_reduction_ratio",0.0,0.007124577886879567,0.0,0.0,0.4681257521101801
perm_qiku.permission.READ_WRITE_SAFE_SPACE,0,0.0949943588679749,0.18658453687229523,619.0,74.17816390286295,"pearson_r, mutual_information, entropy_reduction_ratio",0.0,0.006846042229694425,0.0,0.0,0.4681257521101801
intent_com.sogou.passport.service.upload,0,0.09495584363466789,0.18660274767404578,619.2,73.8928954636371,"pearson_r, mutual_information, entropy_reduction_ratio",0.0,0.006653466063159292,0.0,0.0,0.4681257521101801
perm_android.permission.REBOOT_IPO,0,0.09491806125839945,0.1866206411328742,619.4,73.60869513855003,"pearson_r, mutual_information, entropy_reduction_ratio",0.0,0.006464554181817203,0.0,0.0,0.4681257521101801
perm_org.adwfreak.launcher.permission.WRITE_SETTINGS,0,0.0948093792264249,0.18667227313596957,619.6,73.3255753472143,"pearson_r, mutual_information, entropy_reduction_ratio",0.0,0.005921144021944444,0.0,0.0,0.4681257521101801
perm_com.lenovo.launcherhdmarket.permission.READ_SETTINGS,0,0.09473795982047582,0.18670633264724726,619.8,73.0435486542104,"pearson_r, mutual_information, entropy_reduction_ratio",0.0,0.005564046992199016,0.0,0.0,0.4681257521101801
intent_com.excelliance.kxqp.platform.action.BADGE_REPORT,0,0.0947175202192559,0.18671609914554396,620.0,72.7626277700304,"pearson_r, mutual_information, entropy_reduction_ratio",0.0,0.005461848986099408,0.0,0.0,0.4681257521101801
intent_android.intent.action.defaultSmsSet,0,0.09466972194297742,0.18673897116910412,620.2,72.48282555198853,"pearson_r, mutual_information, entropy_reduction_ratio",0.0,0.005222857604706993,0.0,0.0,0.4681257521101801
perm_com.android.email.permission.ACCESS_PROVIDER,0,0.09461616114142055,0.1867646554352155,620.6,71.9266292829019,"pearson_r, mutual_information, entropy_reduction_ratio",0.0,0.004955053596922639,0.0,0.0,0.4681257521101801
perm_com.qihoo.appstore.update.permission.clear_sdk,0,0.09454240779816134,0.186800117481068,620.8,71.65026168828695,"pearson_r, mutual_information, entropy_reduction_ratio",0.0,0.004586286880626558,0.0,0.0,0.4681257521101801
intent_cn.jpush.android.intent.PushService,0,0.09447428932875608,0.18889724101695066,404.5,190.5255888325765,"pearson_r, entropy_reduction_ratio, f_stat",4.1632989240338554e-05,0.0,2.14416323413785e-05,3.960185145013694e-05,0.47226877017074853
intent_cn.jpush.android.intent.REPORT,0,0.09447428932875608,0.18889724101695066,404.5,190.5255888325765,"pearson_r, entropy_reduction_ratio, f_stat",4.1632989240338554e-05,0.0,2.14416323413785e-05,3.960185145013694e-05,0.47226877017074853
intent_cn.jpush.android.intent.PUSH_TIME,0,0.09447428932875608,0.18889724101695066,404.5,190.5255888325765,"pearson_r, entropy_reduction_ratio, f_stat",4.1632989240338554e-05,0.0,2.14416323413785e-05,3.960185145013694e-05,0.47226877017074853
intent_cn.jpush.android.intent.CONNECTION,0,0.09447428932875608,0.18889724101695066,404.5,190.5255888325765,"pearson_r, entropy_reduction_ratio, f_stat",4.1632989240338554e-05,0.0,2.14416323413785e-05,3.960185145013694e-05,0.47226877017074853
perm_android.permission.READ_SYNC_STATS,0,0.09447428932875608,0.18889724101695066,404.5,190.5255888325765,"pearson_r, entropy_reduction_ratio, f_stat",4.1632989240338554e-05,0.0,2.14416323413785e-05,3.960185145013694e-05,0.47226877017074853
perm_com.google.android.googleapps.permission.GOOGLE_AUTH.android,0,0.09444310706952666,0.1868480365168019,621.2,71.1010548444958,"pearson_r, mutual_information, entropy_reduction_ratio",0.0,0.004089783237453242,0.0,0.0,0.4681257521101801
perm_com.motorola.dlauncher.permission.READ_SETTINGS,0,0.09441602440844941,0.186861140157496,621.4,70.82824295434696,"pearson_r, mutual_information, entropy_reduction_ratio",0.0,0.003954369932067013,0.0,0.0,0.4681257521101801
intent_,0,0.09428293021357939,0.18692575103328188,622.0,70.01714075853141,"pearson_r, mutual_information, entropy_reduction_ratio",0.0,0.0032888989577168196,0.0,0.0,0.4681257521101801
perm_android.permission.GET_CLIPS,0,0.09426925392391505,0.1869324104294877,622.2,69.74926522910475,"pearson_r, mutual_information, entropy_reduction_ratio",0.0,0.0032205175093951662,0.0,0.0,0.4681257521101801
perm_android.permission.RECEIVE_WAP_PUSH,0,0.09421950893216699,0.1884134722680951,410.5,187.70721882761995,"pearson_r, entropy_reduction_ratio, f_stat",2.0689477599188375e-05,0.0,1.072081617068925e-05,1.968119354328078e-05,0.47104645317352184
perm_org.simalliance.openmobileapi.SMARTCARD,0,0.09421950893216699,0.1884134722680951,410.5,187.70721882761995,"pearson_r, entropy_reduction_ratio, f_stat",2.0689477599188375e-05,0.0,1.072081617068925e-05,1.968119354328078e-05,0.47104645317352184
intent_cn.jpush.android.intent.ACTION_RICHPUSH_CALLBACK,0,0.09421950893216699,0.1884134722680951,410.5,187.70721882761995,"pearson_r, entropy_reduction_ratio, f_stat",2.0689477599188375e-05,0.0,1.072081617068925e-05,1.968119354328078e-05,0.47104645317352184
perm_android.permission.ACCESS_ALL_DOWNLOADS,0,0.09421950893216699,0.1884134722680951,410.5,187.70721882761995,"pearson_r, entropy_reduction_ratio, f_stat",2.0689477599188375e-05,0.0,1.072081617068925e-05,1.968119354328078e-05,0.47104645317352184
intent_com.qihoo360.daemon.pcdaemon.NotifyServiceStart2,0,0.09421741198483603,0.18695768800832419,622.4,69.48265970729676,"pearson_r, mutual_information, entropy_reduction_ratio",0.0,0.002961307814000046,0.0,0.0,0.4681257521101801
perm_org.adw.launcher.permission.READ_SETTINGS,0,0.09417869924216256,0.18697659919968587,622.6,69.21733886823445,"pearson_r, mutual_information, entropy_reduction_ratio",0.0,0.0027677441006326744,0.0,0.0,0.4681257521101801
intent_download.service.action,0,0.0941551511049464,0.1869881172207702,622.8,68.95331754165278,"pearson_r, mutual_information, entropy_reduction_ratio",0.0,0.0026500034145519164,0.0,0.0,0.4681257521101801
intent_com.google.android.gms.measurement.UPLOAD,0,0.09407888018309092,0.14737132225841043,377.0,297.29984863770113,"pearson_r, mutual_information, entropy_reduction_ratio",0.020045604416507216,0.039498694225700404,0.007875904552385541,0.014902524719613182,0.38807167300124823
intent_com.mobutils.android.mediation.MaterialNotificationReceiver.ACTION_AD_EXPIRES,0,0.09402702457358394,0.1870509826805286,623.2,68.42923351901584,"pearson_r, mutual_information, entropy_reduction_ratio",0.0,0.00200937075773958,0.0,0.0,0.4681257521101801
perm_com.google.android.googleapps.permission.GOOGLE_AUTH.sierra,0,0.0939153748090247,0.18710603272796625,623.6,67.91052937505347,"pearson_r, mutual_information, entropy_reduction_ratio",0.0,0.0014511219349434125,0.0,0.0,0.4681257521101801
perm_me.everything.badger.permission.BADGE_COUNT_READ,0,0.09387468763412263,0.12237077527587095,400.9,385.63952079630013,"pearson_r, entropy_reduction_ratio, f_stat",0.07123165886758807,0.0,0.021681046905589724,0.04240519765509574,0.3340555347423396
perm_com.samsung.svoice.sync.ACCESS_SERVICE,0,0.09382788927458346,0.18714934321881152,623.8,67.65323347778731,"pearson_r, mutual_information, entropy_reduction_ratio",0.0,0.0010136942627372142,0.0,0.0,0.4681257521101801
intent_com.excelliance.open.action.fw,0,0.09382666016273125,0.18714995279542465,624.0,67.3973293239428,"pearson_r, mutual_information, entropy_reduction_ratio",0.0,0.0010075487034761198,0.0,0.0,0.4681257521101801
intent_com.excelliance.dualaid.action.download,0,0.09369850079759917,0.18721367954135895,624.6,66.63812722458518,"pearson_r, mutual_information, entropy_reduction_ratio",0.0,0.0003667518778157403,0.0,0.0,0.4681257521101801
perm_com.samsung.android.scloud.backup.lib.read,0,0.0936266083543107,0.1872495718992188,624.8,66.38795071396616,"pearson_r, mutual_information, entropy_reduction_ratio",0.0,7.289661373430549e-06,0.0,0.0,0.4681257521101801
suspicious_getSystemService,0,0.09362515042203602,0.18725030084407204,670.7,72.34334800104291,"pearson_r, entropy_reduction_ratio, mutual_information",0.0,0.0,0.0,0.0,0.4681257521101801
suspicious_Base64,0,0.09362515042203602,0.18725030084407204,670.7,72.34334800104291,"pearson_r, entropy_reduction_ratio, mutual_information",0.0,0.0,0.0,0.0,0.4681257521101801
suspicious_getExternalStorageDirectory,0,0.09362515042203602,0.18725030084407204,670.7,72.34334800104291,"pearson_r, entropy_reduction_ratio, mutual_information",0.0,0.0,0.0,0.0,0.4681257521101801
perm_android.permission.ACCESS_CACHE_FILESYSTEM,0,0.09362515042203602,0.18725030084407204,670.7,72.34334800104291,"pearson_r, entropy_reduction_ratio, mutual_information",0.0,0.0,0.0,0.0,0.4681257521101801
perm_android.permission.CLEAR_APP_USER_DATA,0,0.09362515042203602,0.18725030084407204,670.7,72.34334800104291,"pearson_r, entropy_reduction_ratio, mutual_information",0.0,0.0,0.0,0.0,0.4681257521101801
perm_android.permission.SAMSUNG_TUNTAP,0,0.09362515042203602,0.18725030084407204,670.7,72.34334800104291,"pearson_r, entropy_reduction_ratio, mutual_information",0.0,0.0,0.0,0.0,0.4681257521101801
perm_net.qihoo.launcher.permission.READ_SETTINGS,0,0.09362515042203602,0.18725030084407204,670.7,72.34334800104291,"pearson_r, entropy_reduction_ratio, mutual_information",0.0,0.0,0.0,0.0,0.4681257521101801
perm_com.fede.launcher.permission.READ_SETTINGS,0,0.09362515042203602,0.18725030084407204,670.7,72.34334800104291,"pearson_r, entropy_reduction_ratio, mutual_information",0.0,0.0,0.0,0.0,0.4681257521101801
perm_com.lge.launcher.permission.READ_SETTINGS,0,0.09362515042203602,0.18725030084407204,670.7,72.34334800104291,"pearson_r, entropy_reduction_ratio, mutual_information",0.0,0.0,0.0,0.0,0.4681257521101801
perm_com.htc.launcher.permission.WRITE_SETTINGS,0,0.09362515042203602,0.18725030084407204,670.7,72.34334800104291,"pearson_r, entropy_reduction_ratio, mutual_information",0.0,0.0,0.0,0.0,0.4681257521101801
perm_com.android.mylauncher.permission.READ_SETTINGS,0,0.09362515042203602,0.18725030084407204,670.7,72.34334800104291,"pearson_r, entropy_reduction_ratio, mutual_information",0.0,0.0,0.0,0.0,0.4681257521101801
perm_com.tencent.qqlauncher.permission.READ_SETTINGS,0,0.09362515042203602,0.18725030084407204,670.7,72.34334800104291,"pearson_r, entropy_reduction_ratio, mutual_information",0.0,0.0,0.0,0.0,0.4681257521101801
intent_cn.egame.terminal.sdk.SERVICE_CMD,0,0.09362515042203602,0.18725030084407204,670.7,72.34334800104291,"pearson_r, entropy_reduction_ratio, mutual_information",0.0,0.0,0.0,0.0,0.4681257521101801
intent_cn.egame.terminal.sdk.RECEIVER_CMD,0,0.09362515042203602,0.18725030084407204,670.7,72.34334800104291,"pearson_r, entropy_reduction_ratio, mutual_information",0.0,0.0,0.0,0.0,0.4681257521101801
intent_com.qihoo.appstore.launcher.shortcut.MYSOFT,0,0.09362515042203602,0.18725030084407204,670.7,72.34334800104291,"pearson_r, entropy_reduction_ratio, mutual_information",0.0,0.0,0.0,0.0,0.4681257521101801
perm_com.qihoo.appstore.permission.NEWS_SDK_BROADCAST,0,0.09362515042203602,0.18725030084407204,670.7,72.34334800104291,"pearson_r, entropy_reduction_ratio, mutual_information",0.0,0.0,0.0,0.0,0.4681257521101801
intent_com.qihoo.appstore.launcher.shortcut.GAME_RESERVATION,0,0.09362515042203602,0.18725030084407204,670.7,72.34334800104291,"pearson_r, entropy_reduction_ratio, mutual_information",0.0,0.0,0.0,0.0,0.4681257521101801
intent_com.qihoo.appstore.launcher.shortcut.GAMEUNION,0,0.09362515042203602,0.18725030084407204,670.7,72.34334800104291,"pearson_r, entropy_reduction_ratio, mutual_information",0.0,0.0,0.0,0.0,0.4681257521101801
perm_dianxin.permission.READ_SETTINGS,0,0.09362515042203602,0.18725030084407204,670.7,72.34334800104291,"pearson_r, entropy_reduction_ratio, mutual_information",0.0,0.0,0.0,0.0,0.4681257521101801
intent_com.qihoo.appstore.download,0,0.09362515042203602,0.18725030084407204,670.7,72.34334800104291,"pearson_r, entropy_reduction_ratio, mutual_information",0.0,0.0,0.0,0.0,0.4681257521101801
intent_com.qihoo.appstore.clean.scan.finish,0,0.09362515042203602,0.18725030084407204,670.7,72.34334800104291,"pearson_r, entropy_reduction_ratio, mutual_information",0.0,0.0,0.0,0.0,0.4681257521101801
intent_com.qihoo.appstore.launcher.shortcut.HOME_GAME,0,0.09362515042203602,0.18725030084407204,670.7,72.34334800104291,"pearson_r, entropy_reduction_ratio, mutual_information",0.0,0.0,0.0,0.0,0.4681257521101801
intent_com.qihoo.express.push.MSG_ARRIVED,0,0.09362515042203602,0.18725030084407204,670.7,72.34334800104291,"pearson_r, entropy_reduction_ratio, mutual_information",0.0,0.0,0.0,0.0,0.4681257521101801
intent_com.qihoo.appstore.freeze.ICON,0,0.09362515042203602,0.18725030084407204,670.7,72.34334800104291,"pearson_r, entropy_reduction_ratio, mutual_information",0.0,0.0,0.0,0.0,0.4681257521101801
intent_com.qihoo.appstore.battery.POWER_RANK_START,0,0.09362515042203602,0.18725030084407204,670.7,72.34334800104291,"pearson_r, entropy_reduction_ratio, mutual_information",0.0,0.0,0.0,0.0,0.4681257521101801
intent_com.qihoo360.mobilesafe.pcdaemon.sms.cancel.default.smsreceive,0,0.09362515042203602,0.18725030084407204,670.7,72.34334800104291,"pearson_r, entropy_reduction_ratio, mutual_information",0.0,0.0,0.0,0.0,0.4681257521101801
intent_com.qihoo360.mobilesafe.pcdaemon.filehandle,0,0.09362515042203602,0.18725030084407204,670.7,72.34334800104291,"pearson_r, entropy_reduction_ratio, mutual_information",0.0,0.0,0.0,0.0,0.4681257521101801
intent_com.qihoo360.daemon.pcdaemon.NotifyServiceStop2,0,0.09362515042203602,0.18725030084407204,670.7,72.34334800104291,"pearson_r, entropy_reduction_ratio, mutual_information",0.0,0.0,0.0,0.0,0.4681257521101801
intent_com.qihoo360.daemon.pcdaemon.ACTION_SEND_SMS_SEND_STATUS_FORWARD2,0,0.09362515042203602,0.18725030084407204,670.7,72.34334800104291,"pearson_r, entropy_reduction_ratio, mutual_information",0.0,0.0,0.0,0.0,0.4681257521101801
intent_com.qihoo360.daemon.pcdaemon.ACTION_START_SERVICE2,0,0.09362515042203602,0.18725030084407204,670.7,72.34334800104291,"pearson_r, entropy_reduction_ratio, mutual_information",0.0,0.0,0.0,0.0,0.4681257521101801
intent_com.qihoo360.daemon.pcdaemon.ACTION_START_CAPTURE,0,0.09362515042203602,0.18725030084407204,670.7,72.34334800104291,"pearson_r, entropy_reduction_ratio, mutual_information",0.0,0.0,0.0,0.0,0.4681257521101801
intent_com.qihoo.appstore.zhushouhelper.IZhushouHelperService,0,0.09362515042203602,0.18725030084407204,670.7,72.34334800104291,"pearson_r, entropy_reduction_ratio, mutual_information",0.0,0.0,0.0,0.0,0.4681257521101801
intent_com.qihoo.appstore.videomini,0,0.09362515042203602,0.18725030084407204,670.7,72.34334800104291,"pearson_r, entropy_reduction_ratio, mutual_information",0.0,0.0,0.0,0.0,0.4681257521101801
intent_com.qihoo.appstore.powerusage.SAVE_MODE,0,0.09362515042203602,0.18725030084407204,670.7,72.34334800104291,"pearson_r, entropy_reduction_ratio, mutual_information",0.0,0.0,0.0,0.0,0.4681257521101801
intent_qihooappstore.gotoadmin,0,0.09362515042203602,0.18725030084407204,670.7,72.34334800104291,"pearson_r, entropy_reduction_ratio, mutual_information",0.0,0.0,0.0,0.0,0.4681257521101801
intent_com.qihoo.appstore.launcher.shortcut.PLAYGAME,0,0.09362515042203602,0.18725030084407204,670.7,72.34334800104291,"pearson_r, entropy_reduction_ratio, mutual_information",0.0,0.0,0.0,0.0,0.4681257521101801
intent_com.qihoo.appstore.ACTION_NOTIFY_UNINSTALL,0,0.09362515042203602,0.18725030084407204,670.7,72.34334800104291,"pearson_r, entropy_reduction_ratio, mutual_information",0.0,0.0,0.0,0.0,0.4681257521101801
intent_com.qihoo.appstore.ACTION_UNINSTALL,0,0.09362515042203602,0.18725030084407204,670.7,72.34334800104291,"pearson_r, entropy_reduction_ratio, mutual_information",0.0,0.0,0.0,0.0,0.4681257521101801
intent_com.qihoo.appstore.ACTION_MEM_SCAN,0,0.09362515042203602,0.18725030084407204,670.7,72.34334800104291,"pearson_r, entropy_reduction_ratio, mutual_information",0.0,0.0,0.0,0.0,0.4681257521101801
intent_com.qihoo.appstore.ACTION_GET_DOWNLOAD_APK_PATH,0,0.09362515042203602,0.18725030084407204,670.7,72.34334800104291,"pearson_r, entropy_reduction_ratio, mutual_information",0.0,0.0,0.0,0.0,0.4681257521101801
intent_com.qihoo.appstore.ACTION_GAME_UNION_WEB,0,0.09362515042203602,0.18725030084407204,670.7,72.34334800104291,"pearson_r, entropy_reduction_ratio, mutual_information",0.0,0.0,0.0,0.0,0.4681257521101801
intent_com.qihoo.appstore.ACTION_WIRTE_CHANNEL_AND_INSTALL,0,0.09362515042203602,0.18725030084407204,670.7,72.34334800104291,"pearson_r, entropy_reduction_ratio, mutual_information",0.0,0.0,0.0,0.0,0.4681257521101801
intent_com.qihoo.appstore.ACTION_GAME_UNION_DETAIL,0,0.09362515042203602,0.18725030084407204,670.7,72.34334800104291,"pearson_r, entropy_reduction_ratio, mutual_information",0.0,0.0,0.0,0.0,0.4681257521101801
intent_com.qihoo.appstore.ACTION_EVENT_STAT,0,0.09362515042203602,0.18725030084407204,670.7,72.34334800104291,"pearson_r, entropy_reduction_ratio, mutual_information",0.0,0.0,0.0,0.0,0.4681257521101801
intent_com.qihoo.appstore.ACTION_PACKAGE_REMOVED_NEED_CLEAR,0,0.09362515042203602,0.18725030084407204,670.7,72.34334800104291,"pearson_r, entropy_reduction_ratio, mutual_information",0.0,0.0,0.0,0.0,0.4681257521101801
intent_com.qihoo.appstore.ACTION_CLEAR_BACKGROUND,0,0.09362515042203602,0.18725030084407204,670.7,72.34334800104291,"pearson_r, entropy_reduction_ratio, mutual_information",0.0,0.0,0.0,0.0,0.4681257521101801
intent_com.qihoo.appstore.ACTION_CLEAN_START_SERVICE,0,0.09362515042203602,0.18725030084407204,670.7,72.34334800104291,"pearson_r, entropy_reduction_ratio, mutual_information",0.0,0.0,0.0,0.0,0.4681257521101801
intent_com.qihoo.appstore.checkupdate.NOTIFY_APP_UPDATE,0,0.09362515042203602,0.18725030084407204,670.7,72.34334800104291,"pearson_r, entropy_reduction_ratio, mutual_information",0.0,0.0,0.0,0.0,0.4681257521101801
intent_com.qihoo.appstore.checkupdate.INIT_APK_INFO,0,0.09362515042203602,0.18725030084407204,670.7,72.34334800104291,"pearson_r, entropy_reduction_ratio, mutual_information",0.0,0.0,0.0,0.0,0.4681257521101801
intent_com.qihoo.appstore.ACTION_DAEMON_CORE_SERVICE,0,0.09362515042203602,0.18725030084407204,670.7,72.34334800104291,"pearson_r, entropy_reduction_ratio, mutual_information",0.0,0.0,0.0,0.0,0.4681257521101801
intent_com.qihoo.appstore.battery.ICON,0,0.09362515042203602,0.18725030084407204,670.7,72.34334800104291,"pearson_r, entropy_reduction_ratio, mutual_information",0.0,0.0,0.0,0.0,0.4681257521101801
intent_com.qihoo.appstore.ACTION_START_RADICALROOT,0,0.09362515042203602,0.18725030084407204,670.7,72.34334800104291,"pearson_r, entropy_reduction_ratio, mutual_information",0.0,0.0,0.0,0.0,0.4681257521101801
intent_com.qihoo.appstore.battery.ACCESSIBILITY_ALERT,0,0.09362515042203602,0.18725030084407204,670.7,72.34334800104291,"pearson_r, entropy_reduction_ratio, mutual_information",0.0,0.0,0.0,0.0,0.4681257521101801
intent_com.qihoo.appstore.checkupdate.RESTART_ALL_DOWNLOAD,0,0.09362515042203602,0.18725030084407204,670.7,72.34334800104291,"pearson_r, entropy_reduction_ratio, mutual_information",0.0,0.0,0.0,0.0,0.4681257521101801
intent_com.qihoo.appstore.PACKAGE_ADDED,0,0.09362515042203602,0.18725030084407204,670.7,72.34334800104291,"pearson_r, entropy_reduction_ratio, mutual_information",0.0,0.0,0.0,0.0,0.4681257521101801
intent_com.qihoo.appstore.LitePluginDownload,0,0.09362515042203602,0.18725030084407204,670.7,72.34334800104291,"pearson_r, entropy_reduction_ratio, mutual_information",0.0,0.0,0.0,0.0,0.4681257521101801
intent_com.qihoo.appstore.CHECK_APP_UPDATE_DESK_NOTIFICATION,0,0.09362515042203602,0.18725030084407204,670.7,72.34334800104291,"pearson_r, entropy_reduction_ratio, mutual_information",0.0,0.0,0.0,0.0,0.4681257521101801
intent_com.qihoo.appstore.plugin.START_PLUGIN_FROM_PROXY_LISTENER,0,0.09362515042203602,0.18725030084407204,670.7,72.34334800104291,"pearson_r, entropy_reduction_ratio, mutual_information",0.0,0.0,0.0,0.0,0.4681257521101801
intent_com.qihoo.appstore.open.wallet,0,0.09362515042203602,0.18725030084407204,670.7,72.34334800104291,"pearson_r, entropy_reduction_ratio, mutual_information",0.0,0.0,0.0,0.0,0.4681257521101801
intent_com.qihoo.appstore.notification.notify_action,0,0.09362515042203602,0.18725030084407204,670.7,72.34334800104291,"pearson_r, entropy_reduction_ratio, mutual_information",0.0,0.0,0.0,0.0,0.4681257521101801
intent_com.qihoo.appstore.notification.click_action,0,0.09362515042203602,0.18725030084407204,670.7,72.34334800104291,"pearson_r, entropy_reduction_ratio, mutual_information",0.0,0.0,0.0,0.0,0.4681257521101801
intent_com.qihoo.appstore.NOTIFY_DELETE,0,0.09362515042203602,0.18725030084407204,670.7,72.34334800104291,"pearson_r, entropy_reduction_ratio, mutual_information",0.0,0.0,0.0,0.0,0.4681257521101801
intent_action.qihoo360.daemon.pcdaemon.DaemonStatus,0,0.09362515042203602,0.18725030084407204,670.7,72.34334800104291,"pearson_r, entropy_reduction_ratio, mutual_information",0.0,0.0,0.0,0.0,0.4681257521101801
perm_android.permission.READ_INSTALL_SESSIONS,0,0.09362515042203602,0.18725030084407204,670.7,72.34334800104291,"pearson_r, entropy_reduction_ratio, mutual_information",0.0,0.0,0.0,0.0,0.4681257521101801
perm_com.yulong.android.launcher3.WRITE_SETTINGS,0,0.09362515042203602,0.18725030084407204,670.7,72.34334800104291,"pearson_r, entropy_reduction_ratio, mutual_information",0.0,0.0,0.0,0.0,0.4681257521101801
perm_com.meizu.flyme.launcher.permission.WRITE_SETTINGS,0,0.09362515042203602,0.18725030084407204,670.7,72.34334800104291,"pearson_r, entropy_reduction_ratio, mutual_information",0.0,0.0,0.0,0.0,0.4681257521101801
perm_xmpp.permission.ACCESS_API,0,0.09362515042203602,0.18725030084407204,670.7,72.34334800104291,"pearson_r, entropy_reduction_ratio, mutual_information",0.0,0.0,0.0,0.0,0.4681257521101801
intent_com.qihoo.appstore.notification.click,0,0.09362515042203602,0.18725030084407204,670.7,72.34334800104291,"pearson_r, entropy_reduction_ratio, mutual_information",0.0,0.0,0.0,0.0,0.4681257521101801
perm_com.anddoes.launcher.permission.READ_SETTINGS,0,0.09362515042203602,0.18725030084407204,670.7,72.34334800104291,"pearson_r, entropy_reduction_ratio, mutual_information",0.0,0.0,0.0,0.0,0.4681257521101801
perm_android.permission.READ_SOCIAL_STREAM,0,0.09362515042203602,0.18725030084407204,670.7,72.34334800104291,"pearson_r, entropy_reduction_ratio, mutual_information",0.0,0.0,0.0,0.0,0.4681257521101801
perm_com.ztemt.launcher.permission.READ_SETTINGS,0,0.09362515042203602,0.18725030084407204,670.7,72.34334800104291,"pearson_r, entropy_reduction_ratio, mutual_information",0.0,0.0,0.0,0.0,0.4681257521101801
perm_android.permission.WRITE_SOCIAL_STREAM,0,0.09362515042203602,0.18725030084407204,670.7,72.34334800104291,"pearson_r, entropy_reduction_ratio, mutual_information",0.0,0.0,0.0,0.0,0.4681257521101801
perm_android.permission.PERSISTENT_ACTIVITY,0,0.09362515042203602,0.18725030084407204,670.7,72.34334800104291,"pearson_r, entropy_reduction_ratio, mutual_information",0.0,0.0,0.0,0.0,0.4681257521101801
perm_com.android.voicemail.permission.ADD_VOICEMAIL,0,0.09362515042203602,0.18725030084407204,670.7,72.34334800104291,"pearson_r, entropy_reduction_ratio, mutual_information",0.0,0.0,0.0,0.0,0.4681257521101801
perm_com.yulong.android.launcherL.permission.READ_SETTINGS,0,0.09362515042203602,0.18725030084407204,670.7,72.34334800104291,"pearson_r, entropy_reduction_ratio, mutual_information",0.0,0.0,0.0,0.0,0.4681257521101801
perm_com.yulong.android.launcher3.READ_SETTINGS,0,0.09362515042203602,0.18725030084407204,670.7,72.34334800104291,"pearson_r, entropy_reduction_ratio, mutual_information",0.0,0.0,0.0,0.0,0.4681257521101801
perm_com.qiku.launcher.permission.READ_SETTINGS,0,0.09362515042203602,0.18725030084407204,670.7,72.34334800104291,"pearson_r, entropy_reduction_ratio, mutual_information",0.0,0.0,0.0,0.0,0.4681257521101801
perm_com.meizu.flyme.launcher.permission.READ_SETTINGS,0,0.09362515042203602,0.18725030084407204,670.7,72.34334800104291,"pearson_r, entropy_reduction_ratio, mutual_information",0.0,0.0,0.0,0.0,0.4681257521101801
perm_com.android.launcher2.permission.WRITE_SETTINGS,0,0.09362515042203602,0.18725030084407204,670.7,72.34334800104291,"pearson_r, entropy_reduction_ratio, mutual_information",0.0,0.0,0.0,0.0,0.4681257521101801
perm_com.google.android.providers.talk.permission.WRITE_ONLY,0,0.09362515042203602,0.18725030084407204,670.7,72.34334800104291,"pearson_r, entropy_reduction_ratio, mutual_information",0.0,0.0,0.0,0.0,0.4681257521101801
perm_com.google.android.gms.permission.AD_ID_NOTIFICATION,0,0.09362515042203602,0.18725030084407204,670.7,72.34334800104291,"pearson_r, entropy_reduction_ratio, mutual_information",0.0,0.0,0.0,0.0,0.4681257521101801
perm_com.google.android.googleapps.permission.GOOGLE_AUTH.YouTubeUser,0,0.09362515042203602,0.18725030084407204,670.7,72.34334800104291,"pearson_r, entropy_reduction_ratio, mutual_information",0.0,0.0,0.0,0.0,0.4681257521101801
perm_com.google.android.googleapps.permission.GOOGLE_AUTH.news,0,0.09362515042203602,0.18725030084407204,670.7,72.34334800104291,"pearson_r, entropy_reduction_ratio, mutual_information",0.0,0.0,0.0,0.0,0.4681257521101801
perm_com.google.android.googleapps.permission.GOOGLE_AUTH.speech,0,0.09362515042203602,0.18725030084407204,670.7,72.34334800104291,"pearson_r, entropy_reduction_ratio, mutual_information",0.0,0.0,0.0,0.0,0.4681257521101801
perm_com.google.android.googleapps.permission.GOOGLE_AUTH.jotspot,0,0.09362515042203602,0.18725030084407204,670.7,72.34334800104291,"pearson_r, entropy_reduction_ratio, mutual_information",0.0,0.0,0.0,0.0,0.4681257521101801
perm_com.google.android.googleapps.permission.GOOGLE_AUTH.ig,0,0.09362515042203602,0.18725030084407204,670.7,72.34334800104291,"pearson_r, entropy_reduction_ratio, mutual_information",0.0,0.0,0.0,0.0,0.4681257521101801
perm_com.google.android.googleapps.permission.GOOGLE_AUTH.health,0,0.09362515042203602,0.18725030084407204,670.7,72.34334800104291,"pearson_r, entropy_reduction_ratio, mutual_information",0.0,0.0,0.0,0.0,0.4681257521101801
perm_com.google.android.googleapps.permission.GOOGLE_AUTH.gbase,0,0.09362515042203602,0.18725030084407204,670.7,72.34334800104291,"pearson_r, entropy_reduction_ratio, mutual_information",0.0,0.0,0.0,0.0,0.4681257521101801
perm_com.google.android.googleapps.permission.GOOGLE_AUTH.dodgeball,0,0.09362515042203602,0.18725030084407204,670.7,72.34334800104291,"pearson_r, entropy_reduction_ratio, mutual_information",0.0,0.0,0.0,0.0,0.4681257521101801
perm_com.google.android.googleapps.permission.GOOGLE_AUTH.notebook,0,0.09362515042203602,0.18725030084407204,670.7,72.34334800104291,"pearson_r, entropy_reduction_ratio, mutual_information",0.0,0.0,0.0,0.0,0.4681257521101801
perm_com.google.android.googleapps.permission.GOOGLE_AUTH.cl,0,0.09362515042203602,0.18725030084407204,670.7,72.34334800104291,"pearson_r, entropy_reduction_ratio, mutual_information",0.0,0.0,0.0,0.0,0.4681257521101801
perm_com.google.android.googleapps.permission.GOOGLE_AUTH.ah,0,0.09362515042203602,0.18725030084407204,670.7,72.34334800104291,"pearson_r, entropy_reduction_ratio, mutual_information",0.0,0.0,0.0,0.0,0.4681257521101801
perm_com.google.android.googleapps.permission.GOOGLE_AUTH.print,0,0.09362515042203602,0.18725030084407204,670.7,72.34334800104291,"pearson_r, entropy_reduction_ratio, mutual_information",0.0,0.0,0.0,0.0,0.4681257521101801
perm_com.google.android.googleapps.permission.GOOGLE_AUTH.mobile,0,0.09362515042203602,0.18725030084407204,670.7,72.34334800104291,"pearson_r, entropy_reduction_ratio, mutual_information",0.0,0.0,0.0,0.0,0.4681257521101801
perm_com.google.android.googleapps.permission.GOOGLE_AUTH.mail,0,0.09362515042203602,0.18725030084407204,670.7,72.34334800104291,"pearson_r, entropy_reduction_ratio, mutual_information",0.0,0.0,0.0,0.0,0.4681257521101801
intent_android.net.wifi.supplicant.CONNECTION_CHANGE,0,0.09362515042203602,0.18725030084407204,670.7,72.34334800104291,"pearson_r, entropy_reduction_ratio, mutual_information",0.0,0.0,0.0,0.0,0.4681257521101801
perm_android.permission.TRANSMIT_IR,0,0.09362515042203602,0.18725030084407204,670.7,72.34334800104291,"pearson_r, entropy_reduction_ratio, mutual_information",0.0,0.0,0.0,0.0,0.4681257521101801
perm_com.s.launcher.permission.READ_SETTINGS,0,0.09362515042203602,0.18725030084407204,670.7,72.34334800104291,"pearson_r, entropy_reduction_ratio, mutual_information",0.0,0.0,0.0,0.0,0.4681257521101801
perm_android.permission.BIND_ACCESSIBILITY_SERVICE,0,0.09362515042203602,0.18725030084407204,670.7,72.34334800104291,"pearson_r, entropy_reduction_ratio, mutual_information",0.0,0.0,0.0,0.0,0.4681257521101801
perm_com.mx.launcher.permission.READ_SETTINGS,0,0.09362515042203602,0.18725030084407204,670.7,72.34334800104291,"pearson_r, entropy_reduction_ratio, mutual_information",0.0,0.0,0.0,0.0,0.4681257521101801
perm_com.google.android.googleapps.permission.GOOGLE_AUTH.androidsecure,0,0.09362515042203602,0.18725030084407204,670.7,72.34334800104291,"pearson_r, entropy_reduction_ratio, mutual_information",0.0,0.0,0.0,0.0,0.4681257521101801
perm_com.teslacoilsw.launcher.permission.READ_SETTINGS,0,0.09362515042203602,0.18725030084407204,670.7,72.34334800104291,"pearson_r, entropy_reduction_ratio, mutual_information",0.0,0.0,0.0,0.0,0.4681257521101801
intent_android.intent.action.NOTIFICATION_ADD,0,0.09362515042203602,0.18725030084407204,670.7,72.34334800104291,"pearson_r, entropy_reduction_ratio, mutual_information",0.0,0.0,0.0,0.0,0.4681257521101801
intent_android.intent.action.NOTIFICATION_UPDATE,0,0.09362515042203602,0.18725030084407204,670.7,72.34334800104291,"pearson_r, entropy_reduction_ratio, mutual_information",0.0,0.0,0.0,0.0,0.4681257521101801
intent_android.provider.OppoSpeechAssist.SMS_RECEIVED,0,0.09362515042203602,0.18725030084407204,670.7,72.34334800104291,"pearson_r, entropy_reduction_ratio, mutual_information",0.0,0.0,0.0,0.0,0.4681257521101801
intent_com.miui.smsextra.hhha,0,0.09362515042203602,0.18725030084407204,670.7,72.34334800104291,"pearson_r, entropy_reduction_ratio, mutual_information",0.0,0.0,0.0,0.0,0.4681257521101801
perm_android.permission.BROADCAST_SMS,0,0.09362515042203602,0.18725030084407204,670.7,72.34334800104291,"pearson_r, entropy_reduction_ratio, mutual_information",0.0,0.0,0.0,0.0,0.4681257521101801
perm_com.anddoes.launcher.permission.WRITE_SETTINGS,0,0.09362515042203602,0.18725030084407204,670.7,72.34334800104291,"pearson_r, entropy_reduction_ratio, mutual_information",0.0,0.0,0.0,0.0,0.4681257521101801
intent_com.excelliance.kxqp.platform.gameplugin.action.UNBIND_REMOTE,0,0.09362515042203602,0.18725030084407204,670.7,72.34334800104291,"pearson_r, entropy_reduction_ratio, mutual_information",0.0,0.0,0.0,0.0,0.4681257521101801
perm_org.adw.launcher.permission.WRITE_SETTINGS,0,0.09362515042203602,0.18725030084407204,670.7,72.34334800104291,"pearson_r, entropy_reduction_ratio, mutual_information",0.0,0.0,0.0,0.0,0.4681257521101801
perm_android.permission.SIGNAL_PERSISTENT_PROCESSES,0,0.09362515042203602,0.18725030084407204,670.7,72.34334800104291,"pearson_r, entropy_reduction_ratio, mutual_information",0.0,0.0,0.0,0.0,0.4681257521101801
intent_com.tencent.smtt.tbs.video.PLAY,0,0.09362515042203602,0.18725030084407204,670.7,72.34334800104291,"pearson_r, entropy_reduction_ratio, mutual_information",0.0,0.0,0.0,0.0,0.4681257521101801
perm_com.qihoo360.launcher.permission.WRITE_SETTINGS,0,0.09362515042203602,0.18725030084407204,670.7,72.34334800104291,"pearson_r, entropy_reduction_ratio, mutual_information",0.0,0.0,0.0,0.0,0.4681257521101801
perm_com.sec.android.app.twlauncher.settings.WRITE_SETTINGS,0,0.09362515042203602,0.18725030084407204,670.7,72.34334800104291,"pearson_r, entropy_reduction_ratio, mutual_information",0.0,0.0,0.0,0.0,0.4681257521101801
perm_net.qihoo.launcher.permission.WRITE_SETTINGS,0,0.09362515042203602,0.18725030084407204,670.7,72.34334800104291,"pearson_r, entropy_reduction_ratio, mutual_information",0.0,0.0,0.0,0.0,0.4681257521101801
perm_com.android.mylauncher.permission.WRITE_SETTINGS,0,0.09362515042203602,0.18725030084407204,670.7,72.34334800104291,"pearson_r, entropy_reduction_ratio, mutual_information",0.0,0.0,0.0,0.0,0.4681257521101801
perm_com.tencent.qqlauncher.permission.WRITE_SETTINGS,0,0.09362515042203602,0.18725030084407204,670.7,72.34334800104291,"pearson_r, entropy_reduction_ratio, mutual_information",0.0,0.0,0.0,0.0,0.4681257521101801
perm_com.huawei.launcher3.permission.WRITE_SETTINGS,0,0.09362515042203602,0.18725030084407204,670.7,72.34334800104291,"pearson_r, entropy_reduction_ratio, mutual_information",0.0,0.0,0.0,0.0,0.4681257521101801
perm_sec.android.permission.READ_MSG_PREF,0,0.09362515042203602,0.18725030084407204,670.7,72.34334800104291,"pearson_r, entropy_reduction_ratio, mutual_information",0.0,0.0,0.0,0.0,0.4681257521101801
perm_com.samsung.android.providers.context.permission.READ_RECORD_AUDIO,0,0.09362515042203602,0.18725030084407204,670.7,72.34334800104291,"pearson_r, entropy_reduction_ratio, mutual_information",0.0,0.0,0.0,0.0,0.4681257521101801
perm_com.sec.android.permission.LAUNCH_PERSONAL_PAGE_SERVICE,0,0.09362515042203602,0.18725030084407204,670.7,72.34334800104291,"pearson_r, entropy_reduction_ratio, mutual_information",0.0,0.0,0.0,0.0,0.4681257521101801
intent_com.snowfish.a.a.s.ABGSvc,0,0.09362515042203602,0.18725030084407204,670.7,72.34334800104291,"pearson_r, entropy_reduction_ratio, mutual_information",0.0,0.0,0.0,0.0,0.4681257521101801
perm_com.sec.android.app.voicenote.Controller,0,0.09362515042203602,0.18725030084407204,670.7,72.34334800104291,"pearson_r, entropy_reduction_ratio, mutual_information",0.0,0.0,0.0,0.0,0.4681257521101801
intent_com.excelliance.kxqp.NEXT_CHAPTER,0,0.09362515042203602,0.18725030084407204,670.7,72.34334800104291,"pearson_r, entropy_reduction_ratio, mutual_information",0.0,0.0,0.0,0.0,0.4681257521101801
perm_com.sec.android.settings.permission.SOFT_RESET,0,0.09362515042203602,0.18725030084407204,670.7,72.34334800104291,"pearson_r, entropy_reduction_ratio, mutual_information",0.0,0.0,0.0,0.0,0.4681257521101801
perm_ACCESS_WIFI_STATE,0,0.09362515042203602,0.18725030084407204,670.7,72.34334800104291,"pearson_r, entropy_reduction_ratio, mutual_information",0.0,0.0,0.0,0.0,0.4681257521101801
perm_android.permission.GET_INTENT_SENDER_INTENT,0,0.09362515042203602,0.18725030084407204,670.7,72.34334800104291,"pearson_r, entropy_reduction_ratio, mutual_information",0.0,0.0,0.0,0.0,0.4681257521101801
intent_android.intent.action.MAIN,0,0.09362515042203602,0.18725030084407204,670.7,72.34334800104291,"pearson_r, entropy_reduction_ratio, mutual_information",0.0,0.0,0.0,0.0,0.4681257521101801
perm_qiku.permission.RECEIVE_ACTIVITY_RESUMED,0,0.09362515042203602,0.18725030084407204,670.7,72.34334800104291,"pearson_r, entropy_reduction_ratio, mutual_information",0.0,0.0,0.0,0.0,0.4681257521101801
intent_co.ronash.pushe.ACTION_TASK_READY,0,0.09362515042203602,0.18725030084407204,670.7,72.34334800104291,"pearson_r, entropy_reduction_ratio, mutual_information",0.0,0.0,0.0,0.0,0.4681257521101801
perm_com.xiaomi.sdk.permission.PAYMENT,0,0.09362515042203602,0.18725030084407204,670.7,72.34334800104291,"pearson_r, entropy_reduction_ratio, mutual_information",0.0,0.0,0.0,0.0,0.4681257521101801
perm_android.permission.LOCAL_MAC_ADDRESS,0,0.09362515042203602,0.18725030084407204,670.7,72.34334800104291,"pearson_r, entropy_reduction_ratio, mutual_information",0.0,0.0,0.0,0.0,0.4681257521101801
intent_com.unicom.xiaowo.security.RECEIVER_CMD,0,0.09362515042203602,0.18725030084407204,670.7,72.34334800104291,"pearson_r, entropy_reduction_ratio, mutual_information",0.0,0.0,0.0,0.0,0.4681257521101801
intent_oh.rt.hj.j.g,0,0.09362515042203602,0.18725030084407204,670.7,72.34334800104291,"pearson_r, entropy_reduction_ratio, mutual_information",0.0,0.0,0.0,0.0,0.4681257521101801
intent_com.amir.nightjar.service.CONFIG_SERVICES,0,0.09362515042203602,0.18725030084407204,670.7,72.34334800104291,"pearson_r, entropy_reduction_ratio, mutual_information",0.0,0.0,0.0,0.0,0.4681257521101801
perm_cn.swiftpass.wxpay.permission.MM_MESSAGE,0,0.09362515042203602,0.18725030084407204,670.7,72.34334800104291,"pearson_r, entropy_reduction_ratio, mutual_information",0.0,0.0,0.0,0.0,0.4681257521101801
perm_com.meizu.flyme.push.permission.RECEIVE,0,0.09362515042203602,0.18725030084407204,670.7,72.34334800104291,"pearson_r, entropy_reduction_ratio, mutual_information",0.0,0.0,0.0,0.0,0.4681257521101801
perm_cn.swiftpass.wxpay.permission.MMOAUTH_CALLBACK,0,0.09362515042203602,0.18725030084407204,670.7,72.34334800104291,"pearson_r, entropy_reduction_ratio, mutual_information",0.0,0.0,0.0,0.0,0.4681257521101801
intent_android.intent.action.DOWNLOAD_WAKEUP.sogou,0,0.09362515042203602,0.18725030084407204,670.7,72.34334800104291,"pearson_r, entropy_reduction_ratio, mutual_information",0.0,0.0,0.0,0.0,0.4681257521101801
intent_android.intent.action.ERROR_NOTIFY,0,0.09362515042203602,0.18725030084407204,670.7,72.34334800104291,"pearson_r, entropy_reduction_ratio, mutual_information",0.0,0.0,0.0,0.0,0.4681257521101801
intent_com.evernote.android.job.ADD_JOB_CREATOR,0,0.09362515042203602,0.18725030084407204,670.7,72.34334800104291,"pearson_r, entropy_reduction_ratio, mutual_information",0.0,0.0,0.0,0.0,0.4681257521101801
intent_downfile,0,0.09362515042203602,0.18725030084407204,670.7,72.34334800104291,"pearson_r, entropy_reduction_ratio, mutual_information",0.0,0.0,0.0,0.0,0.4681257521101801
intent_com.excelliance.appmate.platform.gameservice.PlatService,0,0.09362515042203602,0.18725030084407204,670.7,72.34334800104291,"pearson_r, entropy_reduction_ratio, mutual_information",0.0,0.0,0.0,0.0,0.4681257521101801
intent_com.excelliance.kxqp.action.SmtServService,0,0.09362515042203602,0.18725030084407204,670.7,72.34334800104291,"pearson_r, entropy_reduction_ratio, mutual_information",0.0,0.0,0.0,0.0,0.4681257521101801
intent_com.excelliance.kxqp.action.GENERIC,0,0.09362515042203602,0.18725030084407204,670.7,72.34334800104291,"pearson_r, entropy_reduction_ratio, mutual_information",0.0,0.0,0.0,0.0,0.4681257521101801
perm_com.facebook.katana.permission.RECEIVE_ADM_MESSAGE,0,0.09362515042203602,0.18725030084407204,670.7,72.34334800104291,"pearson_r, entropy_reduction_ratio, mutual_information",0.0,0.0,0.0,0.0,0.4681257521101801
perm_com.facebook.katana.permission.CROSS_PROCESS_BROADCAST_MANAGER,0,0.09362515042203602,0.18725030084407204,670.7,72.34334800104291,"pearson_r, entropy_reduction_ratio, mutual_information",0.0,0.0,0.0,0.0,0.4681257521101801
intent_com.excelliance.kxqp.action.smtsrv,0,0.09362515042203602,0.18725030084407204,670.7,72.34334800104291,"pearson_r, entropy_reduction_ratio, mutual_information",0.0,0.0,0.0,0.0,0.4681257521101801
intent_com.excelliance.kxqp.action.init,0,0.09362515042203602,0.18725030084407204,670.7,72.34334800104291,"pearson_r, entropy_reduction_ratio, mutual_information",0.0,0.0,0.0,0.0,0.4681257521101801
intent_com.excelliance.kxqp.action.smtcnt,0,0.09362515042203602,0.18725030084407204,670.7,72.34334800104291,"pearson_r, entropy_reduction_ratio, mutual_information",0.0,0.0,0.0,0.0,0.4681257521101801
perm_com.bbk.launcher2.permission.WRITE_SETTINGS,0,0.09362515042203602,0.18725030084407204,670.7,72.34334800104291,"pearson_r, entropy_reduction_ratio, mutual_information",0.0,0.0,0.0,0.0,0.4681257521101801
intent_show_start_app,0,0.09362515042203602,0.18725030084407204,670.7,72.34334800104291,"pearson_r, entropy_reduction_ratio, mutual_information",0.0,0.0,0.0,0.0,0.4681257521101801
intent_com.easou.action.image.crop,0,0.09362515042203602,0.18725030084407204,670.7,72.34334800104291,"pearson_r, entropy_reduction_ratio, mutual_information",0.0,0.0,0.0,0.0,0.4681257521101801
intent_android.easou.eyou.SEND_SMS_RESULT,0,0.09362515042203602,0.18725030084407204,670.7,72.34334800104291,"pearson_r, entropy_reduction_ratio, mutual_information",0.0,0.0,0.0,0.0,0.4681257521101801
intent_co.ronash.pushe.RECEIVE,0,0.09362515042203602,0.18725030084407204,670.7,72.34334800104291,"pearson_r, entropy_reduction_ratio, mutual_information",0.0,0.0,0.0,0.0,0.4681257521101801
perm_com.aspire.mm.permission.READ_SETTINGS,0,0.09362515042203602,0.18725030084407204,670.7,72.34334800104291,"pearson_r, entropy_reduction_ratio, mutual_information",0.0,0.0,0.0,0.0,0.4681257521101801
perm_com.tencent.mm.permission.C2D_MESSAGE,0,0.09362515042203602,0.18725030084407204,670.7,72.34334800104291,"pearson_r, entropy_reduction_ratio, mutual_information",0.0,0.0,0.0,0.0,0.4681257521101801
perm_com.ty.launcher.permission.READ_SETTINGS,0,0.09362515042203602,0.18725030084407204,670.7,72.34334800104291,"pearson_r, entropy_reduction_ratio, mutual_information",0.0,0.0,0.0,0.0,0.4681257521101801
perm_com.baiqi.weather.permission.READ_SETTINGS,0,0.09362515042203602,0.18725030084407204,670.7,72.34334800104291,"pearson_r, entropy_reduction_ratio, mutual_information",0.0,0.0,0.0,0.0,0.4681257521101801
perm_com.mediatek.launcherplus.permission.READ_SETTINGS,0,0.09362515042203602,0.18725030084407204,670.7,72.34334800104291,"pearson_r, entropy_reduction_ratio, mutual_information",0.0,0.0,0.0,0.0,0.4681257521101801
perm_com.sonyericsson.homescreen.permission.READ_SETTINGS,0,0.09362515042203602,0.18725030084407204,670.7,72.34334800104291,"pearson_r, entropy_reduction_ratio, mutual_information",0.0,0.0,0.0,0.0,0.4681257521101801
perm_mobi.SyndicateApps.ICS.launcher.permission.READ_SETTINGS,0,0.09362515042203602,0.18725030084407204,670.7,72.34334800104291,"pearson_r, entropy_reduction_ratio, mutual_information",0.0,0.0,0.0,0.0,0.4681257521101801
perm_com.motorola.mmsp.motoswitch.permission.READ_SETTINGS,0,0.09362515042203602,0.18725030084407204,670.7,72.34334800104291,"pearson_r, entropy_reduction_ratio, mutual_information",0.0,0.0,0.0,0.0,0.4681257521101801
perm_com.thunderst.launcher.permission.READ_SETTINGS,0,0.09362515042203602,0.18725030084407204,670.7,72.34334800104291,"pearson_r, entropy_reduction_ratio, mutual_information",0.0,0.0,0.0,0.0,0.4681257521101801
perm_com.yulong2.android.launcher.permission.WRITE_SETTINGS,0,0.09362515042203602,0.18725030084407204,670.7,72.34334800104291,"pearson_r, entropy_reduction_ratio, mutual_information",0.0,0.0,0.0,0.0,0.4681257521101801
intent_android.intent.action.IMEDIATE_NOTIFY_ALARM,0,0.09362515042203602,0.18725030084407204,670.7,72.34334800104291,"pearson_r, entropy_reduction_ratio, mutual_information",0.0,0.0,0.0,0.0,0.4681257521101801
perm_com.fx.launcher.permission.WRITE_SETTINGS,0,0.09362515042203602,0.18725030084407204,670.7,72.34334800104291,"pearson_r, entropy_reduction_ratio, mutual_information",0.0,0.0,0.0,0.0,0.4681257521101801
perm_com.yulong3.android.launcher.permission.WRITE_SETTINGS,0,0.09362515042203602,0.18725030084407204,670.7,72.34334800104291,"pearson_r, entropy_reduction_ratio, mutual_information",0.0,0.0,0.0,0.0,0.4681257521101801
perm_com.yulong3.android.launcher.permission.READ_SETTINGS,0,0.09362515042203602,0.18725030084407204,670.7,72.34334800104291,"pearson_r, entropy_reduction_ratio, mutual_information",0.0,0.0,0.0,0.0,0.4681257521101801
intent_android.intent.action.UPDATE_NOTIFICATION,0,0.09362515042203602,0.18725030084407204,670.7,72.34334800104291,"pearson_r, entropy_reduction_ratio, mutual_information",0.0,0.0,0.0,0.0,0.4681257521101801
perm_android.permission.WRITE_APN_SETTING,0,0.09362515042203602,0.18725030084407204,670.7,72.34334800104291,"pearson_r, entropy_reduction_ratio, mutual_information",0.0,0.0,0.0,0.0,0.4681257521101801
intent_selfupdate_notification_cancelled,0,0.09362515042203602,0.18725030084407204,670.7,72.34334800104291,"pearson_r, entropy_reduction_ratio, mutual_information",0.0,0.0,0.0,0.0,0.4681257521101801
perm_com.yulong2.android.launcher.permission.READ_SETTINGS,0,0.09362515042203602,0.18725030084407204,670.7,72.34334800104291,"pearson_r, entropy_reduction_ratio, mutual_information",0.0,0.0,0.0,0.0,0.4681257521101801
perm_com.tencent.mm.plugin.permission.WRITE,0,0.09362515042203602,0.18725030084407204,670.7,72.34334800104291,"pearson_r, entropy_reduction_ratio, mutual_information",0.0,0.0,0.0,0.0,0.4681257521101801
intent_com.baoruan.launcher3.ACTION_THEME,0,0.09362515042203602,0.18725030084407204,670.7,72.34334800104291,"pearson_r, entropy_reduction_ratio, mutual_information",0.0,0.0,0.0,0.0,0.4681257521101801
intent_android.Intent.ACTION_NEW_OUTGOING_CALL,0,0.09362515042203602,0.18725030084407204,670.7,72.34334800104291,"pearson_r, entropy_reduction_ratio, mutual_information",0.0,0.0,0.0,0.0,0.4681257521101801
perm_com.tencent.mm.permission.MM_MESSAGE,0,0.09362515042203602,0.18725030084407204,670.7,72.34334800104291,"pearson_r, entropy_reduction_ratio, mutual_information",0.0,0.0,0.0,0.0,0.4681257521101801
intent_show_fold,0,0.09362515042203602,0.18725030084407204,670.7,72.34334800104291,"pearson_r, entropy_reduction_ratio, mutual_information",0.0,0.0,0.0,0.0,0.4681257521101801
intent_show_encourage,0,0.09362515042203602,0.18725030084407204,670.7,72.34334800104291,"pearson_r, entropy_reduction_ratio, mutual_information",0.0,0.0,0.0,0.0,0.4681257521101801
intent_com.excelliance.kxqp.action.swpsrv,0,0.09362515042203602,0.18725030084407204,670.7,72.34334800104291,"pearson_r, entropy_reduction_ratio, mutual_information",0.0,0.0,0.0,0.0,0.4681257521101801
intent_com.tencent.android.tpush.action.SDK,0,0.09362515042203602,0.18725030084407204,670.7,72.34334800104291,"pearson_r, entropy_reduction_ratio, mutual_information",0.0,0.0,0.0,0.0,0.4681257521101801
intent_show_notificationcenter,0,0.09362515042203602,0.18725030084407204,670.7,72.34334800104291,"pearson_r, entropy_reduction_ratio, mutual_information",0.0,0.0,0.0,0.0,0.4681257521101801
perm_com.xgbuy.xg.permission.JPUSH_MESSAGE,0,0.09362515042203602,0.18725030084407204,670.7,72.34334800104291,"pearson_r, entropy_reduction_ratio, mutual_information",0.0,0.0,0.0,0.0,0.4681257521101801
perm_com.lenovo.launcher.permission.WRITE_SETTINGS,0,0.09362515042203602,0.18725030084407204,670.7,72.34334800104291,"pearson_r, entropy_reduction_ratio, mutual_information",0.0,0.0,0.0,0.0,0.4681257521101801
perm_android.permission.MANAGE_DEVICE_ADMINS,0,0.09362515042203602,0.18725030084407204,670.7,72.34334800104291,"pearson_r, entropy_reduction_ratio, mutual_information",0.0,0.0,0.0,0.0,0.4681257521101801
intent_com.qihoo.psdk.service.action.remote,0,0.09362515042203602,0.18725030084407204,670.7,72.34334800104291,"pearson_r, entropy_reduction_ratio, mutual_information",0.0,0.0,0.0,0.0,0.4681257521101801
intent_com.esbook.receiver.message,0,0.09362515042203602,0.18725030084407204,670.7,72.34334800104291,"pearson_r, entropy_reduction_ratio, mutual_information",0.0,0.0,0.0,0.0,0.4681257521101801
intent_com.esbook.receiver.CLICK_BOOK_UPDATE,0,0.09362515042203602,0.18725030084407204,670.7,72.34334800104291,"pearson_r, entropy_reduction_ratio, mutual_information",0.0,0.0,0.0,0.0,0.4681257521101801
intent_com.qihoo.commonservice.SERVICE,0,0.09362515042203602,0.18725030084407204,670.7,72.34334800104291,"pearson_r, entropy_reduction_ratio, mutual_information",0.0,0.0,0.0,0.0,0.4681257521101801
intent_com.qihoo.commonreceiver.CLEARED,0,0.09362515042203602,0.18725030084407204,670.7,72.34334800104291,"pearson_r, entropy_reduction_ratio, mutual_information",0.0,0.0,0.0,0.0,0.4681257521101801
intent_com.easou.eyou.START_EPAY_PROXY_ACTIVITY,0,0.09362515042203602,0.18725030084407204,670.7,72.34334800104291,"pearson_r, entropy_reduction_ratio, mutual_information",0.0,0.0,0.0,0.0,0.4681257521101801
intent_cn.uc.gamesdk.sdkweb,0,0.09362515042203602,0.18725030084407204,670.7,72.34334800104291,"pearson_r, entropy_reduction_ratio, mutual_information",0.0,0.0,0.0,0.0,0.4681257521101801
intent_com.tencent.android.tpush.action.FEEDBACK,0,0.09362515042203602,0.18725030084407204,670.7,72.34334800104291,"pearson_r, entropy_reduction_ratio, mutual_information",0.0,0.0,0.0,0.0,0.4681257521101801
intent_show_lock,0,0.09362515042203602,0.18725030084407204,670.7,72.34334800104291,"pearson_r, entropy_reduction_ratio, mutual_information",0.0,0.0,0.0,0.0,0.4681257521101801
intent_show_lock_forget_pwd,0,0.09362515042203602,0.18725030084407204,670.7,72.34334800104291,"pearson_r, entropy_reduction_ratio, mutual_information",0.0,0.0,0.0,0.0,0.4681257521101801
intent_show_about,0,0.09362515042203602,0.18725030084407204,670.7,72.34334800104291,"pearson_r, entropy_reduction_ratio, mutual_information",0.0,0.0,0.0,0.0,0.4681257521101801
intent_show_lock_set_email,0,0.09362515042203602,0.18725030084407204,670.7,72.34334800104291,"pearson_r, entropy_reduction_ratio, mutual_information",0.0,0.0,0.0,0.0,0.4681257521101801
intent_show_feedback,0,0.09362515042203602,0.18725030084407204,670.7,72.34334800104291,"pearson_r, entropy_reduction_ratio, mutual_information",0.0,0.0,0.0,0.0,0.4681257521101801
intent_android.intent.apicloud.notification,0,0.09362515042203602,0.18725030084407204,670.7,72.34334800104291,"pearson_r, entropy_reduction_ratio, mutual_information",0.0,0.0,0.0,0.0,0.4681257521101801
perm_com.qihoo.appstore.rtservice.ACCESS_RTSERVICE,0,0.09362515042203602,0.18725030084407204,670.7,72.34334800104291,"pearson_r, entropy_reduction_ratio, mutual_information",0.0,0.0,0.0,0.0,0.4681257521101801
intent_com.qihoo.sdkplugging.host.proxy.activity.VIEW,0,0.09362515042203602,0.18725030084407204,670.7,72.34334800104291,"pearson_r, entropy_reduction_ratio, mutual_information",0.0,0.0,0.0,0.0,0.4681257521101801
intent_com.excelliance.dualaid.action.downloadcomp,0,0.09362515042203602,0.18725030084407204,670.7,72.34334800104291,"pearson_r, entropy_reduction_ratio, mutual_information",0.0,0.0,0.0,0.0,0.4681257521101801
intent_com.excelliance.dualaid.action.psjardl,0,0.09362515042203602,0.18725030084407204,670.7,72.34334800104291,"pearson_r, entropy_reduction_ratio, mutual_information",0.0,0.0,0.0,0.0,0.4681257521101801
intent_com.excelliance.dualaid.action.notifystatus,0,0.09362515042203602,0.18725030084407204,670.7,72.34334800104291,"pearson_r, entropy_reduction_ratio, mutual_information",0.0,0.0,0.0,0.0,0.4681257521101801
intent_com.excelliance.dualaid.action.appcrash,0,0.09362515042203602,0.18725030084407204,670.7,72.34334800104291,"pearson_r, entropy_reduction_ratio, mutual_information",0.0,0.0,0.0,0.0,0.4681257521101801
intent_com.example.servicejar.action.SHORTCUT_CLICKED,0,0.09362515042203602,0.18725030084407204,670.7,72.34334800104291,"pearson_r, entropy_reduction_ratio, mutual_information",0.0,0.0,0.0,0.0,0.4681257521101801
intent_com.example.servicejar.action.START_ASSIST,0,0.09362515042203602,0.18725030084407204,670.7,72.34334800104291,"pearson_r, entropy_reduction_ratio, mutual_information",0.0,0.0,0.0,0.0,0.4681257521101801
perm_com.android.agedlauncher.permission.WRITE_SETTINGS,0,0.09362515042203602,0.18725030084407204,670.7,72.34334800104291,"pearson_r, entropy_reduction_ratio, mutual_information",0.0,0.0,0.0,0.0,0.4681257521101801
perm_android.permission.GET_DETAILED_TASKS,0,0.09362515042203602,0.18725030084407204,670.7,72.34334800104291,"pearson_r, entropy_reduction_ratio, mutual_information",0.0,0.0,0.0,0.0,0.4681257521101801
perm_com.android.launcher.permission.CREATE_SHORTCUT,0,0.09362515042203602,0.18725030084407204,670.7,72.34334800104291,"pearson_r, entropy_reduction_ratio, mutual_information",0.0,0.0,0.0,0.0,0.4681257521101801
intent_com.excelliance.dualaid.action.psts,0,0.09362515042203602,0.18725030084407204,670.7,72.34334800104291,"pearson_r, entropy_reduction_ratio, mutual_information",0.0,0.0,0.0,0.0,0.4681257521101801
intent_com.getui.gtc.sdk.service.action,0,0.09362515042203602,0.18725030084407204,670.7,72.34334800104291,"pearson_r, entropy_reduction_ratio, mutual_information",0.0,0.0,0.0,0.0,0.4681257521101801
intent_cn.jpush.android.intent.NOTIFICATION_CLICK_ACTION,0,0.09362515042203602,0.18725030084407204,670.7,72.34334800104291,"pearson_r, entropy_reduction_ratio, mutual_information",0.0,0.0,0.0,0.0,0.4681257521101801
perm_android.Manifest.permission.READ_PHONE_NUMBERS,0,0.09362515042203602,0.18725030084407204,670.7,72.34334800104291,"pearson_r, entropy_reduction_ratio, mutual_information",0.0,0.0,0.0,0.0,0.4681257521101801
intent_show_moresetting,0,0.09362515042203602,0.18725030084407204,670.7,72.34334800104291,"pearson_r, entropy_reduction_ratio, mutual_information",0.0,0.0,0.0,0.0,0.4681257521101801
intent_android.intent.action.SENT_SMS_ACTION,0,0.09362515042203602,0.18725030084407204,670.7,72.34334800104291,"pearson_r, entropy_reduction_ratio, mutual_information",0.0,0.0,0.0,0.0,0.4681257521101801
perm_android.Manifest.permission.READ_SMS,0,0.09362515042203602,0.18725030084407204,670.7,72.34334800104291,"pearson_r, entropy_reduction_ratio, mutual_information",0.0,0.0,0.0,0.0,0.4681257521101801
intent_com.google.Ps.Download,0,0.09362515042203602,0.18725030084407204,670.7,72.34334800104291,"pearson_r, entropy_reduction_ratio, mutual_information",0.0,0.0,0.0,0.0,0.4681257521101801
intent_com.Remind.alarm.enable,0,0.09362515042203602,0.18725030084407204,670.7,72.34334800104291,"pearson_r, entropy_reduction_ratio, mutual_information",0.0,0.0,0.0,0.0,0.4681257521101801
intent_com.excelliance.dualaid.action.pg,0,0.09362515042203602,0.18725030084407204,670.7,72.34334800104291,"pearson_r, entropy_reduction_ratio, mutual_information",0.0,0.0,0.0,0.0,0.4681257521101801
intent_com.areametrics.areametricssdk.AMLocationUpdatesBroadcastReceiver.PROCESS_UPDATES,0,0.09362515042203602,0.18725030084407204,670.7,72.34334800104291,"pearson_r, entropy_reduction_ratio, mutual_information",0.0,0.0,0.0,0.0,0.4681257521101801
perm_yulong.permission.ACCESS_YLPARAMS,0,0.09362515042203602,0.18725030084407204,670.7,72.34334800104291,"pearson_r, entropy_reduction_ratio, mutual_information",0.0,0.0,0.0,0.0,0.4681257521101801
intent_com.meizu.c2dm.intent.RECEIVE,0,0.09362515042203602,0.18725030084407204,670.7,72.34334800104291,"pearson_r, entropy_reduction_ratio, mutual_information",0.0,0.0,0.0,0.0,0.4681257521101801
intent_com.meizu.c2dm.intent.REGISTRATION,0,0.09362515042203602,0.18725030084407204,670.7,72.34334800104291,"pearson_r, entropy_reduction_ratio, mutual_information",0.0,0.0,0.0,0.0,0.4681257521101801
intent_android.intent.action.UMS_CONNECTED,0,0.09362515042203602,0.18725030084407204,670.7,72.34334800104291,"pearson_r, entropy_reduction_ratio, mutual_information",0.0,0.0,0.0,0.0,0.4681257521101801
intent_com.meizu.flyme.push.intent.MESSAGE,0,0.09362515042203602,0.18725030084407204,670.7,72.34334800104291,"pearson_r, entropy_reduction_ratio, mutual_information",0.0,0.0,0.0,0.0,0.4681257521101801
intent_com.meizu.flyme.push.intent.REGISTER.FEEDBACK,0,0.09362515042203602,0.18725030084407204,670.7,72.34334800104291,"pearson_r, entropy_reduction_ratio, mutual_information",0.0,0.0,0.0,0.0,0.4681257521101801
intent_com.meizu.flyme.push.intent.UNREGISTER.FEEDBACK,0,0.09362515042203602,0.18725030084407204,670.7,72.34334800104291,"pearson_r, entropy_reduction_ratio, mutual_information",0.0,0.0,0.0,0.0,0.4681257521101801
intent_android.intent.action.ACTION_PACKAGE_ADDED,0,0.09362515042203602,0.18725030084407204,670.7,72.34334800104291,"pearson_r, entropy_reduction_ratio, mutual_information",0.0,0.0,0.0,0.0,0.4681257521101801
intent_com.mobiletool.appstore.action.extend,0,0.09362515042203602,0.18725030084407204,670.7,72.34334800104291,"pearson_r, entropy_reduction_ratio, mutual_information",0.0,0.0,0.0,0.0,0.4681257521101801
intent_com.mobiletool.appstore.service.weathernotifyreceiver,0,0.09362515042203602,0.18725030084407204,670.7,72.34334800104291,"pearson_r, entropy_reduction_ratio, mutual_information",0.0,0.0,0.0,0.0,0.4681257521101801
intent_com.mobiletool.appstore.action.update,0,0.09362515042203602,0.18725030084407204,670.7,72.34334800104291,"pearson_r, entropy_reduction_ratio, mutual_information",0.0,0.0,0.0,0.0,0.4681257521101801
perm_android.permission.WRITE_APN_STORAGE,0,0.09362515042203602,0.18725030084407204,670.7,72.34334800104291,"pearson_r, entropy_reduction_ratio, mutual_information",0.0,0.0,0.0,0.0,0.4681257521101801
intent_com.mobiletool.appstore.browser.highspeed,0,0.09362515042203602,0.18725030084407204,670.7,72.34334800104291,"pearson_r, entropy_reduction_ratio, mutual_information",0.0,0.0,0.0,0.0,0.4681257521101801
intent_com.mobiletool.appstore.action.specialdetail,0,0.09362515042203602,0.18725030084407204,670.7,72.34334800104291,"pearson_r, entropy_reduction_ratio, mutual_information",0.0,0.0,0.0,0.0,0.4681257521101801
intent_com.mobiletool.appstore.intent.action.COMMAND,0,0.09362515042203602,0.18725030084407204,670.7,72.34334800104291,"pearson_r, entropy_reduction_ratio, mutual_information",0.0,0.0,0.0,0.0,0.4681257521101801
intent_com.mobiletool.appstore.action.main,0,0.09362515042203602,0.18725030084407204,670.7,72.34334800104291,"pearson_r, entropy_reduction_ratio, mutual_information",0.0,0.0,0.0,0.0,0.4681257521101801
intent_com.mobiletool.appstore.action.BackgroundService,0,0.09362515042203602,0.18725030084407204,670.7,72.34334800104291,"pearson_r, entropy_reduction_ratio, mutual_information",0.0,0.0,0.0,0.0,0.4681257521101801
intent_com.mobiletool.appstore.action.appdetail,0,0.09362515042203602,0.18725030084407204,670.7,72.34334800104291,"pearson_r, entropy_reduction_ratio, mutual_information",0.0,0.0,0.0,0.0,0.4681257521101801
intent_com.qihoo.sdkplugging.host.service.CommonHostProxyService,0,0.09362515042203602,0.18725030084407204,670.7,72.34334800104291,"pearson_r, entropy_reduction_ratio, mutual_information",0.0,0.0,0.0,0.0,0.4681257521101801
intent_com.mobiletool.appstore.action.download,0,0.09362515042203602,0.18725030084407204,670.7,72.34334800104291,"pearson_r, entropy_reduction_ratio, mutual_information",0.0,0.0,0.0,0.0,0.4681257521101801
intent_com.mobiletool.appstore.action.service,0,0.09362515042203602,0.18725030084407204,670.7,72.34334800104291,"pearson_r, entropy_reduction_ratio, mutual_information",0.0,0.0,0.0,0.0,0.4681257521101801
intent_android.intent.action.ACTION_MEDIA_EJECT,0,0.09362515042203602,0.18725030084407204,670.7,72.34334800104291,"pearson_r, entropy_reduction_ratio, mutual_information",0.0,0.0,0.0,0.0,0.4681257521101801
perm_com.meizu.c2dm.permission.RECEIVE,0,0.09362515042203602,0.18725030084407204,670.7,72.34334800104291,"pearson_r, entropy_reduction_ratio, mutual_information",0.0,0.0,0.0,0.0,0.4681257521101801
intent_org.agoo.android.intent.action.RE_ELECTION_V2,0,0.09362515042203602,0.18725030084407204,670.7,72.34334800104291,"pearson_r, entropy_reduction_ratio, mutual_information",0.0,0.0,0.0,0.0,0.4681257521101801
perm_com.facebook.permission.prod.FB_APP_COMMUNICATION,0,0.09362515042203602,0.18725030084407204,670.7,72.34334800104291,"pearson_r, entropy_reduction_ratio, mutual_information",0.0,0.0,0.0,0.0,0.4681257521101801
intent_com.qihoo360.accounts.action.START_SERVICE,0,0.09362515042203602,0.18725030084407204,670.7,72.34334800104291,"pearson_r, entropy_reduction_ratio, mutual_information",0.0,0.0,0.0,0.0,0.4681257521101801
perm_com.android.broswer.permission.WRITE_HISTORY_BOOKMARKS,0,0.09362515042203602,0.18725030084407204,670.7,72.34334800104291,"pearson_r, entropy_reduction_ratio, mutual_information",0.0,0.0,0.0,0.0,0.4681257521101801
intent_com.gtp.nextlauncher.theme,0,0.09362515042203602,0.18725030084407204,670.7,72.34334800104291,"pearson_r, entropy_reduction_ratio, mutual_information",0.0,0.0,0.0,0.0,0.4681257521101801
intent_com.kingroot.common.ACTION_NOTIFY_IN_SELF_APP_MAIN,0,0.09362515042203602,0.18725030084407204,670.7,72.34334800104291,"pearson_r, entropy_reduction_ratio, mutual_information",0.0,0.0,0.0,0.0,0.4681257521101801
intent_com.kingroot.kinguser.gamebox.ACTION_GAME_ADDED,0,0.09362515042203602,0.18725030084407204,670.7,72.34334800104291,"pearson_r, entropy_reduction_ratio, mutual_information",0.0,0.0,0.0,0.0,0.4681257521101801
intent_com.kingroot.kinguser.action.update,0,0.09362515042203602,0.18725030084407204,670.7,72.34334800104291,"pearson_r, entropy_reduction_ratio, mutual_information",0.0,0.0,0.0,0.0,0.4681257521101801
intent_com.qihoo.appstore.download_some_apk,0,0.09362515042203602,0.18725030084407204,670.7,72.34334800104291,"pearson_r, entropy_reduction_ratio, mutual_information",0.0,0.0,0.0,0.0,0.4681257521101801
intent_com.kingroot.common.ACTION_TOP_ACTIVITY_CHANGED,0,0.09362515042203602,0.18725030084407204,670.7,72.34334800104291,"pearson_r, entropy_reduction_ratio, mutual_information",0.0,0.0,0.0,0.0,0.4681257521101801
intent_com.kingroot.common.ACTION_SWITCH_OUT_DESKTOP,0,0.09362515042203602,0.18725030084407204,670.7,72.34334800104291,"pearson_r, entropy_reduction_ratio, mutual_information",0.0,0.0,0.0,0.0,0.4681257521101801
intent_com.kingroot.common.ACTION_NOTIFY_OUT_SELF_APP_BY_MAIN,0,0.09362515042203602,0.18725030084407204,670.7,72.34334800104291,"pearson_r, entropy_reduction_ratio, mutual_information",0.0,0.0,0.0,0.0,0.4681257521101801
intent_org.agoo.android.intent.action.ELECTION_V2,0,0.09362515042203602,0.18725030084407204,670.7,72.34334800104291,"pearson_r, entropy_reduction_ratio, mutual_information",0.0,0.0,0.0,0.0,0.4681257521101801
intent_com.excelliance.open.action.appstate,0,0.09362515042203602,0.18725030084407204,670.7,72.34334800104291,"pearson_r, entropy_reduction_ratio, mutual_information",0.0,0.0,0.0,0.0,0.4681257521101801
intent_com.excelliance.open.action.gameverchk,0,0.09362515042203602,0.18725030084407204,670.7,72.34334800104291,"pearson_r, entropy_reduction_ratio, mutual_information",0.0,0.0,0.0,0.0,0.4681257521101801
intent_com.excelliance.open.action.apkverchk,0,0.09362515042203602,0.18725030084407204,670.7,72.34334800104291,"pearson_r, entropy_reduction_ratio, mutual_information",0.0,0.0,0.0,0.0,0.4681257521101801
intent_com.excelliance.open.NEXT_CHAPTER,0,0.09362515042203602,0.18725030084407204,670.7,72.34334800104291,"pearson_r, entropy_reduction_ratio, mutual_information",0.0,0.0,0.0,0.0,0.4681257521101801
intent_android.intent.action.CONFIGURATION_CHANGED,0,0.09362515042203602,0.18725030084407204,670.7,72.34334800104291,"pearson_r, entropy_reduction_ratio, mutual_information",0.0,0.0,0.0,0.0,0.4681257521101801
intent_com.sogou.androidtool.action.topicdetail,0,0.09362515042203602,0.18725030084407204,670.7,72.34334800104291,"pearson_r, entropy_reduction_ratio, mutual_information",0.0,0.0,0.0,0.0,0.4681257521101801
intent_com.sogou.androidtool.action.specialdetail,0,0.09362515042203602,0.18725030084407204,670.7,72.34334800104291,"pearson_r, entropy_reduction_ratio, mutual_information",0.0,0.0,0.0,0.0,0.4681257521101801
intent_com.sogou.androidtool.action.extend,0,0.09362515042203602,0.18725030084407204,670.7,72.34334800104291,"pearson_r, entropy_reduction_ratio, mutual_information",0.0,0.0,0.0,0.0,0.4681257521101801
intent_com.sogou.androidtool.action.download,0,0.09362515042203602,0.18725030084407204,670.7,72.34334800104291,"pearson_r, entropy_reduction_ratio, mutual_information",0.0,0.0,0.0,0.0,0.4681257521101801
perm_com.kingroot.kinguser.permission.REQUEST,0,0.09362515042203602,0.18725030084407204,670.7,72.34334800104291,"pearson_r, entropy_reduction_ratio, mutual_information",0.0,0.0,0.0,0.0,0.4681257521101801
intent_com.sogou.androidtool.action.appdetail,0,0.09362515042203602,0.18725030084407204,670.7,72.34334800104291,"pearson_r, entropy_reduction_ratio, mutual_information",0.0,0.0,0.0,0.0,0.4681257521101801
intent_com.kingroot.master.action.NOTIFY_STATISTIC,0,0.09362515042203602,0.18725030084407204,670.7,72.34334800104291,"pearson_r, entropy_reduction_ratio, mutual_information",0.0,0.0,0.0,0.0,0.4681257521101801
intent_com.kingroot.master.action.NAIN_EXIT_NOTIFY,0,0.09362515042203602,0.18725030084407204,670.7,72.34334800104291,"pearson_r, entropy_reduction_ratio, mutual_information",0.0,0.0,0.0,0.0,0.4681257521101801
intent_com.kingroot.kinguser.SU_REQUEST,0,0.09362515042203602,0.18725030084407204,670.7,72.34334800104291,"pearson_r, entropy_reduction_ratio, mutual_information",0.0,0.0,0.0,0.0,0.4681257521101801
intent_qihu360.intent.action.EXPORT_STAT,0,0.09362515042203602,0.18725030084407204,670.7,72.34334800104291,"pearson_r, entropy_reduction_ratio, mutual_information",0.0,0.0,0.0,0.0,0.4681257521101801
intent_com.qihoo.appstore.ACTION_CHARGE_SHOW_TIPS_DLG,0,0.09362515042203602,0.18725030084407204,670.7,72.34334800104291,"pearson_r, entropy_reduction_ratio, mutual_information",0.0,0.0,0.0,0.0,0.4681257521101801
intent_com.qihoo.appstore.ACTION_WX_CLEAR,0,0.09362515042203602,0.18725030084407204,670.7,72.34334800104291,"pearson_r, entropy_reduction_ratio, mutual_information",0.0,0.0,0.0,0.0,0.4681257521101801
intent_com.secneo.plugin.action.HOURLY,0,0.09362515042203602,0.18725030084407204,670.7,72.34334800104291,"pearson_r, entropy_reduction_ratio, mutual_information",0.0,0.0,0.0,0.0,0.4681257521101801
intent_com.sogou.androidtool.highspeed,0,0.09362515042203602,0.18725030084407204,670.7,72.34334800104291,"pearson_r, entropy_reduction_ratio, mutual_information",0.0,0.0,0.0,0.0,0.4681257521101801
intent_com.excelliance.dualaid.b64.action.update.done,0,0.09362515042203602,0.18725030084407204,670.7,72.34334800104291,"pearson_r, entropy_reduction_ratio, mutual_information",0.0,0.0,0.0,0.0,0.4681257521101801
intent_com.sogou.androidtool.browser.highspeed,0,0.09362515042203602,0.18725030084407204,670.7,72.34334800104291,"pearson_r, entropy_reduction_ratio, mutual_information",0.0,0.0,0.0,0.0,0.4681257521101801
intent_com.qihoo.appstore.launcher.shortcut.HAOWU,0,0.09362515042203602,0.18725030084407204,670.7,72.34334800104291,"pearson_r, entropy_reduction_ratio, mutual_information",0.0,0.0,0.0,0.0,0.4681257521101801
intent_com.qihoo.appstore.ACTION_LOCK_SCREEN_AD_STATE_CHANGE,0,0.09362515042203602,0.18725030084407204,670.7,72.34334800104291,"pearson_r, entropy_reduction_ratio, mutual_information",0.0,0.0,0.0,0.0,0.4681257521101801
intent_com.qihoo360.daemon.pcdaemon.ACTION_START_FROM_NOTIFICATION,0,0.09362515042203602,0.18725030084407204,670.7,72.34334800104291,"pearson_r, entropy_reduction_ratio, mutual_information",0.0,0.0,0.0,0.0,0.4681257521101801
intent_com.qihoo.appstore.push.PushNotifyCancelReceiver.ACTION_INTENT_CANCEL,0,0.09362515042203602,0.18725030084407204,670.7,72.34334800104291,"pearson_r, entropy_reduction_ratio, mutual_information",0.0,0.0,0.0,0.0,0.4681257521101801
intent_com.qihoo.appstore.ACTION_LOCK_SCREEN_AD_ADD_LISTENER,0,0.09362515042203602,0.18725030084407204,670.7,72.34334800104291,"pearson_r, entropy_reduction_ratio, mutual_information",0.0,0.0,0.0,0.0,0.4681257521101801
intent_com.sogou.androidtool.service.weatherservice,0,0.09362515042203602,0.18725030084407204,670.7,72.34334800104291,"pearson_r, entropy_reduction_ratio, mutual_information",0.0,0.0,0.0,0.0,0.4681257521101801
perm_com.qiku.android.launcher3.permission.READ_UNREAD,0,0.09362515042203602,0.18725030084407204,670.7,72.34334800104291,"pearson_r, entropy_reduction_ratio, mutual_information",0.0,0.0,0.0,0.0,0.4681257521101801
perm_com.huaqin.launcherEx.permission.WRITE_SETTINGS,0,0.09362515042203602,0.18725030084407204,670.7,72.34334800104291,"pearson_r, entropy_reduction_ratio, mutual_information",0.0,0.0,0.0,0.0,0.4681257521101801
perm_android.permission.SET_ACTIVITY_WATCHER,0,0.09362515042203602,0.18725030084407204,670.7,72.34334800104291,"pearson_r, entropy_reduction_ratio, mutual_information",0.0,0.0,0.0,0.0,0.4681257521101801
perm_android.permission.CHANGE_COMPONENT_ENABLED_STATE,0,0.09362515042203602,0.18725030084407204,670.7,72.34334800104291,"pearson_r, entropy_reduction_ratio, mutual_information",0.0,0.0,0.0,0.0,0.4681257521101801
intent_android.intent.action.INPUT_METHOD_CHANGED,0,0.09362515042203602,0.18725030084407204,670.7,72.34334800104291,"pearson_r, entropy_reduction_ratio, mutual_information",0.0,0.0,0.0,0.0,0.4681257521101801
intent_com.kingroot.kinguser.ACTION_MAIN_START_CHECK,0,0.09362515042203602,0.18725030084407204,670.7,72.34334800104291,"pearson_r, entropy_reduction_ratio, mutual_information",0.0,0.0,0.0,0.0,0.4681257521101801
intent_com.kingroot.ACTION_SERVICE_PSS_RECORD,0,0.09362515042203602,0.18725030084407204,670.7,72.34334800104291,"pearson_r, entropy_reduction_ratio, mutual_information",0.0,0.0,0.0,0.0,0.4681257521101801
intent_com.kingroot.kinguser.gamebox.ACTION_GAME_REPLACE,0,0.09362515042203602,0.18725030084407204,670.7,72.34334800104291,"pearson_r, entropy_reduction_ratio, mutual_information",0.0,0.0,0.0,0.0,0.4681257521101801
intent_com.kingroot.kinguser.service.IKCommonManagerInterface,0,0.09362515042203602,0.18725030084407204,670.7,72.34334800104291,"pearson_r, entropy_reduction_ratio, mutual_information",0.0,0.0,0.0,0.0,0.4681257521101801
intent_com.excelliance.dualaid.action.process.64,0,0.09362515042203602,0.18725030084407204,670.7,72.34334800104291,"pearson_r, entropy_reduction_ratio, mutual_information",0.0,0.0,0.0,0.0,0.4681257521101801
intent_android.net.wifi.PICK_WIFI_WORK,0,0.09362515042203602,0.18725030084407204,670.7,72.34334800104291,"pearson_r, entropy_reduction_ratio, mutual_information",0.0,0.0,0.0,0.0,0.4681257521101801
perm_ANDROID.PERMISSION.SEND_SMS,0,0.09362515042203602,0.18725030084407204,670.7,72.34334800104291,"pearson_r, entropy_reduction_ratio, mutual_information",0.0,0.0,0.0,0.0,0.4681257521101801
intent_com.excelliance.open.action.queryUpdate,0,0.09362515042203602,0.18725030084407204,670.7,72.34334800104291,"pearson_r, entropy_reduction_ratio, mutual_information",0.0,0.0,0.0,0.0,0.4681257521101801
perm_android.permission.BIND_JOB_SERVICE,0,0.09362515042203602,0.18725030084407204,670.7,72.34334800104291,"pearson_r, entropy_reduction_ratio, mutual_information",0.0,0.0,0.0,0.0,0.4681257521101801
perm_com.lenovo.launcherhdmarket.permission.WRITE_SETTINGS,0,0.09362515042203602,0.18725030084407204,670.7,72.34334800104291,"pearson_r, entropy_reduction_ratio, mutual_information",0.0,0.0,0.0,0.0,0.4681257521101801
intent_com.ez.sj,0,0.09362515042203602,0.18725030084407204,670.7,72.34334800104291,"pearson_r, entropy_reduction_ratio, mutual_information",0.0,0.0,0.0,0.0,0.4681257521101801
intent_android.intent.action.CHECK_RECEIVER,0,0.09362515042203602,0.18725030084407204,670.7,72.34334800104291,"pearson_r, entropy_reduction_ratio, mutual_information",0.0,0.0,0.0,0.0,0.4681257521101801
perm_com.huaqin.launcherEx.permission.READ_SETTINGS,0,0.09362515042203602,0.18725030084407204,670.7,72.34334800104291,"pearson_r, entropy_reduction_ratio, mutual_information",0.0,0.0,0.0,0.0,0.4681257521101801
perm_com.sonymobile.home.permission.PROVIDER_ACCESS_MODIFY_CONFIGURATION,0,0.09362515042203602,0.18725030084407204,670.7,72.34334800104291,"pearson_r, entropy_reduction_ratio, mutual_information",0.0,0.0,0.0,0.0,0.4681257521101801
intent_android.fbreader.action.CLOSE,0,0.09362515042203602,0.18725030084407204,670.7,72.34334800104291,"pearson_r, entropy_reduction_ratio, mutual_information",0.0,0.0,0.0,0.0,0.4681257521101801
intent_android.fbreader.action.PLUGIN,0,0.09362515042203602,0.18725030084407204,670.7,72.34334800104291,"pearson_r, entropy_reduction_ratio, mutual_information",0.0,0.0,0.0,0.0,0.4681257521101801
intent_com.excelliance.open.action.startPromptActivity,0,0.09362515042203602,0.18725030084407204,670.7,72.34334800104291,"pearson_r, entropy_reduction_ratio, mutual_information",0.0,0.0,0.0,0.0,0.4681257521101801
intent_wifi.intent.action.SDK_RESULT,0,0.09362515042203602,0.18725030084407204,670.7,72.34334800104291,"pearson_r, entropy_reduction_ratio, mutual_information",0.0,0.0,0.0,0.0,0.4681257521101801
perm_com.ibingo.launcher.permission.READ_SETTINGS,0,0.09362515042203602,0.18725030084407204,670.7,72.34334800104291,"pearson_r, entropy_reduction_ratio, mutual_information",0.0,0.0,0.0,0.0,0.4681257521101801
intent_com.android.utils.hades.ACTION_INIT_COMMON_RES,0,0.09362515042203602,0.18725030084407204,670.7,72.34334800104291,"pearson_r, entropy_reduction_ratio, mutual_information",0.0,0.0,0.0,0.0,0.4681257521101801
perm_android.permission.STOP_APP_SWITCHES,0,0.09362515042203602,0.18725030084407204,670.7,72.34334800104291,"pearson_r, entropy_reduction_ratio, mutual_information",0.0,0.0,0.0,0.0,0.4681257521101801
intent_com.excelliance.kxqp.action.time,0,0.09362515042203602,0.18725030084407204,670.7,72.34334800104291,"pearson_r, entropy_reduction_ratio, mutual_information",0.0,0.0,0.0,0.0,0.4681257521101801
intent_cryopiggy.start,0,0.09362515042203602,0.18725030084407204,670.7,72.34334800104291,"pearson_r, entropy_reduction_ratio, mutual_information",0.0,0.0,0.0,0.0,0.4681257521101801
intent_LOCATION_SERVICE,0,0.09362515042203602,0.18725030084407204,670.7,72.34334800104291,"pearson_r, entropy_reduction_ratio, mutual_information",0.0,0.0,0.0,0.0,0.4681257521101801
intent_android.settings.SYNC_SETTINGS,0,0.09362515042203602,0.18725030084407204,670.7,72.34334800104291,"pearson_r, entropy_reduction_ratio, mutual_information",0.0,0.0,0.0,0.0,0.4681257521101801
intent_com.excelliance.kxqp.action.explore,0,0.09362515042203602,0.18725030084407204,670.7,72.34334800104291,"pearson_r, entropy_reduction_ratio, mutual_information",0.0,0.0,0.0,0.0,0.4681257521101801
intent_com.excelliance.kxqp.action.launcher,0,0.09362515042203602,0.18725030084407204,670.7,72.34334800104291,"pearson_r, entropy_reduction_ratio, mutual_information",0.0,0.0,0.0,0.0,0.4681257521101801
intent_com.telecom.sdk_auth_ui.SMS_CODE_SEND_ACTIOIN,0,0.09362515042203602,0.18725030084407204,670.7,72.34334800104291,"pearson_r, entropy_reduction_ratio, mutual_information",0.0,0.0,0.0,0.0,0.4681257521101801
intent_com.excelliance.kxqp.action.navback,0,0.09362515042203602,0.18725030084407204,670.7,72.34334800104291,"pearson_r, entropy_reduction_ratio, mutual_information",0.0,0.0,0.0,0.0,0.4681257521101801
intent_android.intent.action.START_PCM_PLAY_SERVICE,0,0.09362515042203602,0.18725030084407204,670.7,72.34334800104291,"pearson_r, entropy_reduction_ratio, mutual_information",0.0,0.0,0.0,0.0,0.4681257521101801
perm_android.permission.INJECT_EVENTS,0,0.09362515042203602,0.18725030084407204,670.7,72.34334800104291,"pearson_r, entropy_reduction_ratio, mutual_information",0.0,0.0,0.0,0.0,0.4681257521101801
perm_android.Manifest.permission.READ_PHONE_STATE,0,0.09362515042203602,0.18725030084407204,670.7,72.34334800104291,"pearson_r, entropy_reduction_ratio, mutual_information",0.0,0.0,0.0,0.0,0.4681257521101801
intent_com.gridappsinc.launcher.theme.apk_action,0,0.09362515042203602,0.18725030084407204,670.7,72.34334800104291,"pearson_r, entropy_reduction_ratio, mutual_information",0.0,0.0,0.0,0.0,0.4681257521101801
intent_com.phonemetra.turbo.launcher.icons.ACTION_PICK_ICON,0,0.09362515042203602,0.18725030084407204,670.7,72.34334800104291,"pearson_r, entropy_reduction_ratio, mutual_information",0.0,0.0,0.0,0.0,0.4681257521101801
intent_com.lge.launcher2.THEME,0,0.09362515042203602,0.18725030084407204,670.7,72.34334800104291,"pearson_r, entropy_reduction_ratio, mutual_information",0.0,0.0,0.0,0.0,0.4681257521101801
perm_com.qihoo360.home.permission.WRITE_SETTINGS,0,0.09362515042203602,0.18725030084407204,670.7,72.34334800104291,"pearson_r, entropy_reduction_ratio, mutual_information",0.0,0.0,0.0,0.0,0.4681257521101801
intent_com.cootek.smartinputv5.action.SP.DESTROY,0,0.09362515042203602,0.18725030084407204,670.7,72.34334800104291,"pearson_r, entropy_reduction_ratio, mutual_information",0.0,0.0,0.0,0.0,0.4681257521101801
perm_com.zte.mifavor.launcher.permission.WRITE_SETTINGS,0,0.09362515042203602,0.18725030084407204,670.7,72.34334800104291,"pearson_r, entropy_reduction_ratio, mutual_information",0.0,0.0,0.0,0.0,0.4681257521101801
intent_com.smartdialer.voip.action.STATE_RINGING,0,0.09362515042203602,0.18725030084407204,670.7,72.34334800104291,"pearson_r, entropy_reduction_ratio, mutual_information",0.0,0.0,0.0,0.0,0.4681257521101801
perm_com.android.browser.permission.WRITE_HISTORY_BOOKMARKS,0,0.09338790141946207,0.1682503350186757,430.6,251.28597254920538,"pearson_r, mutual_information, entropy_reduction_ratio",0.006033962183842005,0.026126760146740646,0.001885308426573019,0.003460324031825083,0.4294331523083296
intent_android.media.browse.MediaBrowserService,0,0.09327222687598191,0.1239840691049771,403.9,381.90108667035764,"pearson_r, entropy_reduction_ratio, f_stat",0.06804788769751047,0.0,0.02073839269230321,0.040435131163828,0.3371397228262679
intent_com.urbanairship.actions.SHOW_LANDING_PAGE_INTENT_ACTION,0,0.0930328411551751,0.14196035842232366,368.4,314.98926965850757,"pearson_r, entropy_reduction_ratio, mutual_information",0.03355653892950773,0.025138446464366172,0.010369196346151605,0.019547705401234045,0.37655231863461597
perm_com.google.android.googleapps.permission.GOOGLE_AUTH,0,0.092825494219879,0.16847877237663234,432.4,251.43635377566227,"pearson_r, mutual_information, entropy_reduction_ratio",0.006033962183842005,0.023314724148825273,0.001885308426573019,0.003460324031825083,0.4294331523083296
perm_android.permission.ACCESS_LOCATION_EXTRA_COMMANDS,0,0.09282120965139014,0.18559165232476557,536.3,233.45140822021185,"pearson_r, entropy_reduction_ratio, f_stat",4.186020827651897e-05,0.0,2.0486663295103426e-05,3.9188302568164206e-05,0.4640045130828109
perm_android.permission.RECORD_AUDIO,0,0.09279500318035133,0.16891039858037019,437.2,244.3410730925114,"pearson_r, mutual_information, entropy_reduction_ratio",0.0036028204367182714,0.025405699689147753,0.0014762743005778483,0.0033315667858468756,0.4301586546894659
intent_com.amazon.device.messaging.intent.RECEIVE,0,0.09252506153143575,0.14662682753113293,382.0,301.84830627320076,"pearson_r, entropy_reduction_ratio, mutual_information",0.027387336730673867,0.025392939811215185,0.008483887919578586,0.01589780694861733,0.3854633362470938
intent_cn.jpush.android.intent.MESSAGE_RECEIVED,0,0.09236634521037984,0.18460282653778884,530.5,239.47442452170128,"pearson_r, entropy_reduction_ratio, f_stat",0.00010709088239621933,0.0,5.35458056508874e-05,9.909897654261133e-05,0.4615719903873095
intent_cn.jpush.android.intent.NOTIFICATION_OPENED,0,0.09236634521037984,0.18460282653778884,530.5,239.47442452170128,"pearson_r, entropy_reduction_ratio, f_stat",0.00010709088239621933,0.0,5.35458056508874e-05,9.909897654261133e-05,0.4615719903873095
perm_android.permission.USE_CREDENTIALS,0,0.09228669321479244,0.11695023754811029,397.1,391.79795813658853,"pearson_r, entropy_reduction_ratio, f_stat",0.06443750413715106,0.0,0.024417659523238593,0.05061444965064633,0.3219638527629262
intent_android.intent.action.DOWNLOAD_COMPLETE,0,0.09188927145074163,0.18352770209376157,528.7,242.2708401768566,"pearson_r, entropy_reduction_ratio, f_stat",0.00020852889505212837,0.0,9.868890787610391e-05,0.00019449445976653525,0.45894464499101345
perm_android.permission.CALL_PHONE,0,0.0915699130222114,0.182786201301658,528.1,243.204934160473,"pearson_r, entropy_reduction_ratio, f_stat",0.0002977847795544857,0.0,0.0001311738387590865,0.0002783546473606467,0.4571422518453828
intent_android.intent.action.SENDTO,0,0.09154283839300512,0.18270374026838146,527.4,244.21842682320266,"pearson_r, entropy_reduction_ratio, f_stat",0.0003191203274231439,0.0,0.00015664374447732325,0.00028817849651043627,0.45695024939661466
perm_android.hardware.camera.autofocus,0,0.09154283839300509,0.18270374026838143,527.6,244.50406949578567,"pearson_r, entropy_reduction_ratio, f_stat",0.0003191203274231439,0.0,0.00015664374447732325,0.00028817849651043627,0.45695024939661455
intent_android.intent.action.DATE_CHANGED,0,0.09146785543002026,0.16177943970072053,418.6,269.2416015403266,"pearson_r, mutual_information, entropy_reduction_ratio",0.008382023719949974,0.024096416276040793,0.0035420293359434123,0.0066047936294292495,0.4147140141887379
intent_android.provider.Telephony.SMS_RECEIVED,0,0.09139336732563007,0.18234794965291737,526.9,245.5179015876439,"pearson_r, entropy_reduction_ratio, f_stat",0.0003642069637355549,0.0,0.00017914807149263133,0.0003343070154305266,0.45608917457749165
perm_android.permission.READ_INTERNAL_STORAGE,0,0.09083671563894022,0.1580389607993104,399.4,287.2417796909078,"pearson_r, mutual_information, entropy_reduction_ratio",0.01514037011691341,0.01884007254023333,0.0047132710664325485,0.00872759330611148,0.4067622711650103
intent_android.intent.action.SIM_STATE_CHANGED,0,0.0898270856305058,0.16981726042391096,442.4,253.20394941627586,"pearson_r, mutual_information, entropy_reduction_ratio",0.006033962183842005,0.008322681201959255,0.001885308426573019,0.003460324031825083,0.4294331523083296
perm_android.permission.WRITE_INTERNAL_STORAGE,0,0.08978700537734055,0.17803073786655202,520.7,253.25789227583806,"pearson_r, entropy_reduction_ratio, f_stat",0.0013207081343175027,0.0,0.0006212591867759077,0.0011457686902998127,0.44584729087530955
intent_cn.jpush.android.intent.DaemonService,0,0.08978700537734055,0.17803073786655202,520.7,253.25789227583806,"pearson_r, entropy_reduction_ratio, f_stat",0.0013207081343175027,0.0,0.0006212591867759077,0.0011457686902998127,0.44584729087530955
intent_android.intent.action.PHONE_STATE,0,0.08972291857322752,0.17788882502383177,520.5,254.2927446861196,"pearson_r, entropy_reduction_ratio, f_stat",0.0013067978908163909,0.0,0.000626574977909293,0.001181855430977179,0.44549936456643474
intent_android.intent.action.PACKAGE_RESTARTED,0,0.08951207491668436,0.1772271151945774,514.0,259.9823070903095,"pearson_r, entropy_reduction_ratio, f_stat",0.0015231576956126905,0.0,0.0007247875122545726,0.0013477372451724328,0.4439646921303821
intent_android.content.SyncAdapter,0,0.08951207491668434,0.17722711519457734,514.2,260.26939889276264,"pearson_r, entropy_reduction_ratio, f_stat",0.0015231576956126905,0.0,0.0007247875122545726,0.0013477372451724328,0.443964692130382
perm_android.permission.WRITE_OWNER_DATA,0,0.08929488915395176,0.1757520201879751,508.2,268.93672118176795,"pearson_r, entropy_reduction_ratio, f_stat",0.0030133077661957984,0.0,0.0009426542132865095,0.0017251030041989385,0.4407933807860775
perm_com.google.android.googleapps.permission.GOOGLE_AUTH.OTHER_SERVICES,0,0.08929488915395176,0.1757520201879751,508.2,268.93672118176795,"pearson_r, entropy_reduction_ratio, f_stat",0.0030133077661957984,0.0,0.0009426542132865095,0.0017251030041989385,0.4407933807860775
perm_com.google.android.googleapps.permission.GOOGLE_AUTH.writely,0,0.08929488915395176,0.1757520201879751,508.2,268.93672118176795,"pearson_r, entropy_reduction_ratio, f_stat",0.0030133077661957984,0.0,0.0009426542132865095,0.0017251030041989385,0.4407933807860775
perm_android.permission.REAL_GET_TASKS,0,0.08929488915395176,0.1757520201879751,508.2,268.93672118176795,"pearson_r, entropy_reduction_ratio, f_stat",0.0030133077661957984,0.0,0.0009426542132865095,0.0017251030041989385,0.4407933807860775
intent_android.intent.action.MEDIA_REMOVED,0,0.08929488915395176,0.1757520201879751,508.2,268.93672118176795,"pearson_r, entropy_reduction_ratio, f_stat",0.0030133077661957984,0.0,0.0009426542132865095,0.0017251030041989385,0.4407933807860775
perm_android.permission.RAISED_THREAD_PRIORITY,0,0.08929488915395176,0.1757520201879751,508.2,268.93672118176795,"pearson_r, entropy_reduction_ratio, f_stat",0.0030133077661957984,0.0,0.0009426542132865095,0.0017251030041989385,0.4407933807860775
intent_com.huawei.intent.action.PUSH,0,0.08929488915395176,0.1757520201879751,508.2,268.93672118176795,"pearson_r, entropy_reduction_ratio, f_stat",0.0030133077661957984,0.0,0.0009426542132865095,0.0017251030041989385,0.4407933807860775
intent_android.intent.action.PACKAGE_CHANGED,0,0.08929488915395176,0.1757520201879751,508.2,268.93672118176795,"pearson_r, entropy_reduction_ratio, f_stat",0.0030133077661957984,0.0,0.0009426542132865095,0.0017251030041989385,0.4407933807860775
intent_android.intent.action.ACTION_VIEW_DOWNLOADS,0,0.0891339804580262,0.13840308817787655,423.5,364.17742928413344,"pearson_r, entropy_reduction_ratio, f_stat",0.042868361248916735,0.0,0.013197158986011133,0.02510575943938828,0.36449862261581484
intent_android.provider.Telephony.WAP_PUSH_DELIVER,0,0.08816254939011395,0.17064676595620099,495.3,286.60174458645577,"pearson_r, entropy_reduction_ratio, f_stat",0.006033962183842005,0.0,0.001885308426573019,0.003460324031825083,0.4294331523083296
perm_android.permission.RUN_INSTRUMENTATION,0,0.08816254939011395,0.17064676595620099,495.3,286.60174458645577,"pearson_r, entropy_reduction_ratio, f_stat",0.006033962183842005,0.0,0.001885308426573019,0.003460324031825083,0.4294331523083296
perm_android.permission.SET_DEBUG_APP,0,0.08816254939011395,0.17064676595620099,495.3,286.60174458645577,"pearson_r, entropy_reduction_ratio, f_stat",0.006033962183842005,0.0,0.001885308426573019,0.003460324031825083,0.4294331523083296
intent_android.view.InputMethod,0,0.08816254939011395,0.17064676595620099,495.3,286.60174458645577,"pearson_r, entropy_reduction_ratio, f_stat",0.006033962183842005,0.0,0.001885308426573019,0.003460324031825083,0.4294331523083296
intent_com.urbanairship.push.RECEIVED,0,0.08813346918704931,0.14668693837899674,386.8,317.3095649361992,"pearson_r, entropy_reduction_ratio, f_stat",0.030468095931983224,0.0021523840635839534,0.009426542132865097,0.017717275464599124,0.3809030483422152
perm_android.permission.READ_SYNC_SETTINGS,0,0.08800515186230187,0.14469470565422723,432.1,355.2844494204608,"pearson_r, entropy_reduction_ratio, f_stat",0.03355653892950773,0.0,0.010369196346151605,0.019547705401234045,0.37655231863461597
perm_com.amazon.device.messaging.permission.RECEIVE,0,0.08800515186230187,0.14469470565422723,432.1,355.2844494204608,"pearson_r, entropy_reduction_ratio, f_stat",0.03355653892950773,0.0,0.010369196346151605,0.019547705401234045,0.37655231863461597
intent_android.intent.action.NEW_OUTGOING_CALL,0,0.0879899608790257,0.1719827972301567,501.5,278.63057980056675,"pearson_r, entropy_reduction_ratio, f_stat",0.0033959529494169156,0.0,0.0015820753967143515,0.003024562426614587,0.4319472136223827
perm_com.android.vending.CHECK_LICENSE,0,0.08771122060346194,0.1707214954021721,498.3,286.88631894881286,"pearson_r, entropy_reduction_ratio, f_stat",0.004037181927942656,0.0,0.0018637775603277224,0.0035125970273847725,0.4291425465016545
intent_com.urbanairship.push.CHANNEL_UPDATED,0,0.08770299237433253,0.14694156954076848,434.5,351.75843984188924,"pearson_r, entropy_reduction_ratio, f_stat",0.030468095931983224,0.0,0.009426542132865097,0.017717275464599124,0.3809030483422152
intent_android.intent.action.RESPOND_VIA_MESSAGE,0,0.0875570506994203,0.1665927483792129,484.1,300.16702017376923,"pearson_r, entropy_reduction_ratio, f_stat",0.009061999593063492,0.0,0.0028279626398595285,0.005205752975858051,0.4206895382883204
intent_android.intent.action.PACKAGE_FULLY_REMOVED,0,0.0875570506994203,0.1665927483792129,484.1,300.16702017376923,"pearson_r, entropy_reduction_ratio, f_stat",0.009061999593063492,0.0,0.0028279626398595285,0.005205752975858051,0.4206895382883204
intent_android.provider.Telephony.WAP_PUSH_RECEIVED,0,0.0875570506994203,0.1665927483792129,484.1,300.16702017376923,"pearson_r, entropy_reduction_ratio, f_stat",0.009061999593063492,0.0,0.0028279626398595285,0.005205752975858051,0.4206895382883204
intent_com.onesignal.NotificationExtender,0,0.08755705069942028,0.16659274837921287,484.7,301.0444485453934,"pearson_r, entropy_reduction_ratio, f_stat",0.009061999593063492,0.0,0.0028279626398595285,0.005205752975858051,0.42068953828832034
intent_io.intercom.android.sdk.INTERCOM_PUSH_DISMISSED,0,0.08703766345955793,0.15701343783372557,457.1,329.3806916016784,"pearson_r, entropy_reduction_ratio, f_stat",0.01819077729036322,0.0,0.005655925279719057,0.010504190428827994,0.4008374242988794
intent_android.media.AUDIO_BECOMING_NOISY,0,0.08703766345955793,0.15701343783372557,457.1,329.3806916016784,"pearson_r, entropy_reduction_ratio, f_stat",0.01819077729036322,0.0,0.005655925279719057,0.010504190428827994,0.4008374242988794
perm_android.permission.FLASHLIGHT,0,0.08689682300196966,0.16709073076159903,490.9,293.54495396787183,"pearson_r, entropy_reduction_ratio, f_stat",0.005721543682505415,0.0,0.0025830067482741593,0.005125924668757681,0.42105363991031103
perm_android.permission.READ_PROFILE,0,0.0867254230418599,0.1652790931769156,484.1,303.0825630088277,"pearson_r, entropy_reduction_ratio, f_stat",0.007201459160798987,0.0,0.0031879478977413275,0.00599141744584245,0.4172462907049167
suspicious_adb_enabled,0,0.08647702219527362,0.13439882369977965,424.1,364.61135473267973,"pearson_r, entropy_reduction_ratio, f_stat",0.034311866639712384,0.0,0.013468752995668597,0.030457293603952343,0.35414719773703474
perm_com.android.alarm.permission.SET_ALARM,0,0.08630816017532605,0.14881349038533212,443.7,343.415433549513,"pearson_r, entropy_reduction_ratio, f_stat",0.022570005910590007,0.0,0.008773031263673202,0.016649609725303834,0.3835481539770632
perm_android.permission.WRITE_SYNC_SETTINGS,0,0.08614850955122881,0.16014183396982556,461.9,324.37669460058316,"pearson_r, entropy_reduction_ratio, f_stat",0.010869024742983912,0.0,0.004681019384016562,0.008847153389784795,0.4063453502393588
intent_android.intent.action.SEND_MULTIPLE,0,0.08610927556761076,0.15346386390743857,456.9,330.445517445766,"pearson_r, entropy_reduction_ratio, f_stat",0.01757296949050252,0.0,0.006985782072174629,0.01317911722524554,0.39280850905013115
intent_android.intent.action.DOWNLOAD_NOTIFICATION_CLICKED,0,0.08609709356554467,0.16112780215344072,468.1,316.97924222257836,"pearson_r, entropy_reduction_ratio, f_stat",0.00962092651122633,0.0,0.004283398773803778,0.008298625379662316,0.40828251716303093
