feature,method_count,aggregated_score,score_std,rank_mean,rank_std,top_methods,entropy_reduction_ratio,mutual_information,chi2_stat,f_stat,pearson_r
perm_android.permission.READ_PHONE_STATE,5,0.8548119907673012,0.29037601846539773,1.6,1.2000000000000002,"entropy_reduction_ratio, mutual_information, f_stat",1.0,1.0,0.2740599538365057,1.0,1.0
n_api_calls,5,0.7415164401638192,0.24328203387963881,4.6,3.6110940170535577,"chi2_stat, entropy_reduction_ratio, pearson_r",0.9507212698445143,0.6092102966833198,1.0,0.3376000142091433,0.8100506200821186
suspicious_getCellLocation,5,0.7084327667009122,0.23340919227174284,3.0,1.2649110640673518,"pearson_r, f_stat, entropy_reduction_ratio",0.7728438626473894,0.7106592342679775,0.27255607544306226,0.8220303197760455,0.9640743413700861
perm_android.permission.GET_TASKS,5,0.47146545725932504,0.2117491475361458,9.0,5.0990195135927845,"pearson_r, f_stat, entropy_reduction_ratio",0.4402593926737579,0.34635776129961604,0.2395832257340496,0.46751633777761703,0.8636105688115849
intent_android.net.conn.CONNECTIVITY_CHANGE,5,0.43790478944046207,0.21792987477241813,10.4,5.535341001239218,"pearson_r, mutual_information, entropy_reduction_ratio",0.39769635436277545,0.43954130249688556,0.1532830292048794,0.37299431209963774,0.826008949038132
suspicious_getSubscriberId,5,0.4001123322447741,0.21623999212592107,13.6,3.9799497484264794,"pearson_r, entropy_reduction_ratio, mutual_information",0.34767963353542086,0.3435545651436132,0.16314867276969938,0.33659753694442585,0.8095812528307116
perm_android.permission.MOUNT_UNMOUNT_FILESYSTEMS,5,0.398776407246965,0.2118655731096559,12.4,6.343500610861482,"pearson_r, f_stat, entropy_reduction_ratio",0.3284420759338515,0.306333393656598,0.20617154885054115,0.34120426300688295,0.8117307547869513
intent_android.intent.action.PACKAGE_REMOVED,5,0.35281776412265586,0.21436449063441726,16.8,6.144916598294887,"pearson_r, mutual_information, f_stat",0.2636914578691707,0.28746213968250234,0.17204952817418354,0.26679710445981125,0.7740885904276112
intent_android.intent.action.ACTION_POWER_CONNECTED,4,0.35195660070034357,0.21672105874613914,17.6,8.5463442476886,"pearson_r, f_stat, entropy_reduction_ratio",0.27210136864747514,0.2532322494207191,0.17808640694357925,0.27680978843490794,0.7795531900550365
perm_com.android.launcher.permission.INSTALL_SHORTCUT,4,0.35085446915024737,0.22422447716154423,23.0,20.600970850908944,"pearson_r, f_stat, entropy_reduction_ratio",0.2880512393141202,0.18927529182747632,0.1907109402293046,0.2963838187315205,0.7898510556488151
intent_android.intent.action.USER_PRESENT,4,0.340836917245081,0.21531516467075956,19.4,4.715930449020639,"pearson_r, mutual_information, entropy_reduction_ratio",0.2438614199094431,0.31404099766611826,0.14840428830321029,0.23946060166803357,0.7584172786785998
suspicious_Ldalvik/system/PathClassLoader;,4,0.3360849721396989,0.2209092284328138,209.0,394.55696673611027,"mutual_information, entropy_reduction_ratio, f_stat",0.4749031204459997,0.5980384045390688,0.13807066599537599,0.45419373239851185,0.015218937319537842
intent_com.google.firebase.INSTANCE_ID_EVENT,4,0.29165196238850255,0.16287658101282507,207.8,394.60430813664465,"entropy_reduction_ratio, f_stat, mutual_information",0.48777151982401906,0.366341603878106,0.17143495355621974,0.3935723264909576,0.03913940819321046
intent_com.google.firebase.MESSAGING_EVENT,4,0.2855505228989525,0.14839884013268448,208.6,393.7083184287576,"entropy_reduction_ratio, mutual_information, f_stat",0.4489538333895298,0.4138017931984555,0.1632717038587969,0.33809577328403834,0.06362951076394187
perm_com.google.android.finsky.permission.BIND_GET_INSTALL_REFERRER_SERVICE,4,0.2376014568884619,0.1014649730367469,213.6,390.7032633598035,"entropy_reduction_ratio, mutual_information, f_stat",0.37015785563300824,0.31177760799330123,0.14106776964797943,0.26316104892764036,0.10184300224038031
perm_android.permission.READ_LOGS,3,0.33167969684979204,0.21975029886077765,22.2,11.77115117564973,"pearson_r, f_stat, entropy_reduction_ratio",0.25075323930720717,0.21618360204221804,0.17027342363531636,0.2541864161385786,0.76700180312564
perm_android.permission.CHANGE_WIFI_STATE,3,0.3258653080307938,0.22420420954704737,26.0,14.696938456699069,"pearson_r, entropy_reduction_ratio, f_stat",0.2614677891417779,0.2017959786624881,0.14606024608527549,0.25343213137562126,0.7665703948888062
n_providers,3,0.32262003505508513,0.13901978044761212,208.0,392.59444723531175,"entropy_reduction_ratio, mutual_information, chi2_stat",0.5230369305286039,0.4102134805997482,0.34289270722953535,0.18924826288443286,0.14770879403310538
perm_com.google.android.c2dm.permission.RECEIVE,3,0.3182416689824815,0.21500364931136226,209.6,395.29765999813355,"f_stat, mutual_information, entropy_reduction_ratio",0.4844596505950372,0.4924051738655244,0.11789860232311011,0.49644491812873587,0.0
perm_android.permission.ACCESS_COARSE_LOCATION,3,0.31596241588203455,0.23166574950241872,29.6,15.383107618423528,"pearson_r, entropy_reduction_ratio, f_stat",0.28432649051982145,0.20077152484897737,0.09031607232142035,0.24355742485287993,0.7608405668670736
perm_android.permission.WRITE_SETTINGS,3,0.315443225733712,0.22082901983901335,25.6,8.63944442658207,"pearson_r, entropy_reduction_ratio, f_stat",0.23481419630425612,0.22105154414900455,0.14097952026047,0.22854714657957725,0.751823721375252
intent_android.intent.action.PACKAGE_ADDED,3,0.31443980161646723,0.22069696522957735,26.6,10.480458005259122,"pearson_r, entropy_reduction_ratio, f_stat",0.23136235194692228,0.2145758284537978,0.14665501680528317,0.22807317255498716,0.7515326383213458
n_services,3,0.30032260200689664,0.15836532334042872,214.6,386.32090287738765,"entropy_reduction_ratio, mutual_information, pearson_r",0.5485639286589187,0.3860003743457998,0.24261072772273698,0.075739034377212,0.2486989449298158
intent_com.google.android.c2dm.intent.RECEIVE,3,0.2975875430139,0.19883415944580207,210.6,394.27229169699456,"f_stat, entropy_reduction_ratio, mutual_information",0.4788010237000213,0.40033169527243195,0.11871007151682518,0.48666943814576236,0.003425486434459176
perm_android.permission.ACCESS_WIFI_STATE,3,0.28920263746560243,0.23792854692140422,48.2,33.23492139301671,"pearson_r, entropy_reduction_ratio, f_stat",0.29900941103593487,0.17300875326951803,0.03753792361582124,0.20175426110688913,0.734702838299849
perm_android.permission.SYSTEM_ALERT_WINDOW,3,0.27066320923522147,0.24031803403608462,78.2,107.52190474503324,"pearson_r, entropy_reduction_ratio, f_stat",0.21709101565168584,0.06531153160715159,0.12555653409416875,0.20711473524213336,0.7382422295809679
n_permissions,2,0.3723259999612524,0.20644170772853113,34.4,32.75728926513914,"pearson_r, entropy_reduction_ratio, chi2_stat",0.48791966810252024,0.16002128562279644,0.4077610642439336,0.12771620360300054,0.6782117782340109
n_used_permissions,2,0.33321150643757863,0.23573277121003772,47.4,33.885690195125136,"pearson_r, entropy_reduction_ratio, mutual_information",0.5134742316758961,0.43679517680896623,0.041248725928116854,0.06400218601853788,0.6105372117563762
suspicious_getCellSignalStrength,2,0.3234694150339454,0.21889068297808692,24.4,7.552483035399682,"pearson_r, mutual_information, entropy_reduction_ratio",0.21406100573712356,0.35331204214597056,0.11568911194105033,0.2004513138943787,0.7338336014512039
n_urls,2,0.3085486100967468,0.30796291752324045,307.0,332.8140622029063,"entropy_reduction_ratio, pearson_r, mutual_information",0.8384393680645594,0.2957476256714267,0.006038847025249081,0.0028609422430486307,0.3996562674794501
n_activities,2,0.28638253776695255,0.26768924777171027,191.8,148.4175191815306,"entropy_reduction_ratio, pearson_r, mutual_information",0.6970208509149581,0.2845108328211691,0.0011122736539215673,0.00029584666058228733,0.4489728847841316
perm_android.permission.RESTART_PACKAGES,2,0.28568522912895433,0.2217736263025133,36.0,19.235384061671343,"pearson_r, entropy_reduction_ratio, f_stat",0.1928560563773543,0.17958539738090507,0.13754318342894858,0.19101555819541377,0.7274259502621502
n_receivers,2,0.2516738230132346,0.14247649674288973,220.8,383.5499445965284,"entropy_reduction_ratio, mutual_information, pearson_r",0.5029660061982267,0.2684795191353477,0.1629061041719661,0.0780200330212926,0.24599745253934
intent_com.android.vending.INSTALL_REFERRER,2,0.18445250937143248,0.08443585898874367,226.8,383.88925486395163,"mutual_information, entropy_reduction_ratio, f_stat",0.22592989594161417,0.30129879235124396,0.05241743277814522,0.20662702843188002,0.1359893973542789
perm_com.android.launcher.permission.UNINSTALL_SHORTCUT,1,0.27948835396280003,0.21699147910059138,31.0,6.164414002968976,"pearson_r, mutual_information, entropy_reduction_ratio",0.16178991656436878,0.25844890621940025,0.1158892379838577,0.15801934095297998,0.7032943680933937
perm_android.permission.CHANGE_NETWORK_STATE,1,0.25927385652194906,0.23093099665298825,62.0,66.75926901936539,"pearson_r, entropy_reduction_ratio, f_stat",0.18127660318588526,0.1005273712939789,0.12143017717966043,0.1761948031505509,0.7169403277996698
intent_com.igexin.sdk.action.refreshls,1,0.2561963188370055,0.216214392908696,38.4,11.11035552986492,"pearson_r, mutual_information, entropy_reduction_ratio",0.15790486957220426,0.1991542319471302,0.10506730096052667,0.1346288683508948,0.6842263233542715
perm_android.permission.BLUETOOTH_ADMIN,1,0.2553565066349476,0.2273868489724304,54.4,47.18728642335772,"pearson_r, entropy_reduction_ratio, f_stat",0.16961142607814084,0.12057770191067099,0.11454165754027681,0.16409326435885696,0.7079584832867923
perm_com.android.launcher.permission.READ_SETTINGS,1,0.23671876069186762,0.22571607996773776,59.8,52.52580318281673,"pearson_r, entropy_reduction_ratio, f_stat",0.1427412619246246,0.11338420381278767,0.10226132876981903,0.13806218391230368,0.687144825039803
perm_android.permission.SYSTEM_OVERLAY_WINDOW,1,0.2081491096342188,0.21884407367240077,97.2,46.99531891582395,"pearson_r, mutual_information, entropy_reduction_ratio",0.0446007278894746,0.343127232208039,0.034074766443825406,0.04145818187596579,0.5774846397537892
intent_com.facebook.sdk.ACTION_CURRENT_ACCESS_TOKEN_CHANGED,1,0.17239223492125547,0.06699899092572374,227.0,382.04345302596147,"mutual_information, pearson_r, entropy_reduction_ratio",0.1853836978253093,0.27366829214692967,0.08018407723688432,0.12090854295509845,0.20181656444205553
perm_com.lge.launcher.permission.READ_SETTINGS,1,0.14877592249902524,0.1867947008491246,528.0,257.25784730499475,"pearson_r, mutual_information, entropy_reduction_ratio",0.0,0.30692350844155114,0.0,0.0,0.4369561040535751
suspicious_Ljava/lang/System;->load,0,0.2579104510439164,0.2257412867458964,60.8,58.71081672060098,"pearson_r, mutual_information, entropy_reduction_ratio",0.19569258926143052,0.2686656042290962,0.018920052687668224,0.1278998405260039,0.6783741685153831
intent_org.android.agoo.client.MessageReceiverService,0,0.24653655459872192,0.21814221763942673,42.2,10.380751417888783,"pearson_r, mutual_information, entropy_reduction_ratio",0.13234418176970034,0.19754129854005598,0.09751394308480942,0.12737421703669474,0.6779091325623491
perm_android.permission.BLUETOOTH,0,0.23757565482986487,0.2182164422446584,43.4,6.740919818541086,"pearson_r, mutual_information, entropy_reduction_ratio",0.12383119545223696,0.21178561346810765,0.07465149059430345,0.1129388560543994,0.6646711185802769
perm_android.permission.EXPAND_STATUS_BAR,0,0.23523624694385054,0.2166705784580875,44.2,8.255906976220118,"pearson_r, mutual_information, entropy_reduction_ratio",0.1129535111521977,0.21201449131383068,0.08395132944012237,0.10766965199092128,0.6595922508221804
intent_android.intent.action.MEDIA_MOUNTED,0,0.23489948577664924,0.21687416995146777,44.8,8.158431221748454,"pearson_r, mutual_information, entropy_reduction_ratio",0.11223210820540064,0.2141279582219485,0.08184762747650653,0.10717835832970013,0.6591113766496903
suspicious_Ljava/lang/System;->loadLibrary,0,0.2288433152538567,0.23122329580777962,84.0,61.44916598294886,"pearson_r, entropy_reduction_ratio, mutual_information",0.19096276421020894,0.1278582801266471,0.019888827689422586,0.1274927760902456,0.6780139281527592
suspicious_getWifiState,0,0.22763814079006267,0.21897764313053242,51.8,18.312837027615355,"pearson_r, mutual_information, entropy_reduction_ratio",0.11694706621211592,0.1697248107090855,0.07988015583466296,0.10988948014170978,0.6617491910527393
perm_android.permission.ACCESS_FINE_LOCATION,0,0.22693679455795562,0.22934978712809376,66.4,44.14793313395317,"pearson_r, entropy_reduction_ratio, f_stat",0.15906259626205335,0.12126103480405927,0.04566885441260977,0.12918541337490017,0.6795060739361556
intent_com.umeng.messge.registercallback.action,0,0.22685912893977217,0.21556415206538765,50.8,11.556816170554933,"pearson_r, mutual_information, entropy_reduction_ratio",0.09237860933884302,0.24661417556079707,0.06918847619057436,0.08746293672564552,0.6386514468830009
intent_android.intent.action.MEDIA_REMOVED,0,0.22039215414659757,0.2144232319110658,52.7,8.891569040388767,"pearson_r, mutual_information, entropy_reduction_ratio",0.10840576916270193,0.18855705221336833,0.07273890066498002,0.09040144963275688,0.6418575990591807
perm_android.permission.WRITE_EXTERNAL_STORAGE,0,0.21747069807668748,0.2170121603952216,98.0,94.6953008337795,"pearson_r, mutual_information, entropy_reduction_ratio",0.13191538013932838,0.27038692339534587,0.004422797038301501,0.06665282395138321,0.6139755658590784
intent_org.agoo.android.intent.action.RECEIVE,0,0.20702829489071073,0.24021047449876584,187.1,298.74778660267924,"pearson_r, entropy_reduction_ratio, f_stat",0.13234418176970034,0.0,0.09751394308480942,0.12737421703669474,0.6779091325623491
intent_android.intent.action.ANY_DATA_STATE,0,0.20620061887231653,0.2118521798366154,69.8,19.873600579663467,"pearson_r, mutual_information, entropy_reduction_ratio",0.07182404087217226,0.24799954914088687,0.04849260044332001,0.05893820347023365,0.60374870043497
intent_android.intent.action.MEDIA_UNMOUNTED,0,0.20316576055039506,0.21351223898986507,63.6,11.11035552986492,"pearson_r, mutual_information, entropy_reduction_ratio",0.07298996284927765,0.20323256342033255,0.054565084984337694,0.06859548074728221,0.6164457107507452
suspicious_setWifiEnabled,0,0.20231395845226346,0.21593475213466834,66.4,15.628179676469042,"pearson_r, mutual_information, entropy_reduction_ratio",0.08565588168920456,0.16102281321911155,0.057869027874839905,0.07852051615370993,0.6285015533244515
intent_com.sina.weibo.sdk.action.ACTION_SDK_REQ_ACTIVITY,0,0.20221342203098863,0.2232994396050597,82.8,71.63351171065118,"pearson_r, entropy_reduction_ratio, f_stat",0.10155342423540872,0.08879653211256401,0.0756136477150891,0.09663548342602579,0.6484680226658553
perm_android.permission.DISABLE_KEYGUARD,0,0.19968304478147395,0.22331320724668238,85.2,72.38618652754128,"pearson_r, entropy_reduction_ratio, f_stat",0.099884146539514,0.0869593268755716,0.07148015482711813,0.09418843456471132,0.6459031611004546
perm_android.permission.DOWNLOAD_WITHOUT_NOTIFICATION,0,0.19844893998009971,0.21228880659749663,70.4,15.793669617919706,"pearson_r, mutual_information, entropy_reduction_ratio",0.06535722486186518,0.21027984209747547,0.049484486517401144,0.06081805226057177,0.606305094163185
perm_android.permission.BROADCAST_STICKY,0,0.19835343462714028,0.21652485440216124,72.4,25.796123739817965,"pearson_r, mutual_information, entropy_reduction_ratio",0.08280851393842038,0.14137730764252135,0.061445041449425565,0.07811274269363189,0.6280235674117022
intent_com.igexin.sdk.action.pushmanager,0,0.19823091817890554,0.22215493312921342,90.7,82.91839361685682,"pearson_r, entropy_reduction_ratio, f_stat",0.10840576916270193,0.07775087237490796,0.07273890066498002,0.09040144963275688,0.6418575990591808
intent_com.igexin.sdk.action.7fjUl2Z3LH6xYy7NQK4ni4,0,0.19508110263252854,0.2134535710372339,74.0,22.351733713517618,"pearson_r, mutual_information, entropy_reduction_ratio",0.08396725502567691,0.14829765733366423,0.05657470051720668,0.06927057960048098,0.6172953206856138
perm_android.permission.REORDER_TASKS,0,0.19390800240986267,0.22323997882819027,95.2,84.27194076322202,"pearson_r, entropy_reduction_ratio, f_stat",0.09407035053603396,0.07619413248614769,0.07045440393128964,0.08875380875129799,0.640067316344544
perm_android.permission.RECEIVE_BOOT_COMPLETED,0,0.19350380594798677,0.23022039340929257,108.6,103.24262685538372,"pearson_r, entropy_reduction_ratio, f_stat",0.12092129726177556,0.06052248161193318,0.037412985343912575,0.09838412154646155,0.650278143975851
intent_android.intent.action.MEDIA_CHECKING,0,0.19318701769804383,0.2097325835707203,81.8,25.10697114348921,"pearson_r, mutual_information, entropy_reduction_ratio",0.05973088865510974,0.22797469360363778,0.04041050036943334,0.048756665217958656,0.5890623406440796
suspicious_system/bin/su,0,0.19301261955690246,0.21397582830055403,76.2,10.533755265810953,"pearson_r, mutual_information, entropy_reduction_ratio",0.07447335574509624,0.17465378275720797,0.04052406366904483,0.06437959216725163,0.6110323034459116
intent_android.intent.action.SCREEN_ON,0,0.19079795326431512,0.21689062982853927,82.0,39.73411632338134,"pearson_r, mutual_information, entropy_reduction_ratio",0.08083650519552524,0.11649622332103574,0.05982181746896046,0.07386998336132697,0.6229652369747272
intent_safiap.GET_SHARED_DATA,0,0.1888575469845752,0.20904910515364922,107.7,38.62460355783603,"pearson_r, mutual_information, entropy_reduction_ratio",0.0476873325541014,0.25268247495774004,0.03232840029554667,0.038722683444878024,0.5728668436706098
intent_org.agoo.android.intent.action.PING_V4,0,0.18436748932925875,0.2235936656536313,109.6,105.49426524697918,"pearson_r, entropy_reduction_ratio, f_stat",0.08648956552875,0.058731139275949355,0.06476672008587184,0.08075438583176825,0.6310956359239543
perm_android.permission.SEND_SMS,0,0.18308446857292376,0.23270227708961275,144.4,188.48617986473175,"pearson_r, entropy_reduction_ratio, f_stat",0.09815327283668522,0.009746337338477866,0.07065307823914213,0.09262510601594422,0.6442445484343695
perm_android.permission.RECEIVE_USER_PRESENT,0,0.18193199500702678,0.22444988859670723,116.8,117.38722247331691,"pearson_r, entropy_reduction_ratio, f_stat",0.0849549462852605,0.05218028993336992,0.06233087303635695,0.07998596463694754,0.6302079011431989
perm_android.permission.WRITE_SMS,0,0.18069721008744427,0.23352475937492206,197.3,293.7263352169839,"pearson_r, entropy_reduction_ratio, f_stat",0.09734460416478655,0.0,0.07250233328931818,0.0910653719985713,0.6425737409845453
intent_com.umeng.message.message.handler.action,0,0.1801829768315441,0.23095102778774365,145.4,180.97414179931894,"pearson_r, entropy_reduction_ratio, f_stat",0.09237860933884302,0.01323341501965679,0.06918847619057436,0.08746293672564552,0.6386514468830009
intent_com.taobao.accs.intent.action.COMMAND,0,0.17823099582992483,0.21439442929712832,97.6,34.13268228545773,"pearson_r, mutual_information, entropy_reduction_ratio",0.0636041911003491,0.11525642735227531,0.0482545417881678,0.05950952670003636,0.6045302922087956
intent_com.taobao.accs.intent.action.START_FROM_AGOO,0,0.17705822676392027,0.20824534226281938,107.4,31.116555079250016,"pearson_r, mutual_information, entropy_reduction_ratio",0.0446007278894746,0.18767281785654638,0.034074766443825406,0.04145818187596579,0.5774846397537892
intent_android.bluetooth.adapter.action.STATE_CHANGED,0,0.1769849014543793,0.22268707224377318,116.8,102.93765103206893,"pearson_r, entropy_reduction_ratio, f_stat",0.08217610902345425,0.05851603214143716,0.04954370603454185,0.07290111869687975,0.6217875413755836
perm_android.permission.READ_CALL_LOG,0,0.1764844685876222,0.211204498949268,98.2,16.581917862539303,"pearson_r, mutual_information, entropy_reduction_ratio",0.05513783339851158,0.14131198510123585,0.04197566472006119,0.05122791055545064,0.5927689491628518
perm_android.permission.RECEIVE_SMS,0,0.17620695599879638,0.20998856880236527,98.4,10.05186549850325,"pearson_r, mutual_information, entropy_reduction_ratio",0.05233749069358013,0.15719955498054117,0.036973156582017885,0.04745513121032219,0.5870694465275205
perm_android.permission.READ_SMS,0,0.17584784282473148,0.2135482195320425,100.8,26.63381309538685,"pearson_r, mutual_information, entropy_reduction_ratio",0.06152360938060815,0.11858173952171205,0.043231062076387314,0.056099808158975,0.5998029949859748
perm_android.permission.PROCESS_OUTGOING_CALLS,0,0.17510460377567447,0.2152045722949794,106.2,44.38197832454069,"pearson_r, mutual_information, entropy_reduction_ratio",0.06310279014356235,0.10157749318380992,0.047744869765364954,0.05911156452950759,0.6039863012561275
intent_com.baidu.autoupdatesdk.ACTION_NEW_AS,0,0.1745697602253148,0.20662588861476777,115.5,23.543576618687315,"pearson_r, mutual_information, entropy_reduction_ratio",0.0476873325541014,0.1812435411614381,0.03232840029554667,0.038722683444878024,0.5728668436706098
intent_com.xiaomi.mipush.RECEIVE_MESSAGE,0,0.17354805649134838,0.2159687550668944,108.0,54.19594080740734,"pearson_r, mutual_information, entropy_reduction_ratio",0.0636041911003491,0.09184173065939318,0.0482545417881678,0.05950952670003636,0.6045302922087956
intent_com.umeng.message.disablecallback.action,0,0.17350571611609822,0.20818546300357446,110.8,27.198529372008334,"pearson_r, mutual_information, entropy_reduction_ratio",0.0446007278894746,0.16991026461743622,0.034074766443825406,0.04145818187596579,0.5774846397537892
intent_android.intent.action.SENDTO,0,0.17320357546866647,0.2129052423601895,104.2,31.403184551889,"pearson_r, mutual_information, entropy_reduction_ratio",0.058659660669937184,0.11344602029675817,0.04405174613631299,0.05360957546750075,0.5962508747728232
intent_com.xiaomi.mipush.ERROR,0,0.17298435269818221,0.21618485271777074,110.0,58.113681693728545,"pearson_r, mutual_information, entropy_reduction_ratio",0.0636041911003491,0.08902321169356225,0.0482545417881678,0.05950952670003636,0.6045302922087956
intent_org.android.agoo.client.ElectionReceiverService,0,0.17191576880988463,0.21738158016268141,112.0,73.42479145356832,"pearson_r, mutual_information, entropy_reduction_ratio",0.06535722486186518,0.07761398624640015,0.049484486517401144,0.06081805226057177,0.606305094163185
intent_safiap.framework.ACTION_TO_INSTALL_IAP,0,0.1714403173654105,0.20661960474286512,119.5,16.195678435928517,"pearson_r, mutual_information, entropy_reduction_ratio",0.0476873325541014,0.16559632686191642,0.03232840029554667,0.038722683444878024,0.5728668436706098
perm_android.permission.UPDATE_APP_OPS_STATS,0,0.1712803813521943,0.21067320082166152,105.0,24.73459116298468,"pearson_r, mutual_information, entropy_reduction_ratio",0.05973088865510974,0.11844151187439014,0.04041050036943334,0.048756665217958656,0.5890623406440796
intent_safiap.framework.ACTION_TO_INSTALL,0,0.17056206256417034,0.2066519088116962,119.9,15.496451206647283,"pearson_r, mutual_information, entropy_reduction_ratio",0.0476873325541014,0.16120505285571582,0.03232840029554667,0.038722683444878024,0.5728668436706098
perm_android.permission.PACKAGE_USAGE_STATS,0,0.17001450760444747,0.21246100518108643,108.2,31.466807909287528,"pearson_r, mutual_information, entropy_reduction_ratio",0.05442748789547552,0.11182064286630593,0.04106815947550496,0.0507284802320269,0.5920277675529241
intent_com.taobao.accs.intent.action.SERVICE,0,0.16926229249676839,0.21775289278439727,120.6,79.01544152885562,"pearson_r, mutual_information, entropy_reduction_ratio",0.0636041911003491,0.07041291068649304,0.0482545417881678,0.05950952670003636,0.6045302922087956
intent_safiap.framework.ACTION_START_DOWNLOAD,0,0.168463697489078,0.20678948910481432,123.3,10.17152889196113,"pearson_r, mutual_information, entropy_reduction_ratio",0.0476873325541014,0.15071322748025404,0.03232840029554667,0.038722683444878024,0.5728668436706098
intent_com.baidu.android.pushservice.action.notification.CLICK,0,0.16809483360308614,0.2059133011271604,135.6,32.39197431463541,"pearson_r, mutual_information, entropy_reduction_ratio",0.03738120033088026,0.1753768894737747,0.028544427347082773,0.03424804269627294,0.5649236081674199
intent_android.appwidget.action.APPWIDGET_CONFIGURE,0,0.16688850510977915,0.07922094688867777,232.2,379.02633153911614,"mutual_information, pearson_r, entropy_reduction_ratio",0.1742060172943621,0.2716305630037518,0.06612081572260728,0.09004752650981736,0.23243760301835711
intent_com.taobao.accs.intent.action.RECEIVE,0,0.16513447362284253,0.2197738441180426,137.6,112.76985412777654,"pearson_r, entropy_reduction_ratio, f_stat",0.0636041911003491,0.0497738163168637,0.0482545417881678,0.05950952670003636,0.6045302922087956
intent_android.intent.action.RESPOND_VIA_MESSAGE,0,0.1645222984473414,0.20727748232941573,126.1,13.606616037795732,"pearson_r, mutual_information, entropy_reduction_ratio",0.0476873325541014,0.1310062322715709,0.03232840029554667,0.038722683444878024,0.5728668436706099
intent_safiap.framework.ACTION_CANCEL_NOTIFICATION,0,0.1637945510200326,0.20740023049157613,129.9,10.10643359449811,"pearson_r, mutual_information, entropy_reduction_ratio",0.0476873325541014,0.12736749513502704,0.03232840029554667,0.038722683444878024,0.5728668436706098
intent_com.baidu.android.pushservice.action.MESSAGE,0,0.1635254170495655,0.2059545006994618,141.4,22.707707942458658,"pearson_r, mutual_information, entropy_reduction_ratio",0.03738120033088026,0.15252980670617156,0.028544427347082773,0.03424804269627294,0.5649236081674199
suspicious_sendTextMessage,0,0.16223443576751964,0.22573321586928366,157.4,173.58294847132882,"pearson_r, entropy_reduction_ratio, f_stat",0.07098260038077776,0.013600495061752697,0.04958668665347274,0.06507020217200628,0.6119321945695887
intent_com.yandex.metrica.IMetricaService,0,0.16201157709979103,0.21654118389992993,132.4,84.01333227530021,"pearson_r, mutual_information, entropy_reduction_ratio",0.05666254899952134,0.06362644839871541,0.04223673564720057,0.05265971173849013,0.5948724407150277
perm_android.permission.KILL_BACKGROUND_PROCESSES,0,0.16200248870734982,0.21339474782093978,124.8,56.61589882709626,"pearson_r, mutual_information, entropy_reduction_ratio",0.051914098707993045,0.08436696358847766,0.03822776975213273,0.04784072497169641,0.5876628865164493
intent_org.agoo.android.intent.action.ELECTION_RESULT_V4,0,0.16186272256134657,0.22260962852578017,149.8,148.55490567463602,"pearson_r, entropy_reduction_ratio, f_stat",0.06535722486186518,0.027348755003709768,0.049484486517401144,0.06081805226057177,0.606305094163185
intent_com.xiaomi.push.PING_TIMER,0,0.16004971434454623,0.2101480519638185,131.8,37.12357741382153,"pearson_r, mutual_information, entropy_reduction_ratio",0.0446007278894746,0.10263025575967616,0.034074766443825406,0.04145818187596579,0.5774846397537892
intent_android.intent.action.BATTERY_CHANGED,0,0.15997497095405197,0.20821019304664728,134.1,24.810078597215284,"pearson_r, mutual_information, entropy_reduction_ratio",0.0476873325541014,0.10826959480512385,0.03232840029554667,0.038722683444878024,0.5728668436706099
perm_android.permission.MODIFY_AUDIO_SETTINGS,0,0.15975452239603977,0.210035805864904,137.0,30.678983033992505,"pearson_r, mutual_information, entropy_reduction_ratio",0.04618622147563226,0.10352855968172323,0.03124891534922359,0.04103230221974627,0.5767766132538734
intent_com.umeng.message.unregistercallback.action,0,0.15966449290089166,0.21162302654746204,125.8,50.09950099551891,"pearson_r, mutual_information, entropy_reduction_ratio",0.047882212502574864,0.0890731759685801,0.03625116664465909,0.04380207645882425,0.58131383292982
intent_ACTION.TAPCORE.MESSAGE,0,0.15933195751892903,0.20336653799042068,148.6,26.978509966267595,"pearson_r, mutual_information, entropy_reduction_ratio",0.03569291390186006,0.15334771180486118,0.024246300221660005,0.02883307670982913,0.5545397849564349
intent_com.umeng.message.enablecallback.action,0,0.15932927986990403,0.21034974153175573,133.6,39.962982871652606,"pearson_r, mutual_information, entropy_reduction_ratio",0.0446007278894746,0.09902808338646515,0.034074766443825406,0.04145818187596579,0.5774846397537892
intent_com.huawei.android.push.intent.RECEIVE,0,0.15930850850978068,0.19995599228429028,174.8,70.98844976473285,"pearson_r, mutual_information, entropy_reduction_ratio",0.017646612629899666,0.22358131652915972,0.013693989916395661,0.016208646987557397,0.525411976485891
intent_android.intent.action.MEDIA_BUTTON,0,0.15769340113396382,0.049426885313621265,245.4,375.5431266845394,"entropy_reduction_ratio, pearson_r, f_stat",0.2380953159135183,0.13086809900142524,0.09423591086342865,0.14077804801808927,0.18448963187335768
intent_android.intent.action.BOOT_COMPLETED,0,0.15747799157611236,0.23032528379700457,230.5,279.99107128621085,"pearson_r, entropy_reduction_ratio, f_stat",0.08441530174043427,0.0,0.022045353349680406,0.06678511940251042,0.6141441833879367
intent_com.baidu.android.pushservice.action.notification.SHOW,0,0.15739597763397817,0.20664542173354947,149.0,14.959946523968593,"pearson_r, mutual_information, entropy_reduction_ratio",0.03738120033088026,0.12188260962823501,0.028544427347082773,0.03424804269627294,0.5649236081674199
intent_ACTION.TAPCORE.SYNC,0,0.15712093354753898,0.20347964493694806,151.6,22.2764449587451,"pearson_r, mutual_information, entropy_reduction_ratio",0.03569291390186006,0.14229259194791088,0.024246300221660005,0.02883307670982913,0.5545397849564349
perm_android.permission.GET_ACCOUNTS,0,0.156610410952689,0.22263889840525425,166.2,148.44042576063976,"pearson_r, entropy_reduction_ratio, f_stat",0.06714229821043001,0.025248490584116025,0.032980307610152075,0.05683946554181206,0.6008414928169348
perm_android.permission.RECEIVE_MMS,0,0.15660070904413917,0.22488998193985477,220.4,282.1399298220654,"pearson_r, entropy_reduction_ratio, f_stat",0.07182404087217226,0.0,0.04849260044332001,0.05893820347023365,0.6037487004349699
intent_android.intent.action.MEDIA_EJECT,0,0.15660070904413917,0.22488998193985477,220.4,282.1399298220654,"pearson_r, entropy_reduction_ratio, f_stat",0.07182404087217226,0.0,0.04849260044332001,0.05893820347023365,0.6037487004349699
intent_android.intent.action.VIEW,0,0.15450408291294163,0.20909861227581755,163.4,39.37816653934004,"pearson_r, mutual_information, entropy_reduction_ratio",0.04585623704735786,0.11674241367173596,0.008291489327419495,0.035118996496310825,0.566511278021884
intent_android.intent.action.ACTION_POWER_DISCONNECTED,0,0.15439804695676168,0.2263877906559645,221.9,281.5021136687965,"pearson_r, entropy_reduction_ratio, f_stat",0.0687505589654207,0.0,0.0389170943223073,0.05962916642193559,0.6046934150741448
intent_com.google.android.gms.iid.InstanceID,0,0.15355764845454806,0.2005604198787541,165.2,46.29211595941581,"pearson_r, mutual_information, entropy_reduction_ratio",0.025003447860065205,0.17115679514114002,0.013695936424441198,0.020827818323144832,0.5371042445239491
perm_android.permission.READ_SETTINGS,0,0.15254840339262157,0.21305822705718544,150.6,78.9926578866669,"pearson_r, mutual_information, entropy_reduction_ratio",0.04520575378504546,0.0627498137649852,0.03459423809528718,0.04192911722620883,0.5782630940915812
intent_android.provider.Telephony.SMS_DELIVER,0,0.1520992953253768,0.20782385751741606,161.4,27.196323280914278,"pearson_r, mutual_information, entropy_reduction_ratio",0.03738120033088026,0.09539919808522815,0.028544427347082773,0.03424804269627294,0.5649236081674199
intent_android.intent.action.SCREEN_OFF,0,0.15183220299120806,0.19540414085778204,210.2,90.28266721802142,"pearson_r, mutual_information, entropy_reduction_ratio",0.010257788200584993,0.22764401748792304,0.007871225392641725,0.009301194398690538,0.5040867894762
intent_com.baidu.android.pushservice.action.media.CLICK,0,0.15094235529951253,0.20815212470269934,164.2,32.036853778109986,"pearson_r, mutual_information, entropy_reduction_ratio",0.03738120033088026,0.08961449795590677,0.028544427347082773,0.03424804269627294,0.5649236081674199
intent_com.baidu.autoupdatesdk.ACTION_NEW_UPDATE,0,0.15064815674543858,0.21133843761962737,162.3,71.76391851062762,"pearson_r, mutual_information, entropy_reduction_ratio",0.0476873325541014,0.061635523762056985,0.03232840029554667,0.038722683444878024,0.5728668436706098
intent_android.intent.action.SENT_SMS_ACTION,0,0.149961817459945,0.2116317679267643,163.3,80.81744861105182,"pearson_r, mutual_information, entropy_reduction_ratio",0.0476873325541014,0.05820382733458897,0.03232840029554667,0.038722683444878024,0.5728668436706099
intent_com.google.android.c2dm.intent.REGISTRATION,0,0.1489301910473459,0.2043757665463456,170.8,22.19369279772972,"pearson_r, mutual_information, entropy_reduction_ratio",0.032938426304210386,0.11693841089604814,0.01616033243033424,0.02726621454609947,0.5513475710600372
intent_com.igexin.sdk.action.service.message,0,0.14869390637517269,0.21219594137371267,171.7,90.47795311566239,"pearson_r, mutual_information, entropy_reduction_ratio",0.0476873325541014,0.05186427191072747,0.03232840029554667,0.038722683444878024,0.5728668436706098
intent_com.baidu.autoupdatesdk.ACTION_DOWNLOAD_COMPLETE,0,0.14815666966624677,0.21244366993839595,173.9,94.86274295001172,"pearson_r, mutual_information, entropy_reduction_ratio",0.0476873325541014,0.04917808836609789,0.03232840029554667,0.038722683444878024,0.5728668436706098
perm_android.permission.BROADCAST_PACKAGE_INSTALL,0,0.14601512416721363,0.20464291417967084,172.6,20.621348161553357,"pearson_r, mutual_information, entropy_reduction_ratio",0.029812427871691114,0.09906578950211527,0.022506409472006512,0.02729138921177678,0.5513996047784784
perm_android.webkit.permission.PLUGIN,0,0.1454117541547538,0.19884220849022294,178.0,29.59053902854762,"pearson_r, mutual_information, entropy_reduction_ratio",0.02374718102740457,0.13519630182693426,0.016164200147773335,0.01908475096872471,0.5328663368029322
intent_android.intent.action.NOTIFICATION_UPDATE,0,0.14520708658887777,0.21389484368508083,181.7,117.31436399691215,"pearson_r, entropy_reduction_ratio, f_stat",0.0476873325541014,0.03443017297925287,0.03232840029554667,0.038722683444878024,0.5728668436706099
intent_com.door.pay.sdk.app.action,0,0.1450624606683225,0.21396992837290682,182.5,118.90542460291708,"pearson_r, entropy_reduction_ratio, f_stat",0.0476873325541014,0.03370704337647651,0.03232840029554667,0.038722683444878024,0.5728668436706099
intent_com.google.android.gms.gcm.ACTION_TASK_READY,0,0.14247490874914343,0.08831956347947365,249.0,366.385589236258,"pearson_r, mutual_information, entropy_reduction_ratio",0.11811459578772333,0.2194949528084902,0.04577594934642042,0.05924292227919619,0.2697461235238869
intent_com.umeng.message.autoupdate.handler.action,0,0.14184985770717565,0.22038345534870535,238.1,273.47072969515403,"pearson_r, entropy_reduction_ratio, f_stat",0.047882212502574864,0.0,0.03625116664465909,0.04380207645882425,0.58131383292982
perm_android.permission.BROADCAST_PACKAGE_CHANGED,0,0.14043430084682554,0.21998876975738088,245.9,270.24403786207756,"pearson_r, entropy_reduction_ratio, f_stat",0.045836522088336606,0.0,0.03462826279797608,0.04250234646001866,0.5792043728877964
perm_android.permission.BROADCAST_PACKAGE_REPLACED,0,0.14043430084682554,0.21998876975738088,245.9,270.24403786207756,"pearson_r, entropy_reduction_ratio, f_stat",0.045836522088336606,0.0,0.03462826279797608,0.04250234646001866,0.5792043728877964
perm_com.android.vending.BILLING,0,0.140085607498132,0.07011905657329352,243.0,372.5168452566944,"pearson_r, mutual_information, entropy_reduction_ratio",0.11782919870690808,0.20562653863818328,0.054058590859458355,0.08569954118142536,0.23721416810468496
intent_safiap.framework.ACTION_NETWORK_ERROR_IAP,0,0.1395487769537788,0.19948811446323617,188.0,18.85735930611707,"pearson_r, mutual_information, entropy_reduction_ratio",0.02374718102740457,0.10588141582205916,0.016164200147773335,0.01908475096872471,0.5328663368029322
perm_com.android.browser.permission.READ_HISTORY_BOOKMARKS,0,0.13952366319261097,0.2195556155870629,250.9,267.8477925987071,"pearson_r, entropy_reduction_ratio, f_stat",0.0446007278894746,0.0,0.034074766443825406,0.04145818187596579,0.5774846397537892
intent_com.taobao.accs.intent.action.ELECTION,0,0.13952366319261097,0.2195556155870629,250.9,267.8477925987071,"pearson_r, entropy_reduction_ratio, f_stat",0.0446007278894746,0.0,0.034074766443825406,0.04145818187596579,0.5774846397537892
perm_android.permission.MODIFY_PHONE_STATE,0,0.13905684653097067,0.19957354482158568,188.8,18.669761648183943,"pearson_r, mutual_information, entropy_reduction_ratio",0.02374718102740457,0.10342176370801849,0.016164200147773335,0.01908475096872471,0.5328663368029322
perm_android.permission.WRITE_APN_STORAGE,0,0.13853968867353206,0.21772920902040196,211.3,176.29140648369676,"pearson_r, entropy_reduction_ratio, f_stat",0.0476873325541014,0.0010931834025242548,0.03232840029554667,0.038722683444878024,0.5728668436706099
intent_android.provider.Telephony.WAP_PUSH_DELIVER,0,0.1383210519930272,0.2178676234872016,255.6,264.7437251381041,"pearson_r, entropy_reduction_ratio, f_stat",0.0476873325541014,0.0,0.03232840029554667,0.038722683444878024,0.5728668436706099
intent_android.intent.action.SERVICE_STATE,0,0.1383210519930272,0.2178676234872016,255.6,264.7437251381041,"pearson_r, entropy_reduction_ratio, f_stat",0.0476873325541014,0.0,0.03232840029554667,0.038722683444878024,0.5728668436706099
intent_android.intent.action.NOTIFICATION_REMOVE,0,0.1383210519930272,0.2178676234872016,255.6,264.7437251381041,"pearson_r, entropy_reduction_ratio, f_stat",0.0476873325541014,0.0,0.03232840029554667,0.038722683444878024,0.5728668436706099
intent_android.intent.action.NOTIFICATION_ADD,0,0.1383210519930272,0.2178676234872016,255.6,264.7437251381041,"pearson_r, entropy_reduction_ratio, f_stat",0.0476873325541014,0.0,0.03232840029554667,0.038722683444878024,0.5728668436706099
intent_com.sjm.avplay.SHOW_ACTIVITY,0,0.1383210519930272,0.2178676234872016,255.6,264.7437251381041,"pearson_r, entropy_reduction_ratio, f_stat",0.0476873325541014,0.0,0.03232840029554667,0.038722683444878024,0.5728668436706099
intent_safiap.framework.ACTION_SET_TIMER,0,0.1383210519930272,0.2178676234872015,258.2,263.2625305659732,"pearson_r, entropy_reduction_ratio, f_stat",0.0476873325541014,0.0,0.03232840029554667,0.038722683444878024,0.5728668436706098
intent_safiap.framework.sdk.ISAFFramework,0,0.1383210519930272,0.2178676234872015,258.2,263.2625305659732,"pearson_r, entropy_reduction_ratio, f_stat",0.0476873325541014,0.0,0.03232840029554667,0.038722683444878024,0.5728668436706098
intent_safiap.framework.ACTION_CHECK_UPDATE,0,0.1383210519930272,0.2178676234872015,258.2,263.2625305659732,"pearson_r, entropy_reduction_ratio, f_stat",0.0476873325541014,0.0,0.03232840029554667,0.038722683444878024,0.5728668436706098
perm_android.permission.READ_SYNC_STATS,0,0.1383210519930272,0.2178676234872015,258.2,263.2625305659732,"pearson_r, entropy_reduction_ratio, f_stat",0.0476873325541014,0.0,0.03232840029554667,0.038722683444878024,0.5728668436706098
intent_com.aspire.purchaseservice.BIND,0,0.1383210519930272,0.2178676234872015,258.2,263.2625305659732,"pearson_r, entropy_reduction_ratio, f_stat",0.0476873325541014,0.0,0.03232840029554667,0.038722683444878024,0.5728668436706098
intent_com.baidu.autoupdatesdk.ACTION_AS_DOWNLOAD_COMPLETE,0,0.1383210519930272,0.2178676234872015,258.2,263.2625305659732,"pearson_r, entropy_reduction_ratio, f_stat",0.0476873325541014,0.0,0.03232840029554667,0.038722683444878024,0.5728668436706098
intent_com.ss.android.socialbase.downloader.remote,0,0.1374248549657538,0.1918379169219835,214.5,58.486750636362075,"pearson_r, mutual_information, entropy_reduction_ratio",0.011849689103760632,0.1530108956604097,0.008082100073886668,0.009474698739809289,0.5047068912509026
intent_com.tencent.android.tpush.action.FEEDBACK,0,0.13702981456138089,0.19774713962139887,200.2,26.858145877926866,"pearson_r, mutual_information, entropy_reduction_ratio",0.017646612629899666,0.11218784678716066,0.013693989916395661,0.016208646987557397,0.525411976485891
intent_com.google.android.gms.analytics.ANALYTICS_DISPATCH,0,0.13616430041779534,0.0717122217238006,247.2,368.95116207975275,"pearson_r, mutual_information, entropy_reduction_ratio",0.1219230885665645,0.17972232007852493,0.05442390128626563,0.07417889879530842,0.2505732933623133
intent_android.intent.action.NEW_OUTGOING_CALL,0,0.13594750439006398,0.20260978228800178,194.8,35.47618919782676,"pearson_r, mutual_information, entropy_reduction_ratio",0.024051752147568606,0.07781657768237794,0.01758794942004427,0.021527530832583113,0.538753711867746
intent_android.appwidget.action.APPWIDGET_UPDATE,0,0.13549145848998817,0.07909528798527858,248.6,367.72794291432353,"pearson_r, mutual_information, entropy_reduction_ratio",0.1035167530930028,0.1990083097847653,0.0492061943108343,0.06991141890936174,0.2558146163519768
perm_android.permission.ACCESS_DOWNLOAD_MANAGER,0,0.13515830936363496,0.20967977451161168,211.8,97.98652968648292,"pearson_r, mutual_information, entropy_reduction_ratio",0.03150076909822578,0.037479983703142816,0.02361367617792517,0.028774673319415973,0.554422444519465
intent_com.tencent.android.tpush.action.INTERNAL_PUSH_MESSAGE,0,0.13504070224395193,0.1980368259386828,205.0,22.027255843613386,"pearson_r, mutual_information, entropy_reduction_ratio",0.017646612629899666,0.10224228520001594,0.013693989916395661,0.016208646987557397,0.525411976485891
perm_com.google.android.providers.gsf.permission.READ_GSERVICES,0,0.13489272492291138,0.06169026186729423,248.0,370.7344062802912,"pearson_r, mutual_information, entropy_reduction_ratio",0.12678026629575606,0.16639049281514923,0.05862295744539692,0.08800330912796368,0.23466659893029104
intent_com.baidu.android.pushservice.action.BIND_SYNC,0,0.1345809986353733,0.21541795858448096,225.8,152.32320899981065,"pearson_r, entropy_reduction_ratio, f_stat",0.03738120033088026,0.007807714635210636,0.028544427347082773,0.03424804269627294,0.5649236081674199
intent_com.baidu.android.pushservice.action.RECEIVE,0,0.13301945570833118,0.21635751522859992,276.9,254.2326493588107,"pearson_r, entropy_reduction_ratio, f_stat",0.03738120033088026,0.0,0.028544427347082773,0.03424804269627294,0.5649236081674199
intent_com.baidu.android.pushservice.action.METHOD,0,0.13301945570833118,0.21635751522859992,276.9,254.2326493588107,"pearson_r, entropy_reduction_ratio, f_stat",0.03738120033088026,0.0,0.028544427347082773,0.03424804269627294,0.5649236081674199
perm_com.android.launcher3.permission.UNINSTALL_SHORTCUT,0,0.13293355154917416,0.20103727765278065,205.4,36.84888058001219,"pearson_r, mutual_information, entropy_reduction_ratio",0.02374718102740457,0.07280528879903608,0.016164200147773335,0.01908475096872471,0.5328663368029322
intent_com.telecom.sdk_auth_ui.SMS_UNSUB_SEND_RESULT_ACTION,0,0.13222701969150702,0.17536643619527573,531.6,250.1372423290862,"pearson_r, mutual_information, entropy_reduction_ratio",0.0,0.22417899440396,0.0,0.0,0.4369561040535751
intent_action.qihoo360.daemon.pcdaemon.DaemonStatus,0,0.1321209372947291,0.17531093230600145,531.8,249.74178665173358,"pearson_r, mutual_information, entropy_reduction_ratio",0.0,0.22364858242007038,0.0,0.0,0.4369561040535751
intent_android.intent.action.CREATE_SHORTCUT,0,0.1320179755962356,0.19665070808654742,214.0,22.253089673121796,"pearson_r, mutual_information, entropy_reduction_ratio",0.01583698679465214,0.09833749342713152,0.011854500444874681,0.014217166379522157,0.5198437309349975
perm_com.xiaomi.permission.AUTH_SERVICE,0,0.1314629825004945,0.21165589393433104,228.0,137.34190911735573,"pearson_r, entropy_reduction_ratio, f_stat",0.03569291390186006,0.01400283671268852,0.024246300221660005,0.02883307670982913,0.5545397849564349
perm_com.sec.android.app.voicenote.Controller,0,0.1309204467954196,0.17469954653335784,532.6,248.16010960668115,"pearson_r, mutual_information, entropy_reduction_ratio",0.0,0.21764612992352284,0.0,0.0,0.4369561040535751
suspicious_getSimCountryIso,0,0.13080566787838202,0.21748709323494922,292.3,247.89223465046257,"pearson_r, entropy_reduction_ratio, f_stat",0.043049372217510956,0.0,0.012149847223926553,0.034127199101908895,0.5647019208485636
perm_com.sonyericsson.home.WRITE_SETTINGS,0,0.13051327332639864,0.17449919749211282,533.0,247.36935946070605,"pearson_r, mutual_information, entropy_reduction_ratio",0.0,0.21561026257841812,0.0,0.0,0.4369561040535751
perm_android.permission.BATTERY_STATS,0,0.12960753176014722,0.20844620956986165,225.4,108.67676844661881,"pearson_r, mutual_information, entropy_reduction_ratio",0.027113089692593104,0.028723570791020822,0.02077695767878565,0.024958199030554965,0.5464658416077816
intent_com.tappx.sdk.SILP,0,0.12909733702904308,0.20232692110217004,221.2,66.07692486791437,"pearson_r, mutual_information, entropy_reduction_ratio",0.02374718102740457,0.05362421619838068,0.016164200147773335,0.01908475096872471,0.5328663368029322
intent_cn.jpush.android.intent.PushService,0,0.12898244754693972,0.18560823740633953,243.4,71.75959866108506,"pearson_r, mutual_information, entropy_reduction_ratio",0.005010310023872074,0.1490383949373341,0.003652498582472405,0.00433969755083802,0.48287133664018195
intent_com.excelliance.dualaid.b64.action.update.done,0,0.1286902273457241,0.17364617031059226,534.2,244.99746937468558,"pearson_r, mutual_information, entropy_reduction_ratio",0.0,0.20649503267504546,0.0,0.0,0.4369561040535751
perm_android.permission.RECORD_VIDEO,0,0.1286624151579568,0.21327798818346735,284.7,250.3608595607548,"pearson_r, entropy_reduction_ratio, f_stat",0.03569291390186006,0.0,0.024246300221660005,0.02883307670982913,0.5545397849564349
perm_com.zte.mifavor.launcher.permission.WRITE_SETTINGS,0,0.12838389600367567,0.17350994126628883,534.6,244.2069614077371,"pearson_r, mutual_information, entropy_reduction_ratio",0.0,0.20496337596480332,0.0,0.0,0.4369561040535751
intent_android.intent.action.DATA_SMS_RECEIVED,0,0.1281203395760293,0.19198448188460368,229.3,32.94328459640902,"pearson_r, mutual_information, entropy_reduction_ratio",0.011849689103760632,0.1064883187117873,0.008082100073886668,0.009474698739809289,0.5047068912509026
perm_com.qihoo.appstore.rtservice.ACCESS_RTSERVICE,0,0.12773805283331377,0.1732294764282,535.2,243.02131593751196,"pearson_r, mutual_information, entropy_reduction_ratio",0.0,0.20173416011299375,0.0,0.0,0.4369561040535751
intent_com.gtp.nextlauncher.theme,0,0.12718346759219706,0.17299597528483762,536.0,241.4406759433878,"pearson_r, mutual_information, entropy_reduction_ratio",0.0,0.1989612339074103,0.0,0.0,0.4369561040535751
intent_com.baidu.location.service_v2.2,0,0.1270343738916631,0.19211908243340722,231.9,29.25645227979633,"pearson_r, mutual_information, entropy_reduction_ratio",0.011849689103760632,0.10105849028995632,0.008082100073886668,0.009474698739809289,0.5047068912509026
intent_android.intent.action.SIM_STATE_CHANGED,0,0.12700790007740026,0.20982314576938638,233.8,128.26441439464028,"pearson_r, entropy_reduction_ratio, f_stat",0.02724830451876011,0.015220350599854224,0.020987832360030594,0.02500844784821652,0.5465745650601398
perm_com.aspire.mm.permission.READ_SETTINGS,0,0.1262850430002796,0.17263215897080306,536.4,240.6504519006769,"pearson_r, mutual_information, entropy_reduction_ratio",0.0,0.19446911094782288,0.0,0.0,0.4369561040535751
perm_android.permission.BROADCAST_PACKAGE_ADDED,0,0.12620196626679056,0.21286003943900628,290.1,247.75843073445554,"pearson_r, entropy_reduction_ratio, f_stat",0.029812427871691114,0.0,0.022506409472006512,0.02729138921177678,0.5513996047784784
intent_android.intent.action.DELETE,0,0.12608623690298965,0.18054474412767188,259.4,87.64610658780002,"pearson_r, mutual_information, entropy_reduction_ratio",0.0019492584336396263,0.15940005876686147,0.0014710779198809979,0.0017208721093413554,0.4658899172852248
intent_com.qihoo360.daemon.pcdaemon.ACTION_START_OPERATE_CLIPBOARD,0,0.12588037663737303,0.17247415381097733,536.6,240.25536414407068,"pearson_r, mutual_information, entropy_reduction_ratio",0.0,0.19244577913329008,0.0,0.0,0.4369561040535751
perm_com.miui.mihome2.permission.READ_SETTINGS,0,0.125313732298526,0.19238236571086662,235.3,25.25193061926157,"pearson_r, mutual_information, entropy_reduction_ratio",0.011849689103760632,0.09245528232427074,0.008082100073886668,0.009474698739809289,0.5047068912509026
intent_com.amir.nightjar.service.CONFIG_SERVICES,0,0.12522085980001554,0.17222448018555503,537.0,239.46523756069482,"pearson_r, mutual_information, entropy_reduction_ratio",0.0,0.18914819494650256,0.0,0.0,0.4369561040535751
intent_com.qihoo.appstore.launcher.shortcut.WEBVIEW,0,0.12506605892839331,0.17216728903604694,537.4,238.67517675703104,"pearson_r, mutual_information, entropy_reduction_ratio",0.0,0.18837419058839142,0.0,0.0,0.4369561040535751
intent_com.excelliance.dualaid.action.downloadcomp,0,0.12474664659469667,0.17205098289410148,537.8,237.88518238847917,"pearson_r, mutual_information, entropy_reduction_ratio",0.0,0.18677712891990825,0.0,0.0,0.4369561040535751
intent_com.Remind.alarm.enable,0,0.12460179830805515,0.17199899598765764,538.0,237.49021032455212,"pearson_r, mutual_information, entropy_reduction_ratio",0.0,0.18605288748670068,0.0,0.0,0.4369561040535751
intent_android.intent.action.SIG_STR,0,0.1245221821383868,0.20423151962305117,237.8,98.37763973586682,"pearson_r, mutual_information, entropy_reduction_ratio",0.02374718102740457,0.030748441745099206,0.016164200147773335,0.01908475096872471,0.5328663368029322
intent_android.net.ConnectivityManager.CONNECTIVITY_ACTION,0,0.12402259475491406,0.0739660406910455,267.7,359.91868526099057,"pearson_r, entropy_reduction_ratio, mutual_information",0.13191538013932838,0.11074532162883596,0.05086216594046715,0.06665346381786717,0.25993664224807167
perm_android.permission.GET_PACKAGE_SIZE,0,0.12386281760194304,0.21152051504502034,294.3,245.7058403864263,"pearson_r, entropy_reduction_ratio, f_stat",0.027113089692593104,0.0,0.02077695767878565,0.024958199030554965,0.5464658416077816
perm_android.permission.MANAGE_ACCOUNTS,0,0.12372067170115213,0.2114194701338328,294.7,245.42241136456954,"pearson_r, entropy_reduction_ratio, f_stat",0.028324420606931165,0.0,0.019379728584522825,0.024792565131365664,0.546106644182941
intent_com.excelliance.kxqp.platform.gameplugin.action.UNBIND_REMOTE,0,0.1236729656539386,0.17167687667429,538.2,237.09525511911875,"pearson_r, mutual_information, entropy_reduction_ratio",0.0,0.18140872421611792,0.0,0.0,0.4369561040535751
perm_com.android.launcher3.permission.INSTALL_SHORTCUT,0,0.12356987113507137,0.20467717196142324,243.0,108.60755038209821,"pearson_r, mutual_information, entropy_reduction_ratio",0.02374718102740457,0.02598688672852201,0.016164200147773335,0.01908475096872471,0.5328663368029322
intent_android.intent.action.PACKAGE_REPLACED,0,0.12348795492152838,0.21126260786703238,295.1,245.21631267107827,"pearson_r, entropy_reduction_ratio, f_stat",0.027796251663394285,0.0,0.01952357312292793,0.0245473625852184,0.5455725872361012
perm_xmpp.permission.RECEIVE_NOTIFICATION,0,0.12300716412250301,0.17145798913558338,539.0,235.51560457855015,"pearson_r, mutual_information, entropy_reduction_ratio",0.0,0.1780797165589399,0.0,0.0,0.4369561040535751
perm_android.permission.UPDATE_DEVICE_STATS,0,0.1229721962349923,0.20496541021396747,245.8,114.128699282871,"pearson_r, entropy_reduction_ratio, mutual_information",0.02374718102740457,0.022998512228126638,0.016164200147773335,0.01908475096872471,0.5328663368029322
intent_android.intent.action.CLOSE_SYSTEM_DIALOGS,0,0.12286843529155025,0.19286158219062385,240.7,26.763034207652915,"pearson_r, mutual_information, entropy_reduction_ratio",0.011849689103760632,0.0802287972893919,0.008082100073886668,0.009474698739809289,0.5047068912509027
perm_com.ty.launcher.permission.READ_SETTINGS,0,0.122831032772829,0.17140176813978886,539.2,235.12073494270982,"pearson_r, mutual_information, entropy_reduction_ratio",0.0,0.17719905981056994,0.0,0.0,0.4369561040535751
intent_com.qihoo.appstore.BATTERY,0,0.12281871812615752,0.17139786370302768,539.4,234.7258826802021,"pearson_r, mutual_information, entropy_reduction_ratio",0.0,0.17713748657721257,0.0,0.0,0.4369561040535751
intent_oh.rt.hj.j.g,0,0.12274790917316972,0.17137548023958893,539.6,234.33104787885023,"pearson_r, mutual_information, entropy_reduction_ratio",0.0,0.1767834418122735,0.0,0.0,0.4369561040535751
intent_com.qihoo.appstore.LitePluginDownload,0,0.12211896310275332,0.17118167731435294,540.4,232.75188506218373,"pearson_r, mutual_information, entropy_reduction_ratio",0.0,0.17363871146019152,0.0,0.0,0.4369561040535751
perm_com.sonyericsson.home.permission.BROADCAST_BADGE,0,0.1220122296283787,0.09810285354620765,273.0,352.6692501480672,"pearson_r, mutual_information, entropy_reduction_ratio",0.07358460556700003,0.1658988198684279,0.03348441211834795,0.04268661044809427,0.29440670014002335
intent_com.cootek.usage.alarm_operation,0,0.12112289388779543,0.19327864872092682,245.7,29.987664130438702,"pearson_r, mutual_information, entropy_reduction_ratio",0.011849689103760632,0.0715010902706178,0.008082100073886668,0.009474698739809289,0.5047068912509027
intent_qihooappstore.gotoadmin,0,0.12111611239074901,0.17089135804279992,541.4,230.77833520501875,"pearson_r, mutual_information, entropy_reduction_ratio",0.0,0.16862445790016997,0.0,0.0,0.4369561040535751
intent_com.tencent.mm.plugin.openapi.Intent.ACTION_REFRESH_WXAPP,0,0.121087689360558,0.20226864357359675,251.8,88.55597100139549,"pearson_r, mutual_information, entropy_reduction_ratio",0.017646612629899666,0.03247722078304624,0.013693989916395661,0.016208646987557397,0.525411976485891
perm_android.permission.RUN_INSTRUMENTATION,0,0.12102309372815137,0.19150701524555358,258.0,26.30589287593181,"pearson_r, mutual_information, entropy_reduction_ratio",0.008912100341344304,0.08133305266280676,0.006925652559595217,0.008145884127493617,0.49979877894951696
intent_safiap.framework.ACTION_NETWORK_ERROR_FRAMEWORK,0,0.12098638041717562,0.20597002667417802,253.2,128.75309705012927,"pearson_r, entropy_reduction_ratio, f_stat",0.02374718102740457,0.013069433139043267,0.016164200147773335,0.01908475096872471,0.5328663368029322
perm_android.permission.CHANGE_CONFIGURATION,0,0.12095893385612586,0.20973249670982694,298.5,243.69283945163428,"pearson_r, entropy_reduction_ratio, f_stat",0.02439252874273513,0.0,0.01823417369347303,0.022095540381795117,0.540072426462626
intent_com.areametrics.areametricssdk.AMLocationUpdatesBroadcastReceiver.ACTION_PROCESS_UPDATES,0,0.12083726230344996,0.1708147296652479,541.6,230.38367997755395,"pearson_r, mutual_information, entropy_reduction_ratio",0.0,0.16723020746367467,0.0,0.0,0.4369561040535751
intent_android.fbreader.action.PLUGIN,0,0.12054214557514822,0.17073557794953306,542.2,229.19982547986373,"pearson_r, mutual_information, entropy_reduction_ratio",0.0,0.16575462382216602,0.0,0.0,0.4369561040535751
intent_com.datouniao.AdPublisher.service.check,0,0.12032993250509898,0.20631785984990128,255.6,133.50445685444362,"pearson_r, entropy_reduction_ratio, f_stat",0.02374718102740457,0.009787193578660168,0.016164200147773335,0.01908475096872471,0.5328663368029322
intent_android.intent.apicloud.notification,0,0.12029874544058347,0.17067180524528483,542.6,228.4106827624312,"pearson_r, mutual_information, entropy_reduction_ratio",0.0,0.16453762314934228,0.0,0.0,0.4369561040535751
perm_android.permission.INTERACT_ACROSS_USERS_FULL,0,0.12011059213689101,0.19553084087325126,242.6,43.600917421540565,"pearson_r, mutual_information, entropy_reduction_ratio",0.011999369861608091,0.05925975280482625,0.009117086846736514,0.010825893753051952,0.5093508574182323
perm_com.huawei.launcher.permission.READ_SETTINGS,0,0.11999324199669692,0.19358163971192974,251.7,29.726419226001642,"pearson_r, mutual_information, entropy_reduction_ratio",0.011849689103760632,0.06585283081512544,0.008082100073886668,0.009474698739809289,0.5047068912509026
perm_android.permission.ACCESS_MOCK_LOCATION,0,0.11988783546823449,0.20280779571259355,257.6,99.8711169457917,"pearson_r, mutual_information, entropy_reduction_ratio",0.017646612629899666,0.02647795132142877,0.013693989916395661,0.016208646987557397,0.525411976485891
intent_com.baidu.android.pushservice.action.PUSH_SERVICE,0,0.11947502944072241,0.20299951715084572,259.8,104.17946054765306,"pearson_r, mutual_information, entropy_reduction_ratio",0.017646612629899666,0.024413921183868363,0.013693989916395661,0.016208646987557397,0.525411976485891
perm_android.permission.NFC,0,0.11942738103690394,0.173984037253888,281.6,91.37308137520591,"pearson_r, mutual_information, entropy_reduction_ratio",0.00030445128112834035,0.14847203973321307,0.00020488392325503107,0.0002464090688587241,0.4479091211780644
intent_com.excelliance.kxqp.action.space.stat,0,0.1193915145997344,0.1704461428969131,543.4,226.83262551934632,"pearson_r, mutual_information, entropy_reduction_ratio",0.0,0.16000146894509687,0.0,0.0,0.4369561040535751
intent_android.intent.action.TIME_TICK,0,0.11938259491968284,0.17306057174328424,284.5,95.8910840485183,"pearson_r, mutual_information, entropy_reduction_ratio",0.00016438135360561927,0.15144090467403454,0.00011510663422022668,0.00013480899395478666,0.445057772942599
intent_com.qihoo.appstore.battery.START,0,0.11897811119536476,0.17034962474622173,543.8,226.04371258674726,"pearson_r, mutual_information, entropy_reduction_ratio",0.0,0.1579344519232488,0.0,0.0,0.4369561040535751
perm_com.meizu.c2dm.permission.RECEIVE,0,0.1189286815830097,0.17033834926605038,544.0,225.64928539660832,"pearson_r, mutual_information, entropy_reduction_ratio",0.0,0.15768730386147345,0.0,0.0,0.4369561040535751
perm_com.sonyericsson.homescreen.permission.READ_SETTINGS,0,0.1187325881701026,0.17029417611928185,544.4,224.86049008218407,"pearson_r, mutual_information, entropy_reduction_ratio",0.0,0.1567068367969378,0.0,0.0,0.4369561040535751
intent_com.dzbook.service.PerpareDataService,0,0.11870764077792673,0.1702886202677335,544.6,224.46612216546177,"pearson_r, mutual_information, entropy_reduction_ratio",0.0,0.15658209983605856,0.0,0.0,0.4369561040535751
perm_com.huawei.launcher2.permission.WRITE_SETTINGS,0,0.11842641015495436,0.1702269885767536,544.8,224.07177421531702,"pearson_r, mutual_information, entropy_reduction_ratio",0.0,0.15517594672119675,0.0,0.0,0.4369561040535751
perm_android.permission.ACCESS_COARSE_UPDATES,0,0.11837249378936696,0.20740093257307748,308.5,238.7270407808885,"pearson_r, entropy_reduction_ratio, f_stat",0.02374718102740457,0.0,0.016164200147773335,0.01908475096872471,0.5328663368029322
perm_android.permission.INTERACT_ACROSS_USERS,0,0.11837249378936696,0.20740093257307748,308.5,238.7270407808885,"pearson_r, entropy_reduction_ratio, f_stat",0.02374718102740457,0.0,0.016164200147773335,0.01908475096872471,0.5328663368029322
perm_android.permission.RECEIVE_WAP_PUSH,0,0.11837249378936696,0.20740093257307748,308.5,238.7270407808885,"pearson_r, entropy_reduction_ratio, f_stat",0.02374718102740457,0.0,0.016164200147773335,0.01908475096872471,0.5328663368029322
perm_android.permission.READ_OWNER_DATA,0,0.11837249378936696,0.20740093257307748,308.5,238.7270407808885,"pearson_r, entropy_reduction_ratio, f_stat",0.02374718102740457,0.0,0.016164200147773335,0.01908475096872471,0.5328663368029322
intent_cn.play.dservice,0,0.11837249378936696,0.20740093257307748,308.5,238.7270407808885,"pearson_r, entropy_reduction_ratio, f_stat",0.02374718102740457,0.0,0.016164200147773335,0.01908475096872471,0.5328663368029322
intent_com.adroid.SERVICE,0,0.11837249378936696,0.20740093257307748,308.5,238.7270407808885,"pearson_r, entropy_reduction_ratio, f_stat",0.02374718102740457,0.0,0.016164200147773335,0.01908475096872471,0.5328663368029322
intent_safiap.framework.ACTION_NETWORK_ERROR,0,0.11837249378936696,0.20740093257307748,308.5,238.7270407808885,"pearson_r, entropy_reduction_ratio, f_stat",0.02374718102740457,0.0,0.016164200147773335,0.01908475096872471,0.5328663368029322
intent_com.qihoo.appstore.ACTION_CHARGE_START_PLUGIN,0,0.11803625195484732,0.1701445275861429,545.2,223.28313863791865,"pearson_r, mutual_information, entropy_reduction_ratio",0.0,0.1532251557206616,0.0,0.0,0.4369561040535751
perm_android.permission.READ_CONTACTS,0,0.11785632175503624,0.1834229518164281,265.0,49.042838417041075,"pearson_r, mutual_information, entropy_reduction_ratio",0.0038989447337692057,0.10329538454088824,0.00247197592846944,0.0032027167776287973,0.47641258679442555
intent_androidx.work.impl.background.systemalarm.UpdateProxies,0,0.11775267634918536,0.1269156108286218,322.8,319.4385073844417,"pearson_r, mutual_information, entropy_reduction_ratio",0.038209743016579624,0.17409591605843427,0.015258649782140143,0.01837786507100922,0.3428212078177635
intent_com.qihoo.appstore.battery.ACCESSIBILITY_ALERT,0,0.11753695224275859,0.1700441644082023,546.0,221.70611177863364,"pearson_r, mutual_information, entropy_reduction_ratio",0.0,0.15072865716021788,0.0,0.0,0.4369561040535751
perm_android.permission.CHANGE_WIMAX_STATE,0,0.11708760866518744,0.169958808330195,546.8,220.12941648039683,"pearson_r, mutual_information, entropy_reduction_ratio",0.0,0.14848193927236206,0.0,0.0,0.4369561040535751
intent_android.provider.Telephony.SMS_RECEIVED,0,0.11640672428295566,0.20673415751493662,317.5,234.33736364481018,"pearson_r, entropy_reduction_ratio, f_stat",0.019881485525318807,0.0,0.014701109905212225,0.01781050983311348,0.5296405161511338
intent_com.qihoo.appstore.ACTION_WX_CLEAR,0,0.11623658614336496,0.1698100671972721,547.6,218.55305991909606,"pearson_r, mutual_information, entropy_reduction_ratio",0.0,0.14422682666324965,0.0,0.0,0.4369561040535751
intent_com.xiaomi.mipush.MESSAGE_ARRIVED,0,0.1160437926095996,0.2065232230132943,318.3,233.93879541452716,"pearson_r, entropy_reduction_ratio, f_stat",0.019174359642218006,0.0,0.014665501680528319,0.017511801706763537,0.5288673000184881
intent_com.excelliance.kxqp.action.smtcnt,0,0.11572143887704098,0.16972825998221663,548.2,217.37101922749503,"pearson_r, mutual_information, entropy_reduction_ratio",0.0,0.14165109033162981,0.0,0.0,0.4369561040535751
intent_com.qihoo.appstore.ACTION_HANDLE_SYSTEM_APP,0,0.11566363812134091,0.16971946881074704,548.6,216.58310183391504,"pearson_r, mutual_information, entropy_reduction_ratio",0.0,0.14136208655312937,0.0,0.0,0.4369561040535751
intent_com.mobutils.android.mediation.MaterialNotificationReceiver.ACTION_CANCEL_NOTIFICATION,0,0.115418512497795,0.1696830567360672,549.0,215.79527334953377,"pearson_r, mutual_information, entropy_reduction_ratio",0.0,0.14013645843539987,0.0,0.0,0.4369561040535751
intent_android.settings.SYNC_SETTINGS,0,0.11510524979523998,0.16963857419905004,549.4,215.0075347516919,"pearson_r, mutual_information, entropy_reduction_ratio",0.0,0.13857014492262473,0.0,0.0,0.4369561040535751
intent_android.intent.action.PHONE_STATE,0,0.11506657430206346,0.20245583862237984,274.4,117.77707756605272,"pearson_r, entropy_reduction_ratio, f_stat",0.016097765693597176,0.013237732388486242,0.011768623359047983,0.014260305703691727,0.5199684443654942
intent_com.mobiletool.appstore.intent.action.COMMAND,0,0.11501225243788075,0.16962581202118207,549.6,214.61369946953528,"pearson_r, mutual_information, entropy_reduction_ratio",0.0,0.13810515813582863,0.0,0.0,0.4369561040535751
intent_com.excelliance.kxqp.action.gp,0,0.11494184096891409,0.16961628437187107,549.8,214.21988703199338,"pearson_r, mutual_information, entropy_reduction_ratio",0.0,0.13775310079099537,0.0,0.0,0.4369561040535751
intent_com.google.android.gms.appinvite.ACTION_PREVIEW,0,0.11475170776475088,0.10532992481439689,299.2,337.3919975340257,"pearson_r, mutual_information, entropy_reduction_ratio",0.0549659662042128,0.14904633492208064,0.027545505237620817,0.03551599290397701,0.3066847395558631
intent_com.tencent.android.tpush.action.SDK,0,0.11459224520394876,0.20550546477634518,323.9,231.22940989415684,"pearson_r, entropy_reduction_ratio, f_stat",0.017646612629899666,0.0,0.013693989916395661,0.016208646987557397,0.525411976485891
intent_android.intent.action.PACKAGE_CHANGED,0,0.11459224520394876,0.20550546477634518,323.9,231.22940989415684,"pearson_r, entropy_reduction_ratio, f_stat",0.017646612629899666,0.0,0.013693989916395661,0.016208646987557397,0.525411976485891
intent_com.tencent.android.tpush.action.PUSH_MESSAGE,0,0.11459224520394876,0.20550546477634518,323.9,231.22940989415684,"pearson_r, entropy_reduction_ratio, f_stat",0.017646612629899666,0.0,0.013693989916395661,0.016208646987557397,0.525411976485891
intent_com.huawei.android.push.intent.REGISTRATION,0,0.11459224520394876,0.20550546477634518,323.9,231.22940989415684,"pearson_r, entropy_reduction_ratio, f_stat",0.017646612629899666,0.0,0.013693989916395661,0.016208646987557397,0.525411976485891
intent_com.qihoo.appstore.videomini,0,0.11454337358589137,0.16956455980873847,550.2,213.4323311965645,"pearson_r, mutual_information, entropy_reduction_ratio",0.0,0.1357607638758818,0.0,0.0,0.4369561040535751
intent_com.qihoo.appstore.notification.click,0,0.11454285025595992,0.16956449432837037,550.4,213.03858805390163,"pearson_r, mutual_information, entropy_reduction_ratio",0.0,0.1357581472262245,0.0,0.0,0.4369561040535751
intent_com.kingroot.kinguser.SU_REQUEST,0,0.11440507216572297,0.16954747907840975,550.8,212.25117196378446,"pearson_r, mutual_information, entropy_reduction_ratio",0.0,0.13506925677503978,0.0,0.0,0.4369561040535751
intent_com.qihoo360.mobilesafe.clean.DOWNLOADDLG,0,0.11408472663499476,0.169509642169726,551.0,211.85749927722642,"pearson_r, mutual_information, entropy_reduction_ratio",0.0,0.13346752912139873,0.0,0.0,0.4369561040535751
intent_cn.jpush.android.intent.DaemonService,0,0.11390327403287603,0.16296162601350148,408.2,264.1449602017801,"pearson_r, mutual_information, entropy_reduction_ratio",0.0008825906820519104,0.14831213894743484,0.0005561945839056239,0.0006542076426673919,0.41911123830832037
intent_com.qihoo.appstore.accessibility.ALERT,0,0.11382203004956049,0.169480415489324,551.2,211.46385033853895,"pearson_r, mutual_information, entropy_reduction_ratio",0.0,0.13215404619422735,0.0,0.0,0.4369561040535751
intent_com.qihoo.appstore.ACTION_STABLE_NOTIFICATION_CLICK,0,0.11380298372859729,0.1694783595936557,551.4,211.07022528059233,"pearson_r, mutual_information, entropy_reduction_ratio",0.0,0.13205881458941138,0.0,0.0,0.4369561040535751
perm_android.permission.SET_TIME_ZONE,0,0.11343874781917437,0.1958454054323682,275.3,77.96960946420086,"pearson_r, mutual_information, entropy_reduction_ratio",0.011849689103760632,0.03308035992751256,0.008082100073886668,0.009474698739809289,0.5047068912509027
intent_com.qihoo.appstore.checkupdate.CHECK_BAOHE_UPDATE,0,0.11332192133669534,0.16942926449505696,552.0,209.8894947347294,"pearson_r, mutual_information, entropy_reduction_ratio",0.0,0.12965350262990163,0.0,0.0,0.4369561040535751
intent_com.huawei.intent.action.PUSH,0,0.11315903418970405,0.19376934822102343,287.6,58.540925855336454,"pearson_r, mutual_information, entropy_reduction_ratio",0.008912100341344304,0.04201275497057015,0.006925652559595217,0.008145884127493617,0.49979877894951696
perm_com.anddoes.launcher.permission.UPDATE_COUNT,0,0.11303619327459731,0.09947430193879603,294.0,341.25034798517055,"pearson_r, mutual_information, entropy_reduction_ratio",0.06744514550261524,0.12736785853873445,0.030972125234042157,0.039244612765845524,0.3001512243317492
intent_com.qihoo.appstore.ACTION_CLEAR_BACKGROUND,0,0.11296778360047952,0.16939660581908011,552.2,209.49596654828463,"pearson_r, mutual_information, entropy_reduction_ratio",0.0,0.12788281394882253,0.0,0.0,0.4369561040535751
perm_android.permission.CHANGE_WIFI_MULTICAST_STATE,0,0.11235047691080928,0.2038223851461763,330.7,227.89594116613836,"pearson_r, entropy_reduction_ratio, f_stat",0.01583698679465214,0.0,0.011854500444874681,0.014217166379522157,0.5198437309349975
perm_com.sec.android.provider.badge.permission.WRITE,0,0.1121342696820474,0.10934388077820399,305.2,331.6530717481748,"pearson_r, mutual_information, entropy_reduction_ratio",0.049977294384739995,0.1401158635365213,0.02475116346868363,0.031297974226286565,0.3145290527940055
intent_android.intent.action.ACTION_VIEW_DOWNLOADS,0,0.11197314603115886,0.07982292701437954,305.5,357.590128499096,"pearson_r, entropy_reduction_ratio, f_stat",0.13191538013932838,0.050498078010059906,0.05086216594046715,0.06665346381786717,0.25993664224807167
intent_com.qihoo.appstore.clean.result,0,0.11189169035051934,0.1693155103432454,553.0,207.92210079739,"pearson_r, mutual_information, entropy_reduction_ratio",0.0,0.12250234769902153,0.0,0.0,0.4369561040535751
intent_com.excelliance.dualaid.action.phone_res_download,0,0.11161626346698114,0.1692991451900888,553.6,206.74196477735236,"pearson_r, mutual_information, entropy_reduction_ratio",0.0,0.1211252132813306,0.0,0.0,0.4369561040535751
suspicious_Ljava/lang/Runtime;->exec,0,0.11138255114663387,0.20245612526186246,293.0,125.02159813408241,"pearson_r, entropy_reduction_ratio, f_stat",0.016436879593616897,0.006739831006817808,0.004542950504101133,0.012987846802466311,0.5162052478261672
intent_com.qihoo.appstore.battery.STOP,0,0.11105039646166304,0.16927114279183933,554.6,204.775584482135,"pearson_r, mutual_information, entropy_reduction_ratio",0.0,0.11829587825474006,0.0,0.0,0.4369561040535751
perm_com.lenovo.launcher.permission.READ_SETTINGS,0,0.11097754510449642,0.19691421855476007,287.9,95.09542575749899,"pearson_r, mutual_information, entropy_reduction_ratio",0.011849689103760632,0.020774346354122945,0.008082100073886668,0.009474698739809289,0.5047068912509026
perm_com.tencent.mm.permission.C2D_MESSAGE,0,0.11092068118525604,0.1692657891805666,555.0,203.98921540120693,"pearson_r, mutual_information, entropy_reduction_ratio",0.0,0.11764730187270513,0.0,0.0,0.4369561040535751
perm_com.ebproductions.android.launcher.permission.READ_SETTINGS,0,0.11076598383958366,0.16925992417363203,555.4,203.20295273445214,"pearson_r, mutual_information, entropy_reduction_ratio",0.0,0.11687381514434322,0.0,0.0,0.4369561040535751
intent_com.morgoo.droidplugin.ACTION_SHORTCUT_PROXY_ZHUSHOU,0,0.11066432111229026,0.1692563777082789,556.2,201.63075162286134,"pearson_r, mutual_information, entropy_reduction_ratio",0.0,0.11636550150787618,0.0,0.0,0.4369561040535751
intent_cn.uc.gamesdk.sdkweb,0,0.11063531011653818,0.16925541045307413,556.4,201.23776981471445,"pearson_r, mutual_information, entropy_reduction_ratio",0.0,0.11622044652911584,0.0,0.0,0.4369561040535751
perm_com.google.android.launcher.permission.READ_SETTINGS,0,0.11053923829453485,0.18035349015400795,288.8,39.876810303734175,"pearson_r, mutual_information, entropy_reduction_ratio",0.0019492584336396263,0.08166506572458747,0.0014710779198809979,0.0017208721093413554,0.4658899172852248
intent_android.intent.action.PACKAGE_RESTARTED,0,0.11035701804648732,0.19415695525527557,299.6,71.5306927129886,"pearson_r, mutual_information, entropy_reduction_ratio",0.008885413442509203,0.030418377805255817,0.006459909528174274,0.007752472108336087,0.4982689173481612
suspicious_adb_enabled,0,0.11006482182771724,0.10774034777183382,315.2,327.64700517477644,"pearson_r, mutual_information, entropy_reduction_ratio",0.04602202335310823,0.13730781940096604,0.023408378857335165,0.03383245928885835,0.30975342823831836
intent_com.qihoo.appstore.plugin.huajiao.IPluginHelperService,0,0.1098530772203643,0.16923682745191998,557.2,199.66612131255516,"pearson_r, mutual_information, entropy_reduction_ratio",0.0,0.1123092820482464,0.0,0.0,0.4369561040535751
intent_com.excelliance.dualaid.action.pg,0,0.1097448194579677,0.16923539475678873,557.8,198.4876822374628,"pearson_r, mutual_information, entropy_reduction_ratio",0.0,0.11176799323626337,0.0,0.0,0.4369561040535751
perm_android.permission.WRITE_CONTACTS,0,0.10974235207274272,0.15205031401422534,386.8,279.2442658319057,"pearson_r, mutual_information, entropy_reduction_ratio",0.005151832960943572,0.14240452146092042,0.0030988577472083685,0.003741677864518811,0.3943148703301224
intent_com.qihoo.appstore.ACTION_NORMAL_INSTALL_ERROR,0,0.10960956704221139,0.16923399402326933,558.0,198.09492673968205,"pearson_r, mutual_information, entropy_reduction_ratio",0.0,0.11109173115748185,0.0,0.0,0.4369561040535751
suspicious_Landroid/telephony/SmsMessage;->getMessageBody,0,0.10952139725560044,0.18172169860467324,290.0,33.92933833719721,"pearson_r, mutual_information, entropy_reduction_ratio",0.0025378812441672546,0.07242503762664113,0.001691598700016417,0.002092688779302819,0.46885977992787453
perm_com.yulong.android.launcherL.permission.READ_SETTINGS,0,0.10950586038982388,0.1692332128537114,558.4,197.30950306561516,"pearson_r, mutual_information, entropy_reduction_ratio",0.0,0.11057319789554428,0.0,0.0,0.4369561040535751
intent_com.excelliance.kxqp.platform.action.CRASH_REPORT,0,0.10939745788198767,0.16923266804337678,558.6,196.91683523762006,"pearson_r, mutual_information, entropy_reduction_ratio",0.0,0.11003118535636323,0.0,0.0,0.4369561040535751
intent_com.qihoo.psdk.service.action.local,0,0.10930255974323103,0.1692324191063613,558.8,196.5241969834758,"pearson_r, mutual_information, entropy_reduction_ratio",0.0,0.10955669466258004,0.0,0.0,0.4369561040535751
intent_com.excelliance.dualaid.action.ext,0,0.10923114529582267,0.16923237213628675,559.0,196.13158848079522,"pearson_r, mutual_information, entropy_reduction_ratio",0.0,0.10919962242553824,0.0,0.0,0.4369561040535751
perm_com.huawei.launcher.permission.WRITE_SETTINGS,0,0.10919585948604349,0.1692323934235055,559.2,195.73900990860253,"pearson_r, mutual_information, entropy_reduction_ratio",0.0,0.1090231933766423,0.0,0.0,0.4369561040535751
intent_com.sogou.androidtool.action.extend,0,0.10913597814812229,0.1692324968967307,559.4,195.34646144734745,"pearson_r, mutual_information, entropy_reduction_ratio",0.0,0.10872378668703632,0.0,0.0,0.4369561040535751
perm_com.android.launcher.permission.WRITE_SETTINGS,0,0.10903466814290534,0.18368647466511195,291.8,30.373672810511408,"pearson_r, mutual_information, entropy_reduction_ratio",0.003169810142505009,0.06360058553805494,0.0023065409213615224,0.0027270344501668427,0.4733693696624385
intent_show_helpcontent,0,0.10899075367664161,0.16923309985657237,559.8,194.56145558666034,"pearson_r, mutual_information, entropy_reduction_ratio",0.0,0.10799766432963295,0.0,0.0,0.4369561040535751
intent_com.qihoo.appstore.free.wifi,0,0.10899037382446257,0.1692331020873164,560.0,194.16899855538216,"pearson_r, mutual_information, entropy_reduction_ratio",0.0,0.10799576506873775,0.0,0.0,0.4369561040535751
intent_android.media.browse.MediaBrowserService,0,0.10888458054323999,0.09797747636962595,304.2,339.0724996221309,"pearson_r, mutual_information, entropy_reduction_ratio",0.08089026808288155,0.09272453660929436,0.03178885371279196,0.03978191040479523,0.29923733390643686
intent_com.sogou.androidtool.action.appdetail,0,0.1086309100246158,0.16923674172789738,560.4,193.38417722243977,"pearson_r, mutual_information, entropy_reduction_ratio",0.0,0.10619844606950389,0.0,0.0,0.4369561040535751
perm_com.google.android.googleapps.permission.GOOGLE_AUTH.writely,0,0.10839924594161923,0.16924070566127883,560.8,192.59948078850056,"pearson_r, mutual_information, entropy_reduction_ratio",0.0,0.105040125654521,0.0,0.0,0.4369561040535751
perm_android.permission.PERSISTENT_ACTIVITY,0,0.10836069480818473,0.16924148839240333,561.0,192.20717988670455,"pearson_r, mutual_information, entropy_reduction_ratio",0.0,0.1048473699873485,0.0,0.0,0.4369561040535751
intent_android.content.SyncAdapter,0,0.10825864157592577,0.20059059534213636,336.1,225.35048258213249,"pearson_r, entropy_reduction_ratio, f_stat",0.011999369861608091,0.0,0.009117086846736514,0.010825893753051952,0.5093508574182323
intent_android.intent.action.PACKAGE_INSTALL,0,0.10825864157592577,0.20059059534213636,336.1,225.35048258213249,"pearson_r, entropy_reduction_ratio, f_stat",0.011999369861608091,0.0,0.009117086846736514,0.010825893753051952,0.5093508574182323
perm_android.permission.REQUEST_INSTALL_PACKAGES,0,0.108011133056707,0.20032840539238067,337.5,224.60454136103303,"pearson_r, entropy_reduction_ratio, f_stat",0.012192735109208205,0.0,0.008688490903686723,0.01059507869848255,0.5085793605721575
perm_com.anddoes.launcher.permission.WRITE_SETTINGS,0,0.10793250429734255,0.1692525436335592,561.8,190.63829625759877,"pearson_r, mutual_information, entropy_reduction_ratio",0.0,0.10270641743313769,0.0,0.0,0.4369561040535751
intent_android.intent.action,0,0.10775944641698934,0.19603954616646307,307.2,95.36959683253359,"pearson_r, mutual_information, entropy_reduction_ratio",0.008912100341344304,0.015014816106996556,0.006925652559595217,0.008145884127493617,0.49979877894951696
intent_com.qihoo.appstore.ACTION_GET_DOWNLOAD_APK_PATH,0,0.1077535770185615,0.1692584466587024,562.4,189.46197507679477,"pearson_r, mutual_information, entropy_reduction_ratio",0.0,0.10181178103923241,0.0,0.0,0.4369561040535751
perm_com.qihoo360.home.permission.WRITE_SETTINGS,0,0.10755630655862425,0.16926583148853655,563.0,188.28595274209917,"pearson_r, mutual_information, entropy_reduction_ratio",0.0,0.1008254287395461,0.0,0.0,0.4369561040535751
perm_android.permission.WRITE_SOCIAL_STREAM,0,0.1073556305085166,0.1692742870165548,563.4,187.502106654832,"pearson_r, mutual_information, entropy_reduction_ratio",0.0,0.09982204848900789,0.0,0.0,0.4369561040535751
perm_com.android.launcher2.permission.UNINSTALL_SHORTCUT,0,0.10712985747398047,0.1988179462059939,305.3,129.21168677793816,"pearson_r, entropy_reduction_ratio, f_stat",0.011849689103760632,0.0015359082015431265,0.008082100073886668,0.009474698739809289,0.5047068912509026
intent_com.mobiletool.appstore.action.extend,0,0.10712963599185688,0.16928494804767388,564.0,186.32659498847715,"pearson_r, mutual_information, entropy_reduction_ratio",0.0,0.0986920759057093,0.0,0.0,0.4369561040535751
perm_android.permission.READ_USER_DICTIONARY,0,0.107121439279388,0.18102894533280883,299.2,33.02968361943541,"pearson_r, mutual_information, entropy_reduction_ratio",0.0019492584336396263,0.0645760706488532,0.0014710779198809979,0.0017208721093413554,0.4658899172852248
intent_com.qihoo.appstore.powerusage.HIGH_TEMPERATURE,0,0.10710111836426706,0.16928637903539845,564.2,185.93482729171532,"pearson_r, mutual_information, entropy_reduction_ratio",0.0,0.09854948776776014,0.0,0.0,0.4369561040535751
perm_android.permission.STOP_APP_SWITCHES,0,0.10699118519641238,0.15817782811751793,406.8,263.16109134900626,"pearson_r, mutual_information, entropy_reduction_ratio",0.0031422842427621645,0.1189749011712378,0.0012715541485116787,0.001484299634188815,0.41008288678536137
intent_com.qihoo.appstore.launcher.shortcut.HOME_GAME,0,0.10694502746973193,0.16929455173668498,564.6,185.1513975102538,"pearson_r, mutual_information, entropy_reduction_ratio",0.0,0.09776903329508455,0.0,0.0,0.4369561040535751
intent_com.esbook.receiver.CLICK_BOOK_UPDATE,0,0.1069064191542168,0.16929666195613466,564.8,184.7597358733769,"pearson_r, mutual_information, entropy_reduction_ratio",0.0,0.0975759917175088,0.0,0.0,0.4369561040535751
intent_com.qihoo.appstore.ACTION_MEM_SCAN,0,0.1069034572277479,0.16929682530000892,565.0,184.36811004075514,"pearson_r, mutual_information, entropy_reduction_ratio",0.0,0.09756118208516446,0.0,0.0,0.4369561040535751
intent_android.intent.action.CHINAMOBILE_OMS_GAME,0,0.10682267583367186,0.19898197461302472,347.8,219.9449021914352,"pearson_r, entropy_reduction_ratio, f_stat",0.011849689103760632,0.0,0.008082100073886668,0.009474698739809289,0.5047068912509027
intent_com.igexin.sdk.action.user.message,0,0.10682267583367186,0.19898197461302472,347.8,219.9449021914352,"pearson_r, entropy_reduction_ratio, f_stat",0.011849689103760632,0.0,0.008082100073886668,0.009474698739809289,0.5047068912509027
intent_com.snipermob.sdk.notification,0,0.10682267583367186,0.19898197461302472,347.8,219.9449021914352,"pearson_r, entropy_reduction_ratio, f_stat",0.011849689103760632,0.0,0.008082100073886668,0.009474698739809289,0.5047068912509027
intent_com.android.utils.hades.ACTION_UPDATE_SYS_WRAPPER,0,0.10682267583367186,0.19898197461302472,347.8,219.9449021914352,"pearson_r, entropy_reduction_ratio, f_stat",0.011849689103760632,0.0,0.008082100073886668,0.009474698739809289,0.5047068912509027
intent_com.android.utils.hades.ACTION_START_SYS_WRAPPER,0,0.10682267583367186,0.19898197461302472,347.8,219.9449021914352,"pearson_r, entropy_reduction_ratio, f_stat",0.011849689103760632,0.0,0.008082100073886668,0.009474698739809289,0.5047068912509027
intent_com.android.utils.hades.ACTION_REGISTER_IMPLICIT_RECEIVERS,0,0.10682267583367186,0.19898197461302472,347.8,219.9449021914352,"pearson_r, entropy_reduction_ratio, f_stat",0.011849689103760632,0.0,0.008082100073886668,0.009474698739809289,0.5047068912509027
perm_com.android.launcher3.permission.WRITE_SETTINGS,0,0.10682267583367185,0.19898197461302466,350.2,218.24701601625623,"pearson_r, entropy_reduction_ratio, f_stat",0.011849689103760632,0.0,0.008082100073886668,0.009474698739809289,0.5047068912509026
perm_com.huawei.launcher2.permission.READ_SETTINGS,0,0.10682267583367185,0.19898197461302466,350.2,218.24701601625623,"pearson_r, entropy_reduction_ratio, f_stat",0.011849689103760632,0.0,0.008082100073886668,0.009474698739809289,0.5047068912509026
perm_com.huawei.launcher3.permission.READ_SETTINGS,0,0.10682267583367185,0.19898197461302466,350.2,218.24701601625623,"pearson_r, entropy_reduction_ratio, f_stat",0.011849689103760632,0.0,0.008082100073886668,0.009474698739809289,0.5047068912509026
intent_android.net.wifi.supplicant.CONNECTION_CHANGE,0,0.10682267583367185,0.19898197461302466,350.2,218.24701601625623,"pearson_r, entropy_reduction_ratio, f_stat",0.011849689103760632,0.0,0.008082100073886668,0.009474698739809289,0.5047068912509026
perm_android.permission.BIND_ACCESSIBILITY_SERVICE,0,0.10682267583367185,0.19898197461302466,350.2,218.24701601625623,"pearson_r, entropy_reduction_ratio, f_stat",0.011849689103760632,0.0,0.008082100073886668,0.009474698739809289,0.5047068912509026
perm_android.permission.WRITE_USER_DICTIONARY,0,0.10682267583367185,0.19898197461302466,350.2,218.24701601625623,"pearson_r, entropy_reduction_ratio, f_stat",0.011849689103760632,0.0,0.008082100073886668,0.009474698739809289,0.5047068912509026
perm_com.android.launcher.permission.CREATE_SHORTCUT,0,0.10682267583367185,0.19898197461302466,350.2,218.24701601625623,"pearson_r, entropy_reduction_ratio, f_stat",0.011849689103760632,0.0,0.008082100073886668,0.009474698739809289,0.5047068912509026
perm_com.android.launcher2.permission.INSTALL_SHORTCUT,0,0.10682267583367185,0.19898197461302466,350.2,218.24701601625623,"pearson_r, entropy_reduction_ratio, f_stat",0.011849689103760632,0.0,0.008082100073886668,0.009474698739809289,0.5047068912509026
intent_com.qihoo.appstore.batteryrank.POWERPERCENT,0,0.10681937710412619,0.1693015485275557,565.2,183.9765202410351,"pearson_r, mutual_information, entropy_reduction_ratio",0.0,0.09714078146705589,0.0,0.0,0.4369561040535751
perm_org.simalliance.openmobileapi.SMARTCARD,0,0.10630339949362347,0.19892466826922714,359.9,213.62546664665243,"pearson_r, entropy_reduction_ratio, f_stat",0.010257788200584993,0.0,0.007871225392641725,0.009301194398690538,0.5040867894762
intent_android.provider.Telephony.WAP_PUSH_RECEIVED,0,0.10618964589246518,0.18125738327097463,303.0,33.53207419769914,"pearson_r, mutual_information, entropy_reduction_ratio",0.0019492584336396263,0.059917103714239126,0.0014710779198809979,0.0017208721093413554,0.4658899172852248
perm_android.permission.LOCAL_MAC_ADDRESS,0,0.10586542143369712,0.169366821904092,566.4,181.62775118356777,"pearson_r, mutual_information, entropy_reduction_ratio",0.0,0.09237100311491055,0.0,0.0,0.4369561040535751
intent_com.excelliance.kxqp.platform.action.BADGE_REPORT,0,0.10581752452764767,0.16937066516997465,566.6,181.23642018093383,"pearson_r, mutual_information, entropy_reduction_ratio",0.0,0.09213151858466333,0.0,0.0,0.4369561040535751
intent_com.miui.smsextra.hhha,0,0.10579194563957121,0.16937273978673834,566.8,180.84512711157024,"pearson_r, mutual_information, entropy_reduction_ratio",0.0,0.09200362414428102,0.0,0.0,0.4369561040535751
intent_android.intent.action.PACKAGE_FULLY_REMOVED,0,0.10576240488785478,0.1531031483144874,395.4,270.8494784931291,"pearson_r, mutual_information, entropy_reduction_ratio",0.0062920571786677796,0.11808642306484735,0.0025431082970233574,0.0029769381312181064,0.3989134977675173
intent_com.yuetu.shentu.Intent.WECHAT_PAY,0,0.10572173141899284,0.1693785139133858,567.2,180.06265576182085,"pearson_r, mutual_information, entropy_reduction_ratio",0.0,0.09165255304138903,0.0,0.0,0.4369561040535751
intent_com.qihoo360.mobilesafe.pcdaemon.sms.cancel.default.smsreceive,0,0.10558198671745897,0.16939035177984563,567.4,179.67147798134238,"pearson_r, mutual_information, entropy_reduction_ratio",0.0,0.09095382953371974,0.0,0.0,0.4369561040535751
intent_com.inmobi.share.id,0,0.10552583695325697,0.1852351599629695,306.4,48.70564648990916,"pearson_r, mutual_information, entropy_reduction_ratio",0.0035126662612335624,0.04422646545609334,0.00236156580828241,0.0029166131163313536,0.4746118741243442
perm_me.everything.badger.permission.BADGE_COUNT_WRITE,0,0.1054426035172932,0.10363066311386253,319.2,329.4503908026214,"pearson_r, mutual_information, entropy_reduction_ratio",0.0709177641404421,0.08545505466622268,0.027974191267256927,0.03469551017810213,0.30817049733444224
perm_com.google.android.googleapps.permission.GOOGLE_AUTH.ig,0,0.10543410404768028,0.16940338029423288,567.6,179.28033913399426,"pearson_r, mutual_information, entropy_reduction_ratio",0.0,0.09021441618482624,0.0,0.0,0.4369561040535751
perm_com.yulong3.android.launcher.permission.READ_SETTINGS,0,0.10538701689924301,0.16940763686243254,568.0,178.49817926242272,"pearson_r, mutual_information, entropy_reduction_ratio",0.0,0.08997898044263997,0.0,0.0,0.4369561040535751
intent_com.qihoo.sdkplugging.host.proxy.activity.VIEW,0,0.1053543773649586,0.16941061805842916,568.2,178.10715875562107,"pearson_r, mutual_information, entropy_reduction_ratio",0.0,0.08981578277121799,0.0,0.0,0.4369561040535751
intent_com.qihoo.appstore.checkupdate.INSTALL_ALL_SILENT_TASK,0,0.10528048687145035,0.16941745972303152,568.6,177.3252379104565,"pearson_r, mutual_information, entropy_reduction_ratio",0.0,0.08944633030367669,0.0,0.0,0.4369561040535751
intent_com.google.Ps.Download,0,0.10501630940703235,0.16944297233170333,569.4,175.76188437770006,"pearson_r, mutual_information, entropy_reduction_ratio",0.0,0.08812544298158667,0.0,0.0,0.4369561040535751
intent_com.sogou.androidtool.intent.action.COMMAND,0,0.1049879787688556,0.16944580591195815,569.6,175.3711492806043,"pearson_r, mutual_information, entropy_reduction_ratio",0.0,0.08798378979070282,0.0,0.0,0.4369561040535751
intent_android.intent.action.DOWNLOAD_WAKEUP.sogou,0,0.10476378786602018,0.1694688955423816,570.2,174.19919632420812,"pearson_r, mutual_information, entropy_reduction_ratio",0.0,0.08686283527652577,0.0,0.0,0.4369561040535751
intent_android.intent.action.SEND_MULTIPLE,0,0.10476272825705787,0.1363635960530893,359.4,294.2982161006077,"pearson_r, mutual_information, entropy_reduction_ratio",0.022154525605612922,0.11676562198605911,0.00890087903958175,0.010567708258978629,0.3654249063950569
perm_com.android.launcher2.permission.READ_SETTINGS,0,0.10475648319559001,0.19754643059593735,365.9,210.84648443832305,"pearson_r, entropy_reduction_ratio, f_stat",0.008912100341344304,0.0,0.006925652559595217,0.008145884127493617,0.49979877894951696
perm_com.android.launcher3.permission.READ_SETTINGS,0,0.10475648319559001,0.19754643059593735,365.9,210.84648443832305,"pearson_r, entropy_reduction_ratio, f_stat",0.008912100341344304,0.0,0.006925652559595217,0.008145884127493617,0.49979877894951696
perm_android.permission.WRITE_CALL_LOG,0,0.10475648319559001,0.19754643059593735,365.9,210.84648443832305,"pearson_r, entropy_reduction_ratio, f_stat",0.008912100341344304,0.0,0.006925652559595217,0.008145884127493617,0.49979877894951696
intent_com.huawei.intent.action.PUSH_STATE,0,0.10475648319559001,0.19754643059593735,365.9,210.84648443832305,"pearson_r, entropy_reduction_ratio, f_stat",0.008912100341344304,0.0,0.006925652559595217,0.008145884127493617,0.49979877894951696
intent_com.excelliance.dualaid.act.action.ext,0,0.10473497633166721,0.16947194866582982,570.4,173.8086303956164,"pearson_r, mutual_information, entropy_reduction_ratio",0.0,0.08671877760476093,0.0,0.0,0.4369561040535751
intent_android.intent.action.CAL,0,0.1046243104964458,0.1694838574250104,570.6,173.41810747439263,"pearson_r, mutual_information, entropy_reduction_ratio",0.0,0.08616544842865394,0.0,0.0,0.4369561040535751
intent_com.mobiletool.appstore.browser.highspeed,0,0.10455308358759619,0.1694916745923627,570.8,173.0276278517393,"pearson_r, mutual_information, entropy_reduction_ratio",0.0,0.08580931388440581,0.0,0.0,0.4369561040535751
suspicious_getExternalStorageDirectory,0,0.10447740110380214,0.18082209421820902,318.8,40.295905499194326,"pearson_r, mutual_information, entropy_reduction_ratio",0.0031422842427621645,0.0539550463168271,2.548204706436448e-06,0.0014578054329261907,0.46382932132178883
intent_cn.jpush.android.intent.NOTIFICATION_RECEIVED_PROXY,0,0.10445554069613061,0.18940135618538556,312.0,77.10512304639686,"pearson_r, mutual_information, entropy_reduction_ratio",0.005010310023872074,0.02640386068328856,0.003652498582472405,0.00433969755083802,0.48287133664018195
intent_android.intent.action.DATE_CHANGED,0,0.10432987175542614,0.16570479505600202,431.8,242.56331132304408,"pearson_r, mutual_information, entropy_reduction_ratio",0.00022266687450223725,0.09331646968754773,0.0001457961312913608,0.00017248819680377363,0.42779193788698555
perm_baidu.push.permission.WRITE_PUSHINFOPROVIDER.com.esbook.reader,0,0.10424771959665873,0.1695265409587383,571.6,171.46614826256524,"pearson_r, mutual_information, entropy_reduction_ratio",0.0,0.08428249392971851,0.0,0.0,0.4369561040535751
intent_pushy.me,0,0.1041838051409747,0.16953411622068162,571.8,171.07588959289382,"pearson_r, mutual_information, entropy_reduction_ratio",0.0,0.08396292165129836,0.0,0.0,0.4369561040535751
perm_com.sec.android.permission.LAUNCH_PERSONAL_PAGE_SERVICE,0,0.10406205511720856,0.16954881197192626,572.0,170.68567602467408,"pearson_r, mutual_information, entropy_reduction_ratio",0.0,0.08335417153246776,0.0,0.0,0.4369561040535751
intent_com.kingroot.kinguser.service.IKingrootAppList,0,0.10397937490631463,0.16955899047094083,572.2,170.29550786794113,"pearson_r, mutual_information, entropy_reduction_ratio",0.0,0.08294077047799805,0.0,0.0,0.4369561040535751
intent_action_send_pop,0,0.10397705003676502,0.1695592790004908,572.4,169.90538543554175,"pearson_r, mutual_information, entropy_reduction_ratio",0.0,0.08292914613025008,0.0,0.0,0.4369561040535751
intent_com.excelliance.dualaid.action.download,0,0.10385337658969684,0.1695748106568652,572.6,169.5153090431658,"pearson_r, mutual_information, entropy_reduction_ratio",0.0,0.08231077889490908,0.0,0.0,0.4369561040535751
intent_com.qihoo.appstore.stable_notification_broadcast,0,0.10377835153814019,0.16958440787215834,572.8,169.12527900937812,"pearson_r, mutual_information, entropy_reduction_ratio",0.0,0.08193565363712589,0.0,0.0,0.4369561040535751
perm_android.permission.SET_DEBUG_APP,0,0.10362683442991569,0.18533510073384574,313.4,56.06282190543033,"pearson_r, mutual_information, entropy_reduction_ratio",0.003169810142505009,0.03656141697310655,0.0023065409213615224,0.0027270344501668427,0.4733693696624385
perm_com.qiku.android.launcher3.permission.WRITE_UNREAD,0,0.10357463519810255,0.16961113413831427,573.4,167.95547028900248,"pearson_r, mutual_information, entropy_reduction_ratio",0.0,0.08091707193693765,0.0,0.0,0.4369561040535751
intent_com.qihoo.appstore.checkupdate.RESTART_ALL_DOWNLOAD,0,0.10356676432594103,0.1696121862987904,573.6,167.5656289338598,"pearson_r, mutual_information, entropy_reduction_ratio",0.0,0.08087771757613009,0.0,0.0,0.4369561040535751
intent_android.intent.action.IMEDIATE_NOTIFY_ALARM,0,0.10347926622150763,0.16962398079839044,573.8,167.17583557440352,"pearson_r, mutual_information, entropy_reduction_ratio",0.0,0.08044022705396302,0.0,0.0,0.4369561040535751
intent_com.mobiletool.appstore.action.service,0,0.10331824002130179,0.16964615632989868,574.2,166.39639419170115,"pearson_r, mutual_information, entropy_reduction_ratio",0.0,0.07963509605293381,0.0,0.0,0.4369561040535751
perm_android.permission.PREVENT_POWER_KEY,0,0.10324440079732866,0.16965652848144733,574.4,166.00674685084337,"pearson_r, mutual_information, entropy_reduction_ratio",0.0,0.07926589993306823,0.0,0.0,0.4369561040535751
perm_com.facebook.receiver.permission.ACCESS,0,0.10312402803217266,0.169673711374783,574.6,165.61714887052003,"pearson_r, mutual_information, entropy_reduction_ratio",0.0,0.07866403610728827,0.0,0.0,0.4369561040535751
perm_android.permission.FOREGROUND_SERVICE,0,0.1030038287500545,0.08917507376393022,310.6,345.5358736802881,"pearson_r, entropy_reduction_ratio, mutual_information",0.0827065041777113,0.06103311290552546,0.03955161485551105,0.052597738721351366,0.27913017309017335
perm_android.permission.BIND_APPWIDGET,0,0.10298407362571893,0.16969411671575454,574.8,165.22760059989977,"pearson_r, mutual_information, entropy_reduction_ratio",0.0,0.07796426407501955,0.0,0.0,0.4369561040535751
perm_com.google.android.googleapps.permission.GOOGLE_AUTH.cl,0,0.10297713358853189,0.1696951405238641,575.0,164.83810239140706,"pearson_r, mutual_information, entropy_reduction_ratio",0.0,0.07792956388908437,0.0,0.0,0.4369561040535751
perm_android.permission.INSTALL_PACKAGES,0,0.10293398240232769,0.1822029967415905,317.2,47.6629835406891,"pearson_r, mutual_information, entropy_reduction_ratio",0.0019492584336396263,0.04363878626355167,0.0014710779198809979,0.0017208721093413554,0.4658899172852248
intent_com.mobiletool.appstore.action.BackgroundService,0,0.10291195110238922,0.1697048114761914,575.8,163.28061734327193,"pearson_r, mutual_information, entropy_reduction_ratio",0.0,0.07760365145837102,0.0,0.0,0.4369561040535751
intent_com.sogou.androidtool.action.topicdetail,0,0.10291059391539611,0.169705013896843,576.0,162.89137484839398,"pearson_r, mutual_information, entropy_reduction_ratio",0.0,0.07759686552340546,0.0,0.0,0.4369561040535751
intent_com.google.android.gms.measurement.UPLOAD,0,0.10290505601400524,0.11933551461456915,337.4,310.21192755920913,"pearson_r, mutual_information, entropy_reduction_ratio",0.044686866442262864,0.0954013602912312,0.0178017580791635,0.021565497838581332,0.3350697974187873
perm_com.google.android.googleapps.permission.GOOGLE_AUTH.lh2,0,0.10286568543233976,0.16971173622086438,576.2,162.50218460070005,"pearson_r, mutual_information, entropy_reduction_ratio",0.0,0.07737232310812371,0.0,0.0,0.4369561040535751
perm_com.tencent.mm.ext.permission.READ,0,0.10285006110701653,0.1697140860999802,576.4,162.1130469764849,"pearson_r, mutual_information, entropy_reduction_ratio",0.0,0.07729420148150752,0.0,0.0,0.4369561040535751
intent_com.qihoo.appstore.gameunion.DOWNLOAD_SLIENT,0,0.10273950975248267,0.1697308763217677,576.6,161.72396235561385,"pearson_r, mutual_information, entropy_reduction_ratio",0.0,0.07674144470883827,0.0,0.0,0.4369561040535751
intent_cn.jpush.android.intent.REGISTRATION,0,0.10270088351705575,0.1757689037649602,317.2,36.9859432757906,"pearson_r, mutual_information, entropy_reduction_ratio",0.0004993699441010835,0.061176215842673944,0.00034531990266068043,0.000409427739460846,0.4510740841563822
perm_android.permission.ACCESS_WIMAX_STATE,0,0.10260263103997078,0.16975206179432667,577.0,160.94595366146984,"pearson_r, mutual_information, entropy_reduction_ratio",0.0,0.0760570511462788,0.0,0.0,0.4369561040535751
intent_cn.jpush.android.intent.NOTIFICATION_CLICK_ACTION,0,0.10234194696521062,0.1697936227543289,577.4,160.16816163020664,"pearson_r, mutual_information, entropy_reduction_ratio",0.0,0.07475363077247793,0.0,0.0,0.4369561040535751
intent_com.excelliance.open.action.startPromptActivity,0,0.10222962402771589,0.1698120207618975,577.6,159.7793478519674,"pearson_r, mutual_information, entropy_reduction_ratio",0.0,0.07419201608500435,0.0,0.0,0.4369561040535751
intent_android.net.wifi.STATE_CHANGE,0,0.10218403502481707,0.17137672382646965,321.4,43.167580427909094,"pearson_r, mutual_information, entropy_reduction_ratio",3.405683903508381e-05,0.07024175948300343,2.2239375274835626e-05,2.7197477135268155e-05,0.4405949219496368
intent_com.areametrics.areametricssdk.AMLocationUpdatesBroadcastReceiver.PROCESS_UPDATES,0,0.10212398561621802,0.16982959320997498,577.8,159.39058943363,"pearson_r, mutual_information, entropy_reduction_ratio",0.0,0.07366382402751503,0.0,0.0,0.4369561040535751
perm_com.samsung.android.providers.context.permission.READ_RECORD_AUDIO,0,0.10186099475548165,0.16987447398424146,578.4,158.22465041832135,"pearson_r, mutual_information, entropy_reduction_ratio",0.0,0.07234886972383313,0.0,0.0,0.4369561040535751
perm_com.tencent.mm.ext.permission.WRITE,0,0.1018379218977514,0.1698784886292968,578.6,157.83611753968103,"pearson_r, mutual_information, entropy_reduction_ratio",0.0,0.07223350543518194,0.0,0.0,0.4369561040535751
intent_intent.action.HEJU,0,0.1017120761719446,0.16990060454899675,578.8,157.44764209095035,"pearson_r, mutual_information, entropy_reduction_ratio",0.0,0.07160427680614789,0.0,0.0,0.4369561040535751
intent_com.excelliance.open.action.queryUpdate,0,0.10154258048754065,0.16993097606199262,579.2,156.6708651919686,"pearson_r, mutual_information, entropy_reduction_ratio",0.0,0.07075679838412822,0.0,0.0,0.4369561040535751
perm_android.permission.READ_SOCIAL_STREAM,0,0.10147867870182503,0.16994260058042096,579.4,156.28256460654848,"pearson_r, mutual_information, entropy_reduction_ratio",0.0,0.07043728945555007,0.0,0.0,0.4369561040535751
intent_com.qihoo.hongbao.LOGIN,0,0.10143830997213214,0.16994999327295485,580.0,155.11801958508883,"pearson_r, mutual_information, entropy_reduction_ratio",0.0,0.07023544580708568,0.0,0.0,0.4369561040535751
perm_com.sec.android.settings.permission.SOFT_RESET,0,0.10137877104271395,0.1699609659988675,580.2,154.72995831447767,"pearson_r, mutual_information, entropy_reduction_ratio",0.0,0.06993775115999466,0.0,0.0,0.4369561040535751
perm_android.permission.BIND_JOB_SERVICE,0,0.101329346991654,0.16997013743407877,580.4,154.34195800235267,"pearson_r, mutual_information, entropy_reduction_ratio",0.0,0.06969063090469485,0.0,0.0,0.4369561040535751
intent_com.mobiletool.appstore.action.sdk,0,0.10127079403553729,0.16998107663461703,580.6,153.95401910960297,"pearson_r, mutual_information, entropy_reduction_ratio",0.0,0.06939786612411142,0.0,0.0,0.4369561040535751
intent_com.qihoo.appstore.LitePluginTipDialogActivity,0,0.1010751659961004,0.17001820482518823,580.8,153.56614210170156,"pearson_r, mutual_information, entropy_reduction_ratio",0.0,0.06841972592692691,0.0,0.0,0.4369561040535751
intent_com.qihoo.appstore.ACTION_EVENT_STAT,0,0.10101683742001369,0.17002944765984582,581.2,152.79057562559282,"pearson_r, mutual_information, entropy_reduction_ratio",0.0,0.06812808304649336,0.0,0.0,0.4369561040535751
intent_android.intent.action.DOWNLOAD_NOTIFY,0,0.10095785480202854,0.17004089718941026,581.4,152.40288711176046,"pearson_r, mutual_information, entropy_reduction_ratio",0.0,0.0678331699565676,0.0,0.0,0.4369561040535751
intent_com.qihoo.appstore.ACTION_CLEAN_STOP_SERVICE,0,0.10093385794819895,0.17004557858649644,581.8,151.62770195449116,"pearson_r, mutual_information, entropy_reduction_ratio",0.0,0.06771318568741963,0.0,0.0,0.4369561040535751
intent_show_lock_set_email,0,0.1008599566993397,0.170060079797496,582.0,151.24020629449035,"pearson_r, mutual_information, entropy_reduction_ratio",0.0,0.06734367944312336,0.0,0.0,0.4369561040535751
intent_com.qihoo.commonreceiver.CLEARED,0,0.10080774970330326,0.17007040075016047,582.2,150.85277591081976,"pearson_r, mutual_information, entropy_reduction_ratio",0.0,0.06708264446294121,0.0,0.0,0.4369561040535751
intent_com.excelliance.open.action.appstate,0,0.10072841696520993,0.1700862057779405,582.4,150.4654113077155,"pearson_r, mutual_information, entropy_reduction_ratio",0.0,0.06668598077247458,0.0,0.0,0.4369561040535751
perm_android.permission.REAL_GET_TASKS,0,0.10059226841017233,0.15821075895620454,422.6,249.210433168437,"pearson_r, mutual_information, entropy_reduction_ratio",0.0031422842427621645,0.08698031724003756,0.0012715541485116787,0.001484299634188815,0.41008288678536137
intent_com.xiaomi.hy.push.client.ONCLICK,0,0.10037995957729669,0.17015736176530402,583.0,149.3037173013452,"pearson_r, mutual_information, entropy_reduction_ratio",0.0,0.06494369383290832,0.0,0.0,0.4369561040535751
intent_com.qihoo.appstore.NOTIFY_DELETE,0,0.10037636816439022,0.17015810984800528,583.2,148.91662096623062,"pearson_r, mutual_information, entropy_reduction_ratio",0.0,0.06492573676837597,0.0,0.0,0.4369561040535751
perm_com.google.android.googleapps.permission.GOOGLE_AUTH.sitemaps,0,0.10027745776651542,0.17017883050551746,583.8,147.75574438917764,"pearson_r, mutual_information, entropy_reduction_ratio",0.0,0.06443118477900196,0.0,0.0,0.4369561040535751
perm_com.tencent.mm.wear.message,0,0.09997076636064808,0.17024452437131327,584.4,146.59549788448484,"pearson_r, mutual_information, entropy_reduction_ratio",0.0,0.06289772774966532,0.0,0.0,0.4369561040535751
intent_cn.jpush.android.intent.REPORT,0,0.09984373241924148,0.19151466678824125,330.6,112.46617269205883,"pearson_r, entropy_reduction_ratio, f_stat",0.005010310023872074,0.0033448192988429657,0.003652498582472405,0.00433969755083802,0.48287133664018195
perm_com.google.android.googleapps.permission.GOOGLE_AUTH.wise,0,0.09977311091435419,0.17028801991068165,584.8,145.8223576822155,"pearson_r, mutual_information, entropy_reduction_ratio",0.0,0.06190945051819583,0.0,0.0,0.4369561040535751
intent_com.qihoo.appstore.ACTION_STAT,0,0.09972198224724711,0.1702994187266616,585.0,145.435896531771,"pearson_r, mutual_information, entropy_reduction_ratio",0.0,0.06165380718266046,0.0,0.0,0.4369561040535751
perm_com.ztemt.launcher.permission.READ_SETTINGS,0,0.09966959881239142,0.17031116016947612,585.4,144.6631950428304,"pearson_r, mutual_information, entropy_reduction_ratio",0.0,0.061391890008381966,0.0,0.0,0.4369561040535751
intent_com.qihoo.appstore.reservation.alarm,0,0.09966613361694936,0.17031193911698447,585.6,144.27695588693294,"pearson_r, mutual_information, entropy_reduction_ratio",0.0,0.06137456403117167,0.0,0.0,0.4369561040535751
perm_com.tencent.mtt.extension.Player,0,0.09950824828373209,0.1703477257592485,586.2,143.11869200073065,"pearson_r, mutual_information, entropy_reduction_ratio",0.0,0.060585137365085286,0.0,0.0,0.4369561040535751
intent_android.net.conn.MEDIA_NOFS,0,0.09943961879661152,0.17036346162734867,586.6,142.34690021212265,"pearson_r, mutual_information, entropy_reduction_ratio",0.0,0.060241989929482515,0.0,0.0,0.4369561040535751
perm_com.amazon.device.messaging.permission.RECEIVE,0,0.0994339418222168,0.13631101376425464,371.3,286.22466700129115,"pearson_r, mutual_information, entropy_reduction_ratio",0.022154525605612922,0.09012168981185378,0.00890087903958175,0.010567708258978629,0.365424906395057
intent_LOCATION_SERVICE,0,0.09940020750445552,0.17037254746307903,586.8,141.9611214382304,"pearson_r, mutual_information, entropy_reduction_ratio",0.0,0.06004493346870251,0.0,0.0,0.4369561040535751
intent_cn.ngds.android.intent.alarm,0,0.09939765107945835,0.1703731380611773,587.0,141.57542159569928,"pearson_r, mutual_information, entropy_reduction_ratio",0.0,0.06003215134371663,0.0,0.0,0.4369561040535751
intent_com.kingroot.ACTION_SERVICE_PSS_RECORD,0,0.09931028113052068,0.17039341369386474,587.4,140.80426129915244,"pearson_r, mutual_information, entropy_reduction_ratio",0.0,0.05959530159902824,0.0,0.0,0.4369561040535751
perm_com.android.mylauncher.permission.WRITE_SETTINGS,0,0.09920996425089132,0.1704169118655662,587.8,140.03342458141915,"pearson_r, mutual_information, entropy_reduction_ratio",0.0,0.059093717200881454,0.0,0.0,0.4369561040535751
intent_cn.jpush.android.ui.PushActivity,0,0.0991747685594729,0.19185610810282475,377.9,205.33835491695163,"pearson_r, entropy_reduction_ratio, f_stat",0.005010310023872074,0.0,0.003652498582472405,0.00433969755083802,0.48287133664018195
intent_cn.jpush.android.intent.REGISTER,0,0.0991747685594729,0.19185610810282475,377.9,205.33835491695163,"pearson_r, entropy_reduction_ratio, f_stat",0.005010310023872074,0.0,0.003652498582472405,0.00433969755083802,0.48287133664018195
intent_cn.jpush.android.intent.PUSH_TIME,0,0.0991747685594729,0.19185610810282475,377.9,205.33835491695163,"pearson_r, entropy_reduction_ratio, f_stat",0.005010310023872074,0.0,0.003652498582472405,0.00433969755083802,0.48287133664018195
perm_mobi.SyndicateApps.ICS.launcher.permission.READ_SETTINGS,0,0.09912030021539761,0.1704381118692411,588.4,138.87778800081747,"pearson_r, mutual_information, entropy_reduction_ratio",0.0,0.05864539702341296,0.0,0.0,0.4369561040535751
perm_dianxin.permission.ACCESS_LAUNCHER_DATA,0,0.09887925161648138,0.17049602702899413,589.0,137.722910221938,"pearson_r, mutual_information, entropy_reduction_ratio",0.0,0.0574401540288318,0.0,0.0,0.4369561040535751
intent_com.qihoo.appstore.launcher.shortcut.GAME_RESERVATION,0,0.0988263963442104,0.17050890579955652,589.2,137.33812289382726,"pearson_r, mutual_information, entropy_reduction_ratio",0.0,0.057175877667476914,0.0,0.0,0.4369561040535751
intent_com.qihoo360.daemon.pcdaemon.ACTION_START_UI2,0,0.09878619082965705,0.17051874555005753,589.4,136.95342273926565,"pearson_r, mutual_information, entropy_reduction_ratio",0.0,0.05697485009471012,0.0,0.0,0.4369561040535751
perm_android.permission.CALL_PHONE,0,0.09878354496227959,0.18866124118249283,334.6,100.85752326921379,"pearson_r, mutual_information, entropy_reduction_ratio",0.003863232001689273,0.008517513452797845,0.0023064254130809882,0.003149096210892949,0.4760814577329369
intent_com.excelliance.dualaid.action.notifystatus,0,0.09878278588530821,0.17051958057923014,589.6,136.56881049492964,"pearson_r, mutual_information, entropy_reduction_ratio",0.0,0.05695782537296596,0.0,0.0,0.4369561040535751
suspicious_Base64,0,0.09873056241693232,0.17053242143089514,589.8,136.18428690564855,"pearson_r, mutual_information, entropy_reduction_ratio",0.0,0.05669670803108645,0.0,0.0,0.4369561040535751
intent_com.qihoo.appstore.battery.ICON,0,0.09870378591896176,0.17053902974346113,590.0,135.79985272451512,"pearson_r, mutual_information, entropy_reduction_ratio",0.0,0.05656282554123366,0.0,0.0,0.4369561040535751
perm_android.permission.CLEAR_APP_CACHE,0,0.09867435521482026,0.17417676059956136,337.1,41.162361448294,"pearson_r, mutual_information, entropy_reduction_ratio",0.00016438135360561927,0.047899706149721645,0.00011510663422022668,0.00013480899395478666,0.445057772942599
intent_com.sogou.androidtool.action.backtomarket,0,0.09859489293856742,0.17056607460485881,590.4,135.03125564105517,"pearson_r, mutual_information, entropy_reduction_ratio",0.0,0.056018360639262035,0.0,0.0,0.4369561040535751
intent_com.kingroot.kinguser.gamebox.ACTION_GAME_REPLACE,0,0.09858293912303949,0.1705690601536836,590.6,134.6470942872515,"pearson_r, mutual_information, entropy_reduction_ratio",0.0,0.055958591561622376,0.0,0.0,0.4369561040535751
perm_com.google.android.providers.talk.permission.READ_ONLY,0,0.09857592224283987,0.17057081420494605,590.8,134.26302543887502,"pearson_r, mutual_information, entropy_reduction_ratio",0.0,0.055923507160624254,0.0,0.0,0.4369561040535751
intent_show_lock_app,0,0.09853725360408402,0.17058050082367113,591.0,133.87904989205742,"pearson_r, mutual_information, entropy_reduction_ratio",0.0,0.05573016396684505,0.0,0.0,0.4369561040535751
intent_com.amazon.device.messaging.intent.RECEIVE,0,0.09847487600070617,0.13639000633363005,374.7,284.47910292321995,"pearson_r, mutual_information, entropy_reduction_ratio",0.022154525605612922,0.08532636070430054,0.00890087903958175,0.010567708258978629,0.365424906395057
intent_com.excelliance.appmate.share,0,0.0984519597274688,0.17060198922251632,591.4,133.11138193257554,"pearson_r, mutual_information, entropy_reduction_ratio",0.0,0.05530369458376887,0.0,0.0,0.4369561040535751
perm_com.qiku.android.launcher3.permission.READ_UNREAD,0,0.09843151619660678,0.17060716457467898,591.8,132.34409695940352,"pearson_r, mutual_information, entropy_reduction_ratio",0.0,0.05520147692945881,0.0,0.0,0.4369561040535751
intent_com.getui.gtc.sdk.service.action,0,0.09840525678255839,0.17061382638414682,592.0,131.9606001805084,"pearson_r, mutual_information, entropy_reduction_ratio",0.0,0.05507017985921686,0.0,0.0,0.4369561040535751
perm_com.samsung.android.scloud.backup.lib.write,0,0.09838163136191388,0.17061983356258364,592.2,131.5772016726302,"pearson_r, mutual_information, entropy_reduction_ratio",0.0,0.054952052755994324,0.0,0.0,0.4369561040535751
intent_com.kingroot.kinguser.ACTION_MAIN_START_CHECK,0,0.09836648265337014,0.17062369216176923,592.6,130.81070292602206,"pearson_r, mutual_information, entropy_reduction_ratio",0.0,0.05487630921327565,0.0,0.0,0.4369561040535751
perm_com.samsung.android.providers.context.permission.WRITE_RECORD_AUDIO,0,0.09836474794233016,0.17062413435595525,592.8,130.42760444016446,"pearson_r, mutual_information, entropy_reduction_ratio",0.0,0.054867635658075745,0.0,0.0,0.4369561040535751
perm_com.miui.mihome2.permission.WRITE_SETTINGS,0,0.09831110614907908,0.17063784240518087,593.0,130.04460773134733,"pearson_r, mutual_information, entropy_reduction_ratio",0.0,0.054599426691820274,0.0,0.0,0.4369561040535751
intent_cn.jpush.android.intent.CONNECTION,0,0.09819960382097573,0.18188995508035627,343.6,67.7542618585724,"pearson_r, mutual_information, entropy_reduction_ratio",0.0014737005905886866,0.02575985177993842,0.001044409829778339,0.0012363316404201236,0.4614837252641531
perm_android.permission.FORCE_STOP_PACKAGES,0,0.09815344662397663,0.17067851596509764,593.4,129.27892326284282,"pearson_r, mutual_information, entropy_reduction_ratio",0.0,0.053811129066308035,0.0,0.0,0.4369561040535751
perm_android.permission.ADDINSTALLKEY,0,0.0981421954425615,0.17068144048291495,593.6,128.89623733841108,"pearson_r, mutual_information, entropy_reduction_ratio",0.0,0.05375487315923246,0.0,0.0,0.4369561040535751
intent_show_encourage,0,0.09804029182039796,0.17070806108837774,594.0,128.13118277765173,"pearson_r, mutual_information, entropy_reduction_ratio",0.0,0.05324535504841472,0.0,0.0,0.4369561040535751
intent_show_feedback,0,0.09787239427392962,0.17075244302455583,594.2,127.7488160414804,"pearson_r, mutual_information, entropy_reduction_ratio",0.0,0.05240586731607297,0.0,0.0,0.4369561040535751
intent_cryopiggy.start,0,0.09770597387402524,0.17079707461502197,595.0,126.22044208447379,"pearson_r, mutual_information, entropy_reduction_ratio",0.0,0.05157376531655114,0.0,0.0,0.4369561040535751
intent_com.sogou.passport.service.aidl,0,0.09769666470296809,0.17079959001395015,595.2,125.8386268202256,"pearson_r, mutual_information, entropy_reduction_ratio",0.0,0.05152721946126532,0.0,0.0,0.4369561040535751
perm_com.facebook.katana.permission.RECEIVE_ADM_MESSAGE,0,0.09765718900445683,0.170810278743576,595.4,125.45692487862118,"pearson_r, mutual_information, entropy_reduction_ratio",0.0,0.0513298409687091,0.0,0.0,0.4369561040535751
intent_android.accessibilityservice.AccessibilityService,0,0.09765482118264714,0.19015605840960131,382.1,203.31463301985914,"pearson_r, entropy_reduction_ratio, f_stat",0.003916002675410537,0.0,0.0029421558397619957,0.0034588380968909554,0.4779571093011722
intent_android.service.notification.NotificationListenerService,0,0.09765482118264714,0.19015605840960131,382.1,203.31463301985914,"pearson_r, entropy_reduction_ratio, f_stat",0.003916002675410537,0.0,0.0029421558397619957,0.0034588380968909554,0.4779571093011722
intent_cn.jpush.android.intent.UNREGISTRATION,0,0.09765482118264714,0.19015605840960131,382.1,203.31463301985914,"pearson_r, entropy_reduction_ratio, f_stat",0.003916002675410537,0.0,0.0029421558397619957,0.0034588380968909554,0.4779571093011722
intent_com.qihoo.appstore.PLUGIN_ICON,0,0.09763215883253293,0.17081707465434592,595.6,125.07533729716663,"pearson_r, mutual_information, entropy_reduction_ratio",0.0,0.05120469010908956,0.0,0.0,0.4369561040535751
intent_com.qihoo.appstore.MEMCLEAR,0,0.09759983795328636,0.1708258713580762,595.8,124.6938651257551,"pearson_r, mutual_information, entropy_reduction_ratio",0.0,0.05104308571285671,0.0,0.0,0.4369561040535751
intent_co.ronash.pushe.CHECK_TASKS,0,0.09742558623474029,0.17087371058201814,596.2,123.93127127565504,"pearson_r, mutual_information, entropy_reduction_ratio",0.0,0.050171827120126376,0.0,0.0,0.4369561040535751
intent_com.android.deskclock.ALARM_SNOOZE,0,0.09741559217595949,0.17087647550580085,596.4,123.55015176032768,"pearson_r, mutual_information, entropy_reduction_ratio",0.0,0.05012185682622237,0.0,0.0,0.4369561040535751
intent_com.qihoo360.daemon.pcdaemon.ACTION_START_DOWNLOAF_PAGE,0,0.09716510494801782,0.17094652324637527,597.2,122.02688228419179,"pearson_r, mutual_information, entropy_reduction_ratio",0.0,0.04886942068651401,0.0,0.0,0.4369561040535751
perm_android.permission.BODY_SENSORS,0,0.09711670618052516,0.17096022368660277,597.4,121.64637273671583,"pearson_r, mutual_information, entropy_reduction_ratio",0.0,0.048627426849050685,0.0,0.0,0.4369561040535751
perm_com.thunderst.launcher.permission.READ_SETTINGS,0,0.09710322743898255,0.17096404873132404,597.6,121.26598863655052,"pearson_r, mutual_information, entropy_reduction_ratio",0.0,0.04856003314133763,0.0,0.0,0.4369561040535751
perm_com.google.android.googleapps.permission.GOOGLE_AUTH.finance,0,0.0970635138238278,0.17097534301402903,597.8,120.88573116790914,"pearson_r, mutual_information, entropy_reduction_ratio",0.0,0.04836146506556388,0.0,0.0,0.4369561040535751
perm_com.sonymobile.home.permission.PROVIDER_INSERT_BADGE,0,0.09705861897538368,0.1117486360338644,341.7,317.1169500357872,"pearson_r, mutual_information, entropy_reduction_ratio",0.04949997950385652,0.06449204838871511,0.023464853137333645,0.02920187006069753,0.31863434378631555
intent_android.intent.action.INPUT_METHOD_CHANGED,0,0.0970174387622505,0.1709884917478397,598.0,120.50560152955546,"pearson_r, mutual_information, entropy_reduction_ratio",0.0,0.048131089757677395,0.0,0.0,0.4369561040535751
perm_com.mx.launcher.permission.READ_SETTINGS,0,0.09699644642667296,0.17099449859630161,598.2,120.12560093502134,"pearson_r, mutual_information, entropy_reduction_ratio",0.0,0.048026128079789655,0.0,0.0,0.4369561040535751
perm_com.fx.launcher.permission.READ_SETTINGS,0,0.09695185600830257,0.17100729141585708,598.6,119.36599180671186,"pearson_r, mutual_information, entropy_reduction_ratio",0.0,0.047803175987937756,0.0,0.0,0.4369561040535751
intent_com.gridappsinc.launcher.theme.apk_action,0,0.09683263405323475,0.17104171940298135,599.0,118.60691379510725,"pearson_r, mutual_information, entropy_reduction_ratio",0.0,0.04720706621259867,0.0,0.0,0.4369561040535751
intent_com.qihoo.appstore.plugin.START_PLUGIN_FROM_PROXY_LISTENER,0,0.096706333718227,0.17107854639057798,599.4,117.84837716320068,"pearson_r, mutual_information, entropy_reduction_ratio",0.0,0.04657556453755992,0.0,0.0,0.4369561040535751
intent_android.easou.eyou.SEND_SMS_RESULT,0,0.09650327418626878,0.17113852000312577,599.6,117.46931514229577,"pearson_r, mutual_information, entropy_reduction_ratio",0.0,0.04556026687776882,0.0,0.0,0.4369561040535751
intent_com.qihoo360.daemon.pcdaemon.ACTION_START_SERVICE2,0,0.09649331803384507,0.17114148479562616,599.8,117.09039243251344,"pearson_r, mutual_information, entropy_reduction_ratio",0.0,0.04551048611565027,0.0,0.0,0.4369561040535751
perm_android.permission.ACCESS_LOCATION_EXTRA_COMMANDS,0,0.09644785820314625,0.1886847307156485,388.3,200.4498939884978,"pearson_r, entropy_reduction_ratio, f_stat",0.0033587848076438785,0.0,0.00227648803616701,0.0027935953465758746,0.47381042282534447
perm_com.majeur.launcher.permission.UPDATE_BADGE,0,0.09641537958524393,0.10398606947086528,346.8,328.00024390234836,"pearson_r, entropy_reduction_ratio, mutual_information",0.06440319949236929,0.047321661012928215,0.02971752286252514,0.037541202966583524,0.30309331159181346
intent_com.qihoo.commonreceiver.ARRIVED,0,0.09639232637537554,0.17117168660970086,600.0,116.71161039074047,"pearson_r, mutual_information, entropy_reduction_ratio",0.0,0.04500552782330257,0.0,0.0,0.4369561040535751
intent_com.qihoo360.daemon.pcdaemon.ACTION_START_CAPTURE,0,0.09633955452999647,0.1711875608467383,600.2,116.33297039102888,"pearson_r, mutual_information, entropy_reduction_ratio",0.0,0.04474166859640726,0.0,0.0,0.4369561040535751
intent_com.sogou.androidtool.action.wap,0,0.09631627441926445,0.1711945839257367,600.4,115.95447382485939,"pearson_r, mutual_information, entropy_reduction_ratio",0.0,0.04462526804274713,0.0,0.0,0.4369561040535751
intent_com.qihoo.appstore.ACTION_WIRTE_CHANNEL_AND_INSTALL,0,0.09626660179490976,0.17120961039284288,600.6,115.57612210140985,"pearson_r, mutual_information, entropy_reduction_ratio",0.0,0.04437690492097369,0.0,0.0,0.4369561040535751
intent_android.intent.action.MY_PACKAGE_REPLACED,0,0.0962304898647768,0.09881163063388901,334.2,341.2104336036634,"pearson_r, entropy_reduction_ratio, f_stat",0.06853504507442067,0.04275042975991448,0.03350914716505335,0.04387199702494213,0.29248583029955333
intent_android.intent.action.START_PCM_PLAY_SERVICE,0,0.09620780681623228,0.17122746924926996,601.0,114.81985890951094,"pearson_r, mutual_information, entropy_reduction_ratio",0.0,0.044082930027586335,0.0,0.0,0.4369561040535751
intent_com.qihoo.appstore.ACTION_UNINSTALL,0,0.09612557906519578,0.17125257806498745,601.2,114.44195035038506,"pearson_r, mutual_information, entropy_reduction_ratio",0.0,0.04367179127240383,0.0,0.0,0.4369561040535751
intent_com.qihoo.appstore.ACTION_DAEMON_CORE_SERVICE,0,0.09602603366856735,0.17128318130298018,601.6,113.68658671980613,"pearson_r, mutual_information, entropy_reduction_ratio",0.0,0.04317406428926165,0.0,0.0,0.4369561040535751
intent_com.kingroot.common.ACTION_NOTIFY_IN_SELF_APP_MAIN,0,0.09601126993855605,0.17128773935560432,601.8,113.30913467148181,"pearson_r, mutual_information, entropy_reduction_ratio",0.0,0.04310024563920511,0.0,0.0,0.4369561040535751
intent_pre_add_game_uninstalled,0,0.09593648575703398,0.17131090402989563,602.2,112.5546978139962,"pearson_r, mutual_information, entropy_reduction_ratio",0.0,0.04272632473159479,0.0,0.0,0.4369561040535751
intent_com.qihoo360.mobilesafe.pcdaemon.sms.restore.start,0,0.09588858856313262,0.1713258073114064,602.4,112.17771614719209,"pearson_r, mutual_information, entropy_reduction_ratio",0.0,0.042486838762088024,0.0,0.0,0.4369561040535751
perm_android.permission.SET_WALLPAPER_HINTS,0,0.09585503014810261,0.1750875175162703,346.5,51.817950557697664,"pearson_r, mutual_information, entropy_reduction_ratio",0.00016438135360561927,0.03380308081613336,0.00011510663422022668,0.00013480899395478666,0.445057772942599
intent_com.lge.launcher2.THEME,0,0.09585502143178783,0.17133628292049996,602.6,111.80089445080482,"pearson_r, mutual_information, entropy_reduction_ratio",0.0,0.04231900310536401,0.0,0.0,0.4369561040535751
perm_android.permission.ACCESS_ALL_DOWNLOADS,0,0.09580475235102719,0.1535960833428268,421.6,251.80039714027458,"pearson_r, mutual_information, entropy_reduction_ratio",0.0062920571786677796,0.06829816038070942,0.0025431082970233574,0.0029769381312181064,0.3989134977675173
perm_android.permission.DOWNLOAD_CACHE_NON_PURGEABLE,0,0.09577578281545433,0.17136111344199204,603.0,111.04773748257999,"pearson_r, mutual_information, entropy_reduction_ratio",0.0,0.041922810023696556,0.0,0.0,0.4369561040535751
perm_android.permission.READ_CELL_BROADCASTS,0,0.09559812968537086,0.17141730292178584,603.4,110.29524015115068,"pearson_r, mutual_information, entropy_reduction_ratio",0.0,0.04103454437327917,0.0,0.0,0.4369561040535751
perm_com.yulong.android.launcher.permission.WRITE_SETTINGS,0,0.09556492449763716,0.17142788495313324,603.6,109.91924308327455,"pearson_r, mutual_information, entropy_reduction_ratio",0.0,0.040868518434610715,0.0,0.0,0.4369561040535751
perm_com.bbk.launcher2.permission.READ_SETTINGS,0,0.09547931625583057,0.17145528274422267,603.8,109.54341605044092,"pearson_r, mutual_information, entropy_reduction_ratio",0.0,0.040440477225577746,0.0,0.0,0.4369561040535751
perm_com.sonymobile.home.permission.PROVIDER_ACCESS_MODIFY_CONFIGURATION,0,0.09528682983041967,0.17151749369602098,604.0,109.16776080876625,"pearson_r, mutual_information, entropy_reduction_ratio",0.0,0.039478045098523276,0.0,0.0,0.4369561040535751
intent_com.excelliance.dualaid.action.psjardl,0,0.09525745916529729,0.17152706018749048,604.2,108.79227913781382,"pearson_r, mutual_information, entropy_reduction_ratio",0.0,0.03933119177291141,0.0,0.0,0.4369561040535751
intent_android.net.wifi.WIFI_STATE_CHANGED,0,0.09524734325737857,0.1445746055544595,409.6,262.7893452939065,"pearson_r, mutual_information, entropy_reduction_ratio",0.009260253415235255,0.07520856048508,0.0054319951193286305,0.0067945894053242075,0.3795413178619248
intent_com.mobiletool.appstore.action.backtomarket,0,0.09523883556539015,0.17153313633456743,604.4,108.41697284097172,"pearson_r, mutual_information, entropy_reduction_ratio",0.0,0.039238073773375605,0.0,0.0,0.4369561040535751
intent_com.urbanairship.push.RECEIVED,0,0.09517326936706655,0.13423656774278517,378.4,286.0325855562614,"pearson_r, mutual_information, entropy_reduction_ratio",0.025349998470062172,0.06782366706178417,0.01017243318809343,0.012111884982742474,0.3604083631326505
perm_com.huaqin.launcherEx.permission.READ_SETTINGS,0,0.09516714344142092,0.17155660012639964,604.6,108.04184374583765,"pearson_r, mutual_information, entropy_reduction_ratio",0.0,0.038879613153529474,0.0,0.0,0.4369561040535751
perm_com.anddoes.launcher.permission.READ_SETTINGS,0,0.09514066479505737,0.17156529569415424,604.8,107.66689370461098,"pearson_r, mutual_information, entropy_reduction_ratio",0.0,0.03874721992171178,0.0,0.0,0.4369561040535751
intent_android.media.AUDIO_BECOMING_NOISY,0,0.09509008065765992,0.12084098146703032,362.5,304.18974341683514,"pearson_r, mutual_information, entropy_reduction_ratio",0.044686866442262864,0.05632648350950466,0.0178017580791635,0.021565497838581332,0.33506979741878723
intent_selfupdate_notification_cancelled,0,0.09494160866121734,0.17163117462227273,605.0,107.29212459449202,"pearson_r, mutual_information, entropy_reduction_ratio",0.0,0.03775193925251161,0.0,0.0,0.4369561040535751
perm_com.google.android.googleapps.permission.GOOGLE_AUTH.print,0,0.09480293893123863,0.1716775989214262,605.4,106.54313680383171,"pearson_r, mutual_information, entropy_reduction_ratio",0.0,0.03705859060261807,0.0,0.0,0.4369561040535751
intent_action.com.excelliance.install.plugin,0,0.09472471195689149,0.1717039800953226,605.6,106.16892200639508,"pearson_r, mutual_information, entropy_reduction_ratio",0.0,0.03666745573088233,0.0,0.0,0.4369561040535751
intent_com.qihoo.psdk.service.action.remote,0,0.09468292432050066,0.1717181292596306,606.0,105.42106051449113,"pearson_r, mutual_information, entropy_reduction_ratio",0.0,0.036458517548928225,0.0,0.0,0.4369561040535751
intent_com.kingroot.master.action.TRAFFIC_STATISTICS,0,0.09460981683529977,0.17174297824120066,606.2,105.04741786450536,"pearson_r, mutual_information, entropy_reduction_ratio",0.0,0.03609298012292376,0.0,0.0,0.4369561040535751
intent_com.excelliance.appmate.platform.gameservice.PlatService,0,0.09458193068041416,0.17175248849682506,606.4,104.6739700212044,"pearson_r, mutual_information, entropy_reduction_ratio",0.0,0.0359535493484957,0.0,0.0,0.4369561040535751
intent_com.qihoo.appstore.zhushouhelper.IZhushouHelperService,0,0.0945303541265147,0.1717701244255103,606.6,104.30071907709936,"pearson_r, mutual_information, entropy_reduction_ratio",0.0,0.035695666578998364,0.0,0.0,0.4369561040535751
perm_com.motorola.dlauncher.permission.READ_SETTINGS,0,0.094397934622744,0.17181567886870597,606.8,103.92766715365067,"pearson_r, mutual_information, entropy_reduction_ratio",0.0,0.0350335690601449,0.0,0.0,0.4369561040535751
intent_com.excelliance.open.action.gameverchk,0,0.09437895442482377,0.1718222408214999,607.0,103.55481640174928,"pearson_r, mutual_information, entropy_reduction_ratio",0.0,0.034938668070543764,0.0,0.0,0.4369561040535751
intent_android.accounts.AccountAuthenticator,0,0.09422082271756975,0.1601167100498423,450.8,229.10120034604796,"pearson_r, mutual_information, entropy_reduction_ratio",0.0017263982001046812,0.05526452169492831,0.0010830169368244449,0.0013086835514622855,0.41172149320452905
perm_android.permission.WRITE_MEDIA_STORAGE,0,0.09420622514961735,0.18584309286214315,396.9,196.58799556432737,"pearson_r, entropy_reduction_ratio, f_stat",0.0019492584336396263,0.0,0.0014710779198809979,0.0017208721093413554,0.4658899172852248
perm_android.permission.MOUNT_FORMAT_FILESYSTEMS,0,0.09420622514961735,0.18584309286214315,396.9,196.58799556432737,"pearson_r, entropy_reduction_ratio, f_stat",0.0019492584336396263,0.0,0.0014710779198809979,0.0017208721093413554,0.4658899172852248
intent_com.qihoo360.accounts.action.START_SERVICE,0,0.09418234890751523,0.17189069094146595,607.4,102.80972716625601,"pearson_r, mutual_information, entropy_reduction_ratio",0.0,0.03395564048400108,0.0,0.0,0.4369561040535751
intent_com.excelliance.dualaid.platform.gameplugin.action.START_FROM_SHORTCUT,0,0.09417422813046632,0.1718935370264561,607.6,102.43749313605835,"pearson_r, mutual_information, entropy_reduction_ratio",0.0,0.033915036598756484,0.0,0.0,0.4369561040535751
intent_com.qihoo.appstore.plugin.streamapp.IPluginHelperServiceStreamApp,0,0.0941041089186104,0.17191817353705124,608.2,101.322060776516,"pearson_r, mutual_information, entropy_reduction_ratio",0.0,0.033564440539476895,0.0,0.0,0.4369561040535751
suspicious_getDeviceId,0,0.09409854056811952,0.18486817381602505,361.0,104.68237674030907,"pearson_r, entropy_reduction_ratio, mutual_information",0.0031422842427621645,0.0020607436384139535,2.548204706436448e-06,0.0014578054329261907,0.46382932132178883
intent_com.qihoo.appstore.APPWATCHER_CHANGE_TIME,0,0.09403579345434696,0.17194228290746189,608.4,100.95068102791582,"pearson_r, mutual_information, entropy_reduction_ratio",0.0,0.03322286321815968,0.0,0.0,0.4369561040535751
intent_com.qihoo.appstore.checkupdate.NOTIFY_APP_UPDATE,0,0.0939769966441775,0.17196311724413202,608.8,100.20858246677277,"pearson_r, mutual_information, entropy_reduction_ratio",0.0,0.03292887916731241,0.0,0.0,0.4369561040535751
suspicious_Ldalvik/system/DexClassLoader;,0,0.09384655901346468,0.18567348506136142,359.8,109.50324196114013,"pearson_r, entropy_reduction_ratio, f_stat",0.002100150490352105,8.147747118127997e-05,0.00022221360810671233,0.0016387274715742757,0.46519022602610904
perm_android.permission.ACCESS_MTK_MMHW,0,0.09371413390426155,0.17205721324737477,609.4,99.0971240753232,"pearson_r, mutual_information, entropy_reduction_ratio",0.0,0.0316145654677326,0.0,0.0,0.4369561040535751
intent_cn.xiaoneng.xpush.service,0,0.09369137044187972,0.17206543495290838,609.6,98.72709861025999,"pearson_r, mutual_information, entropy_reduction_ratio",0.0,0.03150074815582348,0.0,0.0,0.4369561040535751
perm_com.fx.launcher.permission.WRITE_SETTINGS,0,0.09362835905178693,0.17208825416743767,610.0,97.98775433695785,"pearson_r, mutual_information, entropy_reduction_ratio",0.0,0.031185691205359526,0.0,0.0,0.4369561040535751
intent_com.mobutils.android.mediation.MaterialNotificationReceiver.ACTION_CLICK_NOTIFICATION,0,0.09361835801510063,0.17209188419359994,610.2,97.61844088080898,"pearson_r, mutual_information, entropy_reduction_ratio",0.0,0.03113568602192803,0.0,0.0,0.4369561040535751
intent_android.net.wifi.RSSI_CHANGED,0,0.09353544474314437,0.15944263410051912,447.6,234.25592842017895,"pearson_r, mutual_information, entropy_reduction_ratio",0.0031422842427621645,0.05169619890489781,0.0012715541485116787,0.001484299634188815,0.41008288678536137
intent_com.qihoo.appstore.ACTION_NOTIFY_UNINSTALL,0,0.0935155572337623,0.17212932757757463,610.6,96.88054500259585,"pearson_r, mutual_information, entropy_reduction_ratio",0.0,0.0306216821152364,0.0,0.0,0.4369561040535751
perm_android.permission.RECORD_AUDIO,0,0.09346989513195146,0.17888806015743616,354.4,76.34029080374269,"pearson_r, mutual_information, entropy_reduction_ratio",0.0005108696087919822,0.015079225787711583,0.0002851842311919443,0.0004088967131485329,0.45106529931891326
intent_com.easou.eyou.START_EPAY_PROXY_SERVICE,0,0.09343259407560747,0.1721597185547981,611.0,96.14364253553119,"pearson_r, mutual_information, entropy_reduction_ratio",0.0,0.03020686632446228,0.0,0.0,0.4369561040535751
intent_android.intent.action.ACTION_SHUTDOWN,0,0.09341733087966372,0.1498808695975354,421.0,255.3546553325394,"pearson_r, mutual_information, entropy_reduction_ratio",0.009449354923256834,0.05902788346685513,0.003814662445535036,0.0044779866269905495,0.39031676693568107
intent_android.intent.action.SEND_TO_KPSH,0,0.09331629723682247,0.17220258040232972,611.2,95.77557099803686,"pearson_r, mutual_information, entropy_reduction_ratio",0.0,0.029625382130537205,0.0,0.0,0.4369561040535751
intent_com.qihoo.appstore.plugin.share.IpluginService,0,0.09327706704070556,0.1722171073599686,611.4,95.4077564980961,"pearson_r, mutual_information, entropy_reduction_ratio",0.0,0.029429231149952634,0.0,0.0,0.4369561040535751
perm_android.permission.WRITE_SYNC_SETTINGS,0,0.09323669934579054,0.18448383754989517,407.1,191.9672888801631,"pearson_r, entropy_reduction_ratio, f_stat",0.0015709337915723832,0.0,0.0010997999768582827,0.001309940844316169,0.4622028221162059
perm_com.google.android.gms.permission.ACTIVITY_RECOGNITION,0,0.09323669934579054,0.18448383754989517,407.1,191.9672888801631,"pearson_r, entropy_reduction_ratio, f_stat",0.0015709337915723832,0.0,0.0010997999768582827,0.001309940844316169,0.4622028221162059
intent_com.excelliance.kxqp.action.SmtCntService,0,0.09321915093012986,0.17223861681163527,611.6,95.0402020199873,"pearson_r, mutual_information, entropy_reduction_ratio",0.0,0.029139650597074237,0.0,0.0,0.4369561040535751
perm_com.tsf.shell.permission.READ_SETTINGS,0,0.09320643136327504,0.17224335080145148,611.8,94.6729105922069,"pearson_r, mutual_information, entropy_reduction_ratio",0.0,0.029076052762800137,0.0,0.0,0.4369561040535751
intent_com.qihoo.appstore.battery.FREEZE_APP,0,0.09317288682504576,0.17225585285884862,612.0,94.305885288247,"pearson_r, mutual_information, entropy_reduction_ratio",0.0,0.02890833007165374,0.0,0.0,0.4369561040535751
intent_com.mobiletool.appstore.action.update,0,0.09313565780067183,0.1722697576524383,612.4,93.57264557550994,"pearson_r, mutual_information, entropy_reduction_ratio",0.0,0.028722184949784076,0.0,0.0,0.4369561040535751
intent_com.qihoo.appstore.msplugin.install,0,0.09313062578609779,0.1722716394592645,612.6,93.20643754591204,"pearson_r, mutual_information, entropy_reduction_ratio",0.0,0.02869702487691387,0.0,0.0,0.4369561040535751
perm_android.permission.READ_EXTERNAL_STORAGE,0,0.09303025061981952,0.1654779279388002,466.0,220.9262320323234,"pearson_r, mutual_information, entropy_reduction_ratio",0.0005442574687491913,0.0415408495206583,0.000186437555057554,0.00043243293999908937,0.42244727561463347
intent_com.huawei.android.push.intent.CLICK,0,0.09299833819799797,0.15958712908077147,449.8,233.40728351960226,"pearson_r, mutual_information, entropy_reduction_ratio",0.0031422842427621645,0.0490106661791658,0.0012715541485116787,0.001484299634188815,0.41008288678536137
intent_com.qihoo.appstore.ACTION_LOCK_SCREEN_AD_ADD_LISTENER,0,0.09298615987442913,0.17232590682011867,612.8,92.84050840015904,"pearson_r, mutual_information, entropy_reduction_ratio",0.0,0.027974695318570473,0.0,0.0,0.4369561040535751
intent_com.qihoo.appstore.stablenotification.NewsBroadcastReceiver,0,0.09293968535501204,0.17234346391448593,613.0,92.4748614489365,"pearson_r, mutual_information, entropy_reduction_ratio",0.0,0.02774232272148515,0.0,0.0,0.4369561040535751
intent_aspire.iap.SMS_DELIVERED_ACTION,0,0.09287655406749572,0.17236739100877815,613.2,92.10950005292614,"pearson_r, mutual_information, entropy_reduction_ratio",0.0,0.027426666283903497,0.0,0.0,0.4369561040535751
intent_com.excelliance.kxqp.action.smtsrv,0,0.09285300033714064,0.1723763408368536,613.6,91.37964762462153,"pearson_r, mutual_information, entropy_reduction_ratio",0.0,0.02730889763212813,0.0,0.0,0.4369561040535751
perm_com.android.voicemail.permission.READ_WRITE_ALL_VOICEMAIL,0,0.09278934308709477,0.17240059107774228,613.8,91.0151635717917,"pearson_r, mutual_information, entropy_reduction_ratio",0.0,0.026990611381898802,0.0,0.0,0.4369561040535751
perm_com.kingroot.kinguser.permission.REQUEST,0,0.09278034780375236,0.17240402513887523,614.0,90.6509790349779,"pearson_r, mutual_information, entropy_reduction_ratio",0.0,0.02694563496518664,0.0,0.0,0.4369561040535751
intent_io.intercom.android.sdk.INTERCOM_PUSH_DISMISSED,0,0.09274332871716065,0.15004149196412536,424.2,254.15381169677545,"pearson_r, mutual_information, entropy_reduction_ratio",0.009449354923256834,0.05565787265433974,0.003814662445535036,0.0044779866269905495,0.39031676693568107
perm_,0,0.0927333959755724,0.17242197894187833,614.4,89.92352306265586,"pearson_r, mutual_information, entropy_reduction_ratio",0.0,0.026710875824286905,0.0,0.0,0.4369561040535751
intent_show_about,0,0.09270783811216926,0.1724317726643039,614.6,89.56025904384153,"pearson_r, mutual_information, entropy_reduction_ratio",0.0,0.026583086507271196,0.0,0.0,0.4369561040535751
intent_com.excelliance.open.action.fw,0,0.0926788247603865,0.17244290821199992,615.0,88.83467791352655,"pearson_r, mutual_information, entropy_reduction_ratio",0.0,0.026438019748357335,0.0,0.0,0.4369561040535751
perm_cn.swiftpass.wxpay.permission.MM_MESSAGE,0,0.09263944850314931,0.17245805120239027,615.4,88.11038531296978,"pearson_r, mutual_information, entropy_reduction_ratio",0.0,0.02624113846217148,0.0,0.0,0.4369561040535751
intent_com.mobiletool.appstore.action.wap,0,0.09256704499486458,0.17248598590836475,615.8,87.38741328131873,"pearson_r, mutual_information, entropy_reduction_ratio",0.0,0.025879120920747792,0.0,0.0,0.4369561040535751
intent_com.yulong.mms.NEW_MESSAGE_EXTERNAL,0,0.09250433412552486,0.17251027558026633,616.2,86.66579486741007,"pearson_r, mutual_information, entropy_reduction_ratio",0.0,0.025565566574049205,0.0,0.0,0.4369561040535751
intent_com.tencent.smtt.tbs.video.PLAY,0,0.09248148042587678,0.17251914927602285,616.4,86.30550388011184,"pearson_r, mutual_information, entropy_reduction_ratio",0.0,0.025451298075808836,0.0,0.0,0.4369561040535751
intent_android.intent.action.UMS_CONNECTED,0,0.09230827770698066,0.1725867795728058,616.8,85.5859801603043,"pearson_r, mutual_information, entropy_reduction_ratio",0.0,0.024585284481328174,0.0,0.0,0.4369561040535751
intent_android.intent.action.ACTION_BOOT_COMPLETED,0,0.09226720524829335,0.14031369075054706,408.4,268.64072662200715,"pearson_r, mutual_information, entropy_reduction_ratio",0.01896676214507738,0.054909489419211116,0.007629324891070072,0.009032302956438261,0.3707981468296699
intent_com.qihoo.appstore.download,0,0.092266403903925,0.17260323037398556,617.4,84.50940776031979,"pearson_r, mutual_information, entropy_reduction_ratio",0.0,0.024375915466049898,0.0,0.0,0.4369561040535751
intent_com.qihoo.appstore.ACTION_CLEAN_START_SERVICE,0,0.0922397464647727,0.17261372353072182,617.6,84.15129232519249,"pearson_r, mutual_information, entropy_reduction_ratio",0.0,0.024242628270288457,0.0,0.0,0.4369561040535751
perm_yulong.permission.ACCESS_YLPARAMS,0,0.09218879101350483,0.17263382514634135,617.8,83.79355583814306,"pearson_r, mutual_information, entropy_reduction_ratio",0.0,0.023987851013949086,0.0,0.0,0.4369561040535751
perm_com.google.android.googleapps.permission.GOOGLE_AUTH.speech,0,0.09200235886539093,0.1727078640593299,618.2,83.07923928395108,"pearson_r, mutual_information, entropy_reduction_ratio",0.0,0.02305569027337955,0.0,0.0,0.4369561040535751
intent_com.phonemetra.turbo.launcher.icons.ACTION_PICK_ICON,0,0.09173579474255605,0.172815068643141,618.6,82.36649804380419,"pearson_r, mutual_information, entropy_reduction_ratio",0.0,0.021722869659205148,0.0,0.0,0.4369561040535751
intent_download.service.action,0,0.09137318769098492,0.1729634303727283,619.0,81.65537336881144,"pearson_r, mutual_information, entropy_reduction_ratio",0.0,0.01990983440134947,0.0,0.0,0.4369561040535751
intent_android.intent.action.INSTALL,0,0.09136723829440371,0.17296588887853695,619.2,81.30043050316524,"pearson_r, mutual_information, entropy_reduction_ratio",0.0,0.019880087418443444,0.0,0.0,0.4369561040535751
perm_com.meizu.flyme.launcher.permission.READ_SETTINGS,0,0.09136708624400905,0.17296595172152776,619.4,80.94590786444982,"pearson_r, mutual_information, entropy_reduction_ratio",0.0,0.019879327166470194,0.0,0.0,0.4369561040535751
perm_android.permission.ACCESS_CACHE_FILESYSTEM,0,0.09135216175802355,0.17297212255739933,619.6,80.59181099838867,"pearson_r, mutual_information, entropy_reduction_ratio",0.0,0.01980470473654269,0.0,0.0,0.4369561040535751
perm_android.permission.DEVICE_POWER,0,0.0913278871677859,0.1729821699177068,619.8,80.23814554188051,"pearson_r, mutual_information, entropy_reduction_ratio",0.0,0.01968333178535442,0.0,0.0,0.4369561040535751
perm_android.permission.DIAGNOSTIC,0,0.09122445370907441,0.17302512763087916,620.0,79.88491722471771,"pearson_r, mutual_information, entropy_reduction_ratio",0.0,0.019166164491796943,0.0,0.0,0.4369561040535751
intent_android.intent.action.MAIN,0,0.09118539847357522,0.17304140949448427,620.2,79.53213187133863,"pearson_r, mutual_information, entropy_reduction_ratio",0.0,0.018970888314300972,0.0,0.0,0.4369561040535751
intent_com.snowfish.a.a.s.ABGSvc,0,0.09113236835449604,0.1730635713740991,620.4,79.17979540261518,"pearson_r, mutual_information, entropy_reduction_ratio",0.0,0.018705737718905054,0.0,0.0,0.4369561040535751
intent_android.intent.action.DOWNLOAD_WAKEUP,0,0.09111486612315225,0.17307089939490108,620.6,78.82791383767555,"pearson_r, mutual_information, entropy_reduction_ratio",0.0,0.018618226562186167,0.0,0.0,0.4369561040535751
perm_android.permission.REBOOT_IPO,0,0.09105565629717778,0.173095740176927,620.8,78.47649329576342,"pearson_r, mutual_information, entropy_reduction_ratio",0.0,0.018322177432313774,0.0,0.0,0.4369561040535751
perm_com.google.android.googleapps.permission.GOOGLE_AUTH.wifi,0,0.09103799506102281,0.17310316473527707,621.0,78.12553999813377,"pearson_r, mutual_information, entropy_reduction_ratio",0.0,0.018233871251538945,0.0,0.0,0.4369561040535751
intent_com.qihoo.appstore.ACTION_GAME_UNION_WEB,0,0.09103589629139328,0.17310404748923613,621.2,77.7750602699863,"pearson_r, mutual_information, entropy_reduction_ratio",0.0,0.018223377403391243,0.0,0.0,0.4369561040535751
perm_com.meizu.flyme.launcher.permission.WRITE_SETTINGS,0,0.09052207686852823,0.17332308637806376,621.6,77.07554735452743,"pearson_r, mutual_information, entropy_reduction_ratio",0.0,0.015654280289066,0.0,0.0,0.4369561040535751
intent_cn.jpush.android.intent.MESSAGE_RECEIVED,0,0.09046564034852098,0.18030430123900504,412.5,189.58586445196806,"pearson_r, entropy_reduction_ratio, f_stat",0.0004993699441010835,0.0,0.00034531990266068043,0.000409427739460846,0.4510740841563822
intent_cn.jpush.android.intent.NOTIFICATION_OPENED,0,0.09046564034852098,0.18030430123900504,412.5,189.58586445196806,"pearson_r, entropy_reduction_ratio, f_stat",0.0004993699441010835,0.0,0.00034531990266068043,0.000409427739460846,0.4510740841563822
intent_cn.jpush.android.intent.NOTIFICATION_RECEIVED,0,0.09046564034852098,0.18030430123900504,412.5,189.58586445196806,"pearson_r, entropy_reduction_ratio, f_stat",0.0004993699441010835,0.0,0.00034531990266068043,0.000409427739460846,0.4510740841563822
intent_com.qihoo.appstore.launcher.shortcut.VIDEO,0,0.09039159214223927,0.17337963716815763,622.6,75.33551619256352,"pearson_r, mutual_information, entropy_reduction_ratio",0.0,0.015001856657621247,0.0,0.0,0.4369561040535751
perm_com.google.android.googleapps.permission.GOOGLE_AUTH.news,0,0.09039125514418285,0.1733797837044588,622.8,74.98906586963196,"pearson_r, mutual_information, entropy_reduction_ratio",0.0,0.015000171667339121,0.0,0.0,0.4369561040535751
perm_com.android.alarm.permission.SET_ALARM,0,0.09036657527974387,0.12918120824470772,390.8,289.0186153174221,"pearson_r, mutual_information, entropy_reduction_ratio",0.027009560959855593,0.04705246071426258,0.013589175762982046,0.016520237212954883,0.3476614417486643
intent_com.sogou.androidtool.action.specialdetail,0,0.09032390007395075,0.17340912169684666,623.0,74.64315105888818,"pearson_r, mutual_information, entropy_reduction_ratio",0.0,0.014663396316178624,0.0,0.0,0.4369561040535751
perm_com.facebook.permission.prod.FB_APP_COMMUNICATION,0,0.09029020425933025,0.17342383606044728,623.4,73.95295802062282,"pearson_r, mutual_information, entropy_reduction_ratio",0.0,0.014494917243076182,0.0,0.0,0.4369561040535751
intent_com.unicom.xiaowo.security.RECEIVER_CMD,0,0.09028521758445165,0.17342601577126762,623.6,73.60869513855003,"pearson_r, mutual_information, entropy_reduction_ratio",0.0,0.014469983868683117,0.0,0.0,0.4369561040535751
intent_android.view.InputMethod,0,0.09025780616994589,0.1774136177762051,370.7,92.13175348380166,"pearson_r, mutual_information, entropy_reduction_ratio",0.00016438135360561927,0.005816960925349774,0.00011510663422022668,0.00013480899395478666,0.445057772942599
perm_android.permission.SET_ACTIVITY_WATCHER,0,0.09021795483755853,0.17345547015057375,623.8,73.26499846447825,"pearson_r, mutual_information, entropy_reduction_ratio",0.0,0.01413367013421751,0.0,0.0,0.4369561040535751
intent_com.getui.gis.action.64kVIzqls49c7TJxrBbWG4,0,0.0902168599554578,0.1734559504214098,624.0,72.92187600439254,"pearson_r, mutual_information, entropy_reduction_ratio",0.0,0.014128195723713908,0.0,0.0,0.4369561040535751
perm_com.android.launcher2.permission.WRITE_SETTINGS,0,0.09021107683790294,0.17345848762672889,624.2,72.57933590216984,"pearson_r, mutual_information, entropy_reduction_ratio",0.0,0.014099280135939654,0.0,0.0,0.4369561040535751
intent_com.kingroot.common.ACTION_TOP_ACTIVITY_CHANGED,0,0.09018933896816239,0.1734680311657939,624.6,71.8960360520662,"pearson_r, mutual_information, entropy_reduction_ratio",0.0,0.013990590787236865,0.0,0.0,0.4369561040535751
intent_com.excelliance.kxqp.action.GENERIC,0,0.09015033518915473,0.17348518092328627,624.8,71.55529330524752,"pearson_r, mutual_information, entropy_reduction_ratio",0.0,0.013795571892198539,0.0,0.0,0.4369561040535751
suspicious_getSystemService,0,0.0900503893959649,0.17352927888801575,625.2,70.87566578170535,"pearson_r, mutual_information, entropy_reduction_ratio",0.0,0.013295842926249333,0.0,0.0,0.4369561040535751
perm_org.adw.launcher.permission.READ_SETTINGS,0,0.08998914744866768,0.1735564082063195,626.0,69.52409654213423,"pearson_r, mutual_information, entropy_reduction_ratio",0.0,0.01298963318976324,0.0,0.0,0.4369561040535751
intent_android.provider.OppoSpeechAssist.SMS_RECEIVED,0,0.08976173010762166,0.17365786982931652,626.2,69.18786020683109,"pearson_r, mutual_information, entropy_reduction_ratio",0.0,0.011852546484533202,0.0,0.0,0.4369561040535751
intent_com.kingroot.kinguser.gamebox.ACTION_GAME_ADDED,0,0.08975972934968698,0.17365876748526868,626.4,68.8523056985022,"pearson_r, mutual_information, entropy_reduction_ratio",0.0,0.011842542694859839,0.0,0.0,0.4369561040535751
intent_com.baoruan.launcher3.ACTION_THEME,0,0.08975477506884905,0.1736609906396131,626.6,68.51744303460251,"pearson_r, mutual_information, entropy_reduction_ratio",0.0,0.011817771290670116,0.0,0.0,0.4369561040535751
intent_com.sogou.androidtool.action.download,0,0.08974894842802261,0.1736636059385701,626.8,68.18328240852006,"pearson_r, mutual_information, entropy_reduction_ratio",0.0,0.011788638086537961,0.0,0.0,0.4369561040535751
perm_com.s.launcher.permission.READ_SETTINGS,0,0.08969757462692703,0.17368669730180947,627.0,67.84983419287036,"pearson_r, mutual_information, entropy_reduction_ratio",0.0,0.011531769081059995,0.0,0.0,0.4369561040535751
intent_com.excelliance.open.action.dmchk,0,0.08960649793221782,0.1737277760344743,627.2,67.517108942845,"pearson_r, mutual_information, entropy_reduction_ratio",0.0,0.011076385607514021,0.0,0.0,0.4369561040535751
perm_com.qiku.launcher.permission.WRITE_SETTINGS,0,0.0895663834725299,0.17374592653819035,627.4,67.18511739961464,"pearson_r, mutual_information, entropy_reduction_ratio",0.0,0.010875813309074408,0.0,0.0,0.4369561040535751
perm_com.google.android.googleapps.permission.GOOGLE_AUTH.jotspot,0,0.08946806246363635,0.1737905622558232,627.6,66.85387049378667,"pearson_r, mutual_information, entropy_reduction_ratio",0.0,0.010384208264606691,0.0,0.0,0.4369561040535751
intent_android.intent.action.UMS_DISCONNECTED,0,0.08941713148522529,0.173813766834492,627.8,66.52337934891763,"pearson_r, mutual_information, entropy_reduction_ratio",0.0,0.01012955337255131,0.0,0.0,0.4369561040535751
perm_com.google.android.googleapps.permission.GOOGLE_AUTH.sierraqa,0,0.08938422745523268,0.1738287882762589,628.0,66.19365528508001,"pearson_r, mutual_information, entropy_reduction_ratio",0.0,0.009965033222588309,0.0,0.0,0.4369561040535751
perm_android.permission.WRITE_INTERNAL_STORAGE,0,0.08928887772653156,0.16059330712909636,462.6,232.63241390657495,"pearson_r, mutual_information, entropy_reduction_ratio",0.0021443871616461836,0.031838965672956535,0.001302243645582813,0.001535553055252361,0.4096232390972199
intent_com.qihoo.appstore.battery.START_EX,0,0.0892633076357413,0.17388419373038178,628.8,64.8826633238803,"pearson_r, mutual_information, entropy_reduction_ratio",0.0,0.009360434125131439,0.0,0.0,0.4369561040535751
intent_com.firebase.jobdispatcher.ACTION_EXECUTE,0,0.08918842122736856,0.12328584766858929,386.5,305.41021593915286,"pearson_r, entropy_reduction_ratio, mutual_information",0.044686866442262864,0.026818186358047898,0.0178017580791635,0.021565497838581332,0.33506979741878723
perm_android.permission.GET_CLIPS,0,0.08916278763759626,0.17393049450783263,629.0,64.55695160089269,"pearson_r, mutual_information, entropy_reduction_ratio",0.0,0.008857834134406212,0.0,0.0,0.4369561040535751
intent_com.mobiletool.appstore.action.main,0,0.08912374934533837,0.17394853535509136,629.2,64.23207921280456,"pearson_r, mutual_information, entropy_reduction_ratio",0.0,0.008662642673116734,0.0,0.0,0.4369561040535751
perm_com.samsung.svoice.sync.ACCESS_SERVICE,0,0.08910521821581588,0.17395711079507803,629.4,63.908058959727455,"pearson_r, mutual_information, entropy_reduction_ratio",0.0,0.008569987025504239,0.0,0.0,0.4369561040535751
perm_android.hardware.camera.autofocus,0,0.08909441398487593,0.1779816882065766,419.8,186.16809608523155,"pearson_r, entropy_reduction_ratio, f_stat",0.00016438135360561927,0.0,0.00011510663422022668,0.00013480899395478666,0.445057772942599
perm_com.android.browser.permission.WRITE_HISTORY_BOOKMARKS,0,0.08909441398487591,0.17798168820657656,420.4,185.64331391138222,"pearson_r, entropy_reduction_ratio, f_stat",0.00016438135360561927,0.0,0.00011510663422022668,0.00013480899395478666,0.44505777294259896
intent_com.qihoo.appstore.notification,0,0.08906178734220634,0.17397723808598659,629.8,63.262627198054304,"pearson_r, mutual_information, entropy_reduction_ratio",0.0,0.008352832657456538,0.0,0.0,0.4369561040535751
perm_com.android.email.permission.READ_ATTACHMENT,0,0.08894762790154431,0.17403033896360165,630.2,62.620763329745515,"pearson_r, mutual_information, entropy_reduction_ratio",0.0,0.0077820354541464475,0.0,0.0,0.4369561040535751
perm_android.Manifest.permission.READ_PHONE_STATE,0,0.08889233485239807,0.17405616017612124,630.4,62.30120384069637,"pearson_r, mutual_information, entropy_reduction_ratio",0.0,0.007505570208415269,0.0,0.0,0.4369561040535751
perm_android.permission.USE_SIP,0,0.08885841458878908,0.17407203341896918,630.6,61.98257819742576,"pearson_r, mutual_information, entropy_reduction_ratio",0.0,0.007335968890370317,0.0,0.0,0.4369561040535751
perm_android.permission.INJECT_EVENTS,0,0.08878705774829546,0.17410550696091773,630.8,61.66490087561967,"pearson_r, mutual_information, entropy_reduction_ratio",0.0,0.006979184687902216,0.0,0.0,0.4369561040535751
perm_android.permission.AUTHENTICATE_ACCOUNTS,0,0.08874032354806868,0.16420270123478287,477.8,220.59682681307999,"pearson_r, mutual_information, entropy_reduction_ratio",0.001103963631215882,0.024412439476365615,0.0006976425359642057,0.0008480772044659214,0.4166394948923318
intent_com.qihoo.appstore.ACTION_LAUNCH_SERVICE_ACTIVITY,0,0.08864827167560554,0.17417092807712886,631.2,61.032450385020596,"pearson_r, mutual_information, entropy_reduction_ratio",0.0,0.0062852543244526085,0.0,0.0,0.4369561040535751
intent_com.cootek.smartinputv5.action.SP.DESTROY,0,0.08860532795093747,0.17419125555946333,631.4,60.71770746660319,"pearson_r, mutual_information, entropy_reduction_ratio",0.0,0.006070535701112216,0.0,0.0,0.4369561040535751
intent_com.qihoo.appstore.utils.ActivityBroadcastReceiver.ACTION_INTENT_TRANSFER,0,0.08858542575017066,0.17420068985450043,631.6,60.40397337924055,"pearson_r, mutual_information, entropy_reduction_ratio",0.0,0.005971024697278157,0.0,0.0,0.4369561040535751
perm_android.permission.ACCESS_WIFI_STATE.android.permission.READ_PHONE_STATE,0,0.08857650030093318,0.17420492359782544,631.8,60.091263924134594,"pearson_r, mutual_information, entropy_reduction_ratio",0.0,0.0059263974510908,0.0,0.0,0.4369561040535751
intent_com.qihoo360.daemon.pcdaemon.NotifyServiceStop2,0,0.08840642533478876,0.17428592752884173,632.4,59.159445568733986,"pearson_r, mutual_information, entropy_reduction_ratio",0.0,0.005076022620368708,0.0,0.0,0.4369561040535751
perm_me.everything.badger.permission.BADGE_COUNT_READ,0,0.08835159258404868,0.112209356954689,429.3,371.83942771040296,"pearson_r, entropy_reduction_ratio, f_stat",0.0709177641404421,0.0,0.027974191267256927,0.03469551017810213,0.30817049733444224
intent_com.qihoo.appstore.checkupdate.INIT_APK_INFO,0,0.08832604918387135,0.17432442723250344,632.6,58.85099829229747,"pearson_r, mutual_information, entropy_reduction_ratio",0.0,0.004674141865781637,0.0,0.0,0.4369561040535751
intent_com.qihoo.appstore.CHECK_STORAGE,0,0.08831793291527262,0.17432832264475218,632.8,58.5436589222095,"pearson_r, mutual_information, entropy_reduction_ratio",0.0,0.004633560522788011,0.0,0.0,0.4369561040535751
intent_com.excelliance.kxqp.action.swpmain,0,0.08816899564600209,0.1744000580538408,633.4,57.628465188654815,"pearson_r, mutual_information, entropy_reduction_ratio",0.0,0.0038888741764353694,0.0,0.0,0.4369561040535751
perm_com.excelliance.dualaid.assist,0,0.08810354309927818,0.17443173473454682,633.6,57.325735930731845,"pearson_r, mutual_information, entropy_reduction_ratio",0.0,0.0035616114428158154,0.0,0.0,0.4369561040535751
intent_android.app.action.DEVICE_ADMIN_ENABLED,0,0.08795866377553882,0.1745021799243468,634.0,56.72389267319372,"pearson_r, mutual_information, entropy_reduction_ratio",0.0,0.0028372148241190207,0.0,0.0,0.4369561040535751
perm_android.permission.ACCESS_SUPERUSER,0,0.08791096216913227,0.16130449778002953,470.8,229.43269165487294,"pearson_r, mutual_information, entropy_reduction_ratio",0.0031422842427621645,0.023573786034837323,0.0012715541485116787,0.001484299634188815,0.41008288678536137
intent_com.qihoo360.daemon.pcdaemon.ACTION_START_OPERATE_AUTHOR,0,0.08789530489393774,0.17453312939196464,634.2,56.42481723497206,"pearson_r, mutual_information, entropy_reduction_ratio",0.0,0.002520420416113595,0.0,0.0,0.4369561040535751
intent_com.coolcloud.xmpp.NOTIFICATION.1010048,0,0.08787353202998084,0.17454378494541944,634.6,55.830457637386424,"pearson_r, mutual_information, entropy_reduction_ratio",0.0,0.00241155609632912,0.0,0.0,0.4369561040535751
perm_com.samsung.android.scloud.backup.lib.read,0,0.08786167992231368,0.1745495896129323,634.8,55.53521405378753,"pearson_r, mutual_information, entropy_reduction_ratio",0.0,0.002352295557993306,0.0,0.0,0.4369561040535751
intent_cn.egame.terminal.sdk.SERVICE_CMD,0,0.0878552414114428,0.174552744195164,635.0,55.24128890603477,"pearson_r, mutual_information, entropy_reduction_ratio",0.0,0.002320103003638903,0.0,0.0,0.4369561040535751
perm_com.ibingo.launcher.permission.READ_SETTINGS,0,0.08781324021709729,0.17457334481073258,635.2,54.948703351398564,"pearson_r, mutual_information, entropy_reduction_ratio",0.0,0.0021100970319113304,0.0,0.0,0.4369561040535751
intent_com.yuetu.shentu.Intent.WECHAT_AUTH,0,0.087773447342033,0.17459289733903072,635.6,54.36763743257564,"pearson_r, mutual_information, entropy_reduction_ratio",0.0,0.0019111326565899379,0.0,0.0,0.4369561040535751
perm_android.permission.SAMSUNG_TUNTAP,0,0.08775749930150495,0.17460074309677548,635.8,54.079201177532205,"pearson_r, mutual_information, entropy_reduction_ratio",0.0,0.0018313924539496292,0.0,0.0,0.4369561040535751
intent_com.mobiletool.appstore.action.specialdetail,0,0.08774054235635621,0.17460909119704926,636.0,53.79219274206992,"pearson_r, mutual_information, entropy_reduction_ratio",0.0,0.0017466077282059368,0.0,0.0,0.4369561040535751
perm_com.huawei.android.launcher.permission.CHANGE_BADGE,0,0.08772691021748391,0.1159477654494251,379.5,320.7790516851124,"pearson_r, entropy_reduction_ratio, f_stat",0.04949997950385652,0.017833504599216322,0.023464853137333645,0.02920187006069753,0.31863434378631555
intent_android.net.wifi.PICK_WIFI_WORK,0,0.08769167987974644,0.17463318136042943,636.4,53.22255161113567,"pearson_r, mutual_information, entropy_reduction_ratio",0.0,0.0015022953451570749,0.0,0.0,0.4369561040535751
perm_android.permission.MANAGE_USERS,0,0.08759225997789685,0.17468235586238806,637.0,52.37938525794284,"pearson_r, mutual_information, entropy_reduction_ratio",0.0,0.0010051958359092172,0.0,0.0,0.4369561040535751
perm_com.htc.launcher.permission.UPDATE_SHORTCUT,0,0.08756262156685042,0.10844625748643799,422.5,378.73051104974365,"pearson_r, entropy_reduction_ratio, f_stat",0.06744514550261524,0.0,0.030972125234042157,0.039244612765845524,0.3001512243317492
perm_com.yulong3.android.launcher.permission.WRITE_SETTINGS,0,0.08749739114144413,0.17472947741601164,637.2,52.1014395194605,"pearson_r, mutual_information, entropy_reduction_ratio",0.0,0.0005308516536455274,0.0,0.0,0.4369561040535751
intent_cn.jpush.android.intent.ACTION_RICHPUSH_CALLBACK,0,0.08747781423454191,0.1749550338361259,423.9,184.17231062241686,"pearson_r, entropy_reduction_ratio, f_stat",4.813858133771864e-07,0.0,3.243117107321447e-07,3.835685408484426e-07,0.4373878819066446
intent_com.qihoo.accountcenter.action.START_ACCOUNT_SERVICE,0,0.08746991309723634,0.17474316192365716,637.4,51.825090448546256,"pearson_r, mutual_information, entropy_reduction_ratio",0.0,0.0003934614326065905,0.0,0.0,0.4369561040535751
perm_android.permission.ACCESS_DOWNLOAD_MANAGER_ADVANCED,0,0.08740624085089743,0.17477493402161162,637.8,51.277285419569544,"pearson_r, mutual_information, entropy_reduction_ratio",0.0,7.510020091206027e-05,0.0,0.0,0.4369561040535751
suspicious_getPackageInfo,0,0.08739122081071501,0.17478244162143003,681.1,63.90805895972745,"pearson_r, entropy_reduction_ratio, mutual_information",0.0,0.0,0.0,0.0,0.4369561040535751
suspicious_Cipher,0,0.08739122081071501,0.17478244162143003,681.1,63.90805895972745,"pearson_r, entropy_reduction_ratio, mutual_information",0.0,0.0,0.0,0.0,0.4369561040535751
perm_android.permission.DELETE_PACKAGES,0,0.08739122081071501,0.17478244162143003,681.1,63.90805895972745,"pearson_r, entropy_reduction_ratio, mutual_information",0.0,0.0,0.0,0.0,0.4369561040535751
perm_android.permission.CLEAR_APP_USER_DATA,0,0.08739122081071501,0.17478244162143003,681.1,63.90805895972745,"pearson_r, entropy_reduction_ratio, mutual_information",0.0,0.0,0.0,0.0,0.4369561040535751
perm_cn.nubia.launcher.permission.READ_SETTINGS,0,0.08739122081071501,0.17478244162143003,681.1,63.90805895972745,"pearson_r, entropy_reduction_ratio, mutual_information",0.0,0.0,0.0,0.0,0.4369561040535751
perm_net.qihoo.launcher.permission.READ_SETTINGS,0,0.08739122081071501,0.17478244162143003,681.1,63.90805895972745,"pearson_r, entropy_reduction_ratio, mutual_information",0.0,0.0,0.0,0.0,0.4369561040535751
perm_com.sec.android.app.twlauncher.settings.READ_SETTINGS,0,0.08739122081071501,0.17478244162143003,681.1,63.90805895972745,"pearson_r, entropy_reduction_ratio, mutual_information",0.0,0.0,0.0,0.0,0.4369561040535751
perm_com.qihoo360.launcher.permission.READ_SETTINGS,0,0.08739122081071501,0.17478244162143003,681.1,63.90805895972745,"pearson_r, entropy_reduction_ratio, mutual_information",0.0,0.0,0.0,0.0,0.4369561040535751
perm_org.adwfreak.launcher.permission.READ_SETTINGS,0,0.08739122081071501,0.17478244162143003,681.1,63.90805895972745,"pearson_r, entropy_reduction_ratio, mutual_information",0.0,0.0,0.0,0.0,0.4369561040535751
perm_com.fede.launcher.permission.READ_SETTINGS,0,0.08739122081071501,0.17478244162143003,681.1,63.90805895972745,"pearson_r, entropy_reduction_ratio, mutual_information",0.0,0.0,0.0,0.0,0.4369561040535751
intent_com.morgoo.droidplugin.ACTION_SHORTCUT_PROXY,0,0.08739122081071501,0.17478244162143003,681.1,63.90805895972745,"pearson_r, entropy_reduction_ratio, mutual_information",0.0,0.0,0.0,0.0,0.4369561040535751
perm_telecom.mdesk.permission.READ_SETTINGS,0,0.08739122081071501,0.17478244162143003,681.1,63.90805895972745,"pearson_r, entropy_reduction_ratio, mutual_information",0.0,0.0,0.0,0.0,0.4369561040535751
perm_com.android.mylauncher.permission.READ_SETTINGS,0,0.08739122081071501,0.17478244162143003,681.1,63.90805895972745,"pearson_r, entropy_reduction_ratio, mutual_information",0.0,0.0,0.0,0.0,0.4369561040535751
perm_com.tencent.qqlauncher.permission.READ_SETTINGS,0,0.08739122081071501,0.17478244162143003,681.1,63.90805895972745,"pearson_r, entropy_reduction_ratio, mutual_information",0.0,0.0,0.0,0.0,0.4369561040535751
perm_org.adw.launcher_donut.permission.READ_SETTINGS,0,0.08739122081071501,0.17478244162143003,681.1,63.90805895972745,"pearson_r, entropy_reduction_ratio, mutual_information",0.0,0.0,0.0,0.0,0.4369561040535751
perm_android.permission.WRITE_PROFILE,0,0.08739122081071501,0.17478244162143003,681.1,63.90805895972745,"pearson_r, entropy_reduction_ratio, mutual_information",0.0,0.0,0.0,0.0,0.4369561040535751
perm_com.android.email.permission.ACCESS_PROVIDER,0,0.08739122081071501,0.17478244162143003,681.1,63.90805895972745,"pearson_r, entropy_reduction_ratio, mutual_information",0.0,0.0,0.0,0.0,0.4369561040535751
perm_android.permission.PERMISSION_NAME,0,0.08739122081071501,0.17478244162143003,681.1,63.90805895972745,"pearson_r, entropy_reduction_ratio, mutual_information",0.0,0.0,0.0,0.0,0.4369561040535751
perm_com.yulong.android.launcher.permission.READ_SETTINGS,0,0.08739122081071501,0.17478244162143003,681.1,63.90805895972745,"pearson_r, entropy_reduction_ratio, mutual_information",0.0,0.0,0.0,0.0,0.4369561040535751
intent_cn.egame.terminal.sdk.RECEIVER_CMD,0,0.08739122081071501,0.17478244162143003,681.1,63.90805895972745,"pearson_r, entropy_reduction_ratio, mutual_information",0.0,0.0,0.0,0.0,0.4369561040535751
intent_com.qihoo.appstore.launcher.shortcut.MYSOFT,0,0.08739122081071501,0.17478244162143003,681.1,63.90805895972745,"pearson_r, entropy_reduction_ratio, mutual_information",0.0,0.0,0.0,0.0,0.4369561040535751
perm_com.qihoo.appstore.permission.NEWS_SDK_BROADCAST,0,0.08739122081071501,0.17478244162143003,681.1,63.90805895972745,"pearson_r, entropy_reduction_ratio, mutual_information",0.0,0.0,0.0,0.0,0.4369561040535751
intent_com.qihoo.appstore.plugin.battery.setPowerRankConfig,0,0.08739122081071501,0.17478244162143003,681.1,63.90805895972745,"pearson_r, entropy_reduction_ratio, mutual_information",0.0,0.0,0.0,0.0,0.4369561040535751
perm_com.qihoo.appstore.update.permission.clear_sdk,0,0.08739122081071501,0.17478244162143003,681.1,63.90805895972745,"pearson_r, entropy_reduction_ratio, mutual_information",0.0,0.0,0.0,0.0,0.4369561040535751
intent_com.qihoo.appstore.launcher.shortcut.GAMEUNION,0,0.08739122081071501,0.17478244162143003,681.1,63.90805895972745,"pearson_r, entropy_reduction_ratio, mutual_information",0.0,0.0,0.0,0.0,0.4369561040535751
perm_dianxin.permission.READ_SETTINGS,0,0.08739122081071501,0.17478244162143003,681.1,63.90805895972745,"pearson_r, entropy_reduction_ratio, mutual_information",0.0,0.0,0.0,0.0,0.4369561040535751
intent_com.qihoo.appstore.launcher.shortcut.EBOOK,0,0.08739122081071501,0.17478244162143003,681.1,63.90805895972745,"pearson_r, entropy_reduction_ratio, mutual_information",0.0,0.0,0.0,0.0,0.4369561040535751
intent_com.qihoo.appstore.launcher.shortcut.APP_GROUP,0,0.08739122081071501,0.17478244162143003,681.1,63.90805895972745,"pearson_r, entropy_reduction_ratio, mutual_information",0.0,0.0,0.0,0.0,0.4369561040535751
intent_com.qihoo.appstore.floatwin.FloatWindowService,0,0.08739122081071501,0.17478244162143003,681.1,63.90805895972745,"pearson_r, entropy_reduction_ratio, mutual_information",0.0,0.0,0.0,0.0,0.4369561040535751
intent_com.qihoo.appstore.download_one_apk,0,0.08739122081071501,0.17478244162143003,681.1,63.90805895972745,"pearson_r, entropy_reduction_ratio, mutual_information",0.0,0.0,0.0,0.0,0.4369561040535751
intent_com.qihoo.appstore.clipboard.change,0,0.08739122081071501,0.17478244162143003,681.1,63.90805895972745,"pearson_r, entropy_reduction_ratio, mutual_information",0.0,0.0,0.0,0.0,0.4369561040535751
intent_com.qihoo.appstore.clean.scan.finish,0,0.08739122081071501,0.17478244162143003,681.1,63.90805895972745,"pearson_r, entropy_reduction_ratio, mutual_information",0.0,0.0,0.0,0.0,0.4369561040535751
intent_com.qihoo.express.push.MSG_ARRIVED,0,0.08739122081071501,0.17478244162143003,681.1,63.90805895972745,"pearson_r, entropy_reduction_ratio, mutual_information",0.0,0.0,0.0,0.0,0.4369561040535751
intent_com.qihoo.appstore.freeze.ICON,0,0.08739122081071501,0.17478244162143003,681.1,63.90805895972745,"pearson_r, entropy_reduction_ratio, mutual_information",0.0,0.0,0.0,0.0,0.4369561040535751
intent_com.qihoo.appstore.battery.STABLE_NOTIFY,0,0.08739122081071501,0.17478244162143003,681.1,63.90805895972745,"pearson_r, entropy_reduction_ratio, mutual_information",0.0,0.0,0.0,0.0,0.4369561040535751
intent_com.qihoo.appstore.battery.POWER_RANK_START,0,0.08739122081071501,0.17478244162143003,681.1,63.90805895972745,"pearson_r, entropy_reduction_ratio, mutual_information",0.0,0.0,0.0,0.0,0.4369561040535751
intent_com.qihoo.appstore.launcher.shortcut.MYFREEZE,0,0.08739122081071501,0.17478244162143003,681.1,63.90805895972745,"pearson_r, entropy_reduction_ratio, mutual_information",0.0,0.0,0.0,0.0,0.4369561040535751
intent_com.qihoo360.mobilesafe.pcdaemon.sms.restore.end,0,0.08739122081071501,0.17478244162143003,681.1,63.90805895972745,"pearson_r, entropy_reduction_ratio, mutual_information",0.0,0.0,0.0,0.0,0.4369561040535751
intent_com.qihoo360.mobilesafe.pcdaemon.filehandle,0,0.08739122081071501,0.17478244162143003,681.1,63.90805895972745,"pearson_r, entropy_reduction_ratio, mutual_information",0.0,0.0,0.0,0.0,0.4369561040535751
intent_com.qihoo360.daemon.pcdaemon.NotifyServiceStart2,0,0.08739122081071501,0.17478244162143003,681.1,63.90805895972745,"pearson_r, entropy_reduction_ratio, mutual_information",0.0,0.0,0.0,0.0,0.4369561040535751
intent_com.qihoo360.daemon.pcdaemon.ACTION_SEND_SMS_SEND_STATUS_FORWARD2,0,0.08739122081071501,0.17478244162143003,681.1,63.90805895972745,"pearson_r, entropy_reduction_ratio, mutual_information",0.0,0.0,0.0,0.0,0.4369561040535751
intent_com.qihoo360.daemon.pcdaemon.ACTION_START_RECEIVER,0,0.08739122081071501,0.17478244162143003,681.1,63.90805895972745,"pearson_r, entropy_reduction_ratio, mutual_information",0.0,0.0,0.0,0.0,0.4369561040535751
intent_com.qihoo.appstore.battery.NOTIFY,0,0.08739122081071501,0.17478244162143003,681.1,63.90805895972745,"pearson_r, entropy_reduction_ratio, mutual_information",0.0,0.0,0.0,0.0,0.4369561040535751
intent_com.qihoo.appstore.powerusage.SAVE_MODE,0,0.08739122081071501,0.17478244162143003,681.1,63.90805895972745,"pearson_r, entropy_reduction_ratio, mutual_information",0.0,0.0,0.0,0.0,0.4369561040535751
intent_com.qihoo.appstore.launcher.shortcut.PLAYGAME,0,0.08739122081071501,0.17478244162143003,681.1,63.90805895972745,"pearson_r, entropy_reduction_ratio, mutual_information",0.0,0.0,0.0,0.0,0.4369561040535751
intent_com.qihoo.appstore.ACTION_UPDATE_LAST_WX_CLEAR,0,0.08739122081071501,0.17478244162143003,681.1,63.90805895972745,"pearson_r, entropy_reduction_ratio, mutual_information",0.0,0.0,0.0,0.0,0.4369561040535751
intent_com.qihoo.appstore.ACTION_GAME_UNION_GIFT_LiST,0,0.08739122081071501,0.17478244162143003,681.1,63.90805895972745,"pearson_r, entropy_reduction_ratio, mutual_information",0.0,0.0,0.0,0.0,0.4369561040535751
intent_com.qihoo.appstore.ACTION_GAME_UNION_DETAIL,0,0.08739122081071501,0.17478244162143003,681.1,63.90805895972745,"pearson_r, entropy_reduction_ratio, mutual_information",0.0,0.0,0.0,0.0,0.4369561040535751
intent_com.qihoo.appstore.ACTION_GAME_UNION_DESK,0,0.08739122081071501,0.17478244162143003,681.1,63.90805895972745,"pearson_r, entropy_reduction_ratio, mutual_information",0.0,0.0,0.0,0.0,0.4369561040535751
intent_com.qihoo.appstore.ACTION_PACKAGE_REMOVED_NEED_CLEAR,0,0.08739122081071501,0.17478244162143003,681.1,63.90805895972745,"pearson_r, entropy_reduction_ratio, mutual_information",0.0,0.0,0.0,0.0,0.4369561040535751
intent_com.qihoo.appstore.ACTION_GET_SIGNIN_FOR_NOTIFYCATION,0,0.08739122081071501,0.17478244162143003,681.1,63.90805895972745,"pearson_r, entropy_reduction_ratio, mutual_information",0.0,0.0,0.0,0.0,0.4369561040535751
intent_com.qihoo.appstore.ACTION_CLEAR_CREATE_SHORTCUT,0,0.08739122081071501,0.17478244162143003,681.1,63.90805895972745,"pearson_r, entropy_reduction_ratio, mutual_information",0.0,0.0,0.0,0.0,0.4369561040535751
intent_com.qihoo.appstore.ACTION_START_RADICALROOT,0,0.08739122081071501,0.17478244162143003,681.1,63.90805895972745,"pearson_r, entropy_reduction_ratio, mutual_information",0.0,0.0,0.0,0.0,0.4369561040535751
intent_com.qihoo.appstore.activate,0,0.08739122081071501,0.17478244162143003,681.1,63.90805895972745,"pearson_r, entropy_reduction_ratio, mutual_information",0.0,0.0,0.0,0.0,0.4369561040535751
intent_com.qihoo.appstore.QihooAlliance,0,0.08739122081071501,0.17478244162143003,681.1,63.90805895972745,"pearson_r, entropy_reduction_ratio, mutual_information",0.0,0.0,0.0,0.0,0.4369561040535751
intent_com.qihoo.appstore.PACKAGE_ADDED,0,0.08739122081071501,0.17478244162143003,681.1,63.90805895972745,"pearson_r, entropy_reduction_ratio, mutual_information",0.0,0.0,0.0,0.0,0.4369561040535751
intent_com.qihoo.appstore.OPEN_BROWSER,0,0.08739122081071501,0.17478244162143003,681.1,63.90805895972745,"pearson_r, entropy_reduction_ratio, mutual_information",0.0,0.0,0.0,0.0,0.4369561040535751
intent_com.qihoo.appstore.CLEAN_ACTIVITY_DESTROY,0,0.08739122081071501,0.17478244162143003,681.1,63.90805895972745,"pearson_r, entropy_reduction_ratio, mutual_information",0.0,0.0,0.0,0.0,0.4369561040535751
intent_com.qihoo.appstore.CHECK_APP_UPDATE_DESK_NOTIFICATION,0,0.08739122081071501,0.17478244162143003,681.1,63.90805895972745,"pearson_r, entropy_reduction_ratio, mutual_information",0.0,0.0,0.0,0.0,0.4369561040535751
intent_com.qihoo.appstore.plugin.battery.setConfig,0,0.08739122081071501,0.17478244162143003,681.1,63.90805895972745,"pearson_r, entropy_reduction_ratio, mutual_information",0.0,0.0,0.0,0.0,0.4369561040535751
intent_com.qihoo.appstore.open.wallet,0,0.08739122081071501,0.17478244162143003,681.1,63.90805895972745,"pearson_r, entropy_reduction_ratio, mutual_information",0.0,0.0,0.0,0.0,0.4369561040535751
intent_com.qihoo.appstore.notification.notify_action,0,0.08739122081071501,0.17478244162143003,681.1,63.90805895972745,"pearson_r, entropy_reduction_ratio, mutual_information",0.0,0.0,0.0,0.0,0.4369561040535751
intent_com.qihoo.appstore.notification.click_action,0,0.08739122081071501,0.17478244162143003,681.1,63.90805895972745,"pearson_r, entropy_reduction_ratio, mutual_information",0.0,0.0,0.0,0.0,0.4369561040535751
perm_qiku.permission.READ_WRITE_SAFE_SPACE,0,0.08739122081071501,0.17478244162143003,681.1,63.90805895972745,"pearson_r, entropy_reduction_ratio, mutual_information",0.0,0.0,0.0,0.0,0.4369561040535751
perm_com.sonyericsson.home.READ_SETTINGS,0,0.08739122081071501,0.17478244162143003,681.1,63.90805895972745,"pearson_r, entropy_reduction_ratio, mutual_information",0.0,0.0,0.0,0.0,0.4369561040535751
intent_android.intent.action.defaultSmsSet,0,0.08739122081071501,0.17478244162143003,681.1,63.90805895972745,"pearson_r, entropy_reduction_ratio, mutual_information",0.0,0.0,0.0,0.0,0.4369561040535751
perm_com.nd.android.launcher.permission.WRITE_SETTINGS,0,0.08739122081071501,0.17478244162143003,681.1,63.90805895972745,"pearson_r, entropy_reduction_ratio, mutual_information",0.0,0.0,0.0,0.0,0.4369561040535751
perm_android.permission.READ_INSTALL_SESSIONS,0,0.08739122081071501,0.17478244162143003,681.1,63.90805895972745,"pearson_r, entropy_reduction_ratio, mutual_information",0.0,0.0,0.0,0.0,0.4369561040535751
perm_com.yulong.android.launcher3.WRITE_SETTINGS,0,0.08739122081071501,0.17478244162143003,681.1,63.90805895972745,"pearson_r, entropy_reduction_ratio, mutual_information",0.0,0.0,0.0,0.0,0.4369561040535751
perm_xmpp.permission.ACCESS_API,0,0.08739122081071501,0.17478244162143003,681.1,63.90805895972745,"pearson_r, entropy_reduction_ratio, mutual_information",0.0,0.0,0.0,0.0,0.4369561040535751
intent_action_send_cancel,0,0.08739122081071501,0.17478244162143003,681.1,63.90805895972745,"pearson_r, entropy_reduction_ratio, mutual_information",0.0,0.0,0.0,0.0,0.4369561040535751
intent_com.qihoo.appstore.stablenotification.StableBroadcast,0,0.08739122081071501,0.17478244162143003,681.1,63.90805895972745,"pearson_r, entropy_reduction_ratio, mutual_information",0.0,0.0,0.0,0.0,0.4369561040535751
perm_com.nd.android.launcher.permission.READ_SETTINGS,0,0.08739122081071501,0.17478244162143003,681.1,63.90805895972745,"pearson_r, entropy_reduction_ratio, mutual_information",0.0,0.0,0.0,0.0,0.4369561040535751
perm_com.android.voicemail.permission.ADD_VOICEMAIL,0,0.08739122081071501,0.17478244162143003,681.1,63.90805895972745,"pearson_r, entropy_reduction_ratio, mutual_information",0.0,0.0,0.0,0.0,0.4369561040535751
perm_android.permission.SUBSCRIBED_FEEDS_WRITE,0,0.08739122081071501,0.17478244162143003,681.1,63.90805895972745,"pearson_r, entropy_reduction_ratio, mutual_information",0.0,0.0,0.0,0.0,0.4369561040535751
perm_com.zte.mifavor.launcher.permission.READ_SETTINGS,0,0.08739122081071501,0.17478244162143003,681.1,63.90805895972745,"pearson_r, entropy_reduction_ratio, mutual_information",0.0,0.0,0.0,0.0,0.4369561040535751
perm_com.yulong.android.launcher3.READ_SETTINGS,0,0.08739122081071501,0.17478244162143003,681.1,63.90805895972745,"pearson_r, entropy_reduction_ratio, mutual_information",0.0,0.0,0.0,0.0,0.4369561040535751
perm_com.qiku.launcher.permission.READ_SETTINGS,0,0.08739122081071501,0.17478244162143003,681.1,63.90805895972745,"pearson_r, entropy_reduction_ratio, mutual_information",0.0,0.0,0.0,0.0,0.4369561040535751
perm_android.permission.SUBSCRIBED_FEEDS_READ,0,0.08739122081071501,0.17478244162143003,681.1,63.90805895972745,"pearson_r, entropy_reduction_ratio, mutual_information",0.0,0.0,0.0,0.0,0.4369561040535751
perm_com.google.android.providers.talk.permission.WRITE_ONLY,0,0.08739122081071501,0.17478244162143003,681.1,63.90805895972745,"pearson_r, entropy_reduction_ratio, mutual_information",0.0,0.0,0.0,0.0,0.4369561040535751
perm_com.google.android.gms.permission.AD_ID_NOTIFICATION,0,0.08739122081071501,0.17478244162143003,681.1,63.90805895972745,"pearson_r, entropy_reduction_ratio, mutual_information",0.0,0.0,0.0,0.0,0.4369561040535751
perm_com.google.android.googleapps.permission.GOOGLE_AUTH.YouTubeUser,0,0.08739122081071501,0.17478244162143003,681.1,63.90805895972745,"pearson_r, entropy_reduction_ratio, mutual_information",0.0,0.0,0.0,0.0,0.4369561040535751
perm_com.google.android.googleapps.permission.GOOGLE_AUTH.youtube,0,0.08739122081071501,0.17478244162143003,681.1,63.90805895972745,"pearson_r, entropy_reduction_ratio, mutual_information",0.0,0.0,0.0,0.0,0.4369561040535751
perm_com.google.android.googleapps.permission.GOOGLE_AUTH.talk,0,0.08739122081071501,0.17478244162143003,681.1,63.90805895972745,"pearson_r, entropy_reduction_ratio, mutual_information",0.0,0.0,0.0,0.0,0.4369561040535751
perm_com.google.android.googleapps.permission.GOOGLE_AUTH.speechpersonalization,0,0.08739122081071501,0.17478244162143003,681.1,63.90805895972745,"pearson_r, entropy_reduction_ratio, mutual_information",0.0,0.0,0.0,0.0,0.4369561040535751
perm_com.google.android.googleapps.permission.GOOGLE_AUTH.grandcentral,0,0.08739122081071501,0.17478244162143003,681.1,63.90805895972745,"pearson_r, entropy_reduction_ratio, mutual_information",0.0,0.0,0.0,0.0,0.4369561040535751
perm_com.google.android.googleapps.permission.GOOGLE_AUTH.local,0,0.08739122081071501,0.17478244162143003,681.1,63.90805895972745,"pearson_r, entropy_reduction_ratio, mutual_information",0.0,0.0,0.0,0.0,0.4369561040535751
perm_com.google.android.googleapps.permission.GOOGLE_AUTH.knol,0,0.08739122081071501,0.17478244162143003,681.1,63.90805895972745,"pearson_r, entropy_reduction_ratio, mutual_information",0.0,0.0,0.0,0.0,0.4369561040535751
perm_com.google.android.googleapps.permission.GOOGLE_AUTH.health,0,0.08739122081071501,0.17478244162143003,681.1,63.90805895972745,"pearson_r, entropy_reduction_ratio, mutual_information",0.0,0.0,0.0,0.0,0.4369561040535751
perm_com.google.android.googleapps.permission.GOOGLE_AUTH.groups2,0,0.08739122081071501,0.17478244162143003,681.1,63.90805895972745,"pearson_r, entropy_reduction_ratio, mutual_information",0.0,0.0,0.0,0.0,0.4369561040535751
perm_com.google.android.googleapps.permission.GOOGLE_AUTH.gbase,0,0.08739122081071501,0.17478244162143003,681.1,63.90805895972745,"pearson_r, entropy_reduction_ratio, mutual_information",0.0,0.0,0.0,0.0,0.4369561040535751
perm_com.google.android.googleapps.permission.GOOGLE_AUTH.dodgeball,0,0.08739122081071501,0.17478244162143003,681.1,63.90805895972745,"pearson_r, entropy_reduction_ratio, mutual_information",0.0,0.0,0.0,0.0,0.4369561040535751
perm_com.google.android.googleapps.permission.GOOGLE_AUTH.notebook,0,0.08739122081071501,0.17478244162143003,681.1,63.90805895972745,"pearson_r, entropy_reduction_ratio, mutual_information",0.0,0.0,0.0,0.0,0.4369561040535751
perm_com.google.android.googleapps.permission.GOOGLE_AUTH.blogger,0,0.08739122081071501,0.17478244162143003,681.1,63.90805895972745,"pearson_r, entropy_reduction_ratio, mutual_information",0.0,0.0,0.0,0.0,0.4369561040535751
perm_com.google.android.googleapps.permission.GOOGLE_AUTH.ah,0,0.08739122081071501,0.17478244162143003,681.1,63.90805895972745,"pearson_r, entropy_reduction_ratio, mutual_information",0.0,0.0,0.0,0.0,0.4369561040535751
perm_com.google.android.googleapps.permission.GOOGLE_AUTH.adwords,0,0.08739122081071501,0.17478244162143003,681.1,63.90805895972745,"pearson_r, entropy_reduction_ratio, mutual_information",0.0,0.0,0.0,0.0,0.4369561040535751
perm_com.google.android.googleapps.permission.GOOGLE_AUTH.orkut,0,0.08739122081071501,0.17478244162143003,681.1,63.90805895972745,"pearson_r, entropy_reduction_ratio, mutual_information",0.0,0.0,0.0,0.0,0.4369561040535751
perm_com.google.android.googleapps.permission.GOOGLE_AUTH.adsense,0,0.08739122081071501,0.17478244162143003,681.1,63.90805895972745,"pearson_r, entropy_reduction_ratio, mutual_information",0.0,0.0,0.0,0.0,0.4369561040535751
perm_com.google.android.googleapps.permission.GOOGLE_AUTH.mobile,0,0.08739122081071501,0.17478244162143003,681.1,63.90805895972745,"pearson_r, entropy_reduction_ratio, mutual_information",0.0,0.0,0.0,0.0,0.4369561040535751
perm_com.google.android.googleapps.permission.GOOGLE_AUTH.mail,0,0.08739122081071501,0.17478244162143003,681.1,63.90805895972745,"pearson_r, entropy_reduction_ratio, mutual_information",0.0,0.0,0.0,0.0,0.4369561040535751
perm_com.google.android.googleapps.permission.GOOGLE_AUTH.cp,0,0.08739122081071501,0.17478244162143003,681.1,63.90805895972745,"pearson_r, entropy_reduction_ratio, mutual_information",0.0,0.0,0.0,0.0,0.4369561040535751
perm_com.google.android.googleapps.permission.GOOGLE_AUTH.OTHER_SERVICES,0,0.08739122081071501,0.17478244162143003,681.1,63.90805895972745,"pearson_r, entropy_reduction_ratio, mutual_information",0.0,0.0,0.0,0.0,0.4369561040535751
perm_android.permission.TRANSMIT_IR,0,0.08739122081071501,0.17478244162143003,681.1,63.90805895972745,"pearson_r, entropy_reduction_ratio, mutual_information",0.0,0.0,0.0,0.0,0.4369561040535751
perm_com.actionlauncher.playstore.permission.READ_SETTINGS,0,0.08739122081071501,0.17478244162143003,681.1,63.90805895972745,"pearson_r, entropy_reduction_ratio, mutual_information",0.0,0.0,0.0,0.0,0.4369561040535751
perm_com.apusapps.launcher.permission.READ_SETTINGS,0,0.08739122081071501,0.17478244162143003,681.1,63.90805895972745,"pearson_r, entropy_reduction_ratio, mutual_information",0.0,0.0,0.0,0.0,0.4369561040535751
perm_com.google.android.googleapps.permission.GOOGLE_AUTH,0,0.08739122081071501,0.17478244162143003,681.1,63.90805895972745,"pearson_r, entropy_reduction_ratio, mutual_information",0.0,0.0,0.0,0.0,0.4369561040535751
perm_android.permission.ACCOUNT_MANAGER,0,0.08739122081071501,0.17478244162143003,681.1,63.90805895972745,"pearson_r, entropy_reduction_ratio, mutual_information",0.0,0.0,0.0,0.0,0.4369561040535751
perm_com.google.android.googleapps.permission.GOOGLE_AUTH.androidsecure,0,0.08739122081071501,0.17478244162143003,681.1,63.90805895972745,"pearson_r, entropy_reduction_ratio, mutual_information",0.0,0.0,0.0,0.0,0.4369561040535751
perm_com.google.android.googleapps.permission.GOOGLE_AUTH.android,0,0.08739122081071501,0.17478244162143003,681.1,63.90805895972745,"pearson_r, entropy_reduction_ratio, mutual_information",0.0,0.0,0.0,0.0,0.4369561040535751
perm_com.google.android.googleapps.permission.GOOGLE_AUTH.sierra,0,0.08739122081071501,0.17478244162143003,681.1,63.90805895972745,"pearson_r, entropy_reduction_ratio, mutual_information",0.0,0.0,0.0,0.0,0.4369561040535751
perm_com.google.android.googleapps.permission.GOOGLE_AUTH.sierrasandbox,0,0.08739122081071501,0.17478244162143003,681.1,63.90805895972745,"pearson_r, entropy_reduction_ratio, mutual_information",0.0,0.0,0.0,0.0,0.4369561040535751
perm_com.teslacoilsw.launcher.permission.READ_SETTINGS,0,0.08739122081071501,0.17478244162143003,681.1,63.90805895972745,"pearson_r, entropy_reduction_ratio, mutual_information",0.0,0.0,0.0,0.0,0.4369561040535751
perm_android.permission.BROADCAST_SMS,0,0.08739122081071501,0.17478244162143003,681.1,63.90805895972745,"pearson_r, entropy_reduction_ratio, mutual_information",0.0,0.0,0.0,0.0,0.4369561040535751
intent_com.excelliance.kxqp.platform.gameplugin.action.BIND_REMOTE,0,0.08739122081071501,0.17478244162143003,681.1,63.90805895972745,"pearson_r, entropy_reduction_ratio, mutual_information",0.0,0.0,0.0,0.0,0.4369561040535751
perm_org.adw.launcher.permission.WRITE_SETTINGS,0,0.08739122081071501,0.17478244162143003,681.1,63.90805895972745,"pearson_r, entropy_reduction_ratio, mutual_information",0.0,0.0,0.0,0.0,0.4369561040535751
perm_android.permission.SIGNAL_PERSISTENT_PROCESSES,0,0.08739122081071501,0.17478244162143003,681.1,63.90805895972745,"pearson_r, entropy_reduction_ratio, mutual_information",0.0,0.0,0.0,0.0,0.4369561040535751
perm_org.adwfreak.launcher.permission.WRITE_SETTINGS,0,0.08739122081071501,0.17478244162143003,681.1,63.90805895972745,"pearson_r, entropy_reduction_ratio, mutual_information",0.0,0.0,0.0,0.0,0.4369561040535751
perm_com.qihoo360.launcher.permission.WRITE_SETTINGS,0,0.08739122081071501,0.17478244162143003,681.1,63.90805895972745,"pearson_r, entropy_reduction_ratio, mutual_information",0.0,0.0,0.0,0.0,0.4369561040535751
perm_com.sec.android.app.twlauncher.settings.WRITE_SETTINGS,0,0.08739122081071501,0.17478244162143003,681.1,63.90805895972745,"pearson_r, entropy_reduction_ratio, mutual_information",0.0,0.0,0.0,0.0,0.4369561040535751
perm_telecom.mdesk.permission.WRITE_SETTINGS,0,0.08739122081071501,0.17478244162143003,681.1,63.90805895972745,"pearson_r, entropy_reduction_ratio, mutual_information",0.0,0.0,0.0,0.0,0.4369561040535751
perm_net.qihoo.launcher.permission.WRITE_SETTINGS,0,0.08739122081071501,0.17478244162143003,681.1,63.90805895972745,"pearson_r, entropy_reduction_ratio, mutual_information",0.0,0.0,0.0,0.0,0.4369561040535751
perm_org.adw.launcher_donut.permission.WRITE_SETTINGS,0,0.08739122081071501,0.17478244162143003,681.1,63.90805895972745,"pearson_r, entropy_reduction_ratio, mutual_information",0.0,0.0,0.0,0.0,0.4369561040535751
perm_com.fede.launcher.permission.WRITE_SETTINGS,0,0.08739122081071501,0.17478244162143003,681.1,63.90805895972745,"pearson_r, entropy_reduction_ratio, mutual_information",0.0,0.0,0.0,0.0,0.4369561040535751
perm_com.ebproductions.android.launcher.permission.WRITE_SETTINGS,0,0.08739122081071501,0.17478244162143003,681.1,63.90805895972745,"pearson_r, entropy_reduction_ratio, mutual_information",0.0,0.0,0.0,0.0,0.4369561040535751
perm_android.permission.BIND_DIRECTORY_SEARCH,0,0.08739122081071501,0.17478244162143003,681.1,63.90805895972745,"pearson_r, entropy_reduction_ratio, mutual_information",0.0,0.0,0.0,0.0,0.4369561040535751
perm_com.tencent.qqlauncher.permission.WRITE_SETTINGS,0,0.08739122081071501,0.17478244162143003,681.1,63.90805895972745,"pearson_r, entropy_reduction_ratio, mutual_information",0.0,0.0,0.0,0.0,0.4369561040535751
perm_com.huawei.launcher3.permission.WRITE_SETTINGS,0,0.08739122081071501,0.17478244162143003,681.1,63.90805895972745,"pearson_r, entropy_reduction_ratio, mutual_information",0.0,0.0,0.0,0.0,0.4369561040535751
perm_sec.android.permission.READ_MSG_PREF,0,0.08739122081071501,0.17478244162143003,681.1,63.90805895972745,"pearson_r, entropy_reduction_ratio, mutual_information",0.0,0.0,0.0,0.0,0.4369561040535751
perm_com.samsung.svoice.sync.READ_DATABASE,0,0.08739122081071501,0.17478244162143003,681.1,63.90805895972745,"pearson_r, entropy_reduction_ratio, mutual_information",0.0,0.0,0.0,0.0,0.4369561040535751
perm_com.samsung.svoice.sync.WRITE_DATABASE,0,0.08739122081071501,0.17478244162143003,681.1,63.90805895972745,"pearson_r, entropy_reduction_ratio, mutual_information",0.0,0.0,0.0,0.0,0.4369561040535751
perm_com.sec.android.permission.VOIP_INTERFACE,0,0.08739122081071501,0.17478244162143003,681.1,63.90805895972745,"pearson_r, entropy_reduction_ratio, mutual_information",0.0,0.0,0.0,0.0,0.4369561040535751
perm_com.lge.launcher.permission.WRITE_SETTINGS,0,0.08739122081071501,0.17478244162143003,681.1,63.90805895972745,"pearson_r, entropy_reduction_ratio, mutual_information",0.0,0.0,0.0,0.0,0.4369561040535751
intent_com.excelliance.kxqp.NEXT_CHAPTER,0,0.08739122081071501,0.17478244162143003,681.1,63.90805895972745,"pearson_r, entropy_reduction_ratio, mutual_information",0.0,0.0,0.0,0.0,0.4369561040535751
intent_com.qihoo.appstore.ACTION_UNLOCK_BROADCAST_RECEIVE,0,0.08739122081071501,0.17478244162143003,681.1,63.90805895972745,"pearson_r, entropy_reduction_ratio, mutual_information",0.0,0.0,0.0,0.0,0.4369561040535751
perm_android.permission.BACKUP,0,0.08739122081071501,0.17478244162143003,681.1,63.90805895972745,"pearson_r, entropy_reduction_ratio, mutual_information",0.0,0.0,0.0,0.0,0.4369561040535751
perm_com.huawei.authentication.HW_ACCESS_AUTH_SERVICE,0,0.08739122081071501,0.17478244162143003,681.1,63.90805895972745,"pearson_r, entropy_reduction_ratio, mutual_information",0.0,0.0,0.0,0.0,0.4369561040535751
perm_ACCESS_WIFI_STATE,0,0.08739122081071501,0.17478244162143003,681.1,63.90805895972745,"pearson_r, entropy_reduction_ratio, mutual_information",0.0,0.0,0.0,0.0,0.4369561040535751
perm_android.permission.READ_CLIPS,0,0.08739122081071501,0.17478244162143003,681.1,63.90805895972745,"pearson_r, entropy_reduction_ratio, mutual_information",0.0,0.0,0.0,0.0,0.4369561040535751
perm_android.permission.GET_INTENT_SENDER_INTENT,0,0.08739122081071501,0.17478244162143003,681.1,63.90805895972745,"pearson_r, entropy_reduction_ratio, mutual_information",0.0,0.0,0.0,0.0,0.4369561040535751
perm_android.permission.WRITE_CLIPS,0,0.08739122081071501,0.17478244162143003,681.1,63.90805895972745,"pearson_r, entropy_reduction_ratio, mutual_information",0.0,0.0,0.0,0.0,0.4369561040535751
perm_qiku.permission.RECEIVE_ACTIVITY_RESUMED,0,0.08739122081071501,0.17478244162143003,681.1,63.90805895972745,"pearson_r, entropy_reduction_ratio, mutual_information",0.0,0.0,0.0,0.0,0.4369561040535751
intent_co.ronash.pushe.ACTION_TASK_READY,0,0.08739122081071501,0.17478244162143003,681.1,63.90805895972745,"pearson_r, entropy_reduction_ratio, mutual_information",0.0,0.0,0.0,0.0,0.4369561040535751
perm_com.google.android.launcher.permission.WRITE_SETTINGS,0,0.08739122081071501,0.17478244162143003,681.1,63.90805895972745,"pearson_r, entropy_reduction_ratio, mutual_information",0.0,0.0,0.0,0.0,0.4369561040535751
perm_com.xiaomi.sdk.permission.PAYMENT,0,0.08739122081071501,0.17478244162143003,681.1,63.90805895972745,"pearson_r, entropy_reduction_ratio, mutual_information",0.0,0.0,0.0,0.0,0.4369561040535751
intent_co.ronash.pushe.service.ScreenStateService,0,0.08739122081071501,0.17478244162143003,681.1,63.90805895972745,"pearson_r, entropy_reduction_ratio, mutual_information",0.0,0.0,0.0,0.0,0.4369561040535751
intent_com.amir.nightjar.service.BUFFER_SERVICES,0,0.08739122081071501,0.17478244162143003,681.1,63.90805895972745,"pearson_r, entropy_reduction_ratio, mutual_information",0.0,0.0,0.0,0.0,0.4369561040535751
perm_com.meizu.flyme.push.permission.RECEIVE,0,0.08739122081071501,0.17478244162143003,681.1,63.90805895972745,"pearson_r, entropy_reduction_ratio, mutual_information",0.0,0.0,0.0,0.0,0.4369561040535751
perm_cn.swiftpass.wxpay.permission.MMOAUTH_CALLBACK,0,0.08739122081071501,0.17478244162143003,681.1,63.90805895972745,"pearson_r, entropy_reduction_ratio, mutual_information",0.0,0.0,0.0,0.0,0.4369561040535751
intent_android.intent.action.ERROR_NOTIFY,0,0.08739122081071501,0.17478244162143003,681.1,63.90805895972745,"pearson_r, entropy_reduction_ratio, mutual_information",0.0,0.0,0.0,0.0,0.4369561040535751
perm_com.asus.email.permission.ACCESS_PROVIDER,0,0.08739122081071501,0.17478244162143003,681.1,63.90805895972745,"pearson_r, entropy_reduction_ratio, mutual_information",0.0,0.0,0.0,0.0,0.4369561040535751
intent_com.evernote.android.job.ADD_JOB_CREATOR,0,0.08739122081071501,0.17478244162143003,681.1,63.90805895972745,"pearson_r, entropy_reduction_ratio, mutual_information",0.0,0.0,0.0,0.0,0.4369561040535751
intent_downfile,0,0.08739122081071501,0.17478244162143003,681.1,63.90805895972745,"pearson_r, entropy_reduction_ratio, mutual_information",0.0,0.0,0.0,0.0,0.4369561040535751
intent_com.excelliance.kxqp.action.SmtServService,0,0.08739122081071501,0.17478244162143003,681.1,63.90805895972745,"pearson_r, entropy_reduction_ratio, mutual_information",0.0,0.0,0.0,0.0,0.4369561040535751
perm_com.facebook.katana.permission.CROSS_PROCESS_BROADCAST_MANAGER,0,0.08739122081071501,0.17478244162143003,681.1,63.90805895972745,"pearson_r, entropy_reduction_ratio, mutual_information",0.0,0.0,0.0,0.0,0.4369561040535751
perm_com.facebook.permission.prod.SYSTEM_COMMUNICATION,0,0.08739122081071501,0.17478244162143003,681.1,63.90805895972745,"pearson_r, entropy_reduction_ratio, mutual_information",0.0,0.0,0.0,0.0,0.4369561040535751
perm_com.facebook.katana.permission.C2D_MESSAGE,0,0.08739122081071501,0.17478244162143003,681.1,63.90805895972745,"pearson_r, entropy_reduction_ratio, mutual_information",0.0,0.0,0.0,0.0,0.4369561040535751
intent_com.excelliance.kxqp.action.init,0,0.08739122081071501,0.17478244162143003,681.1,63.90805895972745,"pearson_r, entropy_reduction_ratio, mutual_information",0.0,0.0,0.0,0.0,0.4369561040535751
perm_com.bbk.launcher2.permission.WRITE_SETTINGS,0,0.08739122081071501,0.17478244162143003,681.1,63.90805895972745,"pearson_r, entropy_reduction_ratio, mutual_information",0.0,0.0,0.0,0.0,0.4369561040535751
perm_com.tencent.msf.permission.account.sync,0,0.08739122081071501,0.17478244162143003,681.1,63.90805895972745,"pearson_r, entropy_reduction_ratio, mutual_information",0.0,0.0,0.0,0.0,0.4369561040535751
intent_show_setting_page,0,0.08739122081071501,0.17478244162143003,681.1,63.90805895972745,"pearson_r, entropy_reduction_ratio, mutual_information",0.0,0.0,0.0,0.0,0.4369561040535751
intent_show_start_app,0,0.08739122081071501,0.17478244162143003,681.1,63.90805895972745,"pearson_r, entropy_reduction_ratio, mutual_information",0.0,0.0,0.0,0.0,0.4369561040535751
intent_show_taskmanager,0,0.08739122081071501,0.17478244162143003,681.1,63.90805895972745,"pearson_r, entropy_reduction_ratio, mutual_information",0.0,0.0,0.0,0.0,0.4369561040535751
intent_com.easou.action.image.crop,0,0.08739122081071501,0.17478244162143003,681.1,63.90805895972745,"pearson_r, entropy_reduction_ratio, mutual_information",0.0,0.0,0.0,0.0,0.4369561040535751
intent_co.ronash.pushe.RECEIVE,0,0.08739122081071501,0.17478244162143003,681.1,63.90805895972745,"pearson_r, entropy_reduction_ratio, mutual_information",0.0,0.0,0.0,0.0,0.4369561040535751
intent_android.intent.action.EXTERNAL_APPLICATIONS_AVAILABLE,0,0.08739122081071501,0.17478244162143003,681.1,63.90805895972745,"pearson_r, entropy_reduction_ratio, mutual_information",0.0,0.0,0.0,0.0,0.4369561040535751
perm_com.baiqi.weather.permission.READ_SETTINGS,0,0.08739122081071501,0.17478244162143003,681.1,63.90805895972745,"pearson_r, entropy_reduction_ratio, mutual_information",0.0,0.0,0.0,0.0,0.4369561040535751
perm_com.mediatek.launcherplus.permission.READ_SETTINGS,0,0.08739122081071501,0.17478244162143003,681.1,63.90805895972745,"pearson_r, entropy_reduction_ratio, mutual_information",0.0,0.0,0.0,0.0,0.4369561040535751
perm_com.motorola.mmsp.motoswitch.permission.READ_SETTINGS,0,0.08739122081071501,0.17478244162143003,681.1,63.90805895972745,"pearson_r, entropy_reduction_ratio, mutual_information",0.0,0.0,0.0,0.0,0.4369561040535751
perm_com.motorola.dock.DesktopDock.permission.READ_SETTINGS,0,0.08739122081071501,0.17478244162143003,681.1,63.90805895972745,"pearson_r, entropy_reduction_ratio, mutual_information",0.0,0.0,0.0,0.0,0.4369561040535751
perm_com.yulong2.android.launcher.permission.WRITE_SETTINGS,0,0.08739122081071501,0.17478244162143003,681.1,63.90805895972745,"pearson_r, entropy_reduction_ratio, mutual_information",0.0,0.0,0.0,0.0,0.4369561040535751
intent_android.intent.action.PUSH_NOTIFY_ALARM,0,0.08739122081071501,0.17478244162143003,681.1,63.90805895972745,"pearson_r, entropy_reduction_ratio, mutual_information",0.0,0.0,0.0,0.0,0.4369561040535751
intent_android.intent.action.UPDATE_NOTIFICATION,0,0.08739122081071501,0.17478244162143003,681.1,63.90805895972745,"pearson_r, entropy_reduction_ratio, mutual_information",0.0,0.0,0.0,0.0,0.4369561040535751
perm_android.permission.WRITE_APN_SETTING,0,0.08739122081071501,0.17478244162143003,681.1,63.90805895972745,"pearson_r, entropy_reduction_ratio, mutual_information",0.0,0.0,0.0,0.0,0.4369561040535751
perm_com.yulong2.android.launcher.permission.READ_SETTINGS,0,0.08739122081071501,0.17478244162143003,681.1,63.90805895972745,"pearson_r, entropy_reduction_ratio, mutual_information",0.0,0.0,0.0,0.0,0.4369561040535751
perm_com.tencent.mm.plugin.permission.READ,0,0.08739122081071501,0.17478244162143003,681.1,63.90805895972745,"pearson_r, entropy_reduction_ratio, mutual_information",0.0,0.0,0.0,0.0,0.4369561040535751
perm_com.tencent.mm.plugin.permission.WRITE,0,0.08739122081071501,0.17478244162143003,681.1,63.90805895972745,"pearson_r, entropy_reduction_ratio, mutual_information",0.0,0.0,0.0,0.0,0.4369561040535751
intent_android.Intent.ACTION_NEW_OUTGOING_CALL,0,0.08739122081071501,0.17478244162143003,681.1,63.90805895972745,"pearson_r, entropy_reduction_ratio, mutual_information",0.0,0.0,0.0,0.0,0.4369561040535751
perm_com.tencent.mm.permission.MM_MESSAGE,0,0.08739122081071501,0.17478244162143003,681.1,63.90805895972745,"pearson_r, entropy_reduction_ratio, mutual_information",0.0,0.0,0.0,0.0,0.4369561040535751
intent_show_fold,0,0.08739122081071501,0.17478244162143003,681.1,63.90805895972745,"pearson_r, entropy_reduction_ratio, mutual_information",0.0,0.0,0.0,0.0,0.4369561040535751
intent_com.excelliance.kxqp.action.swpsrv,0,0.08739122081071501,0.17478244162143003,681.1,63.90805895972745,"pearson_r, entropy_reduction_ratio, mutual_information",0.0,0.0,0.0,0.0,0.4369561040535751
intent_android.intent.action.BATTERY_CHANGED_ACTION,0,0.08739122081071501,0.17478244162143003,681.1,63.90805895972745,"pearson_r, entropy_reduction_ratio, mutual_information",0.0,0.0,0.0,0.0,0.4369561040535751
perm_com.facebook.katana.provider.ACCESS,0,0.08739122081071501,0.17478244162143003,681.1,63.90805895972745,"pearson_r, entropy_reduction_ratio, mutual_information",0.0,0.0,0.0,0.0,0.4369561040535751
intent_show_notificationcenter,0,0.08739122081071501,0.17478244162143003,681.1,63.90805895972745,"pearson_r, entropy_reduction_ratio, mutual_information",0.0,0.0,0.0,0.0,0.4369561040535751
perm_com.xgbuy.xg.permission.JPUSH_MESSAGE,0,0.08739122081071501,0.17478244162143003,681.1,63.90805895972745,"pearson_r, entropy_reduction_ratio, mutual_information",0.0,0.0,0.0,0.0,0.4369561040535751
intent_android.settings.ADD_ACCOUNT_SETTINGS,0,0.08739122081071501,0.17478244162143003,681.1,63.90805895972745,"pearson_r, entropy_reduction_ratio, mutual_information",0.0,0.0,0.0,0.0,0.4369561040535751
perm_android.permission.ACCESS_CHECKIN_PROPERTIES,0,0.08739122081071501,0.17478244162143003,681.1,63.90805895972745,"pearson_r, entropy_reduction_ratio, mutual_information",0.0,0.0,0.0,0.0,0.4369561040535751
perm_android.permission.RAISED_THREAD_PRIORITY,0,0.08739122081071501,0.17478244162143003,681.1,63.90805895972745,"pearson_r, entropy_reduction_ratio, mutual_information",0.0,0.0,0.0,0.0,0.4369561040535751
perm_xvtian.gai.receiver,0,0.08739122081071501,0.17478244162143003,681.1,63.90805895972745,"pearson_r, entropy_reduction_ratio, mutual_information",0.0,0.0,0.0,0.0,0.4369561040535751
perm_com.lenovo.launcher.permission.WRITE_SETTINGS,0,0.08739122081071501,0.17478244162143003,681.1,63.90805895972745,"pearson_r, entropy_reduction_ratio, mutual_information",0.0,0.0,0.0,0.0,0.4369561040535751
perm_android.permission.MANAGE_DEVICE_ADMINS,0,0.08739122081071501,0.17478244162143003,681.1,63.90805895972745,"pearson_r, entropy_reduction_ratio, mutual_information",0.0,0.0,0.0,0.0,0.4369561040535751
intent_com.esbook.receiver.message,0,0.08739122081071501,0.17478244162143003,681.1,63.90805895972745,"pearson_r, entropy_reduction_ratio, mutual_information",0.0,0.0,0.0,0.0,0.4369561040535751
intent_com.qihoo.commonservice.SERVICE,0,0.08739122081071501,0.17478244162143003,681.1,63.90805895972745,"pearson_r, entropy_reduction_ratio, mutual_information",0.0,0.0,0.0,0.0,0.4369561040535751
intent_com.easou.eyou.START_EPAY_PROXY_ACTIVITY,0,0.08739122081071501,0.17478244162143003,681.1,63.90805895972745,"pearson_r, entropy_reduction_ratio, mutual_information",0.0,0.0,0.0,0.0,0.4369561040535751
intent_android.hardware.usb.action.USB_STATE,0,0.08739122081071501,0.17478244162143003,681.1,63.90805895972745,"pearson_r, entropy_reduction_ratio, mutual_information",0.0,0.0,0.0,0.0,0.4369561040535751
perm_android.permission.BAIDU_LOCATION_SERVICE,0,0.08739122081071501,0.17478244162143003,681.1,63.90805895972745,"pearson_r, entropy_reduction_ratio, mutual_information",0.0,0.0,0.0,0.0,0.4369561040535751
intent_show_cpuad,0,0.08739122081071501,0.17478244162143003,681.1,63.90805895972745,"pearson_r, entropy_reduction_ratio, mutual_information",0.0,0.0,0.0,0.0,0.4369561040535751
intent_aspire.iap.SMS_SEND_ACTIOIN,0,0.08739122081071501,0.17478244162143003,681.1,63.90805895972745,"pearson_r, entropy_reduction_ratio, mutual_information",0.0,0.0,0.0,0.0,0.4369561040535751
intent_com.igexin.sdk.action.64kVIzqls49c7TJxrBbWG4,0,0.08739122081071501,0.17478244162143003,681.1,63.90805895972745,"pearson_r, entropy_reduction_ratio, mutual_information",0.0,0.0,0.0,0.0,0.4369561040535751
intent_com.sogou.pushservice.action.METHOD,0,0.08739122081071501,0.17478244162143003,681.1,63.90805895972745,"pearson_r, entropy_reduction_ratio, mutual_information",0.0,0.0,0.0,0.0,0.4369561040535751
intent_show_lock,0,0.08739122081071501,0.17478244162143003,681.1,63.90805895972745,"pearson_r, entropy_reduction_ratio, mutual_information",0.0,0.0,0.0,0.0,0.4369561040535751
intent_com.yuetu.shentu.Intent.WECHAT_SHARE,0,0.08739122081071501,0.17478244162143003,681.1,63.90805895972745,"pearson_r, entropy_reduction_ratio, mutual_information",0.0,0.0,0.0,0.0,0.4369561040535751
intent_show_lock_forget_pwd,0,0.08739122081071501,0.17478244162143003,681.1,63.90805895972745,"pearson_r, entropy_reduction_ratio, mutual_information",0.0,0.0,0.0,0.0,0.4369561040535751
intent_com.baidu.action.Xshield.VIEW,0,0.08739122081071501,0.17478244162143003,681.1,63.90805895972745,"pearson_r, entropy_reduction_ratio, mutual_information",0.0,0.0,0.0,0.0,0.4369561040535751
intent_com.excelliance.dualaid.SHORTCUT_ALARM,0,0.08739122081071501,0.17478244162143003,681.1,63.90805895972745,"pearson_r, entropy_reduction_ratio, mutual_information",0.0,0.0,0.0,0.0,0.4369561040535751
perm_com.android.agedlauncher.permission.READ_SETTINGS,0,0.08739122081071501,0.17478244162143003,681.1,63.90805895972745,"pearson_r, entropy_reduction_ratio, mutual_information",0.0,0.0,0.0,0.0,0.4369561040535751
intent_com.excelliance.dualaid.action.appcrash,0,0.08739122081071501,0.17478244162143003,681.1,63.90805895972745,"pearson_r, entropy_reduction_ratio, mutual_information",0.0,0.0,0.0,0.0,0.4369561040535751
intent_com.example.servicejar.action.SHORTCUT_CLICKED,0,0.08739122081071501,0.17478244162143003,681.1,63.90805895972745,"pearson_r, entropy_reduction_ratio, mutual_information",0.0,0.0,0.0,0.0,0.4369561040535751
intent_com.example.servicejar.action.START_ASSIST,0,0.08739122081071501,0.17478244162143003,681.1,63.90805895972745,"pearson_r, entropy_reduction_ratio, mutual_information",0.0,0.0,0.0,0.0,0.4369561040535751
intent_com.example.servicejar.action.START_SPIRIT,0,0.08739122081071501,0.17478244162143003,681.1,63.90805895972745,"pearson_r, entropy_reduction_ratio, mutual_information",0.0,0.0,0.0,0.0,0.4369561040535751
perm_com.android.agedlauncher.permission.WRITE_SETTINGS,0,0.08739122081071501,0.17478244162143003,681.1,63.90805895972745,"pearson_r, entropy_reduction_ratio, mutual_information",0.0,0.0,0.0,0.0,0.4369561040535751
perm_android.permission.GET_DETAILED_TASKS,0,0.08739122081071501,0.17478244162143003,681.1,63.90805895972745,"pearson_r, entropy_reduction_ratio, mutual_information",0.0,0.0,0.0,0.0,0.4369561040535751
intent_com.excelliance.dualaid.action.psts,0,0.08739122081071501,0.17478244162143003,681.1,63.90805895972745,"pearson_r, entropy_reduction_ratio, mutual_information",0.0,0.0,0.0,0.0,0.4369561040535751
intent_android.intent.action.mainintentex,0,0.08739122081071501,0.17478244162143003,681.1,63.90805895972745,"pearson_r, entropy_reduction_ratio, mutual_information",0.0,0.0,0.0,0.0,0.4369561040535751
perm_android.Manifest.permission.READ_PHONE_NUMBERS,0,0.08739122081071501,0.17478244162143003,681.1,63.90805895972745,"pearson_r, entropy_reduction_ratio, mutual_information",0.0,0.0,0.0,0.0,0.4369561040535751
intent_show_moresetting,0,0.08739122081071501,0.17478244162143003,681.1,63.90805895972745,"pearson_r, entropy_reduction_ratio, mutual_information",0.0,0.0,0.0,0.0,0.4369561040535751
perm_android.Manifest.permission.READ_SMS,0,0.08739122081071501,0.17478244162143003,681.1,63.90805895972745,"pearson_r, entropy_reduction_ratio, mutual_information",0.0,0.0,0.0,0.0,0.4369561040535751
perm_com.android.permission.WRITE_APN_SETTINGS,0,0.08739122081071501,0.17478244162143003,681.1,63.90805895972745,"pearson_r, entropy_reduction_ratio, mutual_information",0.0,0.0,0.0,0.0,0.4369561040535751
intent_show_taskmanagerwhitelist,0,0.08739122081071501,0.17478244162143003,681.1,63.90805895972745,"pearson_r, entropy_reduction_ratio, mutual_information",0.0,0.0,0.0,0.0,0.4369561040535751
intent_safiap.framework.ACTION_TO_UPDATE,0,0.08739122081071501,0.17478244162143003,681.1,63.90805895972745,"pearson_r, entropy_reduction_ratio, mutual_information",0.0,0.0,0.0,0.0,0.4369561040535751
intent_android.intent.action.apservice,0,0.08739122081071501,0.17478244162143003,681.1,63.90805895972745,"pearson_r, entropy_reduction_ratio, mutual_information",0.0,0.0,0.0,0.0,0.4369561040535751
intent_com.meizu.c2dm.intent.RECEIVE,0,0.08739122081071501,0.17478244162143003,681.1,63.90805895972745,"pearson_r, entropy_reduction_ratio, mutual_information",0.0,0.0,0.0,0.0,0.4369561040535751
intent_com.meizu.c2dm.intent.REGISTRATION,0,0.08739122081071501,0.17478244162143003,681.1,63.90805895972745,"pearson_r, entropy_reduction_ratio, mutual_information",0.0,0.0,0.0,0.0,0.4369561040535751
intent_com.baidu.action.Techain.VIEW,0,0.08739122081071501,0.17478244162143003,681.1,63.90805895972745,"pearson_r, entropy_reduction_ratio, mutual_information",0.0,0.0,0.0,0.0,0.4369561040535751
intent_com.meizu.flyme.push.intent.MESSAGE,0,0.08739122081071501,0.17478244162143003,681.1,63.90805895972745,"pearson_r, entropy_reduction_ratio, mutual_information",0.0,0.0,0.0,0.0,0.4369561040535751
intent_com.meizu.flyme.push.intent.REGISTER.FEEDBACK,0,0.08739122081071501,0.17478244162143003,681.1,63.90805895972745,"pearson_r, entropy_reduction_ratio, mutual_information",0.0,0.0,0.0,0.0,0.4369561040535751
intent_com.meizu.flyme.push.intent.UNREGISTER.FEEDBACK,0,0.08739122081071501,0.17478244162143003,681.1,63.90805895972745,"pearson_r, entropy_reduction_ratio, mutual_information",0.0,0.0,0.0,0.0,0.4369561040535751
intent_android.intent.action.ACTION_PACKAGE_ADDED,0,0.08739122081071501,0.17478244162143003,681.1,63.90805895972745,"pearson_r, entropy_reduction_ratio, mutual_information",0.0,0.0,0.0,0.0,0.4369561040535751
intent_com.mobiletool.appstore.service.weatherservice,0,0.08739122081071501,0.17478244162143003,681.1,63.90805895972745,"pearson_r, entropy_reduction_ratio, mutual_information",0.0,0.0,0.0,0.0,0.4369561040535751
intent_com.mobiletool.appstore.service.weathernotifyreceiver,0,0.08739122081071501,0.17478244162143003,681.1,63.90805895972745,"pearson_r, entropy_reduction_ratio, mutual_information",0.0,0.0,0.0,0.0,0.4369561040535751
intent_com.Remind.launch.app,0,0.08739122081071501,0.17478244162143003,681.1,63.90805895972745,"pearson_r, entropy_reduction_ratio, mutual_information",0.0,0.0,0.0,0.0,0.4369561040535751
intent_com.Remind.alarm.repeat,0,0.08739122081071501,0.17478244162143003,681.1,63.90805895972745,"pearson_r, entropy_reduction_ratio, mutual_information",0.0,0.0,0.0,0.0,0.4369561040535751
intent_com.mobiletool.appstore.highspeed,0,0.08739122081071501,0.17478244162143003,681.1,63.90805895972745,"pearson_r, entropy_reduction_ratio, mutual_information",0.0,0.0,0.0,0.0,0.4369561040535751
intent_com.mobiletool.appstore.action.appdetail,0,0.08739122081071501,0.17478244162143003,681.1,63.90805895972745,"pearson_r, entropy_reduction_ratio, mutual_information",0.0,0.0,0.0,0.0,0.4369561040535751
intent_com.qihoo.sdkplugging.host.service.CommonHostProxyService,0,0.08739122081071501,0.17478244162143003,681.1,63.90805895972745,"pearson_r, entropy_reduction_ratio, mutual_information",0.0,0.0,0.0,0.0,0.4369561040535751
intent_com.mobiletool.appstore.action.download,0,0.08739122081071501,0.17478244162143003,681.1,63.90805895972745,"pearson_r, entropy_reduction_ratio, mutual_information",0.0,0.0,0.0,0.0,0.4369561040535751
intent_com.mobiletool.appstore.action.topicdetail,0,0.08739122081071501,0.17478244162143003,681.1,63.90805895972745,"pearson_r, entropy_reduction_ratio, mutual_information",0.0,0.0,0.0,0.0,0.4369561040535751
intent_android.intent.action.ACTION_MEDIA_EJECT,0,0.08739122081071501,0.17478244162143003,681.1,63.90805895972745,"pearson_r, entropy_reduction_ratio, mutual_information",0.0,0.0,0.0,0.0,0.4369561040535751
intent_com.esbook.receiver.CLICK_DOWN_BOOK,0,0.08739122081071501,0.17478244162143003,681.1,63.90805895972745,"pearson_r, entropy_reduction_ratio, mutual_information",0.0,0.0,0.0,0.0,0.4369561040535751
intent_org.agoo.android.intent.action.RE_ELECTION_V2,0,0.08739122081071501,0.17478244162143003,681.1,63.90805895972745,"pearson_r, entropy_reduction_ratio, mutual_information",0.0,0.0,0.0,0.0,0.4369561040535751
perm_android.permission.ACCESS_NETWORK_STATE,0,0.08739122081071501,0.17478244162143003,681.1,63.90805895972745,"pearson_r, entropy_reduction_ratio, mutual_information",0.0,0.0,0.0,0.0,0.4369561040535751
perm_com.android.broswer.permission.WRITE_HISTORY_BOOKMARKS,0,0.08739122081071501,0.17478244162143003,681.1,63.90805895972745,"pearson_r, entropy_reduction_ratio, mutual_information",0.0,0.0,0.0,0.0,0.4369561040535751
perm_android.permission.MODE_WORLD_READABLE,0,0.08739122081071501,0.17478244162143003,681.1,63.90805895972745,"pearson_r, entropy_reduction_ratio, mutual_information",0.0,0.0,0.0,0.0,0.4369561040535751
intent_com.kingroot.common.ACTION_NEW_APP_STARTED,0,0.08739122081071501,0.17478244162143003,681.1,63.90805895972745,"pearson_r, entropy_reduction_ratio, mutual_information",0.0,0.0,0.0,0.0,0.4369561040535751
intent_com.kingroot.kinguser.action.update,0,0.08739122081071501,0.17478244162143003,681.1,63.90805895972745,"pearson_r, entropy_reduction_ratio, mutual_information",0.0,0.0,0.0,0.0,0.4369561040535751
intent_com.qihoo.appstore.download_some_apk,0,0.08739122081071501,0.17478244162143003,681.1,63.90805895972745,"pearson_r, entropy_reduction_ratio, mutual_information",0.0,0.0,0.0,0.0,0.4369561040535751
intent_com.kingroot.common.ACTION_TOP_APP_CHANGED,0,0.08739122081071501,0.17478244162143003,681.1,63.90805895972745,"pearson_r, entropy_reduction_ratio, mutual_information",0.0,0.0,0.0,0.0,0.4369561040535751
intent_com.kingroot.common.ACTION_SWITCH_OUT_DESKTOP,0,0.08739122081071501,0.17478244162143003,681.1,63.90805895972745,"pearson_r, entropy_reduction_ratio, mutual_information",0.0,0.0,0.0,0.0,0.4369561040535751
intent_com.kingroot.common.ACTION_SWITCH_IN_DESKTOP,0,0.08739122081071501,0.17478244162143003,681.1,63.90805895972745,"pearson_r, entropy_reduction_ratio, mutual_information",0.0,0.0,0.0,0.0,0.4369561040535751
intent_com.kingroot.common.ACTION_NOTIFY_OUT_SELF_APP_BY_MAIN,0,0.08739122081071501,0.17478244162143003,681.1,63.90805895972745,"pearson_r, entropy_reduction_ratio, mutual_information",0.0,0.0,0.0,0.0,0.4369561040535751
intent_com.onesignal.NotificationExtender,0,0.08739122081071501,0.17478244162143003,681.1,63.90805895972745,"pearson_r, entropy_reduction_ratio, mutual_information",0.0,0.0,0.0,0.0,0.4369561040535751
intent_org.agoo.android.intent.action.PING,0,0.08739122081071501,0.17478244162143003,681.1,63.90805895972745,"pearson_r, entropy_reduction_ratio, mutual_information",0.0,0.0,0.0,0.0,0.4369561040535751
intent_org.agoo.android.intent.action.ELECTION_V2,0,0.08739122081071501,0.17478244162143003,681.1,63.90805895972745,"pearson_r, entropy_reduction_ratio, mutual_information",0.0,0.0,0.0,0.0,0.4369561040535751
perm_qiku.permission.ACCESS_QKPARAMS,0,0.08739122081071501,0.17478244162143003,681.1,63.90805895972745,"pearson_r, entropy_reduction_ratio, mutual_information",0.0,0.0,0.0,0.0,0.4369561040535751
intent_com.excelliance.open.action.apkverchk,0,0.08739122081071501,0.17478244162143003,681.1,63.90805895972745,"pearson_r, entropy_reduction_ratio, mutual_information",0.0,0.0,0.0,0.0,0.4369561040535751
intent_com.excelliance.open.NEXT_CHAPTER,0,0.08739122081071501,0.17478244162143003,681.1,63.90805895972745,"pearson_r, entropy_reduction_ratio, mutual_information",0.0,0.0,0.0,0.0,0.4369561040535751
intent_android.intent.action.CONFIGURATION_CHANGED,0,0.08739122081071501,0.17478244162143003,681.1,63.90805895972745,"pearson_r, entropy_reduction_ratio, mutual_information",0.0,0.0,0.0,0.0,0.4369561040535751
intent_com.sogou.passport.service.upload,0,0.08739122081071501,0.17478244162143003,681.1,63.90805895972745,"pearson_r, entropy_reduction_ratio, mutual_information",0.0,0.0,0.0,0.0,0.4369561040535751
intent_com.sogou.androidtool.action.main,0,0.08739122081071501,0.17478244162143003,681.1,63.90805895972745,"pearson_r, entropy_reduction_ratio, mutual_information",0.0,0.0,0.0,0.0,0.4369561040535751
perm_com.kingroot.kinguser.permission.activityCalled,0,0.08739122081071501,0.17478244162143003,681.1,63.90805895972745,"pearson_r, entropy_reduction_ratio, mutual_information",0.0,0.0,0.0,0.0,0.4369561040535751
intent_com.chance.service,0,0.08739122081071501,0.17478244162143003,681.1,63.90805895972745,"pearson_r, entropy_reduction_ratio, mutual_information",0.0,0.0,0.0,0.0,0.4369561040535751
intent_com.sogou.androidtool.action.sdk,0,0.08739122081071501,0.17478244162143003,681.1,63.90805895972745,"pearson_r, entropy_reduction_ratio, mutual_information",0.0,0.0,0.0,0.0,0.4369561040535751
intent_com.sogou.androidtool.action.BackgroundService,0,0.08739122081071501,0.17478244162143003,681.1,63.90805895972745,"pearson_r, entropy_reduction_ratio, mutual_information",0.0,0.0,0.0,0.0,0.4369561040535751
intent_com.kingroot.master.action.NOTIFY_STATISTIC,0,0.08739122081071501,0.17478244162143003,681.1,63.90805895972745,"pearson_r, entropy_reduction_ratio, mutual_information",0.0,0.0,0.0,0.0,0.4369561040535751
intent_com.kingroot.master.action.NAIN_EXIT_NOTIFY,0,0.08739122081071501,0.17478244162143003,681.1,63.90805895972745,"pearson_r, entropy_reduction_ratio, mutual_information",0.0,0.0,0.0,0.0,0.4369561040535751
intent_com.kingroot.master.action.MAIN_EXIT_CHECK,0,0.08739122081071501,0.17478244162143003,681.1,63.90805895972745,"pearson_r, entropy_reduction_ratio, mutual_information",0.0,0.0,0.0,0.0,0.4369561040535751
intent_com.sogou.androidtool.action.service,0,0.08739122081071501,0.17478244162143003,681.1,63.90805895972745,"pearson_r, entropy_reduction_ratio, mutual_information",0.0,0.0,0.0,0.0,0.4369561040535751
intent_com.sogou.androidtool.service.weathernotifyreceiver,0,0.08739122081071501,0.17478244162143003,681.1,63.90805895972745,"pearson_r, entropy_reduction_ratio, mutual_information",0.0,0.0,0.0,0.0,0.4369561040535751
intent_qihu360.intent.action.EXPORT_STAT,0,0.08739122081071501,0.17478244162143003,681.1,63.90805895972745,"pearson_r, entropy_reduction_ratio, mutual_information",0.0,0.0,0.0,0.0,0.4369561040535751
perm_com.qihoo360.mobilesafe.news.permission.NEWS_SDK_BROADCAST,0,0.08739122081071501,0.17478244162143003,681.1,63.90805895972745,"pearson_r, entropy_reduction_ratio, mutual_information",0.0,0.0,0.0,0.0,0.4369561040535751
intent_com.qihoo.appstore.ACTION_CHECK_PHOTOS,0,0.08739122081071501,0.17478244162143003,681.1,63.90805895972745,"pearson_r, entropy_reduction_ratio, mutual_information",0.0,0.0,0.0,0.0,0.4369561040535751
intent_com.qihoo.appstore.ACTION_CHARGE_SHOW_TIPS_DLG,0,0.08739122081071501,0.17478244162143003,681.1,63.90805895972745,"pearson_r, entropy_reduction_ratio, mutual_information",0.0,0.0,0.0,0.0,0.4369561040535751
intent_com.secneo.plugin.action.APP_STARTED,0,0.08739122081071501,0.17478244162143003,681.1,63.90805895972745,"pearson_r, entropy_reduction_ratio, mutual_information",0.0,0.0,0.0,0.0,0.4369561040535751
intent_com.secneo.plugin.action.DAILY,0,0.08739122081071501,0.17478244162143003,681.1,63.90805895972745,"pearson_r, entropy_reduction_ratio, mutual_information",0.0,0.0,0.0,0.0,0.4369561040535751
intent_com.secneo.plugin.action.HOURLY,0,0.08739122081071501,0.17478244162143003,681.1,63.90805895972745,"pearson_r, entropy_reduction_ratio, mutual_information",0.0,0.0,0.0,0.0,0.4369561040535751
intent_com.secneo.proxy.action.CUSTOM,0,0.08739122081071501,0.17478244162143003,681.1,63.90805895972745,"pearson_r, entropy_reduction_ratio, mutual_information",0.0,0.0,0.0,0.0,0.4369561040535751
intent_com.sogou.androidtool.highspeed,0,0.08739122081071501,0.17478244162143003,681.1,63.90805895972745,"pearson_r, entropy_reduction_ratio, mutual_information",0.0,0.0,0.0,0.0,0.4369561040535751
intent_com.qihoo.appstore.launcher.shortcut.VIDEOWALLPAPER,0,0.08739122081071501,0.17478244162143003,681.1,63.90805895972745,"pearson_r, entropy_reduction_ratio, mutual_information",0.0,0.0,0.0,0.0,0.4369561040535751
intent_com.sogou.androidtool.action.update,0,0.08739122081071501,0.17478244162143003,681.1,63.90805895972745,"pearson_r, entropy_reduction_ratio, mutual_information",0.0,0.0,0.0,0.0,0.4369561040535751
intent_com.sogou.androidtool.browser.highspeed,0,0.08739122081071501,0.17478244162143003,681.1,63.90805895972745,"pearson_r, entropy_reduction_ratio, mutual_information",0.0,0.0,0.0,0.0,0.4369561040535751
intent_com.qihoo.appstore.launcher.shortcut.HAOWU,0,0.08739122081071501,0.17478244162143003,681.1,63.90805895972745,"pearson_r, entropy_reduction_ratio, mutual_information",0.0,0.0,0.0,0.0,0.4369561040535751
intent_com.qihoo.appstore.ACTION_LOCK_SCREEN_AD_STATE_CHANGE,0,0.08739122081071501,0.17478244162143003,681.1,63.90805895972745,"pearson_r, entropy_reduction_ratio, mutual_information",0.0,0.0,0.0,0.0,0.4369561040535751
intent_com.qihoo360.daemon.pcdaemon.ACTION_START_FROM_NOTIFICATION,0,0.08739122081071501,0.17478244162143003,681.1,63.90805895972745,"pearson_r, entropy_reduction_ratio, mutual_information",0.0,0.0,0.0,0.0,0.4369561040535751
intent_com.qihoo.appstore.push.PushNotifyCancelReceiver.ACTION_INTENT_CANCEL,0,0.08739122081071501,0.17478244162143003,681.1,63.90805895972745,"pearson_r, entropy_reduction_ratio, mutual_information",0.0,0.0,0.0,0.0,0.4369561040535751
intent_com.sogou.androidtool.service.weatherservice,0,0.08739122081071501,0.17478244162143003,681.1,63.90805895972745,"pearson_r, entropy_reduction_ratio, mutual_information",0.0,0.0,0.0,0.0,0.4369561040535751
perm_com.huaqin.launcherEx.permission.WRITE_SETTINGS,0,0.08739122081071501,0.17478244162143003,681.1,63.90805895972745,"pearson_r, entropy_reduction_ratio, mutual_information",0.0,0.0,0.0,0.0,0.4369561040535751
intent_android.provider.Telephony.SMS_RECEIVED2,0,0.08739122081071501,0.17478244162143003,681.1,63.90805895972745,"pearson_r, entropy_reduction_ratio, mutual_information",0.0,0.0,0.0,0.0,0.4369561040535751
perm_android.permission.CHANGE_COMPONENT_ENABLED_STATE,0,0.08739122081071501,0.17478244162143003,681.1,63.90805895972745,"pearson_r, entropy_reduction_ratio, mutual_information",0.0,0.0,0.0,0.0,0.4369561040535751
intent_com.kingroot.kinguser.service.IKCommonManagerInterface,0,0.08739122081071501,0.17478244162143003,681.1,63.90805895972745,"pearson_r, entropy_reduction_ratio, mutual_information",0.0,0.0,0.0,0.0,0.4369561040535751
intent_com.excelliance.dualaid.action.process.64,0,0.08739122081071501,0.17478244162143003,681.1,63.90805895972745,"pearson_r, entropy_reduction_ratio, mutual_information",0.0,0.0,0.0,0.0,0.4369561040535751
intent_com.kinguser.kingroot.ACTION_INSTALL,0,0.08739122081071501,0.17478244162143003,681.1,63.90805895972745,"pearson_r, entropy_reduction_ratio, mutual_information",0.0,0.0,0.0,0.0,0.4369561040535751
perm_ANDROID.PERMISSION.SEND_SMS,0,0.08739122081071501,0.17478244162143003,681.1,63.90805895972745,"pearson_r, entropy_reduction_ratio, mutual_information",0.0,0.0,0.0,0.0,0.4369561040535751
intent_com.kingroot.kinguser.ANTILOG_DELETE,0,0.08739122081071501,0.17478244162143003,681.1,63.90805895972745,"pearson_r, entropy_reduction_ratio, mutual_information",0.0,0.0,0.0,0.0,0.4369561040535751
intent_com.kingroot.kinguser.gamebox.ACTION_GAME_DELETED,0,0.08739122081071501,0.17478244162143003,681.1,63.90805895972745,"pearson_r, entropy_reduction_ratio, mutual_information",0.0,0.0,0.0,0.0,0.4369561040535751
perm_com.lenovo.launcherhdmarket.permission.WRITE_SETTINGS,0,0.08739122081071501,0.17478244162143003,681.1,63.90805895972745,"pearson_r, entropy_reduction_ratio, mutual_information",0.0,0.0,0.0,0.0,0.4369561040535751
intent_qcast.service.Link_service,0,0.08739122081071501,0.17478244162143003,681.1,63.90805895972745,"pearson_r, entropy_reduction_ratio, mutual_information",0.0,0.0,0.0,0.0,0.4369561040535751
intent_com.punchbox.service,0,0.08739122081071501,0.17478244162143003,681.1,63.90805895972745,"pearson_r, entropy_reduction_ratio, mutual_information",0.0,0.0,0.0,0.0,0.4369561040535751
intent_android.intent.action.USER_CLEARNOTIFY,0,0.08739122081071501,0.17478244162143003,681.1,63.90805895972745,"pearson_r, entropy_reduction_ratio, mutual_information",0.0,0.0,0.0,0.0,0.4369561040535751
intent_com.ez.sj,0,0.08739122081071501,0.17478244162143003,681.1,63.90805895972745,"pearson_r, entropy_reduction_ratio, mutual_information",0.0,0.0,0.0,0.0,0.4369561040535751
intent_android.intent.action.CHECK_RECEIVER,0,0.08739122081071501,0.17478244162143003,681.1,63.90805895972745,"pearson_r, entropy_reduction_ratio, mutual_information",0.0,0.0,0.0,0.0,0.4369561040535751
perm_com.lenovo.launcherhdmarket.permission.READ_SETTINGS,0,0.08739122081071501,0.17478244162143003,681.1,63.90805895972745,"pearson_r, entropy_reduction_ratio, mutual_information",0.0,0.0,0.0,0.0,0.4369561040535751
intent_com.meizu.cloud.pushservice.action.PUSH_SERVICE_START,0,0.08739122081071501,0.17478244162143003,681.1,63.90805895972745,"pearson_r, entropy_reduction_ratio, mutual_information",0.0,0.0,0.0,0.0,0.4369561040535751
intent_android.fbreader.action.CLOSE,0,0.08739122081071501,0.17478244162143003,681.1,63.90805895972745,"pearson_r, entropy_reduction_ratio, mutual_information",0.0,0.0,0.0,0.0,0.4369561040535751
intent_android.fbreader.action.PLUGIN_CRASH,0,0.08739122081071501,0.17478244162143003,681.1,63.90805895972745,"pearson_r, entropy_reduction_ratio, mutual_information",0.0,0.0,0.0,0.0,0.4369561040535751
intent_com.excelliance.open.action.startNextChapter,0,0.08739122081071501,0.17478244162143003,681.1,63.90805895972745,"pearson_r, entropy_reduction_ratio, mutual_information",0.0,0.0,0.0,0.0,0.4369561040535751
intent_wifi.intent.action.SDK_RESULT,0,0.08739122081071501,0.17478244162143003,681.1,63.90805895972745,"pearson_r, entropy_reduction_ratio, mutual_information",0.0,0.0,0.0,0.0,0.4369561040535751
intent_com.android.utils.hades.ACTION_UPDATE_COMMON_RES,0,0.08739122081071501,0.17478244162143003,681.1,63.90805895972745,"pearson_r, entropy_reduction_ratio, mutual_information",0.0,0.0,0.0,0.0,0.4369561040535751
intent_com.android.utils.hades.ACTION_INIT_COMMON_RES,0,0.08739122081071501,0.17478244162143003,681.1,63.90805895972745,"pearson_r, entropy_reduction_ratio, mutual_information",0.0,0.0,0.0,0.0,0.4369561040535751
intent_com.excelliance.kxqp.action.time,0,0.08739122081071501,0.17478244162143003,681.1,63.90805895972745,"pearson_r, entropy_reduction_ratio, mutual_information",0.0,0.0,0.0,0.0,0.4369561040535751
intent_com.excelliance.kxqp.action.explore,0,0.08739122081071501,0.17478244162143003,681.1,63.90805895972745,"pearson_r, entropy_reduction_ratio, mutual_information",0.0,0.0,0.0,0.0,0.4369561040535751
intent_com.excelliance.kxqp.action.launcher,0,0.08739122081071501,0.17478244162143003,681.1,63.90805895972745,"pearson_r, entropy_reduction_ratio, mutual_information",0.0,0.0,0.0,0.0,0.4369561040535751
intent_com.telecom.sdk_auth_ui.SMS_CODE_SEND_ACTIOIN,0,0.08739122081071501,0.17478244162143003,681.1,63.90805895972745,"pearson_r, entropy_reduction_ratio, mutual_information",0.0,0.0,0.0,0.0,0.4369561040535751
perm_ANDROID.PERMISSION.WRITE_APN_SETTINGS,0,0.08739122081071501,0.17478244162143003,681.1,63.90805895972745,"pearson_r, entropy_reduction_ratio, mutual_information",0.0,0.0,0.0,0.0,0.4369561040535751
intent_com.excelliance.kxqp.action.navback,0,0.08739122081071501,0.17478244162143003,681.1,63.90805895972745,"pearson_r, entropy_reduction_ratio, mutual_information",0.0,0.0,0.0,0.0,0.4369561040535751
intent_com.telecom.sdk_auth_ui.SMS_SEND_ACTIOIN,0,0.08739122081071501,0.17478244162143003,681.1,63.90805895972745,"pearson_r, entropy_reduction_ratio, mutual_information",0.0,0.0,0.0,0.0,0.4369561040535751
perm_cn.nubia.launcher.permission.WRITE_SETTINGS,0,0.08739122081071501,0.17478244162143003,681.1,63.90805895972745,"pearson_r, entropy_reduction_ratio, mutual_information",0.0,0.0,0.0,0.0,0.4369561040535751
intent_com.alimama.mobile.sdk.download.action,0,0.08739122081071501,0.17478244162143003,681.1,63.90805895972745,"pearson_r, entropy_reduction_ratio, mutual_information",0.0,0.0,0.0,0.0,0.4369561040535751
intent_com.mobutils.android.mediation.MaterialNotificationReceiver.ACTION_AD_EXPIRES,0,0.08739122081071501,0.17478244162143003,681.1,63.90805895972745,"pearson_r, entropy_reduction_ratio, mutual_information",0.0,0.0,0.0,0.0,0.4369561040535751
perm_com.smartisanos.launcher.WRITE_DATABASE,0,0.08739122081071501,0.17478244162143003,681.1,63.90805895972745,"pearson_r, entropy_reduction_ratio, mutual_information",0.0,0.0,0.0,0.0,0.4369561040535751
perm_com.s.launcher.permission.WRITE_SETTINGS,0,0.08739122081071501,0.17478244162143003,681.1,63.90805895972745,"pearson_r, entropy_reduction_ratio, mutual_information",0.0,0.0,0.0,0.0,0.4369561040535751
intent_com.smartdialer.voip.action.STATE_RINGING,0,0.08739122081071501,0.17478244162143003,681.1,63.90805895972745,"pearson_r, entropy_reduction_ratio, mutual_information",0.0,0.0,0.0,0.0,0.4369561040535751
perm_com.oppo.launcher.permission.WRITE_SETTINGS,0,0.08659146876011856,0.11814579103021973,389.6,313.7735489170494,"pearson_r, entropy_reduction_ratio, f_stat",0.046587123826730054,0.014642547274967449,0.02221957424316369,0.02757028181245102,0.3219378166432805
perm_android.permission.READ_PROFILE,0,0.08566657781791659,0.17106269607086383,547.1,245.77436806957718,"pearson_r, entropy_reduction_ratio, f_stat",0.00022266687450223725,0.0,0.0001457961312913608,0.00017248819680377363,0.42779193788698555
intent_android.intent.action.DOWNLOAD_NOTIFICATION_CLICKED,0,0.08512197773778492,0.11843289325733047,392.6,310.97305349499334,"pearson_r, entropy_reduction_ratio, f_stat",0.040102408563311,0.015071391613028097,0.021200977223250664,0.027830135262536006,0.3214049760267988
perm_com.sec.android.provider.badge.permission.READ,0,0.08438206958427619,0.11611942611508709,392.6,330.2269522616226,"pearson_r, entropy_reduction_ratio, f_stat",0.049977294384739995,0.001354863047665237,0.02475116346868363,0.031297974226286565,0.3145290527940055
perm_android.permission.VIBRATE,0,0.08433644409992683,0.13202497248335907,419.4,277.67794294830117,"pearson_r, mutual_information, entropy_reduction_ratio",0.02034226150402067,0.03133983126762958,0.00568400655109627,0.016440337967840724,0.3478757832090469
perm_android.permission.READ_APP_BADGE,0,0.08416020929764065,0.11829348030530104,439.5,360.814633849571,"pearson_r, entropy_reduction_ratio, f_stat",0.04949997950385652,0.0,0.023464853137333645,0.02920187006069753,0.3186343437863155
perm_android.permission.WRITE_SECURE_SETTINGS,0,0.0840484957223036,0.16302090651350182,486.0,231.31969220107484,"pearson_r, mutual_information, entropy_reduction_ratio",0.0031422842427621645,0.00426145380069402,0.0012715541485116787,0.001484299634188815,0.41008288678536137
intent_android.intent.action.QUICKBOOT_POWERON,0,0.08358766422805304,0.11581272144754974,438.3,363.02088094212985,"pearson_r, entropy_reduction_ratio, f_stat",0.04805353369864548,0.0,0.024724504962259974,0.032029142036942,0.31313114044241774
perm_android.permission.WRITE_APN_SETTINGS,0,0.08319620496216482,0.1634463981734084,533.9,261.4166023801855,"pearson_r, entropy_reduction_ratio, f_stat",0.0031422842427621645,0.0,0.0012715541485116787,0.001484299634188815,0.41008288678536137
perm_com.htc.launcher.permission.WRITE_SETTINGS,0,0.08319620496216482,0.1634463981734084,533.9,261.4166023801855,"pearson_r, entropy_reduction_ratio, f_stat",0.0031422842427621645,0.0,0.0012715541485116787,0.001484299634188815,0.41008288678536137
intent_android.net.VpnService,0,0.08319620496216482,0.1634463981734084,533.9,261.4166023801855,"pearson_r, entropy_reduction_ratio, f_stat",0.0031422842427621645,0.0,0.0012715541485116787,0.001484299634188815,0.41008288678536137
intent_,0,0.08319620496216482,0.1634463981734084,533.9,261.4166023801855,"pearson_r, entropy_reduction_ratio, f_stat",0.0031422842427621645,0.0,0.0012715541485116787,0.001484299634188815,0.41008288678536137
intent_android.intent.action.SEND,0,0.0830059415818551,0.16382912362296717,539.1,254.71599871229134,"pearson_r, entropy_reduction_ratio, f_stat",0.001836809977401353,0.0,0.0011100068780842652,0.0014209677039119994,0.4106619233498779
intent_com.urbanairship.actions.SHOW_LANDING_PAGE_INTENT_ACTION,0,0.08268365809803967,0.13458556867479154,426.2,294.41936077642714,"pearson_r, entropy_reduction_ratio, f_stat",0.03176422365628321,0.0025130104014925774,0.012715541485116787,0.015226868279456665,0.3511986466678491
intent_com.urbanairship.push.DISMISSED,0,0.08251371399256184,0.13911499235593827,429.8,288.0738794129034,"pearson_r, entropy_reduction_ratio, f_stat",0.025349998470062172,0.004525890189260609,0.01017243318809343,0.012111884982742474,0.3604083631326505
intent_com.amazon.device.messaging.intent.REGISTRATION,0,0.08248371085351126,0.15030676374295446,457.0,260.7650283301041,"pearson_r, entropy_reduction_ratio, f_stat",0.012614213856394737,0.005683234855743789,0.005086216594046715,0.005987514029636507,0.3830473749317346
perm_com.android.vending.CHECK_LICENSE,0,0.08242051368153218,0.16165761449644347,530.9,266.8011244354116,"pearson_r, entropy_reduction_ratio, f_stat",0.002698569514831729,0.0,0.001668583751716872,0.002004540831634514,0.4057308743094778
intent_com.urbanairship.push.OPENED,0,0.08218105601774114,0.1348883745900433,472.9,327.20427870063065,"pearson_r, entropy_reduction_ratio, f_stat",0.03176422365628321,0.0,0.012715541485116787,0.015226868279456665,0.3511986466678491
perm_android.permission.SEND_DOWNLOAD_COMPLETED_INTENTS,0,0.08214512027488531,0.1583968398171032,521.7,275.56480181619713,"pearson_r, entropy_reduction_ratio, f_stat",0.0062920571786677796,0.0,0.0025431082970233574,0.0029769381312181064,0.3989134977675173
perm_android.permission.CAMERA,0,0.08193611518272496,0.12119583863411187,409.0,305.05737165326786,"pearson_r, entropy_reduction_ratio, f_stat",0.0343384311108469,0.009710818092475225,0.01520335331712002,0.02671257372718388,0.3237153996659988
perm_android.permission.WRITE_OWNER_DATA,0,0.0816117541862927,0.15438178698704977,514.1,284.4011954967841,"pearson_r, entropy_reduction_ratio, f_stat",0.009449354923256834,0.0,0.003814662445535036,0.0044779866269905495,0.39031676693568107
perm_com.samsung.android.providers.context.permission.WRITE_USE_APP_FEATURE_SURVEY,0,0.0816117541862927,0.15438178698704977,514.1,284.4011954967841,"pearson_r, entropy_reduction_ratio, f_stat",0.009449354923256834,0.0,0.003814662445535036,0.0044779866269905495,0.39031676693568107
intent_io.intercom.android.sdk.INTERCOM_PUSH_OPENED,0,0.0816117541862927,0.15438178698704977,514.1,284.4011954967841,"pearson_r, entropy_reduction_ratio, f_stat",0.009449354923256834,0.0,0.003814662445535036,0.0044779866269905495,0.39031676693568107
perm_android.permission.READ_INTERNAL_STORAGE,0,0.08160853595470971,0.13963324897017496,477.9,321.2896512494606,"pearson_r, entropy_reduction_ratio, f_stat",0.025349998470062172,0.0,0.01017243318809343,0.012111884982742474,0.3604083631326505
intent_com.urbanairship.push.CHANNEL_UPDATED,0,0.08160853595470971,0.13963324897017496,477.9,321.2896512494606,"pearson_r, entropy_reduction_ratio, f_stat",0.025349998470062172,0.0,0.01017243318809343,0.012111884982742474,0.3604083631326505
intent_android.intent.action.DOWNLOAD_COMPLETE,0,0.08144773725528397,0.1579863201126839,523.7,274.84169989286556,"pearson_r, entropy_reduction_ratio, f_stat",0.0041846049962284,0.0,0.0024282539052448097,0.0032176041062545024,0.39740822326869213
perm_android.permission.ACCESS_GPS,0,0.08128530736445112,0.14488221898280637,497.1,302.79009230818633,"pearson_r, entropy_reduction_ratio, f_stat",0.01896676214507738,0.0,0.007629324891070072,0.009032302956438261,0.3707981468296699
perm_android.permission.READ_SYNC_SETTINGS,0,0.08125469993197543,0.14776980446112165,504.7,294.5691090389486,"pearson_r, entropy_reduction_ratio, f_stat",0.015786670624877923,0.0,0.006357770742558394,0.007505595568060258,0.3766234627243806
perm_android.permission.FLASHLIGHT,0,0.08086202330241442,0.12443539195215689,458.5,342.35507882898423,"pearson_r, entropy_reduction_ratio, f_stat",0.033431460891438995,0.0,0.017759309279692114,0.024351795761511592,0.3287675505794294
intent_android.intent.action.SEARCH,0,0.08046562904032545,0.13008848360054612,465.3,335.10052223176257,"pearson_r, entropy_reduction_ratio, f_stat",0.027689584437451422,0.0,0.015119503678856722,0.019499791817941415,0.3400192652673777
perm_android.permission.READ_CALENDAR,0,0.08037537041067967,0.1477327169069576,505.7,294.30147807987646,"pearson_r, entropy_reduction_ratio, f_stat",0.01194214457759429,0.0,0.006465684645335546,0.0077275639424501125,0.3757414588880184
perm_android.permission.SET_WALLPAPER,0,0.08037537041067967,0.1477327169069576,505.7,294.30147807987646,"pearson_r, entropy_reduction_ratio, f_stat",0.01194214457759429,0.0,0.006465684645335546,0.0077275639424501125,0.3757414588880184
perm_android.permission.WRITE_CALENDAR,0,0.0802954591743659,0.14514590449355463,500.9,300.1540271260741,"pearson_r, entropy_reduction_ratio, f_stat",0.014286512635235019,0.0,0.007617805819566661,0.0091300277460332,0.37044294967099456
intent_com.google.vr.vrcore.ACTION_NONE,0,0.08012288739289161,0.14723017628677193,510.3,291.08926465948554,"pearson_r, entropy_reduction_ratio, f_stat",0.011481846663912014,0.0,0.006595311053352424,0.008048425768229707,0.3744888534789639
perm_android.permission.USE_CREDENTIALS,0,0.07972841678305556,0.1383367633791833,483.3,317.83385596880646,"pearson_r, entropy_reduction_ratio, f_stat",0.018577059577408038,0.0,0.010417949164662503,0.013512005830258729,0.3561350693429486
