feature,method_count,aggregated_score,score_std,rank_mean,rank_std,top_methods,entropy_reduction_ratio,mutual_information,chi2_stat,f_stat,pearson_r
suspicious_sendTextMessage,5,0.6640172054417512,0.14830801810898273,6.4,5.817215828899594,"pearson_r, entropy_reduction_ratio, chi2_stat",0.819678331253,0.5497676113454821,0.5656715122558553,0.5172696169887085,0.8676989553657101
suspicious_getSubscriberId,5,0.6081233265729447,0.22676232233938504,5.0,1.6733200530681511,"entropy_reduction_ratio, pearson_r, mutual_information",0.8996708864535969,0.6523585729065133,0.36137231884719245,0.334151955517204,0.7930628991402165
perm_android.permission.WRITE_SMS,4,0.808165988549878,0.27240004779863747,18.4,30.88753794008192,"chi2_stat, f_stat, pearson_r",0.7383676848077451,0.30246225794164516,1.0,1.0,1.0
intent_com.igexin.sdk.action.refreshls,4,0.8068410200527104,0.27486158558570184,19.4,32.88221403737893,"chi2_stat, f_stat, pearson_r",0.7383676848077451,0.29583741545580655,1.0,1.0,1.0
perm_android.permission.RECEIVE_USER_PRESENT,4,0.38653603255822777,0.2521325317196223,152.3,290.1216296659041,"pearson_r, entropy_reduction_ratio, chi2_stat",0.4417854522616301,0.0,0.3783064613138323,0.32425089648234545,0.7883373527333312
perm_android.permission.READ_LOGS,4,0.349498980576507,0.22395457921783227,16.0,5.059644256269407,"pearson_r, mutual_information, entropy_reduction_ratio",0.2684970199010598,0.5739659103506913,0.13751671291668224,0.1130661489563675,0.6544491107577342
perm_android.permission.ACCESS_WIFI_STATE,4,0.31904487549230726,0.24243298612911923,32.2,29.198630104852523,"pearson_r, entropy_reduction_ratio, mutual_information",0.5841137173054675,0.28493819463194325,0.04512135605603206,0.06989012322497838,0.6111609862431151
intent_android.intent.action.USER_PRESENT,4,0.29269396915587687,0.23616527986107919,155.7,288.4298181533941,"pearson_r, entropy_reduction_ratio, chi2_stat",0.3444174317325798,0.0,0.2232610616348862,0.18566576514619218,0.7101255872657263
perm_android.permission.READ_SMS,4,0.29269396915587687,0.23616527986107919,155.7,288.4298181533941,"pearson_r, entropy_reduction_ratio, chi2_stat",0.3444174317325798,0.0,0.2232610616348862,0.18566576514619218,0.7101255872657263
perm_android.permission.SEND_SMS,4,0.2905468627839639,0.20200542156074927,54.0,81.14924522138206,"pearson_r, entropy_reduction_ratio, chi2_stat",0.3018711442517492,0.15907810764177427,0.1717472550719468,0.14172969854809814,0.678308108406251
suspicious_system/bin/su,4,0.2844396740430725,0.1993671985556923,39.6,47.718340289662216,"pearson_r, entropy_reduction_ratio, mutual_information",0.34726469930512627,0.22904246687087818,0.10974191864710077,0.09677071420035357,0.6393785711919038
perm_android.permission.READ_PHONE_STATE,4,0.2825108638932702,0.2100814248834649,38.8,44.61120935370392,"pearson_r, entropy_reduction_ratio, mutual_information",0.413747378917855,0.23654885968914635,0.06788197657434863,0.07616807126685957,0.6182080330181413
perm_android.permission.RECEIVE_SMS,4,0.24579595775307075,0.22851009946382497,158.7,286.9448727543324,"pearson_r, entropy_reduction_ratio, chi2_stat",0.28427643411098125,0.0,0.15306077813907135,0.12603163431193556,0.6656109422033656
perm_com.google.android.c2dm.permission.RECEIVE,3,0.32457702371223907,0.2576145126590539,212.0,393.6074186292733,"mutual_information, entropy_reduction_ratio, pearson_r",0.524859370252763,0.7170057100753171,0.02552861569546056,0.12693196076121216,0.22855946177644257
intent_android.accessibilityservice.AccessibilityService,3,0.2823848390274185,0.23395798442087729,98.3,172.5579902525525,"pearson_r, entropy_reduction_ratio, chi2_stat",0.24137501436621456,0.012343615940641508,0.24091902721491945,0.1986200556131529,0.7186664820021644
intent_android.intent.action.PACKAGE_INSTALL,3,0.2799161158392902,0.23684178455113772,156.4,288.17050508336206,"pearson_r, entropy_reduction_ratio, chi2_stat",0.24137501436621456,0.0,0.24091902721491945,0.1986200556131529,0.7186664820021643
intent_android.service.notification.NotificationListenerService,3,0.22820990688348278,0.2279837509191869,160.1,286.2929269122798,"pearson_r, entropy_reduction_ratio, chi2_stat",0.196113934679241,0.0,0.1546706985065877,0.12528179376688317,0.664983107464702
intent_android.net.conn.CONNECTIVITY_CHANGE,3,0.20631429631108747,0.22108471163911184,161.9,285.32900308240664,"pearson_r, entropy_reduction_ratio, chi2_stat",0.2546200620629056,0.0,0.08696344918976463,0.07408396703348766,0.6159040032692794
perm_android.permission.BROADCAST_STICKY,3,0.18212811742230792,0.21888039799009004,164.5,284.0749900994454,"pearson_r, entropy_reduction_ratio, chi2_stat",0.14612966787115014,0.0,0.0858736275359734,0.06876924896117917,0.6098680427432369
perm_android.permission.CHANGE_NETWORK_STATE,3,0.17656986493921142,0.21474538613794142,165.3,283.64618805829207,"pearson_r, entropy_reduction_ratio, chi2_stat",0.17330880544105565,0.0,0.06495751971131616,0.05353189780374024,0.591051101739945
n_permissions,2,0.3640324303984197,0.30862115798170053,37.6,23.096320053203282,"entropy_reduction_ratio, mutual_information, pearson_r",0.7751676906854372,0.5487799589529814,0.005737953938411591,0.003916694920136882,0.48655985349513137
suspicious_Base64,2,0.33170437982996204,0.2716649204606989,221.8,389.69649728987815,"f_stat, entropy_reduction_ratio, mutual_information",0.569175720864313,0.48733590180703995,0.003950720554385585,0.5980595559240718,0.0
n_services,2,0.3221033290025989,0.24187485733764322,217.2,388.5765818986007,"entropy_reduction_ratio, mutual_information, pearson_r",0.7280988003927753,0.41109921861015614,0.11172919735994954,0.04749981076321662,0.3120896178868972
intent_com.google.firebase.INSTANCE_ID_EVENT,2,0.2343085262842922,0.16650418284450885,221.6,387.23099049533727,"mutual_information, entropy_reduction_ratio, pearson_r",0.3347525105214962,0.449198146696723,0.02861263626317695,0.049046849721357796,0.3099324882187073
intent_com.android.vending.INSTALL_REFERRER,2,0.21212386082647838,0.1442151252231015,235.0,382.6167795588688,"entropy_reduction_ratio, pearson_r, mutual_information",0.4170987627075752,0.25592533266959355,0.03297387774596679,0.06431044691191123,0.2903108840973451
perm_android.permission.WRITE_SETTINGS,2,0.16541139058413287,0.21208192324364983,167.9,282.33639510342977,"pearson_r, entropy_reduction_ratio, chi2_stat",0.15229361156023377,0.0,0.05311631083881905,0.04393294814466025,0.5777140823769513
intent_android.intent.action.PACKAGE_REMOVED,2,0.15949243620553127,0.2132727674786824,168.3,282.19454282462664,"pearson_r, entropy_reduction_ratio, chi2_stat",0.11612311468469985,0.0,0.056581160925758794,0.04520080329557766,0.57955710212162
perm_com.android.launcher.permission.UNINSTALL_SHORTCUT,2,0.15949243620553127,0.2132727674786824,168.3,282.19454282462664,"pearson_r, entropy_reduction_ratio, chi2_stat",0.11612311468469985,0.0,0.056581160925758794,0.04520080329557766,0.57955710212162
suspicious_Ldalvik/system/PathClassLoader;,2,0.1569195372189021,0.12077662206611538,270.4,374.6671055750691,"pearson_r, entropy_reduction_ratio, mutual_information",0.2892536512910859,0.11364486898058683,0.022464595161983143,0.048389543316967314,0.31084502734388725
perm_android.permission.MOUNT_UNMOUNT_FILESYSTEMS,2,0.15176448174906917,0.2111034565278297,170.1,281.28569106870685,"pearson_r, entropy_reduction_ratio, chi2_stat",0.10478903055022033,0.0,0.04749026260883272,0.03793941227179259,0.5686037033145003
intent_com.google.android.c2dm.intent.RECEIVE,2,0.14820656496427714,0.13719360099305997,299.6,381.43549913451943,"entropy_reduction_ratio, pearson_r, f_stat",0.34170886927219785,0.02506553260376836,0.02039159526470552,0.06849809908559863,0.28536872859511536
perm_android.permission.SET_WALLPAPER,2,0.14544945103036167,0.20921602796196678,171.9,280.3865902642279,"pearson_r, entropy_reduction_ratio, chi2_stat",0.09506646992591777,0.0,0.0404568957690108,0.032336356777619285,0.5593875326792604
n_urls,1,0.31483612903578273,0.3639058095381745,251.0,376.0718016549499,"entropy_reduction_ratio, pearson_r, mutual_information",1.0,0.18368958649113448,0.01556712829720455,0.023941392558558906,0.3509825378320155
n_activities,1,0.29850432966894014,0.3549651401036716,306.2,360.79379152086307,"entropy_reduction_ratio, pearson_r, mutual_information",0.9278960941141139,0.11627617356701452,3.400893003455778e-06,0.0,0.44834597977056884
intent_com.qihoo.appstore.ACTION_STAT,1,0.28949269213470624,0.39526983853217434,452.2,234.0246995511371,"mutual_information, pearson_r, f_stat",0.0,1.0,0.0,2.490021280211484e-06,0.44746097065225104
n_api_calls,1,0.2621263682470282,0.32337173797520824,173.1,280.12682841884316,"entropy_reduction_ratio, pearson_r, chi2_stat",0.7793010226185828,0.0,0.012945887716887967,0.009634435021698246,0.5087504958779719
perm_com.google.android.googleapps.permission.GOOGLE_AUTH.adsense,1,0.2572614190257133,0.3385152211447425,452.4,233.63912343612319,"mutual_information, pearson_r, f_stat",0.0,0.8388436344550352,0.0,2.490021280211484e-06,0.44746097065225104
perm_android.permission.ACCESS_WIFI_STATE.android.permission.READ_PHONE_STATE,1,0.24201197930782511,0.3127061411663373,452.6,233.25359589939873,"mutual_information, pearson_r, f_stat",0.0,0.7625964358655943,0.0,2.490021280211484e-06,0.44746097065225104
perm_android.permission.SAMSUNG_TUNTAP,1,0.22666198027755002,0.28765548629807675,453.0,232.4826875274802,"mutual_information, pearson_r, f_stat",0.0,0.685846440714219,0.0,2.490021280211484e-06,0.44746097065225104
intent_com.qihoo.appstore.gameunion.DOWNLOAD_SLIENT,1,0.22420179878772886,0.28374378327863825,453.2,232.09730717955347,"mutual_information, pearson_r, f_stat",0.0,0.6735455332651131,0.0,2.490021280211484e-06,0.44746097065225104
intent_com.baidu.action.Techain.VIEW,1,0.22088071008220597,0.27851397140375916,453.4,231.7119763844761,"mutual_information, pearson_r, f_stat",0.0,0.6569400897374986,0.0,2.490021280211484e-06,0.44746097065225104
perm_android.permission.SUBSCRIBED_FEEDS_WRITE,1,0.21832084162776252,0.2745245611463985,453.8,230.9414644449974,"mutual_information, pearson_r, f_stat",0.0,0.6441407474652814,0.0,2.490021280211484e-06,0.44746097065225104
intent_com.morgoo.droidplugin.ACTION_SHORTCUT_PROXY_ZHUSHOU,1,0.21798753331473422,0.274007883867256,454.0,230.55628380072403,"mutual_information, pearson_r, f_stat",0.0,0.6424742059001398,0.0,2.490021280211484e-06,0.44746097065225104
intent_com.sogou.androidtool.intent.action.COMMAND,1,0.21619198628981842,0.2712357734771211,454.2,230.17115370958197,"mutual_information, pearson_r, f_stat",0.0,0.6334964707755608,0.0,2.490021280211484e-06,0.44746097065225104
perm_com.huawei.launcher3.permission.READ_SETTINGS,1,0.20908209519333654,0.26045550127001194,454.4,229.78607442575802,"mutual_information, pearson_r, f_stat",0.0,0.5979470152931514,0.0,2.490021280211484e-06,0.44746097065225104
n_receivers,1,0.20839422822204917,0.2531861635696787,360.9,415.7706579353574,"entropy_reduction_ratio, pearson_r, chi2_stat",0.6328594567099387,0.0,0.0241691099687651,0.01573517281338677,0.36920740161815524
perm_com.kingroot.kinguser.permission.activityCalled,1,0.20347361673293549,0.25219240116943564,454.8,229.0160693051909,"mutual_information, pearson_r, f_stat",0.0,0.5699046229911463,0.0,2.490021280211484e-06,0.44746097065225104
intent_com.baidu.android.pushservice.action.MESSAGE,1,0.2033993002601424,0.2520844413674589,455.0,228.63114398524098,"mutual_information, pearson_r, f_stat",0.0,0.5695330406271809,0.0,2.490021280211484e-06,0.44746097065225104
intent_com.excelliance.open.action.queryUpdate,1,0.2017741850241474,0.24973407964853386,455.2,228.24627050622314,"mutual_information, pearson_r, f_stat",0.0,0.5614074644472059,0.0,2.490021280211484e-06,0.44746097065225104
intent_android.intent.action.DOWNLOAD_WAKEUP,1,0.20176951540205557,0.24972735517381475,455.4,227.86144913082597,"mutual_information, pearson_r, f_stat",0.0,0.5613841163367467,0.0,2.490021280211484e-06,0.44746097065225104
intent_com.excelliance.kxqp.platform.action.BADGE_REPORT,1,0.1974844942362602,0.24362940133449706,456.0,226.70730027945726,"mutual_information, pearson_r, f_stat",0.0,0.5399590105077697,0.0,2.490021280211484e-06,0.44746097065225104
intent_android.intent.action.SIM_STATE_CHANGED,1,0.19648323721579314,0.2422261035264238,456.2,226.32268998047897,"mutual_information, pearson_r, f_stat",0.0,0.5349527254054345,0.0,2.490021280211484e-06,0.44746097065225104
perm_com.lenovo.launcherhdmarket.permission.READ_SETTINGS,1,0.19577342196014397,0.24123639644092854,456.6,225.55362998630724,"mutual_information, pearson_r, f_stat",0.0,0.5314036491271886,0.0,2.490021280211484e-06,0.44746097065225104
intent_android.net.wifi.WIFI_STATE_CHANGED,1,0.19532889099513628,0.23387980348521745,250.0,349.36256239041984,"mutual_information, pearson_r, entropy_reduction_ratio",0.0163800773513985,0.5326182443587256,0.0016799333004259979,0.0013362649149241943,0.42462993505020713
perm_com.xgbuy.xg.permission.JPUSH_MESSAGE,1,0.19471527873051947,0.2397690303836468,456.8,225.16918083965223,"mutual_information, pearson_r, f_stat",0.0,0.5261129329790661,0.0,2.490021280211484e-06,0.44746097065225104
n_providers,1,0.19044657316360572,0.16250443000217077,263.6,372.89119056368173,"entropy_reduction_ratio, pearson_r, mutual_information",0.40311531086760943,0.13289499204976354,0.03496131816281036,0.01840614661786645,0.36285509811997885
intent_com.qihoo.appstore.BATTERY,1,0.1903256153076604,0.2337879727197826,457.0,224.7847859620397,"mutual_information, pearson_r, f_stat",0.0,0.5041646158647708,0.0,2.490021280211484e-06,0.44746097065225104
suspicious_adb_enabled,1,0.15103003588291952,0.20841093428799654,170.5,281.04270138183625,"pearson_r, entropy_reduction_ratio, chi2_stat",0.12380392659501117,0.0,0.039056911620346815,0.03254482242707186,0.5597445187721678
perm_android.permission.RECEIVE_BOOT_COMPLETED,0,0.21454624849049972,0.21950185616683898,39.6,5.6780278266313555,"pearson_r, mutual_information, entropy_reduction_ratio",0.08371200359867025,0.4336200716724197,0.015041511728736943,0.015421809247711346,0.5249358462049605
perm_com.google.android.googleapps.permission.GOOGLE_AUTH.cp,0,0.18976621223094958,0.2330385009191137,457.2,224.4004456323561,"mutual_information, pearson_r, f_stat",0.0,0.5013676004812168,0.0,2.490021280211484e-06,0.44746097065225104
perm_me.everything.badger.permission.BADGE_COUNT_WRITE,0,0.1887175778824881,0.23164159732034278,457.4,224.01616013136197,"mutual_information, pearson_r, f_stat",0.0,0.49612442873890933,0.0,2.490021280211484e-06,0.44746097065225104
intent_com.qihoo.appstore.ACTION_UNLOCK_BROADCAST_RECEIVE,0,0.18676744194565817,0.22907219699396658,457.8,223.24775474794814,"mutual_information, pearson_r, f_stat",0.0,0.4863737490547596,0.0,2.490021280211484e-06,0.44746097065225104
intent_com.qihoo360.mobilesafe.clean.DOWNLOADDLG,0,0.18489949527209576,0.22664670993698138,458.2,222.4795720959567,"mutual_information, pearson_r, f_stat",0.0,0.4770340156869474,0.0,2.490021280211484e-06,0.44746097065225104
perm_android.permission.WRITE_CONTACTS,0,0.18461531903444595,0.2204754762217996,255.4,342.7142249746865,"mutual_information, pearson_r, entropy_reduction_ratio",0.013077234743372931,0.4805085046897748,0.0013439466403407983,0.0010650897354667023,0.42708181936327455
intent_com.qihoo.appstore.ACTION_STABLE_NOTIFICATION_CLICK,0,0.18433023328062373,0.2259146414121487,458.4,222.09556501650363,"mutual_information, pearson_r, f_stat",0.0,0.4741877057295873,0.0,2.490021280211484e-06,0.44746097065225104
intent_show_notificationcenter,0,0.18267464818757967,0.22380487401170052,458.6,221.71161449053588,"mutual_information, pearson_r, f_stat",0.0,0.46590978026436713,0.0,2.490021280211484e-06,0.44746097065225104
perm_com.android.agedlauncher.permission.READ_SETTINGS,0,0.18245172667234266,0.22352302341767646,458.8,221.3277208123736,"mutual_information, pearson_r, f_stat",0.0,0.4647951726881821,0.0,2.490021280211484e-06,0.44746097065225104
intent_com.igexin.sdk.action.64kVIzqls49c7TJxrBbWG4,0,0.18219410684551868,0.22319796802467723,459.0,220.94388427833886,"mutual_information, pearson_r, f_stat",0.0,0.46350707355406207,0.0,2.490021280211484e-06,0.44746097065225104
perm_android.permission.ACCESS_ALL_DOWNLOADS,0,0.17927828583586117,0.2195696346532247,459.4,220.17638383804925,"mutual_information, pearson_r, f_stat",0.0,0.44892796850577454,0.0,2.490021280211484e-06,0.44746097065225104
intent_com.getui.gis.action.64kVIzqls49c7TJxrBbWG4,0,0.17808332880532843,0.21811028536681892,459.6,219.79272053459823,"pearson_r, mutual_information, f_stat",0.0,0.4429531833531109,0.0,2.490021280211484e-06,0.44746097065225104
intent_com.qihoo.appstore.ACTION_CLEAR_BACKGROUND,0,0.17792925566687715,0.2179233188013172,459.8,219.40911558091656,"pearson_r, mutual_information, f_stat",0.0,0.44218281766085443,0.0,2.490021280211484e-06,0.44746097065225104
perm_android.permission.BIND_APPWIDGET,0,0.17741988614839788,0.21730716805330502,460.0,219.02556928358842,"pearson_r, mutual_information, f_stat",0.0,0.4396359700684581,0.0,2.490021280211484e-06,0.44746097065225104
intent_com.google.android.gms.appinvite.ACTION_PREVIEW,0,0.17483757246710935,0.1606621767158693,236.6,375.29007447573133,"pearson_r, mutual_information, entropy_reduction_ratio",0.12236253100927723,0.3464173008468268,0.011759533102981987,0.010669518445893327,0.3829789789305674
perm_android.permission.DEVICE_POWER,0,0.1739619423445152,0.2123121704265017,290.9,291.4651608683274,"pearson_r, mutual_information, entropy_reduction_ratio",0.0016230602541752626,0.4275786726475503,0.0001679933300425998,0.00013341748639194307,0.4403065680044159
intent_com.kingroot.kinguser.service.IKingrootAppList,0,0.17125725383369783,0.2101010109712287,460.8,217.4919768635156,"pearson_r, mutual_information, f_stat",0.0,0.40882280849495795,0.0,2.490021280211484e-06,0.44746097065225104
intent_com.excelliance.kxqp.action.smtsrv,0,0.17109501688222822,0.20991773691549082,461.0,217.10872852098782,"pearson_r, mutual_information, f_stat",0.0,0.40801162373760996,0.0,2.490021280211484e-06,0.44746097065225104
intent_com.android.utils.hades.ACTION_START_SYS_WRAPPER,0,0.17039607614937732,0.20913208508182873,461.2,216.72554071913166,"pearson_r, mutual_information, f_stat",0.0,0.4045169200733553,0.0,2.490021280211484e-06,0.44746097065225104
perm_com.qiku.launcher.permission.WRITE_SETTINGS,0,0.1703547482237176,0.20908583018702354,461.4,216.34241377963775,"pearson_r, mutual_information, f_stat",0.0,0.4043102804450568,0.0,2.490021280211484e-06,0.44746097065225104
perm_com.sec.android.app.voicenote.Controller,0,0.16986886049081384,0.20854370401968542,461.6,215.95934802642836,"pearson_r, mutual_information, f_stat",0.0,0.40188084178053796,0.0,2.490021280211484e-06,0.44746097065225104
intent_android.provider.Telephony.WAP_PUSH_DELIVER,0,0.16947800008235214,0.20810987237066855,461.8,215.57634378567607,"pearson_r, mutual_information, f_stat",0.0,0.3999265397382295,0.0,2.490021280211484e-06,0.44746097065225104
intent_android.intent.action.BOOT_COMPLETED,0,0.1686541968795296,0.20691837726204204,302.4,275.6233662083097,"pearson_r, mutual_information, entropy_reduction_ratio",0.00022165555026404678,0.3992182489054227,3.461420678612938e-05,3.751892613180805e-05,0.44375894680904326
intent_com.excelliance.kxqp.action.SmtServService,0,0.16783586770927653,0.20630960074234286,462.2,214.81052115760068,"pearson_r, mutual_information, f_stat",0.0,0.39171587787285134,0.0,2.490021280211484e-06,0.44746097065225104
perm_cn.nubia.launcher.permission.WRITE_SETTINGS,0,0.16723530799225025,0.20566036909248325,462.6,214.04494855053227,"pearson_r, mutual_information, f_stat",0.0,0.3887130792877201,0.0,2.490021280211484e-06,0.44746097065225104
perm_com.qiku.android.launcher3.permission.WRITE_UNREAD,0,0.16644579544458343,0.20481445695207656,462.8,213.66225684476893,"pearson_r, mutual_information, f_stat",0.0,0.384765516549386,0.0,2.490021280211484e-06,0.44746097065225104
perm_android.permission.READ_USER_DICTIONARY,0,0.1662050227712646,0.20254728030597108,280.9,307.5913522841629,"pearson_r, mutual_information, entropy_reduction_ratio",0.003249406239251877,0.38984187650161756,0.0003359866600851996,0.00026488045103928003,0.43733296400432903
intent_org.agoo.android.intent.action.PING,0,0.16590273633472843,0.20423765667121055,463.0,213.279628656841,"pearson_r, mutual_information, f_stat",0.0,0.38205022100011093,0.0,2.490021280211484e-06,0.44746097065225104
intent_com.qihoo.appstore.launcher.shortcut.WEBVIEW,0,0.16423166593378938,0.20248899965174244,463.2,212.89706432921992,"pearson_r, mutual_information, f_stat",0.0,0.3736948689954156,0.0,2.490021280211484e-06,0.44746097065225104
perm_android.permission.BROADCAST_PACKAGE_ADDED,0,0.16393342566353103,0.20218113177153305,463.4,212.5145642067856,"pearson_r, mutual_information, f_stat",0.0,0.3722036676441239,0.0,2.490021280211484e-06,0.44746097065225104
intent_show_lock_forget_pwd,0,0.16378517425107814,0.20202857531362273,463.6,212.13212863684745,"pearson_r, mutual_information, f_stat",0.0,0.3714624105818594,0.0,2.490021280211484e-06,0.44746097065225104
intent_android.appwidget.action.APPWIDGET_UPDATE,0,0.16371638834653424,0.17193316999239297,243.2,367.6786096579457,"pearson_r, mutual_information, entropy_reduction_ratio",0.06410496885314088,0.34108284976445635,0.006383746541618791,0.005384113170921042,0.4016262634025342
perm_android.permission.UPDATE_DEVICE_STATS,0,0.16299101547990866,0.2012168248389254,463.8,211.74975796916507,"pearson_r, mutual_information, f_stat",0.0,0.367491616726012,0.0,2.490021280211484e-06,0.44746097065225104
perm_android.permission.WRITE_OWNER_DATA,0,0.1616012814956655,0.19981875079618247,464.0,211.36745255596946,"pearson_r, mutual_information, f_stat",0.0,0.3605429468047962,0.0,2.490021280211484e-06,0.44746097065225104
intent_android.intent.action.MEDIA_UNMOUNTED,0,0.15951756907597653,0.1964289895825173,294.7,288.30202912917554,"pearson_r, mutual_information, entropy_reduction_ratio",0.0016230602541752626,0.3553568063048569,0.0001679933300425998,0.00013341748639194307,0.4403065680044159
perm_android.permission.BIND_DIRECTORY_SEARCH,0,0.15938173503359837,0.19764644741797593,464.6,210.22093140313123,"pearson_r, mutual_information, f_stat",0.0,0.3494452144944606,0.0,2.490021280211484e-06,0.44746097065225104
intent_com.firebase.jobdispatcher.ACTION_EXECUTE,0,0.15890454181201022,0.1931202594845159,272.0,322.9934983865774,"pearson_r, mutual_information, entropy_reduction_ratio",0.0065120088060341835,0.35370034289615243,0.0006719733201703992,0.0005294260425551199,0.433108957995139
intent_com.excelliance.open.action.gameverchk,0,0.15852096373468644,0.19682448910051908,465.0,209.45691681107118,"pearson_r, mutual_information, f_stat",0.0,0.3451413579999009,0.0,2.490021280211484e-06,0.44746097065225104
intent_com.umeng.message.disablecallback.action,0,0.15819944683129933,0.1965204563896872,465.2,209.07501046275232,"pearson_r, mutual_information, f_stat",0.0,0.3435337734829654,0.0,2.490021280211484e-06,0.44746097065225104
intent_com.cootek.usage.alarm_operation,0,0.15817227881343515,0.19649484064326242,465.4,208.69317190555134,"pearson_r, mutual_information, f_stat",0.0,0.34339793339364455,0.0,2.490021280211484e-06,0.44746097065225104
intent_android.intent.action.INSTALL,0,0.1569754058300346,0.1953780163057635,466.0,207.5480667219042,"pearson_r, mutual_information, f_stat",0.0,0.3374135684766418,0.0,2.490021280211484e-06,0.44746097065225104
intent_com.excelliance.appmate.share,0,0.15643471212156954,0.1948810280548126,466.2,207.16650308387213,"pearson_r, mutual_information, f_stat",0.0,0.3347100999343165,0.0,2.490021280211484e-06,0.44746097065225104
intent_com.qihoo.appstore.battery.START,0,0.15639933931636674,0.19484867949131945,466.4,206.78500912783787,"pearson_r, mutual_information, f_stat",0.0,0.33453323590830236,0.0,2.490021280211484e-06,0.44746097065225104
perm_com.google.android.launcher.permission.READ_SETTINGS,0,0.15614069112443169,0.19315100507819286,296.3,287.01996446240463,"pearson_r, mutual_information, entropy_reduction_ratio",0.0016230602541752626,0.33847241654713267,0.0001679933300425998,0.00013341748639194307,0.4403065680044159
perm_android.permission.MODIFY_PHONE_STATE,0,0.15558674635626107,0.19411117543339074,466.8,206.02223181006462,"pearson_r, mutual_information, f_stat",0.0,0.330470271107774,0.0,2.490021280211484e-06,0.44746097065225104
suspicious_setWifiEnabled,0,0.15539435816475627,0.17782103469644442,251.4,357.557324075455,"pearson_r, mutual_information, entropy_reduction_ratio",0.03141324520597615,0.3240841846903355,0.0031918732708093953,0.0025849850102009756,0.41569750264645927
perm_com.yulong2.android.launcher.permission.READ_SETTINGS,0,0.15528802560103766,0.1938427782696874,467.0,205.64094922947618,"pearson_r, mutual_information, f_stat",0.0,0.32897666733165704,0.0,2.490021280211484e-06,0.44746097065225104
intent_com.qihoo.appstore.ACTION_WIRTE_CHANNEL_AND_INSTALL,0,0.1543645710081561,0.1930223992519434,467.2,205.25973789323618,"pearson_r, mutual_information, f_stat",0.0,0.3243593943672491,0.0,2.490021280211484e-06,0.44746097065225104
perm_android.permission.GET_TASKS,0,0.1541428449674401,0.19042149439007838,285.4,307.873740354711,"pearson_r, mutual_information, entropy_reduction_ratio",0.0022768181793741122,0.3318507911942377,0.00038259047422918894,0.0003469238046089139,0.4358571011847507
intent_com.umeng.message.unregistercallback.action,0,0.15355061905673256,0.19231110588752665,467.6,204.49753054743718,"pearson_r, mutual_information, f_stat",0.0,0.32028963461013155,0.0,2.490021280211484e-06,0.44746097065225104
intent_com.Remind.launch.app,0,0.15150681940955057,0.19057467731405384,467.8,204.11653534194627,"pearson_r, mutual_information, f_stat",0.0,0.3100706363742216,0.0,2.490021280211484e-06,0.44746097065225104
perm_android.permission.WRITE_EXTERNAL_STORAGE,0,0.15086548330004512,0.18993535350548202,103.4,113.80087873122949,"pearson_r, entropy_reduction_ratio, mutual_information",0.1414698072365602,0.08059611622512128,0.002559898362553903,0.012490658130007127,0.5172109365459832
intent_com.qihoo.appstore.ACTION_LAUNCH_SERVICE_ACTIVITY,0,0.1495462701671914,0.1889770840717236,468.2,203.35476389797216,"pearson_r, mutual_information, f_stat",0.0,0.3002678901624258,0.0,2.490021280211484e-06,0.44746097065225104
intent_android.intent.action.ACTION_VIEW_DOWNLOADS,0,0.14923447824104974,0.1887292759289165,468.6,202.59328715433784,"pearson_r, mutual_information, f_stat",0.0,0.2987089305317175,0.0,2.490021280211484e-06,0.44746097065225104
perm_com.ztemt.launcher.permission.READ_SETTINGS,0,0.14867149047518105,0.18828622583091953,468.8,202.21266033559814,"pearson_r, mutual_information, f_stat",0.0,0.295893991702374,0.0,2.490021280211484e-06,0.44746097065225104
perm_android.permission.READ_INSTALL_SESSIONS,0,0.14806583209252294,0.18781596588679486,469.2,201.4516319119803,"pearson_r, mutual_information, f_stat",0.0,0.29286569978908344,0.0,2.490021280211484e-06,0.44746097065225104
perm_android.permission.SET_DEBUG_APP,0,0.1480339152529133,0.18402456205850934,280.8,312.3916772258826,"pearson_r, mutual_information, entropy_reduction_ratio",0.004879051285888095,0.29934538723948473,0.0005039799901277994,0.00039688412416398174,0.43504427362490183
intent_pre_add_game_uninstalled,0,0.14750245080598975,0.18738450193220438,469.6,200.69090662010575,"pearson_r, mutual_information, f_stat",0.0,0.2900487933564176,0.0,2.490021280211484e-06,0.44746097065225104
intent_com.excelliance.dualaid.action.process.64,0,0.14680000066932658,0.1868546545140033,469.8,200.31065872788696,"pearson_r, mutual_information, f_stat",0.0,0.28653654267310164,0.0,2.490021280211484e-06,0.44746097065225104
perm_android.permission.INTERACT_ACROSS_USERS_FULL,0,0.14622493582453158,0.18078017106382982,272.2,327.837703749889,"pearson_r, mutual_information, entropy_reduction_ratio",0.00814829229360649,0.29007517090116763,0.0008399666502129989,0.0006625165245282207,0.43139873275314256
intent_android.appwidget.action.APPWIDGET_CONFIGURE,0,0.14590988276716715,0.17565981504615524,261.0,346.25684108765273,"pearson_r, mutual_information, entropy_reduction_ratio",0.01803660469029963,0.2847010749718584,0.001847926630468598,0.0014727005797043008,0.42349110696350484
perm_com.android.broswer.permission.WRITE_HISTORY_BOOKMARKS,0,0.14516878085590235,0.18565942850799275,470.4,199.1703793238342,"pearson_r, mutual_information, f_stat",0.0,0.27838044360598047,0.0,2.490021280211484e-06,0.44746097065225104
intent_com.qihoo.appstore.zhushouhelper.IZhushouHelperService,0,0.1449428085739349,0.18549777184907296,470.6,198.7904424261891,"pearson_r, mutual_information, f_stat",0.0,0.27725058219614335,0.0,2.490021280211484e-06,0.44746097065225104
intent_com.mobiletool.appstore.action.sdk,0,0.14446846311045844,0.1851615624017168,471.2,197.6511067512651,"pearson_r, mutual_information, f_stat",0.0,0.27487885487876096,0.0,2.490021280211484e-06,0.44746097065225104
intent_android.intent.action.PACKAGE_ADDED,0,0.14441360739004327,0.1960219299907505,100.8,128.2441421664163,"pearson_r, entropy_reduction_ratio, mutual_information",0.0827775674427135,0.06448233154716627,0.02239916385162174,0.018998559293296344,0.5334104148154185
intent_co.ronash.pushe.ACTION_TASK_READY,0,0.14405936228977162,0.184875016290395,471.4,197.27148805643455,"pearson_r, mutual_information, f_stat",0.0,0.27283335077532694,0.0,2.490021280211484e-06,0.44746097065225104
intent_android.intent.action.SCREEN_ON,0,0.14385369167193907,0.18284029250692196,301.3,283.20921595174127,"pearson_r, mutual_information, entropy_reduction_ratio",0.0016230602541752626,0.27703741928466963,0.0001679933300425998,0.00013341748639194307,0.4403065680044159
perm_android.permission.DIAGNOSTIC,0,0.14363225529207585,0.18457925340275105,471.6,196.89195006398813,"pearson_r, mutual_information, f_stat",0.0,0.27069781578684804,0.0,2.490021280211484e-06,0.44746097065225104
perm_com.google.android.googleapps.permission.GOOGLE_AUTH.cl,0,0.1435292871005068,0.1845084707393164,471.8,196.51249324152397,"pearson_r, mutual_information, f_stat",0.0,0.2701829748290027,0.0,2.490021280211484e-06,0.44746097065225104
perm_android.permission.ACCESS_GPS,0,0.14346102766208318,0.18045726347061888,283.4,310.7761895641299,"pearson_r, mutual_information, entropy_reduction_ratio",0.004879051285888095,0.27648094928533423,0.0005039799901277994,0.00039688412416398174,0.43504427362490183
perm_com.lenovo.launcher.permission.WRITE_SETTINGS,0,0.143314020167039,0.1843611467528675,472.0,196.1331180601583,"pearson_r, mutual_information, f_stat",0.0,0.2691066401616637,0.0,2.490021280211484e-06,0.44746097065225104
perm_android.permission.RECEIVE_MMS,0,0.14321335046545497,0.18429255535304442,472.2,195.75382499455793,"pearson_r, mutual_information, f_stat",0.0,0.2686032916537435,0.0,2.490021280211484e-06,0.44746097065225104
perm_com.qihoo.appstore.permission.NEWS_SDK_BROADCAST,0,0.14298459533370816,0.1841374163204308,472.4,195.37461452297225,"pearson_r, mutual_information, f_stat",0.0,0.26745951599500956,0.0,2.490021280211484e-06,0.44746097065225104
perm_com.google.android.gms.permission.ACTIVITY_RECOGNITION,0,0.14283547719775935,0.17104106846291234,260.4,349.92204846222535,"pearson_r, mutual_information, entropy_reduction_ratio",0.023026780151953297,0.26657727757147603,0.002351906620596397,0.0018854377289712681,0.42033598391579974
intent_android.intent.action.CLOSE_SYSTEM_DIALOGS,0,0.14270203849887708,0.18394717981917383,472.8,194.6164432929551,"pearson_r, mutual_information, f_stat",0.0,0.26604673182085414,0.0,2.490021280211484e-06,0.44746097065225104
intent_android.provider.Telephony.SMS_RECEIVED2,0,0.14251784933560457,0.1838240004849878,473.0,194.23748350923412,"pearson_r, mutual_information, f_stat",0.0,0.26512578600449155,0.0,2.490021280211484e-06,0.44746097065225104
perm_com.yulong2.android.launcher.permission.WRITE_SETTINGS,0,0.1420992239489939,0.1835464806346963,473.2,193.85860826901651,"pearson_r, mutual_information, f_stat",0.0,0.2630326590714383,0.0,2.490021280211484e-06,0.44746097065225104
perm_com.google.android.googleapps.permission.GOOGLE_AUTH.print,0,0.14203983954484278,0.183507388242107,473.4,193.47981806896553,"pearson_r, mutual_information, f_stat",0.0,0.26273573705068265,0.0,2.490021280211484e-06,0.44746097065225104
perm_com.facebook.katana.permission.RECEIVE_ADM_MESSAGE,0,0.14169806168487675,0.1832837320024589,473.6,193.10111340952955,"pearson_r, mutual_information, f_stat",0.0,0.2610268477508525,0.0,2.490021280211484e-06,0.44746097065225104
perm_com.ibingo.launcher.permission.READ_SETTINGS,0,0.14149678503329804,0.18315308424626228,473.8,192.72249479497714,"pearson_r, mutual_information, f_stat",0.0,0.260020464492959,0.0,2.490021280211484e-06,0.44746097065225104
intent_com.excelliance.dualaid.platform.gameplugin.action.START_FROM_SHORTCUT,0,0.14074139442533345,0.18266984255818033,474.0,192.3439627334323,"pearson_r, mutual_information, f_stat",0.0,0.2562435114531361,0.0,2.490021280211484e-06,0.44746097065225104
intent_selfupdate_notification_cancelled,0,0.14069300535359344,0.18263926923251053,474.2,191.96551773691021,"pearson_r, mutual_information, f_stat",0.0,0.2560015660944359,0.0,2.490021280211484e-06,0.44746097065225104
intent_android.intent.action.DOWNLOAD_COMPLETE,0,0.14016337379919014,0.20754819012351472,173.1,279.77819786395077,"pearson_r, entropy_reduction_ratio, chi2_stat",0.08659545497012101,0.0,0.034863800963161766,0.027888591334438814,0.5514690217282291
intent_com.qihoo360.daemon.pcdaemon.ACTION_START_CAPTURE,0,0.14007414047528205,0.18225233552389286,474.6,191.2088910066684,"pearson_r, mutual_information, f_stat",0.0,0.25290724170287904,0.0,2.490021280211484e-06,0.44746097065225104
perm_android.permission.CHANGE_COMPONENT_ENABLED_STATE,0,0.13971254211299314,0.18202976758811812,474.8,190.83071031676218,"pearson_r, mutual_information, f_stat",0.0,0.2510992498914344,0.0,2.490021280211484e-06,0.44746097065225104
perm_android.Manifest.permission.READ_SMS,0,0.13929647887111102,0.18177689867853816,475.0,190.45261877957992,"pearson_r, mutual_information, f_stat",0.0,0.24901893368202377,0.0,2.490021280211484e-06,0.44746097065225104
intent_com.excelliance.dualaid.action.download,0,0.13901859543094025,0.18160993822915952,475.2,190.07461692714256,"pearson_r, mutual_information, f_stat",0.0,0.24762951648116988,0.0,2.490021280211484e-06,0.44746097065225104
intent_com.qihoo.appstore.stablenotification.StableBroadcast,0,0.13854671404852784,0.18132996831361017,475.6,189.31888442519408,"pearson_r, mutual_information, f_stat",0.0,0.24527010956910786,0.0,2.490021280211484e-06,0.44746097065225104
perm_com.android.vending.CHECK_LICENSE,0,0.13852572141836342,0.1894768382908254,90.8,83.24998498498363,"pearson_r, mutual_information, entropy_reduction_ratio",0.040420143291445436,0.1222391837605471,0.01181531256474402,0.009580827384785618,0.5085731400902949
intent_cn.xiaoneng.xpush.service,0,0.13852361052614232,0.18131637590408353,475.8,188.94115486044856,"pearson_r, mutual_information, f_stat",0.0,0.24515459195718037,0.0,2.490021280211484e-06,0.44746097065225104
perm_com.tencent.mm.permission.MM_MESSAGE,0,0.1384715399846666,0.18128578088331607,476.0,188.5635171500574,"pearson_r, mutual_information, f_stat",0.0,0.24489423924980178,0.0,2.490021280211484e-06,0.44746097065225104
intent_safiap.framework.ACTION_TO_INSTALL,0,0.13838146801196174,0.18123298650463157,476.2,188.18597184700033,"pearson_r, mutual_information, f_stat",0.0,0.2444438793862774,0.0,2.490021280211484e-06,0.44746097065225104
perm_android.permission.DISABLE_KEYGUARD,0,0.13836212093756048,0.20084050628615246,110.8,149.80173563747516,"pearson_r, entropy_reduction_ratio, mutual_information",0.07247256809910202,0.033062359584415,0.026558155419409524,0.021293153038735392,0.5384243685461405
intent_android.net.wifi.STATE_CHANGE,0,0.13766420110533528,0.17557045466192645,283.0,316.52614425983836,"pearson_r, mutual_information, entropy_reduction_ratio",0.0065120088060341835,0.2474986393627778,0.0006719733201703992,0.0005294260425551199,0.433108957995139
perm_com.google.android.googleapps.permission.GOOGLE_AUTH.grandcentral,0,0.1376038794977116,0.1807840373130915,476.4,187.80851950856754,"pearson_r, mutual_information, f_stat",0.0,0.24055593681502674,0.0,2.490021280211484e-06,0.44746097065225104
intent_com.kingroot.common.ACTION_NOTIFY_IN_SELF_APP_MAIN,0,0.13757970037171552,0.18077027384006183,476.6,187.43116069640075,"pearson_r, mutual_information, f_stat",0.0,0.24043504118504636,0.0,2.490021280211484e-06,0.44746097065225104
perm_com.lenovo.launcherhdmarket.permission.WRITE_SETTINGS,0,0.13753308404698886,0.18074377201055478,476.8,187.053895976534,"pearson_r, mutual_information, f_stat",0.0,0.24020195956141302,0.0,2.490021280211484e-06,0.44746097065225104
intent_com.easou.action.image.crop,0,0.13742264991268333,0.18068116561119585,477.0,186.67672591943537,"pearson_r, mutual_information, f_stat",0.0,0.23964978888988545,0.0,2.490021280211484e-06,0.44746097065225104
perm_com.samsung.android.providers.context.permission.READ_RECORD_AUDIO,0,0.13736876722309896,0.18065070903155656,477.2,186.29965110004903,"pearson_r, mutual_information, f_stat",0.0,0.23938037544196353,0.0,2.490021280211484e-06,0.44746097065225104
intent_android.intent.action.QUICKBOOT_POWERON,0,0.1371984498737647,0.15154878212967876,261.2,360.7996119731838,"pearson_r, mutual_information, entropy_reduction_ratio",0.06410496885314088,0.20849315740060873,0.006383746541618791,0.005384113170921042,0.4016262634025342
perm_com.facebook.katana.provider.ACCESS,0,0.1371929454043971,0.18055173938204072,477.4,185.9226720978375,"pearson_r, mutual_information, f_stat",0.0,0.2385012663484543,0.0,2.490021280211484e-06,0.44746097065225104
perm_android.permission.CALL_PHONE,0,0.13693106741295896,0.15442082088222914,261.6,358.46372201381826,"pearson_r, mutual_information, entropy_reduction_ratio",0.055372077978071664,0.21413720571600003,0.005543779891405793,0.00462498791404831,0.40497728556526896
perm_android.permission.BIND_ACCESSIBILITY_SERVICE,0,0.13654057370968992,0.18019004297448887,477.8,185.16900388563957,"pearson_r, mutual_information, f_stat",0.0,0.23523940787491832,0.0,2.490021280211484e-06,0.44746097065225104
intent_com.qihoo.appstore.free.wifi,0,0.13627996904791004,0.18004799497277307,478.0,184.7923158575594,"pearson_r, mutual_information, f_stat",0.0,0.2339363845660189,0.0,2.490021280211484e-06,0.44746097065225104
intent_com.qihoo.appstore.CHECK_APP_UPDATE_DESK_NOTIFICATION,0,0.13608329521583812,0.17994171915697565,478.2,184.41572601055475,"pearson_r, mutual_information, f_stat",0.0,0.23295301540565938,0.0,2.490021280211484e-06,0.44746097065225104
perm_com.mediatek.launcherplus.permission.READ_SETTINGS,0,0.13608046030607174,0.17994019309615927,478.4,184.03923494733397,"pearson_r, mutual_information, f_stat",0.0,0.2329388408568274,0.0,2.490021280211484e-06,0.44746097065225104
perm_android.permission.CHANGE_WIFI_STATE,0,0.13601163221798948,0.19389133053531007,105.6,128.40342674555066,"pearson_r, entropy_reduction_ratio, mutual_information",0.06484823884916624,0.06359034726147432,0.01631655381847226,0.01400299169096123,0.5213000294698734
perm_qiku.permission.RECEIVE_ACTIVITY_RESUMED,0,0.13517885969925306,0.17946328169500264,479.2,182.5342707548366,"pearson_r, mutual_information, f_stat",0.0,0.22843083782273402,0.0,2.490021280211484e-06,0.44746097065225104
intent_com.yuetu.shentu.Intent.WECHAT_AUTH,0,0.13514442116010184,0.17944539920820685,479.4,182.1582828201891,"pearson_r, mutual_information, f_stat",0.0,0.22825864512697785,0.0,2.490021280211484e-06,0.44746097065225104
intent_com.ez.sj,0,0.13507975610442083,0.17941188798492533,479.6,181.7823973876459,"pearson_r, mutual_information, f_stat",0.0,0.22793531984857285,0.0,2.490021280211484e-06,0.44746097065225104
perm_android.permission.GET_PACKAGE_SIZE,0,0.13486289746741895,0.1770848810966511,309.1,277.8793623139365,"pearson_r, mutual_information, entropy_reduction_ratio",0.0016230602541752626,0.23208344826206906,0.0001679933300425998,0.00013341748639194307,0.4403065680044159
intent_com.qihoo.appstore.ACTION_CLEAN_START_SERVICE,0,0.13482112302563448,0.1792787273324027,479.8,181.4066150943785,"pearson_r, mutual_information, f_stat",0.0,0.22664215445464117,0.0,2.490021280211484e-06,0.44746097065225104
perm_android.permission.BAIDU_LOCATION_SERVICE,0,0.13474325555291972,0.17923890923563537,480.0,181.0309365826736,"pearson_r, mutual_information, f_stat",0.0,0.22625281709106726,0.0,2.490021280211484e-06,0.44746097065225104
perm_com.facebook.permission.prod.SYSTEM_COMMUNICATION,0,0.1346573752585832,0.17919514041826348,480.2,180.65536249998226,"pearson_r, mutual_information, f_stat",0.0,0.22582341561938485,0.0,2.490021280211484e-06,0.44746097065225104
intent_com.google.Ps.Download,0,0.13452133384409756,0.1791261222279417,480.4,180.2798934989701,"pearson_r, mutual_information, f_stat",0.0,0.2251432085469566,0.0,2.490021280211484e-06,0.44746097065225104
intent_android.media.browse.MediaBrowserService,0,0.13438223756401663,0.1768234124986809,309.3,277.7528757726912,"pearson_r, mutual_information, entropy_reduction_ratio",0.0016230602541752626,0.22968014874505735,0.0001679933300425998,0.00013341748639194307,0.4403065680044159
intent_com.qihoo.appstore.notification.click,0,0.1343783436546982,0.17905399568605437,480.6,179.90453023756794,"pearson_r, mutual_information, f_stat",0.0,0.22442825759995969,0.0,2.490021280211484e-06,0.44746097065225104
perm_com.miui.mihome2.permission.WRITE_SETTINGS,0,0.13388140617761193,0.17880666319930733,481.2,178.77908155038722,"pearson_r, mutual_information, f_stat",0.0,0.2219435702145284,0.0,2.490021280211484e-06,0.44746097065225104
perm_org.adwfreak.launcher.permission.WRITE_SETTINGS,0,0.1336998181864144,0.17871757786610912,481.4,178.40414793384147,"pearson_r, mutual_information, f_stat",0.0,0.22103563025854073,0.0,2.490021280211484e-06,0.44746097065225104
intent_com.android.utils.hades.ACTION_UPDATE_SYS_WRAPPER,0,0.13325341166114585,0.1785015271662255,481.8,177.65460872153022,"pearson_r, mutual_information, f_stat",0.0,0.21880359763219806,0.0,2.490021280211484e-06,0.44746097065225104
intent_com.urbanairship.push.CHANNEL_UPDATED,0,0.1330739992523376,0.17201665078123968,283.8,322.054591645578,"pearson_r, mutual_information, entropy_reduction_ratio",0.00814829229360649,0.22432048804019764,0.0008399666502129989,0.0006625165245282207,0.43139873275314256
perm_android.permission.REQUEST_INSTALL_PACKAGES,0,0.13303915828848942,0.17385814013090947,293.2,305.40687615048876,"pearson_r, mutual_information, entropy_reduction_ratio",0.004879051285888095,0.2243716024173654,0.0005039799901277994,0.00039688412416398174,0.43504427362490183
intent_com.excelliance.kxqp.platform.gameplugin.action.UNBIND_REMOTE,0,0.13270198081540682,0.1782404597216327,482.0,177.28000451263532,"pearson_r, mutual_information, f_stat",0.0,0.21604644340350285,0.0,2.490021280211484e-06,0.44746097065225104
perm_android.permission.RUN_INSTRUMENTATION,0,0.13252635474501004,0.17585952604204863,312.1,276.036845366701,"pearson_r, mutual_information, entropy_reduction_ratio",0.0016230602541752626,0.2204007346500245,0.0001679933300425998,0.00013341748639194307,0.4403065680044159
perm_com.meizu.c2dm.permission.RECEIVE,0,0.13215577460915895,0.17798822523193472,482.6,176.15686191573693,"pearson_r, mutual_information, f_stat",0.0,0.2133154123722635,0.0,2.490021280211484e-06,0.44746097065225104
intent_com.meizu.flyme.push.intent.REGISTER.FEEDBACK,0,0.1321139206204704,0.17796915917966682,482.8,175.78270677174135,"pearson_r, mutual_information, f_stat",0.0,0.21310614242882078,0.0,2.490021280211484e-06,0.44746097065225104
intent_com.qihoo.appstore.launcher.shortcut.VIDEO,0,0.13190568376389716,0.17787485471004275,483.0,175.4086656924338,"pearson_r, mutual_information, f_stat",0.0,0.2120649581459545,0.0,2.490021280211484e-06,0.44746097065225104
intent_com.qihoo360.daemon.pcdaemon.ACTION_START_OPERATE_AUTHOR,0,0.13185813414241457,0.17785345061503433,483.2,175.03473940906704,"pearson_r, mutual_information, f_stat",0.0,0.21182721003854155,0.0,2.490021280211484e-06,0.44746097065225104
perm_com.amazon.device.messaging.permission.RECEIVE,0,0.13159201147988228,0.16796365016749903,278.0,332.359443975946,"pearson_r, mutual_information, entropy_reduction_ratio",0.014726958702404458,0.21469714480811344,0.001511939970383398,0.0012003977392608842,0.42582361617924924
perm_com.sonyericsson.home.WRITE_SETTINGS,0,0.13151145280087967,0.17769885501729826,483.4,174.66092865893046,"pearson_r, mutual_information, f_stat",0.0,0.21009380333086697,0.0,2.490021280211484e-06,0.44746097065225104
n_used_permissions,0,0.13080262527836267,0.13909555729262127,301.0,372.0559097770119,"pearson_r, entropy_reduction_ratio, mutual_information",0.2204530952691536,0.042980132155858865,0.009518925156771513,0.018566388325204332,0.36249458548482505
intent_safiap.framework.ACTION_NETWORK_ERROR_IAP,0,0.13079370001452134,0.17738697344677007,483.8,173.91365673804918,"pearson_r, mutual_information, f_stat",0.0,0.20650503939907539,0.0,2.490021280211484e-06,0.44746097065225104
perm_com.android.launcher.permission.INSTALL_SHORTCUT,0,0.1304469548566949,0.19707054755301792,114.4,145.09390062990244,"pearson_r, entropy_reduction_ratio, mutual_information",0.05621044400040744,0.03931858826431827,0.018420503205699882,0.014834082169794281,0.5234511566432547
perm_com.ebproductions.android.launcher.permission.WRITE_SETTINGS,0,0.13043601660863685,0.17723568692227368,484.0,173.5401970726091,"pearson_r, mutual_information, f_stat",0.0,0.2047166223696529,0.0,2.490021280211484e-06,0.44746097065225104
intent_com.qihoo.appstore.msplugin.install,0,0.1303345316477451,0.1771932650719491,484.2,173.1668559511317,"pearson_r, mutual_information, f_stat",0.0,0.20420919756519434,0.0,2.490021280211484e-06,0.44746097065225104
intent_com.kingroot.common.ACTION_SWITCH_IN_DESKTOP,0,0.12978920393889015,0.1769691241756138,484.4,172.7936341420019,"pearson_r, mutual_information, f_stat",0.0,0.2014825590209195,0.0,2.490021280211484e-06,0.44746097065225104
intent_com.qihoo.appstore.powerusage.SAVE_MODE,0,0.1297863850749792,0.17696798228958027,484.6,172.42053242001083,"pearson_r, mutual_information, f_stat",0.0,0.20146846470136476,0.0,2.490021280211484e-06,0.44746097065225104
perm_com.huaqin.launcherEx.permission.WRITE_SETTINGS,0,0.12972386246773832,0.17694269945643273,484.8,172.04755156642014,"pearson_r, mutual_information, f_stat",0.0,0.20115585166516023,0.0,2.490021280211484e-06,0.44746097065225104
perm_com.bbk.launcher2.permission.READ_SETTINGS,0,0.1296583107219482,0.1769162827324288,485.0,171.67469236902684,"pearson_r, mutual_information, f_stat",0.0,0.20082809293620976,0.0,2.490021280211484e-06,0.44746097065225104
perm_me.everything.badger.permission.BADGE_COUNT_READ,0,0.12963807687816065,0.17690814751441775,485.2,171.30195562222866,"pearson_r, mutual_information, f_stat",0.0,0.20072692371727194,0.0,2.490021280211484e-06,0.44746097065225104
intent_com.qihoo.appstore.checkupdate.NOTIFY_APP_UPDATE,0,0.12957095006904615,0.17688122214105464,485.4,170.92934212709065,"pearson_r, mutual_information, f_stat",0.0,0.20039128967169945,0.0,2.490021280211484e-06,0.44746097065225104
intent_android.intent.action.UPDATE_NOTIFICATION,0,0.12893765299829021,0.17663201968949974,485.6,170.55685269141196,"pearson_r, mutual_information, f_stat",0.0,0.19722480431791975,0.0,2.490021280211484e-06,0.44746097065225104
intent_android.intent.action.ACTION_SHUTDOWN,0,0.12890986300588178,0.17662128430597773,485.8,170.184488129794,"pearson_r, mutual_information, f_stat",0.0,0.1970858543558777,0.0,2.490021280211484e-06,0.44746097065225104
intent_downfile,0,0.12889696408549936,0.1766163071238122,486.0,169.81224926370888,"pearson_r, mutual_information, f_stat",0.0,0.19702135975396554,0.0,2.490021280211484e-06,0.44746097065225104
intent_android.intent.action.DATA_SMS_RECEIVED,0,0.1288446001490658,0.176596139218646,486.2,169.44013692156884,"pearson_r, mutual_information, f_stat",0.0,0.1967595400717977,0.0,2.490021280211484e-06,0.44746097065225104
intent_android.intent.action.RESPOND_VIA_MESSAGE,0,0.12846776091118423,0.17645276532197993,486.4,169.06815193879655,"pearson_r, mutual_information, f_stat",0.0,0.19487534388238975,0.0,2.490021280211484e-06,0.44746097065225104
intent_com.qihoo360.daemon.pcdaemon.ACTION_START_DOWNLOAF_PAGE,0,0.12825421001065154,0.17637289476399368,486.6,168.69629515789612,"pearson_r, mutual_information, f_stat",0.0,0.1938075893797264,0.0,2.490021280211484e-06,0.44746097065225104
intent_android.intent.action.BATTERY_CHANGED_ACTION,0,0.12816157852290483,0.17633855992290887,487.0,167.95296960756605,"pearson_r, mutual_information, f_stat",0.0,0.19334443194099288,0.0,2.490021280211484e-06,0.44746097065225104
intent_show_moresetting,0,0.12805114987052924,0.17629787402096622,487.2,167.5815025592025,"pearson_r, mutual_information, f_stat",0.0,0.19279228867911494,0.0,2.490021280211484e-06,0.44746097065225104
intent_com.secneo.plugin.action.DAILY,0,0.12798715670305477,0.17627441897149418,487.4,167.2101671549909,"pearson_r, mutual_information, f_stat",0.0,0.1924723228417425,0.0,2.490021280211484e-06,0.44746097065225104
intent_com.excelliance.open.action.dmchk,0,0.1279684296266815,0.17626757202982343,487.6,166.83896427393694,"pearson_r, mutual_information, f_stat",0.0,0.19237868745987627,0.0,2.490021280211484e-06,0.44746097065225104
perm_com.htc.launcher.permission.UPDATE_SHORTCUT,0,0.1276728352861924,0.16469501237434808,277.6,339.6351571907714,"pearson_r, mutual_information, entropy_reduction_ratio",0.01803660469029963,0.19351583756698448,0.001847926630468598,0.0014727005797043008,0.42349110696350484
intent_com.excelliance.dualaid.SHORTCUT_ALARM,0,0.12758650916987557,0.17612961480693987,488.0,166.09695963502764,"pearson_r, mutual_information, f_stat",0.0,0.19046908517584663,0.0,2.490021280211484e-06,0.44746097065225104
intent_show_encourage,0,0.12739031815172158,0.17605999313439133,488.2,165.72615967311862,"pearson_r, mutual_information, f_stat",0.0,0.18948813008507673,0.0,2.490021280211484e-06,0.44746097065225104
intent_com.mobiletool.appstore.action.extend,0,0.12735812807382824,0.176048650834024,488.4,165.35549582641636,"pearson_r, mutual_information, f_stat",0.0,0.18932717969561003,0.0,2.490021280211484e-06,0.44746097065225104
perm_android.permission.BROADCAST_PACKAGE_INSTALL,0,0.12679602399034112,0.1758542725968008,488.6,164.98496901233156,"pearson_r, mutual_information, f_stat",0.0,0.1865166592781743,0.0,2.490021280211484e-06,0.44746097065225104
perm_com.android.launcher.permission.WRITE_SETTINGS,0,0.12675562230237028,0.17333660675530338,318.3,272.6082537268452,"pearson_r, mutual_information, entropy_reduction_ratio",0.0016230602541752626,0.19154707243682564,0.0001679933300425998,0.00013341748639194307,0.4403065680044159
intent_android.intent.action.ANY_DATA_STATE,0,0.12644572948249627,0.17573666775726166,488.8,164.61458015619394,"pearson_r, mutual_information, f_stat",0.0,0.18476518673895018,0.0,2.490021280211484e-06,0.44746097065225104
intent_cryopiggy.start,0,0.126361405718508,0.17570876302596758,489.0,164.24433019133414,"pearson_r, mutual_information, f_stat",0.0,0.18434356791900874,0.0,2.490021280211484e-06,0.44746097065225104
intent_com.qihoo.appstore.LitePluginDownload,0,0.12631872589098095,0.1756946992741147,489.2,163.8742200591661,"pearson_r, mutual_information, f_stat",0.0,0.18413016878137342,0.0,2.490021280211484e-06,0.44746097065225104
intent_ACTION.TAPCORE.SYNC,0,0.12621515443855197,0.17566073844485086,489.8,162.76473819596183,"pearson_r, mutual_information, f_stat",0.0,0.18361231151922855,0.0,2.490021280211484e-06,0.44746097065225104
intent_com.sogou.passport.service.aidl,0,0.126210937650081,0.17565936080600722,490.0,162.39519697330954,"pearson_r, mutual_information, f_stat",0.0,0.18359122757687382,0.0,2.490021280211484e-06,0.44746097065225104
perm_android.permission.INJECT_EVENTS,0,0.12611407641187256,0.1756278244336892,490.2,162.0258004146253,"pearson_r, mutual_information, f_stat",0.0,0.18310692138583148,0.0,2.490021280211484e-06,0.44746097065225104
perm_com.google.android.googleapps.permission.GOOGLE_AUTH.talk,0,0.1256820269969327,0.17548969180964746,490.4,161.6565495116112,"pearson_r, mutual_information, f_stat",0.0,0.1809466743111323,0.0,2.490021280211484e-06,0.44746097065225104
intent_android.net.conn.MEDIA_NOFS,0,0.1256215408068017,0.17547068436018562,490.6,161.28744526465783,"pearson_r, mutual_information, f_stat",0.0,0.18064424336047727,0.0,2.490021280211484e-06,0.44746097065225104
intent_com.example.servicejar.action.SHORTCUT_CLICKED,0,0.1254454796997894,0.1754158212478016,490.8,160.9184886829354,"pearson_r, mutual_information, f_stat",0.0,0.1797639378254157,0.0,2.490021280211484e-06,0.44746097065225104
intent_android.intent.action.IMEDIATE_NOTIFY_ALARM,0,0.12538615049101948,0.17539748881205897,491.0,160.5496807844849,"pearson_r, mutual_information, f_stat",0.0,0.1794672917815661,0.0,2.490021280211484e-06,0.44746097065225104
intent_com.google.android.gms.iid.InstanceID,0,0.12531548523150224,0.14876488966849608,275.4,356.6906783194649,"pearson_r, mutual_information, entropy_reduction_ratio",0.06060041273073291,0.15190580064748332,0.006047759881533592,0.005078459454576,0.40294499344318546
intent_com.mobiletool.appstore.action.update,0,0.12514611548472138,0.1753241193179443,491.2,160.18102259631132,"pearson_r, mutual_information, f_stat",0.0,0.17826711675007564,0.0,2.490021280211484e-06,0.44746097065225104
perm_android.permission.BIND_JOB_SERVICE,0,0.12505027335960447,0.17144333468211076,307.9,291.8352960147213,"pearson_r, mutual_information, entropy_reduction_ratio",0.003249406239251877,0.18406812944331705,0.0003359866600851996,0.00026488045103928003,0.43733296400432903
perm_android.permission.ADDINSTALLKEY,0,0.12471914694472856,0.17519678658709154,491.4,159.81251515447718,"pearson_r, mutual_information, f_stat",0.0,0.17613227405011153,0.0,2.490021280211484e-06,0.44746097065225104
intent_show_start_app,0,0.1246933356518504,0.17518921946504373,491.6,159.44415950419756,"pearson_r, mutual_information, f_stat",0.0,0.17600321758572074,0.0,2.490021280211484e-06,0.44746097065225104
intent_com.secneo.proxy.action.CUSTOM,0,0.12458817073983708,0.17515854206109435,491.8,159.07595669993628,"pearson_r, mutual_information, f_stat",0.0,0.17547739302565418,0.0,2.490021280211484e-06,0.44746097065225104
intent_android.intent.action.MY_PACKAGE_REPLACED,0,0.12387879820917225,0.16057467545440515,278.9,344.3890822892038,"pearson_r, mutual_information, entropy_reduction_ratio",0.024697083996425978,0.17079782334581917,0.0025198999506389963,0.0020241723028780407,0.419355011450099
perm_android.permission.BROADCAST_PACKAGE_CHANGED,0,0.12366448741268113,0.17489973289919264,492.0,158.70790780550288,"pearson_r, mutual_information, f_stat",0.0,0.17085897638987438,0.0,2.490021280211484e-06,0.44746097065225104
perm_com.huawei.launcher2.permission.WRITE_SETTINGS,0,0.12345135403507665,0.17484273170445344,492.4,157.97227604867885,"pearson_r, mutual_information, f_stat",0.0,0.16979330950185206,0.0,2.490021280211484e-06,0.44746097065225104
intent_com.mobiletool.appstore.action.BackgroundService,0,0.12326943491618307,0.17479488617441333,492.8,157.23727293488653,"pearson_r, mutual_information, f_stat",0.0,0.16888371390738408,0.0,2.490021280211484e-06,0.44746097065225104
intent_safiap.framework.ACTION_TO_INSTALL_IAP,0,0.12325982803801983,0.1747923802122192,493.0,156.8700098807927,"pearson_r, mutual_information, f_stat",0.0,0.16883567951656786,0.0,2.490021280211484e-06,0.44746097065225104
perm_com.google.android.googleapps.permission.GOOGLE_AUTH.OTHER_SERVICES,0,0.12318182873197611,0.1747721108937139,493.2,156.50290732123798,"pearson_r, mutual_information, f_stat",0.0,0.16844568298634935,0.0,2.490021280211484e-06,0.44746097065225104
perm_com.google.android.providers.gsf.permission.READ_GSERVICES,0,0.1229436282015423,0.13926474590845447,282.0,362.2684087800094,"pearson_r, entropy_reduction_ratio, mutual_information",0.1036991670778119,0.10356129245933608,0.010079599802555985,0.008933541485770557,0.38844454018223695
perm_com.android.agedlauncher.permission.WRITE_SETTINGS,0,0.12292312064002717,0.17470586199385288,493.4,156.13596638827326,"pearson_r, mutual_information, f_stat",0.0,0.1671521425266046,0.0,2.490021280211484e-06,0.44746097065225104
intent_com.mobiletool.appstore.action.download,0,0.12279145873162016,0.17467272540265277,493.6,155.76918822411574,"pearson_r, mutual_information, f_stat",0.0,0.16649383298456957,0.0,2.490021280211484e-06,0.44746097065225104
perm_com.google.android.googleapps.permission.GOOGLE_AUTH.health,0,0.122760185861333,0.174664912086537,493.8,155.4025739812568,"pearson_r, mutual_information, f_stat",0.0,0.16633746863313367,0.0,2.490021280211484e-06,0.44746097065225104
intent_com.qihoo.appstore.APPWATCHER_CHANGE_TIME,0,0.12263397674767951,0.1746336036640459,494.0,155.0361248225716,"pearson_r, mutual_information, f_stat",0.0,0.16570642306486624,0.0,2.490021280211484e-06,0.44746097065225104
intent_android.intent.action.MEDIA_REMOVED,0,0.12235405014382925,0.17190900530589845,323.1,270.314890451858,"pearson_r, mutual_information, entropy_reduction_ratio",0.0016230602541752626,0.16953921164412047,0.0001679933300425998,0.00013341748639194307,0.4403065680044159
intent_com.qihoo.appstore.ACTION_GAME_UNION_DETAIL,0,0.12227807084726916,0.1745472507063691,494.2,154.66984192142954,"pearson_r, mutual_information, f_stat",0.0,0.16392689356281456,0.0,2.490021280211484e-06,0.44746097065225104
perm_com.nd.android.launcher.permission.READ_SETTINGS,0,0.12184564455702056,0.17444618255306663,494.4,154.3037264618065,"pearson_r, mutual_information, f_stat",0.0,0.1617647621115715,0.0,2.490021280211484e-06,0.44746097065225104
perm_android.permission.VIBRATE,0,0.12184497371311649,0.18232466815245488,117.4,80.12640014377284,"pearson_r, mutual_information, entropy_reduction_ratio",0.013148022661435346,0.11636953174643143,0.0014456434450743694,0.0021092434706011668,0.47615242724204015
perm_,0,0.12183585962189167,0.17444394451618642,494.6,153.93777963839807,"pearson_r, mutual_information, f_stat",0.0,0.16171583743592707,0.0,2.490021280211484e-06,0.44746097065225104
perm_com.ebproductions.android.launcher.permission.READ_SETTINGS,0,0.12155844057400098,0.1743813943421967,494.8,153.57200265673427,"pearson_r, mutual_information, f_stat",0.0,0.1603287421964736,0.0,2.490021280211484e-06,0.44746097065225104
suspicious_Ldalvik/system/DexClassLoader;,0,0.12149879378630687,0.12406469875470795,302.0,374.90905563883086,"pearson_r, entropy_reduction_ratio, f_stat",0.19345702203419246,0.03298215876508277,0.014209784077649754,0.03381126714079965,0.33303373691380983
perm_com.lge.launcher.permission.READ_SETTINGS,0,0.12149258028762318,0.17436680072967553,495.0,153.2063967332957,"pearson_r, mutual_information, f_stat",0.0,0.15999944076458456,0.0,2.490021280211484e-06,0.44746097065225104
intent_androidx.work.impl.background.systemalarm.UpdateProxies,0,0.12125985905322482,0.1743160207932367,495.4,152.4757029824752,"pearson_r, mutual_information, f_stat",0.0,0.15883583459259293,0.0,2.490021280211484e-06,0.44746097065225104
perm_com.samsung.android.scloud.backup.lib.write,0,0.12084911787762627,0.17422939458572095,495.6,152.11061764387125,"pearson_r, mutual_information, f_stat",0.0,0.15678212871460004,0.0,2.490021280211484e-06,0.44746097065225104
perm_com.tencent.qqlauncher.permission.READ_SETTINGS,0,0.12075137166540614,0.17420934396176604,495.8,151.7457083412905,"pearson_r, mutual_information, f_stat",0.0,0.15629339765349948,0.0,2.490021280211484e-06,0.44746097065225104
perm_com.google.android.googleapps.permission.GOOGLE_AUTH.android,0,0.12064073019129681,0.17418691008636605,496.0,151.38097634775647,"pearson_r, mutual_information, f_stat",0.0,0.15574019028295283,0.0,2.490021280211484e-06,0.44746097065225104
perm_com.google.android.providers.talk.permission.READ_ONLY,0,0.12051399981941717,0.17416155589717272,496.2,151.01642294796946,"pearson_r, mutual_information, f_stat",0.0,0.15510653842355454,0.0,2.490021280211484e-06,0.44746097065225104
intent_pushy.me,0,0.12041008264768241,0.17414103832838657,496.4,150.65204943843278,"pearson_r, mutual_information, f_stat",0.0,0.15458695256488073,0.0,2.490021280211484e-06,0.44746097065225104
intent_com.baidu.location.service_v2.2,0,0.12003761799120687,0.17406951714054839,496.8,149.92384733590586,"pearson_r, mutual_information, f_stat",0.0,0.1527246292825031,0.0,2.490021280211484e-06,0.44746097065225104
perm_com.meizu.flyme.launcher.permission.WRITE_SETTINGS,0,0.11960038050400654,0.17398959029396652,497.2,149.19638065315124,"pearson_r, mutual_information, f_stat",0.0,0.1505384418465014,0.0,2.490021280211484e-06,0.44746097065225104
perm_com.actionlauncher.playstore.permission.READ_SETTINGS,0,0.11931162073128951,0.1739391954803878,497.6,148.4696602003251,"pearson_r, mutual_information, f_stat",0.0,0.14909464298291625,0.0,2.490021280211484e-06,0.44746097065225104
perm_android.permission.CHANGE_WIFI_MULTICAST_STATE,0,0.11928986870108571,0.1651621183117493,295.9,323.2006188112888,"pearson_r, mutual_information, entropy_reduction_ratio",0.011430891560450535,0.15449478752584872,0.0011759533102981986,0.0009303475105165184,0.42841736359831456
intent_action.com.excelliance.install.plugin,0,0.11873589237113968,0.17384440087567046,497.8,148.10658324328463,"pearson_r, mutual_information, f_stat",0.0,0.1462160011821672,0.0,2.490021280211484e-06,0.44746097065225104
perm_com.sec.android.permission.VOIP_INTERFACE,0,0.11857493007938777,0.17381925333136905,498.0,147.7436969890763,"pearson_r, mutual_information, f_stat",0.0,0.1454111897234076,0.0,2.490021280211484e-06,0.44746097065225104
intent_com.qihoo.appstore.plugin.battery.setPowerRankConfig,0,0.11855797057073483,0.17381663821285662,498.2,147.38100284636417,"pearson_r, mutual_information, f_stat",0.0,0.1453263921801429,0.0,2.490021280211484e-06,0.44746097065225104
intent_com.qihoo.appstore.accessibility.ALERT,0,0.11852362442955053,0.17381136227034466,498.4,147.01850223696334,"pearson_r, mutual_information, f_stat",0.0,0.14515466147422146,0.0,2.490021280211484e-06,0.44746097065225104
perm_android.permission.RECORD_VIDEO,0,0.11824074687266121,0.16963056417526437,315.9,288.94539276479213,"pearson_r, mutual_information, entropy_reduction_ratio",0.003249406239251877,0.15002049700860073,0.0003359866600851996,0.00026488045103928003,0.43733296400432903
perm_android.permission.BLUETOOTH,0,0.11793372271291278,0.1993919658707685,183.5,274.6852744505974,"pearson_r, entropy_reduction_ratio, chi2_stat",0.04764782171634757,0.0,0.014689839416920404,0.011869405911499856,0.515461546519796
perm_org.adw.launcher.permission.WRITE_SETTINGS,0,0.11790507290683387,0.17372096805275697,498.6,146.6561965959843,"pearson_r, mutual_information, f_stat",0.0,0.14206190386063813,0.0,2.490021280211484e-06,0.44746097065225104
intent_action_send_pop,0,0.11767409117333553,0.17368946018124637,498.8,146.29408737197824,"pearson_r, mutual_information, f_stat",0.0,0.14090699519314642,0.0,2.490021280211484e-06,0.44746097065225104
perm_ANDROID.PERMISSION.WRITE_APN_SETTINGS,0,0.11760987006058225,0.17368091717157869,499.0,145.93217602708458,"pearson_r, mutual_information, f_stat",0.0,0.14058588962938004,0.0,2.490021280211484e-06,0.44746097065225104
perm_com.google.android.finsky.permission.BIND_GET_INSTALL_REFERRER_SERVICE,0,0.11750790720425106,0.1523961962121338,281.6,352.4125990937327,"pearson_r, mutual_information, entropy_reduction_ratio",0.032851319170706564,0.14018765856718104,0.004526958310126622,0.004522232166774883,0.4054513678064662
intent_show_lock_set_email,0,0.11746211668988402,0.17366162139379546,499.4,145.20895289203074,"pearson_r, mutual_information, f_stat",0.0,0.13984712277588884,0.0,2.490021280211484e-06,0.44746097065225104
intent_org.agoo.android.intent.action.RECEIVE,0,0.11744344813739457,0.173659219012004,499.6,144.84764409544258,"pearson_r, mutual_information, f_stat",0.0,0.13975378001344166,0.0,2.490021280211484e-06,0.44746097065225104
intent_com.kingroot.master.action.NAIN_EXIT_NOTIFY,0,0.11731207801196526,0.1736425395981778,499.8,144.48653916541844,"pearson_r, mutual_information, f_stat",0.0,0.13909692938629503,0.0,2.490021280211484e-06,0.44746097065225104
intent_cn.egame.terminal.sdk.SERVICE_CMD,0,0.11730611886960443,0.1736417923833112,500.0,144.1256396343135,"pearson_r, mutual_information, f_stat",0.0,0.13906713367449092,0.0,2.490021280211484e-06,0.44746097065225104
perm_com.huaqin.launcherEx.permission.READ_SETTINGS,0,0.11657655055068225,0.173556471639171,500.4,143.40446297099683,"pearson_r, mutual_information, f_stat",0.0,0.13541929207988007,0.0,2.490021280211484e-06,0.44746097065225104
intent_com.qihoo.sdkplugging.host.service.CommonHostProxyService,0,0.11645583960396495,0.17354353367968373,500.6,143.04418897669348,"pearson_r, mutual_information, f_stat",0.0,0.13481573734629343,0.0,2.490021280211484e-06,0.44746097065225104
intent_com.kingroot.master.action.NOTIFY_STATISTIC,0,0.11591413361948881,0.17348959775895273,501.2,141.96464348562284,"pearson_r, mutual_information, f_stat",0.0,0.13210720742391277,0.0,2.490021280211484e-06,0.44746097065225104
intent_io.intercom.android.sdk.INTERCOM_PUSH_DISMISSED,0,0.11540081239490156,0.16708394558498996,307.8,307.2708251689379,"pearson_r, mutual_information, entropy_reduction_ratio",0.0065120088060341835,0.13618169581060915,0.0006719733201703992,0.0005294260425551199,0.433108957995139
perm_dianxin.permission.READ_SETTINGS,0,0.11497657148276126,0.17341220428750564,501.4,141.60522589226713,"pearson_r, mutual_information, f_stat",0.0,0.12741939674027508,0.0,2.490021280211484e-06,0.44746097065225104
perm_com.tencent.qqlauncher.permission.WRITE_SETTINGS,0,0.11491399717798238,0.17340775950269963,501.6,141.24602649278316,"pearson_r, mutual_information, f_stat",0.0,0.1271065252163807,0.0,2.490021280211484e-06,0.44746097065225104
intent_oh.rt.hj.j.g,0,0.11482507809583387,0.17340159856631746,501.8,140.88704695606336,"pearson_r, mutual_information, f_stat",0.0,0.1266619298056381,0.0,2.490021280211484e-06,0.44746097065225104
suspicious_getWifiState,0,0.11480084615115871,0.1661043001366922,303.6,315.89688190927114,"pearson_r, mutual_information, entropy_reduction_ratio",0.00814829229360649,0.1329547225343032,0.0008399666502129989,0.0006625165245282207,0.43139873275314256
perm_com.fx.launcher.permission.WRITE_SETTINGS,0,0.11477913806881945,0.17339848689283308,502.0,140.52828896702613,"pearson_r, mutual_information, f_stat",0.0,0.12643222967056597,0.0,2.490021280211484e-06,0.44746097065225104
perm_com.yulong.android.launcher.permission.READ_SETTINGS,0,0.1147136588382506,0.1733941358175036,502.2,140.1697542267946,"pearson_r, mutual_information, f_stat",0.0,0.12610483351772167,0.0,2.490021280211484e-06,0.44746097065225104
intent_com.mobiletool.appstore.action.wap,0,0.11449554087971499,0.17338035470647017,502.4,139.8114444528773,"pearson_r, mutual_information, f_stat",0.0,0.12501424372504366,0.0,2.490021280211484e-06,0.44746097065225104
intent_android.easou.eyou.SEND_SMS_RESULT,0,0.11425368403922717,0.17336635583813306,502.6,139.4533613793515,"pearson_r, mutual_information, f_stat",0.0,0.12380495952260463,0.0,2.490021280211484e-06,0.44746097065225104
perm_com.sec.android.app.twlauncher.settings.READ_SETTINGS,0,0.11404254417126594,0.17335523743654443,502.8,139.09550675704804,"pearson_r, mutual_information, f_stat",0.0,0.12274926018279844,0.0,2.490021280211484e-06,0.44746097065225104
intent_cn.jpush.android.intent.NOTIFICATION_RECEIVED_PROXY,0,0.11397745348381849,0.17335201712587558,503.0,138.73788235373928,"pearson_r, mutual_information, f_stat",0.0,0.12242380674556115,0.0,2.490021280211484e-06,0.44746097065225104
intent_com.qihoo.psdk.service.action.local,0,0.11393021631913061,0.17334974128463157,503.4,138.02333136104198,"pearson_r, mutual_information, f_stat",0.0,0.12218762092212176,0.0,2.490021280211484e-06,0.44746097065225104
intent_com.qihoo.appstore.ACTION_CHARGE_START_PLUGIN,0,0.11374124693831714,0.17334115162847608,503.6,137.66640839362375,"pearson_r, mutual_information, f_stat",0.0,0.12124277401805443,0.0,2.490021280211484e-06,0.44746097065225104
intent_com.chance.service,0,0.11370641595293533,0.17333965827102693,503.8,137.30972288953174,"pearson_r, mutual_information, f_stat",0.0,0.12106861909114547,0.0,2.490021280211484e-06,0.44746097065225104
perm_telecom.mdesk.permission.READ_SETTINGS,0,0.11366706236713323,0.1733380046791513,504.0,136.95327670413732,"pearson_r, mutual_information, f_stat",0.0,0.12087185116213488,0.0,2.490021280211484e-06,0.44746097065225104
intent_android.intent.action.SEND_TO_KPSH,0,0.11351291943076203,0.17333187177125625,504.2,136.5970717109265,"pearson_r, mutual_information, f_stat",0.0,0.12010113648027884,0.0,2.490021280211484e-06,0.44746097065225104
intent_com.qihoo.appstore.notification.notify_action,0,0.11335146335831678,0.1733260356342407,504.6,135.88539288680002,"pearson_r, mutual_information, f_stat",0.0,0.11929385611805268,0.0,2.490021280211484e-06,0.44746097065225104
perm_android.permission.CAMERA,0,0.11326653880228373,0.14509695646343207,286.6,358.52620545784373,"pearson_r, mutual_information, entropy_reduction_ratio",0.05336970031818683,0.10445451620491819,0.006887985780712705,0.0072176930005175294,0.39440279870708334
perm_com.google.android.googleapps.permission.GOOGLE_AUTH.ah,0,0.11322936109826995,0.17332202140916084,504.8,135.529922895278,"pearson_r, mutual_information, f_stat",0.0,0.11868334481781848,0.0,2.490021280211484e-06,0.44746097065225104
perm_com.google.android.googleapps.permission.GOOGLE_AUTH.groups2,0,0.11322502957579546,0.17332188532409817,505.0,135.17470177514727,"pearson_r, mutual_information, f_stat",0.0,0.118661687205446,0.0,2.490021280211484e-06,0.44746097065225104
perm_com.facebook.receiver.permission.ACCESS,0,0.11318630926414122,0.1733206880646232,505.4,134.4650140371093,"pearson_r, mutual_information, f_stat",0.0,0.11846808564717479,0.0,2.490021280211484e-06,0.44746097065225104
intent_com.qihoo360.daemon.pcdaemon.ACTION_START_SERVICE2,0,0.11303141229021574,0.17331624453907135,505.6,134.11055141188555,"pearson_r, mutual_information, f_stat",0.0,0.1176936007775474,0.0,2.490021280211484e-06,0.44746097065225104
intent_action.qihoo360.daemon.pcdaemon.DaemonStatus,0,0.11277362830164273,0.17331007690373562,506.0,133.40239877903247,"pearson_r, mutual_information, f_stat",0.0,0.11640468083468239,0.0,2.490021280211484e-06,0.44746097065225104
perm_android.permission.ACCESS_COARSE_LOCATION,0,0.11261901779214697,0.19560024570715032,188.9,271.96551251951047,"pearson_r, entropy_reduction_ratio, f_stat",0.04686003312705468,0.0,0.006077822070923938,0.00774332599085521,0.5024139077719011
intent_com.google.android.gms.measurement.UPLOAD,0,0.11243259924727829,0.17158186128279784,345.2,248.97823198022752,"pearson_r, mutual_information, entropy_reduction_ratio",0.0003127284038390226,0.11865419277076322,5.530644610455937e-05,5.138540565679193e-05,0.44308938321002783
perm_android.permission.REORDER_TASKS,0,0.1123422473388278,0.17031979867990168,334.9,266.0690511878449,"pearson_r, mutual_information, entropy_reduction_ratio",0.0016230602541752626,0.11948019761911335,0.0001679933300425998,0.00013341748639194307,0.4403065680044159
intent_com.mobiletool.appstore.action.main,0,0.1119396014458794,0.17330063003032856,507.0,131.63662104444947,"pearson_r, mutual_information, f_stat",0.0,0.11223454655586579,0.0,2.490021280211484e-06,0.44746097065225104
intent_com.lge.launcher2.THEME,0,0.11193382994169188,0.17030464032226092,336.3,265.6999435453459,"pearson_r, mutual_information, entropy_reduction_ratio",0.0016230602541752626,0.11743811063343362,0.0001679933300425998,0.00013341748639194307,0.4403065680044159
perm_android.permission.MODIFY_AUDIO_SETTINGS,0,0.11170296126785181,0.1576879597263015,292.8,343.8833523158689,"pearson_r, mutual_information, entropy_reduction_ratio",0.02804814623463889,0.10782937345870744,0.0028558866107241962,0.0023033922294342715,0.4174780078057543
intent_com.phonemetra.turbo.launcher.icons.ACTION_PICK_ICON,0,0.11165657945772138,0.17029658204921996,337.1,265.50205272276145,"pearson_r, mutual_information, entropy_reduction_ratio",0.0016230602541752626,0.11605185821358122,0.0001679933300425998,0.00013341748639194307,0.4403065680044159
intent_com.baidu.autoupdatesdk.ACTION_AS_DOWNLOAD_COMPLETE,0,0.11147551128604627,0.17330232579330304,507.2,131.28427171599805,"pearson_r, mutual_information, f_stat",0.0,0.10991409575670014,0.0,2.490021280211484e-06,0.44746097065225104
perm_com.yulong.android.launcher3.WRITE_SETTINGS,0,0.11076976475748393,0.1733144320741854,507.8,130.2288754462696,"pearson_r, mutual_information, f_stat",0.0,0.10638536311388833,0.0,2.490021280211484e-06,0.44746097065225104
intent_com.umeng.messge.registercallback.action,0,0.11061292347774457,0.17331868356376032,508.0,129.87763471822237,"pearson_r, mutual_information, f_stat",0.0,0.10560115671519157,0.0,2.490021280211484e-06,0.44746097065225104
intent_com.mobiletool.appstore.action.topicdetail,0,0.11055039909778719,0.17332053665012084,508.2,129.526676788992,"pearson_r, mutual_information, f_stat",0.0,0.10528853481540465,0.0,2.490021280211484e-06,0.44746097065225104
intent_com.igexin.sdk.action.user.message,0,0.11033701756916521,0.17332753999489195,508.6,128.82561857022074,"pearson_r, mutual_information, f_stat",0.0,0.10422162717229476,0.0,2.490021280211484e-06,0.44746097065225104
perm_com.fede.launcher.permission.WRITE_SETTINGS,0,0.11018591227949778,0.17333313470767736,509.0,128.12571951017486,"pearson_r, mutual_information, f_stat",0.0,0.10346610072395768,0.0,2.490021280211484e-06,0.44746097065225104
intent_com.kingroot.kinguser.ANTILOG_DELETE,0,0.11016954994892687,0.17333377213356133,509.2,127.77621061840892,"pearson_r, mutual_information, f_stat",0.0,0.10338428907110309,0.0,2.490021280211484e-06,0.44746097065225104
perm_android.permission.BROADCAST_SMS,0,0.11016081626029776,0.17333411489914552,509.4,127.42699870906479,"pearson_r, mutual_information, f_stat",0.0,0.1033406206279576,0.0,2.490021280211484e-06,0.44746097065225104
intent_android.intent.action.MAIN,0,0.1097946290278895,0.173350069793332,509.8,126.72947565582363,"pearson_r, mutual_information, f_stat",0.0,0.1015096844659162,0.0,2.490021280211484e-06,0.44746097065225104
perm_com.android.browser.permission.READ_HISTORY_BOOKMARKS,0,0.1097703536333845,0.16585902467203237,310.4,314.90512857049504,"pearson_r, mutual_information, entropy_reduction_ratio",0.00814829229360649,0.1078022599454322,0.0008399666502129989,0.0006625165245282207,0.43139873275314256
intent_com.qihoo.appstore.activate,0,0.1097496332436286,0.17335224362837573,510.0,126.38116948343215,"pearson_r, mutual_information, f_stat",0.0,0.10128470554461184,0.0,2.490021280211484e-06,0.44746097065225104
perm_com.google.android.googleapps.permission.GOOGLE_AUTH.orkut,0,0.10974205089102433,0.17335261454357467,510.2,126.03317023704514,"pearson_r, mutual_information, f_stat",0.0,0.10124679378159046,0.0,2.490021280211484e-06,0.44746097065225104
intent_com.qihoo.appstore.plugin.streamapp.IPluginHelperServiceStreamApp,0,0.10969216753136912,0.1733550878007997,510.4,125.68548046612227,"pearson_r, mutual_information, f_stat",0.0,0.1009973769833144,0.0,2.490021280211484e-06,0.44746097065225104
intent_com.qihoo.appstore.clean.result,0,0.10950411603947612,0.17336492741193618,510.6,125.33810274613224,"pearson_r, mutual_information, f_stat",0.0,0.10005711952384938,0.0,2.490021280211484e-06,0.44746097065225104
intent_com.sogou.pushservice.action.METHOD,0,0.10941788847999978,0.17336971183058994,511.0,124.64429389266081,"pearson_r, mutual_information, f_stat",0.0,0.09962598172646768,0.0,2.490021280211484e-06,0.44746097065225104
intent_android.intent.action.SENT_SMS_ACTION,0,0.10936650117079845,0.17337264461939783,511.2,124.29786804285905,"pearson_r, mutual_information, f_stat",0.0,0.09936904518046097,0.0,2.490021280211484e-06,0.44746097065225104
intent_com.mobiletool.appstore.service.weathernotifyreceiver,0,0.109272884141737,0.17337814401813312,511.6,123.60598691001984,"pearson_r, mutual_information, f_stat",0.0,0.09890096003515374,0.0,2.490021280211484e-06,0.44746097065225104
perm_android.permission.PACKAGE_USAGE_STATS,0,0.1088164743876349,0.1677765558806396,322.0,296.643220047248,"pearson_r, mutual_information, entropy_reduction_ratio",0.004879051285888095,0.10325818291309284,0.0005039799901277994,0.00039688412416398174,0.43504427362490183
intent_com.qihoo.appstore.ACTION_GET_SIGNIN_FOR_NOTIFYCATION,0,0.10874878567269493,0.17341266204947114,511.8,123.26053707492922,"pearson_r, mutual_information, f_stat",0.0,0.09628046768994339,0.0,2.490021280211484e-06,0.44746097065225104
perm_com.tencent.mm.ext.permission.READ,0,0.10872230531608831,0.17341457405574123,512.0,122.9154180727544,"pearson_r, mutual_information, f_stat",0.0,0.09614806590691033,0.0,2.490021280211484e-06,0.44746097065225104
perm_android.permission.GET_ACCOUNTS,0,0.10864387498260579,0.1408084285878508,297.6,363.6853585174965,"pearson_r, entropy_reduction_ratio, mutual_information",0.07456225841867908,0.06450028190193835,0.009125794050777769,0.00999929790006273,0.38503174264157103
intent_android.intent.action.PACKAGE_RESTARTED,0,0.10844579459851815,0.17033478161060495,341.3,264.6194626251063,"pearson_r, mutual_information, entropy_reduction_ratio",0.0016230602541752626,0.09999793391756501,0.0001679933300425998,0.00013341748639194307,0.4403065680044159
intent_android.app.action.DEVICE_ADMIN_ENABLED,0,0.10829667806918777,0.17034243804941793,341.9,264.5149145133408,"pearson_r, mutual_information, entropy_reduction_ratio",0.0016230602541752626,0.09925235127091314,0.0001679933300425998,0.00013341748639194307,0.4403065680044159
intent_com.meizu.flyme.push.intent.MESSAGE,0,0.10809414197153415,0.17346466557846563,512.4,122.22618377418155,"pearson_r, mutual_information, f_stat",0.0,0.09300724918413948,0.0,2.490021280211484e-06,0.44746097065225104
intent_com.qihoo.appstore.download_one_apk,0,0.10795377268066524,0.17347710076919132,512.6,121.88207415366708,"pearson_r, mutual_information, f_stat",0.0,0.09230540272979493,0.0,2.490021280211484e-06,0.44746097065225104
intent_safiap.framework.ACTION_TO_UPDATE,0,0.1079315922175503,0.17347910720130233,512.8,121.53830671849926,"pearson_r, mutual_information, f_stat",0.0,0.0921945004142203,0.0,2.490021280211484e-06,0.44746097065225104
intent_safiap.framework.ACTION_START_DOWNLOAD,0,0.10785857135731255,0.17348579260419944,513.0,121.1948843804886,"pearson_r, mutual_information, f_stat",0.0,0.09182939611303152,0.0,2.490021280211484e-06,0.44746097065225104
intent_com.sogou.androidtool.action.update,0,0.10758324979246733,0.17351210274383297,513.2,120.85181008160366,"pearson_r, mutual_information, f_stat",0.0,0.09045278828880542,0.0,2.490021280211484e-06,0.44746097065225104
perm_android.permission.ACCESS_WIMAX_STATE,0,0.10738900187471667,0.1735317142212196,513.4,120.50908679431605,"pearson_r, mutual_information, f_stat",0.0,0.08948154870005207,0.0,2.490021280211484e-06,0.44746097065225104
intent_com.qihoo.appstore.battery.ICON,0,0.10736949657475106,0.17353373142669848,513.6,120.16671752194947,"pearson_r, mutual_information, f_stat",0.0,0.08938402220022401,0.0,2.490021280211484e-06,0.44746097065225104
intent_android.bluetooth.adapter.action.STATE_CHANGED,0,0.10732929823485116,0.17040477720508573,342.7,264.38392538125305,"pearson_r, mutual_information, entropy_reduction_ratio",0.0016230602541752626,0.09441545209923004,0.0001679933300425998,0.00013341748639194307,0.4403065680044159
intent_com.kingroot.master.action.TRAFFIC_STATISTICS,0,0.1073113605709799,0.17353979563565639,513.8,119.82470529903254,"pearson_r, mutual_information, f_stat",0.0,0.08909334218136825,0.0,2.490021280211484e-06,0.44746097065225104
intent_com.baidu.autoupdatesdk.ACTION_DOWNLOAD_COMPLETE,0,0.10729968543147823,0.17354102284564651,514.0,119.4830531916556,"pearson_r, mutual_information, f_stat",0.0,0.08903496648385986,0.0,2.490021280211484e-06,0.44746097065225104
perm_android.permission.ACCESS_FINE_LOCATION,0,0.10702605933657394,0.14206675856331707,298.2,361.5977876038514,"pearson_r, mutual_information, entropy_reduction_ratio",0.06438590852697632,0.06752566407918957,0.007223814362160026,0.009550807170207915,0.3864441025443359
perm_com.huawei.launcher3.permission.WRITE_SETTINGS,0,0.10695733986692516,0.1735784004514805,514.2,119.14176429783134,"pearson_r, mutual_information, f_stat",0.0,0.08732323866109448,0.0,2.490021280211484e-06,0.44746097065225104
perm_com.sonyericsson.home.READ_SETTINGS,0,0.10691550508450012,0.17358315264044125,514.4,118.80084174785968,"pearson_r, mutual_information, f_stat",0.0,0.08711406474896936,0.0,2.490021280211484e-06,0.44746097065225104
intent_com.qihoo.appstore.ACTION_GAME_UNION_WEB,0,0.10685211835253935,0.17359042960165708,514.6,118.46028870469632,"pearson_r, mutual_information, f_stat",0.0,0.08679713108916555,0.0,2.490021280211484e-06,0.44746097065225104
perm_android.permission.WRITE_APN_SETTING,0,0.10674077895761924,0.17360343503348477,514.8,118.1201083643255,"pearson_r, mutual_information, f_stat",0.0,0.08624043411456496,0.0,2.490021280211484e-06,0.44746097065225104
intent_com.qihoo.appstore.ACTION_CLEAR_CREATE_SHORTCUT,0,0.1066024283813352,0.17361999218983773,515.0,117.78030395613692,"pearson_r, mutual_information, f_stat",0.0,0.08554868123314475,0.0,2.490021280211484e-06,0.44746097065225104
intent_com.areametrics.areametricssdk.AMLocationUpdatesBroadcastReceiver.ACTION_PROCESS_UPDATES,0,0.10640147740114266,0.17364482357800762,515.2,117.44087874330641,"pearson_r, mutual_information, f_stat",0.0,0.084543926332182,0.0,2.490021280211484e-06,0.44746097065225104
intent_com.google.firebase.MESSAGING_EVENT,0,0.10630756447443249,0.1374173587783153,367.9,410.50583430689505,"pearson_r, entropy_reduction_ratio, f_stat",0.1351762828921892,0.0,0.014757750244993123,0.01814182517122391,0.3634619640637562
intent_com.tencent.smtt.tbs.video.PLAY,0,0.10629132309482843,0.17365882844840816,515.4,117.10183602318112,"pearson_r, mutual_information, f_stat",0.0,0.0839931548006109,0.0,2.490021280211484e-06,0.44746097065225104
intent_android.intent.action.CHECK_RECEIVER,0,0.1062774877897146,0.17366060712683223,515.6,116.7631791276685,"pearson_r, mutual_information, f_stat",0.0,0.08392397827504175,0.0,2.490021280211484e-06,0.44746097065225104
perm_yulong.permission.ACCESS_YLPARAMS,0,0.10621806658435291,0.17366829628961475,516.0,116.0870363132766,"pearson_r, mutual_information, f_stat",0.0,0.08362687224823326,0.0,2.490021280211484e-06,0.44746097065225104
intent_com.qihoo.appstore.battery.ACCESSIBILITY_ALERT,0,0.10619652872823,0.17367110330576274,516.2,115.74955723457433,"pearson_r, mutual_information, f_stat",0.0,0.08351918296761876,0.0,2.490021280211484e-06,0.44746097065225104
intent_cn.jpush.android.intent.MESSAGE_RECEIVED,0,0.10614800966043887,0.1736774657438127,516.4,115.41247766164628,"pearson_r, mutual_information, f_stat",0.0,0.08327658762866308,0.0,2.490021280211484e-06,0.44746097065225104
perm_android.permission.TRANSMIT_IR,0,0.10605965536650455,0.17368919053817952,516.6,115.07580110518458,"pearson_r, mutual_information, f_stat",0.0,0.0828348161589915,0.0,2.490021280211484e-06,0.44746097065225104
intent_android.settings.ADD_ACCOUNT_SETTINGS,0,0.10599516333838813,0.17369786176191446,516.8,114.7395311128645,"pearson_r, mutual_information, f_stat",0.0,0.08251235601840935,0.0,2.490021280211484e-06,0.44746097065225104
intent_android.intent.action.NOTIFICATION_ADD,0,0.10594261497759894,0.1737049976023857,517.0,114.40367126976302,"pearson_r, mutual_information, f_stat",0.0,0.08224961421446339,0.0,2.490021280211484e-06,0.44746097065225104
intent_com.baidu.android.pushservice.action.media.CLICK,0,0.10591666389545254,0.17370854499389968,517.2,114.0682251987818,"pearson_r, mutual_information, f_stat",0.0,0.08211985880373145,0.0,2.490021280211484e-06,0.44746097065225104
intent_com.qihoo.appstore.powerusage.HIGH_TEMPERATURE,0,0.10586845872203834,0.17371517537936906,517.4,113.73319656107445,"pearson_r, mutual_information, f_stat",0.0,0.08187883293666041,0.0,2.490021280211484e-06,0.44746097065225104
perm_android.hardware.camera.autofocus,0,0.1056678739422513,0.17374333656779803,517.6,113.39858905647812,"pearson_r, mutual_information, f_stat",0.0,0.08087590903772521,0.0,2.490021280211484e-06,0.44746097065225104
intent_com.qihoo.appstore.checkupdate.INIT_APK_INFO,0,0.10537581478993019,0.1737859880324468,518.0,112.73065244200444,"pearson_r, mutual_information, f_stat",0.0,0.07941561327611964,0.0,2.490021280211484e-06,0.44746097065225104
perm_android.permission.READ_CONTACTS,0,0.10522771813317537,0.14970519574290878,306.2,360.8381354568832,"pearson_r, entropy_reduction_ratio, mutual_information",0.06586299665882332,0.047209147512254614,0.006551739871661391,0.005537949994417715,0.40097675662871984
intent_com.sogou.androidtool.service.weathernotifyreceiver,0,0.10508665625693378,0.17383013925845717,518.2,112.39733092916399,"pearson_r, mutual_information, f_stat",0.0,0.07796982061113766,0.0,2.490021280211484e-06,0.44746097065225104
perm_android.permission.KILL_BACKGROUND_PROCESSES,0,0.1048957521698363,0.16808939879647503,328.2,296.19142458889655,"pearson_r, mutual_information, entropy_reduction_ratio",0.004879051285888095,0.08365457182409985,0.0005039799901277994,0.00039688412416398174,0.43504427362490183
perm_com.miui.mihome2.permission.READ_SETTINGS,0,0.10485507152052298,0.17386687876374218,518.4,112.06444574440191,"pearson_r, mutual_information, f_stat",0.0,0.07681189692908366,0.0,2.490021280211484e-06,0.44746097065225104
perm_com.google.android.googleapps.permission.GOOGLE_AUTH.blogger,0,0.10471813529620841,0.173889179623278,518.6,111.73200078759889,"pearson_r, mutual_information, f_stat",0.0,0.07612721580751086,0.0,2.490021280211484e-06,0.44746097065225104
perm_android.permission.READ_PROFILE,0,0.10469992488879779,0.15746984578302137,304.2,347.24913246831875,"pearson_r, mutual_information, entropy_reduction_ratio",0.03141324520597615,0.0706120183105431,0.0031918732708093953,0.0025849850102009756,0.41569750264645927
intent_com.snowfish.a.a.s.ABGSvc,0,0.10469852831777904,0.1738924078011298,518.8,111.39999999999999,"pearson_r, mutual_information, f_stat",0.0,0.07602918091536393,0.0,2.490021280211484e-06,0.44746097065225104
intent_com.qihoo360.daemon.pcdaemon.ACTION_START_RECEIVER,0,0.10458675136185476,0.17391097898634197,519.0,111.06844736467689,"pearson_r, mutual_information, f_stat",0.0,0.07547029613574255,0.0,2.490021280211484e-06,0.44746097065225104
perm_com.huawei.launcher.permission.WRITE_SETTINGS,0,0.10428026051644065,0.1739633645699479,519.4,110.40670269508098,"pearson_r, mutual_information, f_stat",0.0,0.07393784190867203,0.0,2.490021280211484e-06,0.44746097065225104
perm_com.samsung.svoice.sync.READ_DATABASE,0,0.10405969917712628,0.1740023894395894,519.6,110.0765188403049,"pearson_r, mutual_information, f_stat",0.0,0.07283503521210007,0.0,2.490021280211484e-06,0.44746097065225104
perm_com.android.voicemail.permission.READ_WRITE_ALL_VOICEMAIL,0,0.10402675653568119,0.17400831335707934,519.8,109.74679949775302,"pearson_r, mutual_information, f_stat",0.0,0.07267032200487465,0.0,2.490021280211484e-06,0.44746097065225104
perm_android.permission.WRITE_CALENDAR,0,0.10392966249679547,0.16202702415697298,310.0,335.9133816923643,"pearson_r, mutual_information, entropy_reduction_ratio",0.01803660469029963,0.07479997361999997,0.001847926630468598,0.0014727005797043008,0.42349110696350484
perm_android.permission.REBOOT_IPO,0,0.10385351679492325,0.17403987338131757,520.0,109.41754886671517,"pearson_r, mutual_information, f_stat",0.0,0.07180412330108496,0.0,2.490021280211484e-06,0.44746097065225104
perm_com.android.email.permission.ACCESS_PROVIDER,0,0.10355037804654184,0.17409674300528527,520.4,108.76047076029047,"pearson_r, mutual_information, f_stat",0.0,0.0702884295591779,0.0,2.490021280211484e-06,0.44746097065225104
intent_com.qihoo.appstore.ACTION_GAME_UNION_DESK,0,0.10353512577540931,0.1740996596667808,520.6,108.43265190891533,"pearson_r, mutual_information, f_stat",0.0,0.07021216820351531,0.0,2.490021280211484e-06,0.44746097065225104
perm_com.google.android.googleapps.permission.GOOGLE_AUTH,0,0.103448151567923,0.17411639276585014,520.8,108.10531901807607,"pearson_r, mutual_information, f_stat",0.0,0.06977729716608368,0.0,2.490021280211484e-06,0.44746097065225104
intent_com.alimama.mobile.sdk.download.action,0,0.10340581455706162,0.17412460034739147,521.0,107.77847651548987,"pearson_r, mutual_information, f_stat",0.0,0.06956561211177682,0.0,2.490021280211484e-06,0.44746097065225104
intent_com.Remind.alarm.repeat,0,0.10322894454648135,0.17415932995986877,521.2,107.45212887607207,"pearson_r, mutual_information, f_stat",0.0,0.06868126205887555,0.0,2.490021280211484e-06,0.44746097065225104
perm_com.bbk.launcher2.permission.WRITE_SETTINGS,0,0.10321134660530404,0.1741628243540769,521.4,107.12628062245045,"pearson_r, mutual_information, f_stat",0.0,0.06859327235298902,0.0,2.490021280211484e-06,0.44746097065225104
intent_cn.jpush.android.intent.ACTION_RICHPUSH_CALLBACK,0,0.10313890359839986,0.17417728340323305,521.6,106.80093632548359,"pearson_r, mutual_information, f_stat",0.0,0.068231057318468,0.0,2.490021280211484e-06,0.44746097065225104
perm_android.permission.PERMISSION_NAME,0,0.1029021445437202,0.17422537062811014,522.0,106.15177812924286,"pearson_r, mutual_information, f_stat",0.0,0.06704726204506976,0.0,2.490021280211484e-06,0.44746097065225104
intent_android.intent.action.DOWNLOAD_WAKEUP.sogou,0,0.10288250320675033,0.17422941711803192,522.2,105.82797361756485,"pearson_r, mutual_information, f_stat",0.0,0.06694905536022032,0.0,2.490021280211484e-06,0.44746097065225104
intent_com.kingroot.common.ACTION_NEW_APP_STARTED,0,0.10268371768285892,0.17427086374531453,522.4,105.50469183879929,"pearson_r, mutual_information, f_stat",0.0,0.06595512774076336,0.0,2.490021280211484e-06,0.44746097065225104
intent_com.example.servicejar.action.START_SPIRIT,0,0.10257199944261979,0.1742945506356076,522.6,105.18193761288104,"pearson_r, mutual_information, f_stat",0.0,0.06539653653956772,0.0,2.490021280211484e-06,0.44746097065225104
intent_LOCATION_SERVICE,0,0.10248375914343508,0.1743134598205422,522.8,104.85971581117316,"pearson_r, mutual_information, f_stat",0.0,0.06495533504364419,0.0,2.490021280211484e-06,0.44746097065225104
perm_com.motorola.dock.DesktopDock.permission.READ_SETTINGS,0,0.10242982434075784,0.17432510457979586,523.0,104.53803135701381,"pearson_r, mutual_information, f_stat",0.0,0.06468566103025795,0.0,2.490021280211484e-06,0.44746097065225104
perm_com.fede.launcher.permission.READ_SETTINGS,0,0.10236909182201326,0.17433829595566086,523.6,103.57625210442787,"pearson_r, mutual_information, f_stat",0.0,0.06438199843653501,0.0,2.490021280211484e-06,0.44746097065225104
intent_com.easou.eyou.START_EPAY_PROXY_SERVICE,0,0.10231450721164319,0.17435022333230726,523.8,103.25676733270318,"pearson_r, mutual_information, f_stat",0.0,0.06410907538468466,0.0,2.490021280211484e-06,0.44746097065225104
intent_com.qihoo.appstore.ACTION_NOTIFY_UNINSTALL,0,0.1022867454438708,0.17435631551377906,524.0,102.9378453242538,"pearson_r, mutual_information, f_stat",0.0,0.06397026654582273,0.0,2.490021280211484e-06,0.44746097065225104
perm_android.permission.FORCE_STOP_PACKAGES,0,0.10223239721861746,0.17436829252966538,524.2,102.61949132596595,"pearson_r, mutual_information, f_stat",0.0,0.06369852541955606,0.0,2.490021280211484e-06,0.44746097065225104
intent_show_fold,0,0.10216559524561261,0.17438310573863725,524.6,101.98450862753617,"pearson_r, mutual_information, f_stat",0.0,0.06336451555453179,0.0,2.490021280211484e-06,0.44746097065225104
intent_com.baidu.action.Xshield.VIEW,0,0.1021391059915345,0.17438900767276574,524.8,101.667890703014,"pearson_r, mutual_information, f_stat",0.0,0.06323206928414123,0.0,2.490021280211484e-06,0.44746097065225104
intent_android.intent.action.UMS_DISCONNECTED,0,0.10208149989064537,0.17440189745615473,525.0,101.3518623410542,"pearson_r, mutual_information, f_stat",0.0,0.06294403877969561,0.0,2.490021280211484e-06,0.44746097065225104
intent_com.qihoo.appstore.ACTION_START_RADICALROOT,0,0.1018329502364517,0.1744583736851854,525.4,100.72159649250999,"pearson_r, mutual_information, f_stat",0.0,0.06170129050872721,0.0,2.490021280211484e-06,0.44746097065225104
intent_com.baidu.android.pushservice.action.RECEIVE,0,0.10152083414590127,0.17453127309504954,525.6,100.40737024740764,"pearson_r, mutual_information, f_stat",0.0,0.060140710055975106,0.0,2.490021280211484e-06,0.44746097065225104
perm_android.permission.UPDATE_APP_OPS_STATS,0,0.101444382674403,0.17454946522474266,525.8,100.09375604901636,"pearson_r, mutual_information, f_stat",0.0,0.05975845269848375,0.0,2.490021280211484e-06,0.44746097065225104
intent_android.intent.action.DOWNLOAD_NOTIFICATION_CLICKED,0,0.10141926534600551,0.17455547087430376,526.0,99.78075966838497,"pearson_r, mutual_information, f_stat",0.0,0.05963286605649628,0.0,2.490021280211484e-06,0.44746097065225104
intent_com.kingroot.common.ACTION_TOP_APP_CHANGED,0,0.10120084827910633,0.17460829579876366,526.2,99.46838693776027,"pearson_r, mutual_information, f_stat",0.0,0.05854078072200039,0.0,2.490021280211484e-06,0.44746097065225104
intent_com.sogou.androidtool.action.topicdetail,0,0.10094646163464367,0.17467117711541555,526.4,99.15664375118794,"pearson_r, mutual_information, f_stat",0.0,0.05726884749968706,0.0,2.490021280211484e-06,0.44746097065225104
intent_android.intent.action.CAL,0,0.10066337120557085,0.17474286853746476,526.8,98.53506989899586,"pearson_r, mutual_information, f_stat",0.0,0.05585339535432299,0.0,2.490021280211484e-06,0.44746097065225104
perm_com.android.launcher.permission.READ_SETTINGS,0,0.10063070441965208,0.16998734419104786,343.7,285.7235727062085,"pearson_r, mutual_information, entropy_reduction_ratio",0.003249406239251877,0.06197028474355501,0.0003359866600851996,0.00026488045103928003,0.43733296400432903
suspicious_getDeviceId,0,0.10047262527897023,0.18777869943588477,226.6,258.85660122932927,"pearson_r, entropy_reduction_ratio, f_stat",0.024697083996425978,0.0,7.793505001976337e-05,0.0020211774940022825,0.47556692985440313
intent_com.android.utils.hades.ACTION_INIT_COMMON_RES,0,0.10043195315539317,0.17480281461245836,527.0,98.22525133589632,"pearson_r, mutual_information, f_stat",0.0,0.054696305103434595,0.0,2.490021280211484e-06,0.44746097065225104
intent_com.baidu.autoupdatesdk.ACTION_NEW_AS,0,0.10035140772466675,0.1748239615774878,527.2,97.91608652310407,"pearson_r, mutual_information, f_stat",0.0,0.05429357794980252,0.0,2.490021280211484e-06,0.44746097065225104
perm_android.permission.READ_SOCIAL_STREAM,0,0.10033357986196642,0.1748286619473726,527.4,97.60758167273687,"pearson_r, mutual_information, f_stat",0.0,0.05420443863630086,0.0,2.490021280211484e-06,0.44746097065225104
intent_android.intent.action.apservice,0,0.10024581617277695,0.17485190526670122,527.6,97.29974306235346,"pearson_r, mutual_information, f_stat",0.0,0.05376562019035349,0.0,2.490021280211484e-06,0.44746097065225104
intent_com.taobao.accs.intent.action.SERVICE,0,0.10021172342674904,0.17486098106693412,527.8,96.99257703556495,"pearson_r, mutual_information, f_stat",0.0,0.05359515646021398,0.0,2.490021280211484e-06,0.44746097065225104
intent_,0,0.09989579168408065,0.17494632679091238,528.0,96.68609000264723,"pearson_r, mutual_information, f_stat",0.0,0.05201549774687197,0.0,2.490021280211484e-06,0.44746097065225104
intent_com.qihoo.appstore.ACTION_CLEAN_STOP_SERVICE,0,0.09972032503426473,0.17499469478059107,528.2,96.38028844115378,"pearson_r, mutual_information, f_stat",0.0,0.05113816449779237,0.0,2.490021280211484e-06,0.44746097065225104
intent_com.easou.eyou.START_EPAY_PROXY_ACTIVITY,0,0.09964827354400033,0.17501475595261975,528.4,96.07517889652874,"pearson_r, mutual_information, f_stat",0.0,0.05077790704647042,0.0,2.490021280211484e-06,0.44746097065225104
suspicious_getExternalStorageDirectory,0,0.09964604761252069,0.1750153775676542,528.6,95.77076798272007,"pearson_r, mutual_information, f_stat",0.0,0.05076677738907214,0.0,2.490021280211484e-06,0.44746097065225104
intent_android.intent.action.CREATE_SHORTCUT,0,0.09962525379543992,0.16721495531786235,329.4,315.24282703972824,"pearson_r, mutual_information, entropy_reduction_ratio",0.00814829229360649,0.05707676075570936,0.0008399666502129989,0.0006625165245282207,0.43139873275314256
intent_android.intent.action.SIG_STR,0,0.09940843519132335,0.17508237166341928,528.8,95.46706238279252,"pearson_r, mutual_information, f_stat",0.0,0.04957871528308551,0.0,2.490021280211484e-06,0.44746097065225104
intent_org.agoo.android.intent.action.ELECTION_V2,0,0.0993789189466953,0.17509078195189945,529.0,95.16406884954006,"pearson_r, mutual_information, f_stat",0.0,0.04943113405994527,0.0,2.490021280211484e-06,0.44746097065225104
intent_com.qihoo.appstore.checkupdate.CHECK_BAOHE_UPDATE,0,0.09924809884885319,0.1751282921984091,529.2,94.86179420609754,"pearson_r, mutual_information, f_stat",0.0,0.048777033570734735,0.0,2.490021280211484e-06,0.44746097065225104
perm_com.google.android.googleapps.permission.GOOGLE_AUTH.sierra,0,0.09893891861327597,0.17521846480810374,529.4,94.56024534655143,"pearson_r, mutual_information, f_stat",0.0,0.04723113239284862,0.0,2.490021280211484e-06,0.44746097065225104
intent_co.ronash.pushe.RECEIVE,0,0.09879557531742902,0.17526099545508153,530.0,93.66002348921337,"pearson_r, mutual_information, f_stat",0.0,0.04651441591361388,0.0,2.490021280211484e-06,0.44746097065225104
perm_com.tencent.msf.permission.account.sync,0,0.09878035304861318,0.17526553891310434,530.2,93.36144814643782,"pearson_r, mutual_information, f_stat",0.0,0.046438304569534676,0.0,2.490021280211484e-06,0.44746097065225104
intent_com.qihoo.appstore.download_some_apk,0,0.09871380373579772,0.17528546288971117,530.4,93.06363414352569,"pearson_r, mutual_information, f_stat",0.0,0.04610555800545731,0.0,2.490021280211484e-06,0.44746097065225104
perm_com.meizu.flyme.launcher.permission.READ_SETTINGS,0,0.0986889075098813,0.17529294188098418,530.6,92.76658881299883,"pearson_r, mutual_information, f_stat",0.0,0.045981076875875236,0.0,2.490021280211484e-06,0.44746097065225104
intent_show_taskmanager,0,0.09868888005808696,0.1752929501353154,530.8,92.47031956254936,"pearson_r, mutual_information, f_stat",0.0,0.04598093961690355,0.0,2.490021280211484e-06,0.44746097065225104
perm_com.google.android.googleapps.permission.GOOGLE_AUTH.adwords,0,0.09865903637164197,0.17530193361232507,531.2,91.88013931204067,"pearson_r, mutual_information, f_stat",0.0,0.045831721184678605,0.0,2.490021280211484e-06,0.44746097065225104
suspicious_Ljava/lang/Runtime;->exec,0,0.09838726862616556,0.18874432644512432,207.3,263.47364194545156,"pearson_r, entropy_reduction_ratio, f_stat",0.012138774360039836,0.0,0.001962255424525368,0.0020549503060999677,0.4757803630401627
perm_android.permission.FLASHLIGHT,0,0.09828375299399489,0.15893712476508212,316.2,351.0648942859425,"pearson_r, mutual_information, entropy_reduction_ratio",0.03310109531177818,0.03739271616528242,0.0033598666008519957,0.002726675628999905,0.4148384112630619
perm_com.anddoes.launcher.permission.UPDATE_COUNT,0,0.09815661007517763,0.1634698857161086,321.8,337.65124018726783,"pearson_r, mutual_information, entropy_reduction_ratio",0.01803660469029963,0.04593471151191077,0.001847926630468598,0.0014727005797043008,0.42349110696350484
suspicious_Ljava/lang/System;->load,0,0.09804127190132843,0.18847911888571012,213.3,260.65256568850424,"pearson_r, entropy_reduction_ratio, f_stat",0.012348381522436586,0.0,0.0010345797710030911,0.0019285952318212568,0.4748948029813812
suspicious_Ljava/lang/System;->loadLibrary,0,0.09804127190132843,0.18847911888571012,213.3,260.65256568850424,"pearson_r, entropy_reduction_ratio, f_stat",0.012348381522436586,0.0,0.0010345797710030911,0.0019285952318212568,0.4748948029813812
intent_org.agoo.android.intent.action.ELECTION_RESULT_V4,0,0.09784955882568305,0.17555316572116822,532.0,90.70942619154859,"pearson_r, mutual_information, f_stat",0.0,0.04178433345488403,0.0,2.490021280211484e-06,0.44746097065225104
intent_android.intent.action.SEARCH,0,0.09784589432900141,0.1520824090452777,373.5,402.3297155319254,"pearson_r, entropy_reduction_ratio, chi2_stat",0.07827810451791002,0.0,0.0077276931819595905,0.006634214684076641,0.3965894592610608
perm_android.permission.READ_EXTERNAL_STORAGE,0,0.09771701245621675,0.1723720496113853,369.0,247.04574475185765,"pearson_r, mutual_information, entropy_reduction_ratio",0.0007655080270931332,0.04705632017040952,8.375188058977511e-05,0.00012439564307159366,0.4405550865599197
intent_com.kingroot.kinguser.gamebox.ACTION_GAME_DELETED,0,0.09740044840123965,0.17569883252242435,532.6,89.84008014243976,"pearson_r, mutual_information, f_stat",0.0,0.03953878133266699,0.0,2.490021280211484e-06,0.44746097065225104
intent_com.tencent.android.tpush.action.SDK,0,0.09736187924716065,0.17231547025665514,361.9,264.144165182576,"pearson_r, mutual_information, entropy_reduction_ratio",0.0016230602541752626,0.04457835716077753,0.0001679933300425998,0.00013341748639194307,0.4403065680044159
intent_com.secneo.plugin.action.HOURLY,0,0.09733887417037387,0.17571915231578847,533.0,89.2647746874432,"pearson_r, mutual_information, f_stat",0.0,0.0392309101783381,0.0,2.490021280211484e-06,0.44746097065225104
perm_android.permission.AUTHENTICATE_ACCOUNTS,0,0.09729086205768343,0.16435089345464063,325.4,332.2836739895597,"pearson_r, mutual_information, entropy_reduction_ratio",0.0163800773513985,0.04242809967146134,0.0016799333004259979,0.0013362649149241943,0.42462993505020713
intent_com.qihoo.appstore.launcher.shortcut.APP_GROUP,0,0.09667612427876265,0.1759431713194051,533.4,88.69295349688159,"pearson_r, mutual_information, f_stat",0.0,0.03591716072028199,0.0,2.490021280211484e-06,0.44746097065225104
intent_android.media.AUDIO_BECOMING_NOISY,0,0.09651669497601958,0.16899297958799275,339.8,306.9790872355966,"pearson_r, mutual_information, entropy_reduction_ratio",0.0065120088060341835,0.04176110871619927,0.0006719733201703992,0.0005294260425551199,0.433108957995139
perm_android.permission.WRITE_CALL_LOG,0,0.09623738771440069,0.17609680250042262,533.6,88.40837064441352,"pearson_r, mutual_information, f_stat",0.0,0.03372347789847222,0.0,2.490021280211484e-06,0.44746097065225104
intent_com.qihoo.appstore.ACTION_LOCK_SCREEN_AD_ADD_LISTENER,0,0.09621505821026957,0.17610473490089593,533.8,88.12468439659798,"pearson_r, mutual_information, f_stat",0.0,0.03361183037781665,0.0,2.490021280211484e-06,0.44746097065225104
perm_android.permission.SYSTEM_OVERLAY_WINDOW,0,0.09614607906683993,0.17123930518372726,350.9,286.6468907907427,"pearson_r, mutual_information, entropy_reduction_ratio",0.003249406239251877,0.03954715797949425,0.0003359866600851996,0.00026488045103928003,0.43733296400432903
intent_com.qihoo.appstore.NOTIFY_DELETE,0,0.09593404021645091,0.17620550163360488,534.4,87.27909257090154,"pearson_r, mutual_information, f_stat",0.0,0.03220674040872329,0.0,2.490021280211484e-06,0.44746097065225104
intent_com.xiaomi.mipush.ERROR,0,0.09593080132620335,0.1762066731408651,534.6,86.99908045491055,"pearson_r, mutual_information, f_stat",0.0,0.032190545957485515,0.0,2.490021280211484e-06,0.44746097065225104
suspicious_Cipher,0,0.09577733480592851,0.18541389946463843,239.2,252.09771914874597,"pearson_r, entropy_reduction_ratio, f_stat",0.011430891560450535,0.0,1.6697105825735276e-05,0.0009345076571786507,0.4665045777061876
intent_com.qihoo.appstore.PACKAGE_ADDED,0,0.0957260259287897,0.17628120791358895,534.8,86.72000922509176,"pearson_r, mutual_information, f_stat",0.0,0.03116666897041729,0.0,2.490021280211484e-06,0.44746097065225104
perm_android.permission.WRITE_CLIPS,0,0.0953874188344912,0.17640647208951862,535.0,86.44188799418949,"pearson_r, mutual_information, f_stat",0.0,0.02947363349892475,0.0,2.490021280211484e-06,0.44746097065225104
intent_com.qihoo360.daemon.pcdaemon.NotifyServiceStart2,0,0.09500191775972766,0.17655213821860635,535.2,86.16472596138168,"pearson_r, mutual_information, f_stat",0.0,0.027546128125107053,0.0,2.490021280211484e-06,0.44746097065225104
intent_com.qihoo.appstore.download,0,0.09493622494805706,0.17657728475858106,535.4,85.88853241265682,"pearson_r, mutual_information, f_stat",0.0,0.02721766406675411,0.0,2.490021280211484e-06,0.44746097065225104
perm_com.facebook.katana.permission.CROSS_PROCESS_BROADCAST_MANAGER,0,0.0948212365658242,0.17662152778625534,535.6,85.6133167211737,"pearson_r, mutual_information, f_stat",0.0,0.026642722155589736,0.0,2.490021280211484e-06,0.44746097065225104
intent_android.fbreader.action.PLUGIN_CRASH,0,0.09480555760433536,0.1766275827765129,535.8,85.33908834760305,"pearson_r, mutual_information, f_stat",0.0,0.026564327348145535,0.0,2.490021280211484e-06,0.44746097065225104
intent_com.sogou.androidtool.action.BackgroundService,0,0.0947395551445955,0.17665313074179537,536.0,85.06585684045038,"pearson_r, mutual_information, f_stat",0.0,0.02623431504944623,0.0,2.490021280211484e-06,0.44746097065225104
intent_com.excelliance.dualaid.action.pg,0,0.09457390447855187,0.17671766815672102,536.2,84.79363183635903,"pearson_r, mutual_information, f_stat",0.0,0.02540606171922808,0.0,2.490021280211484e-06,0.44746097065225104
perm_com.android.vending.BILLING,0,0.0944198650967271,0.14709467079128266,319.8,369.51611602202144,"pearson_r, entropy_reduction_ratio, f_stat",0.06824398870344112,0.0015147872187600323,0.007581875609633913,0.010128784562730496,0.38462988938906995
intent_com.qihoo.appstore.launcher.shortcut.GAME_RESERVATION,0,0.09425471685502969,0.17684370726835041,536.6,84.25224032629636,"pearson_r, mutual_information, f_stat",0.0,0.023810123601617147,0.0,2.490021280211484e-06,0.44746097065225104
perm_android.permission.GET_DETAILED_TASKS,0,0.09423898052341614,0.17684997842776848,536.8,83.98309353673513,"pearson_r, mutual_information, f_stat",0.0,0.023731441943549446,0.0,2.490021280211484e-06,0.44746097065225104
perm_com.yulong.android.launcherL.permission.READ_SETTINGS,0,0.09392528072671062,0.1769761139283757,537.2,83.44794784774518,"pearson_r, mutual_information, f_stat",0.0,0.022162942960021876,0.0,2.490021280211484e-06,0.44746097065225104
intent_com.umeng.message.message.handler.action,0,0.09389393110657018,0.1769888365870653,537.4,83.18196920006162,"pearson_r, mutual_information, f_stat",0.0,0.02200619485931964,0.0,2.490021280211484e-06,0.44746097065225104
intent_com.telecom.sdk_auth_ui.SMS_SEND_ACTIOIN,0,0.0938901567273375,0.17699036978486768,537.6,82.9170670007086,"pearson_r, mutual_information, f_stat",0.0,0.021987322963156253,0.0,2.490021280211484e-06,0.44746097065225104
perm_android.permission.USE_CREDENTIALS,0,0.09383168030499256,0.1571448950138411,378.1,394.9440973099864,"pearson_r, entropy_reduction_ratio, chi2_stat",0.05363683385226588,0.0,0.005375786561363193,0.0044751321181840656,0.4056706489931497
perm_com.google.android.googleapps.permission.GOOGLE_AUTH.mobile,0,0.09368477751042165,0.17707426242811292,538.0,82.39053343679721,"pearson_r, mutual_information, f_stat",0.0,0.02096042687857698,0.0,2.490021280211484e-06,0.44746097065225104
intent_com.google.android.gms.analytics.ANALYTICS_DISPATCH,0,0.09356235011011364,0.15754947555851959,378.7,394.00121827222824,"pearson_r, entropy_reduction_ratio, chi2_stat",0.05190532971440196,0.0,0.0052077932313205925,0.0043259478556909444,0.40637267974915475
perm_com.android.mylauncher.permission.WRITE_SETTINGS,0,0.09355504366790804,0.17712772610984234,538.4,81.86843103419046,"pearson_r, mutual_information, f_stat",0.0,0.020311757666008966,0.0,2.490021280211484e-06,0.44746097065225104
intent_com.google.android.gms.gcm.ACTION_TASK_READY,0,0.09329572327299479,0.1579603985722981,379.1,393.21932811091574,"pearson_r, entropy_reduction_ratio, chi2_stat",0.050177549476984114,0.0,0.0050397999012779925,0.004177417368079535,0.4070838496186323
perm_android.permission.SYSTEM_ALERT_WINDOW,0,0.09321657827355848,0.18428214007372623,187.0,144.00555544839233,"pearson_r, entropy_reduction_ratio, chi2_stat",0.0030332127300706836,0.00013196448550432548,0.0006158790787579553,0.0005266586017256637,0.4617751764717337
perm_com.huawei.authentication.HW_ACCESS_AUTH_SERVICE,0,0.09318991587824588,0.17728014820702684,538.6,81.60906812358537,"pearson_r, mutual_information, f_stat",0.0,0.018486118717698122,0.0,2.490021280211484e-06,0.44746097065225104
perm_com.android.voicemail.permission.ADD_VOICEMAIL,0,0.09317844327461053,0.1772849840479946,538.8,81.35084510931648,"pearson_r, mutual_information, f_stat",0.0,0.018428755699521345,0.0,2.490021280211484e-06,0.44746097065225104
intent_android.intent.action.PUSH_NOTIFY_ALARM,0,0.09313657336213747,0.17730265679624851,539.0,81.09377288053626,"pearson_r, mutual_information, f_stat",0.0,0.018219406137156096,0.0,2.490021280211484e-06,0.44746097065225104
intent_android.view.InputMethod,0,0.0929724912799521,0.17240194188870867,355.5,287.6129343405821,"pearson_r, mutual_information, entropy_reduction_ratio",0.003249406239251877,0.023679219045055114,0.0003359866600851996,0.00026488045103928003,0.43733296400432903
perm_org.adw.launcher.permission.READ_SETTINGS,0,0.092852064391266,0.17742374446708614,539.2,80.83786241607332,"pearson_r, mutual_information, f_stat",0.0,0.01679686128279878,0.0,2.490021280211484e-06,0.44746097065225104
perm_android.permission.FOREGROUND_SERVICE,0,0.09277097295742344,0.15880197053235268,380.1,391.95719154009663,"pearson_r, entropy_reduction_ratio, chi2_stat",0.04673309687049534,0.0,0.004703813241192794,0.0038822570674067907,0.4085356976080223
intent_com.sina.weibo.sdk.action.ACTION_SDK_REQ_ACTIVITY,0,0.0925788354435447,0.17256188695290134,356.3,287.81063218720743,"pearson_r, mutual_information, entropy_reduction_ratio",0.003249406239251877,0.021710939863018138,0.0003359866600851996,0.00026488045103928003,0.43733296400432903
intent_com.gridappsinc.launcher.theme.apk_action,0,0.0925386333068976,0.1740541637324575,368.7,265.3949132896107,"pearson_r, mutual_information, entropy_reduction_ratio",0.0016230602541752626,0.020462127459462243,0.0001679933300425998,0.00013341748639194307,0.4403065680044159
intent_android.hardware.usb.action.USB_STATE,0,0.09249900387129663,0.17757642829710432,539.4,80.58312478428718,"pearson_r, mutual_information, f_stat",0.0,0.015031558682951862,0.0,2.490021280211484e-06,0.44746097065225104
intent_com.facebook.sdk.ACTION_CURRENT_ACCESS_TOKEN_CHANGED,0,0.09242248892771035,0.1834153805096673,246.5,246.5656099296899,"pearson_r, entropy_reduction_ratio, chi2_stat",0.0020880725750240005,0.0,0.0004159505634113754,0.0003580212887491316,0.4592504002113672
perm_com.google.android.googleapps.permission.GOOGLE_AUTH.ig,0,0.09231350627101961,0.17765772027851626,539.6,80.32957114288611,"pearson_r, mutual_information, f_stat",0.0,0.014104070681566822,0.0,2.490021280211484e-06,0.44746097065225104
perm_android.permission.ACCESS_NETWORK_STATE,0,0.09222249548354326,0.182687362350474,257.8,243.10750708277192,"pearson_r, entropy_reduction_ratio, f_stat",0.003249406239251877,0.0,1.3493440164065266e-06,0.00027274453427494704,0.4575889773001731
intent_com.qihoo.appstore.floatwin.FloatWindowService,0,0.09213696601011821,0.17773577149449188,539.8,80.07721273870612,"pearson_r, mutual_information, f_stat",0.0,0.013221369377059844,0.0,2.490021280211484e-06,0.44746097065225104
perm_com.sec.android.permission.LAUNCH_PERSONAL_PAGE_SERVICE,0,0.09211984294586703,0.1777433773596155,540.0,79.82606090745051,"pearson_r, mutual_information, f_stat",0.0,0.013135754055803911,0.0,2.490021280211484e-06,0.44746097065225104
intent_com.kinguser.kingroot.ACTION_INSTALL,0,0.09206934894410891,0.17776584272358426,540.2,79.57612707338804,"pearson_r, mutual_information, f_stat",0.0,0.012883284047013298,0.0,2.490021280211484e-06,0.44746097065225104
perm_qiku.permission.ACCESS_QKPARAMS,0,0.09202536011424052,0.17778545830288853,540.4,79.32742274900906,"pearson_r, mutual_information, f_stat",0.0,0.012663339897671357,0.0,2.490021280211484e-06,0.44746097065225104
intent_com.huawei.android.push.intent.RECEIVE,0,0.09183680893087855,0.1778700058914228,540.8,78.83374911800149,"pearson_r, mutual_information, f_stat",0.0,0.011720583980861447,0.0,2.490021280211484e-06,0.44746097065225104
intent_com.taobao.accs.intent.action.ELECTION,0,0.09173166340552874,0.17791748352329964,541.0,78.58880327374887,"pearson_r, mutual_information, f_stat",0.0,0.011194856354112432,0.0,2.490021280211484e-06,0.44746097065225104
intent_android.intent.action.defaultSmsSet,0,0.09166586123647699,0.1779473159565785,541.2,78.34513386292731,"pearson_r, mutual_information, f_stat",0.0,0.010865845508853682,0.0,2.490021280211484e-06,0.44746097065225104
perm_ANDROID.PERMISSION.SEND_SMS,0,0.09164102296176288,0.17795860077525064,541.4,78.10275283240662,"pearson_r, mutual_information, f_stat",0.0,0.010741654135283107,0.0,2.490021280211484e-06,0.44746097065225104
intent_com.qihoo.appstore.ACTION_CHECK_PHOTOS,0,0.09157525341963181,0.17798854547781592,541.6,77.86167221425443,"pearson_r, mutual_information, f_stat",0.0,0.010412806424627776,0.0,2.490021280211484e-06,0.44746097065225104
intent_com.excelliance.kxqp.action.space.stat,0,0.0914164774839171,0.17806121544972295,541.8,77.62190412505996,"pearson_r, mutual_information, f_stat",0.0,0.009618926746054229,0.0,2.490021280211484e-06,0.44746097065225104
perm_com.tencent.mm.permission.C2D_MESSAGE,0,0.09140664897125281,0.1780657314880041,542.0,77.38346076520486,"pearson_r, mutual_information, f_stat",0.0,0.009569784182732738,0.0,2.490021280211484e-06,0.44746097065225104
intent_com.kingroot.kinguser.gamebox.ACTION_GAME_REPLACE,0,0.09131254954016783,0.17810907263249234,542.2,77.14635441807992,"pearson_r, mutual_information, f_stat",0.0,0.009099287027307914,0.0,2.490021280211484e-06,0.44746097065225104
suspicious_getPackageInfo,0,0.09126432323659715,0.18167657820961008,276.1,235.95346998931802,"pearson_r, entropy_reduction_ratio, f_stat",0.0016230602541752626,0.0,3.366599800452966e-07,8.284596874424008e-05,0.4546153733000862
intent_android.intent.action.SEND,0,0.09103744924189164,0.1619792492829812,381.1,390.693025276879,"pearson_r, entropy_reduction_ratio, chi2_stat",0.034792499001259004,0.0,0.003527859930894595,0.00286896813624243,0.41399791914106215
intent_com.qihoo.appstore.launcher.shortcut.GAMEUNION,0,0.09089899074813398,0.17830178325684876,542.8,76.44318151411544,"pearson_r, mutual_information, f_stat",0.0,0.0070314930671386815,0.0,2.490021280211484e-06,0.44746097065225104
perm_com.google.android.googleapps.permission.GOOGLE_AUTH.YouTubeUser,0,0.0908621234050126,0.17831913888588544,543.0,76.21154768143735,"pearson_r, mutual_information, f_stat",0.0,0.0068471563515317005,0.0,2.490021280211484e-06,0.44746097065225104
perm_android.permission.ACCESS_COARSE_UPDATES,0,0.09035469486558852,0.16347187874225946,383.3,387.08546859834456,"pearson_r, entropy_reduction_ratio, chi2_stat",0.029728933782770965,0.0,0.003023879940766796,0.002443891980518461,0.4165767686238863
intent_com.qihoo.appstore.plugin.share.IpluginService,0,0.09034885178825469,0.1785637535446564,543.4,75.752491708194,"pearson_r, mutual_information, f_stat",0.0,0.004280798267742224,0.0,2.490021280211484e-06,0.44746097065225104
perm_android.permission.PERSISTENT_ACTIVITY,0,0.09015347661466627,0.17865832722709732,543.8,75.29913678124073,"pearson_r, mutual_information, f_stat",0.0,0.0033039223998000814,0.0,2.490021280211484e-06,0.44746097065225104
suspicious_getCellSignalStrength,0,0.09013708657611033,0.1639905944440784,383.9,385.4527727231963,"pearson_r, entropy_reduction_ratio, chi2_stat",0.02804814623463889,0.0,0.0028558866107241962,0.0023033922294342715,0.4174780078057543
intent_com.sogou.androidtool.highspeed,0,0.09002698849052043,0.17871998421821175,544.0,75.0746295362155,"pearson_r, mutual_information, f_stat",0.0,0.002671481779070899,0.0,2.490021280211484e-06,0.44746097065225104
intent_com.qihoo.appstore.plugin.battery.setConfig,0,0.08985678512192806,0.17880348161800244,544.2,74.85158648953274,"pearson_r, mutual_information, f_stat",0.0,0.0018204649361090765,0.0,2.490021280211484e-06,0.44746097065225104
perm_android.permission.DELETE_PACKAGES,0,0.08983050529362624,0.17881642810433962,544.4,74.63002076912481,"pearson_r, mutual_information, f_stat",0.0,0.0016890657945999256,0.0,2.490021280211484e-06,0.44746097065225104
suspicious_getCellLocation,0,0.08982405336256326,0.179619426648853,281.3,234.02640876619031,"pearson_r, entropy_reduction_ratio, f_stat",4.076316063451618e-05,0.0,7.52782183089839e-06,9.070259045063206e-06,0.44906290557130585
perm_com.android.alarm.permission.SET_ALARM,0,0.08959344849613679,0.17178045685399437,350.2,309.7446690420999,"pearson_r, mutual_information, entropy_reduction_ratio",0.0065120088060341835,0.007144876316785234,0.0006719733201703992,0.0005294260425551199,0.433108957995139
suspicious_getSystemService,0,0.08949269213470626,0.17898413926137047,598.5,91.43959754942057,"pearson_r, f_stat, entropy_reduction_ratio",0.0,0.0,0.0,2.490021280211484e-06,0.44746097065225104
perm_android.permission.WRITE_APN_SETTINGS,0,0.08949269213470626,0.17898413926137047,598.5,91.43959754942057,"pearson_r, f_stat, entropy_reduction_ratio",0.0,0.0,0.0,2.490021280211484e-06,0.44746097065225104
perm_android.permission.READ_SETTINGS,0,0.08949269213470626,0.17898413926137047,598.5,91.43959754942057,"pearson_r, f_stat, entropy_reduction_ratio",0.0,0.0,0.0,2.490021280211484e-06,0.44746097065225104
perm_android.permission.ACCESS_CACHE_FILESYSTEM,0,0.08949269213470626,0.17898413926137047,598.5,91.43959754942057,"pearson_r, f_stat, entropy_reduction_ratio",0.0,0.0,0.0,2.490021280211484e-06,0.44746097065225104
intent_android.provider.Telephony.SMS_DELIVER,0,0.08949269213470626,0.17898413926137047,598.5,91.43959754942057,"pearson_r, f_stat, entropy_reduction_ratio",0.0,0.0,0.0,2.490021280211484e-06,0.44746097065225104
perm_android.permission.INSTALL_PACKAGES,0,0.08949269213470626,0.17898413926137047,598.5,91.43959754942057,"pearson_r, f_stat, entropy_reduction_ratio",0.0,0.0,0.0,2.490021280211484e-06,0.44746097065225104
perm_android.permission.ACCESS_MTK_MMHW,0,0.08949269213470626,0.17898413926137047,598.5,91.43959754942057,"pearson_r, f_stat, entropy_reduction_ratio",0.0,0.0,0.0,2.490021280211484e-06,0.44746097065225104
perm_android.webkit.permission.PLUGIN,0,0.08949269213470626,0.17898413926137047,598.5,91.43959754942057,"pearson_r, f_stat, entropy_reduction_ratio",0.0,0.0,0.0,2.490021280211484e-06,0.44746097065225104
perm_android.permission.WRITE_MEDIA_STORAGE,0,0.08949269213470626,0.17898413926137047,598.5,91.43959754942057,"pearson_r, f_stat, entropy_reduction_ratio",0.0,0.0,0.0,2.490021280211484e-06,0.44746097065225104
intent_android.intent.action.MEDIA_MOUNTED,0,0.08949269213470626,0.17898413926137047,598.5,91.43959754942057,"pearson_r, f_stat, entropy_reduction_ratio",0.0,0.0,0.0,2.490021280211484e-06,0.44746097065225104
perm_android.permission.ACCESS_DOWNLOAD_MANAGER,0,0.08949269213470626,0.17898413926137047,598.5,91.43959754942057,"pearson_r, f_stat, entropy_reduction_ratio",0.0,0.0,0.0,2.490021280211484e-06,0.44746097065225104
perm_android.permission.CLEAR_APP_USER_DATA,0,0.08949269213470626,0.17898413926137047,598.5,91.43959754942057,"pearson_r, f_stat, entropy_reduction_ratio",0.0,0.0,0.0,2.490021280211484e-06,0.44746097065225104
perm_com.lenovo.launcher.permission.READ_SETTINGS,0,0.08949269213470626,0.17898413926137047,598.5,91.43959754942057,"pearson_r, f_stat, entropy_reduction_ratio",0.0,0.0,0.0,2.490021280211484e-06,0.44746097065225104
perm_cn.nubia.launcher.permission.READ_SETTINGS,0,0.08949269213470626,0.17898413926137047,598.5,91.43959754942057,"pearson_r, f_stat, entropy_reduction_ratio",0.0,0.0,0.0,2.490021280211484e-06,0.44746097065225104
intent_android.intent.action.SENDTO,0,0.08949269213470626,0.17898413926137047,598.5,91.43959754942057,"pearson_r, f_stat, entropy_reduction_ratio",0.0,0.0,0.0,2.490021280211484e-06,0.44746097065225104
perm_net.qihoo.launcher.permission.READ_SETTINGS,0,0.08949269213470626,0.17898413926137047,598.5,91.43959754942057,"pearson_r, f_stat, entropy_reduction_ratio",0.0,0.0,0.0,2.490021280211484e-06,0.44746097065225104
perm_com.qihoo360.launcher.permission.READ_SETTINGS,0,0.08949269213470626,0.17898413926137047,598.5,91.43959754942057,"pearson_r, f_stat, entropy_reduction_ratio",0.0,0.0,0.0,2.490021280211484e-06,0.44746097065225104
perm_org.adwfreak.launcher.permission.READ_SETTINGS,0,0.08949269213470626,0.17898413926137047,598.5,91.43959754942057,"pearson_r, f_stat, entropy_reduction_ratio",0.0,0.0,0.0,2.490021280211484e-06,0.44746097065225104
perm_com.huawei.launcher2.permission.READ_SETTINGS,0,0.08949269213470626,0.17898413926137047,598.5,91.43959754942057,"pearson_r, f_stat, entropy_reduction_ratio",0.0,0.0,0.0,2.490021280211484e-06,0.44746097065225104
perm_com.htc.launcher.permission.WRITE_SETTINGS,0,0.08949269213470626,0.17898413926137047,598.5,91.43959754942057,"pearson_r, f_stat, entropy_reduction_ratio",0.0,0.0,0.0,2.490021280211484e-06,0.44746097065225104
intent_android.intent.action.DELETE,0,0.08949269213470626,0.17898413926137047,598.5,91.43959754942057,"pearson_r, f_stat, entropy_reduction_ratio",0.0,0.0,0.0,2.490021280211484e-06,0.44746097065225104
intent_com.morgoo.droidplugin.ACTION_SHORTCUT_PROXY,0,0.08949269213470626,0.17898413926137047,598.5,91.43959754942057,"pearson_r, f_stat, entropy_reduction_ratio",0.0,0.0,0.0,2.490021280211484e-06,0.44746097065225104
perm_android.permission.INTERACT_ACROSS_USERS,0,0.08949269213470626,0.17898413926137047,598.5,91.43959754942057,"pearson_r, f_stat, entropy_reduction_ratio",0.0,0.0,0.0,2.490021280211484e-06,0.44746097065225104
perm_com.android.mylauncher.permission.READ_SETTINGS,0,0.08949269213470626,0.17898413926137047,598.5,91.43959754942057,"pearson_r, f_stat, entropy_reduction_ratio",0.0,0.0,0.0,2.490021280211484e-06,0.44746097065225104
perm_org.adw.launcher_donut.permission.READ_SETTINGS,0,0.08949269213470626,0.17898413926137047,598.5,91.43959754942057,"pearson_r, f_stat, entropy_reduction_ratio",0.0,0.0,0.0,2.490021280211484e-06,0.44746097065225104
intent_android.intent.action.CHINAMOBILE_OMS_GAME,0,0.08949269213470626,0.17898413926137047,598.5,91.43959754942057,"pearson_r, f_stat, entropy_reduction_ratio",0.0,0.0,0.0,2.490021280211484e-06,0.44746097065225104
perm_android.permission.WRITE_PROFILE,0,0.08949269213470626,0.17898413926137047,598.5,91.43959754942057,"pearson_r, f_stat, entropy_reduction_ratio",0.0,0.0,0.0,2.490021280211484e-06,0.44746097065225104
intent_cn.egame.terminal.sdk.RECEIVER_CMD,0,0.08949269213470626,0.17898413926137047,598.5,91.43959754942057,"pearson_r, f_stat, entropy_reduction_ratio",0.0,0.0,0.0,2.490021280211484e-06,0.44746097065225104
intent_com.qihoo.appstore.launcher.shortcut.MYSOFT,0,0.08949269213470626,0.17898413926137047,598.5,91.43959754942057,"pearson_r, f_stat, entropy_reduction_ratio",0.0,0.0,0.0,2.490021280211484e-06,0.44746097065225104
intent_com.qihoo.appstore.plugin.huajiao.IPluginHelperService,0,0.08949269213470626,0.17898413926137047,598.5,91.43959754942057,"pearson_r, f_stat, entropy_reduction_ratio",0.0,0.0,0.0,2.490021280211484e-06,0.44746097065225104
perm_com.qihoo.appstore.update.permission.clear_sdk,0,0.08949269213470626,0.17898413926137047,598.5,91.43959754942057,"pearson_r, f_stat, entropy_reduction_ratio",0.0,0.0,0.0,2.490021280211484e-06,0.44746097065225104
intent_com.qihoo.appstore.launcher.shortcut.EBOOK,0,0.08949269213470626,0.17898413926137047,598.5,91.43959754942057,"pearson_r, f_stat, entropy_reduction_ratio",0.0,0.0,0.0,2.490021280211484e-06,0.44746097065225104
intent_com.qihoo.appstore.notification,0,0.08949269213470626,0.17898413926137047,598.5,91.43959754942057,"pearson_r, f_stat, entropy_reduction_ratio",0.0,0.0,0.0,2.490021280211484e-06,0.44746097065225104
intent_com.qihoo.appstore.clipboard.change,0,0.08949269213470626,0.17898413926137047,598.5,91.43959754942057,"pearson_r, f_stat, entropy_reduction_ratio",0.0,0.0,0.0,2.490021280211484e-06,0.44746097065225104
intent_com.qihoo.appstore.clean.scan.finish,0,0.08949269213470626,0.17898413926137047,598.5,91.43959754942057,"pearson_r, f_stat, entropy_reduction_ratio",0.0,0.0,0.0,2.490021280211484e-06,0.44746097065225104
intent_com.qihoo.appstore.launcher.shortcut.HOME_GAME,0,0.08949269213470626,0.17898413926137047,598.5,91.43959754942057,"pearson_r, f_stat, entropy_reduction_ratio",0.0,0.0,0.0,2.490021280211484e-06,0.44746097065225104
intent_com.qihoo.express.push.MSG_ARRIVED,0,0.08949269213470626,0.17898413926137047,598.5,91.43959754942057,"pearson_r, f_stat, entropy_reduction_ratio",0.0,0.0,0.0,2.490021280211484e-06,0.44746097065225104
intent_com.qihoo.appstore.freeze.ICON,0,0.08949269213470626,0.17898413926137047,598.5,91.43959754942057,"pearson_r, f_stat, entropy_reduction_ratio",0.0,0.0,0.0,2.490021280211484e-06,0.44746097065225104
intent_com.qihoo.appstore.battery.STABLE_NOTIFY,0,0.08949269213470626,0.17898413926137047,598.5,91.43959754942057,"pearson_r, f_stat, entropy_reduction_ratio",0.0,0.0,0.0,2.490021280211484e-06,0.44746097065225104
intent_com.qihoo.appstore.battery.POWER_RANK_START,0,0.08949269213470626,0.17898413926137047,598.5,91.43959754942057,"pearson_r, f_stat, entropy_reduction_ratio",0.0,0.0,0.0,2.490021280211484e-06,0.44746097065225104
intent_com.qihoo.appstore.launcher.shortcut.MYFREEZE,0,0.08949269213470626,0.17898413926137047,598.5,91.43959754942057,"pearson_r, f_stat, entropy_reduction_ratio",0.0,0.0,0.0,2.490021280211484e-06,0.44746097065225104
intent_com.qihoo360.mobilesafe.pcdaemon.sms.restore.start,0,0.08949269213470626,0.17898413926137047,598.5,91.43959754942057,"pearson_r, f_stat, entropy_reduction_ratio",0.0,0.0,0.0,2.490021280211484e-06,0.44746097065225104
intent_com.qihoo360.mobilesafe.pcdaemon.sms.restore.end,0,0.08949269213470626,0.17898413926137047,598.5,91.43959754942057,"pearson_r, f_stat, entropy_reduction_ratio",0.0,0.0,0.0,2.490021280211484e-06,0.44746097065225104
intent_com.qihoo360.mobilesafe.pcdaemon.sms.cancel.default.smsreceive,0,0.08949269213470626,0.17898413926137047,598.5,91.43959754942057,"pearson_r, f_stat, entropy_reduction_ratio",0.0,0.0,0.0,2.490021280211484e-06,0.44746097065225104
intent_com.qihoo360.mobilesafe.pcdaemon.filehandle,0,0.08949269213470626,0.17898413926137047,598.5,91.43959754942057,"pearson_r, f_stat, entropy_reduction_ratio",0.0,0.0,0.0,2.490021280211484e-06,0.44746097065225104
intent_com.qihoo360.daemon.pcdaemon.NotifyServiceStop2,0,0.08949269213470626,0.17898413926137047,598.5,91.43959754942057,"pearson_r, f_stat, entropy_reduction_ratio",0.0,0.0,0.0,2.490021280211484e-06,0.44746097065225104
intent_com.qihoo360.daemon.pcdaemon.ACTION_START_UI2,0,0.08949269213470626,0.17898413926137047,598.5,91.43959754942057,"pearson_r, f_stat, entropy_reduction_ratio",0.0,0.0,0.0,2.490021280211484e-06,0.44746097065225104
intent_com.qihoo360.daemon.pcdaemon.ACTION_SEND_SMS_SEND_STATUS_FORWARD2,0,0.08949269213470626,0.17898413926137047,598.5,91.43959754942057,"pearson_r, f_stat, entropy_reduction_ratio",0.0,0.0,0.0,2.490021280211484e-06,0.44746097065225104
intent_com.qihoo360.daemon.pcdaemon.ACTION_START_OPERATE_CLIPBOARD,0,0.08949269213470626,0.17898413926137047,598.5,91.43959754942057,"pearson_r, f_stat, entropy_reduction_ratio",0.0,0.0,0.0,2.490021280211484e-06,0.44746097065225104
intent_com.qihoo.appstore.battery.NOTIFY,0,0.08949269213470626,0.17898413926137047,598.5,91.43959754942057,"pearson_r, f_stat, entropy_reduction_ratio",0.0,0.0,0.0,2.490021280211484e-06,0.44746097065225104
intent_com.qihoo.hongbao.LOGIN,0,0.08949269213470626,0.17898413926137047,598.5,91.43959754942057,"pearson_r, f_stat, entropy_reduction_ratio",0.0,0.0,0.0,2.490021280211484e-06,0.44746097065225104
intent_com.qihoo.appstore.videomini,0,0.08949269213470626,0.17898413926137047,598.5,91.43959754942057,"pearson_r, f_stat, entropy_reduction_ratio",0.0,0.0,0.0,2.490021280211484e-06,0.44746097065225104
intent_com.qihoo.appstore.stablenotification.NewsBroadcastReceiver,0,0.08949269213470626,0.17898413926137047,598.5,91.43959754942057,"pearson_r, f_stat, entropy_reduction_ratio",0.0,0.0,0.0,2.490021280211484e-06,0.44746097065225104
intent_qihooappstore.gotoadmin,0,0.08949269213470626,0.17898413926137047,598.5,91.43959754942057,"pearson_r, f_stat, entropy_reduction_ratio",0.0,0.0,0.0,2.490021280211484e-06,0.44746097065225104
intent_com.qihoo.appstore.launcher.shortcut.PLAYGAME,0,0.08949269213470626,0.17898413926137047,598.5,91.43959754942057,"pearson_r, f_stat, entropy_reduction_ratio",0.0,0.0,0.0,2.490021280211484e-06,0.44746097065225104
intent_com.qihoo.appstore.ACTION_UNINSTALL,0,0.08949269213470626,0.17898413926137047,598.5,91.43959754942057,"pearson_r, f_stat, entropy_reduction_ratio",0.0,0.0,0.0,2.490021280211484e-06,0.44746097065225104
intent_com.qihoo.appstore.ACTION_NORMAL_INSTALL_ERROR,0,0.08949269213470626,0.17898413926137047,598.5,91.43959754942057,"pearson_r, f_stat, entropy_reduction_ratio",0.0,0.0,0.0,2.490021280211484e-06,0.44746097065225104
intent_com.qihoo.appstore.ACTION_MEM_SCAN,0,0.08949269213470626,0.17898413926137047,598.5,91.43959754942057,"pearson_r, f_stat, entropy_reduction_ratio",0.0,0.0,0.0,2.490021280211484e-06,0.44746097065225104
intent_com.qihoo.appstore.ACTION_UPDATE_LAST_WX_CLEAR,0,0.08949269213470626,0.17898413926137047,598.5,91.43959754942057,"pearson_r, f_stat, entropy_reduction_ratio",0.0,0.0,0.0,2.490021280211484e-06,0.44746097065225104
intent_com.qihoo.appstore.ACTION_GET_DOWNLOAD_APK_PATH,0,0.08949269213470626,0.17898413926137047,598.5,91.43959754942057,"pearson_r, f_stat, entropy_reduction_ratio",0.0,0.0,0.0,2.490021280211484e-06,0.44746097065225104
intent_com.qihoo.appstore.ACTION_GAME_UNION_GIFT_LiST,0,0.08949269213470626,0.17898413926137047,598.5,91.43959754942057,"pearson_r, f_stat, entropy_reduction_ratio",0.0,0.0,0.0,2.490021280211484e-06,0.44746097065225104
intent_com.qihoo.appstore.ACTION_EVENT_STAT,0,0.08949269213470626,0.17898413926137047,598.5,91.43959754942057,"pearson_r, f_stat, entropy_reduction_ratio",0.0,0.0,0.0,2.490021280211484e-06,0.44746097065225104
intent_com.qihoo.accountcenter.action.START_ACCOUNT_SERVICE,0,0.08949269213470626,0.17898413926137047,598.5,91.43959754942057,"pearson_r, f_stat, entropy_reduction_ratio",0.0,0.0,0.0,2.490021280211484e-06,0.44746097065225104
intent_com.qihoo.appstore.ACTION_PACKAGE_REMOVED_NEED_CLEAR,0,0.08949269213470626,0.17898413926137047,598.5,91.43959754942057,"pearson_r, f_stat, entropy_reduction_ratio",0.0,0.0,0.0,2.490021280211484e-06,0.44746097065225104
intent_com.qihoo.appstore.ACTION_HANDLE_SYSTEM_APP,0,0.08949269213470626,0.17898413926137047,598.5,91.43959754942057,"pearson_r, f_stat, entropy_reduction_ratio",0.0,0.0,0.0,2.490021280211484e-06,0.44746097065225104
intent_com.qihoo.appstore.checkupdate.INSTALL_ALL_SILENT_TASK,0,0.08949269213470626,0.17898413926137047,598.5,91.43959754942057,"pearson_r, f_stat, entropy_reduction_ratio",0.0,0.0,0.0,2.490021280211484e-06,0.44746097065225104
intent_com.qihoo.appstore.batteryrank.POWERPERCENT,0,0.08949269213470626,0.17898413926137047,598.5,91.43959754942057,"pearson_r, f_stat, entropy_reduction_ratio",0.0,0.0,0.0,2.490021280211484e-06,0.44746097065225104
intent_com.qihoo.appstore.battery.STOP,0,0.08949269213470626,0.17898413926137047,598.5,91.43959754942057,"pearson_r, f_stat, entropy_reduction_ratio",0.0,0.0,0.0,2.490021280211484e-06,0.44746097065225104
intent_com.qihoo.appstore.ACTION_DAEMON_CORE_SERVICE,0,0.08949269213470626,0.17898413926137047,598.5,91.43959754942057,"pearson_r, f_stat, entropy_reduction_ratio",0.0,0.0,0.0,2.490021280211484e-06,0.44746097065225104
intent_com.qihoo.appstore.battery.FREEZE_APP,0,0.08949269213470626,0.17898413926137047,598.5,91.43959754942057,"pearson_r, f_stat, entropy_reduction_ratio",0.0,0.0,0.0,2.490021280211484e-06,0.44746097065225104
intent_com.qihoo.appstore.checkupdate.RESTART_ALL_DOWNLOAD,0,0.08949269213470626,0.17898413926137047,598.5,91.43959754942057,"pearson_r, f_stat, entropy_reduction_ratio",0.0,0.0,0.0,2.490021280211484e-06,0.44746097065225104
intent_com.qihoo.appstore.QihooAlliance,0,0.08949269213470626,0.17898413926137047,598.5,91.43959754942057,"pearson_r, f_stat, entropy_reduction_ratio",0.0,0.0,0.0,2.490021280211484e-06,0.44746097065225104
intent_com.qihoo.appstore.PLUGIN_ICON,0,0.08949269213470626,0.17898413926137047,598.5,91.43959754942057,"pearson_r, f_stat, entropy_reduction_ratio",0.0,0.0,0.0,2.490021280211484e-06,0.44746097065225104
intent_com.qihoo.appstore.OPEN_BROWSER,0,0.08949269213470626,0.17898413926137047,598.5,91.43959754942057,"pearson_r, f_stat, entropy_reduction_ratio",0.0,0.0,0.0,2.490021280211484e-06,0.44746097065225104
intent_com.qihoo.appstore.MEMCLEAR,0,0.08949269213470626,0.17898413926137047,598.5,91.43959754942057,"pearson_r, f_stat, entropy_reduction_ratio",0.0,0.0,0.0,2.490021280211484e-06,0.44746097065225104
intent_com.qihoo.appstore.LitePluginTipDialogActivity,0,0.08949269213470626,0.17898413926137047,598.5,91.43959754942057,"pearson_r, f_stat, entropy_reduction_ratio",0.0,0.0,0.0,2.490021280211484e-06,0.44746097065225104
intent_com.qihoo.appstore.CLEAN_ACTIVITY_DESTROY,0,0.08949269213470626,0.17898413926137047,598.5,91.43959754942057,"pearson_r, f_stat, entropy_reduction_ratio",0.0,0.0,0.0,2.490021280211484e-06,0.44746097065225104
intent_com.qihoo.appstore.CHECK_STORAGE,0,0.08949269213470626,0.17898413926137047,598.5,91.43959754942057,"pearson_r, f_stat, entropy_reduction_ratio",0.0,0.0,0.0,2.490021280211484e-06,0.44746097065225104
intent_com.qihoo.appstore.plugin.START_PLUGIN_FROM_PROXY_LISTENER,0,0.08949269213470626,0.17898413926137047,598.5,91.43959754942057,"pearson_r, f_stat, entropy_reduction_ratio",0.0,0.0,0.0,2.490021280211484e-06,0.44746097065225104
intent_com.qihoo.appstore.open.wallet,0,0.08949269213470626,0.17898413926137047,598.5,91.43959754942057,"pearson_r, f_stat, entropy_reduction_ratio",0.0,0.0,0.0,2.490021280211484e-06,0.44746097065225104
intent_com.qihoo.appstore.notification.click_action,0,0.08949269213470626,0.17898413926137047,598.5,91.43959754942057,"pearson_r, f_stat, entropy_reduction_ratio",0.0,0.0,0.0,2.490021280211484e-06,0.44746097065225104
intent_com.qihoo.appstore.battery.START_EX,0,0.08949269213470626,0.17898413926137047,598.5,91.43959754942057,"pearson_r, f_stat, entropy_reduction_ratio",0.0,0.0,0.0,2.490021280211484e-06,0.44746097065225104
perm_qiku.permission.READ_WRITE_SAFE_SPACE,0,0.08949269213470626,0.17898413926137047,598.5,91.43959754942057,"pearson_r, f_stat, entropy_reduction_ratio",0.0,0.0,0.0,2.490021280211484e-06,0.44746097065225104
perm_com.nd.android.launcher.permission.WRITE_SETTINGS,0,0.08949269213470626,0.17898413926137047,598.5,91.43959754942057,"pearson_r, f_stat, entropy_reduction_ratio",0.0,0.0,0.0,2.490021280211484e-06,0.44746097065225104
perm_android.permission.RECEIVE_WAP_PUSH,0,0.08949269213470626,0.17898413926137047,598.5,91.43959754942057,"pearson_r, f_stat, entropy_reduction_ratio",0.0,0.0,0.0,2.490021280211484e-06,0.44746097065225104
intent_android.net.wifi.RSSI_CHANGED,0,0.08949269213470626,0.17898413926137047,598.5,91.43959754942057,"pearson_r, f_stat, entropy_reduction_ratio",0.0,0.0,0.0,2.490021280211484e-06,0.44746097065225104
perm_android.permission.READ_CELL_BROADCASTS,0,0.08949269213470626,0.17898413926137047,598.5,91.43959754942057,"pearson_r, f_stat, entropy_reduction_ratio",0.0,0.0,0.0,2.490021280211484e-06,0.44746097065225104
perm_xmpp.permission.RECEIVE_NOTIFICATION,0,0.08949269213470626,0.17898413926137047,598.5,91.43959754942057,"pearson_r, f_stat, entropy_reduction_ratio",0.0,0.0,0.0,2.490021280211484e-06,0.44746097065225104
perm_xmpp.permission.ACCESS_API,0,0.08949269213470626,0.17898413926137047,598.5,91.43959754942057,"pearson_r, f_stat, entropy_reduction_ratio",0.0,0.0,0.0,2.490021280211484e-06,0.44746097065225104
intent_android.intent.action.BATTERY_CHANGED,0,0.08949269213470626,0.17898413926137047,598.5,91.43959754942057,"pearson_r, f_stat, entropy_reduction_ratio",0.0,0.0,0.0,2.490021280211484e-06,0.44746097065225104
intent_com.coolcloud.xmpp.NOTIFICATION.1010048,0,0.08949269213470626,0.17898413926137047,598.5,91.43959754942057,"pearson_r, f_stat, entropy_reduction_ratio",0.0,0.0,0.0,2.490021280211484e-06,0.44746097065225104
intent_action_send_cancel,0,0.08949269213470626,0.17898413926137047,598.5,91.43959754942057,"pearson_r, f_stat, entropy_reduction_ratio",0.0,0.0,0.0,2.490021280211484e-06,0.44746097065225104
intent_com.qihoo.appstore.stable_notification_broadcast,0,0.08949269213470626,0.17898413926137047,598.5,91.43959754942057,"pearson_r, f_stat, entropy_reduction_ratio",0.0,0.0,0.0,2.490021280211484e-06,0.44746097065225104
perm_android.permission.MANAGE_USERS,0,0.08949269213470626,0.17898413926137047,598.5,91.43959754942057,"pearson_r, f_stat, entropy_reduction_ratio",0.0,0.0,0.0,2.490021280211484e-06,0.44746097065225104
perm_android.permission.CHANGE_WIMAX_STATE,0,0.08949269213470626,0.17898413926137047,598.5,91.43959754942057,"pearson_r, f_stat, entropy_reduction_ratio",0.0,0.0,0.0,2.490021280211484e-06,0.44746097065225104
perm_com.anddoes.launcher.permission.READ_SETTINGS,0,0.08949269213470626,0.17898413926137047,598.5,91.43959754942057,"pearson_r, f_stat, entropy_reduction_ratio",0.0,0.0,0.0,2.490021280211484e-06,0.44746097065225104
perm_android.permission.WRITE_SOCIAL_STREAM,0,0.08949269213470626,0.17898413926137047,598.5,91.43959754942057,"pearson_r, f_stat, entropy_reduction_ratio",0.0,0.0,0.0,2.490021280211484e-06,0.44746097065225104
intent_android.intent.action.SERVICE_STATE,0,0.08949269213470626,0.17898413926137047,598.5,91.43959754942057,"pearson_r, f_stat, entropy_reduction_ratio",0.0,0.0,0.0,2.490021280211484e-06,0.44746097065225104
perm_android.permission.ACCESS_MOCK_LOCATION,0,0.08949269213470626,0.17898413926137047,598.5,91.43959754942057,"pearson_r, f_stat, entropy_reduction_ratio",0.0,0.0,0.0,2.490021280211484e-06,0.44746097065225104
perm_com.zte.mifavor.launcher.permission.READ_SETTINGS,0,0.08949269213470626,0.17898413926137047,598.5,91.43959754942057,"pearson_r, f_stat, entropy_reduction_ratio",0.0,0.0,0.0,2.490021280211484e-06,0.44746097065225104
perm_android.permission.READ_APP_BADGE,0,0.08949269213470626,0.17898413926137047,598.5,91.43959754942057,"pearson_r, f_stat, entropy_reduction_ratio",0.0,0.0,0.0,2.490021280211484e-06,0.44746097065225104
perm_com.yulong.android.launcher3.READ_SETTINGS,0,0.08949269213470626,0.17898413926137047,598.5,91.43959754942057,"pearson_r, f_stat, entropy_reduction_ratio",0.0,0.0,0.0,2.490021280211484e-06,0.44746097065225104
perm_com.qiku.launcher.permission.READ_SETTINGS,0,0.08949269213470626,0.17898413926137047,598.5,91.43959754942057,"pearson_r, f_stat, entropy_reduction_ratio",0.0,0.0,0.0,2.490021280211484e-06,0.44746097065225104
perm_android.permission.SUBSCRIBED_FEEDS_READ,0,0.08949269213470626,0.17898413926137047,598.5,91.43959754942057,"pearson_r, f_stat, entropy_reduction_ratio",0.0,0.0,0.0,2.490021280211484e-06,0.44746097065225104
intent_com.igexin.sdk.action.pushmanager,0,0.08949269213470626,0.17898413926137047,598.5,91.43959754942057,"pearson_r, f_stat, entropy_reduction_ratio",0.0,0.0,0.0,2.490021280211484e-06,0.44746097065225104
perm_com.google.android.providers.talk.permission.WRITE_ONLY,0,0.08949269213470626,0.17898413926137047,598.5,91.43959754942057,"pearson_r, f_stat, entropy_reduction_ratio",0.0,0.0,0.0,2.490021280211484e-06,0.44746097065225104
perm_com.google.android.gms.permission.AD_ID_NOTIFICATION,0,0.08949269213470626,0.17898413926137047,598.5,91.43959754942057,"pearson_r, f_stat, entropy_reduction_ratio",0.0,0.0,0.0,2.490021280211484e-06,0.44746097065225104
perm_com.google.android.googleapps.permission.GOOGLE_AUTH.youtube,0,0.08949269213470626,0.17898413926137047,598.5,91.43959754942057,"pearson_r, f_stat, entropy_reduction_ratio",0.0,0.0,0.0,2.490021280211484e-06,0.44746097065225104
perm_com.google.android.googleapps.permission.GOOGLE_AUTH.news,0,0.08949269213470626,0.17898413926137047,598.5,91.43959754942057,"pearson_r, f_stat, entropy_reduction_ratio",0.0,0.0,0.0,2.490021280211484e-06,0.44746097065225104
perm_com.google.android.googleapps.permission.GOOGLE_AUTH.wifi,0,0.08949269213470626,0.17898413926137047,598.5,91.43959754942057,"pearson_r, f_stat, entropy_reduction_ratio",0.0,0.0,0.0,2.490021280211484e-06,0.44746097065225104
perm_com.google.android.googleapps.permission.GOOGLE_AUTH.speechpersonalization,0,0.08949269213470626,0.17898413926137047,598.5,91.43959754942057,"pearson_r, f_stat, entropy_reduction_ratio",0.0,0.0,0.0,2.490021280211484e-06,0.44746097065225104
perm_com.google.android.googleapps.permission.GOOGLE_AUTH.speech,0,0.08949269213470626,0.17898413926137047,598.5,91.43959754942057,"pearson_r, f_stat, entropy_reduction_ratio",0.0,0.0,0.0,2.490021280211484e-06,0.44746097065225104
perm_com.google.android.googleapps.permission.GOOGLE_AUTH.sitemaps,0,0.08949269213470626,0.17898413926137047,598.5,91.43959754942057,"pearson_r, f_stat, entropy_reduction_ratio",0.0,0.0,0.0,2.490021280211484e-06,0.44746097065225104
perm_com.google.android.googleapps.permission.GOOGLE_AUTH.local,0,0.08949269213470626,0.17898413926137047,598.5,91.43959754942057,"pearson_r, f_stat, entropy_reduction_ratio",0.0,0.0,0.0,2.490021280211484e-06,0.44746097065225104
perm_com.google.android.googleapps.permission.GOOGLE_AUTH.lh2,0,0.08949269213470626,0.17898413926137047,598.5,91.43959754942057,"pearson_r, f_stat, entropy_reduction_ratio",0.0,0.0,0.0,2.490021280211484e-06,0.44746097065225104
perm_com.google.android.googleapps.permission.GOOGLE_AUTH.knol,0,0.08949269213470626,0.17898413926137047,598.5,91.43959754942057,"pearson_r, f_stat, entropy_reduction_ratio",0.0,0.0,0.0,2.490021280211484e-06,0.44746097065225104
perm_com.google.android.googleapps.permission.GOOGLE_AUTH.jotspot,0,0.08949269213470626,0.17898413926137047,598.5,91.43959754942057,"pearson_r, f_stat, entropy_reduction_ratio",0.0,0.0,0.0,2.490021280211484e-06,0.44746097065225104
perm_com.google.android.googleapps.permission.GOOGLE_AUTH.gbase,0,0.08949269213470626,0.17898413926137047,598.5,91.43959754942057,"pearson_r, f_stat, entropy_reduction_ratio",0.0,0.0,0.0,2.490021280211484e-06,0.44746097065225104
perm_com.google.android.googleapps.permission.GOOGLE_AUTH.finance,0,0.08949269213470626,0.17898413926137047,598.5,91.43959754942057,"pearson_r, f_stat, entropy_reduction_ratio",0.0,0.0,0.0,2.490021280211484e-06,0.44746097065225104
perm_com.google.android.googleapps.permission.GOOGLE_AUTH.dodgeball,0,0.08949269213470626,0.17898413926137047,598.5,91.43959754942057,"pearson_r, f_stat, entropy_reduction_ratio",0.0,0.0,0.0,2.490021280211484e-06,0.44746097065225104
perm_com.google.android.googleapps.permission.GOOGLE_AUTH.notebook,0,0.08949269213470626,0.17898413926137047,598.5,91.43959754942057,"pearson_r, f_stat, entropy_reduction_ratio",0.0,0.0,0.0,2.490021280211484e-06,0.44746097065225104
perm_com.google.android.googleapps.permission.GOOGLE_AUTH.mail,0,0.08949269213470626,0.17898413926137047,598.5,91.43959754942057,"pearson_r, f_stat, entropy_reduction_ratio",0.0,0.0,0.0,2.490021280211484e-06,0.44746097065225104
intent_android.net.wifi.supplicant.CONNECTION_CHANGE,0,0.08949269213470626,0.17898413926137047,598.5,91.43959754942057,"pearson_r, f_stat, entropy_reduction_ratio",0.0,0.0,0.0,2.490021280211484e-06,0.44746097065225104
perm_android.permission.READ_OWNER_DATA,0,0.08949269213470626,0.17898413926137047,598.5,91.43959754942057,"pearson_r, f_stat, entropy_reduction_ratio",0.0,0.0,0.0,2.490021280211484e-06,0.44746097065225104
perm_android.permission.SET_TIME_ZONE,0,0.08949269213470626,0.17898413926137047,598.5,91.43959754942057,"pearson_r, f_stat, entropy_reduction_ratio",0.0,0.0,0.0,2.490021280211484e-06,0.44746097065225104
perm_android.permission.USE_SIP,0,0.08949269213470626,0.17898413926137047,598.5,91.43959754942057,"pearson_r, f_stat, entropy_reduction_ratio",0.0,0.0,0.0,2.490021280211484e-06,0.44746097065225104
perm_com.google.android.googleapps.permission.GOOGLE_AUTH.wise,0,0.08949269213470626,0.17898413926137047,598.5,91.43959754942057,"pearson_r, f_stat, entropy_reduction_ratio",0.0,0.0,0.0,2.490021280211484e-06,0.44746097065225104
perm_com.google.android.googleapps.permission.GOOGLE_AUTH.writely,0,0.08949269213470626,0.17898413926137047,598.5,91.43959754942057,"pearson_r, f_stat, entropy_reduction_ratio",0.0,0.0,0.0,2.490021280211484e-06,0.44746097065225104
intent_safiap.GET_SHARED_DATA,0,0.08949269213470626,0.17898413926137047,598.5,91.43959754942057,"pearson_r, f_stat, entropy_reduction_ratio",0.0,0.0,0.0,2.490021280211484e-06,0.44746097065225104
intent_safiap.framework.ACTION_SET_TIMER,0,0.08949269213470626,0.17898413926137047,598.5,91.43959754942057,"pearson_r, f_stat, entropy_reduction_ratio",0.0,0.0,0.0,2.490021280211484e-06,0.44746097065225104
intent_safiap.framework.sdk.ISAFFramework,0,0.08949269213470626,0.17898413926137047,598.5,91.43959754942057,"pearson_r, f_stat, entropy_reduction_ratio",0.0,0.0,0.0,2.490021280211484e-06,0.44746097065225104
intent_safiap.framework.ACTION_CHECK_UPDATE,0,0.08949269213470626,0.17898413926137047,598.5,91.43959754942057,"pearson_r, f_stat, entropy_reduction_ratio",0.0,0.0,0.0,2.490021280211484e-06,0.44746097065225104
intent_safiap.framework.ACTION_CANCEL_NOTIFICATION,0,0.08949269213470626,0.17898413926137047,598.5,91.43959754942057,"pearson_r, f_stat, entropy_reduction_ratio",0.0,0.0,0.0,2.490021280211484e-06,0.44746097065225104
perm_com.sonymobile.home.permission.PROVIDER_INSERT_BADGE,0,0.08949269213470626,0.17898413926137047,598.5,91.43959754942057,"pearson_r, f_stat, entropy_reduction_ratio",0.0,0.0,0.0,2.490021280211484e-06,0.44746097065225104
perm_com.s.launcher.permission.READ_SETTINGS,0,0.08949269213470626,0.17898413926137047,598.5,91.43959754942057,"pearson_r, f_stat, entropy_reduction_ratio",0.0,0.0,0.0,2.490021280211484e-06,0.44746097065225104
perm_com.mx.launcher.permission.READ_SETTINGS,0,0.08949269213470626,0.17898413926137047,598.5,91.43959754942057,"pearson_r, f_stat, entropy_reduction_ratio",0.0,0.0,0.0,2.490021280211484e-06,0.44746097065225104
perm_com.apusapps.launcher.permission.READ_SETTINGS,0,0.08949269213470626,0.17898413926137047,598.5,91.43959754942057,"pearson_r, f_stat, entropy_reduction_ratio",0.0,0.0,0.0,2.490021280211484e-06,0.44746097065225104
intent_cn.jpush.android.ui.PushActivity,0,0.08949269213470626,0.17898413926137047,598.5,91.43959754942057,"pearson_r, f_stat, entropy_reduction_ratio",0.0,0.0,0.0,2.490021280211484e-06,0.44746097065225104
perm_com.google.android.googleapps.permission.GOOGLE_AUTH.androidsecure,0,0.08949269213470626,0.17898413926137047,598.5,91.43959754942057,"pearson_r, f_stat, entropy_reduction_ratio",0.0,0.0,0.0,2.490021280211484e-06,0.44746097065225104
perm_com.google.android.googleapps.permission.GOOGLE_AUTH.sierraqa,0,0.08949269213470626,0.17898413926137047,598.5,91.43959754942057,"pearson_r, f_stat, entropy_reduction_ratio",0.0,0.0,0.0,2.490021280211484e-06,0.44746097065225104
perm_com.google.android.googleapps.permission.GOOGLE_AUTH.sierrasandbox,0,0.08949269213470626,0.17898413926137047,598.5,91.43959754942057,"pearson_r, f_stat, entropy_reduction_ratio",0.0,0.0,0.0,2.490021280211484e-06,0.44746097065225104
intent_com.igexin.sdk.action.service.message,0,0.08949269213470626,0.17898413926137047,598.5,91.43959754942057,"pearson_r, f_stat, entropy_reduction_ratio",0.0,0.0,0.0,2.490021280211484e-06,0.44746097065225104
intent_cn.jpush.android.intent.REGISTER,0,0.08949269213470626,0.17898413926137047,598.5,91.43959754942057,"pearson_r, f_stat, entropy_reduction_ratio",0.0,0.0,0.0,2.490021280211484e-06,0.44746097065225104
intent_cn.jpush.android.intent.PushService,0,0.08949269213470626,0.17898413926137047,598.5,91.43959754942057,"pearson_r, f_stat, entropy_reduction_ratio",0.0,0.0,0.0,2.490021280211484e-06,0.44746097065225104
intent_cn.jpush.android.intent.REPORT,0,0.08949269213470626,0.17898413926137047,598.5,91.43959754942057,"pearson_r, f_stat, entropy_reduction_ratio",0.0,0.0,0.0,2.490021280211484e-06,0.44746097065225104
intent_cn.jpush.android.intent.PUSH_TIME,0,0.08949269213470626,0.17898413926137047,598.5,91.43959754942057,"pearson_r, f_stat, entropy_reduction_ratio",0.0,0.0,0.0,2.490021280211484e-06,0.44746097065225104
perm_com.tsf.shell.permission.READ_SETTINGS,0,0.08949269213470626,0.17898413926137047,598.5,91.43959754942057,"pearson_r, f_stat, entropy_reduction_ratio",0.0,0.0,0.0,2.490021280211484e-06,0.44746097065225104
perm_android.permission.WRITE_USER_DICTIONARY,0,0.08949269213470626,0.17898413926137047,598.5,91.43959754942057,"pearson_r, f_stat, entropy_reduction_ratio",0.0,0.0,0.0,2.490021280211484e-06,0.44746097065225104
intent_org.android.agoo.client.MessageReceiverService,0,0.08949269213470626,0.17898413926137047,598.5,91.43959754942057,"pearson_r, f_stat, entropy_reduction_ratio",0.0,0.0,0.0,2.490021280211484e-06,0.44746097065225104
intent_cn.jpush.android.intent.REGISTRATION,0,0.08949269213470626,0.17898413926137047,598.5,91.43959754942057,"pearson_r, f_stat, entropy_reduction_ratio",0.0,0.0,0.0,2.490021280211484e-06,0.44746097065225104
intent_com.tencent.mm.plugin.openapi.Intent.ACTION_REFRESH_WXAPP,0,0.08949269213470626,0.17898413926137047,598.5,91.43959754942057,"pearson_r, f_stat, entropy_reduction_ratio",0.0,0.0,0.0,2.490021280211484e-06,0.44746097065225104
perm_com.teslacoilsw.launcher.permission.READ_SETTINGS,0,0.08949269213470626,0.17898413926137047,598.5,91.43959754942057,"pearson_r, f_stat, entropy_reduction_ratio",0.0,0.0,0.0,2.490021280211484e-06,0.44746097065225104
intent_cn.jpush.android.intent.NOTIFICATION_OPENED,0,0.08949269213470626,0.17898413926137047,598.5,91.43959754942057,"pearson_r, f_stat, entropy_reduction_ratio",0.0,0.0,0.0,2.490021280211484e-06,0.44746097065225104
intent_cn.jpush.android.intent.NOTIFICATION_RECEIVED,0,0.08949269213470626,0.17898413926137047,598.5,91.43959754942057,"pearson_r, f_stat, entropy_reduction_ratio",0.0,0.0,0.0,2.490021280211484e-06,0.44746097065225104
intent_com.igexin.sdk.action.7fjUl2Z3LH6xYy7NQK4ni4,0,0.08949269213470626,0.17898413926137047,598.5,91.43959754942057,"pearson_r, f_stat, entropy_reduction_ratio",0.0,0.0,0.0,2.490021280211484e-06,0.44746097065225104
intent_cn.play.dservice,0,0.08949269213470626,0.17898413926137047,598.5,91.43959754942057,"pearson_r, f_stat, entropy_reduction_ratio",0.0,0.0,0.0,2.490021280211484e-06,0.44746097065225104
intent_android.intent.action.NOTIFICATION_REMOVE,0,0.08949269213470626,0.17898413926137047,598.5,91.43959754942057,"pearson_r, f_stat, entropy_reduction_ratio",0.0,0.0,0.0,2.490021280211484e-06,0.44746097065225104
intent_android.intent.action.NOTIFICATION_UPDATE,0,0.08949269213470626,0.17898413926137047,598.5,91.43959754942057,"pearson_r, f_stat, entropy_reduction_ratio",0.0,0.0,0.0,2.490021280211484e-06,0.44746097065225104
intent_safiap.framework.ACTION_NETWORK_ERROR_FRAMEWORK,0,0.08949269213470626,0.17898413926137047,598.5,91.43959754942057,"pearson_r, f_stat, entropy_reduction_ratio",0.0,0.0,0.0,2.490021280211484e-06,0.44746097065225104
intent_android.provider.OppoSpeechAssist.SMS_RECEIVED,0,0.08949269213470626,0.17898413926137047,598.5,91.43959754942057,"pearson_r, f_stat, entropy_reduction_ratio",0.0,0.0,0.0,2.490021280211484e-06,0.44746097065225104
intent_com.miui.smsextra.hhha,0,0.08949269213470626,0.17898413926137047,598.5,91.43959754942057,"pearson_r, f_stat, entropy_reduction_ratio",0.0,0.0,0.0,2.490021280211484e-06,0.44746097065225104
intent_cn.jpush.android.intent.CONNECTION,0,0.08949269213470626,0.17898413926137047,598.5,91.43959754942057,"pearson_r, f_stat, entropy_reduction_ratio",0.0,0.0,0.0,2.490021280211484e-06,0.44746097065225104
perm_android.permission.SEND_DOWNLOAD_COMPLETED_INTENTS,0,0.08949269213470626,0.17898413926137047,598.5,91.43959754942057,"pearson_r, f_stat, entropy_reduction_ratio",0.0,0.0,0.0,2.490021280211484e-06,0.44746097065225104
intent_com.xiaomi.mipush.RECEIVE_MESSAGE,0,0.08949269213470626,0.17898413926137047,598.5,91.43959754942057,"pearson_r, f_stat, entropy_reduction_ratio",0.0,0.0,0.0,2.490021280211484e-06,0.44746097065225104
perm_android.permission.BROADCAST_PACKAGE_REPLACED,0,0.08949269213470626,0.17898413926137047,598.5,91.43959754942057,"pearson_r, f_stat, entropy_reduction_ratio",0.0,0.0,0.0,2.490021280211484e-06,0.44746097065225104
perm_android.permission.READ_SYNC_STATS,0,0.08949269213470626,0.17898413926137047,598.5,91.43959754942057,"pearson_r, f_stat, entropy_reduction_ratio",0.0,0.0,0.0,2.490021280211484e-06,0.44746097065225104
perm_dianxin.permission.ACCESS_LAUNCHER_DATA,0,0.08949269213470626,0.17898413926137047,598.5,91.43959754942057,"pearson_r, f_stat, entropy_reduction_ratio",0.0,0.0,0.0,2.490021280211484e-06,0.44746097065225104
perm_android.permission.ACCESS_SUPERUSER,0,0.08949269213470626,0.17898413926137047,598.5,91.43959754942057,"pearson_r, f_stat, entropy_reduction_ratio",0.0,0.0,0.0,2.490021280211484e-06,0.44746097065225104
intent_org.agoo.android.intent.action.PING_V4,0,0.08949269213470626,0.17898413926137047,598.5,91.43959754942057,"pearson_r, f_stat, entropy_reduction_ratio",0.0,0.0,0.0,2.490021280211484e-06,0.44746097065225104
perm_com.anddoes.launcher.permission.WRITE_SETTINGS,0,0.08949269213470626,0.17898413926137047,598.5,91.43959754942057,"pearson_r, f_stat, entropy_reduction_ratio",0.0,0.0,0.0,2.490021280211484e-06,0.44746097065225104
intent_com.excelliance.kxqp.platform.gameplugin.action.BIND_REMOTE,0,0.08949269213470626,0.17898413926137047,598.5,91.43959754942057,"pearson_r, f_stat, entropy_reduction_ratio",0.0,0.0,0.0,2.490021280211484e-06,0.44746097065225104
intent_com.aspire.purchaseservice.BIND,0,0.08949269213470626,0.17898413926137047,598.5,91.43959754942057,"pearson_r, f_stat, entropy_reduction_ratio",0.0,0.0,0.0,2.490021280211484e-06,0.44746097065225104
perm_android.permission.SIGNAL_PERSISTENT_PROCESSES,0,0.08949269213470626,0.17898413926137047,598.5,91.43959754942057,"pearson_r, f_stat, entropy_reduction_ratio",0.0,0.0,0.0,2.490021280211484e-06,0.44746097065225104
perm_com.qihoo360.launcher.permission.WRITE_SETTINGS,0,0.08949269213470626,0.17898413926137047,598.5,91.43959754942057,"pearson_r, f_stat, entropy_reduction_ratio",0.0,0.0,0.0,2.490021280211484e-06,0.44746097065225104
perm_com.sec.android.app.twlauncher.settings.WRITE_SETTINGS,0,0.08949269213470626,0.17898413926137047,598.5,91.43959754942057,"pearson_r, f_stat, entropy_reduction_ratio",0.0,0.0,0.0,2.490021280211484e-06,0.44746097065225104
perm_telecom.mdesk.permission.WRITE_SETTINGS,0,0.08949269213470626,0.17898413926137047,598.5,91.43959754942057,"pearson_r, f_stat, entropy_reduction_ratio",0.0,0.0,0.0,2.490021280211484e-06,0.44746097065225104
perm_net.qihoo.launcher.permission.WRITE_SETTINGS,0,0.08949269213470626,0.17898413926137047,598.5,91.43959754942057,"pearson_r, f_stat, entropy_reduction_ratio",0.0,0.0,0.0,2.490021280211484e-06,0.44746097065225104
perm_org.adw.launcher_donut.permission.WRITE_SETTINGS,0,0.08949269213470626,0.17898413926137047,598.5,91.43959754942057,"pearson_r, f_stat, entropy_reduction_ratio",0.0,0.0,0.0,2.490021280211484e-06,0.44746097065225104
perm_sec.android.permission.READ_MSG_PREF,0,0.08949269213470626,0.17898413926137047,598.5,91.43959754942057,"pearson_r, f_stat, entropy_reduction_ratio",0.0,0.0,0.0,2.490021280211484e-06,0.44746097065225104
perm_com.samsung.android.providers.context.permission.WRITE_RECORD_AUDIO,0,0.08949269213470626,0.17898413926137047,598.5,91.43959754942057,"pearson_r, f_stat, entropy_reduction_ratio",0.0,0.0,0.0,2.490021280211484e-06,0.44746097065225104
perm_com.samsung.svoice.sync.ACCESS_SERVICE,0,0.08949269213470626,0.17898413926137047,598.5,91.43959754942057,"pearson_r, f_stat, entropy_reduction_ratio",0.0,0.0,0.0,2.490021280211484e-06,0.44746097065225104
perm_com.samsung.svoice.sync.WRITE_DATABASE,0,0.08949269213470626,0.17898413926137047,598.5,91.43959754942057,"pearson_r, f_stat, entropy_reduction_ratio",0.0,0.0,0.0,2.490021280211484e-06,0.44746097065225104
intent_org.android.agoo.client.ElectionReceiverService,0,0.08949269213470626,0.17898413926137047,598.5,91.43959754942057,"pearson_r, f_stat, entropy_reduction_ratio",0.0,0.0,0.0,2.490021280211484e-06,0.44746097065225104
intent_com.xiaomi.mipush.MESSAGE_ARRIVED,0,0.08949269213470626,0.17898413926137047,598.5,91.43959754942057,"pearson_r, f_stat, entropy_reduction_ratio",0.0,0.0,0.0,2.490021280211484e-06,0.44746097065225104
perm_com.lge.launcher.permission.WRITE_SETTINGS,0,0.08949269213470626,0.17898413926137047,598.5,91.43959754942057,"pearson_r, f_stat, entropy_reduction_ratio",0.0,0.0,0.0,2.490021280211484e-06,0.44746097065225104
intent_com.excelliance.kxqp.NEXT_CHAPTER,0,0.08949269213470626,0.17898413926137047,598.5,91.43959754942057,"pearson_r, f_stat, entropy_reduction_ratio",0.0,0.0,0.0,2.490021280211484e-06,0.44746097065225104
intent_cn.jpush.android.intent.DaemonService,0,0.08949269213470626,0.17898413926137047,598.5,91.43959754942057,"pearson_r, f_stat, entropy_reduction_ratio",0.0,0.0,0.0,2.490021280211484e-06,0.44746097065225104
perm_com.sec.android.settings.permission.SOFT_RESET,0,0.08949269213470626,0.17898413926137047,598.5,91.43959754942057,"pearson_r, f_stat, entropy_reduction_ratio",0.0,0.0,0.0,2.490021280211484e-06,0.44746097065225104
perm_com.samsung.android.scloud.backup.lib.read,0,0.08949269213470626,0.17898413926137047,598.5,91.43959754942057,"pearson_r, f_stat, entropy_reduction_ratio",0.0,0.0,0.0,2.490021280211484e-06,0.44746097065225104
intent_com.baidu.android.pushservice.action.notification.SHOW,0,0.08949269213470626,0.17898413926137047,598.5,91.43959754942057,"pearson_r, f_stat, entropy_reduction_ratio",0.0,0.0,0.0,2.490021280211484e-06,0.44746097065225104
perm_android.permission.BACKUP,0,0.08949269213470626,0.17898413926137047,598.5,91.43959754942057,"pearson_r, f_stat, entropy_reduction_ratio",0.0,0.0,0.0,2.490021280211484e-06,0.44746097065225104
intent_com.baidu.android.pushservice.action.METHOD,0,0.08949269213470626,0.17898413926137047,598.5,91.43959754942057,"pearson_r, f_stat, entropy_reduction_ratio",0.0,0.0,0.0,2.490021280211484e-06,0.44746097065225104
intent_com.baidu.android.pushservice.action.BIND_SYNC,0,0.08949269213470626,0.17898413926137047,598.5,91.43959754942057,"pearson_r, f_stat, entropy_reduction_ratio",0.0,0.0,0.0,2.490021280211484e-06,0.44746097065225104
intent_com.xiaomi.push.PING_TIMER,0,0.08949269213470626,0.17898413926137047,598.5,91.43959754942057,"pearson_r, f_stat, entropy_reduction_ratio",0.0,0.0,0.0,2.490021280211484e-06,0.44746097065225104
intent_com.baidu.android.pushservice.action.notification.CLICK,0,0.08949269213470626,0.17898413926137047,598.5,91.43959754942057,"pearson_r, f_stat, entropy_reduction_ratio",0.0,0.0,0.0,2.490021280211484e-06,0.44746097065225104
perm_com.huawei.android.launcher.permission.CHANGE_BADGE,0,0.08949269213470626,0.17898413926137047,598.5,91.43959754942057,"pearson_r, f_stat, entropy_reduction_ratio",0.0,0.0,0.0,2.490021280211484e-06,0.44746097065225104
perm_ACCESS_WIFI_STATE,0,0.08949269213470626,0.17898413926137047,598.5,91.43959754942057,"pearson_r, f_stat, entropy_reduction_ratio",0.0,0.0,0.0,2.490021280211484e-06,0.44746097065225104
intent_android.intent.action.ACTION_BOOT_COMPLETED,0,0.08949269213470626,0.17898413926137047,598.5,91.43959754942057,"pearson_r, f_stat, entropy_reduction_ratio",0.0,0.0,0.0,2.490021280211484e-06,0.44746097065225104
perm_android.permission.READ_CLIPS,0,0.08949269213470626,0.17898413926137047,598.5,91.43959754942057,"pearson_r, f_stat, entropy_reduction_ratio",0.0,0.0,0.0,2.490021280211484e-06,0.44746097065225104
perm_android.permission.GET_INTENT_SENDER_INTENT,0,0.08949269213470626,0.17898413926137047,598.5,91.43959754942057,"pearson_r, f_stat, entropy_reduction_ratio",0.0,0.0,0.0,2.490021280211484e-06,0.44746097065225104
perm_android.permission.GET_CLIPS,0,0.08949269213470626,0.17898413926137047,598.5,91.43959754942057,"pearson_r, f_stat, entropy_reduction_ratio",0.0,0.0,0.0,2.490021280211484e-06,0.44746097065225104
intent_com.umeng.message.autoupdate.handler.action,0,0.08949269213470626,0.17898413926137047,598.5,91.43959754942057,"pearson_r, f_stat, entropy_reduction_ratio",0.0,0.0,0.0,2.490021280211484e-06,0.44746097065225104
perm_com.android.launcher3.permission.INSTALL_SHORTCUT,0,0.08949269213470626,0.17898413926137047,598.5,91.43959754942057,"pearson_r, f_stat, entropy_reduction_ratio",0.0,0.0,0.0,2.490021280211484e-06,0.44746097065225104
intent_com.baidu.android.pushservice.action.PUSH_SERVICE,0,0.08949269213470626,0.17898413926137047,598.5,91.43959754942057,"pearson_r, f_stat, entropy_reduction_ratio",0.0,0.0,0.0,2.490021280211484e-06,0.44746097065225104
intent_com.umeng.message.enablecallback.action,0,0.08949269213470626,0.17898413926137047,598.5,91.43959754942057,"pearson_r, f_stat, entropy_reduction_ratio",0.0,0.0,0.0,2.490021280211484e-06,0.44746097065225104
perm_org.simalliance.openmobileapi.SMARTCARD,0,0.08949269213470626,0.17898413926137047,598.5,91.43959754942057,"pearson_r, f_stat, entropy_reduction_ratio",0.0,0.0,0.0,2.490021280211484e-06,0.44746097065225104
intent_com.taobao.accs.intent.action.COMMAND,0,0.08949269213470626,0.17898413926137047,598.5,91.43959754942057,"pearson_r, f_stat, entropy_reduction_ratio",0.0,0.0,0.0,2.490021280211484e-06,0.44746097065225104
intent_co.ronash.pushe.CHECK_TASKS,0,0.08949269213470626,0.17898413926137047,598.5,91.43959754942057,"pearson_r, f_stat, entropy_reduction_ratio",0.0,0.0,0.0,2.490021280211484e-06,0.44746097065225104
intent_com.taobao.accs.intent.action.START_FROM_AGOO,0,0.08949269213470626,0.17898413926137047,598.5,91.43959754942057,"pearson_r, f_stat, entropy_reduction_ratio",0.0,0.0,0.0,2.490021280211484e-06,0.44746097065225104
intent_com.adroid.SERVICE,0,0.08949269213470626,0.17898413926137047,598.5,91.43959754942057,"pearson_r, f_stat, entropy_reduction_ratio",0.0,0.0,0.0,2.490021280211484e-06,0.44746097065225104
perm_com.xiaomi.sdk.permission.PAYMENT,0,0.08949269213470626,0.17898413926137047,598.5,91.43959754942057,"pearson_r, f_stat, entropy_reduction_ratio",0.0,0.0,0.0,2.490021280211484e-06,0.44746097065225104
intent_co.ronash.pushe.service.ScreenStateService,0,0.08949269213470626,0.17898413926137047,598.5,91.43959754942057,"pearson_r, f_stat, entropy_reduction_ratio",0.0,0.0,0.0,2.490021280211484e-06,0.44746097065225104
intent_com.taobao.accs.intent.action.RECEIVE,0,0.08949269213470626,0.17898413926137047,598.5,91.43959754942057,"pearson_r, f_stat, entropy_reduction_ratio",0.0,0.0,0.0,2.490021280211484e-06,0.44746097065225104
perm_android.permission.LOCAL_MAC_ADDRESS,0,0.08949269213470626,0.17898413926137047,598.5,91.43959754942057,"pearson_r, f_stat, entropy_reduction_ratio",0.0,0.0,0.0,2.490021280211484e-06,0.44746097065225104
intent_cn.jpush.android.intent.UNREGISTRATION,0,0.08949269213470626,0.17898413926137047,598.5,91.43959754942057,"pearson_r, f_stat, entropy_reduction_ratio",0.0,0.0,0.0,2.490021280211484e-06,0.44746097065225104
perm_com.android.launcher3.permission.UNINSTALL_SHORTCUT,0,0.08949269213470626,0.17898413926137047,598.5,91.43959754942057,"pearson_r, f_stat, entropy_reduction_ratio",0.0,0.0,0.0,2.490021280211484e-06,0.44746097065225104
intent_com.unicom.xiaowo.security.RECEIVER_CMD,0,0.08949269213470626,0.17898413926137047,598.5,91.43959754942057,"pearson_r, f_stat, entropy_reduction_ratio",0.0,0.0,0.0,2.490021280211484e-06,0.44746097065225104
intent_com.excelliance.kxqp.platform.action.CRASH_REPORT,0,0.08949269213470626,0.17898413926137047,598.5,91.43959754942057,"pearson_r, f_stat, entropy_reduction_ratio",0.0,0.0,0.0,2.490021280211484e-06,0.44746097065225104
intent_com.door.pay.sdk.app.action,0,0.08949269213470626,0.17898413926137047,598.5,91.43959754942057,"pearson_r, f_stat, entropy_reduction_ratio",0.0,0.0,0.0,2.490021280211484e-06,0.44746097065225104
intent_com.amir.nightjar.service.BUFFER_SERVICES,0,0.08949269213470626,0.17898413926137047,598.5,91.43959754942057,"pearson_r, f_stat, entropy_reduction_ratio",0.0,0.0,0.0,2.490021280211484e-06,0.44746097065225104
intent_com.amir.nightjar.service.CONFIG_SERVICES,0,0.08949269213470626,0.17898413926137047,598.5,91.43959754942057,"pearson_r, f_stat, entropy_reduction_ratio",0.0,0.0,0.0,2.490021280211484e-06,0.44746097065225104
intent_ACTION.TAPCORE.MESSAGE,0,0.08949269213470626,0.17898413926137047,598.5,91.43959754942057,"pearson_r, f_stat, entropy_reduction_ratio",0.0,0.0,0.0,2.490021280211484e-06,0.44746097065225104
perm_cn.swiftpass.wxpay.permission.MM_MESSAGE,0,0.08949269213470626,0.17898413926137047,598.5,91.43959754942057,"pearson_r, f_stat, entropy_reduction_ratio",0.0,0.0,0.0,2.490021280211484e-06,0.44746097065225104
perm_com.meizu.flyme.push.permission.RECEIVE,0,0.08949269213470626,0.17898413926137047,598.5,91.43959754942057,"pearson_r, f_stat, entropy_reduction_ratio",0.0,0.0,0.0,2.490021280211484e-06,0.44746097065225104
perm_com.huawei.launcher.permission.READ_SETTINGS,0,0.08949269213470626,0.17898413926137047,598.5,91.43959754942057,"pearson_r, f_stat, entropy_reduction_ratio",0.0,0.0,0.0,2.490021280211484e-06,0.44746097065225104
perm_cn.swiftpass.wxpay.permission.MMOAUTH_CALLBACK,0,0.08949269213470626,0.17898413926137047,598.5,91.43959754942057,"pearson_r, f_stat, entropy_reduction_ratio",0.0,0.0,0.0,2.490021280211484e-06,0.44746097065225104
intent_android.intent.action.DOWNLOAD_NOTIFY,0,0.08949269213470626,0.17898413926137047,598.5,91.43959754942057,"pearson_r, f_stat, entropy_reduction_ratio",0.0,0.0,0.0,2.490021280211484e-06,0.44746097065225104
intent_android.intent.action.ERROR_NOTIFY,0,0.08949269213470626,0.17898413926137047,598.5,91.43959754942057,"pearson_r, f_stat, entropy_reduction_ratio",0.0,0.0,0.0,2.490021280211484e-06,0.44746097065225104
perm_com.asus.email.permission.ACCESS_PROVIDER,0,0.08949269213470626,0.17898413926137047,598.5,91.43959754942057,"pearson_r, f_stat, entropy_reduction_ratio",0.0,0.0,0.0,2.490021280211484e-06,0.44746097065225104
perm_android.permission.PREVENT_POWER_KEY,0,0.08949269213470626,0.17898413926137047,598.5,91.43959754942057,"pearson_r, f_stat, entropy_reduction_ratio",0.0,0.0,0.0,2.490021280211484e-06,0.44746097065225104
intent_com.excelliance.appmate.platform.gameservice.PlatService,0,0.08949269213470626,0.17898413926137047,598.5,91.43959754942057,"pearson_r, f_stat, entropy_reduction_ratio",0.0,0.0,0.0,2.490021280211484e-06,0.44746097065225104
intent_com.excelliance.kxqp.action.SmtCntService,0,0.08949269213470626,0.17898413926137047,598.5,91.43959754942057,"pearson_r, f_stat, entropy_reduction_ratio",0.0,0.0,0.0,2.490021280211484e-06,0.44746097065225104
intent_com.excelliance.kxqp.action.GENERIC,0,0.08949269213470626,0.17898413926137047,598.5,91.43959754942057,"pearson_r, f_stat, entropy_reduction_ratio",0.0,0.0,0.0,2.490021280211484e-06,0.44746097065225104
perm_com.facebook.katana.permission.C2D_MESSAGE,0,0.08949269213470626,0.17898413926137047,598.5,91.43959754942057,"pearson_r, f_stat, entropy_reduction_ratio",0.0,0.0,0.0,2.490021280211484e-06,0.44746097065225104
intent_com.excelliance.kxqp.action.init,0,0.08949269213470626,0.17898413926137047,598.5,91.43959754942057,"pearson_r, f_stat, entropy_reduction_ratio",0.0,0.0,0.0,2.490021280211484e-06,0.44746097065225104
intent_com.excelliance.kxqp.action.smtcnt,0,0.08949269213470626,0.17898413926137047,598.5,91.43959754942057,"pearson_r, f_stat, entropy_reduction_ratio",0.0,0.0,0.0,2.490021280211484e-06,0.44746097065225104
intent_show_setting_page,0,0.08949269213470626,0.17898413926137047,598.5,91.43959754942057,"pearson_r, f_stat, entropy_reduction_ratio",0.0,0.0,0.0,2.490021280211484e-06,0.44746097065225104
perm_android.permission.ACCESS_DOWNLOAD_MANAGER_ADVANCED,0,0.08949269213470626,0.17898413926137047,598.5,91.43959754942057,"pearson_r, f_stat, entropy_reduction_ratio",0.0,0.0,0.0,2.490021280211484e-06,0.44746097065225104
perm_com.aspire.mm.permission.READ_SETTINGS,0,0.08949269213470626,0.17898413926137047,598.5,91.43959754942057,"pearson_r, f_stat, entropy_reduction_ratio",0.0,0.0,0.0,2.490021280211484e-06,0.44746097065225104
perm_com.fx.launcher.permission.READ_SETTINGS,0,0.08949269213470626,0.17898413926137047,598.5,91.43959754942057,"pearson_r, f_stat, entropy_reduction_ratio",0.0,0.0,0.0,2.490021280211484e-06,0.44746097065225104
intent_android.intent.action.EXTERNAL_APPLICATIONS_AVAILABLE,0,0.08949269213470626,0.17898413926137047,598.5,91.43959754942057,"pearson_r, f_stat, entropy_reduction_ratio",0.0,0.0,0.0,2.490021280211484e-06,0.44746097065225104
intent_com.baidu.autoupdatesdk.ACTION_NEW_UPDATE,0,0.08949269213470626,0.17898413926137047,598.5,91.43959754942057,"pearson_r, f_stat, entropy_reduction_ratio",0.0,0.0,0.0,2.490021280211484e-06,0.44746097065225104
perm_com.tencent.mm.wear.message,0,0.08949269213470626,0.17898413926137047,598.5,91.43959754942057,"pearson_r, f_stat, entropy_reduction_ratio",0.0,0.0,0.0,2.490021280211484e-06,0.44746097065225104
perm_com.ty.launcher.permission.READ_SETTINGS,0,0.08949269213470626,0.17898413926137047,598.5,91.43959754942057,"pearson_r, f_stat, entropy_reduction_ratio",0.0,0.0,0.0,2.490021280211484e-06,0.44746097065225104
perm_com.baiqi.weather.permission.READ_SETTINGS,0,0.08949269213470626,0.17898413926137047,598.5,91.43959754942057,"pearson_r, f_stat, entropy_reduction_ratio",0.0,0.0,0.0,2.490021280211484e-06,0.44746097065225104
perm_com.sonyericsson.homescreen.permission.READ_SETTINGS,0,0.08949269213470626,0.17898413926137047,598.5,91.43959754942057,"pearson_r, f_stat, entropy_reduction_ratio",0.0,0.0,0.0,2.490021280211484e-06,0.44746097065225104
perm_mobi.SyndicateApps.ICS.launcher.permission.READ_SETTINGS,0,0.08949269213470626,0.17898413926137047,598.5,91.43959754942057,"pearson_r, f_stat, entropy_reduction_ratio",0.0,0.0,0.0,2.490021280211484e-06,0.44746097065225104
perm_com.motorola.mmsp.motoswitch.permission.READ_SETTINGS,0,0.08949269213470626,0.17898413926137047,598.5,91.43959754942057,"pearson_r, f_stat, entropy_reduction_ratio",0.0,0.0,0.0,2.490021280211484e-06,0.44746097065225104
perm_com.thunderst.launcher.permission.READ_SETTINGS,0,0.08949269213470626,0.17898413926137047,598.5,91.43959754942057,"pearson_r, f_stat, entropy_reduction_ratio",0.0,0.0,0.0,2.490021280211484e-06,0.44746097065225104
perm_android.permission.DOWNLOAD_CACHE_NON_PURGEABLE,0,0.08949269213470626,0.17898413926137047,598.5,91.43959754942057,"pearson_r, f_stat, entropy_reduction_ratio",0.0,0.0,0.0,2.490021280211484e-06,0.44746097065225104
perm_com.yulong3.android.launcher.permission.WRITE_SETTINGS,0,0.08949269213470626,0.17898413926137047,598.5,91.43959754942057,"pearson_r, f_stat, entropy_reduction_ratio",0.0,0.0,0.0,2.490021280211484e-06,0.44746097065225104
perm_com.yulong3.android.launcher.permission.READ_SETTINGS,0,0.08949269213470626,0.17898413926137047,598.5,91.43959754942057,"pearson_r, f_stat, entropy_reduction_ratio",0.0,0.0,0.0,2.490021280211484e-06,0.44746097065225104
perm_com.yulong.android.launcher.permission.WRITE_SETTINGS,0,0.08949269213470626,0.17898413926137047,598.5,91.43959754942057,"pearson_r, f_stat, entropy_reduction_ratio",0.0,0.0,0.0,2.490021280211484e-06,0.44746097065225104
perm_com.motorola.dlauncher.permission.READ_SETTINGS,0,0.08949269213470626,0.17898413926137047,598.5,91.43959754942057,"pearson_r, f_stat, entropy_reduction_ratio",0.0,0.0,0.0,2.490021280211484e-06,0.44746097065225104
perm_com.tencent.mm.ext.permission.WRITE,0,0.08949269213470626,0.17898413926137047,598.5,91.43959754942057,"pearson_r, f_stat, entropy_reduction_ratio",0.0,0.0,0.0,2.490021280211484e-06,0.44746097065225104
perm_com.tencent.mm.plugin.permission.READ,0,0.08949269213470626,0.17898413926137047,598.5,91.43959754942057,"pearson_r, f_stat, entropy_reduction_ratio",0.0,0.0,0.0,2.490021280211484e-06,0.44746097065225104
perm_com.tencent.mm.plugin.permission.WRITE,0,0.08949269213470626,0.17898413926137047,598.5,91.43959754942057,"pearson_r, f_stat, entropy_reduction_ratio",0.0,0.0,0.0,2.490021280211484e-06,0.44746097065225104
intent_com.baoruan.launcher3.ACTION_THEME,0,0.08949269213470626,0.17898413926137047,598.5,91.43959754942057,"pearson_r, f_stat, entropy_reduction_ratio",0.0,0.0,0.0,2.490021280211484e-06,0.44746097065225104
intent_android.Intent.ACTION_NEW_OUTGOING_CALL,0,0.08949269213470626,0.17898413926137047,598.5,91.43959754942057,"pearson_r, f_stat, entropy_reduction_ratio",0.0,0.0,0.0,2.490021280211484e-06,0.44746097065225104
perm_android.permission.REAL_GET_TASKS,0,0.08949269213470626,0.17898413926137047,598.5,91.43959754942057,"pearson_r, f_stat, entropy_reduction_ratio",0.0,0.0,0.0,2.490021280211484e-06,0.44746097065225104
perm_com.android.email.permission.READ_ATTACHMENT,0,0.08949269213470626,0.17898413926137047,598.5,91.43959754942057,"pearson_r, f_stat, entropy_reduction_ratio",0.0,0.0,0.0,2.490021280211484e-06,0.44746097065225104
intent_com.excelliance.kxqp.action.swpmain,0,0.08949269213470626,0.17898413926137047,598.5,91.43959754942057,"pearson_r, f_stat, entropy_reduction_ratio",0.0,0.0,0.0,2.490021280211484e-06,0.44746097065225104
intent_com.excelliance.kxqp.action.swpsrv,0,0.08949269213470626,0.17898413926137047,598.5,91.43959754942057,"pearson_r, f_stat, entropy_reduction_ratio",0.0,0.0,0.0,2.490021280211484e-06,0.44746097065225104
perm_android.permission.ACCESS_CHECKIN_PROPERTIES,0,0.08949269213470626,0.17898413926137047,598.5,91.43959754942057,"pearson_r, f_stat, entropy_reduction_ratio",0.0,0.0,0.0,2.490021280211484e-06,0.44746097065225104
intent_show_helpcontent,0,0.08949269213470626,0.17898413926137047,598.5,91.43959754942057,"pearson_r, f_stat, entropy_reduction_ratio",0.0,0.0,0.0,2.490021280211484e-06,0.44746097065225104
perm_android.permission.RAISED_THREAD_PRIORITY,0,0.08949269213470626,0.17898413926137047,598.5,91.43959754942057,"pearson_r, f_stat, entropy_reduction_ratio",0.0,0.0,0.0,2.490021280211484e-06,0.44746097065225104
perm_xvtian.gai.receiver,0,0.08949269213470626,0.17898413926137047,598.5,91.43959754942057,"pearson_r, f_stat, entropy_reduction_ratio",0.0,0.0,0.0,2.490021280211484e-06,0.44746097065225104
perm_android.permission.MANAGE_DEVICE_ADMINS,0,0.08949269213470626,0.17898413926137047,598.5,91.43959754942057,"pearson_r, f_stat, entropy_reduction_ratio",0.0,0.0,0.0,2.490021280211484e-06,0.44746097065225104
intent_com.qihoo.psdk.service.action.remote,0,0.08949269213470626,0.17898413926137047,598.5,91.43959754942057,"pearson_r, f_stat, entropy_reduction_ratio",0.0,0.0,0.0,2.490021280211484e-06,0.44746097065225104
intent_com.dzbook.service.PerpareDataService,0,0.08949269213470626,0.17898413926137047,598.5,91.43959754942057,"pearson_r, f_stat, entropy_reduction_ratio",0.0,0.0,0.0,2.490021280211484e-06,0.44746097065225104
intent_com.esbook.receiver.message,0,0.08949269213470626,0.17898413926137047,598.5,91.43959754942057,"pearson_r, f_stat, entropy_reduction_ratio",0.0,0.0,0.0,2.490021280211484e-06,0.44746097065225104
intent_com.esbook.receiver.CLICK_BOOK_UPDATE,0,0.08949269213470626,0.17898413926137047,598.5,91.43959754942057,"pearson_r, f_stat, entropy_reduction_ratio",0.0,0.0,0.0,2.490021280211484e-06,0.44746097065225104
intent_com.qihoo.commonservice.SERVICE,0,0.08949269213470626,0.17898413926137047,598.5,91.43959754942057,"pearson_r, f_stat, entropy_reduction_ratio",0.0,0.0,0.0,2.490021280211484e-06,0.44746097065225104
intent_com.qihoo.commonreceiver.CLEARED,0,0.08949269213470626,0.17898413926137047,598.5,91.43959754942057,"pearson_r, f_stat, entropy_reduction_ratio",0.0,0.0,0.0,2.490021280211484e-06,0.44746097065225104
intent_com.qihoo.commonreceiver.ARRIVED,0,0.08949269213470626,0.17898413926137047,598.5,91.43959754942057,"pearson_r, f_stat, entropy_reduction_ratio",0.0,0.0,0.0,2.490021280211484e-06,0.44746097065225104
intent_safiap.framework.ACTION_NETWORK_ERROR,0,0.08949269213470626,0.17898413926137047,598.5,91.43959754942057,"pearson_r, f_stat, entropy_reduction_ratio",0.0,0.0,0.0,2.490021280211484e-06,0.44746097065225104
intent_com.huawei.intent.action.PUSH,0,0.08949269213470626,0.17898413926137047,598.5,91.43959754942057,"pearson_r, f_stat, entropy_reduction_ratio",0.0,0.0,0.0,2.490021280211484e-06,0.44746097065225104
intent_show_cpuad,0,0.08949269213470626,0.17898413926137047,598.5,91.43959754942057,"pearson_r, f_stat, entropy_reduction_ratio",0.0,0.0,0.0,2.490021280211484e-06,0.44746097065225104
intent_cn.uc.gamesdk.sdkweb,0,0.08949269213470626,0.17898413926137047,598.5,91.43959754942057,"pearson_r, f_stat, entropy_reduction_ratio",0.0,0.0,0.0,2.490021280211484e-06,0.44746097065225104
intent_aspire.iap.SMS_DELIVERED_ACTION,0,0.08949269213470626,0.17898413926137047,598.5,91.43959754942057,"pearson_r, f_stat, entropy_reduction_ratio",0.0,0.0,0.0,2.490021280211484e-06,0.44746097065225104
intent_aspire.iap.SMS_SEND_ACTIOIN,0,0.08949269213470626,0.17898413926137047,598.5,91.43959754942057,"pearson_r, f_stat, entropy_reduction_ratio",0.0,0.0,0.0,2.490021280211484e-06,0.44746097065225104
intent_show_lock_app,0,0.08949269213470626,0.17898413926137047,598.5,91.43959754942057,"pearson_r, f_stat, entropy_reduction_ratio",0.0,0.0,0.0,2.490021280211484e-06,0.44746097065225104
intent_show_lock,0,0.08949269213470626,0.17898413926137047,598.5,91.43959754942057,"pearson_r, f_stat, entropy_reduction_ratio",0.0,0.0,0.0,2.490021280211484e-06,0.44746097065225104
intent_com.yuetu.shentu.Intent.WECHAT_SHARE,0,0.08949269213470626,0.17898413926137047,598.5,91.43959754942057,"pearson_r, f_stat, entropy_reduction_ratio",0.0,0.0,0.0,2.490021280211484e-06,0.44746097065225104
intent_com.yuetu.shentu.Intent.WECHAT_PAY,0,0.08949269213470626,0.17898413926137047,598.5,91.43959754942057,"pearson_r, f_stat, entropy_reduction_ratio",0.0,0.0,0.0,2.490021280211484e-06,0.44746097065225104
intent_show_about,0,0.08949269213470626,0.17898413926137047,598.5,91.43959754942057,"pearson_r, f_stat, entropy_reduction_ratio",0.0,0.0,0.0,2.490021280211484e-06,0.44746097065225104
intent_show_feedback,0,0.08949269213470626,0.17898413926137047,598.5,91.43959754942057,"pearson_r, f_stat, entropy_reduction_ratio",0.0,0.0,0.0,2.490021280211484e-06,0.44746097065225104
perm_android.permission.MOUNT_FORMAT_FILESYSTEMS,0,0.08949269213470626,0.17898413926137047,598.5,91.43959754942057,"pearson_r, f_stat, entropy_reduction_ratio",0.0,0.0,0.0,2.490021280211484e-06,0.44746097065225104
intent_com.huawei.android.push.intent.REGISTRATION,0,0.08949269213470626,0.17898413926137047,598.5,91.43959754942057,"pearson_r, f_stat, entropy_reduction_ratio",0.0,0.0,0.0,2.490021280211484e-06,0.44746097065225104
intent_com.huawei.intent.action.PUSH_STATE,0,0.08949269213470626,0.17898413926137047,598.5,91.43959754942057,"pearson_r, f_stat, entropy_reduction_ratio",0.0,0.0,0.0,2.490021280211484e-06,0.44746097065225104
intent_android.intent.apicloud.notification,0,0.08949269213470626,0.17898413926137047,598.5,91.43959754942057,"pearson_r, f_stat, entropy_reduction_ratio",0.0,0.0,0.0,2.490021280211484e-06,0.44746097065225104
perm_com.qihoo.appstore.rtservice.ACCESS_RTSERVICE,0,0.08949269213470626,0.17898413926137047,598.5,91.43959754942057,"pearson_r, f_stat, entropy_reduction_ratio",0.0,0.0,0.0,2.490021280211484e-06,0.44746097065225104
intent_com.qihoo.sdkplugging.host.proxy.activity.VIEW,0,0.08949269213470626,0.17898413926137047,598.5,91.43959754942057,"pearson_r, f_stat, entropy_reduction_ratio",0.0,0.0,0.0,2.490021280211484e-06,0.44746097065225104
perm_com.oppo.launcher.permission.WRITE_SETTINGS,0,0.08949269213470626,0.17898413926137047,598.5,91.43959754942057,"pearson_r, f_stat, entropy_reduction_ratio",0.0,0.0,0.0,2.490021280211484e-06,0.44746097065225104
intent_com.excelliance.dualaid.action.downloadcomp,0,0.08949269213470626,0.17898413926137047,598.5,91.43959754942057,"pearson_r, f_stat, entropy_reduction_ratio",0.0,0.0,0.0,2.490021280211484e-06,0.44746097065225104
intent_com.xiaomi.hy.push.client.ONCLICK,0,0.08949269213470626,0.17898413926137047,598.5,91.43959754942057,"pearson_r, f_stat, entropy_reduction_ratio",0.0,0.0,0.0,2.490021280211484e-06,0.44746097065225104
intent_com.excelliance.dualaid.action.psjardl,0,0.08949269213470626,0.17898413926137047,598.5,91.43959754942057,"pearson_r, f_stat, entropy_reduction_ratio",0.0,0.0,0.0,2.490021280211484e-06,0.44746097065225104
intent_com.excelliance.dualaid.action.notifystatus,0,0.08949269213470626,0.17898413926137047,598.5,91.43959754942057,"pearson_r, f_stat, entropy_reduction_ratio",0.0,0.0,0.0,2.490021280211484e-06,0.44746097065225104
intent_com.excelliance.dualaid.action.appcrash,0,0.08949269213470626,0.17898413926137047,598.5,91.43959754942057,"pearson_r, f_stat, entropy_reduction_ratio",0.0,0.0,0.0,2.490021280211484e-06,0.44746097065225104
intent_com.example.servicejar.action.START_ASSIST,0,0.08949269213470626,0.17898413926137047,598.5,91.43959754942057,"pearson_r, f_stat, entropy_reduction_ratio",0.0,0.0,0.0,2.490021280211484e-06,0.44746097065225104
perm_com.xiaomi.permission.AUTH_SERVICE,0,0.08949269213470626,0.17898413926137047,598.5,91.43959754942057,"pearson_r, f_stat, entropy_reduction_ratio",0.0,0.0,0.0,2.490021280211484e-06,0.44746097065225104
perm_com.android.launcher.permission.CREATE_SHORTCUT,0,0.08949269213470626,0.17898413926137047,598.5,91.43959754942057,"pearson_r, f_stat, entropy_reduction_ratio",0.0,0.0,0.0,2.490021280211484e-06,0.44746097065225104
intent_com.excelliance.dualaid.action.phone_res_download,0,0.08949269213470626,0.17898413926137047,598.5,91.43959754942057,"pearson_r, f_stat, entropy_reduction_ratio",0.0,0.0,0.0,2.490021280211484e-06,0.44746097065225104
intent_com.excelliance.dualaid.action.psts,0,0.08949269213470626,0.17898413926137047,598.5,91.43959754942057,"pearson_r, f_stat, entropy_reduction_ratio",0.0,0.0,0.0,2.490021280211484e-06,0.44746097065225104
intent_com.getui.gtc.sdk.service.action,0,0.08949269213470626,0.17898413926137047,598.5,91.43959754942057,"pearson_r, f_stat, entropy_reduction_ratio",0.0,0.0,0.0,2.490021280211484e-06,0.44746097065225104
intent_cn.jpush.android.intent.NOTIFICATION_CLICK_ACTION,0,0.08949269213470626,0.17898413926137047,598.5,91.43959754942057,"pearson_r, f_stat, entropy_reduction_ratio",0.0,0.0,0.0,2.490021280211484e-06,0.44746097065225104
intent_android.intent.action.mainintentex,0,0.08949269213470626,0.17898413926137047,598.5,91.43959754942057,"pearson_r, f_stat, entropy_reduction_ratio",0.0,0.0,0.0,2.490021280211484e-06,0.44746097065225104
perm_android.Manifest.permission.READ_PHONE_NUMBERS,0,0.08949269213470626,0.17898413926137047,598.5,91.43959754942057,"pearson_r, f_stat, entropy_reduction_ratio",0.0,0.0,0.0,2.490021280211484e-06,0.44746097065225104
intent_com.Remind.alarm.enable,0,0.08949269213470626,0.17898413926137047,598.5,91.43959754942057,"pearson_r, f_stat, entropy_reduction_ratio",0.0,0.0,0.0,2.490021280211484e-06,0.44746097065225104
intent_android.net.ConnectivityManager.CONNECTIVITY_ACTION,0,0.08949269213470626,0.17898413926137047,598.5,91.43959754942057,"pearson_r, f_stat, entropy_reduction_ratio",0.0,0.0,0.0,2.490021280211484e-06,0.44746097065225104
intent_com.areametrics.areametricssdk.AMLocationUpdatesBroadcastReceiver.PROCESS_UPDATES,0,0.08949269213470626,0.17898413926137047,598.5,91.43959754942057,"pearson_r, f_stat, entropy_reduction_ratio",0.0,0.0,0.0,2.490021280211484e-06,0.44746097065225104
perm_com.android.permission.WRITE_APN_SETTINGS,0,0.08949269213470626,0.17898413926137047,598.5,91.43959754942057,"pearson_r, f_stat, entropy_reduction_ratio",0.0,0.0,0.0,2.490021280211484e-06,0.44746097065225104
intent_show_taskmanagerwhitelist,0,0.08949269213470626,0.17898413926137047,598.5,91.43959754942057,"pearson_r, f_stat, entropy_reduction_ratio",0.0,0.0,0.0,2.490021280211484e-06,0.44746097065225104
intent_com.meizu.c2dm.intent.RECEIVE,0,0.08949269213470626,0.17898413926137047,598.5,91.43959754942057,"pearson_r, f_stat, entropy_reduction_ratio",0.0,0.0,0.0,2.490021280211484e-06,0.44746097065225104
intent_com.meizu.c2dm.intent.REGISTRATION,0,0.08949269213470626,0.17898413926137047,598.5,91.43959754942057,"pearson_r, f_stat, entropy_reduction_ratio",0.0,0.0,0.0,2.490021280211484e-06,0.44746097065225104
intent_android.intent.action.UMS_CONNECTED,0,0.08949269213470626,0.17898413926137047,598.5,91.43959754942057,"pearson_r, f_stat, entropy_reduction_ratio",0.0,0.0,0.0,2.490021280211484e-06,0.44746097065225104
intent_com.meizu.flyme.push.intent.UNREGISTER.FEEDBACK,0,0.08949269213470626,0.17898413926137047,598.5,91.43959754942057,"pearson_r, f_stat, entropy_reduction_ratio",0.0,0.0,0.0,2.490021280211484e-06,0.44746097065225104
intent_android.intent.action.ACTION_PACKAGE_ADDED,0,0.08949269213470626,0.17898413926137047,598.5,91.43959754942057,"pearson_r, f_stat, entropy_reduction_ratio",0.0,0.0,0.0,2.490021280211484e-06,0.44746097065225104
intent_com.mobiletool.appstore.service.weatherservice,0,0.08949269213470626,0.17898413926137047,598.5,91.43959754942057,"pearson_r, f_stat, entropy_reduction_ratio",0.0,0.0,0.0,2.490021280211484e-06,0.44746097065225104
perm_android.permission.WRITE_APN_STORAGE,0,0.08949269213470626,0.17898413926137047,598.5,91.43959754942057,"pearson_r, f_stat, entropy_reduction_ratio",0.0,0.0,0.0,2.490021280211484e-06,0.44746097065225104
intent_com.mobiletool.appstore.browser.highspeed,0,0.08949269213470626,0.17898413926137047,598.5,91.43959754942057,"pearson_r, f_stat, entropy_reduction_ratio",0.0,0.0,0.0,2.490021280211484e-06,0.44746097065225104
intent_com.mobiletool.appstore.action.specialdetail,0,0.08949269213470626,0.17898413926137047,598.5,91.43959754942057,"pearson_r, f_stat, entropy_reduction_ratio",0.0,0.0,0.0,2.490021280211484e-06,0.44746097065225104
intent_com.mobiletool.appstore.highspeed,0,0.08949269213470626,0.17898413926137047,598.5,91.43959754942057,"pearson_r, f_stat, entropy_reduction_ratio",0.0,0.0,0.0,2.490021280211484e-06,0.44746097065225104
intent_com.mobiletool.appstore.intent.action.COMMAND,0,0.08949269213470626,0.17898413926137047,598.5,91.43959754942057,"pearson_r, f_stat, entropy_reduction_ratio",0.0,0.0,0.0,2.490021280211484e-06,0.44746097065225104
intent_com.mobiletool.appstore.action.appdetail,0,0.08949269213470626,0.17898413926137047,598.5,91.43959754942057,"pearson_r, f_stat, entropy_reduction_ratio",0.0,0.0,0.0,2.490021280211484e-06,0.44746097065225104
intent_com.mobiletool.appstore.action.backtomarket,0,0.08949269213470626,0.17898413926137047,598.5,91.43959754942057,"pearson_r, f_stat, entropy_reduction_ratio",0.0,0.0,0.0,2.490021280211484e-06,0.44746097065225104
intent_com.mobiletool.appstore.action.service,0,0.08949269213470626,0.17898413926137047,598.5,91.43959754942057,"pearson_r, f_stat, entropy_reduction_ratio",0.0,0.0,0.0,2.490021280211484e-06,0.44746097065225104
intent_android.intent.action.ACTION_MEDIA_EJECT,0,0.08949269213470626,0.17898413926137047,598.5,91.43959754942057,"pearson_r, f_stat, entropy_reduction_ratio",0.0,0.0,0.0,2.490021280211484e-06,0.44746097065225104
intent_com.esbook.receiver.CLICK_DOWN_BOOK,0,0.08949269213470626,0.17898413926137047,598.5,91.43959754942057,"pearson_r, f_stat, entropy_reduction_ratio",0.0,0.0,0.0,2.490021280211484e-06,0.44746097065225104
intent_intent.action.HEJU,0,0.08949269213470626,0.17898413926137047,598.5,91.43959754942057,"pearson_r, f_stat, entropy_reduction_ratio",0.0,0.0,0.0,2.490021280211484e-06,0.44746097065225104
intent_org.agoo.android.intent.action.RE_ELECTION_V2,0,0.08949269213470626,0.17898413926137047,598.5,91.43959754942057,"pearson_r, f_stat, entropy_reduction_ratio",0.0,0.0,0.0,2.490021280211484e-06,0.44746097065225104
perm_com.facebook.permission.prod.FB_APP_COMMUNICATION,0,0.08949269213470626,0.17898413926137047,598.5,91.43959754942057,"pearson_r, f_stat, entropy_reduction_ratio",0.0,0.0,0.0,2.490021280211484e-06,0.44746097065225104
intent_com.qihoo360.accounts.action.START_SERVICE,0,0.08949269213470626,0.17898413926137047,598.5,91.43959754942057,"pearson_r, f_stat, entropy_reduction_ratio",0.0,0.0,0.0,2.490021280211484e-06,0.44746097065225104
perm_android.permission.MODE_WORLD_READABLE,0,0.08949269213470626,0.17898413926137047,598.5,91.43959754942057,"pearson_r, f_stat, entropy_reduction_ratio",0.0,0.0,0.0,2.490021280211484e-06,0.44746097065225104
intent_com.huawei.android.push.intent.CLICK,0,0.08949269213470626,0.17898413926137047,598.5,91.43959754942057,"pearson_r, f_stat, entropy_reduction_ratio",0.0,0.0,0.0,2.490021280211484e-06,0.44746097065225104
intent_com.datouniao.AdPublisher.service.check,0,0.08949269213470626,0.17898413926137047,598.5,91.43959754942057,"pearson_r, f_stat, entropy_reduction_ratio",0.0,0.0,0.0,2.490021280211484e-06,0.44746097065225104
intent_com.kingroot.kinguser.gamebox.ACTION_GAME_ADDED,0,0.08949269213470626,0.17898413926137047,598.5,91.43959754942057,"pearson_r, f_stat, entropy_reduction_ratio",0.0,0.0,0.0,2.490021280211484e-06,0.44746097065225104
intent_com.kingroot.kinguser.action.update,0,0.08949269213470626,0.17898413926137047,598.5,91.43959754942057,"pearson_r, f_stat, entropy_reduction_ratio",0.0,0.0,0.0,2.490021280211484e-06,0.44746097065225104
intent_com.qihoo.appstore.reservation.alarm,0,0.08949269213470626,0.17898413926137047,598.5,91.43959754942057,"pearson_r, f_stat, entropy_reduction_ratio",0.0,0.0,0.0,2.490021280211484e-06,0.44746097065225104
intent_com.kingroot.common.ACTION_TOP_ACTIVITY_CHANGED,0,0.08949269213470626,0.17898413926137047,598.5,91.43959754942057,"pearson_r, f_stat, entropy_reduction_ratio",0.0,0.0,0.0,2.490021280211484e-06,0.44746097065225104
intent_com.kingroot.common.ACTION_SWITCH_OUT_DESKTOP,0,0.08949269213470626,0.17898413926137047,598.5,91.43959754942057,"pearson_r, f_stat, entropy_reduction_ratio",0.0,0.0,0.0,2.490021280211484e-06,0.44746097065225104
intent_com.kingroot.common.ACTION_NOTIFY_OUT_SELF_APP_BY_MAIN,0,0.08949269213470626,0.17898413926137047,598.5,91.43959754942057,"pearson_r, f_stat, entropy_reduction_ratio",0.0,0.0,0.0,2.490021280211484e-06,0.44746097065225104
intent_com.onesignal.NotificationExtender,0,0.08949269213470626,0.17898413926137047,598.5,91.43959754942057,"pearson_r, f_stat, entropy_reduction_ratio",0.0,0.0,0.0,2.490021280211484e-06,0.44746097065225104
intent_com.excelliance.open.action.appstate,0,0.08949269213470626,0.17898413926137047,598.5,91.43959754942057,"pearson_r, f_stat, entropy_reduction_ratio",0.0,0.0,0.0,2.490021280211484e-06,0.44746097065225104
intent_com.excelliance.open.action.apkverchk,0,0.08949269213470626,0.17898413926137047,598.5,91.43959754942057,"pearson_r, f_stat, entropy_reduction_ratio",0.0,0.0,0.0,2.490021280211484e-06,0.44746097065225104
intent_com.excelliance.open.NEXT_CHAPTER,0,0.08949269213470626,0.17898413926137047,598.5,91.43959754942057,"pearson_r, f_stat, entropy_reduction_ratio",0.0,0.0,0.0,2.490021280211484e-06,0.44746097065225104
intent_android.intent.action.CONFIGURATION_CHANGED,0,0.08949269213470626,0.17898413926137047,598.5,91.43959754942057,"pearson_r, f_stat, entropy_reduction_ratio",0.0,0.0,0.0,2.490021280211484e-06,0.44746097065225104
intent_com.sogou.passport.service.upload,0,0.08949269213470626,0.17898413926137047,598.5,91.43959754942057,"pearson_r, f_stat, entropy_reduction_ratio",0.0,0.0,0.0,2.490021280211484e-06,0.44746097065225104
intent_com.ss.android.socialbase.downloader.remote,0,0.08949269213470626,0.17898413926137047,598.5,91.43959754942057,"pearson_r, f_stat, entropy_reduction_ratio",0.0,0.0,0.0,2.490021280211484e-06,0.44746097065225104
intent_com.sogou.androidtool.action.main,0,0.08949269213470626,0.17898413926137047,598.5,91.43959754942057,"pearson_r, f_stat, entropy_reduction_ratio",0.0,0.0,0.0,2.490021280211484e-06,0.44746097065225104
intent_com.sogou.androidtool.action.backtomarket,0,0.08949269213470626,0.17898413926137047,598.5,91.43959754942057,"pearson_r, f_stat, entropy_reduction_ratio",0.0,0.0,0.0,2.490021280211484e-06,0.44746097065225104
intent_com.sogou.androidtool.action.specialdetail,0,0.08949269213470626,0.17898413926137047,598.5,91.43959754942057,"pearson_r, f_stat, entropy_reduction_ratio",0.0,0.0,0.0,2.490021280211484e-06,0.44746097065225104
intent_com.sogou.androidtool.action.extend,0,0.08949269213470626,0.17898413926137047,598.5,91.43959754942057,"pearson_r, f_stat, entropy_reduction_ratio",0.0,0.0,0.0,2.490021280211484e-06,0.44746097065225104
intent_com.sogou.androidtool.action.download,0,0.08949269213470626,0.17898413926137047,598.5,91.43959754942057,"pearson_r, f_stat, entropy_reduction_ratio",0.0,0.0,0.0,2.490021280211484e-06,0.44746097065225104
perm_com.kingroot.kinguser.permission.REQUEST,0,0.08949269213470626,0.17898413926137047,598.5,91.43959754942057,"pearson_r, f_stat, entropy_reduction_ratio",0.0,0.0,0.0,2.490021280211484e-06,0.44746097065225104
intent_com.sogou.androidtool.action.sdk,0,0.08949269213470626,0.17898413926137047,598.5,91.43959754942057,"pearson_r, f_stat, entropy_reduction_ratio",0.0,0.0,0.0,2.490021280211484e-06,0.44746097065225104
intent_com.sogou.androidtool.action.appdetail,0,0.08949269213470626,0.17898413926137047,598.5,91.43959754942057,"pearson_r, f_stat, entropy_reduction_ratio",0.0,0.0,0.0,2.490021280211484e-06,0.44746097065225104
perm_com.excelliance.dualaid.assist,0,0.08949269213470626,0.17898413926137047,598.5,91.43959754942057,"pearson_r, f_stat, entropy_reduction_ratio",0.0,0.0,0.0,2.490021280211484e-06,0.44746097065225104
intent_com.kingroot.master.action.MAIN_EXIT_CHECK,0,0.08949269213470626,0.17898413926137047,598.5,91.43959754942057,"pearson_r, f_stat, entropy_reduction_ratio",0.0,0.0,0.0,2.490021280211484e-06,0.44746097065225104
intent_com.kingroot.kinguser.SU_REQUEST,0,0.08949269213470626,0.17898413926137047,598.5,91.43959754942057,"pearson_r, f_stat, entropy_reduction_ratio",0.0,0.0,0.0,2.490021280211484e-06,0.44746097065225104
intent_com.sogou.androidtool.action.service,0,0.08949269213470626,0.17898413926137047,598.5,91.43959754942057,"pearson_r, f_stat, entropy_reduction_ratio",0.0,0.0,0.0,2.490021280211484e-06,0.44746097065225104
intent_qihu360.intent.action.EXPORT_STAT,0,0.08949269213470626,0.17898413926137047,598.5,91.43959754942057,"pearson_r, f_stat, entropy_reduction_ratio",0.0,0.0,0.0,2.490021280211484e-06,0.44746097065225104
perm_com.qihoo360.mobilesafe.news.permission.NEWS_SDK_BROADCAST,0,0.08949269213470626,0.17898413926137047,598.5,91.43959754942057,"pearson_r, f_stat, entropy_reduction_ratio",0.0,0.0,0.0,2.490021280211484e-06,0.44746097065225104
intent_com.qihoo.appstore.ACTION_CHARGE_SHOW_TIPS_DLG,0,0.08949269213470626,0.17898413926137047,598.5,91.43959754942057,"pearson_r, f_stat, entropy_reduction_ratio",0.0,0.0,0.0,2.490021280211484e-06,0.44746097065225104
intent_com.secneo.plugin.action.APP_STARTED,0,0.08949269213470626,0.17898413926137047,598.5,91.43959754942057,"pearson_r, f_stat, entropy_reduction_ratio",0.0,0.0,0.0,2.490021280211484e-06,0.44746097065225104
intent_com.qihoo.appstore.ACTION_WX_CLEAR,0,0.08949269213470626,0.17898413926137047,598.5,91.43959754942057,"pearson_r, f_stat, entropy_reduction_ratio",0.0,0.0,0.0,2.490021280211484e-06,0.44746097065225104
intent_cn.ngds.android.intent.alarm,0,0.08949269213470626,0.17898413926137047,598.5,91.43959754942057,"pearson_r, f_stat, entropy_reduction_ratio",0.0,0.0,0.0,2.490021280211484e-06,0.44746097065225104
intent_com.qihoo.appstore.launcher.shortcut.VIDEOWALLPAPER,0,0.08949269213470626,0.17898413926137047,598.5,91.43959754942057,"pearson_r, f_stat, entropy_reduction_ratio",0.0,0.0,0.0,2.490021280211484e-06,0.44746097065225104
intent_com.sogou.androidtool.action.wap,0,0.08949269213470626,0.17898413926137047,598.5,91.43959754942057,"pearson_r, f_stat, entropy_reduction_ratio",0.0,0.0,0.0,2.490021280211484e-06,0.44746097065225104
intent_com.excelliance.dualaid.b64.action.update.done,0,0.08949269213470626,0.17898413926137047,598.5,91.43959754942057,"pearson_r, f_stat, entropy_reduction_ratio",0.0,0.0,0.0,2.490021280211484e-06,0.44746097065225104
intent_com.sogou.androidtool.browser.highspeed,0,0.08949269213470626,0.17898413926137047,598.5,91.43959754942057,"pearson_r, f_stat, entropy_reduction_ratio",0.0,0.0,0.0,2.490021280211484e-06,0.44746097065225104
intent_com.qihoo.appstore.launcher.shortcut.HAOWU,0,0.08949269213470626,0.17898413926137047,598.5,91.43959754942057,"pearson_r, f_stat, entropy_reduction_ratio",0.0,0.0,0.0,2.490021280211484e-06,0.44746097065225104
intent_com.qihoo.appstore.utils.ActivityBroadcastReceiver.ACTION_INTENT_TRANSFER,0,0.08949269213470626,0.17898413926137047,598.5,91.43959754942057,"pearson_r, f_stat, entropy_reduction_ratio",0.0,0.0,0.0,2.490021280211484e-06,0.44746097065225104
intent_com.qihoo.appstore.ACTION_LOCK_SCREEN_AD_STATE_CHANGE,0,0.08949269213470626,0.17898413926137047,598.5,91.43959754942057,"pearson_r, f_stat, entropy_reduction_ratio",0.0,0.0,0.0,2.490021280211484e-06,0.44746097065225104
intent_com.qihoo360.daemon.pcdaemon.ACTION_START_FROM_NOTIFICATION,0,0.08949269213470626,0.17898413926137047,598.5,91.43959754942057,"pearson_r, f_stat, entropy_reduction_ratio",0.0,0.0,0.0,2.490021280211484e-06,0.44746097065225104
intent_com.qihoo.appstore.push.PushNotifyCancelReceiver.ACTION_INTENT_CANCEL,0,0.08949269213470626,0.17898413926137047,598.5,91.43959754942057,"pearson_r, f_stat, entropy_reduction_ratio",0.0,0.0,0.0,2.490021280211484e-06,0.44746097065225104
intent_com.sogou.androidtool.service.weatherservice,0,0.08949269213470626,0.17898413926137047,598.5,91.43959754942057,"pearson_r, f_stat, entropy_reduction_ratio",0.0,0.0,0.0,2.490021280211484e-06,0.44746097065225104
intent_com.sjm.avplay.SHOW_ACTIVITY,0,0.08949269213470626,0.17898413926137047,598.5,91.43959754942057,"pearson_r, f_stat, entropy_reduction_ratio",0.0,0.0,0.0,2.490021280211484e-06,0.44746097065225104
perm_com.qiku.android.launcher3.permission.READ_UNREAD,0,0.08949269213470626,0.17898413926137047,598.5,91.43959754942057,"pearson_r, f_stat, entropy_reduction_ratio",0.0,0.0,0.0,2.490021280211484e-06,0.44746097065225104
perm_android.permission.SET_ACTIVITY_WATCHER,0,0.08949269213470626,0.17898413926137047,598.5,91.43959754942057,"pearson_r, f_stat, entropy_reduction_ratio",0.0,0.0,0.0,2.490021280211484e-06,0.44746097065225104
intent_android.intent.action.INPUT_METHOD_CHANGED,0,0.08949269213470626,0.17898413926137047,598.5,91.43959754942057,"pearson_r, f_stat, entropy_reduction_ratio",0.0,0.0,0.0,2.490021280211484e-06,0.44746097065225104
perm_com.android.launcher2.permission.UNINSTALL_SHORTCUT,0,0.08949269213470626,0.17898413926137047,598.5,91.43959754942057,"pearson_r, f_stat, entropy_reduction_ratio",0.0,0.0,0.0,2.490021280211484e-06,0.44746097065225104
intent_com.excelliance.dualaid.action.ext,0,0.08949269213470626,0.17898413926137047,598.5,91.43959754942057,"pearson_r, f_stat, entropy_reduction_ratio",0.0,0.0,0.0,2.490021280211484e-06,0.44746097065225104
intent_com.kingroot.kinguser.ACTION_MAIN_START_CHECK,0,0.08949269213470626,0.17898413926137047,598.5,91.43959754942057,"pearson_r, f_stat, entropy_reduction_ratio",0.0,0.0,0.0,2.490021280211484e-06,0.44746097065225104
intent_com.excelliance.dualaid.act.action.ext,0,0.08949269213470626,0.17898413926137047,598.5,91.43959754942057,"pearson_r, f_stat, entropy_reduction_ratio",0.0,0.0,0.0,2.490021280211484e-06,0.44746097065225104
intent_com.kingroot.ACTION_SERVICE_PSS_RECORD,0,0.08949269213470626,0.17898413926137047,598.5,91.43959754942057,"pearson_r, f_stat, entropy_reduction_ratio",0.0,0.0,0.0,2.490021280211484e-06,0.44746097065225104
intent_com.kingroot.kinguser.service.IKCommonManagerInterface,0,0.08949269213470626,0.17898413926137047,598.5,91.43959754942057,"pearson_r, f_stat, entropy_reduction_ratio",0.0,0.0,0.0,2.490021280211484e-06,0.44746097065225104
intent_android.net.wifi.PICK_WIFI_WORK,0,0.08949269213470626,0.17898413926137047,598.5,91.43959754942057,"pearson_r, f_stat, entropy_reduction_ratio",0.0,0.0,0.0,2.490021280211484e-06,0.44746097065225104
intent_android.intent.action.PACKAGE_FULLY_REMOVED,0,0.08949269213470626,0.17898413926137047,598.5,91.43959754942057,"pearson_r, f_stat, entropy_reduction_ratio",0.0,0.0,0.0,2.490021280211484e-06,0.44746097065225104
intent_android.provider.Telephony.WAP_PUSH_RECEIVED,0,0.08949269213470626,0.17898413926137047,598.5,91.43959754942057,"pearson_r, f_stat, entropy_reduction_ratio",0.0,0.0,0.0,2.490021280211484e-06,0.44746097065225104
perm_com.android.launcher2.permission.INSTALL_SHORTCUT,0,0.08949269213470626,0.17898413926137047,598.5,91.43959754942057,"pearson_r, f_stat, entropy_reduction_ratio",0.0,0.0,0.0,2.490021280211484e-06,0.44746097065225104
intent_com.android.deskclock.ALARM_SNOOZE,0,0.08949269213470626,0.17898413926137047,598.5,91.43959754942057,"pearson_r, f_stat, entropy_reduction_ratio",0.0,0.0,0.0,2.490021280211484e-06,0.44746097065225104
intent_com.excelliance.open.action.fw,0,0.08949269213470626,0.17898413926137047,598.5,91.43959754942057,"pearson_r, f_stat, entropy_reduction_ratio",0.0,0.0,0.0,2.490021280211484e-06,0.44746097065225104
intent_download.service.action,0,0.08949269213470626,0.17898413926137047,598.5,91.43959754942057,"pearson_r, f_stat, entropy_reduction_ratio",0.0,0.0,0.0,2.490021280211484e-06,0.44746097065225104
intent_qcast.service.Link_service,0,0.08949269213470626,0.17898413926137047,598.5,91.43959754942057,"pearson_r, f_stat, entropy_reduction_ratio",0.0,0.0,0.0,2.490021280211484e-06,0.44746097065225104
intent_com.punchbox.service,0,0.08949269213470626,0.17898413926137047,598.5,91.43959754942057,"pearson_r, f_stat, entropy_reduction_ratio",0.0,0.0,0.0,2.490021280211484e-06,0.44746097065225104
perm_baidu.push.permission.WRITE_PUSHINFOPROVIDER.com.esbook.reader,0,0.08949269213470626,0.17898413926137047,598.5,91.43959754942057,"pearson_r, f_stat, entropy_reduction_ratio",0.0,0.0,0.0,2.490021280211484e-06,0.44746097065225104
intent_android.intent.action.USER_CLEARNOTIFY,0,0.08949269213470626,0.17898413926137047,598.5,91.43959754942057,"pearson_r, f_stat, entropy_reduction_ratio",0.0,0.0,0.0,2.490021280211484e-06,0.44746097065225104
perm_com.sonymobile.home.permission.PROVIDER_ACCESS_MODIFY_CONFIGURATION,0,0.08949269213470626,0.17898413926137047,598.5,91.43959754942057,"pearson_r, f_stat, entropy_reduction_ratio",0.0,0.0,0.0,2.490021280211484e-06,0.44746097065225104
intent_com.meizu.cloud.pushservice.action.PUSH_SERVICE_START,0,0.08949269213470626,0.17898413926137047,598.5,91.43959754942057,"pearson_r, f_stat, entropy_reduction_ratio",0.0,0.0,0.0,2.490021280211484e-06,0.44746097065225104
intent_com.snipermob.sdk.notification,0,0.08949269213470626,0.17898413926137047,598.5,91.43959754942057,"pearson_r, f_stat, entropy_reduction_ratio",0.0,0.0,0.0,2.490021280211484e-06,0.44746097065225104
intent_android.fbreader.action.CLOSE,0,0.08949269213470626,0.17898413926137047,598.5,91.43959754942057,"pearson_r, f_stat, entropy_reduction_ratio",0.0,0.0,0.0,2.490021280211484e-06,0.44746097065225104
intent_android.fbreader.action.PLUGIN,0,0.08949269213470626,0.17898413926137047,598.5,91.43959754942057,"pearson_r, f_stat, entropy_reduction_ratio",0.0,0.0,0.0,2.490021280211484e-06,0.44746097065225104
intent_com.excelliance.open.action.startNextChapter,0,0.08949269213470626,0.17898413926137047,598.5,91.43959754942057,"pearson_r, f_stat, entropy_reduction_ratio",0.0,0.0,0.0,2.490021280211484e-06,0.44746097065225104
intent_com.excelliance.open.action.startPromptActivity,0,0.08949269213470626,0.17898413926137047,598.5,91.43959754942057,"pearson_r, f_stat, entropy_reduction_ratio",0.0,0.0,0.0,2.490021280211484e-06,0.44746097065225104
intent_wifi.intent.action.SDK_RESULT,0,0.08949269213470626,0.17898413926137047,598.5,91.43959754942057,"pearson_r, f_stat, entropy_reduction_ratio",0.0,0.0,0.0,2.490021280211484e-06,0.44746097065225104
intent_com.android.utils.hades.ACTION_UPDATE_COMMON_RES,0,0.08949269213470626,0.17898413926137047,598.5,91.43959754942057,"pearson_r, f_stat, entropy_reduction_ratio",0.0,0.0,0.0,2.490021280211484e-06,0.44746097065225104
perm_android.permission.STOP_APP_SWITCHES,0,0.08949269213470626,0.17898413926137047,598.5,91.43959754942057,"pearson_r, f_stat, entropy_reduction_ratio",0.0,0.0,0.0,2.490021280211484e-06,0.44746097065225104
intent_com.excelliance.kxqp.action.time,0,0.08949269213470626,0.17898413926137047,598.5,91.43959754942057,"pearson_r, f_stat, entropy_reduction_ratio",0.0,0.0,0.0,2.490021280211484e-06,0.44746097065225104
intent_com.yulong.mms.NEW_MESSAGE_EXTERNAL,0,0.08949269213470626,0.17898413926137047,598.5,91.43959754942057,"pearson_r, f_stat, entropy_reduction_ratio",0.0,0.0,0.0,2.490021280211484e-06,0.44746097065225104
intent_android.settings.SYNC_SETTINGS,0,0.08949269213470626,0.17898413926137047,598.5,91.43959754942057,"pearson_r, f_stat, entropy_reduction_ratio",0.0,0.0,0.0,2.490021280211484e-06,0.44746097065225104
intent_com.excelliance.kxqp.action.explore,0,0.08949269213470626,0.17898413926137047,598.5,91.43959754942057,"pearson_r, f_stat, entropy_reduction_ratio",0.0,0.0,0.0,2.490021280211484e-06,0.44746097065225104
intent_com.excelliance.kxqp.action.gp,0,0.08949269213470626,0.17898413926137047,598.5,91.43959754942057,"pearson_r, f_stat, entropy_reduction_ratio",0.0,0.0,0.0,2.490021280211484e-06,0.44746097065225104
intent_com.excelliance.kxqp.action.launcher,0,0.08949269213470626,0.17898413926137047,598.5,91.43959754942057,"pearson_r, f_stat, entropy_reduction_ratio",0.0,0.0,0.0,2.490021280211484e-06,0.44746097065225104
intent_com.telecom.sdk_auth_ui.SMS_CODE_SEND_ACTIOIN,0,0.08949269213470626,0.17898413926137047,598.5,91.43959754942057,"pearson_r, f_stat, entropy_reduction_ratio",0.0,0.0,0.0,2.490021280211484e-06,0.44746097065225104
intent_com.excelliance.kxqp.action.navback,0,0.08949269213470626,0.17898413926137047,598.5,91.43959754942057,"pearson_r, f_stat, entropy_reduction_ratio",0.0,0.0,0.0,2.490021280211484e-06,0.44746097065225104
intent_com.telecom.sdk_auth_ui.SMS_UNSUB_SEND_RESULT_ACTION,0,0.08949269213470626,0.17898413926137047,598.5,91.43959754942057,"pearson_r, f_stat, entropy_reduction_ratio",0.0,0.0,0.0,2.490021280211484e-06,0.44746097065225104
intent_android.intent.action.START_PCM_PLAY_SERVICE,0,0.08949269213470626,0.17898413926137047,598.5,91.43959754942057,"pearson_r, f_stat, entropy_reduction_ratio",0.0,0.0,0.0,2.490021280211484e-06,0.44746097065225104
perm_com.tencent.mtt.extension.Player,0,0.08949269213470626,0.17898413926137047,598.5,91.43959754942057,"pearson_r, f_stat, entropy_reduction_ratio",0.0,0.0,0.0,2.490021280211484e-06,0.44746097065225104
perm_android.Manifest.permission.READ_PHONE_STATE,0,0.08949269213470626,0.17898413926137047,598.5,91.43959754942057,"pearson_r, f_stat, entropy_reduction_ratio",0.0,0.0,0.0,2.490021280211484e-06,0.44746097065225104
intent_com.android.utils.hades.ACTION_REGISTER_IMPLICIT_RECEIVERS,0,0.08949269213470626,0.17898413926137047,598.5,91.43959754942057,"pearson_r, f_stat, entropy_reduction_ratio",0.0,0.0,0.0,2.490021280211484e-06,0.44746097065225104
intent_com.tappx.sdk.SILP,0,0.08949269213470626,0.17898413926137047,598.5,91.43959754942057,"pearson_r, f_stat, entropy_reduction_ratio",0.0,0.0,0.0,2.490021280211484e-06,0.44746097065225104
perm_com.qihoo360.home.permission.WRITE_SETTINGS,0,0.08949269213470626,0.17898413926137047,598.5,91.43959754942057,"pearson_r, f_stat, entropy_reduction_ratio",0.0,0.0,0.0,2.490021280211484e-06,0.44746097065225104
intent_com.cootek.smartinputv5.action.SP.DESTROY,0,0.08949269213470626,0.17898413926137047,598.5,91.43959754942057,"pearson_r, f_stat, entropy_reduction_ratio",0.0,0.0,0.0,2.490021280211484e-06,0.44746097065225104
intent_com.mobutils.android.mediation.MaterialNotificationReceiver.ACTION_CLICK_NOTIFICATION,0,0.08949269213470626,0.17898413926137047,598.5,91.43959754942057,"pearson_r, f_stat, entropy_reduction_ratio",0.0,0.0,0.0,2.490021280211484e-06,0.44746097065225104
intent_com.mobutils.android.mediation.MaterialNotificationReceiver.ACTION_AD_EXPIRES,0,0.08949269213470626,0.17898413926137047,598.5,91.43959754942057,"pearson_r, f_stat, entropy_reduction_ratio",0.0,0.0,0.0,2.490021280211484e-06,0.44746097065225104
intent_com.mobutils.android.mediation.MaterialNotificationReceiver.ACTION_CANCEL_NOTIFICATION,0,0.08949269213470626,0.17898413926137047,598.5,91.43959754942057,"pearson_r, f_stat, entropy_reduction_ratio",0.0,0.0,0.0,2.490021280211484e-06,0.44746097065225104
perm_com.zte.mifavor.launcher.permission.WRITE_SETTINGS,0,0.08949269213470626,0.17898413926137047,598.5,91.43959754942057,"pearson_r, f_stat, entropy_reduction_ratio",0.0,0.0,0.0,2.490021280211484e-06,0.44746097065225104
perm_com.smartisanos.launcher.WRITE_DATABASE,0,0.08949269213470626,0.17898413926137047,598.5,91.43959754942057,"pearson_r, f_stat, entropy_reduction_ratio",0.0,0.0,0.0,2.490021280211484e-06,0.44746097065225104
perm_com.s.launcher.permission.WRITE_SETTINGS,0,0.08949269213470626,0.17898413926137047,598.5,91.43959754942057,"pearson_r, f_stat, entropy_reduction_ratio",0.0,0.0,0.0,2.490021280211484e-06,0.44746097065225104
intent_com.smartdialer.voip.action.STATE_RINGING,0,0.08949269213470626,0.17898413926137047,598.5,91.43959754942057,"pearson_r, f_stat, entropy_reduction_ratio",0.0,0.0,0.0,2.490021280211484e-06,0.44746097065225104
intent_android.intent.action.ACTION_POWER_CONNECTED,0,0.08948989088789847,0.17279434478840952,355.6,300.38015913172427,"pearson_r, mutual_information, entropy_reduction_ratio",0.004879051285888095,0.006625265414410624,0.0005039799901277994,0.00039688412416398174,0.43504427362490183
perm_android.permission.MANAGE_ACCOUNTS,0,0.08932813313215288,0.1661938136742029,386.7,381.6,"pearson_r, entropy_reduction_ratio, chi2_stat",0.021359941872231288,0.0,0.002183913290553797,0.0017472812750828142,0.4213495292228965
perm_com.android.launcher2.permission.WRITE_SETTINGS,0,0.0892357841144307,0.1755408864681557,374.1,266.87813698390505,"pearson_r, mutual_information, entropy_reduction_ratio",0.0016230602541752626,0.003947881497127805,0.0001679933300425998,0.00013341748639194307,0.4403065680044159
intent_android.intent.action.MEDIA_BUTTON,0,0.08914436178415229,0.16678277339210865,387.3,380.6572736727883,"pearson_r, entropy_reduction_ratio, chi2_stat",0.019696554805833953,0.0,0.0020159199605111976,0.0016097078198695372,0.42239962633454675
suspicious_getSimCountryIso,0,0.08908058781355355,0.16409850291009875,333.0,346.43556399422965,"pearson_r, entropy_reduction_ratio, mutual_information",0.015659396582816232,0.008169633043299027,0.0020877068355154597,0.002357357218488388,0.4171288453876486
perm_com.majeur.launcher.permission.UPDATE_BADGE,0,0.08896966777279547,0.16739032919959856,389.3,376.98190938027784,"pearson_r, entropy_reduction_ratio, chi2_stat",0.01803660469029963,0.0,0.001847926630468598,0.0014727005797043008,0.42349110696350484
perm_com.sec.android.provider.badge.permission.WRITE,0,0.08896966777279547,0.16739032919959856,389.3,376.98190938027784,"pearson_r, entropy_reduction_ratio, chi2_stat",0.01803660469029963,0.0,0.001847926630468598,0.0014727005797043008,0.42349110696350484
perm_com.sec.android.provider.badge.permission.READ,0,0.08896966777279547,0.16739032919959856,389.3,376.98190938027784,"pearson_r, entropy_reduction_ratio, chi2_stat",0.01803660469029963,0.0,0.001847926630468598,0.0014727005797043008,0.42349110696350484
perm_com.sonyericsson.home.permission.BROADCAST_BADGE,0,0.08896966777279547,0.16739032919959856,389.3,376.98190938027784,"pearson_r, entropy_reduction_ratio, chi2_stat",0.01803660469029963,0.0,0.001847926630468598,0.0014727005797043008,0.42349110696350484
perm_android.permission.CHANGE_CONFIGURATION,0,0.08880524212339116,0.16801883305845627,392.1,371.5188285941912,"pearson_r, entropy_reduction_ratio, chi2_stat",0.0163800773513985,0.0,0.0016799333004259979,0.0013362649149241943,0.42462993505020713
perm_android.permission.DOWNLOAD_WITHOUT_NOTIFICATION,0,0.08880524212339116,0.16801883305845627,392.1,371.5188285941912,"pearson_r, entropy_reduction_ratio, chi2_stat",0.0163800773513985,0.0,0.0016799333004259979,0.0013362649149241943,0.42462993505020713
intent_com.google.vr.vrcore.ACTION_NONE,0,0.08880524212339116,0.16801883305845627,392.1,371.5188285941912,"pearson_r, entropy_reduction_ratio, chi2_stat",0.0163800773513985,0.0,0.0016799333004259979,0.0013362649149241943,0.42462993505020713
perm_android.permission.READ_CALENDAR,0,0.08880524212339116,0.16801883305845627,392.1,371.5188285941912,"pearson_r, entropy_reduction_ratio, chi2_stat",0.0163800773513985,0.0,0.0016799333004259979,0.0013362649149241943,0.42462993505020713
suspicious_Landroid/telephony/SmsMessage;->getMessageBody,0,0.0886525825182596,0.1686712544507909,394.3,367.45797038573,"pearson_r, entropy_reduction_ratio, chi2_stat",0.014726958702404458,0.0,0.001511939970383398,0.0012003977392608842,0.42582361617924924
perm_android.permission.WRITE_INTERNAL_STORAGE,0,0.0886525825182596,0.1686712544507909,394.3,367.45797038573,"pearson_r, entropy_reduction_ratio, chi2_stat",0.014726958702404458,0.0,0.001511939970383398,0.0012003977392608842,0.42582361617924924
intent_com.amazon.device.messaging.intent.RECEIVE,0,0.0886525825182596,0.1686712544507909,394.3,367.45797038573,"pearson_r, entropy_reduction_ratio, chi2_stat",0.014726958702404458,0.0,0.001511939970383398,0.0012003977392608842,0.42582361617924924
intent_android.intent.action.VIEW,0,0.08857434275241169,0.15825249584082896,382.3,392.9826459272725,"pearson_r, entropy_reduction_ratio, f_stat",0.030520968553321974,0.0,0.003254890711803534,0.004767422379873338,0.4043284321170596
intent_com.amazon.device.messaging.intent.REGISTRATION,0,0.088513618096491,0.16935142878950704,395.9,364.7967105114847,"pearson_r, entropy_reduction_ratio, chi2_stat",0.013077234743372931,0.0,0.0013439466403407983,0.0010650897354667023,0.42708181936327455
perm_android.permission.RESTART_PACKAGES,0,0.08844620781500515,0.17593117733370928,429.0,304.1253031235645,"pearson_r, entropy_reduction_ratio, chi2_stat",0.0016230602541752626,0.0,0.0001679933300425998,0.00013341748639194307,0.4403065680044159
perm_android.permission.READ_CALL_LOG,0,0.08844620781500515,0.17593117733370928,429.0,304.1253031235645,"pearson_r, entropy_reduction_ratio, chi2_stat",0.0016230602541752626,0.0,0.0001679933300425998,0.00013341748639194307,0.4403065680044159
perm_android.permission.PROCESS_OUTGOING_CALLS,0,0.08844620781500515,0.17593117733370928,429.0,304.1253031235645,"pearson_r, entropy_reduction_ratio, chi2_stat",0.0016230602541752626,0.0,0.0001679933300425998,0.00013341748639194307,0.4403065680044159
perm_com.android.launcher2.permission.READ_SETTINGS,0,0.08844620781500515,0.17593117733370928,429.0,304.1253031235645,"pearson_r, entropy_reduction_ratio, chi2_stat",0.0016230602541752626,0.0,0.0001679933300425998,0.00013341748639194307,0.4403065680044159
perm_android.permission.BATTERY_STATS,0,0.08844620781500515,0.17593117733370928,429.0,304.1253031235645,"pearson_r, entropy_reduction_ratio, chi2_stat",0.0016230602541752626,0.0,0.0001679933300425998,0.00013341748639194307,0.4403065680044159
perm_com.android.launcher3.permission.READ_SETTINGS,0,0.08844620781500515,0.17593117733370928,429.0,304.1253031235645,"pearson_r, entropy_reduction_ratio, chi2_stat",0.0016230602541752626,0.0,0.0001679933300425998,0.00013341748639194307,0.4403065680044159
perm_android.permission.WRITE_SECURE_SETTINGS,0,0.08844620781500515,0.17593117733370928,429.0,304.1253031235645,"pearson_r, entropy_reduction_ratio, chi2_stat",0.0016230602541752626,0.0,0.0001679933300425998,0.00013341748639194307,0.4403065680044159
perm_com.android.launcher3.permission.WRITE_SETTINGS,0,0.08844620781500515,0.17593117733370928,429.0,304.1253031235645,"pearson_r, entropy_reduction_ratio, chi2_stat",0.0016230602541752626,0.0,0.0001679933300425998,0.00013341748639194307,0.4403065680044159
intent_android.intent.action.NEW_OUTGOING_CALL,0,0.08844620781500515,0.17593117733370928,429.0,304.1253031235645,"pearson_r, entropy_reduction_ratio, chi2_stat",0.0016230602541752626,0.0,0.0001679933300425998,0.00013341748639194307,0.4403065680044159
intent_android.intent.action.PHONE_STATE,0,0.08844620781500515,0.17593117733370928,429.0,304.1253031235645,"pearson_r, entropy_reduction_ratio, chi2_stat",0.0016230602541752626,0.0,0.0001679933300425998,0.00013341748639194307,0.4403065680044159
intent_android.intent.action.SCREEN_OFF,0,0.08844620781500515,0.17593117733370928,429.0,304.1253031235645,"pearson_r, entropy_reduction_ratio, chi2_stat",0.0016230602541752626,0.0,0.0001679933300425998,0.00013341748639194307,0.4403065680044159
perm_android.permission.ACCOUNT_MANAGER,0,0.08844620781500515,0.17593117733370928,429.0,304.1253031235645,"pearson_r, entropy_reduction_ratio, chi2_stat",0.0016230602541752626,0.0,0.0001679933300425998,0.00013341748639194307,0.4403065680044159
perm_android.permission.BODY_SENSORS,0,0.08844620781500515,0.17593117733370928,429.0,304.1253031235645,"pearson_r, entropy_reduction_ratio, chi2_stat",0.0016230602541752626,0.0,0.0001679933300425998,0.00013341748639194307,0.4403065680044159
intent_com.inmobi.share.id,0,0.08844620781500515,0.17593117733370928,429.0,304.1253031235645,"pearson_r, entropy_reduction_ratio, chi2_stat",0.0016230602541752626,0.0,0.0001679933300425998,0.00013341748639194307,0.4403065680044159
intent_android.intent.action.MEDIA_EJECT,0,0.08844620781500515,0.17593117733370928,429.0,304.1253031235645,"pearson_r, entropy_reduction_ratio, chi2_stat",0.0016230602541752626,0.0,0.0001679933300425998,0.00013341748639194307,0.4403065680044159
perm_com.google.android.launcher.permission.WRITE_SETTINGS,0,0.08844620781500515,0.17593117733370928,429.0,304.1253031235645,"pearson_r, entropy_reduction_ratio, chi2_stat",0.0016230602541752626,0.0,0.0001679933300425998,0.00013341748639194307,0.4403065680044159
intent_android.intent.action.DATE_CHANGED,0,0.08844620781500515,0.17593117733370928,429.0,304.1253031235645,"pearson_r, entropy_reduction_ratio, chi2_stat",0.0016230602541752626,0.0,0.0001679933300425998,0.00013341748639194307,0.4403065680044159
intent_android.intent.action.MEDIA_CHECKING,0,0.08844620781500515,0.17593117733370928,429.0,304.1253031235645,"pearson_r, entropy_reduction_ratio, chi2_stat",0.0016230602541752626,0.0,0.0001679933300425998,0.00013341748639194307,0.4403065680044159
intent_com.tencent.android.tpush.action.INTERNAL_PUSH_MESSAGE,0,0.08844620781500515,0.17593117733370928,429.0,304.1253031235645,"pearson_r, entropy_reduction_ratio, chi2_stat",0.0016230602541752626,0.0,0.0001679933300425998,0.00013341748639194307,0.4403065680044159
intent_com.tencent.android.tpush.action.FEEDBACK,0,0.08844620781500515,0.17593117733370928,429.0,304.1253031235645,"pearson_r, entropy_reduction_ratio, chi2_stat",0.0016230602541752626,0.0,0.0001679933300425998,0.00013341748639194307,0.4403065680044159
intent_com.tencent.android.tpush.action.PUSH_MESSAGE,0,0.08844620781500515,0.17593117733370928,429.0,304.1253031235645,"pearson_r, entropy_reduction_ratio, chi2_stat",0.0016230602541752626,0.0,0.0001679933300425998,0.00013341748639194307,0.4403065680044159
intent_android.intent.action,0,0.08844620781500515,0.17593117733370928,429.0,304.1253031235645,"pearson_r, entropy_reduction_ratio, chi2_stat",0.0016230602541752626,0.0,0.0001679933300425998,0.00013341748639194307,0.4403065680044159
intent_com.gtp.nextlauncher.theme,0,0.08844620781500515,0.17593117733370928,429.0,304.1253031235645,"pearson_r, entropy_reduction_ratio, chi2_stat",0.0016230602541752626,0.0,0.0001679933300425998,0.00013341748639194307,0.4403065680044159
intent_android.intent.action.TIME_TICK,0,0.08844620781500515,0.17593117733370928,429.0,304.1253031235645,"pearson_r, entropy_reduction_ratio, chi2_stat",0.0016230602541752626,0.0,0.0001679933300425998,0.00013341748639194307,0.4403065680044159
perm_android.permission.BLUETOOTH_ADMIN,0,0.08839091119591597,0.170064449675324,397.8,362.1271323720442,"pearson_r, entropy_reduction_ratio, chi2_stat",0.011430891560450535,0.0,0.0011759533102981986,0.0009303475105165184,0.42841736359831456
perm_android.permission.NFC,0,0.08839091119591597,0.170064449675324,397.8,362.1271323720442,"pearson_r, entropy_reduction_ratio, chi2_stat",0.011430891560450535,0.0,0.0011759533102981986,0.0009303475105165184,0.42841736359831456
perm_android.permission.CLEAR_APP_CACHE,0,0.08823664747094108,0.1745521889349159,417.0,326.1881358970617,"pearson_r, entropy_reduction_ratio, chi2_stat",0.003249406239251877,0.0,0.0003359866600851996,0.00026488045103928003,0.43733296400432903
intent_android.intent.action.ACTION_POWER_DISCONNECTED,0,0.08823664747094108,0.1745521889349159,417.0,326.1881358970617,"pearson_r, entropy_reduction_ratio, chi2_stat",0.003249406239251877,0.0,0.0003359866600851996,0.00026488045103928003,0.43733296400432903
perm_com.android.browser.permission.WRITE_HISTORY_BOOKMARKS,0,0.08823664747094108,0.1745521889349159,417.0,326.1881358970617,"pearson_r, entropy_reduction_ratio, chi2_stat",0.003249406239251877,0.0,0.0003359866600851996,0.00026488045103928003,0.43733296400432903
intent_android.content.SyncAdapter,0,0.08823664747094108,0.1745521889349159,417.0,326.1881358970617,"pearson_r, entropy_reduction_ratio, chi2_stat",0.003249406239251877,0.0,0.0003359866600851996,0.00026488045103928003,0.43733296400432903
intent_com.evernote.android.job.ADD_JOB_CREATOR,0,0.08823664747094108,0.1745521889349159,417.0,326.1881358970617,"pearson_r, entropy_reduction_ratio, chi2_stat",0.003249406239251877,0.0,0.0003359866600851996,0.00026488045103928003,0.43733296400432903
intent_android.intent.action.PACKAGE_CHANGED,0,0.08823664747094108,0.1745521889349159,417.0,326.1881358970617,"pearson_r, entropy_reduction_ratio, chi2_stat",0.003249406239251877,0.0,0.0003359866600851996,0.00026488045103928003,0.43733296400432903
perm_android.permission.READ_INTERNAL_STORAGE,0,0.08820990164429805,0.17162020395044078,401.3,355.4239159088763,"pearson_r, entropy_reduction_ratio, chi2_stat",0.00814829229360649,0.0,0.0008399666502129989,0.0006625165245282207,0.43139873275314256
perm_android.permission.WRITE_SYNC_SETTINGS,0,0.08820990164429805,0.17162020395044078,401.3,355.4239159088763,"pearson_r, entropy_reduction_ratio, chi2_stat",0.00814829229360649,0.0,0.0008399666502129989,0.0006625165245282207,0.43139873275314256
intent_android.accounts.AccountAuthenticator,0,0.08820990164429805,0.17162020395044078,401.3,355.4239159088763,"pearson_r, entropy_reduction_ratio, chi2_stat",0.00814829229360649,0.0,0.0008399666502129989,0.0006625165245282207,0.43139873275314256
intent_com.urbanairship.push.OPENED,0,0.08820990164429805,0.17162020395044078,401.3,355.4239159088763,"pearson_r, entropy_reduction_ratio, chi2_stat",0.00814829229360649,0.0,0.0008399666502129989,0.0006625165245282207,0.43139873275314256
intent_com.urbanairship.actions.SHOW_LANDING_PAGE_INTENT_ACTION,0,0.08820990164429805,0.17162020395044078,401.3,355.4239159088763,"pearson_r, entropy_reduction_ratio, chi2_stat",0.00814829229360649,0.0,0.0008399666502129989,0.0006625165245282207,0.43139873275314256
intent_com.urbanairship.push.RECEIVED,0,0.08820990164429805,0.17162020395044078,401.3,355.4239159088763,"pearson_r, entropy_reduction_ratio, chi2_stat",0.00814829229360649,0.0,0.0008399666502129989,0.0006625165245282207,0.43139873275314256
intent_com.urbanairship.push.DISMISSED,0,0.08820990164429805,0.17162020395044078,401.3,355.4239159088763,"pearson_r, entropy_reduction_ratio, chi2_stat",0.00814829229360649,0.0,0.0008399666502129989,0.0006625165245282207,0.43139873275314256
perm_android.permission.ACCESS_LOCATION_EXTRA_COMMANDS,0,0.08816483780501634,0.1734488648231421,410.9,336.9938278366534,"pearson_r, entropy_reduction_ratio, chi2_stat",0.004879051285888095,0.0,0.0005039799901277994,0.00039688412416398174,0.43504427362490183
perm_android.permission.EXPAND_STATUS_BAR,0,0.08816483780501634,0.1734488648231421,410.9,336.9938278366534,"pearson_r, entropy_reduction_ratio, chi2_stat",0.004879051285888095,0.0,0.0005039799901277994,0.00039688412416398174,0.43504427362490183
intent_android.intent.action.PACKAGE_REPLACED,0,0.08816483780501634,0.1734488648231421,410.9,336.9938278366534,"pearson_r, entropy_reduction_ratio, chi2_stat",0.004879051285888095,0.0,0.0005039799901277994,0.00039688412416398174,0.43504427362490183
intent_android.net.VpnService,0,0.08816483780501634,0.1734488648231421,410.9,336.9938278366534,"pearson_r, entropy_reduction_ratio, chi2_stat",0.004879051285888095,0.0,0.0005039799901277994,0.00039688412416398174,0.43504427362490183
perm_com.samsung.android.providers.context.permission.WRITE_USE_APP_FEATURE_SURVEY,0,0.08816483780501634,0.1734488648231421,410.9,336.9938278366534,"pearson_r, entropy_reduction_ratio, chi2_stat",0.004879051285888095,0.0,0.0005039799901277994,0.00039688412416398174,0.43504427362490183
intent_android.provider.Telephony.SMS_RECEIVED,0,0.08816447323277973,0.17248862912802967,406.1,346.3149433680274,"pearson_r, entropy_reduction_ratio, chi2_stat",0.0065120088060341835,0.0,0.0006719733201703992,0.0005294260425551199,0.433108957995139
perm_android.permission.READ_SYNC_SETTINGS,0,0.08816447323277973,0.17248862912802967,406.1,346.3149433680274,"pearson_r, entropy_reduction_ratio, chi2_stat",0.0065120088060341835,0.0,0.0006719733201703992,0.0005294260425551199,0.433108957995139
intent_android.intent.action.SEND_MULTIPLE,0,0.08816447323277973,0.17248862912802967,406.1,346.3149433680274,"pearson_r, entropy_reduction_ratio, chi2_stat",0.0065120088060341835,0.0,0.0006719733201703992,0.0005294260425551199,0.433108957995139
perm_android.permission.SET_WALLPAPER_HINTS,0,0.08816447323277973,0.17248862912802967,406.1,346.3149433680274,"pearson_r, entropy_reduction_ratio, chi2_stat",0.0065120088060341835,0.0,0.0006719733201703992,0.0005294260425551199,0.433108957995139
intent_io.intercom.android.sdk.INTERCOM_PUSH_OPENED,0,0.08816447323277973,0.17248862912802967,406.1,346.3149433680274,"pearson_r, entropy_reduction_ratio, chi2_stat",0.0065120088060341835,0.0,0.0006719733201703992,0.0005294260425551199,0.433108957995139
intent_com.yandex.metrica.IMetricaService,0,0.08816447323277973,0.17248862912802967,406.1,346.3149433680274,"pearson_r, entropy_reduction_ratio, chi2_stat",0.0065120088060341835,0.0,0.0006719733201703992,0.0005294260425551199,0.433108957995139
intent_com.google.android.c2dm.intent.REGISTRATION,0,0.08755629855485052,0.17307366663048185,416.3,335.46648118701813,"pearson_r, entropy_reduction_ratio, f_stat",0.003136680286108322,0.0,0.00046106431512166494,0.00048718513054807,0.43369656304247456
perm_android.permission.RECORD_AUDIO,0,0.08741918111298144,0.17172789314643425,408.3,352.95688121922205,"pearson_r, entropy_reduction_ratio, chi2_stat",0.004757260781910829,0.0,0.0007723096767857659,0.0007076764296396566,0.43085865867657097
