feature,method_count,aggregated_score,score_std,rank_mean,rank_std,top_methods,entropy_reduction_ratio,mutual_information,chi2_stat,f_stat,pearson_r
suspicious_getSubscriberId,5,0.717600540977165,0.17488344763668348,3.6,1.7435595774162693,"entropy_reduction_ratio, pearson_r, chi2_stat",0.9837159423187425,0.6177356633325871,0.6505706808285117,0.49090925528745566,0.8450711631185284
suspicious_Ljava/lang/Runtime;->exec,5,0.29684968472615064,0.184564999086428,8.2,2.85657137141714,"entropy_reduction_ratio, pearson_r, mutual_information",0.5315862656850187,0.23596884835953782,0.1395313259792271,0.08046125799889829,0.4967007256080714
suspicious_getPackageInfo,5,0.2259675304564749,0.2870827436059862,13.8,6.013318551349164,"mutual_information, pearson_r, entropy_reduction_ratio",0.1047618072430068,0.7708915621626782,0.0014941822972829584,0.003438745390191574,0.24925135518921498
suspicious_getCellLocation,4,0.826424973723031,0.347150052553938,9.8,17.6,"entropy_reduction_ratio, chi2_stat, f_stat",1.0,0.13212486861515502,1.0,1.0,1.0
suspicious_getCellSignalStrength,4,0.5413058003773353,0.27381318537058197,46.4,88.3008493730383,"pearson_r, chi2_stat, entropy_reduction_ratio",0.650195724642507,0.040496863679827744,0.6666666666666666,0.5000000426402148,0.8491697042574607
perm_android.permission.DISABLE_KEYGUARD,4,0.30092077315262844,0.2126898890318636,150.5,291.5023155997221,"pearson_r, chi2_stat, entropy_reduction_ratio",0.31806859881578076,0.0,0.3333333333333333,0.2000000084786046,0.6532019251354235
perm_android.permission.READ_PHONE_STATE,4,0.24068915265324575,0.2018564530533601,151.9,290.80103163503395,"pearson_r, entropy_reduction_ratio, chi2_stat",0.44739379089727177,0.0,0.15703276180081432,0.0883769698460123,0.5106422407221303
suspicious_getSimCountryIso,4,0.23319317001565842,0.18886712927798038,150.9,291.3002574664156,"pearson_r, entropy_reduction_ratio, chi2_stat",0.35771797682283385,0.0,0.17908442860499113,0.09976490295921261,0.5293985416912544
n_activities,4,0.21926021759785347,0.24486987205523586,209.8,391.15950710675565,"mutual_information, entropy_reduction_ratio, pearson_r",0.29497842035541977,0.6584670702798006,0.0015937277584723995,0.0013116109414520836,0.1399502586541226
suspicious_sendTextMessage,4,0.19846286574902694,0.1719523540859111,87.4,160.31169639174806,"pearson_r, entropy_reduction_ratio, chi2_stat",0.22101604223285284,0.008457270823549495,0.16264267020712792,0.08881225371903112,0.5113860917625733
n_api_calls,4,0.11980411380009195,0.13643601030525412,71.8,115.18055391427842,"entropy_reduction_ratio, pearson_r, mutual_information",0.3153903042096576,0.02363229794056655,0.0014516187122416088,0.004004843679469247,0.2545415044585248
perm_android.permission.ACCESS_WIFI_STATE,4,0.09937095722116755,0.12014763217328638,155.1,289.2058782251841,"pearson_r, entropy_reduction_ratio, chi2_stat",0.1363274659915741,0.0,0.026623162570317913,0.014455784885864409,0.31944837265808135
n_permissions,4,0.0806128726129633,0.10132854951086155,99.6,173.20461887605651,"pearson_r, entropy_reduction_ratio, chi2_stat",0.13653477115413254,0.0027683398262352537,0.004451377757737476,0.004077225726710695,0.2552326486000005
perm_android.permission.ACCESS_COARSE_LOCATION,4,0.0776505045637589,0.10886133074336782,156.7,288.419763539186,"pearson_r, entropy_reduction_ratio, chi2_stat",0.07337340431350538,0.0,0.01688431605329112,0.008760524446435231,0.28923427800556273
perm_android.permission.CAMERA,4,0.05794584508836147,0.09462242883895607,159.9,286.821268388521,"pearson_r, entropy_reduction_ratio, chi2_stat",0.035408445051141095,0.0,0.005779556102732463,0.003063983453573842,0.24547724083435996
suspicious_getExternalStorageDirectory,3,0.19773582393016656,0.3206155727216193,211.2,394.50089987223095,"mutual_information, entropy_reduction_ratio, f_stat",0.13099222656574763,0.8316628330689969,0.0005952972271142756,0.025428762788974022,0.0
suspicious_Cipher,3,0.11998810069606267,0.16727377247841566,217.2,390.5316376428419,"mutual_information, pearson_r, entropy_reduction_ratio",0.033546178033247574,0.44308218925097836,0.00031897674076613463,0.002856305749762827,0.12013685370555843
n_urls,3,0.09041067337882153,0.12325541224628553,354.5,424.3621095244014,"entropy_reduction_ratio, pearson_r, chi2_stat",0.31579930947158785,0.0,0.003590285615226248,0.0019579767654358763,0.1307057950418577
suspicious_Ldalvik/system/PathClassLoader;,3,0.057615859399504955,0.05176361615787329,227.2,383.6802835695365,"pearson_r, mutual_information, entropy_reduction_ratio",0.05443913827762015,0.09454014022015847,0.002950384369519251,0.0016791396217229122,0.13447049450850398
n_providers,3,0.050133426874150046,0.05743366672604748,354.1,426.51593170712863,"entropy_reduction_ratio, pearson_r, chi2_stat",0.13177976522594778,0.0,0.0069334032683702395,0.00411606809329759,0.10783789778313461
n_services,3,0.044083299111270756,0.0527795718372201,355.7,423.8525215213424,"pearson_r, entropy_reduction_ratio, chi2_stat",0.08349418445714855,0.0,0.00585159566621318,0.002093194736318434,0.12897752069667362
n_receivers,3,0.04322507175782897,0.050839255906904246,291.0,382.231343560415,"pearson_r, entropy_reduction_ratio, mutual_information",0.06921836401903272,0.008646653637225953,0.00457309577275484,0.0018736899393910376,0.13181355542074027
perm_android.permission.READ_EXTERNAL_STORAGE,3,0.041982567488883224,0.053666272290712594,266.6,374.5421738603011,"pearson_r, entropy_reduction_ratio, mutual_information",0.031816295211139795,0.029294465450099855,0.001770230621711551,0.0009546875053585307,0.1460771586561064
perm_android.permission.ACCESS_NETWORK_STATE,3,0.03813025378055346,0.04496072790100351,280.2,380.0780972379229,"pearson_r, entropy_reduction_ratio, mutual_information",0.04616735797812472,0.017292983336573923,0.002319465558059934,0.0026669122915382384,0.12220454973847049
suspicious_getDeviceId,2,0.1701624256840867,0.24962912822126682,29.0,16.284962388657824,"mutual_information, pearson_r, entropy_reduction_ratio",0.004913522597913441,0.6451055464458798,0.00011980451594516878,0.00026274688417853926,0.20041050797651655
intent_android.intent.action.MAIN,2,0.16311490946740537,0.24070983727915077,39.9,26.180909075125715,"mutual_information, pearson_r, entropy_reduction_ratio",0.0025618671565171484,0.6212913630407041,8.904580592110223e-07,7.238710245333389e-05,0.19164803957929297
n_used_permissions,2,0.13372387482244946,0.11823496456435313,223.2,376.2293981070591,"mutual_information, entropy_reduction_ratio, pearson_r",0.19495562304496994,0.30457373040662306,4.4962061179154e-05,0.00012188485722101291,0.16892317374225407
suspicious_getSystemService,1,0.23634185719351258,0.388260453123531,420.0,210.9160970623153,"mutual_information, pearson_r, entropy_reduction_ratio",0.0,1.0,0.0,0.0,0.18170928596756294
perm_android.permission.BROADCAST_SMS,1,0.08775447050936139,0.1100867379243063,421.8,207.34068582890336,"mutual_information, pearson_r, entropy_reduction_ratio",0.0,0.25706306657924394,0.0,0.0,0.18170928596756294
intent_android.intent.action.CONFIGURATION_CHANGED,1,0.08662274653958021,0.10835585757339308,422.0,206.94347054207822,"mutual_information, pearson_r, entropy_reduction_ratio",0.0,0.2514044467303382,0.0,0.0,0.18170928596756294
perm_android.permission.RECEIVE_BOOT_COMPLETED,1,0.08201993166072782,0.09976309715257525,219.8,378.97092236740275,"mutual_information, pearson_r, entropy_reduction_ratio",0.007732610054428638,0.23730910627724192,0.00044255765542788774,0.00022538498721660645,0.16438999932932408
intent_com.android.utils.hades.ACTION_INIT_COMMON_RES,1,0.07741633395303066,0.0951100802438001,422.6,205.75188942024326,"mutual_information, pearson_r, entropy_reduction_ratio",0.0,0.20537238379759035,0.0,0.0,0.18170928596756294
perm_org.adw.launcher_donut.permission.WRITE_SETTINGS,1,0.07740002636711582,0.09508814394644163,422.8,205.35471750120573,"mutual_information, pearson_r, entropy_reduction_ratio",0.0,0.2052908458680162,0.0,0.0,0.18170928596756294
intent_com.qihoo.appstore.ACTION_WX_CLEAR,1,0.075888363991747,0.09308190012960862,423.0,204.95755658184453,"mutual_information, pearson_r, entropy_reduction_ratio",0.0,0.19773253399117205,0.0,0.0,0.18170928596756294
intent_com.qihoo.appstore.ACTION_LAUNCH_SERVICE_ACTIVITY,1,0.07584064897464966,0.09301946917350364,423.2,204.56040672622845,"mutual_information, pearson_r, entropy_reduction_ratio",0.0,0.19749395890568539,0.0,0.0,0.18170928596756294
intent_com.android.utils.hades.ACTION_START_SYS_WRAPPER,1,0.07462041589613065,0.09144225901958947,423.4,204.16326799892286,"mutual_information, pearson_r, entropy_reduction_ratio",0.0,0.19139279351309033,0.0,0.0,0.18170928596756294
intent_com.qihoo360.daemon.pcdaemon.ACTION_START_UI2,1,0.07461940576607531,0.09144096908995776,423.6,203.76614046499483,"mutual_information, pearson_r, entropy_reduction_ratio",0.0,0.19138774286281357,0.0,0.0,0.18170928596756294
intent_android.intent.action.DOWNLOAD_NOTIFICATION_CLICKED,1,0.07255407085080942,0.08886046260375091,423.8,203.36902419001768,"pearson_r, mutual_information, entropy_reduction_ratio",0.0,0.18106106828648413,0.0,0.0,0.18170928596756294
intent_com.qihoo360.daemon.pcdaemon.NotifyServiceStop2,1,0.07218332653090623,0.0884096992055596,424.0,202.97191924007615,"pearson_r, mutual_information, entropy_reduction_ratio",0.0,0.17920734668696822,0.0,0.0,0.18170928596756294
perm_com.qiku.android.launcher3.permission.WRITE_UNREAD,1,0.07117702999202195,0.08720624772568279,424.2,202.57482568177124,"pearson_r, mutual_information, entropy_reduction_ratio",0.0,0.17417586399254686,0.0,0.0,0.18170928596756294
perm_android.permission.WRITE_APN_SETTINGS,1,0.06921344384987504,0.08494620743942746,424.6,201.78067300908677,"pearson_r, mutual_information, entropy_reduction_ratio",0.0,0.1643579332818123,0.0,0.0,0.18170928596756294
perm_com.android.launcher.permission.INSTALL_SHORTCUT,1,0.0690448556945192,0.08381637209562838,230.6,365.4288439628158,"pearson_r, mutual_information, entropy_reduction_ratio",0.0017061868103528408,0.16976789347457547,9.83461456506417e-05,4.9372774331370116e-05,0.17360247926768563
perm_android.permission.SUBSCRIBED_FEEDS_WRITE,1,0.06889420161100704,0.08459029223927614,424.8,201.38361403053625,"pearson_r, mutual_information, entropy_reduction_ratio",0.0,0.16276172208747225,0.0,0.0,0.18170928596756294
intent_com.baidu.autoupdatesdk.ACTION_NEW_UPDATE,1,0.05016121069482517,0.07100970721647056,447.8,155.82220637636985,"pearson_r, mutual_information, entropy_reduction_ratio",0.0,0.06909676750656289,0.0,0.0,0.18170928596756294
perm_com.tencent.mm.wear.message,1,0.050105114471369894,0.07099483558444017,448.0,155.42715335487554,"pearson_r, mutual_information, entropy_reduction_ratio",0.0,0.06881628638928652,0.0,0.0,0.18170928596756294
perm_com.facebook.receiver.permission.ACCESS,1,0.04690118169640201,0.07043741013577944,456.4,138.86050554423312,"pearson_r, mutual_information, entropy_reduction_ratio",0.0,0.052796622514447104,0.0,0.0,0.18170928596756294
intent_android.intent.action.VIEW,1,0.0421484616606452,0.056900396361586954,262.2,373.43454580421457,"pearson_r, mutual_information, entropy_reduction_ratio",0.02094286388150789,0.03501423830114212,0.0011801537478077007,0.0006202107159764683,0.15298484165679183
perm_android.permission.ACCESS_FINE_LOCATION,1,0.041476924424795045,0.058647607983163486,264.8,371.8340490057359,"pearson_r, mutual_information, entropy_reduction_ratio",0.01649346210131172,0.03318633385460688,0.0009342883836810964,0.00048582984012197477,0.1562847079442536
perm_android.permission.WRITE_EXTERNAL_STORAGE,1,0.03954324132040475,0.077787277597942,176.5,278.7335645378934,"pearson_r, entropy_reduction_ratio, chi2_stat",0.0022800375192219857,0.0,0.0001926040871114548,0.00013490659247349026,0.19510865840321684
perm_com.fx.launcher.permission.READ_SETTINGS,1,0.036341857193512586,0.07268371438702517,566.5,86.99195365089808,"pearson_r, entropy_reduction_ratio, mutual_information",0.0,0.0,0.0,0.0,0.18170928596756294
intent_android.intent.action.EXTERNAL_APPLICATIONS_AVAILABLE,1,0.036341857193512586,0.07268371438702517,566.5,86.99195365089808,"pearson_r, entropy_reduction_ratio, mutual_information",0.0,0.0,0.0,0.0,0.18170928596756294
intent_com.baidu.autoupdatesdk.ACTION_AS_DOWNLOAD_COMPLETE,1,0.036341857193512586,0.07268371438702517,566.5,86.99195365089808,"pearson_r, entropy_reduction_ratio, mutual_information",0.0,0.0,0.0,0.0,0.18170928596756294
intent_com.baidu.autoupdatesdk.ACTION_NEW_AS,1,0.036341857193512586,0.07268371438702517,566.5,86.99195365089808,"pearson_r, entropy_reduction_ratio, mutual_information",0.0,0.0,0.0,0.0,0.18170928596756294
intent_com.baidu.autoupdatesdk.ACTION_DOWNLOAD_COMPLETE,1,0.036341857193512586,0.07268371438702517,566.5,86.99195365089808,"pearson_r, entropy_reduction_ratio, mutual_information",0.0,0.0,0.0,0.0,0.18170928596756294
perm_android.permission.VIBRATE,1,0.03623477911753835,0.05968734484533632,297.6,377.73885158929573,"pearson_r, entropy_reduction_ratio, mutual_information",0.018267612184387057,0.006410107315596845,0.0010326345293317379,0.0005392390154540129,0.15492430254292208
suspicious_Base64,1,0.03244967208605981,0.05635235303737692,362.1,416.4197881945573,"pearson_r, entropy_reduction_ratio, f_stat",0.016273341911901894,0.0,0.0004454493713305362,0.0010417174105892765,0.14448785173647735
perm_android.hardware.camera.autofocus,0,0.06776907218884091,0.08336279138707467,425.0,200.9865667152907,"pearson_r, mutual_information, entropy_reduction_ratio",0.0,0.15713607497664167,0.0,0.0,0.18170928596756294
perm_yulong.permission.ACCESS_YLPARAMS,0,0.0676625465736175,0.08324878755132978,425.2,200.5895311326092,"pearson_r, mutual_information, entropy_reduction_ratio",0.0,0.1566034469005246,0.0,0.0,0.18170928596756294
perm_android.permission.DEVICE_POWER,0,0.06747936034296517,0.08305365350773812,425.4,200.1925073522983,"pearson_r, mutual_information, entropy_reduction_ratio",0.0,0.15568751574726294,0.0,0.0,0.18170928596756294
perm_com.yulong.android.launcherL.permission.READ_SETTINGS,0,0.06727923259729132,0.08284179963556774,425.6,199.79549544471718,"pearson_r, mutual_information, entropy_reduction_ratio",0.0,0.15468687701889364,0.0,0.0,0.18170928596756294
intent_show_taskmanager,0,0.06631370132837582,0.08183949622109092,425.8,199.3984954807834,"pearson_r, mutual_information, entropy_reduction_ratio",0.0,0.14985922067431612,0.0,0.0,0.18170928596756294
intent_com.qihoo.appstore.ACTION_GAME_UNION_DESK,0,0.0662074967352249,0.08173128179345376,426.0,199.00150753197826,"pearson_r, mutual_information, entropy_reduction_ratio",0.0,0.14932819770856157,0.0,0.0,0.18170928596756294
intent_com.qihoo.appstore.checkupdate.INIT_APK_INFO,0,0.06616513001006954,0.08168822742337375,426.2,198.60453167035237,"pearson_r, mutual_information, entropy_reduction_ratio",0.0,0.14911636408278478,0.0,0.0,0.18170928596756294
intent_com.qihoo.appstore.BATTERY,0,0.06610884638884984,0.08163113118951858,426.4,198.20756796853138,"pearson_r, mutual_information, entropy_reduction_ratio",0.0,0.14883494597668628,0.0,0.0,0.18170928596756294
intent_com.kingroot.kinguser.SU_REQUEST,0,0.06570395214345,0.08122380619833845,426.6,197.81061649972176,"pearson_r, mutual_information, entropy_reduction_ratio",0.0,0.14681047474968703,0.0,0.0,0.18170928596756294
intent_com.qihoo.appstore.battery.ACCESSIBILITY_ALERT,0,0.06554823669544643,0.08106876467259724,426.8,197.4136773377164,"pearson_r, mutual_information, entropy_reduction_ratio",0.0,0.14603189750966925,0.0,0.0,0.18170928596756294
intent_android.intent.action.DOWNLOAD_WAKEUP,0,0.06509718324778399,0.08062476999663343,427.0,197.0167505569006,"pearson_r, mutual_information, entropy_reduction_ratio",0.0,0.143776630271357,0.0,0.0,0.18170928596756294
intent_com.excelliance.dualaid.act.action.ext,0,0.0649197561989612,0.08045222019474575,427.2,196.6198362322581,"pearson_r, mutual_information, entropy_reduction_ratio",0.0,0.14288949502724307,0.0,0.0,0.18170928596756294
intent_com.qihoo.commonreceiver.CLEARED,0,0.06490926662474401,0.08044205638634716,427.4,196.2229344393769,"pearson_r, mutual_information, entropy_reduction_ratio",0.0,0.14283704715615708,0.0,0.0,0.18170928596756294
intent_com.amazon.device.messaging.intent.RECEIVE,0,0.0648647339297664,0.08039895335230783,427.6,195.82604525445538,"pearson_r, mutual_information, entropy_reduction_ratio",0.0,0.14261438368126905,0.0,0.0,0.18170928596756294
intent_safiap.framework.ACTION_NETWORK_ERROR,0,0.0634253623343648,0.07904718583033614,427.8,195.42916875430853,"pearson_r, mutual_information, entropy_reduction_ratio",0.0,0.13541752570426108,0.0,0.0,0.18170928596756294
intent_com.qihoo.appstore.ACTION_MEM_SCAN,0,0.06332348212491466,0.07895460691206192,428.0,195.03230501637415,"pearson_r, mutual_information, entropy_reduction_ratio",0.0,0.13490812465701038,0.0,0.0,0.18170928596756294
perm_com.lenovo.launcher.permission.WRITE_SETTINGS,0,0.06319966669043882,0.0788426579108775,428.2,194.6354541187191,"pearson_r, mutual_information, entropy_reduction_ratio",0.0,0.13428904748463114,0.0,0.0,0.18170928596756294
perm_com.google.android.googleapps.permission.GOOGLE_AUTH.sitemaps,0,0.06316899810720318,0.07881502424992033,428.4,194.23861614004565,"pearson_r, mutual_information, entropy_reduction_ratio",0.0,0.13413570456845292,0.0,0.0,0.18170928596756294
perm_com.huaqin.launcherEx.permission.READ_SETTINGS,0,0.06299211915047413,0.07865639298985266,428.6,193.84179115969806,"pearson_r, mutual_information, entropy_reduction_ratio",0.0,0.13325130978480773,0.0,0.0,0.18170928596756294
perm_com.htc.launcher.permission.WRITE_SETTINGS,0,0.06245936761790104,0.07818632918855063,429.0,193.04818051460626,"pearson_r, mutual_information, entropy_reduction_ratio",0.0,0.13058755212194226,0.0,0.0,0.18170928596756294
intent_safiap.framework.ACTION_TO_UPDATE,0,0.06234049539448655,0.07808304231306583,429.2,192.65139501181923,"pearson_r, mutual_information, entropy_reduction_ratio",0.0,0.1299931910048698,0.0,0.0,0.18170928596756294
intent_com.tencent.android.tpush.action.SDK,0,0.062268781315192714,0.07802101490589451,429.4,192.2546228312859,"pearson_r, mutual_information, entropy_reduction_ratio",0.0,0.1296346206084006,0.0,0.0,0.18170928596756294
intent_com.qihoo.appstore.download_some_apk,0,0.06140160457481626,0.07728810109635245,429.6,191.85786405565972,"pearson_r, mutual_information, entropy_reduction_ratio",0.0,0.12529873690651835,0.0,0.0,0.18170928596756294
intent_com.excelliance.open.action.startNextChapter,0,0.061285285268795606,0.0771922259792056,429.8,191.4611187682763,"pearson_r, mutual_information, entropy_reduction_ratio",0.0,0.12471714037641511,0.0,0.0,0.18170928596756294
perm_com.google.android.googleapps.permission.GOOGLE_AUTH.android,0,0.061024836217248704,0.07697966974115483,430.0,191.0643870531607,"pearson_r, mutual_information, entropy_reduction_ratio",0.0,0.12341489511868056,0.0,0.0,0.18170928596756294
intent_android.app.action.DEVICE_ADMIN_ENABLED,0,0.06071396298129246,0.07672982029907426,430.2,190.66766899503438,"pearson_r, mutual_information, entropy_reduction_ratio",0.0,0.12186052893889937,0.0,0.0,0.18170928596756294
intent_com.sjm.avplay.SHOW_ACTIVITY,0,0.0603549418759711,0.07644655055887795,430.4,190.27096467932253,"pearson_r, mutual_information, entropy_reduction_ratio",0.0,0.12006542341229258,0.0,0.0,0.18170928596756294
intent_com.esbook.receiver.CLICK_DOWN_BOOK,0,0.06031904561358582,0.07641854146928569,430.6,189.87427419216118,"pearson_r, mutual_information, entropy_reduction_ratio",0.0,0.11988594210036616,0.0,0.0,0.18170928596756294
intent_com.example.servicejar.action.SHORTCUT_CLICKED,0,0.060066232647399964,0.07622290056342519,430.8,189.4775976204047,"pearson_r, mutual_information, entropy_reduction_ratio",0.0,0.11862187726943688,0.0,0.0,0.18170928596756294
perm_android.permission.READ_USER_DICTIONARY,0,0.06002176951811193,0.07618878752012348,431.0,189.08093505163336,"pearson_r, mutual_information, entropy_reduction_ratio",0.0,0.1183995616229967,0.0,0.0,0.18170928596756294
intent_com.qihoo.appstore.launcher.shortcut.MYSOFT,0,0.05988295033263365,0.07608285294172076,431.2,188.6842865741607,"pearson_r, mutual_information, entropy_reduction_ratio",0.0,0.11770546569560525,0.0,0.0,0.18170928596756294
perm_android.permission.RECORD_VIDEO,0,0.05955823196943966,0.07583844812972007,431.4,188.28765227704125,"pearson_r, mutual_information, entropy_reduction_ratio",0.0,0.11608187387963535,0.0,0.0,0.18170928596756294
intent_com.qihoo.appstore.freeze.ICON,0,0.059399580601923074,0.0757207751517228,431.6,187.89103225007838,"pearson_r, mutual_information, entropy_reduction_ratio",0.0,0.11528861704205243,0.0,0.0,0.18170928596756294
intent_com.excelliance.appmate.share,0,0.05918794330786696,0.07556559099269666,431.8,187.4944265838321,"pearson_r, mutual_information, entropy_reduction_ratio",0.0,0.11423043057177187,0.0,0.0,0.18170928596756294
intent_android.intent.action.NOTIFICATION_REMOVE,0,0.05875246636297895,0.07525275831734136,432.0,187.09783536962686,"pearson_r, mutual_information, entropy_reduction_ratio",0.0,0.11205304584733182,0.0,0.0,0.18170928596756294
intent_action.qihoo360.daemon.pcdaemon.DaemonStatus,0,0.05828418829534711,0.07492620227285986,432.2,186.70125869955993,"pearson_r, mutual_information, entropy_reduction_ratio",0.0,0.10971165550917258,0.0,0.0,0.18170928596756294
intent_com.door.pay.sdk.app.action,0,0.05818035439328473,0.07485518742052809,432.4,186.30469666650922,"pearson_r, mutual_information, entropy_reduction_ratio",0.0,0.10919248599886071,0.0,0.0,0.18170928596756294
intent_com.excelliance.open.NEXT_CHAPTER,0,0.0580169242115503,0.07474444512859584,432.6,185.90814936414168,"pearson_r, mutual_information, entropy_reduction_ratio",0.0,0.10837533509018857,0.0,0.0,0.18170928596756294
intent_android.easou.eyou.SEND_SMS_RESULT,0,0.058008170079225596,0.07473854892715015,432.8,185.51161688692167,"pearson_r, mutual_information, entropy_reduction_ratio",0.0,0.10833156442856504,0.0,0.0,0.18170928596756294
perm_com.google.android.googleapps.permission.GOOGLE_AUTH.mobile,0,0.05796856077831462,0.0747119162007213,433.0,185.11509933011948,"pearson_r, mutual_information, entropy_reduction_ratio",0.0,0.10813351792401017,0.0,0.0,0.18170928596756294
intent_org.agoo.android.intent.action.PING,0,0.0578010553302918,0.07460011291841723,433.2,184.71859678981974,"pearson_r, mutual_information, entropy_reduction_ratio",0.0,0.10729599068389603,0.0,0.0,0.18170928596756294
intent_com.qihoo.appstore.CLEAN_ACTIVITY_DESTROY,0,0.057770077932188135,0.0745795832463835,433.4,184.3221093629302,"pearson_r, mutual_information, entropy_reduction_ratio",0.0,0.10714110369337772,0.0,0.0,0.18170928596756294
intent_com.excelliance.dualaid.action.phone_res_download,0,0.057758147014065696,0.07457168848336157,433.6,183.9256371471905,"pearson_r, mutual_information, entropy_reduction_ratio",0.0,0.10708144910276551,0.0,0.0,0.18170928596756294
intent_com.qihoo.appstore.stablenotification.NewsBroadcastReceiver,0,0.057726574920032615,0.07455082984504514,433.8,183.52918024118125,"pearson_r, mutual_information, entropy_reduction_ratio",0.0,0.10692358863260014,0.0,0.0,0.18170928596756294
intent_com.qihoo.appstore.LitePluginTipDialogActivity,0,0.057593986641747384,0.07446375396460468,434.2,182.736312756934,"pearson_r, mutual_information, entropy_reduction_ratio",0.0,0.10626064724117397,0.0,0.0,0.18170928596756294
intent_com.urbanairship.push.OPENED,0,0.05742399476689315,0.07435334807320289,434.4,182.33990238014277,"pearson_r, mutual_information, entropy_reduction_ratio",0.0,0.1054106878669028,0.0,0.0,0.18170928596756294
perm_android.permission.SET_WALLPAPER,0,0.05731249568739107,0.07428168787565198,434.6,181.9435077159941,"pearson_r, mutual_information, entropy_reduction_ratio",0.0,0.10485319246939243,0.0,0.0,0.18170928596756294
suspicious_Landroid/telephony/SmsMessage;->getMessageBody,0,0.05664720306832873,0.0724314773121564,246.0,350.25076730822445,"pearson_r, mutual_information, entropy_reduction_ratio",0.00085223341042941,0.10632731782325554,4.917307282532085e-05,2.4636312524229622e-05,0.17598265472260916
intent_com.taobao.accs.intent.action.COMMAND,0,0.05658963711492983,0.073831760451039,435.0,181.1507659382096,"pearson_r, mutual_information, entropy_reduction_ratio",0.0,0.1012388996070862,0.0,0.0,0.18170928596756294
perm_android.permission.READ_PROFILE,0,0.05614243730764825,0.07356625937756127,435.4,180.35808825777679,"pearson_r, mutual_information, entropy_reduction_ratio",0.0,0.0990029005706783,0.0,0.0,0.18170928596756294
intent_android.intent.action.NEW_OUTGOING_CALL,0,0.05592389534041433,0.07344012487228131,435.6,179.96177371875396,"pearson_r, mutual_information, entropy_reduction_ratio",0.0,0.09791019073450871,0.0,0.0,0.18170928596756294
intent_android.intent.action.apservice,0,0.055920672547042624,0.07343828263578109,435.8,179.5654755235538,"pearson_r, mutual_information, entropy_reduction_ratio",0.0,0.09789407676765019,0.0,0.0,0.18170928596756294
intent_com.alimama.mobile.sdk.download.action,0,0.05579486506305294,0.0733667740181209,436.0,179.16919378062735,"pearson_r, mutual_information, entropy_reduction_ratio",0.0,0.09726503934770173,0.0,0.0,0.18170928596756294
perm_com.kingroot.kinguser.permission.REQUEST,0,0.05534749664386488,0.07311893866304144,436.2,178.7729285993827,"pearson_r, mutual_information, entropy_reduction_ratio",0.0,0.09502819725176147,0.0,0.0,0.18170928596756294
intent_com.google.android.gms.analytics.ANALYTICS_DISPATCH,0,0.05529444716481342,0.0671515061815119,232.4,372.85042577419705,"pearson_r, mutual_information, entropy_reduction_ratio",0.007732610054428638,0.10368168379766991,0.00044255765542788774,0.00022538498721660645,0.16438999932932408
intent_com.google.android.gms.gcm.ACTION_TASK_READY,0,0.05528185872613497,0.07154099970724563,247.2,349.6589195201518,"pearson_r, mutual_information, entropy_reduction_ratio",0.00085223341042941,0.09950059611228675,4.917307282532085e-05,2.4636312524229622e-05,0.17598265472260916
intent_com.qihoo.appstore.ACTION_NORMAL_INSTALL_ERROR,0,0.055239665532326884,0.07306071497937704,436.6,177.98044836442006,"pearson_r, mutual_information, entropy_reduction_ratio",0.0,0.09448904169407152,0.0,0.0,0.18170928596756294
intent_android.provider.Telephony.SMS_RECEIVED,0,0.05523887030584477,0.07306028778714635,436.8,177.5842335343991,"pearson_r, mutual_information, entropy_reduction_ratio",0.0,0.09448506556166088,0.0,0.0,0.18170928596756294
perm_com.kingroot.kinguser.permission.activityCalled,0,0.05502074837711481,0.07294432841993129,437.0,177.18803571347587,"pearson_r, mutual_information, entropy_reduction_ratio",0.0,0.09339445591801115,0.0,0.0,0.18170928596756294
perm_org.simalliance.openmobileapi.SMARTCARD,0,0.054956212619355835,0.07291048453756543,437.2,176.79185501600463,"pearson_r, mutual_information, entropy_reduction_ratio",0.0,0.09307177712921627,0.0,0.0,0.18170928596756294
intent_action.com.excelliance.install.plugin,0,0.05495147170729342,0.0729080066956192,437.4,176.39569155736206,"pearson_r, mutual_information, entropy_reduction_ratio",0.0,0.09304807256890413,0.0,0.0,0.18170928596756294
intent_com.excelliance.dualaid.b64.action.update.done,0,0.05480928877506734,0.07283422911953294,437.6,175.99954545395852,"pearson_r, mutual_information, entropy_reduction_ratio",0.0,0.09233715790777379,0.0,0.0,0.18170928596756294
perm_android.permission.SAMSUNG_TUNTAP,0,0.05471461127114822,0.0727856764535567,437.8,175.60341682324977,"pearson_r, mutual_information, entropy_reduction_ratio",0.0,0.09186377038817813,0.0,0.0,0.18170928596756294
perm_com.lenovo.launcherhdmarket.permission.READ_SETTINGS,0,0.05437032366265391,0.07261300739076529,438.0,175.20730578374864,"pearson_r, mutual_information, entropy_reduction_ratio",0.0,0.0901423323457066,0.0,0.0,0.18170928596756294
intent_android.intent.action.CHECK_RECEIVER,0,0.05436105372837467,0.07260844288179581,438.2,174.81121245503675,"pearson_r, mutual_information, entropy_reduction_ratio",0.0,0.09009598267431046,0.0,0.0,0.18170928596756294
perm_telecom.mdesk.permission.READ_SETTINGS,0,0.05433053165880321,0.07259344526974243,438.4,174.4151369577767,"pearson_r, mutual_information, entropy_reduction_ratio",0.0,0.08994337232645308,0.0,0.0,0.18170928596756294
intent_com.kingroot.kinguser.gamebox.ACTION_GAME_REPLACE,0,0.05418529310879498,0.07252274097409885,438.6,174.01907941372406,"pearson_r, mutual_information, entropy_reduction_ratio",0.0,0.08921717957641197,0.0,0.0,0.18170928596756294
intent_com.qihoo.appstore.launcher.shortcut.HAOWU,0,0.05412890090556248,0.07249558350821089,438.8,173.62303994573992,"pearson_r, mutual_information, entropy_reduction_ratio",0.0,0.08893521856024944,0.0,0.0,0.18170928596756294
intent_com.mobutils.android.mediation.MaterialNotificationReceiver.ACTION_AD_EXPIRES,0,0.053826436728192394,0.07235274865571406,439.0,173.22701867780324,"pearson_r, mutual_information, entropy_reduction_ratio",0.0,0.08742289767339904,0.0,0.0,0.18170928596756294
intent_com.umeng.message.unregistercallback.action,0,0.05381234987368756,0.07234621271967447,439.2,172.8310157350237,"pearson_r, mutual_information, entropy_reduction_ratio",0.0,0.08735246340087485,0.0,0.0,0.18170928596756294
intent_show_encourage,0,0.05373552176618002,0.07231074925774893,439.6,172.03906533110438,"pearson_r, mutual_information, entropy_reduction_ratio",0.0,0.08696832286333712,0.0,0.0,0.18170928596756294
perm_com.google.android.googleapps.permission.GOOGLE_AUTH.blogger,0,0.05372464701070275,0.07230575450188423,439.8,171.6431181259534,"pearson_r, mutual_information, entropy_reduction_ratio",0.0,0.0869139490859508,0.0,0.0,0.18170928596756294
intent_com.easou.eyou.START_EPAY_PROXY_ACTIVITY,0,0.053617778381473545,0.07225699984961106,440.0,171.2471897579636,"pearson_r, mutual_information, entropy_reduction_ratio",0.0,0.0863796059398048,0.0,0.0,0.18170928596756294
intent_com.kingroot.kinguser.ACTION_MAIN_START_CHECK,0,0.05348294147587614,0.07219634162706429,440.2,170.85128035809387,"pearson_r, mutual_information, entropy_reduction_ratio",0.0,0.08570542141181779,0.0,0.0,0.18170928596756294
perm_com.facebook.katana.permission.RECEIVE_ADM_MESSAGE,0,0.05334967552683205,0.07213733059135222,440.4,170.45539005851356,"pearson_r, mutual_information, entropy_reduction_ratio",0.0,0.08503909166659733,0.0,0.0,0.18170928596756294
intent_com.xiaomi.mipush.ERROR,0,0.05334433527109426,0.0721349854075443,440.6,170.05951899261623,"pearson_r, mutual_information, entropy_reduction_ratio",0.0,0.08501239038790835,0.0,0.0,0.18170928596756294
intent_android.intent.action.CAL,0,0.05329625608766007,0.07211393913603817,440.8,169.66366729503403,"pearson_r, mutual_information, entropy_reduction_ratio",0.0,0.08477199447073738,0.0,0.0,0.18170928596756294
intent_com.getui.gis.action.64kVIzqls49c7TJxrBbWG4,0,0.05317462246799437,0.07206124048809859,441.0,169.26783510165183,"pearson_r, mutual_information, entropy_reduction_ratio",0.0,0.08416382637240892,0.0,0.0,0.18170928596756294
perm_com.android.voicemail.permission.READ_WRITE_ALL_VOICEMAIL,0,0.05313025366034287,0.07204221225776825,441.2,168.87202254962187,"pearson_r, mutual_information, entropy_reduction_ratio",0.0,0.08394198233415141,0.0,0.0,0.18170928596756294
perm_com.android.launcher.permission.UNINSTALL_SHORTCUT,0,0.05295053439364892,0.07196620471087077,441.4,168.4762297773784,"pearson_r, mutual_information, entropy_reduction_ratio",0.0,0.08304338600068166,0.0,0.0,0.18170928596756294
perm_android.permission.GET_TASKS,0,0.05281871694615133,0.07017512999487363,251.4,347.70999410428226,"pearson_r, mutual_information, entropy_reduction_ratio",0.00085223341042941,0.08718488721236857,4.917307282532085e-05,2.4636312524229622e-05,0.17598265472260916
intent_com.qihoo.appstore.ACTION_NOTIFY_UNINSTALL,0,0.05269608005122384,0.07186152722425086,441.6,168.0804569246526,"pearson_r, mutual_information, entropy_reduction_ratio",0.0,0.08177111428855621,0.0,0.0,0.18170928596756294
intent_android.intent.action.SENT_SMS_ACTION,0,0.05260858318772891,0.07182633061212779,441.8,167.68470413248787,"pearson_r, mutual_information, entropy_reduction_ratio",0.0,0.08133362997108161,0.0,0.0,0.18170928596756294
intent_com.qihoo.psdk.service.action.local,0,0.052519185601467865,0.07179079214788668,442.0,167.28897154325506,"pearson_r, mutual_information, entropy_reduction_ratio",0.0,0.0808866420397764,0.0,0.0,0.18170928596756294
intent_aspire.iap.SMS_SEND_ACTIOIN,0,0.05240410988123882,0.07174567579962715,442.2,166.89325930066798,"pearson_r, mutual_information, entropy_reduction_ratio",0.0,0.08031126343863118,0.0,0.0,0.18170928596756294
intent_com.excelliance.kxqp.action.navback,0,0.05235283943276634,0.07172580348817151,442.4,166.49756754979936,"pearson_r, mutual_information, entropy_reduction_ratio",0.0,0.08005491119626879,0.0,0.0,0.18170928596756294
intent_com.qihoo.appstore.ACTION_UNINSTALL,0,0.05226657620600581,0.07169268659496879,442.6,166.10189643709674,"pearson_r, mutual_information, entropy_reduction_ratio",0.0,0.07962359506246608,0.0,0.0,0.18170928596756294
intent_com.qihoo360.mobilesafe.pcdaemon.sms.cancel.default.smsreceive,0,0.05223362004777225,0.07168014014462734,442.8,165.7062461103986,"pearson_r, mutual_information, entropy_reduction_ratio",0.0,0.07945881427129832,0.0,0.0,0.18170928596756294
perm_android.permission.SET_WALLPAPER_HINTS,0,0.052229869123976515,0.07167871586582322,443.0,165.31061671895122,"pearson_r, mutual_information, entropy_reduction_ratio",0.0,0.07944005965231962,0.0,0.0,0.18170928596756294
perm_android.permission.BROADCAST_PACKAGE_REPLACED,0,0.052218098128680966,0.07167425116699398,443.2,164.91500841342489,"pearson_r, mutual_information, entropy_reduction_ratio",0.0,0.0793812046758419,0.0,0.0,0.18170928596756294
perm_android.permission.MANAGE_USERS,0,0.05218598112021605,0.07166210721791855,443.4,164.51942134593108,"pearson_r, mutual_information, entropy_reduction_ratio",0.0,0.07922061963351731,0.0,0.0,0.18170928596756294
intent_com.sogou.androidtool.action.wap,0,0.0520647085757354,0.07161675306958133,443.6,164.12385567003963,"pearson_r, mutual_information, entropy_reduction_ratio",0.0,0.07861425691111404,0.0,0.0,0.18170928596756294
intent_com.example.servicejar.action.START_ASSIST,0,0.05200440084515601,0.07159449407812607,444.0,163.3327891147396,"pearson_r, mutual_information, entropy_reduction_ratio",0.0,0.0783127182582171,0.0,0.0,0.18170928596756294
intent_android.intent.action.INPUT_METHOD_CHANGED,0,0.051961511059279555,0.07157878333861596,444.2,162.93728854992034,"pearson_r, mutual_information, entropy_reduction_ratio",0.0,0.07809826932883482,0.0,0.0,0.18170928596756294
intent_com.sogou.androidtool.action.update,0,0.051949924880699626,0.07157455630946684,444.4,162.5418100059182,"pearson_r, mutual_information, entropy_reduction_ratio",0.0,0.0780403384359352,0.0,0.0,0.18170928596756294
intent_com.qihoo.appstore.notification.click_action,0,0.05170910594932757,0.07148834139148155,444.6,162.1463536438609,"pearson_r, mutual_information, entropy_reduction_ratio",0.0,0.0768362437790749,0.0,0.0,0.18170928596756294
intent_com.sogou.androidtool.highspeed,0,0.05163722109813298,0.07146321503756087,444.8,161.7509196264429,"pearson_r, mutual_information, entropy_reduction_ratio",0.0,0.07647681952310195,0.0,0.0,0.18170928596756294
intent_android.intent.action.START_PCM_PLAY_SERVICE,0,0.05158008207067566,0.07144344296004801,445.0,161.35550811794434,"pearson_r, mutual_information, entropy_reduction_ratio",0.0,0.07619112438581532,0.0,0.0,0.18170928596756294
intent_com.qihoo360.mobilesafe.pcdaemon.filehandle,0,0.051350039567743755,0.0713656363290511,445.2,160.96011928425003,"pearson_r, mutual_information, entropy_reduction_ratio",0.0,0.07504091187115583,0.0,0.0,0.18170928596756294
perm_net.qihoo.launcher.permission.WRITE_SETTINGS,0,0.051318258761398894,0.07135511375283034,445.4,160.56475329286937,"pearson_r, mutual_information, entropy_reduction_ratio",0.0,0.07488200783943152,0.0,0.0,0.18170928596756294
intent_com.getui.gtc.sdk.service.action,0,0.05119747997879204,0.07131562666682577,445.6,160.16941031295582,"pearson_r, mutual_information, entropy_reduction_ratio",0.0,0.07427811392639724,0.0,0.0,0.18170928596756294
intent_com.qihoo.appstore.PACKAGE_ADDED,0,0.051167409097259066,0.07130591920658093,445.8,159.77409051532732,"pearson_r, mutual_information, entropy_reduction_ratio",0.0,0.07412775951873239,0.0,0.0,0.18170928596756294
intent_com.qihoo.appstore.ACTION_GAME_UNION_DETAIL,0,0.05100973462371881,0.07125582808812106,446.0,159.3787940724863,"pearson_r, mutual_information, entropy_reduction_ratio",0.0,0.0733393871510311,0.0,0.0,0.18170928596756294
perm_com.fx.launcher.permission.WRITE_SETTINGS,0,0.05092771359616668,0.07123030916842463,446.2,158.98352115864085,"pearson_r, mutual_information, entropy_reduction_ratio",0.0,0.07292928201327042,0.0,0.0,0.18170928596756294
perm_com.motorola.mmsp.motoswitch.permission.READ_SETTINGS,0,0.05091617372119852,0.07122674838996192,446.4,158.5882719497252,"pearson_r, mutual_information, entropy_reduction_ratio",0.0,0.07287158263842965,0.0,0.0,0.18170928596756294
perm_com.google.android.launcher.permission.READ_SETTINGS,0,0.0508725584917028,0.07121335629615223,446.6,158.19304662342145,"pearson_r, mutual_information, entropy_reduction_ratio",0.0,0.07265350649095109,0.0,0.0,0.18170928596756294
intent_cn.jpush.android.intent.MESSAGE_RECEIVED,0,0.05085905032807799,0.0712092297643059,446.8,157.797845359181,"pearson_r, mutual_information, entropy_reduction_ratio",0.0,0.072585965672827,0.0,0.0,0.18170928596756294
intent_com.areametrics.areametricssdk.AMLocationUpdatesBroadcastReceiver.ACTION_PROCESS_UPDATES,0,0.050709237051062936,0.07116413576319984,447.0,157.4026683382464,"pearson_r, mutual_information, entropy_reduction_ratio",0.0,0.07183689928775178,0.0,0.0,0.18170928596756294
suspicious_system/bin/su,0,0.05059430319069984,0.06761963498112442,245.7,363.2778000373819,"pearson_r, mutual_information, entropy_reduction_ratio",0.0025618671565171484,0.07841738667799497,0.0001475192184759626,7.421054467823343e-05,0.17177053235583292
perm_ACCESS_WIFI_STATE,0,0.050519308251382455,0.07110874072616946,447.2,157.00751574367388,"pearson_r, mutual_information, entropy_reduction_ratio",0.0,0.07088725528934933,0.0,0.0,0.18170928596756294
perm_android.permission.USE_SIP,0,0.05050030267146155,0.0711033068374415,447.4,156.61238776035566,"pearson_r, mutual_information, entropy_reduction_ratio",0.0,0.07079222738974482,0.0,0.0,0.18170928596756294
intent_com.excelliance.kxqp.action.gp,0,0.05034791877856494,0.07106045877741528,447.6,156.21728457504312,"pearson_r, mutual_information, entropy_reduction_ratio",0.0,0.07003030792526176,0.0,0.0,0.18170928596756294
intent_android.intent.action.SEND_TO_KPSH,0,0.05009067465542778,0.07099103564491589,448.2,155.0321257030297,"pearson_r, mutual_information, entropy_reduction_ratio",0.0,0.06874408730957594,0.0,0.0,0.18170928596756294
intent_com.kingroot.kinguser.service.IKCommonManagerInterface,0,0.049980642161773246,0.07096245914226304,448.4,154.63712361525612,"pearson_r, mutual_information, entropy_reduction_ratio",0.0,0.0681939248413033,0.0,0.0,0.18170928596756294
perm_android.permission.RAISED_THREAD_PRIORITY,0,0.04969422840515866,0.07089122420618937,448.6,154.24214728795758,"pearson_r, mutual_information, entropy_reduction_ratio",0.0,0.06676185605823035,0.0,0.0,0.18170928596756294
intent_com.qihoo.appstore.launcher.shortcut.VIDEO,0,0.049566863090112184,0.07086101120926697,448.8,153.84719691954092,"pearson_r, mutual_information, entropy_reduction_ratio",0.0,0.06612502948299798,0.0,0.0,0.18170928596756294
perm_com.yulong.android.launcher.permission.READ_SETTINGS,0,0.04949556358115683,0.07084449213463062,449.0,153.45227271044243,"pearson_r, mutual_information, entropy_reduction_ratio",0.0,0.0657685319382212,0.0,0.0,0.18170928596756294
intent_com.snipermob.sdk.notification,0,0.04941676611098874,0.07082656538687751,449.2,153.05737486315385,"pearson_r, mutual_information, entropy_reduction_ratio",0.0,0.06537454458738075,0.0,0.0,0.18170928596756294
intent_com.amazon.device.messaging.intent.REGISTRATION,0,0.04926848985802969,0.0707937708325693,449.4,152.6625035822484,"pearson_r, mutual_information, entropy_reduction_ratio",0.0,0.0646331633225855,0.0,0.0,0.18170928596756294
intent_com.esbook.receiver.CLICK_BOOK_UPDATE,0,0.049186571541647066,0.0707761791478786,449.6,152.26765907440753,"pearson_r, mutual_information, entropy_reduction_ratio",0.0,0.06422357174067239,0.0,0.0,0.18170928596756294
intent_com.qihoo.appstore.ACTION_STAT,0,0.04897643759701777,0.07073276886660752,449.8,151.872841548448,"pearson_r, mutual_information, entropy_reduction_ratio",0.0,0.06317290201752594,0.0,0.0,0.18170928596756294
intent_com.sogou.passport.service.upload,0,0.048911861595951844,0.07071992484422955,450.0,151.47805121534935,"pearson_r, mutual_information, entropy_reduction_ratio",0.0,0.06285002201219628,0.0,0.0,0.18170928596756294
perm_com.tencent.qqlauncher.permission.WRITE_SETTINGS,0,0.048869403909221586,0.07071160736751093,450.2,151.08328828828155,"pearson_r, mutual_information, entropy_reduction_ratio",0.0,0.06263773357854499,0.0,0.0,0.18170928596756294
intent_,0,0.04885631956631596,0.07070906449815245,450.4,150.6885529826337,"pearson_r, mutual_information, entropy_reduction_ratio",0.0,0.06257231186401686,0.0,0.0,0.18170928596756294
perm_com.sec.android.permission.LAUNCH_PERSONAL_PAGE_SERVICE,0,0.04868299703673305,0.07067628586760466,450.8,149.89916610842104,"pearson_r, mutual_information, entropy_reduction_ratio",0.0,0.06170569921610235,0.0,0.0,0.18170928596756294
intent_com.punchbox.service,0,0.048676957930859716,0.07067517413468562,451.0,149.50451498198976,"pearson_r, mutual_information, entropy_reduction_ratio",0.0,0.06167550368673563,0.0,0.0,0.18170928596756294
intent_com.mobiletool.appstore.action.backtomarket,0,0.04860184182126316,0.0706615171667905,451.2,149.10989236130513,"pearson_r, mutual_information, entropy_reduction_ratio",0.0,0.06129992313875285,0.0,0.0,0.18170928596756294
intent_cn.jpush.android.intent.ACTION_RICHPUSH_CALLBACK,0,0.04854970239835606,0.07065222389370678,451.4,148.7152984732909,"pearson_r, mutual_information, entropy_reduction_ratio",0.0,0.06103922602421736,0.0,0.0,0.18170928596756294
intent_com.qihoo.appstore.OPEN_BROWSER,0,0.048514478154848925,0.07064603199099595,451.6,148.3207335472691,"pearson_r, mutual_information, entropy_reduction_ratio",0.0,0.06086310480668167,0.0,0.0,0.18170928596756294
intent_com.kinguser.kingroot.ACTION_INSTALL,0,0.04834025288379734,0.07061643129047272,451.8,147.92619781499153,"pearson_r, mutual_information, entropy_reduction_ratio",0.0,0.05999197845142376,0.0,0.0,0.18170928596756294
perm_android.permission.CHANGE_COMPONENT_ENABLED_STATE,0,0.048316436620677604,0.07061251755840302,452.0,147.5316915106717,"pearson_r, mutual_information, entropy_reduction_ratio",0.0,0.059872897135825096,0.0,0.0,0.18170928596756294
intent_com.qihoo.appstore.CHECK_STORAGE,0,0.048180204046928084,0.07059074401416626,452.2,147.1372148710176,"pearson_r, mutual_information, entropy_reduction_ratio",0.0,0.05919173426707747,0.0,0.0,0.18170928596756294
perm_com.miui.mihome2.permission.READ_SETTINGS,0,0.048174602821810256,0.07058987115620152,452.4,146.7427681352645,"pearson_r, mutual_information, entropy_reduction_ratio",0.0,0.05916372814148832,0.0,0.0,0.18170928596756294
perm_com.ztemt.launcher.permission.READ_SETTINGS,0,0.048139557922590503,0.07058445010659427,452.6,146.34835154520874,"pearson_r, mutual_information, entropy_reduction_ratio",0.0,0.05898850364538956,0.0,0.0,0.18170928596756294
intent_com.igexin.sdk.action.64kVIzqls49c7TJxrBbWG4,0,0.04805410546484764,0.07057152164427637,452.8,145.95396534524164,"pearson_r, mutual_information, entropy_reduction_ratio",0.0,0.05856124135667525,0.0,0.0,0.18170928596756294
intent_com.mobiletool.appstore.intent.action.COMMAND,0,0.048030856949100025,0.07056807549121642,453.0,145.55960978238434,"pearson_r, mutual_information, entropy_reduction_ratio",0.0,0.05844499877793718,0.0,0.0,0.18170928596756294
intent_com.kingroot.kinguser.service.IKingrootAppList,0,0.04798165962756259,0.07056088338641761,453.2,145.16528510632287,"pearson_r, mutual_information, entropy_reduction_ratio",0.0,0.058199012170249996,0.0,0.0,0.18170928596756294
intent_android.intent.action.DATA_SMS_RECEIVED,0,0.04782869402937686,0.07053939361294088,453.4,144.7709915694439,"pearson_r, mutual_information, entropy_reduction_ratio",0.0,0.05743418417932137,0.0,0.0,0.18170928596756294
intent_com.qihoo360.daemon.pcdaemon.NotifyServiceStart2,0,0.047810727831087176,0.07053695622960438,453.6,144.3767294268713,"pearson_r, mutual_information, entropy_reduction_ratio",0.0,0.057344353187872926,0.0,0.0,0.18170928596756294
perm_cn.swiftpass.wxpay.permission.MM_MESSAGE,0,0.04780233035214867,0.07053582323451998,453.8,143.98249893650268,"pearson_r, mutual_information, entropy_reduction_ratio",0.0,0.0573023657931804,0.0,0.0,0.18170928596756294
perm_android.permission.UPDATE_APP_OPS_STATS,0,0.04778412922217364,0.07053338118746555,454.0,143.58830035904737,"pearson_r, mutual_information, entropy_reduction_ratio",0.0,0.05721136014330528,0.0,0.0,0.18170928596756294
intent_com.qihoo.appstore.launcher.shortcut.WEBVIEW,0,0.0476871337736596,0.07052068276202074,454.2,143.19413395806407,"pearson_r, mutual_information, entropy_reduction_ratio",0.0,0.05672638290073507,0.0,0.0,0.18170928596756294
perm_com.google.android.googleapps.permission.GOOGLE_AUTH.sierra,0,0.04762259852443623,0.07051252836216215,454.4,142.8,"pearson_r, mutual_information, entropy_reduction_ratio",0.0,0.056403706654618226,0.0,0.0,0.18170928596756294
perm_android.permission.ACCESS_WIFI_STATE.android.permission.READ_PHONE_STATE,0,0.04753814300129018,0.07050221245325858,454.6,142.40589875422998,"pearson_r, mutual_information, entropy_reduction_ratio",0.0,0.055981429038887975,0.0,0.0,0.18170928596756294
perm_android.permission.READ_CONTACTS,0,0.04752425480426416,0.06739798727666928,256.8,354.12675696704986,"pearson_r, mutual_information, entropy_reduction_ratio",0.0017061868103528408,0.0621648890233003,9.83461456506417e-05,4.9372774331370116e-05,0.17360247926768563
intent_com.excelliance.dualaid.action.appcrash,0,0.04750528941026964,0.07049830844570303,454.8,142.01183049309657,"pearson_r, mutual_information, entropy_reduction_ratio",0.0,0.05581716108378525,0.0,0.0,0.18170928596756294
intent_android.intent.action.ACTION_POWER_CONNECTED,0,0.047406429114572594,0.07048692899364296,455.0,141.6177954919508,"pearson_r, mutual_information, entropy_reduction_ratio",0.0,0.055322859605300034,0.0,0.0,0.18170928596756294
perm_com.google.android.googleapps.permission.GOOGLE_AUTH.speechpersonalization,0,0.04729171891847916,0.07047441806842618,455.2,141.22379402919324,"pearson_r, mutual_information, entropy_reduction_ratio",0.0,0.054749308624832856,0.0,0.0,0.18170928596756294
intent_com.excelliance.dualaid.SHORTCUT_ALARM,0,0.04724443729465337,0.07046947800565032,455.4,140.82982638631634,"pearson_r, mutual_information, entropy_reduction_ratio",0.0,0.05451290050570389,0.0,0.0,0.18170928596756294
perm_com.xgbuy.xg.permission.JPUSH_MESSAGE,0,0.047236492082481145,0.0704686602961179,455.6,140.4358928479468,"pearson_r, mutual_information, entropy_reduction_ratio",0.0,0.05447317444484279,0.0,0.0,0.18170928596756294
perm_android.permission.GET_INTENT_SENDER_INTENT,0,0.04718738189578711,0.07046368526785758,455.8,140.04199370188928,"pearson_r, mutual_information, entropy_reduction_ratio",0.0,0.05422762351137261,0.0,0.0,0.18170928596756294
intent_com.meizu.flyme.push.intent.REGISTER.FEEDBACK,0,0.047185865154598786,0.07046353379075475,456.0,139.64812923917026,"pearson_r, mutual_information, entropy_reduction_ratio",0.0,0.054220039805430956,0.0,0.0,0.18170928596756294
perm_android.permission.LOCAL_MAC_ADDRESS,0,0.04712854460596662,0.0704579046762086,456.2,139.254299754083,"pearson_r, mutual_information, entropy_reduction_ratio",0.0,0.05393343706227014,0.0,0.0,0.18170928596756294
intent_com.qihoo.appstore.launcher.shortcut.VIDEOWALLPAPER,0,0.04685607959703341,0.07043369286015237,456.6,138.466746910585,"pearson_r, mutual_information, entropy_reduction_ratio",0.0,0.05257111201760411,0.0,0.0,0.18170928596756294
perm_android.permission.WRITE_SYNC_SETTINGS,0,0.046842496511728816,0.07043259595083323,456.8,138.07302415750877,"pearson_r, mutual_information, entropy_reduction_ratio",0.0,0.05250319659108112,0.0,0.0,0.18170928596756294
perm_android.permission.EXPAND_STATUS_BAR,0,0.046747459092995214,0.0704252138382954,457.0,137.67933759282835,"pearson_r, mutual_information, entropy_reduction_ratio",0.0,0.05202800949741314,0.0,0.0,0.18170928596756294
intent_com.amir.nightjar.service.CONFIG_SERVICES,0,0.046741261621762405,0.07042475023516792,457.2,137.28568752787012,"pearson_r, mutual_information, entropy_reduction_ratio",0.0,0.05199702214124907,0.0,0.0,0.18170928596756294
intent_com.qihoo.appstore.ACTION_GET_SIGNIN_FOR_NOTIFYCATION,0,0.046740270169490145,0.07042467627150498,457.4,136.89207427751248,"pearson_r, mutual_information, entropy_reduction_ratio",0.0,0.05199206487988777,0.0,0.0,0.18170928596756294
intent_com.mobiletool.appstore.action.service,0,0.046587584266414475,0.07041395124440906,457.6,136.49849816023618,"pearson_r, mutual_information, entropy_reduction_ratio",0.0,0.05122863536450942,0.0,0.0,0.18170928596756294
intent_com.qihoo.appstore.battery.NOTIFY,0,0.04650389150716563,0.07040863372497289,458.0,135.71145861717056,"pearson_r, mutual_information, entropy_reduction_ratio",0.0,0.05081017156826519,0.0,0.0,0.18170928596756294
perm_org.adw.launcher.permission.WRITE_SETTINGS,0,0.04644410938822528,0.07040507880494677,458.4,134.92457152053512,"pearson_r, mutual_information, entropy_reduction_ratio",0.0,0.050511260973563496,0.0,0.0,0.18170928596756294
perm_com.google.android.googleapps.permission.GOOGLE_AUTH.knol,0,0.04643932927228641,0.0704048033163687,458.6,134.53118597559452,"pearson_r, mutual_information, entropy_reduction_ratio",0.0,0.05048736039386912,0.0,0.0,0.18170928596756294
intent_show_notificationcenter,0,0.04637336463769663,0.07040113409286203,458.8,134.1378395531999,"pearson_r, mutual_information, entropy_reduction_ratio",0.0,0.050157537220920215,0.0,0.0,0.18170928596756294
intent_com.secneo.plugin.action.HOURLY,0,0.04630493931137649,0.07039758904376307,459.0,133.74453259853277,"pearson_r, mutual_information, entropy_reduction_ratio",0.0,0.049815410589319514,0.0,0.0,0.18170928596756294
perm_com.sec.android.provider.badge.permission.READ,0,0.046276899303720954,0.0703962131144826,459.2,133.3512654608122,"pearson_r, mutual_information, entropy_reduction_ratio",0.0,0.049675210551041814,0.0,0.0,0.18170928596756294
perm_com.yulong2.android.launcher.permission.READ_SETTINGS,0,0.046211768108074994,0.07039318942199456,459.4,132.95803849335326,"pearson_r, mutual_information, entropy_reduction_ratio",0.0,0.049349554572812045,0.0,0.0,0.18170928596756294
intent_android.intent.action.defaultSmsSet,0,0.04610983531720249,0.07038894083244328,459.6,132.56485205362696,"pearson_r, mutual_information, entropy_reduction_ratio",0.0,0.04883989061844951,0.0,0.0,0.18170928596756294
intent_com.qihoo360.daemon.pcdaemon.ACTION_START_FROM_NOTIFICATION,0,0.045720377968326335,0.07037814447269662,460.0,131.77860220840103,"pearson_r, mutual_information, entropy_reduction_ratio",0.0,0.04689260387406874,0.0,0.0,0.18170928596756294
intent_LOCATION_SERVICE,0,0.04570636390547973,0.07037791663370378,460.2,131.38553953917454,"pearson_r, mutual_information, entropy_reduction_ratio",0.0,0.04682253355983573,0.0,0.0,0.18170928596756294
perm_com.tencent.msf.permission.account.sync,0,0.04565722835871771,0.07037720596681778,460.4,130.99251887035382,"pearson_r, mutual_information, entropy_reduction_ratio",0.0,0.04657685582602561,0.0,0.0,0.18170928596756294
perm_com.android.browser.permission.WRITE_HISTORY_BOOKMARKS,0,0.04563064939192303,0.07037687873134159,460.6,130.5995405811215,"pearson_r, mutual_information, entropy_reduction_ratio",0.0,0.046443960992052225,0.0,0.0,0.18170928596756294
intent_com.telecom.sdk_auth_ui.SMS_SEND_ACTIOIN,0,0.04553706635990888,0.07037604611492793,460.8,130.2066050551968,"pearson_r, mutual_information, entropy_reduction_ratio",0.0,0.04597604583198146,0.0,0.0,0.18170928596756294
perm_com.google.android.googleapps.permission.GOOGLE_AUTH.notebook,0,0.045465190307364296,0.07037574459439117,461.0,129.81371268090285,"pearson_r, mutual_information, entropy_reduction_ratio",0.0,0.04561666556925854,0.0,0.0,0.18170928596756294
intent_com.gtp.nextlauncher.theme,0,0.04540820356363856,0.070375714227331,461.2,129.42086385123537,"pearson_r, mutual_information, entropy_reduction_ratio",0.0,0.045331731850629844,0.0,0.0,0.18170928596756294
intent_com.mobiletool.appstore.action.main,0,0.045370986257666925,0.0703757940321862,461.4,129.02805896393232,"pearson_r, mutual_information, entropy_reduction_ratio",0.0,0.04514564532077168,0.0,0.0,0.18170928596756294
intent_com.urbanairship.actions.SHOW_LANDING_PAGE_INTENT_ACTION,0,0.04529963297393792,0.07037616719072375,461.6,128.63529842154523,"pearson_r, mutual_information, entropy_reduction_ratio",0.0,0.04478887890212667,0.0,0.0,0.18170928596756294
intent_com.cootek.usage.alarm_operation,0,0.045258776089593104,0.07037651114709209,461.8,128.2425826315113,"pearson_r, mutual_information, entropy_reduction_ratio",0.0,0.04458459448040258,0.0,0.0,0.18170928596756294
intent_com.mobutils.android.mediation.MaterialNotificationReceiver.ACTION_CLICK_NOTIFICATION,0,0.04525280820883014,0.07037656932935915,462.0,127.84991200622706,"pearson_r, mutual_information, entropy_reduction_ratio",0.0,0.044554755076587745,0.0,0.0,0.18170928596756294
intent_com.baidu.action.Xshield.VIEW,0,0.045178552484739204,0.0703774625508899,462.2,127.45728696312344,"pearson_r, mutual_information, entropy_reduction_ratio",0.0,0.044183476456133075,0.0,0.0,0.18170928596756294
perm_android.permission.PREVENT_POWER_KEY,0,0.045143050977851894,0.07037800032628692,462.4,127.06470792474202,"pearson_r, mutual_information, entropy_reduction_ratio",0.0,0.044005968921696524,0.0,0.0,0.18170928596756294
intent_com.cootek.smartinputv5.action.SP.DESTROY,0,0.04512512932155928,0.07037829900940681,462.6,126.67217531881262,"pearson_r, mutual_information, entropy_reduction_ratio",0.0,0.04391636064023347,0.0,0.0,0.18170928596756294
intent_com.excelliance.kxqp.action.SmtCntService,0,0.044974443161916,0.07038153228051575,462.8,126.27968957833242,"pearson_r, mutual_information, entropy_reduction_ratio",0.0,0.043162929842017035,0.0,0.0,0.18170928596756294
perm_com.android.broswer.permission.WRITE_HISTORY_BOOKMARKS,0,0.04487399341557734,0.07038440437246296,463.0,125.88725114164659,"pearson_r, mutual_information, entropy_reduction_ratio",0.0,0.04266068111032373,0.0,0.0,0.18170928596756294
perm_com.android.vending.BILLING,0,0.04484612348634136,0.060500119759239586,252.8,371.0740626882995,"pearson_r, mutual_information, entropy_reduction_ratio",0.012090362077133494,0.05110007179931349,0.0006884230195544919,0.00035425180658460963,0.1599975087291207
suspicious_setWifiEnabled,0,0.044816991319107775,0.05969272339453391,252.6,372.1406185838896,"pearson_r, mutual_information, entropy_reduction_ratio",0.013846107582801782,0.050595016261852276,0.0007867691652051336,0.00040655070914606423,0.1584505128765336
intent_android.view.InputMethod,0,0.04480612913844777,0.06702575139614303,266.0,351.927265212572,"pearson_r, mutual_information, entropy_reduction_ratio",0.0017061868103528408,0.04857426069421837,9.83461456506417e-05,4.9372774331370116e-05,0.17360247926768563
perm_com.google.android.googleapps.permission.GOOGLE_AUTH.speech,0,0.04474861832683176,0.07038879344733279,463.2,125.49486045253009,"pearson_r, mutual_information, entropy_reduction_ratio",0.0,0.04203380566659587,0.0,0.0,0.18170928596756294
intent_com.mobiletool.appstore.action.update,0,0.04471187733738955,0.0703902488444179,463.4,125.10251796027129,"pearson_r, mutual_information, entropy_reduction_ratio",0.0,0.04185010071938481,0.0,0.0,0.18170928596756294
intent_android.fbreader.action.PLUGIN,0,0.04465728685180573,0.07039255290450801,463.6,124.71022411975693,"pearson_r, mutual_information, entropy_reduction_ratio",0.0,0.04157714829146569,0.0,0.0,0.18170928596756294
intent_com.sogou.androidtool.action.appdetail,0,0.04458607970076704,0.07039581267398487,463.8,124.31797939155865,"pearson_r, mutual_information, entropy_reduction_ratio",0.0,0.04122111253627225,0.0,0.0,0.18170928596756294
perm_android.permission.READ_SYNC_STATS,0,0.044567596946076427,0.0703967058618863,464.0,123.92578424202124,"pearson_r, mutual_information, entropy_reduction_ratio",0.0,0.04112869876281919,0.0,0.0,0.18170928596756294
perm_android.permission.MANAGE_ACCOUNTS,0,0.044450458283424296,0.07040281768465277,464.2,123.53363914335237,"pearson_r, mutual_information, entropy_reduction_ratio",0.0,0.04054300544955856,0.0,0.0,0.18170928596756294
perm_android.permission.PERSISTENT_ACTIVITY,0,0.04438433218674497,0.07040661188971407,464.6,122.74950101731574,"pearson_r, mutual_information, entropy_reduction_ratio",0.0,0.040212374966161916,0.0,0.0,0.18170928596756294
perm_android.permission.MODIFY_PHONE_STATE,0,0.044376059396889087,0.07040710403784396,464.8,122.3575089645094,"pearson_r, mutual_information, entropy_reduction_ratio",0.0,0.040171011016882474,0.0,0.0,0.18170928596756294
intent_com.qihoo360.mobilesafe.pcdaemon.sms.restore.end,0,0.04431194580763368,0.07041104986217975,465.0,121.96556891188595,"pearson_r, mutual_information, entropy_reduction_ratio",0.0,0.03985044307060546,0.0,0.0,0.18170928596756294
intent_com.qihoo.appstore.ACTION_CLEAR_BACKGROUND,0,0.044295514295290085,0.07041209868444019,465.2,121.57368136237382,"pearson_r, mutual_information, entropy_reduction_ratio",0.0,0.039768285508887474,0.0,0.0,0.18170928596756294
perm_dianxin.permission.READ_SETTINGS,0,0.044276381518091414,0.07041333923568313,465.4,121.18184682533932,"pearson_r, mutual_information, entropy_reduction_ratio",0.0,0.03967262162289413,0.0,0.0,0.18170928596756294
intent_com.excelliance.dualaid.platform.gameplugin.action.START_FROM_SHORTCUT,0,0.044232895115357024,0.0704162361142803,465.6,120.79006581668875,"pearson_r, mutual_information, entropy_reduction_ratio",0.0,0.039455189609222174,0.0,0.0,0.18170928596756294
intent_com.secneo.proxy.action.CUSTOM,0,0.04420243255726954,0.07041832930874506,465.8,120.39833885897264,"pearson_r, mutual_information, entropy_reduction_ratio",0.0,0.03930287681878476,0.0,0.0,0.18170928596756294
perm_android.permission.RECEIVE_SMS,0,0.04407351781205658,0.07042777029439712,466.0,120.00666648149178,"pearson_r, mutual_information, entropy_reduction_ratio",0.0,0.03865830309271997,0.0,0.0,0.18170928596756294
intent_com.mobiletool.appstore.action.sdk,0,0.044044596052818075,0.07043001781616748,466.2,119.61504922040537,"pearson_r, mutual_information, entropy_reduction_ratio",0.0,0.038513694296527436,0.0,0.0,0.18170928596756294
perm_com.majeur.launcher.permission.UPDATE_BADGE,0,0.044037802201391744,0.07043055264912317,466.4,119.22348761884129,"pearson_r, mutual_information, entropy_reduction_ratio",0.0,0.03847972503939578,0.0,0.0,0.18170928596756294
intent_download.service.action,0,0.04400915192181346,0.07043283687843482,466.6,118.83198222700823,"pearson_r, mutual_information, entropy_reduction_ratio",0.0,0.03833647364150436,0.0,0.0,0.18170928596756294
intent_com.excelliance.kxqp.platform.action.BADGE_REPORT,0,0.0440028668727512,0.0704333441977178,466.8,118.44053360231034,"pearson_r, mutual_information, entropy_reduction_ratio",0.0,0.038305048396193045,0.0,0.0,0.18170928596756294
intent_com.qihoo.appstore.ACTION_STABLE_NOTIFICATION_CLICK,0,0.043901182810714603,0.07044186317895745,467.0,118.04914230946365,"pearson_r, mutual_information, entropy_reduction_ratio",0.0,0.03779662808601007,0.0,0.0,0.18170928596756294
intent_com.baidu.android.pushservice.action.media.CLICK,0,0.043853666197941635,0.07044604499163122,467.2,117.6578089206152,"pearson_r, mutual_information, entropy_reduction_ratio",0.0,0.037559045022145215,0.0,0.0,0.18170928596756294
perm_com.google.android.gms.permission.ACTIVITY_RECOGNITION,0,0.04378998933974367,0.07045184963740876,467.4,117.26653401546409,"pearson_r, mutual_information, entropy_reduction_ratio",0.0,0.03724066073115544,0.0,0.0,0.18170928596756294
intent_com.evernote.android.job.ADD_JOB_CREATOR,0,0.043782978271505166,0.07045250279111416,467.6,116.87531818138507,"pearson_r, mutual_information, entropy_reduction_ratio",0.0,0.03720560538996291,0.0,0.0,0.18170928596756294
intent_com.snowfish.a.a.s.ABGSvc,0,0.043777031130503664,0.0704530590118966,467.8,116.48416201355445,"pearson_r, mutual_information, entropy_reduction_ratio",0.0,0.037175869684955384,0.0,0.0,0.18170928596756294
perm_android.permission.SYSTEM_OVERLAY_WINDOW,0,0.04366748564641319,0.07046366283296907,468.0,116.09306611507856,"pearson_r, mutual_information, entropy_reduction_ratio",0.0,0.03662814226450305,0.0,0.0,0.18170928596756294
intent_com.qihoo.appstore.free.wifi,0,0.04347206341589065,0.07048426652524158,468.2,115.70203109712466,"pearson_r, mutual_information, entropy_reduction_ratio",0.0,0.03565103111189027,0.0,0.0,0.18170928596756294
perm_com.huawei.authentication.HW_ACCESS_AUTH_SERVICE,0,0.043435900854704244,0.07048831616405007,468.4,115.3110575790544,"pearson_r, mutual_information, entropy_reduction_ratio",0.0,0.03547021830595829,0.0,0.0,0.18170928596756294
intent_android.intent.action.BATTERY_CHANGED,0,0.04343090854293362,0.07048888103578671,468.6,114.92014618856001,"pearson_r, mutual_information, entropy_reduction_ratio",0.0,0.03544525674710514,0.0,0.0,0.18170928596756294
perm_com.google.android.googleapps.permission.GOOGLE_AUTH.grandcentral,0,0.043396753485814406,0.07049278343728128,468.8,114.52929756180293,"pearson_r, mutual_information, entropy_reduction_ratio",0.0,0.03527448146150908,0.0,0.0,0.18170928596756294
intent_com.Remind.alarm.repeat,0,0.043369578829000076,0.07049593541824206,469.0,114.13851234355563,"pearson_r, mutual_information, entropy_reduction_ratio",0.0,0.035138608177437455,0.0,0.0,0.18170928596756294
intent_com.sina.weibo.sdk.action.ACTION_SDK_REQ_ACTIVITY,0,0.04326598167159004,0.07050833461585591,469.4,113.35713475560328,"pearson_r, mutual_information, entropy_reduction_ratio",0.0,0.03462062239038727,0.0,0.0,0.18170928596756294
perm_com.sec.android.provider.badge.permission.WRITE,0,0.043246668615896676,0.07051071322067703,469.6,112.96654371981113,"pearson_r, mutual_information, entropy_reduction_ratio",0.0,0.03452405711192043,0.0,0.0,0.18170928596756294
intent_com.meizu.c2dm.intent.RECEIVE,0,0.043167343108159464,0.07052070405353285,469.8,112.5760187606579,"pearson_r, mutual_information, entropy_reduction_ratio",0.0,0.03412742957323437,0.0,0.0,0.18170928596756294
perm_com.oppo.launcher.permission.WRITE_SETTINGS,0,0.04314882782059274,0.07052308717481684,470.2,111.79516984199273,"pearson_r, mutual_information, entropy_reduction_ratio",0.0,0.034034853135400736,0.0,0.0,0.18170928596756294
intent_com.meizu.flyme.push.intent.UNREGISTER.FEEDBACK,0,0.04312231987917633,0.0705265327431081,470.4,111.40484729130954,"pearson_r, mutual_information, entropy_reduction_ratio",0.0,0.03390231342831871,0.0,0.0,0.18170928596756294
perm_com.google.android.googleapps.permission.GOOGLE_AUTH.local,0,0.04309523407302769,0.07053009441325818,470.6,111.0145936352514,"pearson_r, mutual_information, entropy_reduction_ratio",0.0,0.033766884397575525,0.0,0.0,0.18170928596756294
perm_android.permission.BIND_DIRECTORY_SEARCH,0,0.04301449285995573,0.07054095731597762,470.8,110.62440960294431,"pearson_r, mutual_information, entropy_reduction_ratio",0.0,0.03336317833221571,0.0,0.0,0.18170928596756294
perm_com.tencent.mm.plugin.permission.WRITE,0,0.042975509405821496,0.07054633385972525,471.2,109.84425337722497,"pearson_r, mutual_information, entropy_reduction_ratio",0.0,0.033168261061544524,0.0,0.0,0.18170928596756294
intent_com.qihoo.appstore.launcher.shortcut.APP_GROUP,0,0.04290747669843996,0.07055592223306673,471.4,109.45428269373474,"pearson_r, mutual_information, entropy_reduction_ratio",0.0,0.032828097524636876,0.0,0.0,0.18170928596756294
perm_android.permission.BROADCAST_PACKAGE_ADDED,0,0.04290403862368307,0.07055641371808942,471.6,109.06438465420322,"pearson_r, mutual_information, entropy_reduction_ratio",0.0,0.03281090715085242,0.0,0.0,0.18170928596756294
intent_com.qihoo.appstore.ACTION_PACKAGE_REMOVED_NEED_CLEAR,0,0.04283109773073016,0.07056699796858511,472.0,108.28480964567468,"pearson_r, mutual_information, entropy_reduction_ratio",0.0,0.03244620268608785,0.0,0.0,0.18170928596756294
intent_show_lock_forget_pwd,0,0.04267035257697062,0.07059138192029943,472.2,107.89513427397918,"pearson_r, mutual_information, entropy_reduction_ratio",0.0,0.03164247691729016,0.0,0.0,0.18170928596756294
perm_com.google.android.googleapps.permission.GOOGLE_AUTH.wise,0,0.04265569977184418,0.07059367704591092,472.4,107.50553474124018,"pearson_r, mutual_information, entropy_reduction_ratio",0.0,0.031569212891657955,0.0,0.0,0.18170928596756294
intent_com.qihoo.accountcenter.action.START_ACCOUNT_SERVICE,0,0.04262867789409154,0.07059794129417829,472.6,107.11601187497601,"pearson_r, mutual_information, entropy_reduction_ratio",0.0,0.03143410350289476,0.0,0.0,0.18170928596756294
intent_android.media.browse.MediaBrowserService,0,0.04254700924465235,0.07061107905699077,472.8,106.72656651462185,"pearson_r, mutual_information, entropy_reduction_ratio",0.0,0.031025760255698816,0.0,0.0,0.18170928596756294
intent_android.intent.action.PACKAGE_REPLACED,0,0.042545037889904505,0.0706114008222139,473.0,106.3371995117419,"pearson_r, mutual_information, entropy_reduction_ratio",0.0,0.031015903481959605,0.0,0.0,0.18170928596756294
perm_com.fede.launcher.permission.READ_SETTINGS,0,0.042379840986963055,0.07063914099660254,473.4,105.55870404661096,"pearson_r, mutual_information, entropy_reduction_ratio",0.0,0.03018991896725231,0.0,0.0,0.18170928596756294
intent_com.excelliance.kxqp.action.swpmain,0,0.0423279448070032,0.07064817219408817,473.6,105.16957735010634,"pearson_r, mutual_information, entropy_reduction_ratio",0.0,0.02993043806745304,0.0,0.0,0.18170928596756294
perm_com.google.android.googleapps.permission.GOOGLE_AUTH.OTHER_SERVICES,0,0.04231897858233808,0.07064974786649773,473.8,104.78053254302539,"pearson_r, mutual_information, entropy_reduction_ratio",0.0,0.029885606944127455,0.0,0.0,0.18170928596756294
perm_android.permission.READ_CLIPS,0,0.0422852969049907,0.07065570723618136,474.0,104.3915705409206,"pearson_r, mutual_information, entropy_reduction_ratio",0.0,0.02971719855739055,0.0,0.0,0.18170928596756294
perm_android.permission.ACCESS_MOCK_LOCATION,0,0.04223672750938833,0.07066441290261284,474.2,104.00269227284456,"pearson_r, mutual_information, entropy_reduction_ratio",0.0,0.02947435157937873,0.0,0.0,0.18170928596756294
perm_android.permission.ACCESS_CACHE_FILESYSTEM,0,0.04220085251762515,0.07067092824630103,474.4,103.61389868159581,"pearson_r, mutual_information, entropy_reduction_ratio",0.0,0.02929497662056279,0.0,0.0,0.18170928596756294
perm_android.permission.USE_CREDENTIALS,0,0.04218887404881475,0.06816090615638574,282.0,339.49904270851783,"pearson_r, mutual_information, entropy_reduction_ratio",0.00085223341042941,0.034035672725685646,4.917307282532085e-05,2.4636312524229622e-05,0.17598265472260916
intent_com.qihoo.sdkplugging.host.service.CommonHostProxyService,0,0.042183463775909334,0.07067411225160429,474.8,102.83656937101705,"pearson_r, mutual_information, entropy_reduction_ratio",0.0,0.02920803291198373,0.0,0.0,0.18170928596756294
perm_android.permission.WRITE_CALL_LOG,0,0.042135831795613664,0.07068292091240308,475.0,102.44803560830242,"pearson_r, mutual_information, entropy_reduction_ratio",0.0,0.028969873010505374,0.0,0.0,0.18170928596756294
intent_com.xiaomi.hy.push.client.ONCLICK,0,0.04210513530824375,0.07068866511104517,475.2,102.05959043617607,"pearson_r, mutual_information, entropy_reduction_ratio",0.0,0.028816390573655804,0.0,0.0,0.18170928596756294
intent_android.intent.action.NOTIFICATION_UPDATE,0,0.04209175299472416,0.07069118587082406,475.4,101.67123487004571,"pearson_r, mutual_information, entropy_reduction_ratio",0.0,0.028749479006057878,0.0,0.0,0.18170928596756294
intent_com.mobiletool.appstore.highspeed,0,0.04209128223146012,0.07069127472902702,475.6,101.28296994065686,"pearson_r, mutual_information, entropy_reduction_ratio",0.0,0.028747125189737665,0.0,0.0,0.18170928596756294
perm_android.permission.MODIFY_AUDIO_SETTINGS,0,0.04188801381383703,0.06819953917524209,283.8,339.35373874469104,"pearson_r, mutual_information, entropy_reduction_ratio",0.00085223341042941,0.032531371550797016,4.917307282532085e-05,2.4636312524229622e-05,0.17598265472260916
intent_com.umeng.message.message.handler.action,0,0.041842378030409084,0.07073999554364077,476.0,100.50671619349625,"pearson_r, mutual_information, entropy_reduction_ratio",0.0,0.02750260418448246,0.0,0.0,0.18170928596756294
intent_com.sogou.androidtool.action.BackgroundService,0,0.04182613966726027,0.07074329461625625,476.2,100.11872951650955,"pearson_r, mutual_information, entropy_reduction_ratio",0.0,0.027421412368738414,0.0,0.0,0.18170928596756294
perm_com.qiku.launcher.permission.READ_SETTINGS,0,0.04182356828179292,0.07074381838594376,476.4,99.7308377584386,"pearson_r, mutual_information, entropy_reduction_ratio",0.0,0.027408555441401663,0.0,0.0,0.18170928596756294
intent_android.net.ConnectivityManager.CONNECTIVITY_ACTION,0,0.041811259179925404,0.07074633077130078,476.6,99.34304203113574,"pearson_r, mutual_information, entropy_reduction_ratio",0.0,0.027347009932064077,0.0,0.0,0.18170928596756294
intent_com.huawei.android.push.intent.REGISTRATION,0,0.041711302556403304,0.07076704655375862,476.8,98.95534346360485,"pearson_r, mutual_information, entropy_reduction_ratio",0.0,0.026847226814453586,0.0,0.0,0.18170928596756294
intent_android.intent.action.mainintentex,0,0.04167680188384195,0.07077432642100996,477.0,98.5677432023276,"pearson_r, mutual_information, entropy_reduction_ratio",0.0,0.02667472345164683,0.0,0.0,0.18170928596756294
intent_android.provider.Telephony.WAP_PUSH_RECEIVED,0,0.0416148304080146,0.07078756984163799,477.4,97.79284227385969,"pearson_r, mutual_information, entropy_reduction_ratio",0.0,0.026364866072510075,0.0,0.0,0.18170928596756294
perm_com.google.android.finsky.permission.BIND_GET_INSTALL_REFERRER_SERVICE,0,0.04159269871942296,0.0707923514106909,477.6,97.4055439900625,"pearson_r, mutual_information, entropy_reduction_ratio",0.0,0.026254207629551843,0.0,0.0,0.18170928596756294
intent_org.agoo.android.intent.action.RE_ELECTION_V2,0,0.04157818705241292,0.07079550151498985,477.8,97.01834878001172,"pearson_r, mutual_information, entropy_reduction_ratio",0.0,0.026181649294501643,0.0,0.0,0.18170928596756294
intent_qihu360.intent.action.EXPORT_STAT,0,0.041502189609961146,0.07081219056199572,478.0,96.63125788273689,"pearson_r, mutual_information, entropy_reduction_ratio",0.0,0.025801662082242785,0.0,0.0,0.18170928596756294
intent_action_send_pop,0,0.041452248579115995,0.07082333308785839,478.2,96.24427255686439,"pearson_r, mutual_information, entropy_reduction_ratio",0.0,0.025551956928017032,0.0,0.0,0.18170928596756294
intent_com.morgoo.droidplugin.ACTION_SHORTCUT_PROXY,0,0.041364997151439584,0.07084313380430261,478.4,95.8573940809993,"pearson_r, mutual_information, entropy_reduction_ratio",0.0,0.025115699789634963,0.0,0.0,0.18170928596756294
intent_com.mobiletool.appstore.action.topicdetail,0,0.04136282090290731,0.07084363310261285,478.6,95.47062375411613,"pearson_r, mutual_information, entropy_reduction_ratio",0.0,0.0251048185469736,0.0,0.0,0.18170928596756294
intent_com.excelliance.dualaid.action.notifystatus,0,0.0413359998733301,0.07084980833687725,478.8,95.08396289595844,"pearson_r, mutual_information, entropy_reduction_ratio",0.0,0.024970713399087532,0.0,0.0,0.18170928596756294
intent_com.sogou.androidtool.intent.action.COMMAND,0,0.04132698733380652,0.07085189236610441,479.0,94.69741284744795,"pearson_r, mutual_information, entropy_reduction_ratio",0.0,0.024925650701469668,0.0,0.0,0.18170928596756294
intent_com.qihoo.appstore.checkupdate.NOTIFY_APP_UPDATE,0,0.041296152400516165,0.0708590567483956,479.2,94.31097497110292,"pearson_r, mutual_information, entropy_reduction_ratio",0.0,0.024771476035017885,0.0,0.0,0.18170928596756294
perm_com.ty.launcher.permission.READ_SETTINGS,0,0.04123447913690633,0.07087354512849797,479.4,93.92465065146637,"pearson_r, mutual_information, entropy_reduction_ratio",0.0,0.024463109716968714,0.0,0.0,0.18170928596756294
intent_com.sogou.androidtool.action.download,0,0.041226129214573304,0.07087552297676683,479.6,93.53844129554437,"pearson_r, mutual_information, entropy_reduction_ratio",0.0,0.024421360105303564,0.0,0.0,0.18170928596756294
intent_com.sogou.androidtool.browser.highspeed,0,0.04121488942408098,0.07087819147473984,479.8,93.1523483332546,"pearson_r, mutual_information, entropy_reduction_ratio",0.0,0.02436516115284196,0.0,0.0,0.18170928596756294
intent_com.google.android.c2dm.intent.REGISTRATION,0,0.04113411528789883,0.06722137182894367,279.4,350.43150543294473,"pearson_r, mutual_information, entropy_reduction_ratio",0.0017061868103528408,0.030214191441473644,9.83461456506417e-05,4.9372774331370116e-05,0.17360247926768563
intent_android.intent.action.ANY_DATA_STATE,0,0.04108267526325958,0.07091010854902192,480.0,92.76637321788537,"pearson_r, mutual_information, entropy_reduction_ratio",0.0,0.02370409034873496,0.0,0.0,0.18170928596756294
intent_android.intent.action.CLOSE_SYSTEM_DIALOGS,0,0.041052391171987335,0.07091755602276685,480.4,91.99478246074611,"pearson_r, mutual_information, entropy_reduction_ratio",0.0,0.023552669892373743,0.0,0.0,0.18170928596756294
perm_android.permission.INJECT_EVENTS,0,0.040981154871499934,0.07093527529721264,480.6,91.60916984669166,"pearson_r, mutual_information, entropy_reduction_ratio",0.0,0.023196488389936723,0.0,0.0,0.18170928596756294
intent_show_lock_app,0,0.040946399050491585,0.07094402268499844,480.8,91.22368113598573,"pearson_r, mutual_information, entropy_reduction_ratio",0.0,0.023022709284894978,0.0,0.0,0.18170928596756294
intent_com.telecom.sdk_auth_ui.SMS_UNSUB_SEND_RESULT_ACTION,0,0.04094392988913032,0.07094464667669467,481.0,90.83831790604668,"pearson_r, mutual_information, entropy_reduction_ratio",0.0,0.02301036347808866,0.0,0.0,0.18170928596756294
intent_org.agoo.android.intent.action.ELECTION_RESULT_V4,0,0.040943269703271945,0.07094481357222877,481.2,90.45308176065645,"pearson_r, mutual_information, entropy_reduction_ratio",0.0,0.023007062548796777,0.0,0.0,0.18170928596756294
perm_com.android.launcher3.permission.WRITE_SETTINGS,0,0.04088620719970688,0.07095933037370732,481.4,90.06797433050218,"pearson_r, mutual_information, entropy_reduction_ratio",0.0,0.022721750030971422,0.0,0.0,0.18170928596756294
perm_android.webkit.permission.PLUGIN,0,0.0408819492286077,0.07096042084904462,481.6,89.68299727373078,"pearson_r, mutual_information, entropy_reduction_ratio",0.0,0.022700460175475567,0.0,0.0,0.18170928596756294
perm_qiku.permission.RECEIVE_ACTIVITY_RESUMED,0,0.04080026829851846,0.07098153404966268,481.8,89.2981522765169,"pearson_r, mutual_information, entropy_reduction_ratio",0.0,0.022292055525029365,0.0,0.0,0.18170928596756294
perm_android.permission.BIND_JOB_SERVICE,0,0.04079755066235206,0.07098224286934321,482.0,88.91344105364497,"pearson_r, mutual_information, entropy_reduction_ratio",0.0,0.022278467344197323,0.0,0.0,0.18170928596756294
perm_com.qiku.launcher.permission.WRITE_SETTINGS,0,0.040777994430580104,0.07098735563125574,482.2,88.5288653491052,"pearson_r, mutual_information, entropy_reduction_ratio",0.0,0.02218068618533759,0.0,0.0,0.18170928596756294
intent_cn.uc.gamesdk.sdkweb,0,0.040728260774876644,0.07100045336133406,482.4,88.14442693670429,"pearson_r, mutual_information, entropy_reduction_ratio",0.0,0.02193201790682027,0.0,0.0,0.18170928596756294
perm_com.meizu.flyme.push.permission.RECEIVE,0,0.04069190001936797,0.07101011587876725,482.6,87.76012762069116,"pearson_r, mutual_information, entropy_reduction_ratio",0.0,0.021750214129276916,0.0,0.0,0.18170928596756294
intent_cn.jpush.android.intent.PUSH_TIME,0,0.04067744166078187,0.07101397837514903,482.8,87.37596923639818,"pearson_r, mutual_information, entropy_reduction_ratio",0.0,0.021677922336346404,0.0,0.0,0.18170928596756294
perm_com.android.permission.WRITE_APN_SETTINGS,0,0.04064978221189709,0.07102139971384515,483.0,86.99195365089808,"pearson_r, mutual_information, entropy_reduction_ratio",0.0,0.021539625091922497,0.0,0.0,0.18170928596756294
intent_android.intent.action.USER_CLEARNOTIFY,0,0.04063608505087076,0.07102509047907835,483.2,86.60808276367743,"pearson_r, mutual_information, entropy_reduction_ratio",0.0,0.021471139286790862,0.0,0.0,0.18170928596756294
perm_android.permission.DOWNLOAD_WITHOUT_NOTIFICATION,0,0.040622231010477364,0.07102883406873937,483.4,86.22435850732668,"pearson_r, mutual_information, entropy_reduction_ratio",0.0,0.021401869084823874,0.0,0.0,0.18170928596756294
intent_co.ronash.pushe.ACTION_TASK_READY,0,0.04059860535671792,0.0710352425848082,483.8,85.45735778737838,"pearson_r, mutual_information, entropy_reduction_ratio",0.0,0.021283740816026662,0.0,0.0,0.18170928596756294
perm_android.permission.WRITE_SETTINGS,0,0.040570014303362115,0.06645710836728747,277.7,357.80156511675574,"pearson_r, mutual_information, entropy_reduction_ratio",0.0025618671565171484,0.028295942241306313,0.0001475192184759626,7.421054467823343e-05,0.17177053235583292
perm_android.permission.ACCESS_CHECKIN_PROPERTIES,0,0.040560169944293414,0.07104573419829899,484.0,85.07408536093703,"pearson_r, mutual_information, entropy_reduction_ratio",0.0,0.021091563753904103,0.0,0.0,0.18170928596756294
intent_com.kingroot.common.ACTION_SWITCH_IN_DESKTOP,0,0.04052615045761514,0.07105508849516073,484.2,84.69096764118356,"pearson_r, mutual_information, entropy_reduction_ratio",0.0,0.020921466320512762,0.0,0.0,0.18170928596756294
intent_com.qihoo.appstore.ACTION_CHARGE_SHOW_TIPS_DLG,0,0.040447733171599304,0.07107689420890988,484.4,84.30800673720141,"pearson_r, mutual_information, entropy_reduction_ratio",0.0,0.020529379890433578,0.0,0.0,0.18170928596756294
intent_android.intent.action.PACKAGE_RESTARTED,0,0.04043229559429632,0.07108122695829604,484.6,83.92520479569889,"pearson_r, mutual_information, entropy_reduction_ratio",0.0,0.020452192003918655,0.0,0.0,0.18170928596756294
perm_android.permission.WRITE_INTERNAL_STORAGE,0,0.04037489159853098,0.07109745341666955,484.8,83.54256400183083,"pearson_r, mutual_information, entropy_reduction_ratio",0.0,0.020165172025091944,0.0,0.0,0.18170928596756294
perm_android.permission.BACKUP,0,0.040365219516919945,0.07110020532070388,485.0,83.16008658004151,"pearson_r, mutual_information, entropy_reduction_ratio",0.0,0.020116811617036764,0.0,0.0,0.18170928596756294
perm_com.android.launcher.permission.READ_SETTINGS,0,0.04027399048281647,0.07112641543746304,485.2,82.7777747949291,"pearson_r, mutual_information, entropy_reduction_ratio",0.0,0.019660666446519388,0.0,0.0,0.18170928596756294
perm_com.amazon.device.messaging.permission.RECEIVE,0,0.04024125887322034,0.0711359309559193,485.4,82.39563095213241,"pearson_r, mutual_information, entropy_reduction_ratio",0.0,0.01949700839853875,0.0,0.0,0.18170928596756294
intent_com.excelliance.dualaid.action.pg,0,0.040223336232444014,0.0711411662917357,485.6,82.01365739924053,"pearson_r, mutual_information, entropy_reduction_ratio",0.0,0.019407395194657107,0.0,0.0,0.18170928596756294
perm_ANDROID.PERMISSION.WRITE_APN_SETTINGS,0,0.04020356827646525,0.0711469611554064,485.8,81.63185652672614,"pearson_r, mutual_information, entropy_reduction_ratio",0.0,0.01930855541476329,0.0,0.0,0.18170928596756294
intent_com.firebase.jobdispatcher.ACTION_EXECUTE,0,0.0401957061088963,0.07114927188024182,486.0,81.25023076890305,"pearson_r, mutual_information, entropy_reduction_ratio",0.0,0.01926924457691857,0.0,0.0,0.18170928596756294
perm_com.google.android.googleapps.permission.GOOGLE_AUTH.sierrasandbox,0,0.04016229654817559,0.07115912901137848,486.2,80.8687826049088,"pearson_r, mutual_information, entropy_reduction_ratio",0.0,0.01910219677331501,0.0,0.0,0.18170928596756294
perm_com.huawei.launcher3.permission.WRITE_SETTINGS,0,0.040144893409180975,0.07116428793167426,486.4,80.48751455971292,"pearson_r, mutual_information, entropy_reduction_ratio",0.0,0.01901518107834194,0.0,0.0,0.18170928596756294
perm_android.permission.READ_CALL_LOG,0,0.04011733724719224,0.07117249062483355,486.6,80.10642920515183,"pearson_r, mutual_information, entropy_reduction_ratio",0.0,0.01887740026839828,0.0,0.0,0.18170928596756294
intent_com.qihoo.appstore.QihooAlliance,0,0.04002183923801887,0.07120124047103343,486.8,79.72552916099085,"pearson_r, mutual_information, entropy_reduction_ratio",0.0,0.018399910222531436,0.0,0.0,0.18170928596756294
intent_com.qihoo.appstore.plugin.streamapp.IPluginHelperServiceStreamApp,0,0.04001020350099236,0.07120477765105018,487.0,79.34481709601454,"pearson_r, mutual_information, entropy_reduction_ratio",0.0,0.01834173153739884,0.0,0.0,0.18170928596756294
intent_com.phonemetra.turbo.launcher.icons.ACTION_PICK_ICON,0,0.04000990880086906,0.07120486733423219,487.2,78.96429572914583,"pearson_r, mutual_information, entropy_reduction_ratio",0.0,0.018340258036782364,0.0,0.0,0.18170928596756294
intent_com.igexin.sdk.action.user.message,0,0.03998472339936482,0.07121254936465414,487.4,78.58396783059506,"pearson_r, mutual_information, entropy_reduction_ratio",0.0,0.018214331029261142,0.0,0.0,0.18170928596756294
perm_android.permission.WRITE_SECURE_SETTINGS,0,0.039969886623279195,0.07121709115378684,487.6,78.20383622303959,"pearson_r, mutual_information, entropy_reduction_ratio",0.0,0.01814014714883303,0.0,0.0,0.18170928596756294
intent_com.mobiletool.appstore.action.specialdetail,0,0.03996144545697878,0.07121968052682022,487.8,77.82390378283526,"pearson_r, mutual_information, entropy_reduction_ratio",0.0,0.01809794131733095,0.0,0.0,0.18170928596756294
perm_android.permission.FLASHLIGHT,0,0.039949251820627384,0.06078595507795329,272.2,369.81719808575696,"pearson_r, mutual_information, entropy_reduction_ratio",0.012090362077133494,0.026615713470743648,0.0006884230195544919,0.00035425180658460963,0.1599975087291207
intent_android.service.notification.NotificationListenerService,0,0.039943410499634555,0.0712252259393411,488.0,77.44417344126026,"pearson_r, mutual_information, entropy_reduction_ratio",0.0,0.018007766530609856,0.0,0.0,0.18170928596756294
intent_com.qihoo.appstore.battery.STOP,0,0.039896530142084476,0.07123972419125864,488.2,77.06464818579268,"pearson_r, mutual_information, entropy_reduction_ratio",0.0,0.01777336474285942,0.0,0.0,0.18170928596756294
perm_android.permission.READ_INTERNAL_STORAGE,0,0.03985663316971844,0.07125215761334798,488.6,76.30622517200021,"pearson_r, mutual_information, entropy_reduction_ratio",0.0,0.01757387988102927,0.0,0.0,0.18170928596756294
perm_com.google.android.providers.talk.permission.WRITE_ONLY,0,0.03981081877473612,0.07126654265581751,488.8,75.92733368161956,"pearson_r, mutual_information, entropy_reduction_ratio",0.0,0.017344807906117657,0.0,0.0,0.18170928596756294
intent_com.qihoo.appstore.ACTION_CHARGE_START_PLUGIN,0,0.03978305727319079,0.07127531525926926,489.2,75.17020686415596,"pearson_r, mutual_information, entropy_reduction_ratio",0.0,0.017206000398391007,0.0,0.0,0.18170928596756294
perm_com.baiqi.weather.permission.READ_SETTINGS,0,0.03977598301070954,0.07127755746054823,489.4,74.79197817948125,"pearson_r, mutual_information, entropy_reduction_ratio",0.0,0.017170629085984733,0.0,0.0,0.18170928596756294
intent_com.example.servicejar.action.START_SPIRIT,0,0.039759347529699965,0.0712828408971649,489.6,74.41397718170963,"pearson_r, mutual_information, entropy_reduction_ratio",0.0,0.017087451680936873,0.0,0.0,0.18170928596756294
intent_android.accounts.AccountAuthenticator,0,0.03969985141932505,0.07130186073837609,489.8,74.03620735829193,"pearson_r, mutual_information, entropy_reduction_ratio",0.0,0.016789971129062296,0.0,0.0,0.18170928596756294
perm_android.permission.PERMISSION_NAME,0,0.039675132200156456,0.07130981992417318,490.0,73.6586722660679,"pearson_r, mutual_information, entropy_reduction_ratio",0.0,0.016666375033219327,0.0,0.0,0.18170928596756294
intent_pre_add_game_uninstalled,0,0.039664033590491914,0.07131340435544972,490.2,73.28137553294152,"pearson_r, mutual_information, entropy_reduction_ratio",0.0,0.01661088198489662,0.0,0.0,0.18170928596756294
intent_com.qihoo.appstore.plugin.START_PLUGIN_FROM_PROXY_LISTENER,0,0.03954831138776043,0.07135117889876873,490.4,72.90432085960337,"pearson_r, mutual_information, entropy_reduction_ratio",0.0,0.016032270971239205,0.0,0.0,0.18170928596756294
intent_com.sogou.passport.service.aidl,0,0.03949748904170118,0.0713679994295449,490.6,72.52751202130126,"pearson_r, mutual_information, entropy_reduction_ratio",0.0,0.01577815924094294,0.0,0.0,0.18170928596756294
intent_com.amir.nightjar.service.BUFFER_SERVICES,0,0.03947565366261742,0.07137526946237234,490.8,72.1509528696607,"pearson_r, mutual_information, entropy_reduction_ratio",0.0,0.01566898234552417,0.0,0.0,0.18170928596756294
intent_com.tencent.mm.plugin.openapi.Intent.ACTION_REFRESH_WXAPP,0,0.03942086468676852,0.07139362565687102,491.2,71.39859942603917,"pearson_r, mutual_information, entropy_reduction_ratio",0.0,0.015395037466279666,0.0,0.0,0.18170928596756294
perm_com.android.mylauncher.permission.READ_SETTINGS,0,0.03940748327928242,0.0713981337252603,491.4,71.0228132363116,"pearson_r, mutual_information, entropy_reduction_ratio",0.0,0.015328130428849132,0.0,0.0,0.18170928596756294
intent_com.baidu.android.pushservice.action.METHOD,0,0.03940399038851135,0.07139931205095736,491.6,70.64729294176813,"pearson_r, mutual_information, entropy_reduction_ratio",0.0,0.015310665974993806,0.0,0.0,0.18170928596756294
intent_com.adroid.SERVICE,0,0.03938685087137009,0.07140510368521095,491.8,70.27204280508714,"pearson_r, mutual_information, entropy_reduction_ratio",0.0,0.015224968389287495,0.0,0.0,0.18170928596756294
intent_show_setting_page,0,0.03933511504219112,0.07142268273265351,492.0,69.89706717738592,"pearson_r, mutual_information, entropy_reduction_ratio",0.0,0.014966289243392652,0.0,0.0,0.18170928596756294
intent_android.intent.action.RESPOND_VIA_MESSAGE,0,0.03932863664047852,0.07142489425048955,492.2,69.52237050043676,"pearson_r, mutual_information, entropy_reduction_ratio",0.0,0.014933897234829664,0.0,0.0,0.18170928596756294
perm_android.permission.DIAGNOSTIC,0,0.03932804551854611,0.07142509615409917,492.4,69.1479573089473,"pearson_r, mutual_information, entropy_reduction_ratio",0.0,0.014930941625167584,0.0,0.0,0.18170928596756294
intent_com.esbook.receiver.message,0,0.039289976746059184,0.07143813892552758,492.6,68.77383223290671,"pearson_r, mutual_information, entropy_reduction_ratio",0.0,0.01474059776273299,0.0,0.0,0.18170928596756294
perm_cn.nubia.launcher.permission.READ_SETTINGS,0,0.03927710651117731,0.0714425662211416,492.8,68.4,"pearson_r, mutual_information, entropy_reduction_ratio",0.0,0.014676246588323592,0.0,0.0,0.18170928596756294
intent_safiap.framework.ACTION_NETWORK_ERROR_FRAMEWORK,0,0.039218525002375534,0.07146283164288343,493.2,67.6532334777873,"pearson_r, mutual_information, entropy_reduction_ratio",0.0,0.014383339044314736,0.0,0.0,0.18170928596756294
perm_com.android.launcher2.permission.INSTALL_SHORTCUT,0,0.03918994209287002,0.07147278711576559,493.4,67.28030915505666,"pearson_r, mutual_information, entropy_reduction_ratio",0.0,0.014240424496787168,0.0,0.0,0.18170928596756294
intent_com.qihoo.appstore.plugin.huajiao.IPluginHelperService,0,0.03918858282382991,0.07147326165566859,493.6,66.90769761395171,"pearson_r, mutual_information, entropy_reduction_ratio",0.0,0.014233628151586592,0.0,0.0,0.18170928596756294
perm_android.permission.KILL_BACKGROUND_PROCESSES,0,0.03917748091194005,0.0714771412419763,493.8,66.53540410939127,"pearson_r, mutual_information, entropy_reduction_ratio",0.0,0.014178118592137337,0.0,0.0,0.18170928596756294
perm_com.android.alarm.permission.SET_ALARM,0,0.039175153896238046,0.07147795527015832,494.0,66.16343401003307,"pearson_r, mutual_information, entropy_reduction_ratio",0.0,0.014166483513627301,0.0,0.0,0.18170928596756294
perm_com.tencent.mm.permission.C2D_MESSAGE,0,0.03908513201385931,0.07150967179708802,494.2,65.79179280123016,"pearson_r, mutual_information, entropy_reduction_ratio",0.0,0.013716374101733635,0.0,0.0,0.18170928596756294
perm_android.permission.REQUEST_INSTALL_PACKAGES,0,0.03908109342373825,0.07151110496837719,494.4,65.4204860880749,"pearson_r, mutual_information, entropy_reduction_ratio",0.0,0.013696181151128318,0.0,0.0,0.18170928596756294
perm_android.permission.READ_OWNER_DATA,0,0.03906787499150567,0.07151580196146355,494.6,65.04951959853355,"pearson_r, mutual_information, entropy_reduction_ratio",0.0,0.013630088989965403,0.0,0.0,0.18170928596756294
intent_show_taskmanagerwhitelist,0,0.03899153189341474,0.07154311456771813,494.8,64.67889918667447,"pearson_r, mutual_information, entropy_reduction_ratio",0.0,0.013248373499510776,0.0,0.0,0.18170928596756294
intent_com.qihoo.appstore.battery.START,0,0.03889112266517021,0.07157951712212038,495.0,64.30863083599277,"pearson_r, mutual_information, entropy_reduction_ratio",0.0,0.012746327358288125,0.0,0.0,0.18170928596756294
perm_android.permission.CALL_PHONE,0,0.0388394859245296,0.06231955284063452,279.6,367.5603895960499,"pearson_r, mutual_information, entropy_reduction_ratio",0.009470328916183018,0.02138660720467144,0.0005409038010785295,0.00027661139488140184,0.1625229783058336
intent_android.net.wifi.supplicant.CONNECTION_CHANGE,0,0.03883511619043723,0.07160005847743618,495.2,63.93872066283466,"pearson_r, mutual_information, entropy_reduction_ratio",0.0,0.012466294984623217,0.0,0.0,0.18170928596756294
perm_cn.nubia.launcher.permission.WRITE_SETTINGS,0,0.0388301199392572,0.07160189916706482,495.4,63.569174919924826,"pearson_r, mutual_information, entropy_reduction_ratio",0.0,0.01244131372872306,0.0,0.0,0.18170928596756294
intent_com.igexin.sdk.action.7fjUl2Z3LH6xYy7NQK4ni4,0,0.038815954525372114,0.07160712522989685,495.6,63.2,"pearson_r, mutual_information, entropy_reduction_ratio",0.0,0.012370486659297637,0.0,0.0,0.18170928596756294
perm_com.anddoes.launcher.permission.WRITE_SETTINGS,0,0.03869173991894502,0.07165341532355216,495.8,62.83120243955228,"pearson_r, mutual_information, entropy_reduction_ratio",0.0,0.011749413627162182,0.0,0.0,0.18170928596756294
intent_com.kingroot.ACTION_SERVICE_PSS_RECORD,0,0.03868595568506368,0.07165559114815859,496.0,62.4627889226858,"pearson_r, mutual_information, entropy_reduction_ratio",0.0,0.011720492457755463,0.0,0.0,0.18170928596756294
intent_com.xiaomi.push.PING_TIMER,0,0.03867046654672625,0.07166142648612438,496.2,62.0947662850904,"pearson_r, mutual_information, entropy_reduction_ratio",0.0,0.011643046766068295,0.0,0.0,0.18170928596756294
intent_intent.action.HEJU,0,0.03864284751082784,0.07167186365530838,496.4,61.72714151813608,"pearson_r, mutual_information, entropy_reduction_ratio",0.0,0.011504951586576231,0.0,0.0,0.18170928596756294
intent_android.intent.action.CHINAMOBILE_OMS_GAME,0,0.03862649169014752,0.0716780638340305,496.6,61.359921773092246,"pearson_r, mutual_information, entropy_reduction_ratio",0.0,0.011423172483174652,0.0,0.0,0.18170928596756294
perm_com.google.android.gms.permission.AD_ID_NOTIFICATION,0,0.03861087618743137,0.07168399680110603,496.8,60.99311436547572,"pearson_r, mutual_information, entropy_reduction_ratio",0.0,0.011345094969593903,0.0,0.0,0.18170928596756294
perm_com.tencent.mm.ext.permission.WRITE,0,0.03854491007235199,0.07170920470077342,497.0,60.626726779531815,"pearson_r, mutual_information, entropy_reduction_ratio",0.0,0.011015264394196976,0.0,0.0,0.18170928596756294
suspicious_Ldalvik/system/DexClassLoader;,0,0.03849000300963576,0.06932149233424652,306.6,333.3476263602307,"pearson_r, mutual_information, entropy_reduction_ratio",0.0003458073845724849,0.015427377184533672,3.176136205689227e-05,1.941067367300537e-05,0.17662565844334274
intent_com.baidu.action.Techain.VIEW,0,0.03846445952971199,0.07174026399340652,497.2,60.26076667285274,"pearson_r, mutual_information, entropy_reduction_ratio",0.0,0.010613011680996985,0.0,0.0,0.18170928596756294
intent_com.excelliance.open.action.gameverchk,0,0.03841939039240121,0.07175781549216088,497.4,59.89524188113777,"pearson_r, mutual_information, entropy_reduction_ratio",0.0,0.010387665994443117,0.0,0.0,0.18170928596756294
intent_com.qihoo.appstore.ACTION_GET_DOWNLOAD_APK_PATH,0,0.03841355443465015,0.07176009618415494,497.6,59.53016042309982,"pearson_r, mutual_information, entropy_reduction_ratio",0.0,0.010358486205687838,0.0,0.0,0.18170928596756294
perm_qiku.permission.ACCESS_QKPARAMS,0,0.038395529010944306,0.07176715204748349,497.8,59.16553050552323,"pearson_r, mutual_information, entropy_reduction_ratio",0.0,0.010268359087158584,0.0,0.0,0.18170928596756294
intent_com.yandex.metrica.IMetricaService,0,0.03839113653425879,0.07176887407545321,498.0,58.801360528477566,"pearson_r, mutual_information, entropy_reduction_ratio",0.0,0.010246396703731012,0.0,0.0,0.18170928596756294
perm_com.google.android.googleapps.permission.GOOGLE_AUTH.youtube,0,0.038355728818594996,0.07178279308284315,498.2,58.43765909069253,"pearson_r, mutual_information, entropy_reduction_ratio",0.0,0.010069358125412051,0.0,0.0,0.18170928596756294
intent_com.urbanairship.push.CHANNEL_UPDATED,0,0.03832524641873412,0.07179482970524581,498.4,58.074434995099175,"pearson_r, mutual_information, entropy_reduction_ratio",0.0,0.009916946126107645,0.0,0.0,0.18170928596756294
intent_com.qihoo.appstore.launcher.shortcut.HOME_GAME,0,0.03831332798099564,0.0717995494813057,498.6,57.711697254542784,"pearson_r, mutual_information, entropy_reduction_ratio",0.0,0.009857353937415235,0.0,0.0,0.18170928596756294
intent_safiap.framework.ACTION_NETWORK_ERROR_IAP,0,0.038310030922990915,0.07180085647953537,498.8,57.3494550976729,"pearson_r, mutual_information, entropy_reduction_ratio",0.0,0.009840868647391626,0.0,0.0,0.18170928596756294
intent_android.net.conn.CONNECTIVITY_CHANGE,0,0.038289773271817484,0.06906736843665322,305.0,340.5137295323054,"pearson_r, mutual_information, entropy_reduction_ratio",0.00085223341042941,0.014540168840699304,4.917307282532085e-05,2.4636312524229622e-05,0.17598265472260916
perm_android.permission.ACCESS_MTK_MMHW,0,0.03823865257452978,0.07182929440165733,499.2,56.62649556523871,"pearson_r, mutual_information, entropy_reduction_ratio",0.0,0.009483976905085954,0.0,0.0,0.18170928596756294
intent_pushy.me,0,0.03822910261110771,0.07183311987689857,499.4,56.26579778160086,"pearson_r, mutual_information, entropy_reduction_ratio",0.0,0.009436227087975596,0.0,0.0,0.18170928596756294
intent_com.qihoo.appstore.APPWATCHER_CHANGE_TIME,0,0.03822886272796537,0.07183321603081663,499.6,55.905634778616005,"pearson_r, mutual_information, entropy_reduction_ratio",0.0,0.009435027672263912,0.0,0.0,0.18170928596756294
intent_com.android.deskclock.ALARM_SNOOZE,0,0.03819482437168114,0.07184689102112628,499.8,55.54601695891435,"pearson_r, mutual_information, entropy_reduction_ratio",0.0,0.00926483589084276,0.0,0.0,0.18170928596756294
perm_android.permission.REORDER_TASKS,0,0.038180675637515586,0.07185259352021446,500.0,55.18695498032121,"pearson_r, mutual_information, entropy_reduction_ratio",0.0,0.009194092220014981,0.0,0.0,0.18170928596756294
perm_com.android.launcher.permission.CREATE_SHORTCUT,0,0.03815439343737752,0.07186321465792313,500.2,54.82845976315584,"pearson_r, mutual_information, entropy_reduction_ratio",0.0,0.009062681219324667,0.0,0.0,0.18170928596756294
intent_androidx.work.impl.background.systemalarm.UpdateProxies,0,0.03814364364635896,0.07186756947925954,500.4,54.47054249775744,"pearson_r, mutual_information, entropy_reduction_ratio",0.0,0.009008932264231856,0.0,0.0,0.18170928596756294
intent_com.kingroot.master.action.TRAFFIC_STATISTICS,0,0.03812529548070389,0.0718750167060741,500.6,54.11321465224553,"pearson_r, mutual_information, entropy_reduction_ratio",0.0,0.008917191435956519,0.0,0.0,0.18170928596756294
perm_android.permission.SYSTEM_ALERT_WINDOW,0,0.03809999384133391,0.0629938888849857,285.2,366.8822154316014,"pearson_r, mutual_information, entropy_reduction_ratio",0.008600577409305652,0.017722180454605958,0.0004917307282532086,0.0002509449327505779,0.16343453568175417
perm_android.permission.WRITE_SMS,0,0.038075497348411716,0.07189531948585248,500.8,53.75648798052194,"pearson_r, mutual_information, entropy_reduction_ratio",0.0,0.008668200774495635,0.0,0.0,0.18170928596756294
intent_com.baidu.android.pushservice.action.notification.SHOW,0,0.03807092189547803,0.0718971915384366,501.2,53.04488665272083,"pearson_r, mutual_information, entropy_reduction_ratio",0.0,0.008645323509827227,0.0,0.0,0.18170928596756294
intent_cn.jpush.android.intent.CONNECTION,0,0.03803271206019703,0.07191286870661891,501.6,52.33583858122463,"pearson_r, mutual_information, entropy_reduction_ratio",0.0,0.00845427433342222,0.0,0.0,0.18170928596756294
intent_org.agoo.android.intent.action.PING_V4,0,0.037861045359483286,0.07198426098164508,502.0,51.629448960840165,"pearson_r, mutual_information, entropy_reduction_ratio",0.0,0.007595940829853495,0.0,0.0,0.18170928596756294
perm_android.permission.FORCE_STOP_PACKAGES,0,0.03783695110782399,0.07199440659728716,502.2,51.27728541956955,"pearson_r, mutual_information, entropy_reduction_ratio",0.0,0.007475469571557042,0.0,0.0,0.18170928596756294
perm_com.yulong3.android.launcher.permission.WRITE_SETTINGS,0,0.03783211915917428,0.07199644494644053,502.4,50.92582841741507,"pearson_r, mutual_information, entropy_reduction_ratio",0.0,0.007451309828308477,0.0,0.0,0.18170928596756294
perm_net.qihoo.launcher.permission.READ_SETTINGS,0,0.03782877654841814,0.07199785574625212,502.6,50.575092684047554,"pearson_r, mutual_information, entropy_reduction_ratio",0.0,0.007434596774527741,0.0,0.0,0.18170928596756294
intent_com.excelliance.open.action.apkverchk,0,0.037797619755322906,0.07201103446960182,502.8,50.22509332992822,"pearson_r, mutual_information, entropy_reduction_ratio",0.0,0.0072788128090515705,0.0,0.0,0.18170928596756294
intent_com.yuetu.shentu.Intent.WECHAT_SHARE,0,0.03776808241480737,0.0720235757511797,503.0,49.875845857488976,"pearson_r, mutual_information, entropy_reduction_ratio",0.0,0.007131126106473902,0.0,0.0,0.18170928596756294
intent_com.qihoo.appstore.ACTION_CLEAN_STOP_SERVICE,0,0.03774221103083023,0.07203459850808529,503.2,49.52736617265247,"pearson_r, mutual_information, entropy_reduction_ratio",0.0,0.007001769186588205,0.0,0.0,0.18170928596756294
perm_android.permission.READ_INSTALL_SESSIONS,0,0.037741749256005985,0.07203479557407132,503.4,49.17967059670083,"pearson_r, mutual_information, entropy_reduction_ratio",0.0,0.006999460312466991,0.0,0.0,0.18170928596756294
intent_com.qihoo.appstore.floatwin.FloatWindowService,0,0.03772560629282317,0.07204169181145337,503.6,48.832775878501934,"pearson_r, mutual_information, entropy_reduction_ratio",0.0,0.006918745496552923,0.0,0.0,0.18170928596756294
perm_telecom.mdesk.permission.WRITE_SETTINGS,0,0.03769915208830777,0.07205302283976807,503.8,48.48669920710215,"pearson_r, mutual_information, entropy_reduction_ratio",0.0,0.006786474473975913,0.0,0.0,0.18170928596756294
intent_android.intent.action.ERROR_NOTIFY,0,0.03764426867473754,0.07207664903173995,504.0,48.14145822469444,"pearson_r, mutual_information, entropy_reduction_ratio",0.0,0.0065120574061247665,0.0,0.0,0.18170928596756294
intent_com.mobiletool.appstore.action.extend,0,0.03761269118541608,0.07209031473321312,504.4,47.453556241866636,"pearson_r, mutual_information, entropy_reduction_ratio",0.0,0.006354169959517467,0.0,0.0,0.18170928596756294
intent_com.tencent.android.tpush.action.PUSH_MESSAGE,0,0.037576301003872624,0.07210612860110682,504.6,47.1109329137091,"pearson_r, mutual_information, entropy_reduction_ratio",0.0,0.006172219051800196,0.0,0.0,0.18170928596756294
perm_com.google.android.googleapps.permission.GOOGLE_AUTH.cl,0,0.0375507690736488,0.0721172656374012,504.8,46.76922064777219,"pearson_r, mutual_information, entropy_reduction_ratio",0.0,0.006044559400681038,0.0,0.0,0.18170928596756294
intent_com.qihoo.appstore.battery.STABLE_NOTIFY,0,0.03745094550203969,0.0721611390344701,505.0,46.42843956025229,"pearson_r, mutual_information, entropy_reduction_ratio",0.0,0.005545441542635476,0.0,0.0,0.18170928596756294
intent_selfupdate_notification_cancelled,0,0.03741908711367938,0.07217525173112803,505.2,46.08861030666904,"pearson_r, mutual_information, entropy_reduction_ratio",0.0,0.005386149600833966,0.0,0.0,0.18170928596756294
perm_com.tencent.mtt.extension.Player,0,0.03740271554871908,0.07218252484638493,505.4,45.74975409769981,"pearson_r, mutual_information, entropy_reduction_ratio",0.0,0.005304291776032453,0.0,0.0,0.18170928596756294
intent_com.qihoo.appstore.activate,0,0.03739572690992867,0.07218563386950512,505.6,45.41189271545505,"pearson_r, mutual_information, entropy_reduction_ratio",0.0,0.005269348582080431,0.0,0.0,0.18170928596756294
intent_com.mobutils.android.mediation.MaterialNotificationReceiver.ACTION_CANCEL_NOTIFICATION,0,0.03733148368582013,0.07221433410449095,505.8,45.07504853020128,"pearson_r, mutual_information, entropy_reduction_ratio",0.0,0.004948132461537678,0.0,0.0,0.18170928596756294
intent_com.excelliance.dualaid.action.downloadcomp,0,0.03732764438065085,0.07221605616655902,506.0,44.739244517537394,"pearson_r, mutual_information, entropy_reduction_ratio",0.0,0.004928935935691293,0.0,0.0,0.18170928596756294
perm_com.samsung.android.scloud.backup.lib.read,0,0.037318768448198786,0.07222004029959897,506.2,44.40450427603037,"pearson_r, mutual_information, entropy_reduction_ratio",0.0,0.004884556273430973,0.0,0.0,0.18170928596756294
perm_android.permission.READ_SYNC_SETTINGS,0,0.037269570353466355,0.07224219892536557,506.4,44.07085204531449,"pearson_r, mutual_information, entropy_reduction_ratio",0.0,0.004638565799768836,0.0,0.0,0.18170928596756294
perm_com.sonyericsson.home.permission.BROADCAST_BADGE,0,0.037214224850487816,0.07226727832698787,506.6,43.73831272465823,"pearson_r, mutual_information, entropy_reduction_ratio",0.0,0.004361838284876133,0.0,0.0,0.18170928596756294
intent_cn.jpush.android.intent.UNREGISTRATION,0,0.03718461323028526,0.0722807626479549,506.8,43.406911892001716,"pearson_r, mutual_information, entropy_reduction_ratio",0.0,0.004213780183863369,0.0,0.0,0.18170928596756294
intent_safiap.GET_SHARED_DATA,0,0.037146191812755455,0.07229832727025472,507.2,42.7476315133365,"pearson_r, mutual_information, entropy_reduction_ratio",0.0,0.004021673096214313,0.0,0.0,0.18170928596756294
perm_android.permission.ACCESS_ALL_DOWNLOADS,0,0.037120317509983194,0.072310199499434,507.4,42.41980669451477,"pearson_r, mutual_information, entropy_reduction_ratio",0.0,0.0038923015823530394,0.0,0.0,0.18170928596756294
intent_com.qihoo.appstore.battery.ICON,0,0.0370964905054469,0.07232116336678363,507.6,42.093229859444136,"pearson_r, mutual_information, entropy_reduction_ratio",0.0,0.003773166559671577,0.0,0.0,0.18170928596756294
intent_android.intent.action.DOWNLOAD_NOTIFY,0,0.037040821624078776,0.07234689496555795,508.0,41.44393803682271,"pearson_r, mutual_information, entropy_reduction_ratio",0.0,0.0034948221528309617,0.0,0.0,0.18170928596756294
intent_android.intent.action.MY_PACKAGE_REPLACED,0,0.037004557389654205,0.07236374445476085,508.2,41.121284026644894,"pearson_r, mutual_information, entropy_reduction_ratio",0.0,0.003313500980708076,0.0,0.0,0.18170928596756294
intent_android.intent.action.ACTION_BOOT_COMPLETED,0,0.036996273204451494,0.07236760319318833,508.4,40.800000000000004,"pearson_r, mutual_information, entropy_reduction_ratio",0.0,0.003272080054694497,0.0,0.0,0.18170928596756294
intent_android.hardware.usb.action.USB_STATE,0,0.036990555787071264,0.07237026843433916,508.6,40.480118576901425,"pearson_r, mutual_information, entropy_reduction_ratio",0.0,0.0032434929677933504,0.0,0.0,0.18170928596756294
intent_android.intent.action.PACKAGE_ADDED,0,0.036977305531515584,0.069566751026358,313.8,342.5389904813757,"pearson_r, mutual_information, entropy_reduction_ratio",0.00085223341042941,0.007977830139189821,4.917307282532085e-05,2.4636312524229622e-05,0.17598265472260916
intent_safiap.framework.ACTION_CANCEL_NOTIFICATION,0,0.03693851027033915,0.07239460860345055,508.8,40.16167327191436,"pearson_r, mutual_information, entropy_reduction_ratio",0.0,0.002983265384132792,0.0,0.0,0.18170928596756294
intent_android.intent.action.ACTION_MEDIA_EJECT,0,0.036894712578774955,0.07241520110089432,509.2,39.52922969145743,"pearson_r, mutual_information, entropy_reduction_ratio",0.0,0.0027642769263118553,0.0,0.0,0.18170928596756294
intent_android.provider.Telephony.WAP_PUSH_DELIVER,0,0.03686234521001251,0.07243048367823303,509.4,39.21530313538325,"pearson_r, mutual_information, entropy_reduction_ratio",0.0,0.0026024400824996422,0.0,0.0,0.18170928596756294
intent_com.qihoo.appstore.clean.result,0,0.03681655239743461,0.07245219850783273,509.6,38.902956185873585,"pearson_r, mutual_information, entropy_reduction_ratio",0.0,0.002373476019610097,0.0,0.0,0.18170928596756294
perm_qiku.permission.READ_WRITE_SAFE_SPACE,0,0.03677960977202972,0.07246979621183931,509.8,38.59222719667783,"pearson_r, mutual_information, entropy_reduction_ratio",0.0,0.0021887628925856793,0.0,0.0,0.18170928596756294
intent_com.excelliance.open.action.startPromptActivity,0,0.03671312251971361,0.0725016465049795,510.0,38.28315556481728,"pearson_r, mutual_information, entropy_reduction_ratio",0.0,0.0018563266310051177,0.0,0.0,0.18170928596756294
intent_android.intent.action.SEND,0,0.03669682401494697,0.06685050434014173,299.4,363.54069923462487,"pearson_r, mutual_information, entropy_reduction_ratio",0.0034192814479496363,0.009547558931320994,0.0001966922913012834,9.914859251301461e-05,0.17022143881164994
intent_com.qihoo.appstore.ACTION_UPDATE_LAST_WX_CLEAR,0,0.036696586701126174,0.07250960357754621,510.2,37.975781756271985,"pearson_r, mutual_information, entropy_reduction_ratio",0.0,0.0017736475380679489,0.0,0.0,0.18170928596756294
perm_android.permission.READ_APP_BADGE,0,0.0366865943070998,0.0725144188275822,510.4,37.67014733180638,"pearson_r, mutual_information, entropy_reduction_ratio",0.0,0.001723685567936057,0.0,0.0,0.18170928596756294
intent_com.tappx.sdk.SILP,0,0.03666353434961344,0.07252555102394476,510.6,37.36629497287629,"pearson_r, mutual_information, entropy_reduction_ratio",0.0,0.0016083857805042623,0.0,0.0,0.18170928596756294
intent_android.intent.action.SERVICE_STATE,0,0.03665018950428955,0.07253200586456521,510.8,37.0642685075532,"pearson_r, mutual_information, entropy_reduction_ratio",0.0,0.0015416615538847904,0.0,0.0,0.18170928596756294
intent_android.intent.action.DOWNLOAD_WAKEUP.sogou,0,0.03659162654978729,0.07256044178108265,511.0,36.764112936394916,"pearson_r, mutual_information, entropy_reduction_ratio",0.0,0.0012488467813734892,0.0,0.0,0.18170928596756294
intent_com.excelliance.kxqp.action.GENERIC,0,0.036561155962889,0.07257530747972667,511.2,36.46587445818351,"pearson_r, mutual_information, entropy_reduction_ratio",0.0,0.001096493846882065,0.0,0.0,0.18170928596756294
perm_android.permission.WRITE_CLIPS,0,0.0365188804413492,0.0725960121413713,511.4,36.16960049544368,"pearson_r, mutual_information, entropy_reduction_ratio",0.0,0.0008851162391830369,0.0,0.0,0.18170928596756294
intent_android.net.VpnService,0,0.03650347753466672,0.07260357880241006,511.8,35.58314207598874,"pearson_r, mutual_information, entropy_reduction_ratio",0.0,0.0008081017057706733,0.0,0.0,0.18170928596756294
intent_com.dzbook.service.PerpareDataService,0,0.03646493059736538,0.07262256875938305,512.0,35.29305880764658,"pearson_r, mutual_information, entropy_reduction_ratio",0.0,0.0006153670192639605,0.0,0.0,0.18170928596756294
perm_android.permission.BIND_APPWIDGET,0,0.03645241546142679,0.07262875080881447,512.2,35.005142479355804,"pearson_r, mutual_information, entropy_reduction_ratio",0.0,0.000552791339570992,0.0,0.0,0.18170928596756294
perm_android.permission.INTERACT_ACROSS_USERS,0,0.036448043730668386,0.07263091220326896,512.4,34.71944700020437,"pearson_r, mutual_information, entropy_reduction_ratio",0.0,0.0005309326857790131,0.0,0.0,0.18170928596756294
intent_com.qihoo.appstore.checkupdate.CHECK_BAOHE_UPDATE,0,0.036353637095836014,0.07267782801586095,512.6,34.43602764547619,"pearson_r, mutual_information, entropy_reduction_ratio",0.0,5.889951161713566e-05,0.0,0.0,0.18170928596756294
perm_android.permission.WRITE_APN_SETTING,0,0.03635177139564088,0.07267875982172782,512.8,34.15494107739025,"pearson_r, mutual_information, entropy_reduction_ratio",0.0,4.957101064144763e-05,0.0,0.0,0.18170928596756294
intent_com.android.utils.hades.ACTION_REGISTER_IMPLICIT_RECEIVERS,0,0.036344335394780804,0.07268247544482373,513.0,33.876245364561875,"pearson_r, mutual_information, entropy_reduction_ratio",0.0,1.2391006341069917e-05,0.0,0.0,0.18170928596756294
perm_android.permission.MOUNT_UNMOUNT_FILESYSTEMS,0,0.036341857193512586,0.07268371438702517,566.5,86.99195365089808,"pearson_r, entropy_reduction_ratio, mutual_information",0.0,0.0,0.0,0.0,0.18170928596756294
perm_android.permission.SEND_SMS,0,0.036341857193512586,0.07268371438702517,566.5,86.99195365089808,"pearson_r, entropy_reduction_ratio, mutual_information",0.0,0.0,0.0,0.0,0.18170928596756294
intent_android.intent.action.USER_PRESENT,0,0.036341857193512586,0.07268371438702517,566.5,86.99195365089808,"pearson_r, entropy_reduction_ratio, mutual_information",0.0,0.0,0.0,0.0,0.18170928596756294
perm_android.permission.CHANGE_NETWORK_STATE,0,0.036341857193512586,0.07268371438702517,566.5,86.99195365089808,"pearson_r, entropy_reduction_ratio, mutual_information",0.0,0.0,0.0,0.0,0.18170928596756294
perm_android.permission.READ_SMS,0,0.036341857193512586,0.07268371438702517,566.5,86.99195365089808,"pearson_r, entropy_reduction_ratio, mutual_information",0.0,0.0,0.0,0.0,0.18170928596756294
perm_android.permission.READ_LOGS,0,0.036341857193512586,0.07268371438702517,566.5,86.99195365089808,"pearson_r, entropy_reduction_ratio, mutual_information",0.0,0.0,0.0,0.0,0.18170928596756294
perm_android.permission.CHANGE_CONFIGURATION,0,0.036341857193512586,0.07268371438702517,566.5,86.99195365089808,"pearson_r, entropy_reduction_ratio, mutual_information",0.0,0.0,0.0,0.0,0.18170928596756294
intent_com.google.firebase.INSTANCE_ID_EVENT,0,0.036341857193512586,0.07268371438702517,566.5,86.99195365089808,"pearson_r, entropy_reduction_ratio, mutual_information",0.0,0.0,0.0,0.0,0.18170928596756294
intent_com.google.firebase.MESSAGING_EVENT,0,0.036341857193512586,0.07268371438702517,566.5,86.99195365089808,"pearson_r, entropy_reduction_ratio, mutual_information",0.0,0.0,0.0,0.0,0.18170928596756294
perm_android.permission.READ_SETTINGS,0,0.036341857193512586,0.07268371438702517,566.5,86.99195365089808,"pearson_r, entropy_reduction_ratio, mutual_information",0.0,0.0,0.0,0.0,0.18170928596756294
perm_android.permission.BROADCAST_STICKY,0,0.036341857193512586,0.07268371438702517,566.5,86.99195365089808,"pearson_r, entropy_reduction_ratio, mutual_information",0.0,0.0,0.0,0.0,0.18170928596756294
perm_android.permission.PROCESS_OUTGOING_CALLS,0,0.036341857193512586,0.07268371438702517,566.5,86.99195365089808,"pearson_r, entropy_reduction_ratio, mutual_information",0.0,0.0,0.0,0.0,0.18170928596756294
perm_android.permission.RECEIVE_MMS,0,0.036341857193512586,0.07268371438702517,566.5,86.99195365089808,"pearson_r, entropy_reduction_ratio, mutual_information",0.0,0.0,0.0,0.0,0.18170928596756294
perm_com.android.launcher.permission.WRITE_SETTINGS,0,0.036341857193512586,0.07268371438702517,566.5,86.99195365089808,"pearson_r, entropy_reduction_ratio, mutual_information",0.0,0.0,0.0,0.0,0.18170928596756294
suspicious_getWifiState,0,0.036341857193512586,0.07268371438702517,566.5,86.99195365089808,"pearson_r, entropy_reduction_ratio, mutual_information",0.0,0.0,0.0,0.0,0.18170928596756294
intent_android.provider.Telephony.SMS_DELIVER,0,0.036341857193512586,0.07268371438702517,566.5,86.99195365089808,"pearson_r, entropy_reduction_ratio, mutual_information",0.0,0.0,0.0,0.0,0.18170928596756294
perm_com.android.browser.permission.READ_HISTORY_BOOKMARKS,0,0.036341857193512586,0.07268371438702517,566.5,86.99195365089808,"pearson_r, entropy_reduction_ratio, mutual_information",0.0,0.0,0.0,0.0,0.18170928596756294
perm_android.permission.ACCESS_LOCATION_EXTRA_COMMANDS,0,0.036341857193512586,0.07268371438702517,566.5,86.99195365089808,"pearson_r, entropy_reduction_ratio, mutual_information",0.0,0.0,0.0,0.0,0.18170928596756294
perm_android.permission.INTERACT_ACROSS_USERS_FULL,0,0.036341857193512586,0.07268371438702517,566.5,86.99195365089808,"pearson_r, entropy_reduction_ratio, mutual_information",0.0,0.0,0.0,0.0,0.18170928596756294
perm_android.permission.INSTALL_PACKAGES,0,0.036341857193512586,0.07268371438702517,566.5,86.99195365089808,"pearson_r, entropy_reduction_ratio, mutual_information",0.0,0.0,0.0,0.0,0.18170928596756294
perm_com.android.launcher2.permission.READ_SETTINGS,0,0.036341857193512586,0.07268371438702517,566.5,86.99195365089808,"pearson_r, entropy_reduction_ratio, mutual_information",0.0,0.0,0.0,0.0,0.18170928596756294
perm_android.permission.BATTERY_STATS,0,0.036341857193512586,0.07268371438702517,566.5,86.99195365089808,"pearson_r, entropy_reduction_ratio, mutual_information",0.0,0.0,0.0,0.0,0.18170928596756294
perm_com.android.launcher3.permission.READ_SETTINGS,0,0.036341857193512586,0.07268371438702517,566.5,86.99195365089808,"pearson_r, entropy_reduction_ratio, mutual_information",0.0,0.0,0.0,0.0,0.18170928596756294
perm_android.permission.ACCESS_COARSE_UPDATES,0,0.036341857193512586,0.07268371438702517,566.5,86.99195365089808,"pearson_r, entropy_reduction_ratio, mutual_information",0.0,0.0,0.0,0.0,0.18170928596756294
perm_android.permission.DELETE_PACKAGES,0,0.036341857193512586,0.07268371438702517,566.5,86.99195365089808,"pearson_r, entropy_reduction_ratio, mutual_information",0.0,0.0,0.0,0.0,0.18170928596756294
perm_android.permission.PACKAGE_USAGE_STATS,0,0.036341857193512586,0.07268371438702517,566.5,86.99195365089808,"pearson_r, entropy_reduction_ratio, mutual_information",0.0,0.0,0.0,0.0,0.18170928596756294
perm_android.permission.WRITE_MEDIA_STORAGE,0,0.036341857193512586,0.07268371438702517,566.5,86.99195365089808,"pearson_r, entropy_reduction_ratio, mutual_information",0.0,0.0,0.0,0.0,0.18170928596756294
intent_android.intent.action.MEDIA_MOUNTED,0,0.036341857193512586,0.07268371438702517,566.5,86.99195365089808,"pearson_r, entropy_reduction_ratio, mutual_information",0.0,0.0,0.0,0.0,0.18170928596756294
perm_android.permission.ACCESS_DOWNLOAD_MANAGER,0,0.036341857193512586,0.07268371438702517,566.5,86.99195365089808,"pearson_r, entropy_reduction_ratio, mutual_information",0.0,0.0,0.0,0.0,0.18170928596756294
perm_android.permission.CLEAR_APP_USER_DATA,0,0.036341857193512586,0.07268371438702517,566.5,86.99195365089808,"pearson_r, entropy_reduction_ratio, mutual_information",0.0,0.0,0.0,0.0,0.18170928596756294
perm_com.bbk.launcher2.permission.READ_SETTINGS,0,0.036341857193512586,0.07268371438702517,566.5,86.99195365089808,"pearson_r, entropy_reduction_ratio, mutual_information",0.0,0.0,0.0,0.0,0.18170928596756294
perm_com.lenovo.launcher.permission.READ_SETTINGS,0,0.036341857193512586,0.07268371438702517,566.5,86.99195365089808,"pearson_r, entropy_reduction_ratio, mutual_information",0.0,0.0,0.0,0.0,0.18170928596756294
perm_android.permission.RECEIVE_USER_PRESENT,0,0.036341857193512586,0.07268371438702517,566.5,86.99195365089808,"pearson_r, entropy_reduction_ratio, mutual_information",0.0,0.0,0.0,0.0,0.18170928596756294
intent_android.net.wifi.STATE_CHANGE,0,0.036341857193512586,0.07268371438702517,566.5,86.99195365089808,"pearson_r, entropy_reduction_ratio, mutual_information",0.0,0.0,0.0,0.0,0.18170928596756294
intent_android.intent.action.SENDTO,0,0.036341857193512586,0.07268371438702517,566.5,86.99195365089808,"pearson_r, entropy_reduction_ratio, mutual_information",0.0,0.0,0.0,0.0,0.18170928596756294
perm_com.sec.android.app.twlauncher.settings.READ_SETTINGS,0,0.036341857193512586,0.07268371438702517,566.5,86.99195365089808,"pearson_r, entropy_reduction_ratio, mutual_information",0.0,0.0,0.0,0.0,0.18170928596756294
perm_com.qihoo360.launcher.permission.READ_SETTINGS,0,0.036341857193512586,0.07268371438702517,566.5,86.99195365089808,"pearson_r, entropy_reduction_ratio, mutual_information",0.0,0.0,0.0,0.0,0.18170928596756294
perm_org.adwfreak.launcher.permission.READ_SETTINGS,0,0.036341857193512586,0.07268371438702517,566.5,86.99195365089808,"pearson_r, entropy_reduction_ratio, mutual_information",0.0,0.0,0.0,0.0,0.18170928596756294
perm_com.huawei.launcher2.permission.READ_SETTINGS,0,0.036341857193512586,0.07268371438702517,566.5,86.99195365089808,"pearson_r, entropy_reduction_ratio, mutual_information",0.0,0.0,0.0,0.0,0.18170928596756294
perm_org.adw.launcher.permission.READ_SETTINGS,0,0.036341857193512586,0.07268371438702517,566.5,86.99195365089808,"pearson_r, entropy_reduction_ratio, mutual_information",0.0,0.0,0.0,0.0,0.18170928596756294
perm_com.lge.launcher.permission.READ_SETTINGS,0,0.036341857193512586,0.07268371438702517,566.5,86.99195365089808,"pearson_r, entropy_reduction_ratio, mutual_information",0.0,0.0,0.0,0.0,0.18170928596756294
perm_com.huawei.launcher3.permission.READ_SETTINGS,0,0.036341857193512586,0.07268371438702517,566.5,86.99195365089808,"pearson_r, entropy_reduction_ratio, mutual_information",0.0,0.0,0.0,0.0,0.18170928596756294
intent_com.igexin.sdk.action.refreshls,0,0.036341857193512586,0.07268371438702517,566.5,86.99195365089808,"pearson_r, entropy_reduction_ratio, mutual_information",0.0,0.0,0.0,0.0,0.18170928596756294
intent_android.intent.action.DELETE,0,0.036341857193512586,0.07268371438702517,566.5,86.99195365089808,"pearson_r, entropy_reduction_ratio, mutual_information",0.0,0.0,0.0,0.0,0.18170928596756294
perm_com.tencent.qqlauncher.permission.READ_SETTINGS,0,0.036341857193512586,0.07268371438702517,566.5,86.99195365089808,"pearson_r, entropy_reduction_ratio, mutual_information",0.0,0.0,0.0,0.0,0.18170928596756294
perm_org.adw.launcher_donut.permission.READ_SETTINGS,0,0.036341857193512586,0.07268371438702517,566.5,86.99195365089808,"pearson_r, entropy_reduction_ratio, mutual_information",0.0,0.0,0.0,0.0,0.18170928596756294
perm_com.ebproductions.android.launcher.permission.READ_SETTINGS,0,0.036341857193512586,0.07268371438702517,566.5,86.99195365089808,"pearson_r, entropy_reduction_ratio, mutual_information",0.0,0.0,0.0,0.0,0.18170928596756294
intent_android.intent.action.PHONE_STATE,0,0.036341857193512586,0.07268371438702517,566.5,86.99195365089808,"pearson_r, entropy_reduction_ratio, mutual_information",0.0,0.0,0.0,0.0,0.18170928596756294
intent_android.intent.action.SIM_STATE_CHANGED,0,0.036341857193512586,0.07268371438702517,566.5,86.99195365089808,"pearson_r, entropy_reduction_ratio, mutual_information",0.0,0.0,0.0,0.0,0.18170928596756294
perm_android.permission.WRITE_PROFILE,0,0.036341857193512586,0.07268371438702517,566.5,86.99195365089808,"pearson_r, entropy_reduction_ratio, mutual_information",0.0,0.0,0.0,0.0,0.18170928596756294
perm_com.android.email.permission.ACCESS_PROVIDER,0,0.036341857193512586,0.07268371438702517,566.5,86.99195365089808,"pearson_r, entropy_reduction_ratio, mutual_information",0.0,0.0,0.0,0.0,0.18170928596756294
intent_cn.egame.terminal.sdk.SERVICE_CMD,0,0.036341857193512586,0.07268371438702517,566.5,86.99195365089808,"pearson_r, entropy_reduction_ratio, mutual_information",0.0,0.0,0.0,0.0,0.18170928596756294
intent_cn.egame.terminal.sdk.RECEIVER_CMD,0,0.036341857193512586,0.07268371438702517,566.5,86.99195365089808,"pearson_r, entropy_reduction_ratio, mutual_information",0.0,0.0,0.0,0.0,0.18170928596756294
intent_com.morgoo.droidplugin.ACTION_SHORTCUT_PROXY_ZHUSHOU,0,0.036341857193512586,0.07268371438702517,566.5,86.99195365089808,"pearson_r, entropy_reduction_ratio, mutual_information",0.0,0.0,0.0,0.0,0.18170928596756294
intent_android.intent.action.SCREEN_ON,0,0.036341857193512586,0.07268371438702517,566.5,86.99195365089808,"pearson_r, entropy_reduction_ratio, mutual_information",0.0,0.0,0.0,0.0,0.18170928596756294
perm_com.qihoo.appstore.permission.NEWS_SDK_BROADCAST,0,0.036341857193512586,0.07268371438702517,566.5,86.99195365089808,"pearson_r, entropy_reduction_ratio, mutual_information",0.0,0.0,0.0,0.0,0.18170928596756294
intent_com.qihoo.appstore.plugin.battery.setPowerRankConfig,0,0.036341857193512586,0.07268371438702517,566.5,86.99195365089808,"pearson_r, entropy_reduction_ratio, mutual_information",0.0,0.0,0.0,0.0,0.18170928596756294
perm_com.qihoo.appstore.update.permission.clear_sdk,0,0.036341857193512586,0.07268371438702517,566.5,86.99195365089808,"pearson_r, entropy_reduction_ratio, mutual_information",0.0,0.0,0.0,0.0,0.18170928596756294
intent_com.qihoo.appstore.launcher.shortcut.GAME_RESERVATION,0,0.036341857193512586,0.07268371438702517,566.5,86.99195365089808,"pearson_r, entropy_reduction_ratio, mutual_information",0.0,0.0,0.0,0.0,0.18170928596756294
intent_com.qihoo.appstore.launcher.shortcut.GAMEUNION,0,0.036341857193512586,0.07268371438702517,566.5,86.99195365089808,"pearson_r, entropy_reduction_ratio, mutual_information",0.0,0.0,0.0,0.0,0.18170928596756294
intent_com.qihoo.appstore.launcher.shortcut.EBOOK,0,0.036341857193512586,0.07268371438702517,566.5,86.99195365089808,"pearson_r, entropy_reduction_ratio, mutual_information",0.0,0.0,0.0,0.0,0.18170928596756294
intent_com.qihoo.appstore.gameunion.DOWNLOAD_SLIENT,0,0.036341857193512586,0.07268371438702517,566.5,86.99195365089808,"pearson_r, entropy_reduction_ratio, mutual_information",0.0,0.0,0.0,0.0,0.18170928596756294
intent_com.qihoo.appstore.notification,0,0.036341857193512586,0.07268371438702517,566.5,86.99195365089808,"pearson_r, entropy_reduction_ratio, mutual_information",0.0,0.0,0.0,0.0,0.18170928596756294
intent_com.qihoo.appstore.download_one_apk,0,0.036341857193512586,0.07268371438702517,566.5,86.99195365089808,"pearson_r, entropy_reduction_ratio, mutual_information",0.0,0.0,0.0,0.0,0.18170928596756294
intent_com.qihoo.appstore.download,0,0.036341857193512586,0.07268371438702517,566.5,86.99195365089808,"pearson_r, entropy_reduction_ratio, mutual_information",0.0,0.0,0.0,0.0,0.18170928596756294
intent_com.qihoo.appstore.clipboard.change,0,0.036341857193512586,0.07268371438702517,566.5,86.99195365089808,"pearson_r, entropy_reduction_ratio, mutual_information",0.0,0.0,0.0,0.0,0.18170928596756294
intent_com.qihoo.appstore.clean.scan.finish,0,0.036341857193512586,0.07268371438702517,566.5,86.99195365089808,"pearson_r, entropy_reduction_ratio, mutual_information",0.0,0.0,0.0,0.0,0.18170928596756294
intent_com.qihoo.express.push.MSG_ARRIVED,0,0.036341857193512586,0.07268371438702517,566.5,86.99195365089808,"pearson_r, entropy_reduction_ratio, mutual_information",0.0,0.0,0.0,0.0,0.18170928596756294
intent_com.qihoo.appstore.battery.POWER_RANK_START,0,0.036341857193512586,0.07268371438702517,566.5,86.99195365089808,"pearson_r, entropy_reduction_ratio, mutual_information",0.0,0.0,0.0,0.0,0.18170928596756294
intent_com.qihoo.appstore.launcher.shortcut.MYFREEZE,0,0.036341857193512586,0.07268371438702517,566.5,86.99195365089808,"pearson_r, entropy_reduction_ratio, mutual_information",0.0,0.0,0.0,0.0,0.18170928596756294
intent_com.qihoo360.mobilesafe.pcdaemon.sms.restore.start,0,0.036341857193512586,0.07268371438702517,566.5,86.99195365089808,"pearson_r, entropy_reduction_ratio, mutual_information",0.0,0.0,0.0,0.0,0.18170928596756294
intent_com.qihoo360.mobilesafe.clean.DOWNLOADDLG,0,0.036341857193512586,0.07268371438702517,566.5,86.99195365089808,"pearson_r, entropy_reduction_ratio, mutual_information",0.0,0.0,0.0,0.0,0.18170928596756294
intent_com.qihoo360.daemon.pcdaemon.ACTION_SEND_SMS_SEND_STATUS_FORWARD2,0,0.036341857193512586,0.07268371438702517,566.5,86.99195365089808,"pearson_r, entropy_reduction_ratio, mutual_information",0.0,0.0,0.0,0.0,0.18170928596756294
intent_com.qihoo360.daemon.pcdaemon.ACTION_START_SERVICE2,0,0.036341857193512586,0.07268371438702517,566.5,86.99195365089808,"pearson_r, entropy_reduction_ratio, mutual_information",0.0,0.0,0.0,0.0,0.18170928596756294
intent_com.qihoo360.daemon.pcdaemon.ACTION_START_RECEIVER,0,0.036341857193512586,0.07268371438702517,566.5,86.99195365089808,"pearson_r, entropy_reduction_ratio, mutual_information",0.0,0.0,0.0,0.0,0.18170928596756294
intent_com.qihoo360.daemon.pcdaemon.ACTION_START_OPERATE_CLIPBOARD,0,0.036341857193512586,0.07268371438702517,566.5,86.99195365089808,"pearson_r, entropy_reduction_ratio, mutual_information",0.0,0.0,0.0,0.0,0.18170928596756294
intent_com.qihoo360.daemon.pcdaemon.ACTION_START_DOWNLOAF_PAGE,0,0.036341857193512586,0.07268371438702517,566.5,86.99195365089808,"pearson_r, entropy_reduction_ratio, mutual_information",0.0,0.0,0.0,0.0,0.18170928596756294
intent_com.qihoo360.daemon.pcdaemon.ACTION_START_CAPTURE,0,0.036341857193512586,0.07268371438702517,566.5,86.99195365089808,"pearson_r, entropy_reduction_ratio, mutual_information",0.0,0.0,0.0,0.0,0.18170928596756294
intent_com.qihoo.hongbao.LOGIN,0,0.036341857193512586,0.07268371438702517,566.5,86.99195365089808,"pearson_r, entropy_reduction_ratio, mutual_information",0.0,0.0,0.0,0.0,0.18170928596756294
intent_com.qihoo.appstore.zhushouhelper.IZhushouHelperService,0,0.036341857193512586,0.07268371438702517,566.5,86.99195365089808,"pearson_r, entropy_reduction_ratio, mutual_information",0.0,0.0,0.0,0.0,0.18170928596756294
intent_com.qihoo.appstore.videomini,0,0.036341857193512586,0.07268371438702517,566.5,86.99195365089808,"pearson_r, entropy_reduction_ratio, mutual_information",0.0,0.0,0.0,0.0,0.18170928596756294
intent_com.qihoo.appstore.powerusage.SAVE_MODE,0,0.036341857193512586,0.07268371438702517,566.5,86.99195365089808,"pearson_r, entropy_reduction_ratio, mutual_information",0.0,0.0,0.0,0.0,0.18170928596756294
intent_com.qihoo.appstore.powerusage.HIGH_TEMPERATURE,0,0.036341857193512586,0.07268371438702517,566.5,86.99195365089808,"pearson_r, entropy_reduction_ratio, mutual_information",0.0,0.0,0.0,0.0,0.18170928596756294
intent_qihooappstore.gotoadmin,0,0.036341857193512586,0.07268371438702517,566.5,86.99195365089808,"pearson_r, entropy_reduction_ratio, mutual_information",0.0,0.0,0.0,0.0,0.18170928596756294
intent_com.qihoo.appstore.launcher.shortcut.PLAYGAME,0,0.036341857193512586,0.07268371438702517,566.5,86.99195365089808,"pearson_r, entropy_reduction_ratio, mutual_information",0.0,0.0,0.0,0.0,0.18170928596756294
intent_com.qihoo360.daemon.pcdaemon.ACTION_START_OPERATE_AUTHOR,0,0.036341857193512586,0.07268371438702517,566.5,86.99195365089808,"pearson_r, entropy_reduction_ratio, mutual_information",0.0,0.0,0.0,0.0,0.18170928596756294
intent_com.qihoo.appstore.ACTION_GAME_UNION_WEB,0,0.036341857193512586,0.07268371438702517,566.5,86.99195365089808,"pearson_r, entropy_reduction_ratio, mutual_information",0.0,0.0,0.0,0.0,0.18170928596756294
intent_com.qihoo.appstore.ACTION_GAME_UNION_GIFT_LiST,0,0.036341857193512586,0.07268371438702517,566.5,86.99195365089808,"pearson_r, entropy_reduction_ratio, mutual_information",0.0,0.0,0.0,0.0,0.18170928596756294
intent_com.qihoo.appstore.ACTION_WIRTE_CHANNEL_AND_INSTALL,0,0.036341857193512586,0.07268371438702517,566.5,86.99195365089808,"pearson_r, entropy_reduction_ratio, mutual_information",0.0,0.0,0.0,0.0,0.18170928596756294
intent_com.qihoo.appstore.ACTION_EVENT_STAT,0,0.036341857193512586,0.07268371438702517,566.5,86.99195365089808,"pearson_r, entropy_reduction_ratio, mutual_information",0.0,0.0,0.0,0.0,0.18170928596756294
intent_com.qihoo.appstore.ACTION_CLEAN_START_SERVICE,0,0.036341857193512586,0.07268371438702517,566.5,86.99195365089808,"pearson_r, entropy_reduction_ratio, mutual_information",0.0,0.0,0.0,0.0,0.18170928596756294
intent_com.qihoo.appstore.ACTION_HANDLE_SYSTEM_APP,0,0.036341857193512586,0.07268371438702517,566.5,86.99195365089808,"pearson_r, entropy_reduction_ratio, mutual_information",0.0,0.0,0.0,0.0,0.18170928596756294
intent_com.qihoo.appstore.checkupdate.INSTALL_ALL_SILENT_TASK,0,0.036341857193512586,0.07268371438702517,566.5,86.99195365089808,"pearson_r, entropy_reduction_ratio, mutual_information",0.0,0.0,0.0,0.0,0.18170928596756294
intent_com.qihoo.appstore.batteryrank.POWERPERCENT,0,0.036341857193512586,0.07268371438702517,566.5,86.99195365089808,"pearson_r, entropy_reduction_ratio, mutual_information",0.0,0.0,0.0,0.0,0.18170928596756294
intent_com.qihoo.appstore.ACTION_DAEMON_CORE_SERVICE,0,0.036341857193512586,0.07268371438702517,566.5,86.99195365089808,"pearson_r, entropy_reduction_ratio, mutual_information",0.0,0.0,0.0,0.0,0.18170928596756294
intent_com.qihoo.appstore.ACTION_CLEAR_CREATE_SHORTCUT,0,0.036341857193512586,0.07268371438702517,566.5,86.99195365089808,"pearson_r, entropy_reduction_ratio, mutual_information",0.0,0.0,0.0,0.0,0.18170928596756294
intent_com.qihoo.appstore.ACTION_START_RADICALROOT,0,0.036341857193512586,0.07268371438702517,566.5,86.99195365089808,"pearson_r, entropy_reduction_ratio, mutual_information",0.0,0.0,0.0,0.0,0.18170928596756294
intent_com.qihoo.appstore.battery.FREEZE_APP,0,0.036341857193512586,0.07268371438702517,566.5,86.99195365089808,"pearson_r, entropy_reduction_ratio, mutual_information",0.0,0.0,0.0,0.0,0.18170928596756294
intent_com.qihoo.appstore.checkupdate.RESTART_ALL_DOWNLOAD,0,0.036341857193512586,0.07268371438702517,566.5,86.99195365089808,"pearson_r, entropy_reduction_ratio, mutual_information",0.0,0.0,0.0,0.0,0.18170928596756294
intent_com.qihoo.appstore.accessibility.ALERT,0,0.036341857193512586,0.07268371438702517,566.5,86.99195365089808,"pearson_r, entropy_reduction_ratio, mutual_information",0.0,0.0,0.0,0.0,0.18170928596756294
intent_com.qihoo.appstore.PLUGIN_ICON,0,0.036341857193512586,0.07268371438702517,566.5,86.99195365089808,"pearson_r, entropy_reduction_ratio, mutual_information",0.0,0.0,0.0,0.0,0.18170928596756294
intent_com.qihoo.appstore.MEMCLEAR,0,0.036341857193512586,0.07268371438702517,566.5,86.99195365089808,"pearson_r, entropy_reduction_ratio, mutual_information",0.0,0.0,0.0,0.0,0.18170928596756294
intent_com.qihoo.appstore.LitePluginDownload,0,0.036341857193512586,0.07268371438702517,566.5,86.99195365089808,"pearson_r, entropy_reduction_ratio, mutual_information",0.0,0.0,0.0,0.0,0.18170928596756294
intent_com.qihoo.appstore.CHECK_APP_UPDATE_DESK_NOTIFICATION,0,0.036341857193512586,0.07268371438702517,566.5,86.99195365089808,"pearson_r, entropy_reduction_ratio, mutual_information",0.0,0.0,0.0,0.0,0.18170928596756294
intent_com.qihoo.appstore.plugin.battery.setConfig,0,0.036341857193512586,0.07268371438702517,566.5,86.99195365089808,"pearson_r, entropy_reduction_ratio, mutual_information",0.0,0.0,0.0,0.0,0.18170928596756294
intent_com.qihoo.appstore.open.wallet,0,0.036341857193512586,0.07268371438702517,566.5,86.99195365089808,"pearson_r, entropy_reduction_ratio, mutual_information",0.0,0.0,0.0,0.0,0.18170928596756294
intent_com.qihoo.appstore.notification.notify_action,0,0.036341857193512586,0.07268371438702517,566.5,86.99195365089808,"pearson_r, entropy_reduction_ratio, mutual_information",0.0,0.0,0.0,0.0,0.18170928596756294
intent_com.qihoo.appstore.NOTIFY_DELETE,0,0.036341857193512586,0.07268371438702517,566.5,86.99195365089808,"pearson_r, entropy_reduction_ratio, mutual_information",0.0,0.0,0.0,0.0,0.18170928596756294
intent_com.qihoo.appstore.battery.START_EX,0,0.036341857193512586,0.07268371438702517,566.5,86.99195365089808,"pearson_r, entropy_reduction_ratio, mutual_information",0.0,0.0,0.0,0.0,0.18170928596756294
perm_com.sonyericsson.home.READ_SETTINGS,0,0.036341857193512586,0.07268371438702517,566.5,86.99195365089808,"pearson_r, entropy_reduction_ratio, mutual_information",0.0,0.0,0.0,0.0,0.18170928596756294
perm_com.sonyericsson.home.WRITE_SETTINGS,0,0.036341857193512586,0.07268371438702517,566.5,86.99195365089808,"pearson_r, entropy_reduction_ratio, mutual_information",0.0,0.0,0.0,0.0,0.18170928596756294
perm_android.permission.AUTHENTICATE_ACCOUNTS,0,0.036341857193512586,0.07268371438702517,566.5,86.99195365089808,"pearson_r, entropy_reduction_ratio, mutual_information",0.0,0.0,0.0,0.0,0.18170928596756294
perm_com.nd.android.launcher.permission.WRITE_SETTINGS,0,0.036341857193512586,0.07268371438702517,566.5,86.99195365089808,"pearson_r, entropy_reduction_ratio, mutual_information",0.0,0.0,0.0,0.0,0.18170928596756294
perm_com.yulong.android.launcher3.WRITE_SETTINGS,0,0.036341857193512586,0.07268371438702517,566.5,86.99195365089808,"pearson_r, entropy_reduction_ratio, mutual_information",0.0,0.0,0.0,0.0,0.18170928596756294
perm_android.permission.RECEIVE_WAP_PUSH,0,0.036341857193512586,0.07268371438702517,566.5,86.99195365089808,"pearson_r, entropy_reduction_ratio, mutual_information",0.0,0.0,0.0,0.0,0.18170928596756294
intent_android.net.wifi.RSSI_CHANGED,0,0.036341857193512586,0.07268371438702517,566.5,86.99195365089808,"pearson_r, entropy_reduction_ratio, mutual_information",0.0,0.0,0.0,0.0,0.18170928596756294
perm_com.meizu.flyme.launcher.permission.WRITE_SETTINGS,0,0.036341857193512586,0.07268371438702517,566.5,86.99195365089808,"pearson_r, entropy_reduction_ratio, mutual_information",0.0,0.0,0.0,0.0,0.18170928596756294
perm_android.permission.READ_CELL_BROADCASTS,0,0.036341857193512586,0.07268371438702517,566.5,86.99195365089808,"pearson_r, entropy_reduction_ratio, mutual_information",0.0,0.0,0.0,0.0,0.18170928596756294
perm_xmpp.permission.RECEIVE_NOTIFICATION,0,0.036341857193512586,0.07268371438702517,566.5,86.99195365089808,"pearson_r, entropy_reduction_ratio, mutual_information",0.0,0.0,0.0,0.0,0.18170928596756294
perm_xmpp.permission.ACCESS_API,0,0.036341857193512586,0.07268371438702517,566.5,86.99195365089808,"pearson_r, entropy_reduction_ratio, mutual_information",0.0,0.0,0.0,0.0,0.18170928596756294
intent_com.coolcloud.xmpp.NOTIFICATION.1010048,0,0.036341857193512586,0.07268371438702517,566.5,86.99195365089808,"pearson_r, entropy_reduction_ratio, mutual_information",0.0,0.0,0.0,0.0,0.18170928596756294
intent_action_send_cancel,0,0.036341857193512586,0.07268371438702517,566.5,86.99195365089808,"pearson_r, entropy_reduction_ratio, mutual_information",0.0,0.0,0.0,0.0,0.18170928596756294
intent_com.qihoo.appstore.notification.click,0,0.036341857193512586,0.07268371438702517,566.5,86.99195365089808,"pearson_r, entropy_reduction_ratio, mutual_information",0.0,0.0,0.0,0.0,0.18170928596756294
intent_com.qihoo.appstore.stable_notification_broadcast,0,0.036341857193512586,0.07268371438702517,566.5,86.99195365089808,"pearson_r, entropy_reduction_ratio, mutual_information",0.0,0.0,0.0,0.0,0.18170928596756294
intent_com.qihoo.appstore.stablenotification.StableBroadcast,0,0.036341857193512586,0.07268371438702517,566.5,86.99195365089808,"pearson_r, entropy_reduction_ratio, mutual_information",0.0,0.0,0.0,0.0,0.18170928596756294
perm_android.permission.CHANGE_WIMAX_STATE,0,0.036341857193512586,0.07268371438702517,566.5,86.99195365089808,"pearson_r, entropy_reduction_ratio, mutual_information",0.0,0.0,0.0,0.0,0.18170928596756294
perm_com.anddoes.launcher.permission.READ_SETTINGS,0,0.036341857193512586,0.07268371438702517,566.5,86.99195365089808,"pearson_r, entropy_reduction_ratio, mutual_information",0.0,0.0,0.0,0.0,0.18170928596756294
perm_android.permission.READ_SOCIAL_STREAM,0,0.036341857193512586,0.07268371438702517,566.5,86.99195365089808,"pearson_r, entropy_reduction_ratio, mutual_information",0.0,0.0,0.0,0.0,0.18170928596756294
perm_android.permission.WRITE_SOCIAL_STREAM,0,0.036341857193512586,0.07268371438702517,566.5,86.99195365089808,"pearson_r, entropy_reduction_ratio, mutual_information",0.0,0.0,0.0,0.0,0.18170928596756294
perm_android.permission.ACCESS_WIMAX_STATE,0,0.036341857193512586,0.07268371438702517,566.5,86.99195365089808,"pearson_r, entropy_reduction_ratio, mutual_information",0.0,0.0,0.0,0.0,0.18170928596756294
perm_com.nd.android.launcher.permission.READ_SETTINGS,0,0.036341857193512586,0.07268371438702517,566.5,86.99195365089808,"pearson_r, entropy_reduction_ratio, mutual_information",0.0,0.0,0.0,0.0,0.18170928596756294
perm_com.android.voicemail.permission.ADD_VOICEMAIL,0,0.036341857193512586,0.07268371438702517,566.5,86.99195365089808,"pearson_r, entropy_reduction_ratio, mutual_information",0.0,0.0,0.0,0.0,0.18170928596756294
perm_com.zte.mifavor.launcher.permission.READ_SETTINGS,0,0.036341857193512586,0.07268371438702517,566.5,86.99195365089808,"pearson_r, entropy_reduction_ratio, mutual_information",0.0,0.0,0.0,0.0,0.18170928596756294
intent_android.intent.action.ACTION_POWER_DISCONNECTED,0,0.036341857193512586,0.07268371438702517,566.5,86.99195365089808,"pearson_r, entropy_reduction_ratio, mutual_information",0.0,0.0,0.0,0.0,0.18170928596756294
perm_com.yulong.android.launcher3.READ_SETTINGS,0,0.036341857193512586,0.07268371438702517,566.5,86.99195365089808,"pearson_r, entropy_reduction_ratio, mutual_information",0.0,0.0,0.0,0.0,0.18170928596756294
perm_android.permission.RUN_INSTRUMENTATION,0,0.036341857193512586,0.07268371438702517,566.5,86.99195365089808,"pearson_r, entropy_reduction_ratio, mutual_information",0.0,0.0,0.0,0.0,0.18170928596756294
perm_com.meizu.flyme.launcher.permission.READ_SETTINGS,0,0.036341857193512586,0.07268371438702517,566.5,86.99195365089808,"pearson_r, entropy_reduction_ratio, mutual_information",0.0,0.0,0.0,0.0,0.18170928596756294
perm_com.android.launcher2.permission.WRITE_SETTINGS,0,0.036341857193512586,0.07268371438702517,566.5,86.99195365089808,"pearson_r, entropy_reduction_ratio, mutual_information",0.0,0.0,0.0,0.0,0.18170928596756294
perm_android.permission.SUBSCRIBED_FEEDS_READ,0,0.036341857193512586,0.07268371438702517,566.5,86.99195365089808,"pearson_r, entropy_reduction_ratio, mutual_information",0.0,0.0,0.0,0.0,0.18170928596756294
perm_com.anddoes.launcher.permission.UPDATE_COUNT,0,0.036341857193512586,0.07268371438702517,566.5,86.99195365089808,"pearson_r, entropy_reduction_ratio, mutual_information",0.0,0.0,0.0,0.0,0.18170928596756294
intent_android.net.wifi.WIFI_STATE_CHANGED,0,0.036341857193512586,0.07268371438702517,566.5,86.99195365089808,"pearson_r, entropy_reduction_ratio, mutual_information",0.0,0.0,0.0,0.0,0.18170928596756294
intent_com.igexin.sdk.action.pushmanager,0,0.036341857193512586,0.07268371438702517,566.5,86.99195365089808,"pearson_r, entropy_reduction_ratio, mutual_information",0.0,0.0,0.0,0.0,0.18170928596756294
intent_android.intent.action.ACTION_SHUTDOWN,0,0.036341857193512586,0.07268371438702517,566.5,86.99195365089808,"pearson_r, entropy_reduction_ratio, mutual_information",0.0,0.0,0.0,0.0,0.18170928596756294
perm_android.permission.WRITE_OWNER_DATA,0,0.036341857193512586,0.07268371438702517,566.5,86.99195365089808,"pearson_r, entropy_reduction_ratio, mutual_information",0.0,0.0,0.0,0.0,0.18170928596756294
perm_com.htc.launcher.permission.UPDATE_SHORTCUT,0,0.036341857193512586,0.07268371438702517,566.5,86.99195365089808,"pearson_r, entropy_reduction_ratio, mutual_information",0.0,0.0,0.0,0.0,0.18170928596756294
perm_com.google.android.providers.talk.permission.READ_ONLY,0,0.036341857193512586,0.07268371438702517,566.5,86.99195365089808,"pearson_r, entropy_reduction_ratio, mutual_information",0.0,0.0,0.0,0.0,0.18170928596756294
intent_android.intent.action.SCREEN_OFF,0,0.036341857193512586,0.07268371438702517,566.5,86.99195365089808,"pearson_r, entropy_reduction_ratio, mutual_information",0.0,0.0,0.0,0.0,0.18170928596756294
perm_com.google.android.googleapps.permission.GOOGLE_AUTH.YouTubeUser,0,0.036341857193512586,0.07268371438702517,566.5,86.99195365089808,"pearson_r, entropy_reduction_ratio, mutual_information",0.0,0.0,0.0,0.0,0.18170928596756294
perm_com.google.android.googleapps.permission.GOOGLE_AUTH.news,0,0.036341857193512586,0.07268371438702517,566.5,86.99195365089808,"pearson_r, entropy_reduction_ratio, mutual_information",0.0,0.0,0.0,0.0,0.18170928596756294
perm_com.google.android.googleapps.permission.GOOGLE_AUTH.wifi,0,0.036341857193512586,0.07268371438702517,566.5,86.99195365089808,"pearson_r, entropy_reduction_ratio, mutual_information",0.0,0.0,0.0,0.0,0.18170928596756294
perm_com.google.android.googleapps.permission.GOOGLE_AUTH.talk,0,0.036341857193512586,0.07268371438702517,566.5,86.99195365089808,"pearson_r, entropy_reduction_ratio, mutual_information",0.0,0.0,0.0,0.0,0.18170928596756294
perm_com.google.android.googleapps.permission.GOOGLE_AUTH.lh2,0,0.036341857193512586,0.07268371438702517,566.5,86.99195365089808,"pearson_r, entropy_reduction_ratio, mutual_information",0.0,0.0,0.0,0.0,0.18170928596756294
perm_com.google.android.googleapps.permission.GOOGLE_AUTH.jotspot,0,0.036341857193512586,0.07268371438702517,566.5,86.99195365089808,"pearson_r, entropy_reduction_ratio, mutual_information",0.0,0.0,0.0,0.0,0.18170928596756294
perm_com.google.android.googleapps.permission.GOOGLE_AUTH.ig,0,0.036341857193512586,0.07268371438702517,566.5,86.99195365089808,"pearson_r, entropy_reduction_ratio, mutual_information",0.0,0.0,0.0,0.0,0.18170928596756294
perm_com.google.android.googleapps.permission.GOOGLE_AUTH.health,0,0.036341857193512586,0.07268371438702517,566.5,86.99195365089808,"pearson_r, entropy_reduction_ratio, mutual_information",0.0,0.0,0.0,0.0,0.18170928596756294
perm_com.google.android.googleapps.permission.GOOGLE_AUTH.groups2,0,0.036341857193512586,0.07268371438702517,566.5,86.99195365089808,"pearson_r, entropy_reduction_ratio, mutual_information",0.0,0.0,0.0,0.0,0.18170928596756294
perm_com.google.android.googleapps.permission.GOOGLE_AUTH.gbase,0,0.036341857193512586,0.07268371438702517,566.5,86.99195365089808,"pearson_r, entropy_reduction_ratio, mutual_information",0.0,0.0,0.0,0.0,0.18170928596756294
perm_com.google.android.googleapps.permission.GOOGLE_AUTH.finance,0,0.036341857193512586,0.07268371438702517,566.5,86.99195365089808,"pearson_r, entropy_reduction_ratio, mutual_information",0.0,0.0,0.0,0.0,0.18170928596756294
perm_com.google.android.googleapps.permission.GOOGLE_AUTH.dodgeball,0,0.036341857193512586,0.07268371438702517,566.5,86.99195365089808,"pearson_r, entropy_reduction_ratio, mutual_information",0.0,0.0,0.0,0.0,0.18170928596756294
perm_com.google.android.googleapps.permission.GOOGLE_AUTH.ah,0,0.036341857193512586,0.07268371438702517,566.5,86.99195365089808,"pearson_r, entropy_reduction_ratio, mutual_information",0.0,0.0,0.0,0.0,0.18170928596756294
perm_com.google.android.googleapps.permission.GOOGLE_AUTH.adwords,0,0.036341857193512586,0.07268371438702517,566.5,86.99195365089808,"pearson_r, entropy_reduction_ratio, mutual_information",0.0,0.0,0.0,0.0,0.18170928596756294
perm_com.google.android.googleapps.permission.GOOGLE_AUTH.orkut,0,0.036341857193512586,0.07268371438702517,566.5,86.99195365089808,"pearson_r, entropy_reduction_ratio, mutual_information",0.0,0.0,0.0,0.0,0.18170928596756294
perm_com.google.android.googleapps.permission.GOOGLE_AUTH.adsense,0,0.036341857193512586,0.07268371438702517,566.5,86.99195365089808,"pearson_r, entropy_reduction_ratio, mutual_information",0.0,0.0,0.0,0.0,0.18170928596756294
perm_com.google.android.googleapps.permission.GOOGLE_AUTH.print,0,0.036341857193512586,0.07268371438702517,566.5,86.99195365089808,"pearson_r, entropy_reduction_ratio, mutual_information",0.0,0.0,0.0,0.0,0.18170928596756294
perm_android.permission.CHANGE_WIFI_MULTICAST_STATE,0,0.036341857193512586,0.07268371438702517,566.5,86.99195365089808,"pearson_r, entropy_reduction_ratio, mutual_information",0.0,0.0,0.0,0.0,0.18170928596756294
intent_com.facebook.sdk.ACTION_CURRENT_ACCESS_TOKEN_CHANGED,0,0.036341857193512586,0.07268371438702517,566.5,86.99195365089808,"pearson_r, entropy_reduction_ratio, mutual_information",0.0,0.0,0.0,0.0,0.18170928596756294
perm_com.google.android.googleapps.permission.GOOGLE_AUTH.mail,0,0.036341857193512586,0.07268371438702517,566.5,86.99195365089808,"pearson_r, entropy_reduction_ratio, mutual_information",0.0,0.0,0.0,0.0,0.18170928596756294
perm_android.permission.SET_TIME_ZONE,0,0.036341857193512586,0.07268371438702517,566.5,86.99195365089808,"pearson_r, entropy_reduction_ratio, mutual_information",0.0,0.0,0.0,0.0,0.18170928596756294
perm_com.google.android.googleapps.permission.GOOGLE_AUTH.cp,0,0.036341857193512586,0.07268371438702517,566.5,86.99195365089808,"pearson_r, entropy_reduction_ratio, mutual_information",0.0,0.0,0.0,0.0,0.18170928596756294
perm_me.everything.badger.permission.BADGE_COUNT_WRITE,0,0.036341857193512586,0.07268371438702517,566.5,86.99195365089808,"pearson_r, entropy_reduction_ratio, mutual_information",0.0,0.0,0.0,0.0,0.18170928596756294
perm_me.everything.badger.permission.BADGE_COUNT_READ,0,0.036341857193512586,0.07268371438702517,566.5,86.99195365089808,"pearson_r, entropy_reduction_ratio, mutual_information",0.0,0.0,0.0,0.0,0.18170928596756294
intent_org.agoo.android.intent.action.RECEIVE,0,0.036341857193512586,0.07268371438702517,566.5,86.99195365089808,"pearson_r, entropy_reduction_ratio, mutual_information",0.0,0.0,0.0,0.0,0.18170928596756294
perm_android.permission.TRANSMIT_IR,0,0.036341857193512586,0.07268371438702517,566.5,86.99195365089808,"pearson_r, entropy_reduction_ratio, mutual_information",0.0,0.0,0.0,0.0,0.18170928596756294
perm_com.google.android.googleapps.permission.GOOGLE_AUTH.writely,0,0.036341857193512586,0.07268371438702517,566.5,86.99195365089808,"pearson_r, entropy_reduction_ratio, mutual_information",0.0,0.0,0.0,0.0,0.18170928596756294
intent_safiap.framework.ACTION_SET_TIMER,0,0.036341857193512586,0.07268371438702517,566.5,86.99195365089808,"pearson_r, entropy_reduction_ratio, mutual_information",0.0,0.0,0.0,0.0,0.18170928596756294
intent_safiap.framework.ACTION_TO_INSTALL,0,0.036341857193512586,0.07268371438702517,566.5,86.99195365089808,"pearson_r, entropy_reduction_ratio, mutual_information",0.0,0.0,0.0,0.0,0.18170928596756294
intent_safiap.framework.ACTION_TO_INSTALL_IAP,0,0.036341857193512586,0.07268371438702517,566.5,86.99195365089808,"pearson_r, entropy_reduction_ratio, mutual_information",0.0,0.0,0.0,0.0,0.18170928596756294
intent_safiap.framework.sdk.ISAFFramework,0,0.036341857193512586,0.07268371438702517,566.5,86.99195365089808,"pearson_r, entropy_reduction_ratio, mutual_information",0.0,0.0,0.0,0.0,0.18170928596756294
intent_safiap.framework.ACTION_CHECK_UPDATE,0,0.036341857193512586,0.07268371438702517,566.5,86.99195365089808,"pearson_r, entropy_reduction_ratio, mutual_information",0.0,0.0,0.0,0.0,0.18170928596756294
perm_com.sonymobile.home.permission.PROVIDER_INSERT_BADGE,0,0.036341857193512586,0.07268371438702517,566.5,86.99195365089808,"pearson_r, entropy_reduction_ratio, mutual_information",0.0,0.0,0.0,0.0,0.18170928596756294
intent_safiap.framework.ACTION_START_DOWNLOAD,0,0.036341857193512586,0.07268371438702517,566.5,86.99195365089808,"pearson_r, entropy_reduction_ratio, mutual_information",0.0,0.0,0.0,0.0,0.18170928596756294
perm_com.s.launcher.permission.READ_SETTINGS,0,0.036341857193512586,0.07268371438702517,566.5,86.99195365089808,"pearson_r, entropy_reduction_ratio, mutual_information",0.0,0.0,0.0,0.0,0.18170928596756294
perm_com.actionlauncher.playstore.permission.READ_SETTINGS,0,0.036341857193512586,0.07268371438702517,566.5,86.99195365089808,"pearson_r, entropy_reduction_ratio, mutual_information",0.0,0.0,0.0,0.0,0.18170928596756294
perm_android.permission.BIND_ACCESSIBILITY_SERVICE,0,0.036341857193512586,0.07268371438702517,566.5,86.99195365089808,"pearson_r, entropy_reduction_ratio, mutual_information",0.0,0.0,0.0,0.0,0.18170928596756294
intent_cn.jpush.android.intent.NOTIFICATION_RECEIVED_PROXY,0,0.036341857193512586,0.07268371438702517,566.5,86.99195365089808,"pearson_r, entropy_reduction_ratio, mutual_information",0.0,0.0,0.0,0.0,0.18170928596756294
perm_com.mx.launcher.permission.READ_SETTINGS,0,0.036341857193512586,0.07268371438702517,566.5,86.99195365089808,"pearson_r, entropy_reduction_ratio, mutual_information",0.0,0.0,0.0,0.0,0.18170928596756294
perm_com.apusapps.launcher.permission.READ_SETTINGS,0,0.036341857193512586,0.07268371438702517,566.5,86.99195365089808,"pearson_r, entropy_reduction_ratio, mutual_information",0.0,0.0,0.0,0.0,0.18170928596756294
perm_com.google.android.googleapps.permission.GOOGLE_AUTH,0,0.036341857193512586,0.07268371438702517,566.5,86.99195365089808,"pearson_r, entropy_reduction_ratio, mutual_information",0.0,0.0,0.0,0.0,0.18170928596756294
perm_android.permission.ACCOUNT_MANAGER,0,0.036341857193512586,0.07268371438702517,566.5,86.99195365089808,"pearson_r, entropy_reduction_ratio, mutual_information",0.0,0.0,0.0,0.0,0.18170928596756294
intent_cn.jpush.android.ui.PushActivity,0,0.036341857193512586,0.07268371438702517,566.5,86.99195365089808,"pearson_r, entropy_reduction_ratio, mutual_information",0.0,0.0,0.0,0.0,0.18170928596756294
perm_com.google.android.googleapps.permission.GOOGLE_AUTH.androidsecure,0,0.036341857193512586,0.07268371438702517,566.5,86.99195365089808,"pearson_r, entropy_reduction_ratio, mutual_information",0.0,0.0,0.0,0.0,0.18170928596756294
perm_com.google.android.googleapps.permission.GOOGLE_AUTH.sierraqa,0,0.036341857193512586,0.07268371438702517,566.5,86.99195365089808,"pearson_r, entropy_reduction_ratio, mutual_information",0.0,0.0,0.0,0.0,0.18170928596756294
perm_android.permission.BODY_SENSORS,0,0.036341857193512586,0.07268371438702517,566.5,86.99195365089808,"pearson_r, entropy_reduction_ratio, mutual_information",0.0,0.0,0.0,0.0,0.18170928596756294
intent_com.igexin.sdk.action.service.message,0,0.036341857193512586,0.07268371438702517,566.5,86.99195365089808,"pearson_r, entropy_reduction_ratio, mutual_information",0.0,0.0,0.0,0.0,0.18170928596756294
intent_cn.jpush.android.intent.REGISTER,0,0.036341857193512586,0.07268371438702517,566.5,86.99195365089808,"pearson_r, entropy_reduction_ratio, mutual_information",0.0,0.0,0.0,0.0,0.18170928596756294
intent_cn.jpush.android.intent.PushService,0,0.036341857193512586,0.07268371438702517,566.5,86.99195365089808,"pearson_r, entropy_reduction_ratio, mutual_information",0.0,0.0,0.0,0.0,0.18170928596756294
intent_cn.jpush.android.intent.REPORT,0,0.036341857193512586,0.07268371438702517,566.5,86.99195365089808,"pearson_r, entropy_reduction_ratio, mutual_information",0.0,0.0,0.0,0.0,0.18170928596756294
perm_com.tsf.shell.permission.READ_SETTINGS,0,0.036341857193512586,0.07268371438702517,566.5,86.99195365089808,"pearson_r, entropy_reduction_ratio, mutual_information",0.0,0.0,0.0,0.0,0.18170928596756294
perm_android.permission.WRITE_USER_DICTIONARY,0,0.036341857193512586,0.07268371438702517,566.5,86.99195365089808,"pearson_r, entropy_reduction_ratio, mutual_information",0.0,0.0,0.0,0.0,0.18170928596756294
intent_org.android.agoo.client.MessageReceiverService,0,0.036341857193512586,0.07268371438702517,566.5,86.99195365089808,"pearson_r, entropy_reduction_ratio, mutual_information",0.0,0.0,0.0,0.0,0.18170928596756294
intent_cn.jpush.android.intent.REGISTRATION,0,0.036341857193512586,0.07268371438702517,566.5,86.99195365089808,"pearson_r, entropy_reduction_ratio, mutual_information",0.0,0.0,0.0,0.0,0.18170928596756294
perm_com.teslacoilsw.launcher.permission.READ_SETTINGS,0,0.036341857193512586,0.07268371438702517,566.5,86.99195365089808,"pearson_r, entropy_reduction_ratio, mutual_information",0.0,0.0,0.0,0.0,0.18170928596756294
intent_cn.jpush.android.intent.NOTIFICATION_OPENED,0,0.036341857193512586,0.07268371438702517,566.5,86.99195365089808,"pearson_r, entropy_reduction_ratio, mutual_information",0.0,0.0,0.0,0.0,0.18170928596756294
intent_cn.jpush.android.intent.NOTIFICATION_RECEIVED,0,0.036341857193512586,0.07268371438702517,566.5,86.99195365089808,"pearson_r, entropy_reduction_ratio, mutual_information",0.0,0.0,0.0,0.0,0.18170928596756294
intent_com.google.android.gms.appinvite.ACTION_PREVIEW,0,0.036341857193512586,0.07268371438702517,566.5,86.99195365089808,"pearson_r, entropy_reduction_ratio, mutual_information",0.0,0.0,0.0,0.0,0.18170928596756294
intent_com.baidu.location.service_v2.2,0,0.036341857193512586,0.07268371438702517,566.5,86.99195365089808,"pearson_r, entropy_reduction_ratio, mutual_information",0.0,0.0,0.0,0.0,0.18170928596756294
intent_android.intent.action.DOWNLOAD_COMPLETE,0,0.036341857193512586,0.07268371438702517,566.5,86.99195365089808,"pearson_r, entropy_reduction_ratio, mutual_information",0.0,0.0,0.0,0.0,0.18170928596756294
intent_com.umeng.messge.registercallback.action,0,0.036341857193512586,0.07268371438702517,566.5,86.99195365089808,"pearson_r, entropy_reduction_ratio, mutual_information",0.0,0.0,0.0,0.0,0.18170928596756294
intent_cn.play.dservice,0,0.036341857193512586,0.07268371438702517,566.5,86.99195365089808,"pearson_r, entropy_reduction_ratio, mutual_information",0.0,0.0,0.0,0.0,0.18170928596756294
intent_android.intent.action.NOTIFICATION_ADD,0,0.036341857193512586,0.07268371438702517,566.5,86.99195365089808,"pearson_r, entropy_reduction_ratio, mutual_information",0.0,0.0,0.0,0.0,0.18170928596756294
intent_com.inmobi.share.id,0,0.036341857193512586,0.07268371438702517,566.5,86.99195365089808,"pearson_r, entropy_reduction_ratio, mutual_information",0.0,0.0,0.0,0.0,0.18170928596756294
intent_android.provider.OppoSpeechAssist.SMS_RECEIVED,0,0.036341857193512586,0.07268371438702517,566.5,86.99195365089808,"pearson_r, entropy_reduction_ratio, mutual_information",0.0,0.0,0.0,0.0,0.18170928596756294
intent_com.miui.smsextra.hhha,0,0.036341857193512586,0.07268371438702517,566.5,86.99195365089808,"pearson_r, entropy_reduction_ratio, mutual_information",0.0,0.0,0.0,0.0,0.18170928596756294
perm_,0,0.036341857193512586,0.07268371438702517,566.5,86.99195365089808,"pearson_r, entropy_reduction_ratio, mutual_information",0.0,0.0,0.0,0.0,0.18170928596756294
intent_android.intent.action.MEDIA_EJECT,0,0.036341857193512586,0.07268371438702517,566.5,86.99195365089808,"pearson_r, entropy_reduction_ratio, mutual_information",0.0,0.0,0.0,0.0,0.18170928596756294
perm_android.permission.SEND_DOWNLOAD_COMPLETED_INTENTS,0,0.036341857193512586,0.07268371438702517,566.5,86.99195365089808,"pearson_r, entropy_reduction_ratio, mutual_information",0.0,0.0,0.0,0.0,0.18170928596756294
intent_android.bluetooth.adapter.action.STATE_CHANGED,0,0.036341857193512586,0.07268371438702517,566.5,86.99195365089808,"pearson_r, entropy_reduction_ratio, mutual_information",0.0,0.0,0.0,0.0,0.18170928596756294
intent_com.xiaomi.mipush.RECEIVE_MESSAGE,0,0.036341857193512586,0.07268371438702517,566.5,86.99195365089808,"pearson_r, entropy_reduction_ratio, mutual_information",0.0,0.0,0.0,0.0,0.18170928596756294
perm_android.permission.BROADCAST_PACKAGE_INSTALL,0,0.036341857193512586,0.07268371438702517,566.5,86.99195365089808,"pearson_r, entropy_reduction_ratio, mutual_information",0.0,0.0,0.0,0.0,0.18170928596756294
perm_android.permission.BROADCAST_PACKAGE_CHANGED,0,0.036341857193512586,0.07268371438702517,566.5,86.99195365089808,"pearson_r, entropy_reduction_ratio, mutual_information",0.0,0.0,0.0,0.0,0.18170928596756294
intent_com.google.android.gms.measurement.UPLOAD,0,0.036341857193512586,0.07268371438702517,566.5,86.99195365089808,"pearson_r, entropy_reduction_ratio, mutual_information",0.0,0.0,0.0,0.0,0.18170928596756294
perm_dianxin.permission.ACCESS_LAUNCHER_DATA,0,0.036341857193512586,0.07268371438702517,566.5,86.99195365089808,"pearson_r, entropy_reduction_ratio, mutual_information",0.0,0.0,0.0,0.0,0.18170928596756294
perm_android.permission.ACCESS_SUPERUSER,0,0.036341857193512586,0.07268371438702517,566.5,86.99195365089808,"pearson_r, entropy_reduction_ratio, mutual_information",0.0,0.0,0.0,0.0,0.18170928596756294
intent_com.excelliance.kxqp.platform.gameplugin.action.UNBIND_REMOTE,0,0.036341857193512586,0.07268371438702517,566.5,86.99195365089808,"pearson_r, entropy_reduction_ratio, mutual_information",0.0,0.0,0.0,0.0,0.18170928596756294
intent_com.excelliance.kxqp.platform.gameplugin.action.BIND_REMOTE,0,0.036341857193512586,0.07268371438702517,566.5,86.99195365089808,"pearson_r, entropy_reduction_ratio, mutual_information",0.0,0.0,0.0,0.0,0.18170928596756294
intent_com.aspire.purchaseservice.BIND,0,0.036341857193512586,0.07268371438702517,566.5,86.99195365089808,"pearson_r, entropy_reduction_ratio, mutual_information",0.0,0.0,0.0,0.0,0.18170928596756294
perm_android.permission.SIGNAL_PERSISTENT_PROCESSES,0,0.036341857193512586,0.07268371438702517,566.5,86.99195365089808,"pearson_r, entropy_reduction_ratio, mutual_information",0.0,0.0,0.0,0.0,0.18170928596756294
perm_org.adwfreak.launcher.permission.WRITE_SETTINGS,0,0.036341857193512586,0.07268371438702517,566.5,86.99195365089808,"pearson_r, entropy_reduction_ratio, mutual_information",0.0,0.0,0.0,0.0,0.18170928596756294
intent_com.tencent.smtt.tbs.video.PLAY,0,0.036341857193512586,0.07268371438702517,566.5,86.99195365089808,"pearson_r, entropy_reduction_ratio, mutual_information",0.0,0.0,0.0,0.0,0.18170928596756294
perm_com.qihoo360.launcher.permission.WRITE_SETTINGS,0,0.036341857193512586,0.07268371438702517,566.5,86.99195365089808,"pearson_r, entropy_reduction_ratio, mutual_information",0.0,0.0,0.0,0.0,0.18170928596756294
perm_com.sec.android.app.twlauncher.settings.WRITE_SETTINGS,0,0.036341857193512586,0.07268371438702517,566.5,86.99195365089808,"pearson_r, entropy_reduction_ratio, mutual_information",0.0,0.0,0.0,0.0,0.18170928596756294
perm_com.android.mylauncher.permission.WRITE_SETTINGS,0,0.036341857193512586,0.07268371438702517,566.5,86.99195365089808,"pearson_r, entropy_reduction_ratio, mutual_information",0.0,0.0,0.0,0.0,0.18170928596756294
perm_com.fede.launcher.permission.WRITE_SETTINGS,0,0.036341857193512586,0.07268371438702517,566.5,86.99195365089808,"pearson_r, entropy_reduction_ratio, mutual_information",0.0,0.0,0.0,0.0,0.18170928596756294
perm_com.ebproductions.android.launcher.permission.WRITE_SETTINGS,0,0.036341857193512586,0.07268371438702517,566.5,86.99195365089808,"pearson_r, entropy_reduction_ratio, mutual_information",0.0,0.0,0.0,0.0,0.18170928596756294
perm_com.huawei.launcher2.permission.WRITE_SETTINGS,0,0.036341857193512586,0.07268371438702517,566.5,86.99195365089808,"pearson_r, entropy_reduction_ratio, mutual_information",0.0,0.0,0.0,0.0,0.18170928596756294
perm_sec.android.permission.READ_MSG_PREF,0,0.036341857193512586,0.07268371438702517,566.5,86.99195365089808,"pearson_r, entropy_reduction_ratio, mutual_information",0.0,0.0,0.0,0.0,0.18170928596756294
perm_com.samsung.android.providers.context.permission.WRITE_RECORD_AUDIO,0,0.036341857193512586,0.07268371438702517,566.5,86.99195365089808,"pearson_r, entropy_reduction_ratio, mutual_information",0.0,0.0,0.0,0.0,0.18170928596756294
perm_com.samsung.android.providers.context.permission.READ_RECORD_AUDIO,0,0.036341857193512586,0.07268371438702517,566.5,86.99195365089808,"pearson_r, entropy_reduction_ratio, mutual_information",0.0,0.0,0.0,0.0,0.18170928596756294
perm_com.samsung.svoice.sync.ACCESS_SERVICE,0,0.036341857193512586,0.07268371438702517,566.5,86.99195365089808,"pearson_r, entropy_reduction_ratio, mutual_information",0.0,0.0,0.0,0.0,0.18170928596756294
perm_com.samsung.svoice.sync.READ_DATABASE,0,0.036341857193512586,0.07268371438702517,566.5,86.99195365089808,"pearson_r, entropy_reduction_ratio, mutual_information",0.0,0.0,0.0,0.0,0.18170928596756294
perm_com.samsung.svoice.sync.WRITE_DATABASE,0,0.036341857193512586,0.07268371438702517,566.5,86.99195365089808,"pearson_r, entropy_reduction_ratio, mutual_information",0.0,0.0,0.0,0.0,0.18170928596756294
perm_com.sec.android.permission.VOIP_INTERFACE,0,0.036341857193512586,0.07268371438702517,566.5,86.99195365089808,"pearson_r, entropy_reduction_ratio, mutual_information",0.0,0.0,0.0,0.0,0.18170928596756294
intent_org.android.agoo.client.ElectionReceiverService,0,0.036341857193512586,0.07268371438702517,566.5,86.99195365089808,"pearson_r, entropy_reduction_ratio, mutual_information",0.0,0.0,0.0,0.0,0.18170928596756294
intent_com.xiaomi.mipush.MESSAGE_ARRIVED,0,0.036341857193512586,0.07268371438702517,566.5,86.99195365089808,"pearson_r, entropy_reduction_ratio, mutual_information",0.0,0.0,0.0,0.0,0.18170928596756294
perm_com.sec.android.app.voicenote.Controller,0,0.036341857193512586,0.07268371438702517,566.5,86.99195365089808,"pearson_r, entropy_reduction_ratio, mutual_information",0.0,0.0,0.0,0.0,0.18170928596756294
perm_com.lge.launcher.permission.WRITE_SETTINGS,0,0.036341857193512586,0.07268371438702517,566.5,86.99195365089808,"pearson_r, entropy_reduction_ratio, mutual_information",0.0,0.0,0.0,0.0,0.18170928596756294
perm_android.permission.SET_DEBUG_APP,0,0.036341857193512586,0.07268371438702517,566.5,86.99195365089808,"pearson_r, entropy_reduction_ratio, mutual_information",0.0,0.0,0.0,0.0,0.18170928596756294
intent_com.excelliance.kxqp.NEXT_CHAPTER,0,0.036341857193512586,0.07268371438702517,566.5,86.99195365089808,"pearson_r, entropy_reduction_ratio, mutual_information",0.0,0.0,0.0,0.0,0.18170928596756294
intent_cn.jpush.android.intent.DaemonService,0,0.036341857193512586,0.07268371438702517,566.5,86.99195365089808,"pearson_r, entropy_reduction_ratio, mutual_information",0.0,0.0,0.0,0.0,0.18170928596756294
intent_com.baidu.android.pushservice.action.RECEIVE,0,0.036341857193512586,0.07268371438702517,566.5,86.99195365089808,"pearson_r, entropy_reduction_ratio, mutual_information",0.0,0.0,0.0,0.0,0.18170928596756294
intent_com.baidu.android.pushservice.action.MESSAGE,0,0.036341857193512586,0.07268371438702517,566.5,86.99195365089808,"pearson_r, entropy_reduction_ratio, mutual_information",0.0,0.0,0.0,0.0,0.18170928596756294
perm_com.sec.android.settings.permission.SOFT_RESET,0,0.036341857193512586,0.07268371438702517,566.5,86.99195365089808,"pearson_r, entropy_reduction_ratio, mutual_information",0.0,0.0,0.0,0.0,0.18170928596756294
perm_com.samsung.android.scloud.backup.lib.write,0,0.036341857193512586,0.07268371438702517,566.5,86.99195365089808,"pearson_r, entropy_reduction_ratio, mutual_information",0.0,0.0,0.0,0.0,0.18170928596756294
intent_com.qihoo.appstore.ACTION_UNLOCK_BROADCAST_RECEIVE,0,0.036341857193512586,0.07268371438702517,566.5,86.99195365089808,"pearson_r, entropy_reduction_ratio, mutual_information",0.0,0.0,0.0,0.0,0.18170928596756294
perm_android.permission.UPDATE_DEVICE_STATS,0,0.036341857193512586,0.07268371438702517,566.5,86.99195365089808,"pearson_r, entropy_reduction_ratio, mutual_information",0.0,0.0,0.0,0.0,0.18170928596756294
intent_android.intent.action.MEDIA_UNMOUNTED,0,0.036341857193512586,0.07268371438702517,566.5,86.99195365089808,"pearson_r, entropy_reduction_ratio, mutual_information",0.0,0.0,0.0,0.0,0.18170928596756294
intent_com.baidu.android.pushservice.action.BIND_SYNC,0,0.036341857193512586,0.07268371438702517,566.5,86.99195365089808,"pearson_r, entropy_reduction_ratio, mutual_information",0.0,0.0,0.0,0.0,0.18170928596756294
intent_com.baidu.android.pushservice.action.notification.CLICK,0,0.036341857193512586,0.07268371438702517,566.5,86.99195365089808,"pearson_r, entropy_reduction_ratio, mutual_information",0.0,0.0,0.0,0.0,0.18170928596756294
perm_com.huawei.android.launcher.permission.CHANGE_BADGE,0,0.036341857193512586,0.07268371438702517,566.5,86.99195365089808,"pearson_r, entropy_reduction_ratio, mutual_information",0.0,0.0,0.0,0.0,0.18170928596756294
intent_com.google.android.gms.iid.InstanceID,0,0.036341857193512586,0.07268371438702517,566.5,86.99195365089808,"pearson_r, entropy_reduction_ratio, mutual_information",0.0,0.0,0.0,0.0,0.18170928596756294
intent_android.content.SyncAdapter,0,0.036341857193512586,0.07268371438702517,566.5,86.99195365089808,"pearson_r, entropy_reduction_ratio, mutual_information",0.0,0.0,0.0,0.0,0.18170928596756294
perm_android.permission.GET_CLIPS,0,0.036341857193512586,0.07268371438702517,566.5,86.99195365089808,"pearson_r, entropy_reduction_ratio, mutual_information",0.0,0.0,0.0,0.0,0.18170928596756294
perm_com.google.android.providers.gsf.permission.READ_GSERVICES,0,0.036341857193512586,0.07268371438702517,566.5,86.99195365089808,"pearson_r, entropy_reduction_ratio, mutual_information",0.0,0.0,0.0,0.0,0.18170928596756294
intent_com.umeng.message.autoupdate.handler.action,0,0.036341857193512586,0.07268371438702517,566.5,86.99195365089808,"pearson_r, entropy_reduction_ratio, mutual_information",0.0,0.0,0.0,0.0,0.18170928596756294
intent_com.google.vr.vrcore.ACTION_NONE,0,0.036341857193512586,0.07268371438702517,566.5,86.99195365089808,"pearson_r, entropy_reduction_ratio, mutual_information",0.0,0.0,0.0,0.0,0.18170928596756294
perm_com.android.launcher3.permission.INSTALL_SHORTCUT,0,0.036341857193512586,0.07268371438702517,566.5,86.99195365089808,"pearson_r, entropy_reduction_ratio, mutual_information",0.0,0.0,0.0,0.0,0.18170928596756294
intent_com.baidu.android.pushservice.action.PUSH_SERVICE,0,0.036341857193512586,0.07268371438702517,566.5,86.99195365089808,"pearson_r, entropy_reduction_ratio, mutual_information",0.0,0.0,0.0,0.0,0.18170928596756294
intent_com.umeng.message.disablecallback.action,0,0.036341857193512586,0.07268371438702517,566.5,86.99195365089808,"pearson_r, entropy_reduction_ratio, mutual_information",0.0,0.0,0.0,0.0,0.18170928596756294
intent_com.umeng.message.enablecallback.action,0,0.036341857193512586,0.07268371438702517,566.5,86.99195365089808,"pearson_r, entropy_reduction_ratio, mutual_information",0.0,0.0,0.0,0.0,0.18170928596756294
intent_com.taobao.accs.intent.action.ELECTION,0,0.036341857193512586,0.07268371438702517,566.5,86.99195365089808,"pearson_r, entropy_reduction_ratio, mutual_information",0.0,0.0,0.0,0.0,0.18170928596756294
intent_co.ronash.pushe.CHECK_TASKS,0,0.036341857193512586,0.07268371438702517,566.5,86.99195365089808,"pearson_r, entropy_reduction_ratio, mutual_information",0.0,0.0,0.0,0.0,0.18170928596756294
perm_com.google.android.launcher.permission.WRITE_SETTINGS,0,0.036341857193512586,0.07268371438702517,566.5,86.99195365089808,"pearson_r, entropy_reduction_ratio, mutual_information",0.0,0.0,0.0,0.0,0.18170928596756294
intent_com.taobao.accs.intent.action.START_FROM_AGOO,0,0.036341857193512586,0.07268371438702517,566.5,86.99195365089808,"pearson_r, entropy_reduction_ratio, mutual_information",0.0,0.0,0.0,0.0,0.18170928596756294
perm_com.xiaomi.sdk.permission.PAYMENT,0,0.036341857193512586,0.07268371438702517,566.5,86.99195365089808,"pearson_r, entropy_reduction_ratio, mutual_information",0.0,0.0,0.0,0.0,0.18170928596756294
intent_co.ronash.pushe.service.ScreenStateService,0,0.036341857193512586,0.07268371438702517,566.5,86.99195365089808,"pearson_r, entropy_reduction_ratio, mutual_information",0.0,0.0,0.0,0.0,0.18170928596756294
intent_android.intent.action.SIG_STR,0,0.036341857193512586,0.07268371438702517,566.5,86.99195365089808,"pearson_r, entropy_reduction_ratio, mutual_information",0.0,0.0,0.0,0.0,0.18170928596756294
intent_com.taobao.accs.intent.action.RECEIVE,0,0.036341857193512586,0.07268371438702517,566.5,86.99195365089808,"pearson_r, entropy_reduction_ratio, mutual_information",0.0,0.0,0.0,0.0,0.18170928596756294
intent_com.taobao.accs.intent.action.SERVICE,0,0.036341857193512586,0.07268371438702517,566.5,86.99195365089808,"pearson_r, entropy_reduction_ratio, mutual_information",0.0,0.0,0.0,0.0,0.18170928596756294
perm_com.huawei.launcher.permission.WRITE_SETTINGS,0,0.036341857193512586,0.07268371438702517,566.5,86.99195365089808,"pearson_r, entropy_reduction_ratio, mutual_information",0.0,0.0,0.0,0.0,0.18170928596756294
intent_android.intent.action.DATE_CHANGED,0,0.036341857193512586,0.07268371438702517,566.5,86.99195365089808,"pearson_r, entropy_reduction_ratio, mutual_information",0.0,0.0,0.0,0.0,0.18170928596756294
perm_com.android.launcher3.permission.UNINSTALL_SHORTCUT,0,0.036341857193512586,0.07268371438702517,566.5,86.99195365089808,"pearson_r, entropy_reduction_ratio, mutual_information",0.0,0.0,0.0,0.0,0.18170928596756294
intent_com.unicom.xiaowo.security.RECEIVER_CMD,0,0.036341857193512586,0.07268371438702517,566.5,86.99195365089808,"pearson_r, entropy_reduction_ratio, mutual_information",0.0,0.0,0.0,0.0,0.18170928596756294
intent_com.excelliance.kxqp.platform.action.CRASH_REPORT,0,0.036341857193512586,0.07268371438702517,566.5,86.99195365089808,"pearson_r, entropy_reduction_ratio, mutual_information",0.0,0.0,0.0,0.0,0.18170928596756294
intent_oh.rt.hj.j.g,0,0.036341857193512586,0.07268371438702517,566.5,86.99195365089808,"pearson_r, entropy_reduction_ratio, mutual_information",0.0,0.0,0.0,0.0,0.18170928596756294
intent_ACTION.TAPCORE.SYNC,0,0.036341857193512586,0.07268371438702517,566.5,86.99195365089808,"pearson_r, entropy_reduction_ratio, mutual_information",0.0,0.0,0.0,0.0,0.18170928596756294
intent_ACTION.TAPCORE.MESSAGE,0,0.036341857193512586,0.07268371438702517,566.5,86.99195365089808,"pearson_r, entropy_reduction_ratio, mutual_information",0.0,0.0,0.0,0.0,0.18170928596756294
intent_android.intent.action.SEND_MULTIPLE,0,0.036341857193512586,0.07268371438702517,566.5,86.99195365089808,"pearson_r, entropy_reduction_ratio, mutual_information",0.0,0.0,0.0,0.0,0.18170928596756294
perm_com.huawei.launcher.permission.READ_SETTINGS,0,0.036341857193512586,0.07268371438702517,566.5,86.99195365089808,"pearson_r, entropy_reduction_ratio, mutual_information",0.0,0.0,0.0,0.0,0.18170928596756294
perm_android.permission.WRITE_CALENDAR,0,0.036341857193512586,0.07268371438702517,566.5,86.99195365089808,"pearson_r, entropy_reduction_ratio, mutual_information",0.0,0.0,0.0,0.0,0.18170928596756294
perm_cn.swiftpass.wxpay.permission.MMOAUTH_CALLBACK,0,0.036341857193512586,0.07268371438702517,566.5,86.99195365089808,"pearson_r, entropy_reduction_ratio, mutual_information",0.0,0.0,0.0,0.0,0.18170928596756294
perm_com.asus.email.permission.ACCESS_PROVIDER,0,0.036341857193512586,0.07268371438702517,566.5,86.99195365089808,"pearson_r, entropy_reduction_ratio, mutual_information",0.0,0.0,0.0,0.0,0.18170928596756294
intent_downfile,0,0.036341857193512586,0.07268371438702517,566.5,86.99195365089808,"pearson_r, entropy_reduction_ratio, mutual_information",0.0,0.0,0.0,0.0,0.18170928596756294
intent_com.excelliance.appmate.platform.gameservice.PlatService,0,0.036341857193512586,0.07268371438702517,566.5,86.99195365089808,"pearson_r, entropy_reduction_ratio, mutual_information",0.0,0.0,0.0,0.0,0.18170928596756294
intent_com.excelliance.kxqp.action.SmtServService,0,0.036341857193512586,0.07268371438702517,566.5,86.99195365089808,"pearson_r, entropy_reduction_ratio, mutual_information",0.0,0.0,0.0,0.0,0.18170928596756294
perm_com.facebook.katana.permission.CROSS_PROCESS_BROADCAST_MANAGER,0,0.036341857193512586,0.07268371438702517,566.5,86.99195365089808,"pearson_r, entropy_reduction_ratio, mutual_information",0.0,0.0,0.0,0.0,0.18170928596756294
perm_com.facebook.permission.prod.SYSTEM_COMMUNICATION,0,0.036341857193512586,0.07268371438702517,566.5,86.99195365089808,"pearson_r, entropy_reduction_ratio, mutual_information",0.0,0.0,0.0,0.0,0.18170928596756294
perm_com.facebook.katana.permission.C2D_MESSAGE,0,0.036341857193512586,0.07268371438702517,566.5,86.99195365089808,"pearson_r, entropy_reduction_ratio, mutual_information",0.0,0.0,0.0,0.0,0.18170928596756294
intent_com.excelliance.kxqp.action.smtsrv,0,0.036341857193512586,0.07268371438702517,566.5,86.99195365089808,"pearson_r, entropy_reduction_ratio, mutual_information",0.0,0.0,0.0,0.0,0.18170928596756294
intent_com.excelliance.kxqp.action.init,0,0.036341857193512586,0.07268371438702517,566.5,86.99195365089808,"pearson_r, entropy_reduction_ratio, mutual_information",0.0,0.0,0.0,0.0,0.18170928596756294
intent_com.excelliance.kxqp.action.smtcnt,0,0.036341857193512586,0.07268371438702517,566.5,86.99195365089808,"pearson_r, entropy_reduction_ratio, mutual_information",0.0,0.0,0.0,0.0,0.18170928596756294
perm_com.bbk.launcher2.permission.WRITE_SETTINGS,0,0.036341857193512586,0.07268371438702517,566.5,86.99195365089808,"pearson_r, entropy_reduction_ratio, mutual_information",0.0,0.0,0.0,0.0,0.18170928596756294
intent_show_start_app,0,0.036341857193512586,0.07268371438702517,566.5,86.99195365089808,"pearson_r, entropy_reduction_ratio, mutual_information",0.0,0.0,0.0,0.0,0.18170928596756294
perm_android.permission.ACCESS_DOWNLOAD_MANAGER_ADVANCED,0,0.036341857193512586,0.07268371438702517,566.5,86.99195365089808,"pearson_r, entropy_reduction_ratio, mutual_information",0.0,0.0,0.0,0.0,0.18170928596756294
suspicious_adb_enabled,0,0.036341857193512586,0.07268371438702517,566.5,86.99195365089808,"pearson_r, entropy_reduction_ratio, mutual_information",0.0,0.0,0.0,0.0,0.18170928596756294
intent_com.easou.action.image.crop,0,0.036341857193512586,0.07268371438702517,566.5,86.99195365089808,"pearson_r, entropy_reduction_ratio, mutual_information",0.0,0.0,0.0,0.0,0.18170928596756294
intent_com.easou.eyou.START_EPAY_PROXY_SERVICE,0,0.036341857193512586,0.07268371438702517,566.5,86.99195365089808,"pearson_r, entropy_reduction_ratio, mutual_information",0.0,0.0,0.0,0.0,0.18170928596756294
intent_co.ronash.pushe.RECEIVE,0,0.036341857193512586,0.07268371438702517,566.5,86.99195365089808,"pearson_r, entropy_reduction_ratio, mutual_information",0.0,0.0,0.0,0.0,0.18170928596756294
perm_com.aspire.mm.permission.READ_SETTINGS,0,0.036341857193512586,0.07268371438702517,566.5,86.99195365089808,"pearson_r, entropy_reduction_ratio, mutual_information",0.0,0.0,0.0,0.0,0.18170928596756294
perm_com.mediatek.launcherplus.permission.READ_SETTINGS,0,0.036341857193512586,0.07268371438702517,566.5,86.99195365089808,"pearson_r, entropy_reduction_ratio, mutual_information",0.0,0.0,0.0,0.0,0.18170928596756294
perm_com.sonyericsson.homescreen.permission.READ_SETTINGS,0,0.036341857193512586,0.07268371438702517,566.5,86.99195365089808,"pearson_r, entropy_reduction_ratio, mutual_information",0.0,0.0,0.0,0.0,0.18170928596756294
perm_mobi.SyndicateApps.ICS.launcher.permission.READ_SETTINGS,0,0.036341857193512586,0.07268371438702517,566.5,86.99195365089808,"pearson_r, entropy_reduction_ratio, mutual_information",0.0,0.0,0.0,0.0,0.18170928596756294
perm_com.thunderst.launcher.permission.READ_SETTINGS,0,0.036341857193512586,0.07268371438702517,566.5,86.99195365089808,"pearson_r, entropy_reduction_ratio, mutual_information",0.0,0.0,0.0,0.0,0.18170928596756294
perm_com.motorola.dock.DesktopDock.permission.READ_SETTINGS,0,0.036341857193512586,0.07268371438702517,566.5,86.99195365089808,"pearson_r, entropy_reduction_ratio, mutual_information",0.0,0.0,0.0,0.0,0.18170928596756294
perm_android.permission.DOWNLOAD_CACHE_NON_PURGEABLE,0,0.036341857193512586,0.07268371438702517,566.5,86.99195365089808,"pearson_r, entropy_reduction_ratio, mutual_information",0.0,0.0,0.0,0.0,0.18170928596756294
perm_com.yulong2.android.launcher.permission.WRITE_SETTINGS,0,0.036341857193512586,0.07268371438702517,566.5,86.99195365089808,"pearson_r, entropy_reduction_ratio, mutual_information",0.0,0.0,0.0,0.0,0.18170928596756294
intent_android.intent.action.IMEDIATE_NOTIFY_ALARM,0,0.036341857193512586,0.07268371438702517,566.5,86.99195365089808,"pearson_r, entropy_reduction_ratio, mutual_information",0.0,0.0,0.0,0.0,0.18170928596756294
perm_com.yulong3.android.launcher.permission.READ_SETTINGS,0,0.036341857193512586,0.07268371438702517,566.5,86.99195365089808,"pearson_r, entropy_reduction_ratio, mutual_information",0.0,0.0,0.0,0.0,0.18170928596756294
perm_com.yulong.android.launcher.permission.WRITE_SETTINGS,0,0.036341857193512586,0.07268371438702517,566.5,86.99195365089808,"pearson_r, entropy_reduction_ratio, mutual_information",0.0,0.0,0.0,0.0,0.18170928596756294
intent_android.intent.action.PUSH_NOTIFY_ALARM,0,0.036341857193512586,0.07268371438702517,566.5,86.99195365089808,"pearson_r, entropy_reduction_ratio, mutual_information",0.0,0.0,0.0,0.0,0.18170928596756294
intent_android.intent.action.UPDATE_NOTIFICATION,0,0.036341857193512586,0.07268371438702517,566.5,86.99195365089808,"pearson_r, entropy_reduction_ratio, mutual_information",0.0,0.0,0.0,0.0,0.18170928596756294
perm_com.motorola.dlauncher.permission.READ_SETTINGS,0,0.036341857193512586,0.07268371438702517,566.5,86.99195365089808,"pearson_r, entropy_reduction_ratio, mutual_information",0.0,0.0,0.0,0.0,0.18170928596756294
perm_com.tencent.mm.ext.permission.READ,0,0.036341857193512586,0.07268371438702517,566.5,86.99195365089808,"pearson_r, entropy_reduction_ratio, mutual_information",0.0,0.0,0.0,0.0,0.18170928596756294
perm_com.tencent.mm.plugin.permission.READ,0,0.036341857193512586,0.07268371438702517,566.5,86.99195365089808,"pearson_r, entropy_reduction_ratio, mutual_information",0.0,0.0,0.0,0.0,0.18170928596756294
intent_com.baoruan.launcher3.ACTION_THEME,0,0.036341857193512586,0.07268371438702517,566.5,86.99195365089808,"pearson_r, entropy_reduction_ratio, mutual_information",0.0,0.0,0.0,0.0,0.18170928596756294
intent_android.Intent.ACTION_NEW_OUTGOING_CALL,0,0.036341857193512586,0.07268371438702517,566.5,86.99195365089808,"pearson_r, entropy_reduction_ratio, mutual_information",0.0,0.0,0.0,0.0,0.18170928596756294
perm_android.permission.REAL_GET_TASKS,0,0.036341857193512586,0.07268371438702517,566.5,86.99195365089808,"pearson_r, entropy_reduction_ratio, mutual_information",0.0,0.0,0.0,0.0,0.18170928596756294
perm_com.android.email.permission.READ_ATTACHMENT,0,0.036341857193512586,0.07268371438702517,566.5,86.99195365089808,"pearson_r, entropy_reduction_ratio, mutual_information",0.0,0.0,0.0,0.0,0.18170928596756294
perm_com.tencent.mm.permission.MM_MESSAGE,0,0.036341857193512586,0.07268371438702517,566.5,86.99195365089808,"pearson_r, entropy_reduction_ratio, mutual_information",0.0,0.0,0.0,0.0,0.18170928596756294
intent_show_fold,0,0.036341857193512586,0.07268371438702517,566.5,86.99195365089808,"pearson_r, entropy_reduction_ratio, mutual_information",0.0,0.0,0.0,0.0,0.18170928596756294
intent_com.excelliance.kxqp.action.swpsrv,0,0.036341857193512586,0.07268371438702517,566.5,86.99195365089808,"pearson_r, entropy_reduction_ratio, mutual_information",0.0,0.0,0.0,0.0,0.18170928596756294
intent_android.intent.action.BATTERY_CHANGED_ACTION,0,0.036341857193512586,0.07268371438702517,566.5,86.99195365089808,"pearson_r, entropy_reduction_ratio, mutual_information",0.0,0.0,0.0,0.0,0.18170928596756294
intent_android.intent.action.MEDIA_CHECKING,0,0.036341857193512586,0.07268371438702517,566.5,86.99195365089808,"pearson_r, entropy_reduction_ratio, mutual_information",0.0,0.0,0.0,0.0,0.18170928596756294
intent_android.intent.action.MEDIA_BUTTON,0,0.036341857193512586,0.07268371438702517,566.5,86.99195365089808,"pearson_r, entropy_reduction_ratio, mutual_information",0.0,0.0,0.0,0.0,0.18170928596756294
perm_com.facebook.katana.provider.ACCESS,0,0.036341857193512586,0.07268371438702517,566.5,86.99195365089808,"pearson_r, entropy_reduction_ratio, mutual_information",0.0,0.0,0.0,0.0,0.18170928596756294
intent_com.tencent.android.tpush.action.INTERNAL_PUSH_MESSAGE,0,0.036341857193512586,0.07268371438702517,566.5,86.99195365089808,"pearson_r, entropy_reduction_ratio, mutual_information",0.0,0.0,0.0,0.0,0.18170928596756294
intent_android.settings.ADD_ACCOUNT_SETTINGS,0,0.036341857193512586,0.07268371438702517,566.5,86.99195365089808,"pearson_r, entropy_reduction_ratio, mutual_information",0.0,0.0,0.0,0.0,0.18170928596756294
perm_com.android.vending.CHECK_LICENSE,0,0.036341857193512586,0.07268371438702517,566.5,86.99195365089808,"pearson_r, entropy_reduction_ratio, mutual_information",0.0,0.0,0.0,0.0,0.18170928596756294
intent_android.intent.action.MEDIA_REMOVED,0,0.036341857193512586,0.07268371438702517,566.5,86.99195365089808,"pearson_r, entropy_reduction_ratio, mutual_information",0.0,0.0,0.0,0.0,0.18170928596756294
intent_show_helpcontent,0,0.036341857193512586,0.07268371438702517,566.5,86.99195365089808,"pearson_r, entropy_reduction_ratio, mutual_information",0.0,0.0,0.0,0.0,0.18170928596756294
perm_xvtian.gai.receiver,0,0.036341857193512586,0.07268371438702517,566.5,86.99195365089808,"pearson_r, entropy_reduction_ratio, mutual_information",0.0,0.0,0.0,0.0,0.18170928596756294
perm_android.permission.MANAGE_DEVICE_ADMINS,0,0.036341857193512586,0.07268371438702517,566.5,86.99195365089808,"pearson_r, entropy_reduction_ratio, mutual_information",0.0,0.0,0.0,0.0,0.18170928596756294
intent_com.qihoo.psdk.service.action.remote,0,0.036341857193512586,0.07268371438702517,566.5,86.99195365089808,"pearson_r, entropy_reduction_ratio, mutual_information",0.0,0.0,0.0,0.0,0.18170928596756294
intent_com.qihoo.commonservice.SERVICE,0,0.036341857193512586,0.07268371438702517,566.5,86.99195365089808,"pearson_r, entropy_reduction_ratio, mutual_information",0.0,0.0,0.0,0.0,0.18170928596756294
intent_com.qihoo.commonreceiver.ARRIVED,0,0.036341857193512586,0.07268371438702517,566.5,86.99195365089808,"pearson_r, entropy_reduction_ratio, mutual_information",0.0,0.0,0.0,0.0,0.18170928596756294
intent_com.huawei.intent.action.PUSH,0,0.036341857193512586,0.07268371438702517,566.5,86.99195365089808,"pearson_r, entropy_reduction_ratio, mutual_information",0.0,0.0,0.0,0.0,0.18170928596756294
perm_android.permission.BAIDU_LOCATION_SERVICE,0,0.036341857193512586,0.07268371438702517,566.5,86.99195365089808,"pearson_r, entropy_reduction_ratio, mutual_information",0.0,0.0,0.0,0.0,0.18170928596756294
intent_android.intent.action.PACKAGE_CHANGED,0,0.036341857193512586,0.07268371438702517,566.5,86.99195365089808,"pearson_r, entropy_reduction_ratio, mutual_information",0.0,0.0,0.0,0.0,0.18170928596756294
intent_show_cpuad,0,0.036341857193512586,0.07268371438702517,566.5,86.99195365089808,"pearson_r, entropy_reduction_ratio, mutual_information",0.0,0.0,0.0,0.0,0.18170928596756294
intent_aspire.iap.SMS_DELIVERED_ACTION,0,0.036341857193512586,0.07268371438702517,566.5,86.99195365089808,"pearson_r, entropy_reduction_ratio, mutual_information",0.0,0.0,0.0,0.0,0.18170928596756294
intent_com.tencent.android.tpush.action.FEEDBACK,0,0.036341857193512586,0.07268371438702517,566.5,86.99195365089808,"pearson_r, entropy_reduction_ratio, mutual_information",0.0,0.0,0.0,0.0,0.18170928596756294
intent_com.sogou.pushservice.action.METHOD,0,0.036341857193512586,0.07268371438702517,566.5,86.99195365089808,"pearson_r, entropy_reduction_ratio, mutual_information",0.0,0.0,0.0,0.0,0.18170928596756294
intent_show_lock,0,0.036341857193512586,0.07268371438702517,566.5,86.99195365089808,"pearson_r, entropy_reduction_ratio, mutual_information",0.0,0.0,0.0,0.0,0.18170928596756294
intent_com.yuetu.shentu.Intent.WECHAT_PAY,0,0.036341857193512586,0.07268371438702517,566.5,86.99195365089808,"pearson_r, entropy_reduction_ratio, mutual_information",0.0,0.0,0.0,0.0,0.18170928596756294
intent_show_about,0,0.036341857193512586,0.07268371438702517,566.5,86.99195365089808,"pearson_r, entropy_reduction_ratio, mutual_information",0.0,0.0,0.0,0.0,0.18170928596756294
intent_show_lock_set_email,0,0.036341857193512586,0.07268371438702517,566.5,86.99195365089808,"pearson_r, entropy_reduction_ratio, mutual_information",0.0,0.0,0.0,0.0,0.18170928596756294
intent_show_feedback,0,0.036341857193512586,0.07268371438702517,566.5,86.99195365089808,"pearson_r, entropy_reduction_ratio, mutual_information",0.0,0.0,0.0,0.0,0.18170928596756294
intent_com.yuetu.shentu.Intent.WECHAT_AUTH,0,0.036341857193512586,0.07268371438702517,566.5,86.99195365089808,"pearson_r, entropy_reduction_ratio, mutual_information",0.0,0.0,0.0,0.0,0.18170928596756294
perm_com.miui.mihome2.permission.WRITE_SETTINGS,0,0.036341857193512586,0.07268371438702517,566.5,86.99195365089808,"pearson_r, entropy_reduction_ratio, mutual_information",0.0,0.0,0.0,0.0,0.18170928596756294
perm_android.permission.MOUNT_FORMAT_FILESYSTEMS,0,0.036341857193512586,0.07268371438702517,566.5,86.99195365089808,"pearson_r, entropy_reduction_ratio, mutual_information",0.0,0.0,0.0,0.0,0.18170928596756294
intent_com.huawei.android.push.intent.RECEIVE,0,0.036341857193512586,0.07268371438702517,566.5,86.99195365089808,"pearson_r, entropy_reduction_ratio, mutual_information",0.0,0.0,0.0,0.0,0.18170928596756294
perm_com.samsung.android.providers.context.permission.WRITE_USE_APP_FEATURE_SURVEY,0,0.036341857193512586,0.07268371438702517,566.5,86.99195365089808,"pearson_r, entropy_reduction_ratio, mutual_information",0.0,0.0,0.0,0.0,0.18170928596756294
intent_com.huawei.intent.action.PUSH_STATE,0,0.036341857193512586,0.07268371438702517,566.5,86.99195365089808,"pearson_r, entropy_reduction_ratio, mutual_information",0.0,0.0,0.0,0.0,0.18170928596756294
intent_android.intent.apicloud.notification,0,0.036341857193512586,0.07268371438702517,566.5,86.99195365089808,"pearson_r, entropy_reduction_ratio, mutual_information",0.0,0.0,0.0,0.0,0.18170928596756294
perm_com.qihoo.appstore.rtservice.ACCESS_RTSERVICE,0,0.036341857193512586,0.07268371438702517,566.5,86.99195365089808,"pearson_r, entropy_reduction_ratio, mutual_information",0.0,0.0,0.0,0.0,0.18170928596756294
intent_com.qihoo.sdkplugging.host.proxy.activity.VIEW,0,0.036341857193512586,0.07268371438702517,566.5,86.99195365089808,"pearson_r, entropy_reduction_ratio, mutual_information",0.0,0.0,0.0,0.0,0.18170928596756294
intent_android.intent.action.ACTION_VIEW_DOWNLOADS,0,0.036341857193512586,0.07268371438702517,566.5,86.99195365089808,"pearson_r, entropy_reduction_ratio, mutual_information",0.0,0.0,0.0,0.0,0.18170928596756294
intent_com.excelliance.dualaid.action.psjardl,0,0.036341857193512586,0.07268371438702517,566.5,86.99195365089808,"pearson_r, entropy_reduction_ratio, mutual_information",0.0,0.0,0.0,0.0,0.18170928596756294
intent_com.excelliance.dualaid.action.download,0,0.036341857193512586,0.07268371438702517,566.5,86.99195365089808,"pearson_r, entropy_reduction_ratio, mutual_information",0.0,0.0,0.0,0.0,0.18170928596756294
perm_com.android.agedlauncher.permission.READ_SETTINGS,0,0.036341857193512586,0.07268371438702517,566.5,86.99195365089808,"pearson_r, entropy_reduction_ratio, mutual_information",0.0,0.0,0.0,0.0,0.18170928596756294
perm_com.android.agedlauncher.permission.WRITE_SETTINGS,0,0.036341857193512586,0.07268371438702517,566.5,86.99195365089808,"pearson_r, entropy_reduction_ratio, mutual_information",0.0,0.0,0.0,0.0,0.18170928596756294
perm_com.xiaomi.permission.AUTH_SERVICE,0,0.036341857193512586,0.07268371438702517,566.5,86.99195365089808,"pearson_r, entropy_reduction_ratio, mutual_information",0.0,0.0,0.0,0.0,0.18170928596756294
intent_cn.xiaoneng.xpush.service,0,0.036341857193512586,0.07268371438702517,566.5,86.99195365089808,"pearson_r, entropy_reduction_ratio, mutual_information",0.0,0.0,0.0,0.0,0.18170928596756294
perm_android.permission.GET_DETAILED_TASKS,0,0.036341857193512586,0.07268371438702517,566.5,86.99195365089808,"pearson_r, entropy_reduction_ratio, mutual_information",0.0,0.0,0.0,0.0,0.18170928596756294
intent_com.excelliance.dualaid.action.psts,0,0.036341857193512586,0.07268371438702517,566.5,86.99195365089808,"pearson_r, entropy_reduction_ratio, mutual_information",0.0,0.0,0.0,0.0,0.18170928596756294
intent_cn.jpush.android.intent.NOTIFICATION_CLICK_ACTION,0,0.036341857193512586,0.07268371438702517,566.5,86.99195365089808,"pearson_r, entropy_reduction_ratio, mutual_information",0.0,0.0,0.0,0.0,0.18170928596756294
perm_android.Manifest.permission.READ_PHONE_NUMBERS,0,0.036341857193512586,0.07268371438702517,566.5,86.99195365089808,"pearson_r, entropy_reduction_ratio, mutual_information",0.0,0.0,0.0,0.0,0.18170928596756294
intent_show_moresetting,0,0.036341857193512586,0.07268371438702517,566.5,86.99195365089808,"pearson_r, entropy_reduction_ratio, mutual_information",0.0,0.0,0.0,0.0,0.18170928596756294
perm_android.Manifest.permission.READ_SMS,0,0.036341857193512586,0.07268371438702517,566.5,86.99195365089808,"pearson_r, entropy_reduction_ratio, mutual_information",0.0,0.0,0.0,0.0,0.18170928596756294
intent_com.google.Ps.Download,0,0.036341857193512586,0.07268371438702517,566.5,86.99195365089808,"pearson_r, entropy_reduction_ratio, mutual_information",0.0,0.0,0.0,0.0,0.18170928596756294
intent_com.Remind.alarm.enable,0,0.036341857193512586,0.07268371438702517,566.5,86.99195365089808,"pearson_r, entropy_reduction_ratio, mutual_information",0.0,0.0,0.0,0.0,0.18170928596756294
intent_com.areametrics.areametricssdk.AMLocationUpdatesBroadcastReceiver.PROCESS_UPDATES,0,0.036341857193512586,0.07268371438702517,566.5,86.99195365089808,"pearson_r, entropy_reduction_ratio, mutual_information",0.0,0.0,0.0,0.0,0.18170928596756294
intent_com.meizu.c2dm.intent.REGISTRATION,0,0.036341857193512586,0.07268371438702517,566.5,86.99195365089808,"pearson_r, entropy_reduction_ratio, mutual_information",0.0,0.0,0.0,0.0,0.18170928596756294
perm_android.permission.ACCESS_GPS,0,0.036341857193512586,0.07268371438702517,566.5,86.99195365089808,"pearson_r, entropy_reduction_ratio, mutual_information",0.0,0.0,0.0,0.0,0.18170928596756294
intent_android.intent.action,0,0.036341857193512586,0.07268371438702517,566.5,86.99195365089808,"pearson_r, entropy_reduction_ratio, mutual_information",0.0,0.0,0.0,0.0,0.18170928596756294
intent_android.intent.action.UMS_CONNECTED,0,0.036341857193512586,0.07268371438702517,566.5,86.99195365089808,"pearson_r, entropy_reduction_ratio, mutual_information",0.0,0.0,0.0,0.0,0.18170928596756294
intent_android.intent.action.UMS_DISCONNECTED,0,0.036341857193512586,0.07268371438702517,566.5,86.99195365089808,"pearson_r, entropy_reduction_ratio, mutual_information",0.0,0.0,0.0,0.0,0.18170928596756294
intent_com.meizu.flyme.push.intent.MESSAGE,0,0.036341857193512586,0.07268371438702517,566.5,86.99195365089808,"pearson_r, entropy_reduction_ratio, mutual_information",0.0,0.0,0.0,0.0,0.18170928596756294
intent_android.intent.action.ACTION_PACKAGE_ADDED,0,0.036341857193512586,0.07268371438702517,566.5,86.99195365089808,"pearson_r, entropy_reduction_ratio, mutual_information",0.0,0.0,0.0,0.0,0.18170928596756294
intent_com.mobiletool.appstore.service.weatherservice,0,0.036341857193512586,0.07268371438702517,566.5,86.99195365089808,"pearson_r, entropy_reduction_ratio, mutual_information",0.0,0.0,0.0,0.0,0.18170928596756294
intent_com.mobiletool.appstore.service.weathernotifyreceiver,0,0.036341857193512586,0.07268371438702517,566.5,86.99195365089808,"pearson_r, entropy_reduction_ratio, mutual_information",0.0,0.0,0.0,0.0,0.18170928596756294
intent_com.Remind.launch.app,0,0.036341857193512586,0.07268371438702517,566.5,86.99195365089808,"pearson_r, entropy_reduction_ratio, mutual_information",0.0,0.0,0.0,0.0,0.18170928596756294
intent_com.mobiletool.appstore.action.wap,0,0.036341857193512586,0.07268371438702517,566.5,86.99195365089808,"pearson_r, entropy_reduction_ratio, mutual_information",0.0,0.0,0.0,0.0,0.18170928596756294
perm_android.permission.WRITE_APN_STORAGE,0,0.036341857193512586,0.07268371438702517,566.5,86.99195365089808,"pearson_r, entropy_reduction_ratio, mutual_information",0.0,0.0,0.0,0.0,0.18170928596756294
intent_com.mobiletool.appstore.browser.highspeed,0,0.036341857193512586,0.07268371438702517,566.5,86.99195365089808,"pearson_r, entropy_reduction_ratio, mutual_information",0.0,0.0,0.0,0.0,0.18170928596756294
intent_com.mobiletool.appstore.action.BackgroundService,0,0.036341857193512586,0.07268371438702517,566.5,86.99195365089808,"pearson_r, entropy_reduction_ratio, mutual_information",0.0,0.0,0.0,0.0,0.18170928596756294
intent_com.mobiletool.appstore.action.appdetail,0,0.036341857193512586,0.07268371438702517,566.5,86.99195365089808,"pearson_r, entropy_reduction_ratio, mutual_information",0.0,0.0,0.0,0.0,0.18170928596756294
intent_com.mobiletool.appstore.action.download,0,0.036341857193512586,0.07268371438702517,566.5,86.99195365089808,"pearson_r, entropy_reduction_ratio, mutual_information",0.0,0.0,0.0,0.0,0.18170928596756294
intent_android.intent.action.PACKAGE_INSTALL,0,0.036341857193512586,0.07268371438702517,566.5,86.99195365089808,"pearson_r, entropy_reduction_ratio, mutual_information",0.0,0.0,0.0,0.0,0.18170928596756294
perm_com.meizu.c2dm.permission.RECEIVE,0,0.036341857193512586,0.07268371438702517,566.5,86.99195365089808,"pearson_r, entropy_reduction_ratio, mutual_information",0.0,0.0,0.0,0.0,0.18170928596756294
perm_com.facebook.permission.prod.FB_APP_COMMUNICATION,0,0.036341857193512586,0.07268371438702517,566.5,86.99195365089808,"pearson_r, entropy_reduction_ratio, mutual_information",0.0,0.0,0.0,0.0,0.18170928596756294
perm_android.permission.REBOOT_IPO,0,0.036341857193512586,0.07268371438702517,566.5,86.99195365089808,"pearson_r, entropy_reduction_ratio, mutual_information",0.0,0.0,0.0,0.0,0.18170928596756294
intent_com.qihoo360.accounts.action.START_SERVICE,0,0.036341857193512586,0.07268371438702517,566.5,86.99195365089808,"pearson_r, entropy_reduction_ratio, mutual_information",0.0,0.0,0.0,0.0,0.18170928596756294
perm_android.permission.MODE_WORLD_READABLE,0,0.036341857193512586,0.07268371438702517,566.5,86.99195365089808,"pearson_r, entropy_reduction_ratio, mutual_information",0.0,0.0,0.0,0.0,0.18170928596756294
intent_com.huawei.android.push.intent.CLICK,0,0.036341857193512586,0.07268371438702517,566.5,86.99195365089808,"pearson_r, entropy_reduction_ratio, mutual_information",0.0,0.0,0.0,0.0,0.18170928596756294
intent_com.kingroot.common.ACTION_NOTIFY_IN_SELF_APP_MAIN,0,0.036341857193512586,0.07268371438702517,566.5,86.99195365089808,"pearson_r, entropy_reduction_ratio, mutual_information",0.0,0.0,0.0,0.0,0.18170928596756294
intent_com.datouniao.AdPublisher.service.check,0,0.036341857193512586,0.07268371438702517,566.5,86.99195365089808,"pearson_r, entropy_reduction_ratio, mutual_information",0.0,0.0,0.0,0.0,0.18170928596756294
intent_com.kingroot.common.ACTION_NEW_APP_STARTED,0,0.036341857193512586,0.07268371438702517,566.5,86.99195365089808,"pearson_r, entropy_reduction_ratio, mutual_information",0.0,0.0,0.0,0.0,0.18170928596756294
intent_com.kingroot.kinguser.gamebox.ACTION_GAME_ADDED,0,0.036341857193512586,0.07268371438702517,566.5,86.99195365089808,"pearson_r, entropy_reduction_ratio, mutual_information",0.0,0.0,0.0,0.0,0.18170928596756294
intent_com.kingroot.kinguser.action.update,0,0.036341857193512586,0.07268371438702517,566.5,86.99195365089808,"pearson_r, entropy_reduction_ratio, mutual_information",0.0,0.0,0.0,0.0,0.18170928596756294
intent_com.qihoo.appstore.reservation.alarm,0,0.036341857193512586,0.07268371438702517,566.5,86.99195365089808,"pearson_r, entropy_reduction_ratio, mutual_information",0.0,0.0,0.0,0.0,0.18170928596756294
intent_com.kingroot.common.ACTION_TOP_APP_CHANGED,0,0.036341857193512586,0.07268371438702517,566.5,86.99195365089808,"pearson_r, entropy_reduction_ratio, mutual_information",0.0,0.0,0.0,0.0,0.18170928596756294
intent_com.kingroot.common.ACTION_TOP_ACTIVITY_CHANGED,0,0.036341857193512586,0.07268371438702517,566.5,86.99195365089808,"pearson_r, entropy_reduction_ratio, mutual_information",0.0,0.0,0.0,0.0,0.18170928596756294
intent_com.kingroot.common.ACTION_SWITCH_OUT_DESKTOP,0,0.036341857193512586,0.07268371438702517,566.5,86.99195365089808,"pearson_r, entropy_reduction_ratio, mutual_information",0.0,0.0,0.0,0.0,0.18170928596756294
intent_com.kingroot.common.ACTION_NOTIFY_OUT_SELF_APP_BY_MAIN,0,0.036341857193512586,0.07268371438702517,566.5,86.99195365089808,"pearson_r, entropy_reduction_ratio, mutual_information",0.0,0.0,0.0,0.0,0.18170928596756294
intent_com.onesignal.NotificationExtender,0,0.036341857193512586,0.07268371438702517,566.5,86.99195365089808,"pearson_r, entropy_reduction_ratio, mutual_information",0.0,0.0,0.0,0.0,0.18170928596756294
intent_org.agoo.android.intent.action.ELECTION_V2,0,0.036341857193512586,0.07268371438702517,566.5,86.99195365089808,"pearson_r, entropy_reduction_ratio, mutual_information",0.0,0.0,0.0,0.0,0.18170928596756294
intent_com.excelliance.open.action.appstate,0,0.036341857193512586,0.07268371438702517,566.5,86.99195365089808,"pearson_r, entropy_reduction_ratio, mutual_information",0.0,0.0,0.0,0.0,0.18170928596756294
intent_com.excelliance.open.action.dmchk,0,0.036341857193512586,0.07268371438702517,566.5,86.99195365089808,"pearson_r, entropy_reduction_ratio, mutual_information",0.0,0.0,0.0,0.0,0.18170928596756294
intent_com.ss.android.socialbase.downloader.remote,0,0.036341857193512586,0.07268371438702517,566.5,86.99195365089808,"pearson_r, entropy_reduction_ratio, mutual_information",0.0,0.0,0.0,0.0,0.18170928596756294
intent_com.sogou.androidtool.action.topicdetail,0,0.036341857193512586,0.07268371438702517,566.5,86.99195365089808,"pearson_r, entropy_reduction_ratio, mutual_information",0.0,0.0,0.0,0.0,0.18170928596756294
intent_com.sogou.androidtool.action.main,0,0.036341857193512586,0.07268371438702517,566.5,86.99195365089808,"pearson_r, entropy_reduction_ratio, mutual_information",0.0,0.0,0.0,0.0,0.18170928596756294
intent_com.sogou.androidtool.action.backtomarket,0,0.036341857193512586,0.07268371438702517,566.5,86.99195365089808,"pearson_r, entropy_reduction_ratio, mutual_information",0.0,0.0,0.0,0.0,0.18170928596756294
intent_com.sogou.androidtool.action.specialdetail,0,0.036341857193512586,0.07268371438702517,566.5,86.99195365089808,"pearson_r, entropy_reduction_ratio, mutual_information",0.0,0.0,0.0,0.0,0.18170928596756294
intent_com.sogou.androidtool.action.extend,0,0.036341857193512586,0.07268371438702517,566.5,86.99195365089808,"pearson_r, entropy_reduction_ratio, mutual_information",0.0,0.0,0.0,0.0,0.18170928596756294
intent_com.chance.service,0,0.036341857193512586,0.07268371438702517,566.5,86.99195365089808,"pearson_r, entropy_reduction_ratio, mutual_information",0.0,0.0,0.0,0.0,0.18170928596756294
intent_com.sogou.androidtool.action.sdk,0,0.036341857193512586,0.07268371438702517,566.5,86.99195365089808,"pearson_r, entropy_reduction_ratio, mutual_information",0.0,0.0,0.0,0.0,0.18170928596756294
perm_com.excelliance.dualaid.assist,0,0.036341857193512586,0.07268371438702517,566.5,86.99195365089808,"pearson_r, entropy_reduction_ratio, mutual_information",0.0,0.0,0.0,0.0,0.18170928596756294
intent_com.kingroot.master.action.NOTIFY_STATISTIC,0,0.036341857193512586,0.07268371438702517,566.5,86.99195365089808,"pearson_r, entropy_reduction_ratio, mutual_information",0.0,0.0,0.0,0.0,0.18170928596756294
intent_com.kingroot.master.action.NAIN_EXIT_NOTIFY,0,0.036341857193512586,0.07268371438702517,566.5,86.99195365089808,"pearson_r, entropy_reduction_ratio, mutual_information",0.0,0.0,0.0,0.0,0.18170928596756294
intent_com.kingroot.master.action.MAIN_EXIT_CHECK,0,0.036341857193512586,0.07268371438702517,566.5,86.99195365089808,"pearson_r, entropy_reduction_ratio, mutual_information",0.0,0.0,0.0,0.0,0.18170928596756294
intent_com.sogou.androidtool.action.service,0,0.036341857193512586,0.07268371438702517,566.5,86.99195365089808,"pearson_r, entropy_reduction_ratio, mutual_information",0.0,0.0,0.0,0.0,0.18170928596756294
intent_com.sogou.androidtool.service.weathernotifyreceiver,0,0.036341857193512586,0.07268371438702517,566.5,86.99195365089808,"pearson_r, entropy_reduction_ratio, mutual_information",0.0,0.0,0.0,0.0,0.18170928596756294
perm_com.qihoo360.mobilesafe.news.permission.NEWS_SDK_BROADCAST,0,0.036341857193512586,0.07268371438702517,566.5,86.99195365089808,"pearson_r, entropy_reduction_ratio, mutual_information",0.0,0.0,0.0,0.0,0.18170928596756294
intent_com.qihoo.appstore.ACTION_CHECK_PHOTOS,0,0.036341857193512586,0.07268371438702517,566.5,86.99195365089808,"pearson_r, entropy_reduction_ratio, mutual_information",0.0,0.0,0.0,0.0,0.18170928596756294
intent_com.qihoo.appstore.plugin.share.IpluginService,0,0.036341857193512586,0.07268371438702517,566.5,86.99195365089808,"pearson_r, entropy_reduction_ratio, mutual_information",0.0,0.0,0.0,0.0,0.18170928596756294
perm_android.permission.ADDINSTALLKEY,0,0.036341857193512586,0.07268371438702517,566.5,86.99195365089808,"pearson_r, entropy_reduction_ratio, mutual_information",0.0,0.0,0.0,0.0,0.18170928596756294
intent_com.secneo.plugin.action.APP_STARTED,0,0.036341857193512586,0.07268371438702517,566.5,86.99195365089808,"pearson_r, entropy_reduction_ratio, mutual_information",0.0,0.0,0.0,0.0,0.18170928596756294
intent_com.secneo.plugin.action.DAILY,0,0.036341857193512586,0.07268371438702517,566.5,86.99195365089808,"pearson_r, entropy_reduction_ratio, mutual_information",0.0,0.0,0.0,0.0,0.18170928596756294
intent_cn.ngds.android.intent.alarm,0,0.036341857193512586,0.07268371438702517,566.5,86.99195365089808,"pearson_r, entropy_reduction_ratio, mutual_information",0.0,0.0,0.0,0.0,0.18170928596756294
intent_com.qihoo.appstore.msplugin.install,0,0.036341857193512586,0.07268371438702517,566.5,86.99195365089808,"pearson_r, entropy_reduction_ratio, mutual_information",0.0,0.0,0.0,0.0,0.18170928596756294
intent_com.qihoo.appstore.utils.ActivityBroadcastReceiver.ACTION_INTENT_TRANSFER,0,0.036341857193512586,0.07268371438702517,566.5,86.99195365089808,"pearson_r, entropy_reduction_ratio, mutual_information",0.0,0.0,0.0,0.0,0.18170928596756294
intent_com.qihoo.appstore.ACTION_LOCK_SCREEN_AD_STATE_CHANGE,0,0.036341857193512586,0.07268371438702517,566.5,86.99195365089808,"pearson_r, entropy_reduction_ratio, mutual_information",0.0,0.0,0.0,0.0,0.18170928596756294
intent_com.qihoo.appstore.push.PushNotifyCancelReceiver.ACTION_INTENT_CANCEL,0,0.036341857193512586,0.07268371438702517,566.5,86.99195365089808,"pearson_r, entropy_reduction_ratio, mutual_information",0.0,0.0,0.0,0.0,0.18170928596756294
intent_com.qihoo.appstore.ACTION_LOCK_SCREEN_AD_ADD_LISTENER,0,0.036341857193512586,0.07268371438702517,566.5,86.99195365089808,"pearson_r, entropy_reduction_ratio, mutual_information",0.0,0.0,0.0,0.0,0.18170928596756294
intent_com.sogou.androidtool.service.weatherservice,0,0.036341857193512586,0.07268371438702517,566.5,86.99195365089808,"pearson_r, entropy_reduction_ratio, mutual_information",0.0,0.0,0.0,0.0,0.18170928596756294
perm_com.qiku.android.launcher3.permission.READ_UNREAD,0,0.036341857193512586,0.07268371438702517,566.5,86.99195365089808,"pearson_r, entropy_reduction_ratio, mutual_information",0.0,0.0,0.0,0.0,0.18170928596756294
perm_com.huaqin.launcherEx.permission.WRITE_SETTINGS,0,0.036341857193512586,0.07268371438702517,566.5,86.99195365089808,"pearson_r, entropy_reduction_ratio, mutual_information",0.0,0.0,0.0,0.0,0.18170928596756294
intent_android.provider.Telephony.SMS_RECEIVED2,0,0.036341857193512586,0.07268371438702517,566.5,86.99195365089808,"pearson_r, entropy_reduction_ratio, mutual_information",0.0,0.0,0.0,0.0,0.18170928596756294
perm_android.permission.SET_ACTIVITY_WATCHER,0,0.036341857193512586,0.07268371438702517,566.5,86.99195365089808,"pearson_r, entropy_reduction_ratio, mutual_information",0.0,0.0,0.0,0.0,0.18170928596756294
perm_com.android.launcher2.permission.UNINSTALL_SHORTCUT,0,0.036341857193512586,0.07268371438702517,566.5,86.99195365089808,"pearson_r, entropy_reduction_ratio, mutual_information",0.0,0.0,0.0,0.0,0.18170928596756294
intent_com.excelliance.dualaid.action.ext,0,0.036341857193512586,0.07268371438702517,566.5,86.99195365089808,"pearson_r, entropy_reduction_ratio, mutual_information",0.0,0.0,0.0,0.0,0.18170928596756294
intent_com.excelliance.dualaid.action.process.64,0,0.036341857193512586,0.07268371438702517,566.5,86.99195365089808,"pearson_r, entropy_reduction_ratio, mutual_information",0.0,0.0,0.0,0.0,0.18170928596756294
intent_android.net.wifi.PICK_WIFI_WORK,0,0.036341857193512586,0.07268371438702517,566.5,86.99195365089808,"pearson_r, entropy_reduction_ratio, mutual_information",0.0,0.0,0.0,0.0,0.18170928596756294
intent_android.net.conn.MEDIA_NOFS,0,0.036341857193512586,0.07268371438702517,566.5,86.99195365089808,"pearson_r, entropy_reduction_ratio, mutual_information",0.0,0.0,0.0,0.0,0.18170928596756294
perm_ANDROID.PERMISSION.SEND_SMS,0,0.036341857193512586,0.07268371438702517,566.5,86.99195365089808,"pearson_r, entropy_reduction_ratio, mutual_information",0.0,0.0,0.0,0.0,0.18170928596756294
intent_com.kingroot.kinguser.ANTILOG_DELETE,0,0.036341857193512586,0.07268371438702517,566.5,86.99195365089808,"pearson_r, entropy_reduction_ratio, mutual_information",0.0,0.0,0.0,0.0,0.18170928596756294
intent_com.kingroot.kinguser.gamebox.ACTION_GAME_DELETED,0,0.036341857193512586,0.07268371438702517,566.5,86.99195365089808,"pearson_r, entropy_reduction_ratio, mutual_information",0.0,0.0,0.0,0.0,0.18170928596756294
intent_android.intent.action.PACKAGE_FULLY_REMOVED,0,0.036341857193512586,0.07268371438702517,566.5,86.99195365089808,"pearson_r, entropy_reduction_ratio, mutual_information",0.0,0.0,0.0,0.0,0.18170928596756294
intent_com.urbanairship.push.RECEIVED,0,0.036341857193512586,0.07268371438702517,566.5,86.99195365089808,"pearson_r, entropy_reduction_ratio, mutual_information",0.0,0.0,0.0,0.0,0.18170928596756294
intent_io.intercom.android.sdk.INTERCOM_PUSH_DISMISSED,0,0.036341857193512586,0.07268371438702517,566.5,86.99195365089808,"pearson_r, entropy_reduction_ratio, mutual_information",0.0,0.0,0.0,0.0,0.18170928596756294
intent_io.intercom.android.sdk.INTERCOM_PUSH_OPENED,0,0.036341857193512586,0.07268371438702517,566.5,86.99195365089808,"pearson_r, entropy_reduction_ratio, mutual_information",0.0,0.0,0.0,0.0,0.18170928596756294
intent_com.excelliance.open.action.queryUpdate,0,0.036341857193512586,0.07268371438702517,566.5,86.99195365089808,"pearson_r, entropy_reduction_ratio, mutual_information",0.0,0.0,0.0,0.0,0.18170928596756294
intent_com.excelliance.open.action.fw,0,0.036341857193512586,0.07268371438702517,566.5,86.99195365089808,"pearson_r, entropy_reduction_ratio, mutual_information",0.0,0.0,0.0,0.0,0.18170928596756294
intent_com.urbanairship.push.DISMISSED,0,0.036341857193512586,0.07268371438702517,566.5,86.99195365089808,"pearson_r, entropy_reduction_ratio, mutual_information",0.0,0.0,0.0,0.0,0.18170928596756294
perm_com.lenovo.launcherhdmarket.permission.WRITE_SETTINGS,0,0.036341857193512586,0.07268371438702517,566.5,86.99195365089808,"pearson_r, entropy_reduction_ratio, mutual_information",0.0,0.0,0.0,0.0,0.18170928596756294
intent_qcast.service.Link_service,0,0.036341857193512586,0.07268371438702517,566.5,86.99195365089808,"pearson_r, entropy_reduction_ratio, mutual_information",0.0,0.0,0.0,0.0,0.18170928596756294
intent_android.intent.action.INSTALL,0,0.036341857193512586,0.07268371438702517,566.5,86.99195365089808,"pearson_r, entropy_reduction_ratio, mutual_information",0.0,0.0,0.0,0.0,0.18170928596756294
perm_baidu.push.permission.WRITE_PUSHINFOPROVIDER.com.esbook.reader,0,0.036341857193512586,0.07268371438702517,566.5,86.99195365089808,"pearson_r, entropy_reduction_ratio, mutual_information",0.0,0.0,0.0,0.0,0.18170928596756294
intent_com.ez.sj,0,0.036341857193512586,0.07268371438702517,566.5,86.99195365089808,"pearson_r, entropy_reduction_ratio, mutual_information",0.0,0.0,0.0,0.0,0.18170928596756294
intent_android.intent.action.TIME_TICK,0,0.036341857193512586,0.07268371438702517,566.5,86.99195365089808,"pearson_r, entropy_reduction_ratio, mutual_information",0.0,0.0,0.0,0.0,0.18170928596756294
perm_com.sonymobile.home.permission.PROVIDER_ACCESS_MODIFY_CONFIGURATION,0,0.036341857193512586,0.07268371438702517,566.5,86.99195365089808,"pearson_r, entropy_reduction_ratio, mutual_information",0.0,0.0,0.0,0.0,0.18170928596756294
intent_com.meizu.cloud.pushservice.action.PUSH_SERVICE_START,0,0.036341857193512586,0.07268371438702517,566.5,86.99195365089808,"pearson_r, entropy_reduction_ratio, mutual_information",0.0,0.0,0.0,0.0,0.18170928596756294
intent_android.fbreader.action.CLOSE,0,0.036341857193512586,0.07268371438702517,566.5,86.99195365089808,"pearson_r, entropy_reduction_ratio, mutual_information",0.0,0.0,0.0,0.0,0.18170928596756294
intent_android.fbreader.action.PLUGIN_CRASH,0,0.036341857193512586,0.07268371438702517,566.5,86.99195365089808,"pearson_r, entropy_reduction_ratio, mutual_information",0.0,0.0,0.0,0.0,0.18170928596756294
intent_wifi.intent.action.SDK_RESULT,0,0.036341857193512586,0.07268371438702517,566.5,86.99195365089808,"pearson_r, entropy_reduction_ratio, mutual_information",0.0,0.0,0.0,0.0,0.18170928596756294
perm_com.ibingo.launcher.permission.READ_SETTINGS,0,0.036341857193512586,0.07268371438702517,566.5,86.99195365089808,"pearson_r, entropy_reduction_ratio, mutual_information",0.0,0.0,0.0,0.0,0.18170928596756294
intent_com.android.utils.hades.ACTION_UPDATE_COMMON_RES,0,0.036341857193512586,0.07268371438702517,566.5,86.99195365089808,"pearson_r, entropy_reduction_ratio, mutual_information",0.0,0.0,0.0,0.0,0.18170928596756294
perm_android.permission.STOP_APP_SWITCHES,0,0.036341857193512586,0.07268371438702517,566.5,86.99195365089808,"pearson_r, entropy_reduction_ratio, mutual_information",0.0,0.0,0.0,0.0,0.18170928596756294
intent_com.excelliance.kxqp.action.space.stat,0,0.036341857193512586,0.07268371438702517,566.5,86.99195365089808,"pearson_r, entropy_reduction_ratio, mutual_information",0.0,0.0,0.0,0.0,0.18170928596756294
intent_com.excelliance.kxqp.action.time,0,0.036341857193512586,0.07268371438702517,566.5,86.99195365089808,"pearson_r, entropy_reduction_ratio, mutual_information",0.0,0.0,0.0,0.0,0.18170928596756294
intent_cryopiggy.start,0,0.036341857193512586,0.07268371438702517,566.5,86.99195365089808,"pearson_r, entropy_reduction_ratio, mutual_information",0.0,0.0,0.0,0.0,0.18170928596756294
intent_com.yulong.mms.NEW_MESSAGE_EXTERNAL,0,0.036341857193512586,0.07268371438702517,566.5,86.99195365089808,"pearson_r, entropy_reduction_ratio, mutual_information",0.0,0.0,0.0,0.0,0.18170928596756294
intent_android.settings.SYNC_SETTINGS,0,0.036341857193512586,0.07268371438702517,566.5,86.99195365089808,"pearson_r, entropy_reduction_ratio, mutual_information",0.0,0.0,0.0,0.0,0.18170928596756294
intent_com.excelliance.kxqp.action.explore,0,0.036341857193512586,0.07268371438702517,566.5,86.99195365089808,"pearson_r, entropy_reduction_ratio, mutual_information",0.0,0.0,0.0,0.0,0.18170928596756294
intent_com.excelliance.kxqp.action.launcher,0,0.036341857193512586,0.07268371438702517,566.5,86.99195365089808,"pearson_r, entropy_reduction_ratio, mutual_information",0.0,0.0,0.0,0.0,0.18170928596756294
intent_com.telecom.sdk_auth_ui.SMS_CODE_SEND_ACTIOIN,0,0.036341857193512586,0.07268371438702517,566.5,86.99195365089808,"pearson_r, entropy_reduction_ratio, mutual_information",0.0,0.0,0.0,0.0,0.18170928596756294
perm_android.Manifest.permission.READ_PHONE_STATE,0,0.036341857193512586,0.07268371438702517,566.5,86.99195365089808,"pearson_r, entropy_reduction_ratio, mutual_information",0.0,0.0,0.0,0.0,0.18170928596756294
intent_com.gridappsinc.launcher.theme.apk_action,0,0.036341857193512586,0.07268371438702517,566.5,86.99195365089808,"pearson_r, entropy_reduction_ratio, mutual_information",0.0,0.0,0.0,0.0,0.18170928596756294
intent_com.lge.launcher2.THEME,0,0.036341857193512586,0.07268371438702517,566.5,86.99195365089808,"pearson_r, entropy_reduction_ratio, mutual_information",0.0,0.0,0.0,0.0,0.18170928596756294
intent_com.android.utils.hades.ACTION_UPDATE_SYS_WRAPPER,0,0.036341857193512586,0.07268371438702517,566.5,86.99195365089808,"pearson_r, entropy_reduction_ratio, mutual_information",0.0,0.0,0.0,0.0,0.18170928596756294
perm_com.qihoo360.home.permission.WRITE_SETTINGS,0,0.036341857193512586,0.07268371438702517,566.5,86.99195365089808,"pearson_r, entropy_reduction_ratio, mutual_information",0.0,0.0,0.0,0.0,0.18170928596756294
perm_com.zte.mifavor.launcher.permission.WRITE_SETTINGS,0,0.036341857193512586,0.07268371438702517,566.5,86.99195365089808,"pearson_r, entropy_reduction_ratio, mutual_information",0.0,0.0,0.0,0.0,0.18170928596756294
perm_com.smartisanos.launcher.WRITE_DATABASE,0,0.036341857193512586,0.07268371438702517,566.5,86.99195365089808,"pearson_r, entropy_reduction_ratio, mutual_information",0.0,0.0,0.0,0.0,0.18170928596756294
perm_com.s.launcher.permission.WRITE_SETTINGS,0,0.036341857193512586,0.07268371438702517,566.5,86.99195365089808,"pearson_r, entropy_reduction_ratio, mutual_information",0.0,0.0,0.0,0.0,0.18170928596756294
intent_com.smartdialer.voip.action.STATE_RINGING,0,0.036341857193512586,0.07268371438702517,566.5,86.99195365089808,"pearson_r, entropy_reduction_ratio, mutual_information",0.0,0.0,0.0,0.0,0.18170928596756294
intent_android.intent.action.CREATE_SHORTCUT,0,0.03621778760738661,0.06989915279152667,319.0,344.153454145095,"pearson_r, mutual_information, entropy_reduction_ratio",0.00085223341042941,0.004180240518544933,4.917307282532085e-05,2.4636312524229622e-05,0.17598265472260916
perm_android.permission.RESTART_PACKAGES,0,0.03562587358640708,0.06808593717609608,309.7,363.68277385655756,"pearson_r, mutual_information, entropy_reduction_ratio",0.0025618671565171484,0.003575238656531143,0.0001475192184759626,7.421054467823343e-05,0.17177053235583292
intent_android.appwidget.action.APPWIDGET_CONFIGURE,0,0.0355533592550171,0.07021560175892051,323.6,345.8361461732998,"pearson_r, mutual_information, entropy_reduction_ratio",0.00085223341042941,0.0008580987566973711,4.917307282532085e-05,2.4636312524229622e-05,0.17598265472260916
perm_android.permission.CHANGE_WIFI_STATE,0,0.03538173950367762,0.0703011900872402,378.5,382.7866246357101,"pearson_r, entropy_reduction_ratio, chi2_stat",0.00085223341042941,0.0,4.917307282532085e-05,2.4636312524229622e-05,0.17598265472260916
intent_android.intent.action.PACKAGE_REMOVED,0,0.03538173950367762,0.0703011900872402,378.5,382.7866246357101,"pearson_r, entropy_reduction_ratio, chi2_stat",0.00085223341042941,0.0,4.917307282532085e-05,2.4636312524229622e-05,0.17598265472260916
perm_android.permission.GET_PACKAGE_SIZE,0,0.03538173950367762,0.0703011900872402,378.5,382.7866246357101,"pearson_r, entropy_reduction_ratio, chi2_stat",0.00085223341042941,0.0,4.917307282532085e-05,2.4636312524229622e-05,0.17598265472260916
perm_android.permission.CLEAR_APP_CACHE,0,0.03538173950367762,0.0703011900872402,378.5,382.7866246357101,"pearson_r, entropy_reduction_ratio, chi2_stat",0.00085223341042941,0.0,4.917307282532085e-05,2.4636312524229622e-05,0.17598265472260916
perm_android.permission.BLUETOOTH,0,0.03538173950367762,0.0703011900872402,378.5,382.7866246357101,"pearson_r, entropy_reduction_ratio, chi2_stat",0.00085223341042941,0.0,4.917307282532085e-05,2.4636312524229622e-05,0.17598265472260916
perm_android.permission.BLUETOOTH_ADMIN,0,0.03538173950367762,0.0703011900872402,378.5,382.7866246357101,"pearson_r, entropy_reduction_ratio, chi2_stat",0.00085223341042941,0.0,4.917307282532085e-05,2.4636312524229622e-05,0.17598265472260916
perm_android.permission.WRITE_CONTACTS,0,0.03538173950367762,0.0703011900872402,378.5,382.7866246357101,"pearson_r, entropy_reduction_ratio, chi2_stat",0.00085223341042941,0.0,4.917307282532085e-05,2.4636312524229622e-05,0.17598265472260916
intent_com.google.android.c2dm.intent.RECEIVE,0,0.0350912769996041,0.06925858124974772,372.7,394.09130921653167,"pearson_r, entropy_reduction_ratio, chi2_stat",0.0017061868103528408,0.0,9.83461456506417e-05,4.9372774331370116e-05,0.17360247926768563
perm_android.permission.RECORD_AUDIO,0,0.0350912769996041,0.06925858124974772,372.7,394.09130921653167,"pearson_r, entropy_reduction_ratio, chi2_stat",0.0017061868103528408,0.0,9.83461456506417e-05,4.9372774331370116e-05,0.17360247926768563
intent_android.accessibilityservice.AccessibilityService,0,0.0350912769996041,0.06925858124974772,372.7,394.09130921653167,"pearson_r, entropy_reduction_ratio, chi2_stat",0.0017061868103528408,0.0,9.83461456506417e-05,4.9372774331370116e-05,0.17360247926768563
perm_android.permission.GET_ACCOUNTS,0,0.0350912769996041,0.06925858124974772,372.7,394.09130921653167,"pearson_r, entropy_reduction_ratio, chi2_stat",0.0017061868103528408,0.0,9.83461456506417e-05,4.9372774331370116e-05,0.17360247926768563
intent_android.intent.action.QUICKBOOT_POWERON,0,0.0350912769996041,0.06925858124974772,372.7,394.09130921653167,"pearson_r, entropy_reduction_ratio, chi2_stat",0.0017061868103528408,0.0,9.83461456506417e-05,4.9372774331370116e-05,0.17360247926768563
perm_android.permission.FOREGROUND_SERVICE,0,0.0350912769996041,0.06925858124974772,372.7,394.09130921653167,"pearson_r, entropy_reduction_ratio, chi2_stat",0.0017061868103528408,0.0,9.83461456506417e-05,4.9372774331370116e-05,0.17360247926768563
perm_android.permission.READ_CALENDAR,0,0.0350912769996041,0.06925858124974772,372.7,394.09130921653167,"pearson_r, entropy_reduction_ratio, chi2_stat",0.0017061868103528408,0.0,9.83461456506417e-05,4.9372774331370116e-05,0.17360247926768563
intent_android.appwidget.action.APPWIDGET_UPDATE,0,0.0350912769996041,0.06925858124974772,372.7,394.09130921653167,"pearson_r, entropy_reduction_ratio, chi2_stat",0.0017061868103528408,0.0,9.83461456506417e-05,4.9372774331370116e-05,0.17360247926768563
intent_android.media.AUDIO_BECOMING_NOISY,0,0.0350912769996041,0.06925858124974772,372.7,394.09130921653167,"pearson_r, entropy_reduction_ratio, chi2_stat",0.0017061868103528408,0.0,9.83461456506417e-05,4.9372774331370116e-05,0.17360247926768563
perm_android.permission.NFC,0,0.03491082585510085,0.068436653057894,368.4,401.677905790199,"pearson_r, entropy_reduction_ratio, chi2_stat",0.0025618671565171484,0.0,0.0001475192184759626,7.421054467823343e-05,0.17177053235583292
intent_android.intent.action.SEARCH,0,0.03491082585510085,0.068436653057894,368.4,401.677905790199,"pearson_r, entropy_reduction_ratio, chi2_stat",0.0025618671565171484,0.0,0.0001475192184759626,7.421054467823343e-05,0.17177053235583292
perm_com.google.android.c2dm.permission.RECEIVE,0,0.034700201402179755,0.06709550351934128,366.5,405.5031442541475,"pearson_r, entropy_reduction_ratio, chi2_stat",0.004278436726325052,0.0,0.0002458653641266043,0.00012418952404399285,0.1688525153964031
intent_android.intent.action.BOOT_COMPLETED,0,0.034597382904631095,0.06597309908606158,365.3,406.9257426115974,"pearson_r, entropy_reduction_ratio, chi2_stat",0.006001998625843775,0.0,0.00034421150977724594,0.0001745799443922144,0.16646612444314224
intent_com.android.vending.INSTALL_REFERRER,0,0.03456216448359531,0.0640797294454486,362.5,411.24542550647294,"pearson_r, entropy_reduction_ratio, chi2_stat",0.009470328916183018,0.0,0.0005409038010785295,0.00027661139488140184,0.1625229783058336
suspicious_Ljava/lang/System;->loadLibrary,0,0.03350959275580737,0.0639109873211222,365.1,409.8570970472514,"pearson_r, entropy_reduction_ratio, chi2_stat",0.0056010061719084904,0.0,0.00036930197735694054,0.000314116005495671,0.16126353962427575
suspicious_Ljava/lang/System;->load,0,0.03343491722940248,0.06345132182761952,364.5,410.79776046127614,"pearson_r, entropy_reduction_ratio, chi2_stat",0.006170408154580138,0.0,0.00040389164944558425,0.00034591686961971016,0.16025436947336696
