feature,method_count,aggregated_score,score_std,rank_mean,rank_std,top_methods,entropy_reduction_ratio,mutual_information,chi2_stat,f_stat,pearson_r
perm_android.permission.GET_TASKS,5,0.9153644650850804,0.16927106982983897,3.0,4.0,"entropy_reduction_ratio, chi2_stat, f_stat",1.0,0.5768223254254026,1.0,1.0,1.0
perm_android.permission.READ_PHONE_STATE,5,0.3926227875317777,0.26903137351746365,7.2,2.3151673805580453,"mutual_information, entropy_reduction_ratio, pearson_r",0.5496619186476545,0.7279458413734371,0.08742279740473319,0.060164438181874245,0.5379189420511895
perm_android.permission.ACCESS_WIFI_STATE,5,0.31955746949112884,0.31758597249974596,9.8,3.762977544445356,"mutual_information, pearson_r, entropy_reduction_ratio",0.26111267963877677,0.8709617176911297,0.01653311407506566,0.016046901346502274,0.43313293470416975
perm_android.permission.WRITE_EXTERNAL_STORAGE,5,0.2934699370623485,0.3787777042639109,15.4,7.552483035399682,"mutual_information, pearson_r, entropy_reduction_ratio",0.08697400528462795,1.0,0.0017508319770351902,0.0039211685061339525,0.3747036795439454
suspicious_getSubscriberId,4,0.4744615589167728,0.26203776251770755,50.8,96.60310554014296,"pearson_r, chi2_stat, entropy_reduction_ratio",0.4850137148113826,0.030776589552878545,0.586305727672781,0.4323388595497102,0.8378729029971114
perm_android.permission.SYSTEM_ALERT_WINDOW,4,0.4119770204718754,0.25931434244557927,147.2,285.9023609556241,"pearson_r, entropy_reduction_ratio, chi2_stat",0.5785951652147572,0.0,0.4264385007348705,0.2909230423134759,0.7639283940962733
intent_android.intent.action.DOWNLOAD_NOTIFICATION_CLICKED,4,0.36276899266670426,0.24815885090015266,83.8,156.13891251062304,"pearson_r, chi2_stat, f_stat",0.29409025474013323,0.006095376267510741,0.44420488316531664,0.29998250428292533,0.7694719448776354
intent_android.intent.action.DOWNLOAD_COMPLETE,4,0.36154991741320214,0.24991675377340702,148.4,285.32129258083773,"pearson_r, chi2_stat, f_stat",0.29409025474013323,0.0,0.44420488316531664,0.29998250428292533,0.7694719448776354
intent_android.intent.action.PACKAGE_ADDED,4,0.3305833642146415,0.1921829241469756,12.8,12.155657119218196,"pearson_r, entropy_reduction_ratio, chi2_stat",0.3669603056905763,0.1425252107414055,0.2842923338232469,0.17832969274409038,0.6808092780738884
n_services,4,0.2167215672969962,0.1727823737510453,17.4,16.85941873256608,"pearson_r, entropy_reduction_ratio, mutual_information",0.3577430127116619,0.12194241934974011,0.08923290020259006,0.032795468080809145,0.4818940361401798
suspicious_Ldalvik/system/PathClassLoader;,4,0.19944969871359347,0.17868693714680164,207.0,396.00656560213747,"entropy_reduction_ratio, mutual_information, pearson_r",0.48404660023620594,0.326788287475335,0.017766382430446297,0.046128482713086345,0.1225187407128937
n_permissions,4,0.19129815578961903,0.17586915608241738,17.0,12.149074038789951,"pearson_r, entropy_reduction_ratio, mutual_information",0.3744223039108465,0.1333906416551411,0.01175909141558041,0.01345653243041293,0.4234622095361142
n_api_calls,4,0.1653545727957974,0.19773468555597107,155.2,281.9477965865312,"pearson_r, entropy_reduction_ratio, f_stat",0.40525731205177334,0.0,0.0016307031131071095,0.010170164338114981,0.40971468447599163
n_activities,4,0.14472214634518335,0.17425897058676817,155.2,281.90665121632014,"pearson_r, entropy_reduction_ratio, f_stat",0.32813271045718123,0.0,0.004106044485302903,0.005581418503711595,0.38579055827972103
n_receivers,4,0.10780776550264044,0.15601135758951862,154.4,282.3201020118829,"pearson_r, entropy_reduction_ratio, chi2_stat",0.09291975608655759,0.0,0.022207978038057873,0.010917357425056467,0.41299373596353023
perm_android.permission.READ_EXTERNAL_STORAGE,4,0.10779078715461701,0.09524872150636292,213.6,391.7063185602193,"pearson_r, mutual_information, entropy_reduction_ratio",0.10664689685573635,0.16871919093433477,0.006526426198939455,0.004972513677539431,0.252088908106535
suspicious_system/bin/su,4,0.09827718491825103,0.15249131183576364,156.2,281.4174123966035,"pearson_r, entropy_reduction_ratio, chi2_stat",0.07175271443311655,0.0,0.012707704858511921,0.00794305404981115,0.3989824512498156
suspicious_Cipher,3,0.23182293593367936,0.30432757717890335,211.6,394.2935961945109,"mutual_information, entropy_reduction_ratio, f_stat",0.20806284490516372,0.8193823110548968,0.0008740489348311943,0.13079547477350506,0.0
intent_com.google.vr.vrcore.ACTION_NONE,3,0.08242136602252963,0.10606194054519313,228.8,383.388784395162,"pearson_r, mutual_information, entropy_reduction_ratio",0.03166505852480855,0.09321495007531731,0.0021754753996464857,0.0013015364089790638,0.28374980970389674
suspicious_Ldalvik/system/DexClassLoader;,3,0.0770113066099668,0.0786916309013648,290.4,385.51866362084206,"entropy_reduction_ratio, pearson_r, f_stat",0.20491842192447254,0.004834623312843506,0.0030592622807528703,0.042779052931346775,0.12946517260041826
n_providers,3,0.07667785089284321,0.10140219814704991,244.8,379.43979759640393,"pearson_r, mutual_information, entropy_reduction_ratio",0.050998249743710714,0.05205788332058114,0.003489825120266236,0.00210333661604849,0.2747399596636095
perm_android.permission.ACCESS_FINE_LOCATION,3,0.06840888451824698,0.10355478895662815,287.8,381.3756153715127,"pearson_r, entropy_reduction_ratio, mutual_information",0.056964419052571706,0.007404645341537988,0.0037617595452220476,0.002441754487672862,0.2714718441642303
perm_android.permission.ACCESS_COARSE_UPDATES,3,0.0632603369321773,0.11207303964033044,356.3,417.105334418058,"pearson_r, entropy_reduction_ratio, chi2_stat",0.026842299678547864,0.0,0.0018582185705313735,0.0010945834617206406,0.28650658295008663
n_used_permissions,2,0.31915858796156366,0.309609325045191,222.8,378.72702570585056,"mutual_information, entropy_reduction_ratio, pearson_r",0.47198452802532154,0.8212771240897382,5.890710354922529e-05,0.0002553820859219302,0.3022169985032874
perm_android.permission.ACCESS_NETWORK_STATE,2,0.2327782484916278,0.3257706973148644,47.8,36.11315549768533,"mutual_information, pearson_r, entropy_reduction_ratio",0.003152498202419453,0.8333303938539944,2.2890103110758415e-06,0.00012666793157366444,0.3272793934598402
suspicious_Base64,2,0.22561137732218656,0.31475985791366323,59.2,38.80927724140196,"mutual_information, pearson_r, entropy_reduction_ratio",0.0012571805611801701,0.8032588919279704,3.6403537477348626e-07,5.184440928614834e-05,0.3234886056771214
suspicious_getExternalStorageDirectory,2,0.2233312080627897,0.30980955911199604,55.9,37.11926723414675,"mutual_information, pearson_r, entropy_reduction_ratio",0.0018876750549978467,0.7897452008304475,8.207276407117009e-07,7.172227788957664e-05,0.3249506214229729
n_urls,2,0.0976470251844157,0.12140379828759801,301.0,376.58836944334854,"pearson_r, entropy_reduction_ratio, mutual_information",0.19589091089196004,0.0030482902957559756,0.00023088840163978778,0.0009929297911916361,0.28807210654153104
perm_android.permission.SET_WALLPAPER,2,0.06427662176626847,0.1115164405441268,293.3,379.36454763195786,"pearson_r, entropy_reduction_ratio, mutual_information",0.026842299678547864,0.005081424170455762,0.0018582185705313735,0.0010945834617206406,0.2865065829500867
intent_android.intent.action.MAIN,1,0.2612310843106237,0.38410512453834283,427.4,215.47491733378158,"mutual_information, pearson_r, entropy_reduction_ratio",0.0,0.9891365879895396,0.0,0.0,0.31701883356357896
suspicious_getSystemService,1,0.21914085902654595,0.30552852842859407,428.8,212.71144774083035,"mutual_information, pearson_r, entropy_reduction_ratio",0.0,0.7786854615691507,0.0,0.0,0.31701883356357896
intent_com.kingroot.common.ACTION_NOTIFY_OUT_SELF_APP_BY_MAIN,1,0.12502230583351898,0.15314644307910727,429.6,211.13275444610673,"pearson_r, mutual_information, entropy_reduction_ratio",0.0,0.30809269560401586,0.0,0.0,0.31701883356357896
intent_com.excelliance.kxqp.action.gp,1,0.1151878355068279,0.1422670011718145,429.8,210.7381313383983,"pearson_r, mutual_information, entropy_reduction_ratio",0.0,0.2589203439705605,0.0,0.0,0.31701883356357896
intent_com.qihoo.appstore.ACTION_LOCK_SCREEN_AD_ADD_LISTENER,1,0.10961411671011793,0.13697414288498067,430.0,210.3435285431905,"pearson_r, mutual_information, entropy_reduction_ratio",0.0,0.23105174998701067,0.0,0.0,0.31701883356357896
intent_com.baidu.action.Techain.VIEW,1,0.10709603737721589,0.13481728199307422,430.2,209.94894617501657,"pearson_r, mutual_information, entropy_reduction_ratio",0.0,0.21846135332250044,0.0,0.0,0.31701883356357896
intent_com.tencent.smtt.tbs.video.PLAY,1,0.10416144429037463,0.13250103055360585,430.4,209.55438434926623,"pearson_r, mutual_information, entropy_reduction_ratio",0.0,0.20378838788829423,0.0,0.0,0.31701883356357896
intent_com.dzbook.service.PerpareDataService,1,0.10412225018611272,0.13247158059315772,430.6,209.15984318219404,"pearson_r, mutual_information, entropy_reduction_ratio",0.0,0.20359241736698463,0.0,0.0,0.31701883356357896
intent_com.qihoo.express.push.MSG_ARRIVED,1,0.09987064248338595,0.1295191417479501,430.8,208.76532279092714,"pearson_r, mutual_information, entropy_reduction_ratio",0.0,0.1823343788533508,0.0,0.0,0.31701883356357896
perm_com.huawei.authentication.HW_ACCESS_AUTH_SERVICE,1,0.09779498323654139,0.12825797554347368,431.0,208.3708232934736,"pearson_r, mutual_information, entropy_reduction_ratio",0.0,0.17195608261912795,0.0,0.0,0.31701883356357896
intent_com.example.servicejar.action.START_ASSIST,1,0.09645789067284748,0.12751054484867594,431.4,207.58188745649272,"pearson_r, mutual_information, entropy_reduction_ratio",0.0,0.16527061980065844,0.0,0.0,0.31701883356357896
intent_safiap.framework.sdk.ISAFFramework,1,0.09645132607153066,0.12750700280266047,431.6,207.18745135746036,"pearson_r, mutual_information, entropy_reduction_ratio",0.0,0.16523779679407435,0.0,0.0,0.31701883356357896
perm_android.permission.DIAGNOSTIC,1,0.09614861386580144,0.12734503246645373,431.8,206.79303663324833,"pearson_r, mutual_information, entropy_reduction_ratio",0.0,0.16372423576542822,0.0,0.0,0.31701883356357896
intent_com.aspire.purchaseservice.BIND,1,0.09550855868625659,0.12701138422518654,432.0,206.3986434063945,"pearson_r, mutual_information, entropy_reduction_ratio",0.0,0.16052395986770396,0.0,0.0,0.31701883356357896
perm_android.permission.RECORD_AUDIO,1,0.07018276677485615,0.11137142894098595,255.6,373.4389374449322,"pearson_r, mutual_information, entropy_reduction_ratio",0.019411113806711105,0.038135155007825675,0.0013596721247790533,0.0007819701355222463,0.29122592279944265
suspicious_Ljava/lang/System;->loadLibrary,1,0.06937125686686052,0.1346719206280168,168.2,275.5085479617647,"pearson_r, entropy_reduction_ratio, f_stat",0.007126515230739684,0.0,0.0005154276651152981,0.0005505976129671484,0.3386637438254805
suspicious_Ljava/lang/System;->load,1,0.06908613739561317,0.13440183129271,169.4,274.91860613643456,"pearson_r, entropy_reduction_ratio, f_stat",0.006601902213552072,0.0,0.00047342800489294685,0.0005097350643720808,0.33784562169524873
perm_com.fx.launcher.permission.READ_SETTINGS,1,0.0670304546018308,0.12519133615350386,489.6,94.78945088985378,"pearson_r, mutual_information, entropy_reduction_ratio",0.0,0.01813343944557501,0.0,0.0,0.31701883356357896
perm_android.permission.ACCESS_COARSE_LOCATION,1,0.06557190248962488,0.13038870683213408,189.0,265.9150240208326,"pearson_r, entropy_reduction_ratio, chi2_stat",0.0012517294932313369,0.0,0.00015780933496431572,0.00010223861310970471,0.3263477350068191
intent_show_lock_app,1,0.06556754656328415,0.1257954479330736,500.0,75.79182013911527,"pearson_r, mutual_information, entropy_reduction_ratio",0.0,0.010818899252841801,0.0,0.0,0.31701883356357896
suspicious_getPackageInfo,1,0.0649595989365925,0.1292653965482272,201.6,260.28953109950464,"pearson_r, entropy_reduction_ratio, f_stat",0.0012571805611801701,0.0,3.6403537477348626e-07,5.184440928614834e-05,0.3234886056771214
intent_android.intent.action.EXTERNAL_APPLICATIONS_AVAILABLE,1,0.06340376671271579,0.12680753342543158,570.8,81.72490440496091,"pearson_r, entropy_reduction_ratio, mutual_information",0.0,0.0,0.0,0.0,0.31701883356357896
perm_android.permission.VIBRATE,1,0.0626720658204095,0.11408938251371738,357.2,414.9898312007175,"pearson_r, entropy_reduction_ratio, chi2_stat",0.020749143733820308,0.0,0.001450316933097657,0.0008376983999205103,0.2903231700352091
perm_com.yulong2.android.launcher.permission.READ_SETTINGS,0,0.09547396920136193,0.12699369594611246,432.2,206.00427180036826,"pearson_r, mutual_information, entropy_reduction_ratio",0.0,0.16035101244323072,0.0,0.0,0.31701883356357896
perm_com.android.launcher.permission.WRITE_SETTINGS,0,0.09536145642075207,0.12693640318478808,432.4,205.60992193957958,"pearson_r, mutual_information, entropy_reduction_ratio",0.0,0.1597884485401814,0.0,0.0,0.31701883356357896
perm_com.sec.android.permission.VOIP_INTERFACE,0,0.09509901398916738,0.12680421603664305,432.6,205.21559394938777,"pearson_r, mutual_information, entropy_reduction_ratio",0.0,0.15847623638225797,0.0,0.0,0.31701883356357896
perm_telecom.mdesk.permission.WRITE_SETTINGS,0,0.0947240907187468,0.1266189096601407,433.0,204.42700408703348,"pearson_r, mutual_information, entropy_reduction_ratio",0.0,0.156601620030155,0.0,0.0,0.31701883356357896
perm_android.permission.CHANGE_WIFI_MULTICAST_STATE,0,0.09453455531073966,0.12652681934150325,433.2,204.0327424704182,"pearson_r, mutual_information, entropy_reduction_ratio",0.0,0.1556539429901194,0.0,0.0,0.31701883356357896
perm_android.permission.RECORD_VIDEO,0,0.09427780694741938,0.12507895663137622,249.6,337.78253359225073,"pearson_r, mutual_information, entropy_reduction_ratio",0.0006279572480314277,0.15824261964847142,4.532240415930178e-05,2.453532047252381e-05,0.3124486001159622
intent_com.xiaomi.hy.push.client.ONCLICK,0,0.09402516571325252,0.12628462599678633,433.4,203.6385032355129,"pearson_r, mutual_information, entropy_reduction_ratio",0.0,0.15310699500268368,0.0,0.0,0.31701883356357896
intent_com.qihoo.appstore.activate,0,0.09357148676278548,0.12607546032793684,433.6,203.24428651256105,"pearson_r, mutual_information, entropy_reduction_ratio",0.0,0.15083860025034843,0.0,0.0,0.31701883356357896
perm_org.adw.launcher.permission.READ_SETTINGS,0,0.09313969006519571,0.1258821353071377,433.8,202.85009243281107,"pearson_r, mutual_information, entropy_reduction_ratio",0.0,0.1486796167623996,0.0,0.0,0.31701883356357896
perm_com.sonymobile.home.permission.PROVIDER_INSERT_BADGE,0,0.0927252171780292,0.12570186773886416,434.0,202.45592112852614,"pearson_r, mutual_information, entropy_reduction_ratio",0.0,0.14660725232656702,0.0,0.0,0.31701883356357896
perm_com.meizu.flyme.launcher.permission.WRITE_SETTINGS,0,0.09247239847457235,0.12559446822887713,434.2,202.0617727329937,"pearson_r, mutual_information, entropy_reduction_ratio",0.0,0.14534315880928278,0.0,0.0,0.31701883356357896
intent_com.qihoo.appstore.battery.START_EX,0,0.09156266537788912,0.12522413643494068,434.6,201.27354520651738,"pearson_r, mutual_information, entropy_reduction_ratio",0.0,0.14079449332586663,0.0,0.0,0.31701883356357896
intent_android.intent.action.START_PCM_PLAY_SERVICE,0,0.09145536145030583,0.1251821267809678,434.8,200.87946634735965,"pearson_r, mutual_information, entropy_reduction_ratio",0.0,0.1402579736879502,0.0,0.0,0.31701883356357896
perm_android.permission.RECEIVE_USER_PRESENT,0,0.09106297881110358,0.12503152453029173,435.0,200.48541094054698,"pearson_r, mutual_information, entropy_reduction_ratio",0.0,0.13829606049193893,0.0,0.0,0.31701883356357896
intent_com.Remind.alarm.repeat,0,0.08959997474545507,0.1245120045171911,435.4,199.69737103928034,"pearson_r, mutual_information, entropy_reduction_ratio",0.0,0.13098104016369638,0.0,0.0,0.31701883356357896
intent_com.mobiletool.appstore.action.appdetail,0,0.08930689536450132,0.12441594341928694,435.6,199.3033868252118,"pearson_r, mutual_information, entropy_reduction_ratio",0.0,0.1295156432589276,0.0,0.0,0.31701883356357896
intent_com.qihoo.appstore.battery.ACCESSIBILITY_ALERT,0,0.08925681766503127,0.12439979857230034,435.8,198.90942662428046,"pearson_r, mutual_information, entropy_reduction_ratio",0.0,0.1292652547615774,0.0,0.0,0.31701883356357896
suspicious_Landroid/telephony/SmsMessage;->getMessageBody,0,0.08891119407410014,0.1242905144735576,436.0,198.51549057945076,"pearson_r, mutual_information, entropy_reduction_ratio",0.0,0.12753713680692175,0.0,0.0,0.31701883356357896
perm_com.android.email.permission.READ_ATTACHMENT,0,0.08878198530919101,0.12425062232042715,436.2,198.12157883481547,"pearson_r, mutual_information, entropy_reduction_ratio",0.0,0.12689109298237608,0.0,0.0,0.31701883356357896
intent_cn.jpush.android.intent.UNREGISTRATION,0,0.08810526735043839,0.12405027489162311,436.4,197.72769153560662,"pearson_r, mutual_information, entropy_reduction_ratio",0.0,0.12350750318861296,0.0,0.0,0.31701883356357896
perm_com.google.android.googleapps.permission.GOOGLE_AUTH.YouTubeUser,0,0.08798489108827653,0.12401615009675347,436.6,197.33382882820675,"pearson_r, mutual_information, entropy_reduction_ratio",0.0,0.1229056218778037,0.0,0.0,0.31701883356357896
perm_android.permission.READ_CLIPS,0,0.08790832947392999,0.12399468438806897,436.8,196.93999086016024,"pearson_r, mutual_information, entropy_reduction_ratio",0.0,0.12252281380607102,0.0,0.0,0.31701883356357896
intent_com.qihoo.appstore.ACTION_GET_SIGNIN_FOR_NOTIFYCATION,0,0.08785380652183261,0.12397951072561879,437.0,196.5461777801848,"pearson_r, mutual_information, entropy_reduction_ratio",0.0,0.12225019904558412,0.0,0.0,0.31701883356357896
perm_dianxin.permission.READ_SETTINGS,0,0.08759648927398504,0.12390916979105215,437.4,195.75862688525373,"pearson_r, mutual_information, entropy_reduction_ratio",0.0,0.12096361280634628,0.0,0.0,0.31701883356357896
intent_com.android.deskclock.ALARM_SNOOZE,0,0.08758775789977213,0.1239068197540855,437.6,195.364889373705,"pearson_r, mutual_information, entropy_reduction_ratio",0.0,0.12091995593528174,0.0,0.0,0.31701883356357896
intent_com.sogou.androidtool.intent.action.COMMAND,0,0.0870364196599309,0.12376332754980533,438.0,194.5774909900937,"pearson_r, mutual_information, entropy_reduction_ratio",0.0,0.1181632647360756,0.0,0.0,0.31701883356357896
intent_android.intent.action.CHINAMOBILE_OMS_GAME,0,0.08650237337658087,0.12363355416747021,438.4,193.79019583043927,"pearson_r, mutual_information, entropy_reduction_ratio",0.0,0.11549303331932537,0.0,0.0,0.31701883356357896
intent_android.intent.action.SCREEN_ON,0,0.08644153445291983,0.1220159114773797,254.6,334.6506237854637,"pearson_r, mutual_information, entropy_reduction_ratio",0.0006279572480314277,0.1190612571759737,4.532240415930178e-05,2.453532047252381e-05,0.3124486001159622
intent_android.intent.action.CONFIGURATION_CHANGED,0,0.08638632550441241,0.12360655717119985,438.6,193.39658735355184,"pearson_r, mutual_information, entropy_reduction_ratio",0.0,0.11491279395848314,0.0,0.0,0.31701883356357896
intent_com.qihoo360.daemon.pcdaemon.ACTION_START_FROM_NOTIFICATION,0,0.08635260327842532,0.12359879276287272,438.8,193.00300515795084,"pearson_r, mutual_information, entropy_reduction_ratio",0.0,0.11474418282854765,0.0,0.0,0.31701883356357896
intent_com.xiaomi.mipush.MESSAGE_ARRIVED,0,0.08592056762727524,0.12350253374946922,439.0,192.60944940474755,"pearson_r, mutual_information, entropy_reduction_ratio",0.0,0.11258400457279723,0.0,0.0,0.31701883356357896
intent_android.intent.action.PHONE_STATE,0,0.08576711307145826,0.12184294461942102,255.0,334.4117222825779,"pearson_r, mutual_information, entropy_reduction_ratio",0.0006279572480314277,0.11568915026866584,4.532240415930178e-05,2.453532047252381e-05,0.3124486001159622
intent_com.kingroot.kinguser.ANTILOG_DELETE,0,0.08559095506762827,0.12343311230336655,439.2,192.21592025636167,"pearson_r, mutual_information, entropy_reduction_ratio",0.0,0.11093594177456238,0.0,0.0,0.31701883356357896
intent_com.urbanairship.push.OPENED,0,0.08555857462941752,0.12342648031648061,439.4,191.82241787653496,"pearson_r, mutual_information, entropy_reduction_ratio",0.0,0.11077403958350863,0.0,0.0,0.31701883356357896
intent_com.tencent.mm.plugin.openapi.Intent.ACTION_REFRESH_WXAPP,0,0.0853138816395031,0.12337745112835016,439.6,191.4289424303441,"pearson_r, mutual_information, entropy_reduction_ratio",0.0,0.10955057463393653,0.0,0.0,0.31701883356357896
intent_com.kinguser.kingroot.ACTION_INSTALL,0,0.08530708175971305,0.12337611607877819,439.8,191.03549408421463,"pearson_r, mutual_information, entropy_reduction_ratio",0.0,0.10951657523498627,0.0,0.0,0.31701883356357896
perm_xmpp.permission.RECEIVE_NOTIFICATION,0,0.08527132422226544,0.12336912008015226,440.0,190.64207300593435,"pearson_r, mutual_information, entropy_reduction_ratio",0.0,0.10933778754774819,0.0,0.0,0.31701883356357896
intent_com.qihoo.appstore.launcher.shortcut.GAME_RESERVATION,0,0.0848390266691,0.12328779164066091,440.2,190.24867936466734,"pearson_r, mutual_information, entropy_reduction_ratio",0.0,0.10717629978192102,0.0,0.0,0.31701883356357896
intent_android.net.wifi.RSSI_CHANGED,0,0.08467994454625248,0.12325937641602536,440.4,189.8553133309679,"pearson_r, mutual_information, entropy_reduction_ratio",0.0,0.10638088916768346,0.0,0.0,0.31701883356357896
intent_android.intent.action.apservice,0,0.08463397961014456,0.12325131788546044,440.8,189.0686647755254,"pearson_r, mutual_information, entropy_reduction_ratio",0.0,0.10615106448714387,0.0,0.0,0.31701883356357896
perm_qiku.permission.READ_WRITE_SAFE_SPACE,0,0.08457661019885923,0.12324135539873086,441.0,188.67538260197063,"pearson_r, mutual_information, entropy_reduction_ratio",0.0,0.10586421743071724,0.0,0.0,0.31701883356357896
intent_com.qihoo.appstore.checkupdate.RESTART_ALL_DOWNLOAD,0,0.08431933994768417,0.12319798332897311,441.2,188.28212873238925,"pearson_r, mutual_information, entropy_reduction_ratio",0.0,0.10457786617484185,0.0,0.0,0.31701883356357896
perm_com.lenovo.launcher.permission.READ_SETTINGS,0,0.08403667586546515,0.12315279118563745,441.4,187.88890334450303,"pearson_r, mutual_information, entropy_reduction_ratio",0.0,0.10316454576374678,0.0,0.0,0.31701883356357896
perm_com.facebook.katana.permission.CROSS_PROCESS_BROADCAST_MANAGER,0,0.08370084411653726,0.12310245170858769,441.6,187.49570661751164,"pearson_r, mutual_information, entropy_reduction_ratio",0.0,0.10148538701910734,0.0,0.0,0.31701883356357896
intent_org.agoo.android.intent.action.ELECTION_RESULT_V4,0,0.08368554070005743,0.12310024461758598,441.8,187.10253873210806,"pearson_r, mutual_information, entropy_reduction_ratio",0.0,0.10140886993670821,0.0,0.0,0.31701883356357896
perm_android.Manifest.permission.READ_PHONE_STATE,0,0.08362577101546746,0.12309169703507045,442.0,186.70939987049394,"pearson_r, mutual_information, entropy_reduction_ratio",0.0,0.10111002151375839,0.0,0.0,0.31701883356357896
perm_android.permission.READ_CALENDAR,0,0.083478700246072,0.11997937667018593,244.8,353.3506190740296,"pearson_r, mutual_information, entropy_reduction_ratio",0.0018876750549978467,0.10620890742442486,0.00013596721247790535,7.390583427434323e-05,0.30908704570418505
intent_com.kingroot.kinguser.service.IKCommonManagerInterface,0,0.08327832682029382,0.12304429749550942,442.4,185.92320995507794,"pearson_r, mutual_information, entropy_reduction_ratio",0.0,0.09937280053789012,0.0,0.0,0.31701883356357896
intent_com.excelliance.dualaid.action.downloadcomp,0,0.08321989765719102,0.12303671008594155,442.6,185.5301592733645,"pearson_r, mutual_information, entropy_reduction_ratio",0.0,0.09908065472237614,0.0,0.0,0.31701883356357896
intent_com.android.utils.hades.ACTION_UPDATE_COMMON_RES,0,0.08315737455282171,0.12302871346879811,442.8,185.13713835964947,"pearson_r, mutual_information, entropy_reduction_ratio",0.0,0.09876803920052955,0.0,0.0,0.31701883356357896
perm_android.permission.PROCESS_OUTGOING_CALLS,0,0.08290397194290558,0.12299760007004187,443.0,184.74414740391643,"pearson_r, mutual_information, entropy_reduction_ratio",0.0,0.09750102615094898,0.0,0.0,0.31701883356357896
intent_com.alimama.mobile.sdk.download.action,0,0.08287324339190012,0.12299396858104802,443.2,184.35118659775424,"pearson_r, mutual_information, entropy_reduction_ratio",0.0,0.09734738339592164,0.0,0.0,0.31701883356357896
perm_org.adwfreak.launcher.permission.WRITE_SETTINGS,0,0.08230297634429015,0.12293213117474461,443.4,183.95825613437412,"pearson_r, mutual_information, entropy_reduction_ratio",0.0,0.09449604815787183,0.0,0.0,0.31701883356357896
intent_com.qihoo.appstore.plugin.share.IpluginService,0,0.0822585430063288,0.1229277560792897,443.6,183.5653562086267,"pearson_r, mutual_information, entropy_reduction_ratio",0.0,0.09427388146806505,0.0,0.0,0.31701883356357896
intent_android.intent.action.UMS_DISCONNECTED,0,0.08223680919136575,0.12292563941602462,443.8,183.172487017019,"pearson_r, mutual_information, entropy_reduction_ratio",0.0,0.09416521239324982,0.0,0.0,0.31701883356357896
intent_cryopiggy.start,0,0.08202131417351902,0.12290548220208741,444.2,182.38684163063954,"pearson_r, mutual_information, entropy_reduction_ratio",0.0,0.09308773730401612,0.0,0.0,0.31701883356357896
intent_com.chance.service,0,0.08200366860420212,0.12290389844963917,444.4,181.99406583732338,"pearson_r, mutual_information, entropy_reduction_ratio",0.0,0.0929995094574316,0.0,0.0,0.31701883356357896
intent_com.yuetu.shentu.Intent.WECHAT_AUTH,0,0.08195516371779485,0.12289959707416521,444.6,181.60132158109423,"pearson_r, mutual_information, entropy_reduction_ratio",0.0,0.09275698502539531,0.0,0.0,0.31701883356357896
perm_android.permission.GET_ACCOUNTS,0,0.0819417699477785,0.11519279074268877,232.0,375.8590161217368,"pearson_r, mutual_information, entropy_reduction_ratio",0.008908507069031731,0.10012166019564397,0.000634513658230225,0.0003527807081930129,0.2996913881077936
intent_com.sogou.androidtool.action.specialdetail,0,0.08188078368886481,0.12289314956898234,444.8,181.20860906700875,"pearson_r, mutual_information, entropy_reduction_ratio",0.0,0.0923850848807451,0.0,0.0,0.31701883356357896
intent_android.net.ConnectivityManager.CONNECTIVITY_ACTION,0,0.08166978559971202,0.12287583780711334,445.0,180.81592850188835,"pearson_r, mutual_information, entropy_reduction_ratio",0.0,0.09133009443498119,0.0,0.0,0.31701883356357896
perm_android.permission.READ_CELL_BROADCASTS,0,0.08164648163122185,0.12287401451093882,445.2,180.42328009433817,"pearson_r, mutual_information, entropy_reduction_ratio",0.0,0.09121357459253025,0.0,0.0,0.31701883356357896
intent_com.android.utils.hades.ACTION_REGISTER_IMPLICIT_RECEIVERS,0,0.08099664200924743,0.1228302831390729,445.4,180.03066405476596,"pearson_r, mutual_information, entropy_reduction_ratio",0.0,0.08796437648265819,0.0,0.0,0.31701883356357896
intent_com.esbook.receiver.CLICK_BOOK_UPDATE,0,0.08050898723620012,0.12280649000272319,445.8,179.24552993031654,"pearson_r, mutual_information, entropy_reduction_ratio",0.0,0.0855261026174216,0.0,0.0,0.31701883356357896
perm_com.ebproductions.android.launcher.permission.READ_SETTINGS,0,0.0804865814420312,0.12280558281266488,446.0,178.85301227544366,"pearson_r, mutual_information, entropy_reduction_ratio",0.0,0.08541407364657706,0.0,0.0,0.31701883356357896
intent_com.qihoo.appstore.checkupdate.CHECK_BAOHE_UPDATE,0,0.08044870165054192,0.12280408627044198,446.2,178.4605278485974,"pearson_r, mutual_information, entropy_reduction_ratio",0.0,0.08522467468913066,0.0,0.0,0.31701883356357896
perm_com.fede.launcher.permission.WRITE_SETTINGS,0,0.0803783035389263,0.12280142910132824,446.4,178.06807686949395,"pearson_r, mutual_information, entropy_reduction_ratio",0.0,0.08487268413105258,0.0,0.0,0.31701883356357896
perm_com.samsung.android.providers.context.permission.READ_RECORD_AUDIO,0,0.08034767844229693,0.12280032353066044,446.6,177.675659559772,"pearson_r, mutual_information, entropy_reduction_ratio",0.0,0.08471955864790572,0.0,0.0,0.31701883356357896
perm_com.miui.mihome2.permission.READ_SETTINGS,0,0.08018479792211622,0.12279495670118613,446.8,177.28327614301355,"pearson_r, mutual_information, entropy_reduction_ratio",0.0,0.08390515604700217,0.0,0.0,0.31701883356357896
intent_com.secneo.plugin.action.DAILY,0,0.08010368758142927,0.12279260640513202,447.0,176.890926844765,"pearson_r, mutual_information, entropy_reduction_ratio",0.0,0.0834996043435674,0.0,0.0,0.31701883356357896
perm_android.permission.SET_DEBUG_APP,0,0.07980743140943485,0.12278584257170173,447.2,176.49861189255853,"pearson_r, mutual_information, entropy_reduction_ratio",0.0,0.0820183234835953,0.0,0.0,0.31701883356357896
intent_android.intent.action.USER_PRESENT,0,0.07979894105314225,0.1209587521935861,262.4,330.31052057117404,"pearson_r, mutual_information, entropy_reduction_ratio",0.0006279572480314277,0.08584829017708584,4.532240415930178e-05,2.453532047252381e-05,0.3124486001159622
intent_org.android.agoo.client.ElectionReceiverService,0,0.07930437870939892,0.12278090647028139,447.4,176.10633151593385,"pearson_r, mutual_information, entropy_reduction_ratio",0.0,0.07950305998341567,0.0,0.0,0.31701883356357896
intent_com.excelliance.kxqp.NEXT_CHAPTER,0,0.0792669948360902,0.12278086874154609,447.6,175.7140859464602,"pearson_r, mutual_information, entropy_reduction_ratio",0.0,0.07931614061687205,0.0,0.0,0.31701883356357896
intent_com.kingroot.common.ACTION_TOP_APP_CHANGED,0,0.07919639093629045,0.12278092168086976,447.8,175.3218754177584,"pearson_r, mutual_information, entropy_reduction_ratio",0.0,0.07896312111787329,0.0,0.0,0.31701883356357896
intent_com.mobiletool.appstore.browser.highspeed,0,0.07917126985953385,0.12278097968763685,448.0,174.92970016552363,"pearson_r, mutual_information, entropy_reduction_ratio",0.0,0.07883751573409023,0.0,0.0,0.31701883356357896
intent_com.mobiletool.appstore.intent.action.COMMAND,0,0.07916468047959967,0.12278099830674563,448.2,174.53756042754807,"pearson_r, mutual_information, entropy_reduction_ratio",0.0,0.07880456883441939,0.0,0.0,0.31701883356357896
perm_com.anddoes.launcher.permission.WRITE_SETTINGS,0,0.07902074954670213,0.12278175789613427,448.4,174.14545644374417,"pearson_r, mutual_information, entropy_reduction_ratio",0.0,0.07808491416993167,0.0,0.0,0.31701883356357896
intent_android.intent.action.DOWNLOAD_WAKEUP.sogou,0,0.07831523381424957,0.12279524247715169,448.6,173.75338845616795,"pearson_r, mutual_information, entropy_reduction_ratio",0.0,0.0745573355076689,0.0,0.0,0.31701883356357896
perm_com.sec.android.app.twlauncher.settings.READ_SETTINGS,0,0.0781974697357957,0.1227990722253111,448.8,173.36135670904284,"pearson_r, mutual_information, entropy_reduction_ratio",0.0,0.07396851511539945,0.0,0.0,0.31701883356357896
intent_cn.egame.terminal.sdk.SERVICE_CMD,0,0.0780128902542446,0.12280598346269565,449.0,172.96936144878376,"pearson_r, mutual_information, entropy_reduction_ratio",0.0,0.07304561770764405,0.0,0.0,0.31701883356357896
intent_com.qihoo.sdkplugging.host.service.CommonHostProxyService,0,0.07779377572468912,0.12281562776016158,449.2,172.5774029240213,"pearson_r, mutual_information, entropy_reduction_ratio",0.0,0.07195004505986669,0.0,0.0,0.31701883356357896
perm_android.permission.PERSISTENT_ACTIVITY,0,0.07776659557346832,0.12281693305131579,449.4,172.1854813856267,"pearson_r, mutual_information, entropy_reduction_ratio",0.0,0.07181414430376268,0.0,0.0,0.31701883356357896
intent_cn.jpush.android.intent.REPORT,0,0.07762953569577384,0.1228238815143769,449.6,171.7935970867366,"pearson_r, mutual_information, entropy_reduction_ratio",0.0,0.07112884491529027,0.0,0.0,0.31701883356357896
perm_com.yulong2.android.launcher.permission.WRITE_SETTINGS,0,0.07752365556549085,0.12282966783574391,449.8,171.40175028277864,"pearson_r, mutual_information, entropy_reduction_ratio",0.0,0.07059944426387528,0.0,0.0,0.31701883356357896
perm_net.qihoo.launcher.permission.READ_SETTINGS,0,0.07749734728387432,0.1228311621590535,450.0,171.00994123149684,"pearson_r, mutual_information, entropy_reduction_ratio",0.0,0.07046790285579262,0.0,0.0,0.31701883356357896
intent_android.intent.action.DATA_SMS_RECEIVED,0,0.07740374197102577,0.12283666159519216,450.2,170.618170192978,"pearson_r, mutual_information, entropy_reduction_ratio",0.0,0.06999987629154991,0.0,0.0,0.31701883356357896
intent_com.qihoo.commonservice.SERVICE,0,0.07735360144017953,0.12283972466451581,450.4,170.22643742967776,"pearson_r, mutual_information, entropy_reduction_ratio",0.0,0.06974917363731864,0.0,0.0,0.31701883356357896
perm_android.permission.SYSTEM_OVERLAY_WINDOW,0,0.07734450541422835,0.12284028910235473,450.6,169.8347432064476,"pearson_r, mutual_information, entropy_reduction_ratio",0.0,0.06970369350756284,0.0,0.0,0.31701883356357896
intent_com.excelliance.appmate.platform.gameservice.PlatService,0,0.07731418354279165,0.12284219011335742,450.8,169.44308779056172,"pearson_r, mutual_information, entropy_reduction_ratio",0.0,0.06955208415037926,0.0,0.0,0.31701883356357896
perm_android.permission.FORCE_STOP_PACKAGES,0,0.07730164770408153,0.12284298477848593,451.0,169.05147145174453,"pearson_r, mutual_information, entropy_reduction_ratio",0.0,0.06948940495682872,0.0,0.0,0.31701883356357896
perm_com.android.browser.permission.READ_HISTORY_BOOKMARKS,0,0.07714891626093445,0.12285307715755531,451.2,168.6598944621987,"pearson_r, mutual_information, entropy_reduction_ratio",0.0,0.06872574774109329,0.0,0.0,0.31701883356357896
intent_org.android.agoo.client.MessageReceiverService,0,0.07709103221229967,0.12285710033825926,451.6,167.8768596322912,"pearson_r, mutual_information, entropy_reduction_ratio",0.0,0.06843632749791942,0.0,0.0,0.31701883356357896
perm_android.permission.READ_PROFILE,0,0.0770272971115034,0.12286165622004314,451.8,167.48540234898087,"pearson_r, mutual_information, entropy_reduction_ratio",0.0,0.06811765199393802,0.0,0.0,0.31701883356357896
intent_com.excelliance.open.action.apkverchk,0,0.07700633740318052,0.1228631833117448,452.0,167.09398552910275,"pearson_r, mutual_information, entropy_reduction_ratio",0.0,0.06801285345232365,0.0,0.0,0.31701883356357896
intent_com.kingroot.kinguser.gamebox.ACTION_GAME_ADDED,0,0.07699576810413958,0.12286395879173978,452.2,166.70260945768067,"pearson_r, mutual_information, entropy_reduction_ratio",0.0,0.06796000695711889,0.0,0.0,0.31701883356357896
intent_qihu360.intent.action.EXPORT_STAT,0,0.07677230706778113,0.12288120438219106,452.4,166.31127442239148,"pearson_r, mutual_information, entropy_reduction_ratio",0.0,0.06684270177532663,0.0,0.0,0.31701883356357896
perm_android.permission.BIND_ACCESSIBILITY_SERVICE,0,0.07672756951379549,0.12288485199046469,452.6,165.91998071359578,"pearson_r, mutual_information, entropy_reduction_ratio",0.0,0.06661901400539849,0.0,0.0,0.31701883356357896
intent_com.xiaomi.mipush.ERROR,0,0.07664897514122986,0.12289141755295796,452.8,165.528728624369,"pearson_r, mutual_information, entropy_reduction_ratio",0.0,0.06622604214257033,0.0,0.0,0.31701883356357896
intent_com.qihoo360.daemon.pcdaemon.ACTION_START_SERVICE2,0,0.07643549643103155,0.12291026380819614,453.0,165.1375184505326,"pearson_r, mutual_information, entropy_reduction_ratio",0.0,0.06515864859157879,0.0,0.0,0.31701883356357896
perm_android.permission.PACKAGE_USAGE_STATS,0,0.0763415587948971,0.12098348596348915,268.2,327.5279530055412,"pearson_r, mutual_information, entropy_reduction_ratio",0.0006279572480314277,0.06856137888585999,4.532240415930178e-05,2.453532047252381e-05,0.3124486001159622
perm_android.permission.BLUETOOTH_ADMIN,0,0.07615178197444693,0.12293760097905515,453.4,164.3552250462394,"pearson_r, mutual_information, entropy_reduction_ratio",0.0,0.0637400763086557,0.0,0.0,0.31701883356357896
perm_android.permission.BROADCAST_PACKAGE_ADDED,0,0.07607520171767444,0.12294542763292189,453.6,163.9641424214453,"pearson_r, mutual_information, entropy_reduction_ratio",0.0,0.06335717502479327,0.0,0.0,0.31701883356357896
intent_android.settings.SYNC_SETTINGS,0,0.07595085948616628,0.12295854096175235,453.8,163.57310292343297,"pearson_r, mutual_information, entropy_reduction_ratio",0.0,0.06273546386725246,0.0,0.0,0.31701883356357896
intent_com.taobao.accs.intent.action.SERVICE,0,0.07593043281575011,0.12296074315609774,454.0,163.18210686224148,"pearson_r, mutual_information, entropy_reduction_ratio",0.0,0.06263333051517163,0.0,0.0,0.31701883356357896
intent_com.qihoo.appstore.battery.START,0,0.0755154659371967,0.12300840971905937,454.2,162.7911545508539,"pearson_r, mutual_information, entropy_reduction_ratio",0.0,0.06055849612240453,0.0,0.0,0.31701883356357896
intent_com.google.android.gms.measurement.UPLOAD,0,0.07549560829700105,0.12104969929327739,270.0,326.7433243388455,"pearson_r, mutual_information, entropy_reduction_ratio",0.0006279572480314277,0.06433162639637986,4.532240415930178e-05,2.453532047252381e-05,0.3124486001159622
perm_com.yulong.android.launcher.permission.WRITE_SETTINGS,0,0.07539787435691062,0.12302293200929906,454.4,162.40024630523192,"pearson_r, mutual_information, entropy_reduction_ratio",0.0,0.05997053822097406,0.0,0.0,0.31701883356357896
intent_com.qihoo360.mobilesafe.clean.DOWNLOADDLG,0,0.07538472559612075,0.12302458369134688,454.6,162.00938244435105,"pearson_r, mutual_information, entropy_reduction_ratio",0.0,0.05990479441702476,0.0,0.0,0.31701883356357896
intent_com.qihoo.appstore.floatwin.FloatWindowService,0,0.0752483354983048,0.12304204655368726,455.0,161.22778916799672,"pearson_r, mutual_information, entropy_reduction_ratio",0.0,0.059222843927945044,0.0,0.0,0.31701883356357896
intent_com.excelliance.dualaid.SHORTCUT_ALARM,0,0.07521203146220676,0.12304679626914636,455.2,160.83706040586543,"pearson_r, mutual_information, entropy_reduction_ratio",0.0,0.059041323747454875,0.0,0.0,0.31701883356357896
intent_com.amazon.device.messaging.intent.RECEIVE,0,0.07519590768099826,0.12304891945040579,455.4,160.44637733523308,"pearson_r, mutual_information, entropy_reduction_ratio",0.0,0.05896070484141238,0.0,0.0,0.31701883356357896
perm_android.permission.MODIFY_PHONE_STATE,0,0.07514115046372818,0.12305619269416083,455.8,159.6651496100511,"pearson_r, mutual_information, entropy_reduction_ratio",0.0,0.05868691875506201,0.0,0.0,0.31701883356357896
perm_android.permission.ACCESS_DOWNLOAD_MANAGER_ADVANCED,0,0.07513855246811908,0.12305654018955771,456.0,159.27460563441997,"pearson_r, mutual_information, entropy_reduction_ratio",0.0,0.05867392877701643,0.0,0.0,0.31701883356357896
intent_com.qihoo.hongbao.LOGIN,0,0.07492762800294676,0.1230854809627719,456.2,158.8841087082028,"pearson_r, mutual_information, entropy_reduction_ratio",0.0,0.05761930645115489,0.0,0.0,0.31701883356357896
intent_com.excelliance.kxqp.action.launcher,0,0.0749227625483427,0.12308616552737778,456.4,158.49365917916086,"pearson_r, mutual_information, entropy_reduction_ratio",0.0,0.0575949791781345,0.0,0.0,0.31701883356357896
perm_android.permission.DEVICE_POWER,0,0.07485393525519105,0.12309593145944975,456.6,158.10325739844833,"pearson_r, mutual_information, entropy_reduction_ratio",0.0,0.05725084271237626,0.0,0.0,0.31701883356357896
intent_android.intent.apicloud.notification,0,0.07482144624393439,0.12310059454834697,456.8,157.71290372065312,"pearson_r, mutual_information, entropy_reduction_ratio",0.0,0.05708839765609294,0.0,0.0,0.31701883356357896
intent_com.qihoo360.daemon.pcdaemon.ACTION_SEND_SMS_SEND_STATUS_FORWARD2,0,0.0747937820762489,0.12310459203230652,457.0,157.3225985038386,"pearson_r, mutual_information, entropy_reduction_ratio",0.0,0.056950076817665514,0.0,0.0,0.31701883356357896
intent_cn.xiaoneng.xpush.service,0,0.0747581986806609,0.12310977021909647,457.2,156.93234210958556,"pearson_r, mutual_information, entropy_reduction_ratio",0.0,0.05677215983972556,0.0,0.0,0.31701883356357896
intent_com.mobutils.android.mediation.MaterialNotificationReceiver.ACTION_AD_EXPIRES,0,0.07474597989707604,0.1231115577662216,457.4,156.542134903035,"pearson_r, mutual_information, entropy_reduction_ratio",0.0,0.05671106592180123,0.0,0.0,0.31701883356357896
intent_com.qihoo.appstore.launcher.shortcut.VIDEOWALLPAPER,0,0.07461105148116756,0.1231316178854272,457.6,156.1519772529314,"pearson_r, mutual_information, entropy_reduction_ratio",0.0,0.0560364238422588,0.0,0.0,0.31701883356357896
intent_android.net.conn.CONNECTIVITY_CHANGE,0,0.07449785739189126,0.12115811765028137,271.6,326.0776594616687,"pearson_r, mutual_information, entropy_reduction_ratio",0.0006279572480314277,0.05934287187083081,4.532240415930178e-05,2.453532047252381e-05,0.3124486001159622
intent_action.qihoo360.daemon.pcdaemon.DaemonStatus,0,0.07446993224427359,0.12315322755086415,457.8,155.7618695316668,"pearson_r, mutual_information, entropy_reduction_ratio",0.0,0.05533082765778904,0.0,0.0,0.31701883356357896
perm_android.permission.SUBSCRIBED_FEEDS_READ,0,0.07445921954029122,0.12315489425259103,458.0,155.37181211532547,"pearson_r, mutual_information, entropy_reduction_ratio",0.0,0.055277264137877126,0.0,0.0,0.31701883356357896
perm_dianxin.permission.ACCESS_LAUNCHER_DATA,0,0.07440816137504681,0.1231628888789522,458.4,154.59184972048172,"pearson_r, mutual_information, entropy_reduction_ratio",0.0,0.05502197331165507,0.0,0.0,0.31701883356357896
intent_android.intent.action.NEW_OUTGOING_CALL,0,0.07439716804278156,0.12117087899819526,272.4,325.7561050847704,"pearson_r, mutual_information, entropy_reduction_ratio",0.0006279572480314277,0.058839425125282355,4.532240415930178e-05,2.453532047252381e-05,0.3124486001159622
perm_android.permission.INJECT_EVENTS,0,0.07434266467986286,0.12317326746814092,458.6,154.20194551301873,"pearson_r, mutual_information, entropy_reduction_ratio",0.0,0.05469448983573534,0.0,0.0,0.31701883356357896
intent_com.excelliance.kxqp.action.navback,0,0.07431914741358372,0.1231770277841808,458.8,153.8120931526517,"pearson_r, mutual_information, entropy_reduction_ratio",0.0,0.05457690350433963,0.0,0.0,0.31701883356357896
intent_com.qihoo.appstore.download_one_apk,0,0.07430787162924102,0.12317883706581914,459.0,153.42229303461738,"pearson_r, mutual_information, entropy_reduction_ratio",0.0,0.05452052458262612,0.0,0.0,0.31701883356357896
intent_android.net.VpnService,0,0.07429852540542851,0.12318033984465022,459.2,153.0325455581263,"pearson_r, mutual_information, entropy_reduction_ratio",0.0,0.05447379346356363,0.0,0.0,0.31701883356357896
perm_com.google.android.googleapps.permission.GOOGLE_AUTH,0,0.07426019918597196,0.12318653178774885,459.4,152.64285112641204,"pearson_r, mutual_information, entropy_reduction_ratio",0.0,0.05428216236628078,0.0,0.0,0.31701883356357896
perm_com.fx.launcher.permission.WRITE_SETTINGS,0,0.07424368179541276,0.12318921493078985,459.6,152.25321014678147,"pearson_r, mutual_information, entropy_reduction_ratio",0.0,0.05419957541348479,0.0,0.0,0.31701883356357896
perm_android.permission.STOP_APP_SWITCHES,0,0.0739582464669366,0.1232369715659614,459.8,151.86362303066525,"pearson_r, mutual_information, entropy_reduction_ratio",0.0,0.05277239877110407,0.0,0.0,0.31701883356357896
intent_com.qihoo.appstore.launcher.shortcut.VIDEO,0,0.07395003663165248,0.12323838401648667,460.0,151.47409019366975,"pearson_r, mutual_information, entropy_reduction_ratio",0.0,0.052731349594683445,0.0,0.0,0.31701883356357896
intent_com.excelliance.kxqp.action.swpmain,0,0.07385482366390923,0.12325492341225462,460.2,151.0846120556293,"pearson_r, mutual_information, entropy_reduction_ratio",0.0,0.05225528475596716,0.0,0.0,0.31701883356357896
intent_pushy.me,0,0.07383081334134951,0.12325914033099432,460.4,150.69518904065916,"pearson_r, mutual_information, entropy_reduction_ratio",0.0,0.05213523314316861,0.0,0.0,0.31701883356357896
perm_android.permission.SEND_SMS,0,0.0736738861554029,0.12127233704052694,275.0,324.76329841901776,"pearson_r, mutual_information, entropy_reduction_ratio",0.0006279572480314277,0.05522301568838909,4.532240415930178e-05,2.453532047252381e-05,0.3124486001159622
intent_com.excelliance.dualaid.action.psjardl,0,0.07356082750678176,0.12330783528710451,461.0,149.5272550406781,"pearson_r, mutual_information, entropy_reduction_ratio",0.0,0.050785303970329855,0.0,0.0,0.31701883356357896
intent_android.media.browse.MediaBrowserService,0,0.07353449562268274,0.12331271005681567,461.2,149.1380568466681,"pearson_r, mutual_information, entropy_reduction_ratio",0.0,0.050653644549834766,0.0,0.0,0.31701883356357896
intent_android.intent.action.SENDTO,0,0.07340469243846866,0.12333706608994875,461.4,148.7489159624365,"pearson_r, mutual_information, entropy_reduction_ratio",0.0,0.050004628628764335,0.0,0.0,0.31701883356357896
perm_com.yulong.android.launcher.permission.READ_SETTINGS,0,0.07335870786348875,0.12334582446916682,461.6,148.359832838946,"pearson_r, mutual_information, entropy_reduction_ratio",0.0,0.04977470575386478,0.0,0.0,0.31701883356357896
perm_com.android.launcher3.permission.UNINSTALL_SHORTCUT,0,0.07331044676137909,0.12335508951957497,462.0,147.58184170147763,"pearson_r, mutual_information, entropy_reduction_ratio",0.0,0.049533400243316476,0.0,0.0,0.31701883356357896
intent_android.intent.action.SIG_STR,0,0.07327644721307788,0.12336166159687781,462.2,147.1929346130445,"pearson_r, mutual_information, entropy_reduction_ratio",0.0,0.04936340250181048,0.0,0.0,0.31701883356357896
intent_com.taobao.accs.intent.action.ELECTION,0,0.07319871148814212,0.12337682731796286,462.6,146.41529974698682,"pearson_r, mutual_information, entropy_reduction_ratio",0.0,0.04897472387713165,0.0,0.0,0.31701883356357896
perm_com.facebook.permission.prod.SYSTEM_COMMUNICATION,0,0.07313845553800677,0.12338871634369031,462.8,146.02657292424553,"pearson_r, mutual_information, entropy_reduction_ratio",0.0,0.048673444126454926,0.0,0.0,0.31701883356357896
perm_org.adwfreak.launcher.permission.READ_SETTINGS,0,0.07303133421546792,0.12341014005992905,463.0,145.63790715332325,"pearson_r, mutual_information, entropy_reduction_ratio",0.0,0.04813783751376068,0.0,0.0,0.31701883356357896
intent_aspire.iap.SMS_DELIVERED_ACTION,0,0.0728896271993507,0.12343904633219432,463.2,145.249302924317,"pearson_r, mutual_information, entropy_reduction_ratio",0.0,0.047429302433174544,0.0,0.0,0.31701883356357896
intent_com.excelliance.open.action.dmchk,0,0.07284608904852283,0.12344805681987675,463.4,144.86076073250481,"pearson_r, mutual_information, entropy_reduction_ratio",0.0,0.04721161167903514,0.0,0.0,0.31701883356357896
perm_android.permission.WRITE_SOCIAL_STREAM,0,0.07284251462560404,0.12141014579748254,277.6,323.85095337207207,"pearson_r, mutual_information, entropy_reduction_ratio",0.0006279572480314277,0.05106615803939473,4.532240415930178e-05,2.453532047252381e-05,0.3124486001159622
intent_com.tencent.android.tpush.action.FEEDBACK,0,0.07282028724633231,0.12345342533508008,463.6,144.4722810784131,"pearson_r, mutual_information, entropy_reduction_ratio",0.0,0.04708260266808264,0.0,0.0,0.31701883356357896
intent_com.excelliance.kxqp.action.SmtServService,0,0.072805716725351,0.1234564664127029,463.8,144.08386446788552,"pearson_r, mutual_information, entropy_reduction_ratio",0.0,0.04700975006317602,0.0,0.0,0.31701883356357896
perm_com.sonymobile.home.permission.PROVIDER_ACCESS_MODIFY_CONFIGURATION,0,0.07271624143623132,0.12347529034414428,464.0,143.69551141215234,"pearson_r, mutual_information, entropy_reduction_ratio",0.0,0.04656237361757763,0.0,0.0,0.31701883356357896
intent_android.intent.action.ACTION_PACKAGE_ADDED,0,0.07265764709243902,0.12348775646275284,464.2,143.30722242790137,"pearson_r, mutual_information, entropy_reduction_ratio",0.0,0.04626940189861609,0.0,0.0,0.31701883356357896
perm_com.android.launcher2.permission.WRITE_SETTINGS,0,0.07264768232373195,0.12348988743581599,464.4,142.91899803734978,"pearson_r, mutual_information, entropy_reduction_ratio",0.0,0.04621957805508078,0.0,0.0,0.31701883356357896
perm_android.permission.PERMISSION_NAME,0,0.07227575061920645,0.12357169793855655,464.8,142.14274515429904,"pearson_r, mutual_information, entropy_reduction_ratio",0.0,0.04435991953245326,0.0,0.0,0.31701883356357896
perm_android.permission.ACCESS_MTK_MMHW,0,0.07222433317377223,0.12358335578821263,465.0,141.75471773454314,"pearson_r, mutual_information, entropy_reduction_ratio",0.0,0.044102832305282245,0.0,0.0,0.31701883356357896
perm_android.permission.AUTHENTICATE_ACCOUNTS,0,0.07221755572318309,0.12064853313254485,271.8,335.92493209048956,"pearson_r, mutual_information, entropy_reduction_ratio",0.0012571805611801701,0.04914172161900228,9.064480831860356e-05,4.9170177377857253e-05,0.3105490614500366
intent_com.mobiletool.appstore.service.weathernotifyreceiver,0,0.07206701986081412,0.12361954776945124,465.4,140.97886366402588,"pearson_r, mutual_information, entropy_reduction_ratio",0.0,0.04331626574049162,0.0,0.0,0.31701883356357896
intent_cn.egame.terminal.sdk.RECEIVER_CMD,0,0.07205657774924706,0.12362197807849029,465.6,140.5910381212117,"pearson_r, mutual_information, entropy_reduction_ratio",0.0,0.043264055182656365,0.0,0.0,0.31701883356357896
perm_android.permission.INSTALL_PACKAGES,0,0.0720372054359489,0.11940308487064406,262.4,351.1048846142702,"pearson_r, mutual_information, entropy_reduction_ratio",0.0025194458760954322,0.049535784960156294,0.00018128961663720712,9.874092725673557e-05,0.3078507657995988
intent_com.qihoo.appstore.ACTION_CLEAN_STOP_SERVICE,0,0.07201161074125241,0.12363248351202383,465.8,140.20328098871295,"pearson_r, mutual_information, entropy_reduction_ratio",0.0,0.04303922014268307,0.0,0.0,0.31701883356357896
intent_com.getui.gis.action.64kVIzqls49c7TJxrBbWG4,0,0.07200387670685683,0.12363429688214683,466.0,139.81559283570627,"pearson_r, mutual_information, entropy_reduction_ratio",0.0,0.04300054997070518,0.0,0.0,0.31701883356357896
perm_android.permission.SET_ACTIVITY_WATCHER,0,0.0719721363276315,0.12364175891877434,466.2,139.42797423759697,"pearson_r, mutual_information, entropy_reduction_ratio",0.0,0.04284184807457854,0.0,0.0,0.31701883356357896
intent_action.com.excelliance.install.plugin,0,0.07194179806226011,0.12364892136610181,466.4,139.04042577610298,"pearson_r, mutual_information, entropy_reduction_ratio",0.0,0.042690156747721635,0.0,0.0,0.31701883356357896
intent_com.kingroot.master.action.NOTIFY_STATISTIC,0,0.07185638576542608,0.12366924369374914,466.6,138.65294803934032,"pearson_r, mutual_information, entropy_reduction_ratio",0.0,0.0422630952635514,0.0,0.0,0.31701883356357896
perm_com.teslacoilsw.launcher.permission.READ_SETTINGS,0,0.07174086645467512,0.12369709943111762,466.8,138.26554162190953,"pearson_r, mutual_information, entropy_reduction_ratio",0.0,0.041685498709796674,0.0,0.0,0.31701883356357896
intent_com.meizu.flyme.push.intent.MESSAGE,0,0.07173779103775166,0.12369784683282795,467.0,137.87820712498404,"pearson_r, mutual_information, entropy_reduction_ratio",0.0,0.041670121625179336,0.0,0.0,0.31701883356357896
intent_safiap.framework.ACTION_TO_INSTALL_IAP,0,0.07171272215228716,0.12370395042517926,467.4,137.10375633074392,"pearson_r, mutual_information, entropy_reduction_ratio",0.0,0.041544777197856896,0.0,0.0,0.31701883356357896
intent_com.umeng.message.autoupdate.handler.action,0,0.07171038820825107,0.1237045196958252,467.6,136.7166412694519,"pearson_r, mutual_information, entropy_reduction_ratio",0.0,0.0415331074776764,0.0,0.0,0.31701883356357896
perm_com.google.android.googleapps.permission.GOOGLE_AUTH.news,0,0.07164813122594768,0.12371976879127686,467.8,136.32960060089664,"pearson_r, mutual_information, entropy_reduction_ratio",0.0,0.04122182256615943,0.0,0.0,0.31701883356357896
intent_android.app.action.DEVICE_ADMIN_ENABLED,0,0.0715979598549088,0.12373214747055479,468.0,135.94263496048617,"pearson_r, mutual_information, entropy_reduction_ratio",0.0,0.04097096571096505,0.0,0.0,0.31701883356357896
intent_cn.uc.gamesdk.sdkweb,0,0.0714893598894493,0.12375921652344697,468.2,135.55574499076016,"pearson_r, mutual_information, entropy_reduction_ratio",0.0,0.040427965883667455,0.0,0.0,0.31701883356357896
perm_android.permission.ACCESS_LOCATION_EXTRA_COMMANDS,0,0.07142777274210163,0.12080982318405684,274.0,335.3323724306975,"pearson_r, mutual_information, entropy_reduction_ratio",0.0012571805611801701,0.04519280671359492,9.064480831860356e-05,4.9170177377857253e-05,0.3105490614500366
perm_com.google.android.googleapps.permission.GOOGLE_AUTH.talk,0,0.07141670236820832,0.12377753624445956,468.4,135.16893134148842,"pearson_r, mutual_information, entropy_reduction_ratio",0.0,0.04006467827746261,0.0,0.0,0.31701883356357896
intent_com.qihoo.appstore.gameunion.DOWNLOAD_SLIENT,0,0.0713501786539816,0.12379445660670271,468.6,134.78219466977083,"pearson_r, mutual_information, entropy_reduction_ratio",0.0,0.03973205970632907,0.0,0.0,0.31701883356357896
perm_android.permission.BIND_DIRECTORY_SEARCH,0,0.07101979443898321,0.12388057295751977,469.0,134.00895492466165,"pearson_r, mutual_information, entropy_reduction_ratio",0.0,0.038080138631337086,0.0,0.0,0.31701883356357896
intent_android.provider.OppoSpeechAssist.SMS_RECEIVED,0,0.07096691533069197,0.12389467777244029,469.2,133.62245320304518,"pearson_r, mutual_information, entropy_reduction_ratio",0.0,0.03781574308988084,0.0,0.0,0.31701883356357896
intent_com.excelliance.kxqp.platform.action.CRASH_REPORT,0,0.07075550242012142,0.1239519549407606,469.4,133.23603116274515,"pearson_r, mutual_information, entropy_reduction_ratio",0.0,0.03675867853702812,0.0,0.0,0.31701883356357896
perm_com.android.alarm.permission.SET_ALARM,0,0.0707385639999968,0.11865898201493484,262.2,356.03393096726046,"pearson_r, mutual_information, entropy_reduction_ratio",0.003786837243468738,0.04371774713420119,0.0002719344249558107,0.00014871849492286598,0.30576758270243537
intent_com.baidu.autoupdatesdk.ACTION_NEW_AS,0,0.07068951522135632,0.12397012245387136,469.8,132.46342891530477,"pearson_r, mutual_information, entropy_reduction_ratio",0.0,0.0364287425432026,0.0,0.0,0.31701883356357896
intent_com.qihoo.appstore.ACTION_CHARGE_SHOW_TIPS_DLG,0,0.07068836235587304,0.12397044108443252,470.0,132.07725012279747,"pearson_r, mutual_information, entropy_reduction_ratio",0.0,0.03642297821578628,0.0,0.0,0.31701883356357896
intent_android.intent.action.DOWNLOAD_WAKEUP,0,0.07059988102893756,0.12399502115715355,470.2,131.69115384109898,"pearson_r, mutual_information, entropy_reduction_ratio",0.0,0.03598057158110886,0.0,0.0,0.31701883356357896
perm_android.permission.WRITE_USER_DICTIONARY,0,0.07056231855604747,0.12400553088175402,470.4,131.30514079806625,"pearson_r, mutual_information, entropy_reduction_ratio",0.0,0.03579275921665841,0.0,0.0,0.31701883356357896
intent_com.ss.android.socialbase.downloader.remote,0,0.07053050949084791,0.12401446573239809,470.6,130.91921172998255,"pearson_r, mutual_information, entropy_reduction_ratio",0.0,0.03563371389066059,0.0,0.0,0.31701883356357896
intent_com.sogou.androidtool.action.update,0,0.07050123846442916,0.1240227159358961,470.8,130.53336738167755,"pearson_r, mutual_information, entropy_reduction_ratio",0.0,0.035487358758566866,0.0,0.0,0.31701883356357896
intent_com.mobiletool.appstore.action.BackgroundService,0,0.07049990737721837,0.12402309175414916,471.0,130.1476085066491,"pearson_r, mutual_information, entropy_reduction_ratio",0.0,0.03548070332251293,0.0,0.0,0.31701883356357896
perm_android.permission.READ_SETTINGS,0,0.07046269453063606,0.12403362107097313,471.2,129.7619358671872,"pearson_r, mutual_information, entropy_reduction_ratio",0.0,0.035294639089601336,0.0,0.0,0.31701883356357896
intent_com.qihoo.appstore.ACTION_STAT,0,0.07045037053117653,0.1240371177740522,471.4,129.37635023449997,"pearson_r, mutual_information, entropy_reduction_ratio",0.0,0.035233019092303676,0.0,0.0,0.31701883356357896
intent_com.snipermob.sdk.notification,0,0.07042006051035814,0.12404573808798956,471.6,128.99085238884192,"pearson_r, mutual_information, entropy_reduction_ratio",0.0,0.03508146898821171,0.0,0.0,0.31701883356357896
intent_com.qihoo360.daemon.pcdaemon.ACTION_START_DOWNLOAF_PAGE,0,0.07039124777591359,0.12405395947487978,471.8,128.60544311964404,"pearson_r, mutual_information, entropy_reduction_ratio",0.0,0.03493740531598896,0.0,0.0,0.31701883356357896
perm_com.google.android.googleapps.permission.GOOGLE_AUTH.youtube,0,0.07032684115165556,0.12407243198578702,472.0,128.2201232256466,"pearson_r, mutual_information, entropy_reduction_ratio",0.0,0.03461537219469886,0.0,0.0,0.31701883356357896
intent_com.mobiletool.appstore.service.weatherservice,0,0.07029014941037151,0.1240830141315198,472.2,127.83489351503368,"pearson_r, mutual_information, entropy_reduction_ratio",0.0,0.03443191348827864,0.0,0.0,0.31701883356357896
perm_com.google.android.providers.gsf.permission.READ_GSERVICES,0,0.0702705296435722,0.11831746492449788,263.2,357.5412703451169,"pearson_r, mutual_information, entropy_reduction_ratio",0.004422468240594633,0.041585288365493564,0.0003172568291151125,0.00017386016323884005,0.3048537746194188
intent_com.excelliance.appmate.share,0,0.07018943713213582,0.12411227859112631,472.4,127.44975480557035,"pearson_r, mutual_information, entropy_reduction_ratio",0.0,0.033928352097100135,0.0,0.0,0.31701883356357896
intent_com.qihoo.appstore.zhushouhelper.IZhushouHelperService,0,0.0701875234023083,0.12411283777100102,472.6,127.06470792474202,"pearson_r, mutual_information, entropy_reduction_ratio",0.0,0.03391878344796248,0.0,0.0,0.31701883356357896
intent_com.miui.smsextra.hhha,0,0.07018398556504453,0.12411387180905858,472.8,126.67975370989633,"pearson_r, mutual_information, entropy_reduction_ratio",0.0,0.03390109426164365,0.0,0.0,0.31701883356357896
intent_com.sogou.androidtool.browser.highspeed,0,0.07016781569987077,0.1241186029578748,473.0,126.29489300838732,"pearson_r, mutual_information, entropy_reduction_ratio",0.0,0.033820244935774874,0.0,0.0,0.31701883356357896
intent_android.intent.action.PACKAGE_RESTARTED,0,0.07012664181137696,0.12413068727362411,473.2,125.91012667772199,"pearson_r, mutual_information, entropy_reduction_ratio",0.0,0.033614375493305815,0.0,0.0,0.31701883356357896
perm_android.permission.BROADCAST_STICKY,0,0.07012617062235924,0.12413082587443032,473.4,125.52545558570979,"pearson_r, mutual_information, entropy_reduction_ratio",0.0,0.033612019548217256,0.0,0.0,0.31701883356357896
intent_com.qihoo.appstore.battery.STABLE_NOTIFY,0,0.07011983047506654,0.12413269151698182,473.6,125.14088061061422,"pearson_r, mutual_information, entropy_reduction_ratio",0.0,0.03358031881175369,0.0,0.0,0.31701883356357896
perm_com.htc.launcher.permission.UPDATE_SHORTCUT,0,0.07010630243164621,0.12413667649604077,473.8,124.75640264130735,"pearson_r, mutual_information, entropy_reduction_ratio",0.0,0.033512678594652144,0.0,0.0,0.31701883356357896
perm_com.samsung.svoice.sync.ACCESS_SERVICE,0,0.07002200948355022,0.12416163675450059,474.0,124.37202257742695,"pearson_r, mutual_information, entropy_reduction_ratio",0.0,0.03309121385417215,0.0,0.0,0.31701883356357896
intent_com.qihoo.appstore.ACTION_START_RADICALROOT,0,0.06998611360843927,0.1241723339640005,474.2,123.98774132953629,"pearson_r, mutual_information, entropy_reduction_ratio",0.0,0.03291173447861742,0.0,0.0,0.31701883356357896
intent_com.yuetu.shentu.Intent.WECHAT_PAY,0,0.0699590533444087,0.1241804249311254,474.4,123.60355981928674,"pearson_r, mutual_information, entropy_reduction_ratio",0.0,0.03277643315846459,0.0,0.0,0.31701883356357896
intent_show_taskmanagerwhitelist,0,0.06979758549703165,0.12422918263765702,474.6,123.21947897958341,"pearson_r, mutual_information, entropy_reduction_ratio",0.0,0.03196909392157926,0.0,0.0,0.31701883356357896
intent_com.qihoo.appstore.ACTION_GAME_UNION_WEB,0,0.0697913665821174,0.12423107694075922,474.8,122.83549975475331,"pearson_r, mutual_information, entropy_reduction_ratio",0.0,0.031937999347008,0.0,0.0,0.31701883356357896
perm_com.meizu.flyme.push.permission.RECEIVE,0,0.0697803244694506,0.12423444340385441,475.0,122.4516231007168,"pearson_r, mutual_information, entropy_reduction_ratio",0.0,0.03188278878367402,0.0,0.0,0.31701883356357896
perm_com.tencent.mm.ext.permission.WRITE,0,0.06975825712445317,0.12424118267195232,475.2,122.06784998516194,"pearson_r, mutual_information, entropy_reduction_ratio",0.0,0.03177245205868688,0.0,0.0,0.31701883356357896
perm_com.thunderst.launcher.permission.READ_SETTINGS,0,0.06965292063818676,0.12427356290576866,475.4,121.68418138772188,"pearson_r, mutual_information, entropy_reduction_ratio",0.0,0.031245769627354807,0.0,0.0,0.31701883356357896
intent_com.qihoo.appstore.stable_notification_broadcast,0,0.06964666367638966,0.1242754972552737,475.6,121.30061830015542,"pearson_r, mutual_information, entropy_reduction_ratio",0.0,0.031214484818369356,0.0,0.0,0.31701883356357896
perm_android.permission.CAMERA,0,0.06958954562442791,0.11276300895540295,257.4,371.43887787898564,"pearson_r, mutual_information, entropy_reduction_ratio",0.01609092336314595,0.036481549714744974,0.0011330601039825445,0.0006447077457938039,0.2935974871944723
perm_com.sonyericsson.home.permission.BROADCAST_BADGE,0,0.06954589220874234,0.12430682029453219,476.0,120.53381268341262,"pearson_r, mutual_information, entropy_reduction_ratio",0.0,0.030710627480132785,0.0,0.0,0.31701883356357896
intent_android.hardware.usb.action.USB_STATE,0,0.06953780586234636,0.12430934761352046,476.2,120.15057220005238,"pearson_r, mutual_information, entropy_reduction_ratio",0.0,0.03067019574815284,0.0,0.0,0.31701883356357896
perm_android.permission.DISABLE_KEYGUARD,0,0.06950154120753377,0.12432070706655501,476.4,119.76744131858207,"pearson_r, mutual_information, entropy_reduction_ratio",0.0,0.030488872474089886,0.0,0.0,0.31701883356357896
perm_com.motorola.dock.DesktopDock.permission.READ_SETTINGS,0,0.06945506454650552,0.12433532564403942,476.6,119.38442109421145,"pearson_r, mutual_information, entropy_reduction_ratio",0.0,0.030256489168948658,0.0,0.0,0.31701883356357896
perm_com.sonyericsson.homescreen.permission.READ_SETTINGS,0,0.06945408209655794,0.12433563539125382,476.8,119.00151259542879,"pearson_r, mutual_information, entropy_reduction_ratio",0.0,0.030251576919210755,0.0,0.0,0.31701883356357896
intent_com.cootek.smartinputv5.action.SP.DESTROY,0,0.06941468124061755,0.12434808266464986,477.0,118.6187169042053,"pearson_r, mutual_information, entropy_reduction_ratio",0.0,0.030054572639508784,0.0,0.0,0.31701883356357896
perm_com.miui.mihome2.permission.WRITE_SETTINGS,0,0.06938436532254423,0.12435769302399255,477.2,118.23603511620304,"pearson_r, mutual_information, entropy_reduction_ratio",0.0,0.029902993049142155,0.0,0.0,0.31701883356357896
intent_com.android.utils.hades.ACTION_START_SYS_WRAPPER,0,0.06936717711680558,0.12436315460732811,477.4,117.85346834098691,"pearson_r, mutual_information, entropy_reduction_ratio",0.0,0.029817052020448927,0.0,0.0,0.31701883356357896
perm_android.permission.MANAGE_ACCOUNTS,0,0.06927931576955723,0.12439121736240531,477.6,117.47101770224006,"pearson_r, mutual_information, entropy_reduction_ratio",0.0,0.029377745284207175,0.0,0.0,0.31701883356357896
perm_com.amazon.device.messaging.permission.RECEIVE,0,0.06927648424226493,0.1243921257706573,477.8,117.08868433798375,"pearson_r, mutual_information, entropy_reduction_ratio",0.0,0.029363587647745652,0.0,0.0,0.31701883356357896
intent_android.provider.Telephony.WAP_PUSH_RECEIVED,0,0.0692727357817574,0.1243933287350254,478.0,116.70646940080057,"pearson_r, mutual_information, entropy_reduction_ratio",0.0,0.02934484534520803,0.0,0.0,0.31701883356357896
intent_com.mobutils.android.mediation.MaterialNotificationReceiver.ACTION_CLICK_NOTIFICATION,0,0.06908208309924496,0.12445509369406733,478.2,116.32437405806232,"pearson_r, mutual_information, entropy_reduction_ratio",0.0,0.02839158193264583,0.0,0.0,0.31701883356357896
perm_com.fede.launcher.permission.READ_SETTINGS,0,0.06905255014165108,0.12446476311338991,478.4,115.94239949216164,"pearson_r, mutual_information, entropy_reduction_ratio",0.0,0.028243917144676448,0.0,0.0,0.31701883356357896
intent_android.intent.action.UMS_CONNECTED,0,0.06901708497322115,0.12447641084988843,478.6,115.5605469007481,"pearson_r, mutual_information, entropy_reduction_ratio",0.0,0.028066591302526773,0.0,0.0,0.31701883356357896
perm_com.android.launcher3.permission.WRITE_SETTINGS,0,0.06893483189759414,0.12450357636810976,478.8,115.1788174969686,"pearson_r, mutual_information, entropy_reduction_ratio",0.0,0.027655325924391717,0.0,0.0,0.31701883356357896
perm_android.permission.RESTART_PACKAGES,0,0.06892407703473645,0.12450714397964957,479.0,114.7972125097121,"pearson_r, mutual_information, entropy_reduction_ratio",0.0,0.027601551610103286,0.0,0.0,0.31701883356357896
intent_com.easou.eyou.START_EPAY_PROXY_ACTIVITY,0,0.06884683396739537,0.12453287327112932,479.2,114.41573318385895,"pearson_r, mutual_information, entropy_reduction_ratio",0.0,0.0272153362733979,0.0,0.0,0.31701883356357896
perm_android.permission.GET_INTENT_SENDER_INTENT,0,0.06873770105981128,0.12456954241671629,480.0,112.89109796613725,"pearson_r, mutual_information, entropy_reduction_ratio",0.0,0.02666967173547742,0.0,0.0,0.31701883356357896
intent_safiap.framework.ACTION_SET_TIMER,0,0.0687045930926649,0.12458074031055362,480.2,112.5102661982452,"pearson_r, mutual_information, entropy_reduction_ratio",0.0,0.02650413189974557,0.0,0.0,0.31701883356357896
perm_android.permission.BACKUP,0,0.06868517753627265,0.12458732301100726,480.4,112.12956791141218,"pearson_r, mutual_information, entropy_reduction_ratio",0.0,0.02640705411778428,0.0,0.0,0.31701883356357896
intent_android.intent.action.NOTIFICATION_UPDATE,0,0.06865424210269731,0.12459783572442445,480.6,111.74900446983857,"pearson_r, mutual_information, entropy_reduction_ratio",0.0,0.0262523769499076,0.0,0.0,0.31701883356357896
perm_android.permission.READ_INSTALL_SESSIONS,0,0.06861997737035427,0.12460951464723234,480.8,111.3685772558849,"pearson_r, mutual_information, entropy_reduction_ratio",0.0,0.026081053288192404,0.0,0.0,0.31701883356357896
perm_com.huawei.launcher2.permission.READ_SETTINGS,0,0.06860707089374206,0.12461392322764303,481.0,110.98828767036638,"pearson_r, mutual_information, entropy_reduction_ratio",0.0,0.026016520905131346,0.0,0.0,0.31701883356357896
intent_android.intent.action.MEDIA_UNMOUNTED,0,0.068555087304883,0.12463173227809494,481.2,110.60813713285293,"pearson_r, mutual_information, entropy_reduction_ratio",0.0,0.025756602960836057,0.0,0.0,0.31701883356357896
intent_show_feedback,0,0.06852804395617773,0.12464103034186583,481.4,110.22812708197488,"pearson_r, mutual_information, entropy_reduction_ratio",0.0,0.02562138621730971,0.0,0.0,0.31701883356357896
intent_com.android.utils.hades.ACTION_INIT_COMMON_RES,0,0.06851830450054383,0.1246443845469534,481.6,109.84825897573435,"pearson_r, mutual_information, entropy_reduction_ratio",0.0,0.025572688939140165,0.0,0.0,0.31701883356357896
perm_com.sonyericsson.home.READ_SETTINGS,0,0.06851726815884422,0.12464474163015965,481.8,109.46853429182288,"pearson_r, mutual_information, entropy_reduction_ratio",0.0,0.025567507230642175,0.0,0.0,0.31701883356357896
intent_cn.jpush.android.intent.NOTIFICATION_CLICK_ACTION,0,0.06851656890429944,0.12464498258508497,482.0,109.08895452794476,"pearson_r, mutual_information, entropy_reduction_ratio",0.0,0.02556401095791822,0.0,0.0,0.31701883356357896
intent_com.excelliance.dualaid.action.appcrash,0,0.06843232432780177,0.12467412366781723,482.2,108.70952120214677,"pearson_r, mutual_information, entropy_reduction_ratio",0.0,0.025142788075429894,0.0,0.0,0.31701883356357896
perm_com.lenovo.launcherhdmarket.permission.WRITE_SETTINGS,0,0.0683811118199896,0.12469194655088607,482.4,108.33023585315414,"pearson_r, mutual_information, entropy_reduction_ratio",0.0,0.02488672553636904,0.0,0.0,0.31701883356357896
intent_com.qihoo.appstore.launcher.shortcut.PLAYGAME,0,0.06835191255379361,0.12470214494291534,482.6,107.95110004071289,"pearson_r, mutual_information, entropy_reduction_ratio",0.0,0.024740729205389108,0.0,0.0,0.31701883356357896
perm_android.permission.BODY_SENSORS,0,0.06823750343453512,0.1247423598674627,482.8,107.57211534593897,"pearson_r, mutual_information, entropy_reduction_ratio",0.0,0.02416868360909662,0.0,0.0,0.31701883356357896
intent_com.qihoo.appstore.CHECK_STORAGE,0,0.06822812945034916,0.1247456728613468,483.0,107.19328337167399,"pearson_r, mutual_information, entropy_reduction_ratio",0.0,0.024121813688166863,0.0,0.0,0.31701883356357896
intent_com.google.Ps.Download,0,0.0681938545132524,0.1247578096918668,483.2,106.81460574284775,"pearson_r, mutual_information, entropy_reduction_ratio",0.0,0.02395043900268299,0.0,0.0,0.31701883356357896
intent_com.adroid.SERVICE,0,0.06816725363410442,0.12476725426584219,483.4,106.4360841068479,"pearson_r, mutual_information, entropy_reduction_ratio",0.0,0.02381743460694314,0.0,0.0,0.31701883356357896
intent_android.intent.action.QUICKBOOT_POWERON,0,0.06808908926314254,0.1247951334272532,483.6,106.0577201338969,"pearson_r, mutual_information, entropy_reduction_ratio",0.0,0.02342661275213377,0.0,0.0,0.31701883356357896
intent_android.provider.Telephony.SMS_RECEIVED2,0,0.06798604411729009,0.12483217655375028,484.0,105.30147197451706,"pearson_r, mutual_information, entropy_reduction_ratio",0.0,0.02291138702287149,0.0,0.0,0.31701883356357896
perm_com.google.android.googleapps.permission.GOOGLE_AUTH.adwords,0,0.06791598824677227,0.12485754852282158,484.4,104.54587509796836,"pearson_r, mutual_information, entropy_reduction_ratio",0.0,0.02256110767028235,0.0,0.0,0.31701883356357896
intent_com.qihoo.appstore.clean.result,0,0.06790639777219357,0.12486103371627166,484.6,104.16832532012792,"pearson_r, mutual_information, entropy_reduction_ratio",0.0,0.0225131552973889,0.0,0.0,0.31701883356357896
intent_com.huawei.android.push.intent.REGISTRATION,0,0.06788696977974114,0.12486810261082644,485.0,103.41373216357681,"pearson_r, mutual_information, entropy_reduction_ratio",0.0,0.022416015335126733,0.0,0.0,0.31701883356357896
intent_action_send_pop,0,0.06788515305190727,0.12486876422679541,485.2,103.0366924934996,"pearson_r, mutual_information, entropy_reduction_ratio",0.0,0.02240693169595745,0.0,0.0,0.31701883356357896
perm_android.permission.MANAGE_USERS,0,0.06785964506860208,0.12487806451726445,485.4,102.65982661197124,"pearson_r, mutual_information, entropy_reduction_ratio",0.0,0.02227939177943144,0.0,0.0,0.31701883356357896
perm_com.tencent.qqlauncher.permission.WRITE_SETTINGS,0,0.0677623700308458,0.12491371617652418,485.6,102.28313643998213,"pearson_r, mutual_information, entropy_reduction_ratio",0.0,0.021793016590650003,0.0,0.0,0.31701883356357896
intent_com.huawei.intent.action.PUSH,0,0.06774989108423325,0.12491831094815707,485.8,101.90662392602358,"pearson_r, mutual_information, entropy_reduction_ratio",0.0,0.02173062185758727,0.0,0.0,0.31701883356357896
intent_com.kingroot.common.ACTION_SWITCH_IN_DESKTOP,0,0.06766945824899498,0.12494804203549321,486.0,101.53029104656403,"pearson_r, mutual_information, entropy_reduction_ratio",0.0,0.02132845768139593,0.0,0.0,0.31701883356357896
perm_com.s.launcher.permission.WRITE_SETTINGS,0,0.0675952022607572,0.12497566746329737,486.2,101.15413980653486,"pearson_r, mutual_information, entropy_reduction_ratio",0.0,0.02095717774020706,0.0,0.0,0.31701883356357896
suspicious_setWifiEnabled,0,0.06754086687698532,0.12058321992469365,280.0,348.427897849756,"pearson_r, mutual_information, entropy_reduction_ratio",0.0025194458760954322,0.027054092165338457,0.00018128961663720712,9.874092725673557e-05,0.3078507657995988
perm_android.permission.BLUETOOTH,0,0.06753999304718848,0.12058351333230256,280.2,348.41779518273745,"pearson_r, mutual_information, entropy_reduction_ratio",0.0025194458760954322,0.027049723016354228,0.00018128961663720712,9.874092725673557e-05,0.3078507657995988
perm_com.google.android.googleapps.permission.GOOGLE_AUTH.print,0,0.06747414543179754,0.12502106934287052,486.4,100.77817223982584,"pearson_r, mutual_information, entropy_reduction_ratio",0.0,0.020351893595408736,0.0,0.0,0.31701883356357896
perm_com.google.android.googleapps.permission.GOOGLE_AUTH.grandcentral,0,0.06734113530072891,0.12507147564573115,486.8,100.02679640976213,"pearson_r, mutual_information, entropy_reduction_ratio",0.0,0.019686842940065546,0.0,0.0,0.31701883356357896
intent_com.baidu.android.pushservice.action.METHOD,0,0.06733501943797852,0.12507380646657762,487.0,99.65139236357915,"pearson_r, mutual_information, entropy_reduction_ratio",0.0,0.019656263626313678,0.0,0.0,0.31701883356357896
perm_com.google.android.finsky.permission.BIND_GET_INSTALL_REFERRER_SERVICE,0,0.06731639556044702,0.12508091132563898,487.2,99.27618042612237,"pearson_r, mutual_information, entropy_reduction_ratio",0.0,0.019563144238656145,0.0,0.0,0.31701883356357896
intent_download.service.action,0,0.06731189831077655,0.12508262859222666,487.4,98.90116278386215,"pearson_r, mutual_information, entropy_reduction_ratio",0.0,0.019540657990303783,0.0,0.0,0.31701883356357896
perm_android.permission.CHANGE_WIFI_STATE,0,0.06730010836440062,0.1187586625474731,274.6,358.5490761388181,"pearson_r, mutual_information, entropy_reduction_ratio",0.0050593964672261595,0.026878833479621864,0.00036257923327441424,0.00019910387323367318,0.304000628768647
intent_com.getui.gtc.sdk.service.action,0,0.06728840017796453,0.1250916114457288,487.6,98.52634165541721,"pearson_r, mutual_information, entropy_reduction_ratio",0.0,0.019423167326243693,0.0,0.0,0.31701883356357896
intent_co.ronash.pushe.RECEIVE,0,0.06722165749589283,0.12511721856111033,487.8,98.15171929212447,"pearson_r, mutual_information, entropy_reduction_ratio",0.0,0.01908945391588517,0.0,0.0,0.31701883356357896
intent_com.qihoo.appstore.ACTION_CHARGE_START_PLUGIN,0,0.06717165903701967,0.12513649128793147,488.0,97.77729797862078,"pearson_r, mutual_information, entropy_reduction_ratio",0.0,0.018839461621519372,0.0,0.0,0.31701883356357896
intent_android.intent.action.INPUT_METHOD_CHANGED,0,0.06715144197593632,0.1251443061299541,488.2,97.40308003343632,"pearson_r, mutual_information, entropy_reduction_ratio",0.0,0.018738376316102638,0.0,0.0,0.31701883356357896
intent_com.qihoo.appstore.checkupdate.INIT_APK_INFO,0,0.06708324526726754,0.1251707600974808,488.6,96.65526369525872,"pearson_r, mutual_information, entropy_reduction_ratio",0.0,0.01839739277275873,0.0,0.0,0.31701883356357896
perm_com.google.android.googleapps.permission.GOOGLE_AUTH.cl,0,0.06708064999277112,0.1251717696472552,488.8,96.28167011430577,"pearson_r, mutual_information, entropy_reduction_ratio",0.0,0.018384416400276677,0.0,0.0,0.31701883356357896
intent_selfupdate_notification_cancelled,0,0.06706522305519284,0.12517777492869486,489.0,95.90828952702681,"pearson_r, mutual_information, entropy_reduction_ratio",0.0,0.01830728171238525,0.0,0.0,0.31701883356357896
intent_com.excelliance.open.NEXT_CHAPTER,0,0.06705296117214073,0.1251825533605355,489.2,95.53512443075584,"pearson_r, mutual_information, entropy_reduction_ratio",0.0,0.018245972297124654,0.0,0.0,0.31701883356357896
perm_android.permission.RUN_INSTRUMENTATION,0,0.0670317672355317,0.1251908234937837,489.4,95.16217736054593,"pearson_r, mutual_information, entropy_reduction_ratio",0.0,0.01814000261407952,0.0,0.0,0.31701883356357896
perm_com.android.launcher.permission.INSTALL_SHORTCUT,0,0.06698651118642113,0.122094001845549,293.2,332.5957907129914,"pearson_r, mutual_information, entropy_reduction_ratio",0.0012571805611801701,0.02298649893519243,9.064480831860356e-05,4.9170177377857253e-05,0.3105490614500366
intent_com.mobiletool.appstore.action.service,0,0.06696863134248653,0.12521554169534832,489.8,94.41694763123833,"pearson_r, mutual_information, entropy_reduction_ratio",0.0,0.017824323148853675,0.0,0.0,0.31701883356357896
intent_com.google.android.gms.appinvite.ACTION_PREVIEW,0,0.0669663912616255,0.1252164209542015,490.0,94.04467023707404,"pearson_r, mutual_information, entropy_reduction_ratio",0.0,0.017813122744548538,0.0,0.0,0.31701883356357896
intent_ACTION.TAPCORE.MESSAGE,0,0.06696304938005615,0.1252177329696427,490.2,93.67262140027896,"pearson_r, mutual_information, entropy_reduction_ratio",0.0,0.017796413336701816,0.0,0.0,0.31701883356357896
intent_com.xiaomi.mipush.RECEIVE_MESSAGE,0,0.06691049086586001,0.1252384124393284,490.6,92.92922037766162,"pearson_r, mutual_information, entropy_reduction_ratio",0.0,0.017533620765721143,0.0,0.0,0.31701883356357896
intent_android.intent.action.UPDATE_NOTIFICATION,0,0.06690160525983849,0.12524191691669317,490.8,92.55787378716087,"pearson_r, mutual_information, entropy_reduction_ratio",0.0,0.01748919273561342,0.0,0.0,0.31701883356357896
intent_aspire.iap.SMS_SEND_ACTIOIN,0,0.06685926251497404,0.12525865015620016,491.0,92.18676694623801,"pearson_r, mutual_information, entropy_reduction_ratio",0.0,0.01727747901129125,0.0,0.0,0.31701883356357896
perm_android.permission.MODIFY_AUDIO_SETTINGS,0,0.06682051534976545,0.11395580979094944,272.6,369.67369395184176,"pearson_r, mutual_information, entropy_reduction_ratio",0.015431102988653689,0.022871315685457864,0.0010877376998232428,0.0006176080269226006,0.29409481234796986
perm_android.permission.SEND_DOWNLOAD_COMPLETED_INTENTS,0,0.06679823079725744,0.1252828657928329,491.2,91.81590276199434,"pearson_r, mutual_information, entropy_reduction_ratio",0.0,0.016972320422708256,0.0,0.0,0.31701883356357896
intent_cn.jpush.android.intent.REGISTRATION,0,0.06676268117443178,0.1252970235121698,491.4,91.44528418677478,"pearson_r, mutual_information, entropy_reduction_ratio",0.0,0.016794572308579937,0.0,0.0,0.31701883356357896
perm_android.permission.BATTERY_STATS,0,0.06675920698352236,0.1252984091949631,491.6,91.07491421900983,"pearson_r, mutual_information, entropy_reduction_ratio",0.0,0.01677720135403284,0.0,0.0,0.31701883356357896
perm_android.permission.CHANGE_NETWORK_STATE,0,0.06673681709950646,0.1214706568945149,289.0,342.1141622324338,"pearson_r, mutual_information, entropy_reduction_ratio",0.0018876750549978467,0.022499491691597182,0.00013596721247790535,7.390583427434323e-05,0.30908704570418505
perm_android.permission.RAISED_THREAD_PRIORITY,0,0.06672374748562282,0.12531257339125887,491.8,90.70479590407555,"pearson_r, mutual_information, entropy_reduction_ratio",0.0,0.016599903864535144,0.0,0.0,0.31701883356357896
perm_android.permission.WRITE_SMS,0,0.06669655874881168,0.1253234599539672,492.0,90.33493233517143,"pearson_r, mutual_information, entropy_reduction_ratio",0.0,0.01646396018047946,0.0,0.0,0.31701883356357896
intent_com.excelliance.dualaid.action.phone_res_download,0,0.06667800452541014,0.12533090219727216,492.2,89.96532665421718,"pearson_r, mutual_information, entropy_reduction_ratio",0.0,0.016371189063471726,0.0,0.0,0.31701883356357896
intent_show_about,0,0.06666689452236249,0.12533536355337657,492.4,89.59598205276842,"pearson_r, mutual_information, entropy_reduction_ratio",0.0,0.016315639048233525,0.0,0.0,0.31701883356357896
intent_com.meizu.flyme.push.intent.REGISTER.FEEDBACK,0,0.06665946568414718,0.1253383488022295,492.6,89.22690177295186,"pearson_r, mutual_information, entropy_reduction_ratio",0.0,0.01627849485715694,0.0,0.0,0.31701883356357896
perm_com.google.android.googleapps.permission.GOOGLE_AUTH.gbase,0,0.06663692327635963,0.12534741772325492,492.8,88.85808910842051,"pearson_r, mutual_information, entropy_reduction_ratio",0.0,0.016165782818219187,0.0,0.0,0.31701883356357896
perm_com.xiaomi.permission.AUTH_SERVICE,0,0.06663132876588736,0.1253496708321567,493.0,88.48954740532918,"pearson_r, mutual_information, entropy_reduction_ratio",0.0,0.016137810265857807,0.0,0.0,0.31701883356357896
intent_com.amazon.device.messaging.intent.REGISTRATION,0,0.06660404755351326,0.125360671678129,493.4,87.75329053659469,"pearson_r, mutual_information, entropy_reduction_ratio",0.0,0.016001404203987397,0.0,0.0,0.31701883356357896
perm_com.kingroot.kinguser.permission.REQUEST,0,0.06655590236350194,0.12538014126322883,493.6,87.38558233484514,"pearson_r, mutual_information, entropy_reduction_ratio",0.0,0.015760678253930762,0.0,0.0,0.31701883356357896
intent_com.qihoo.appstore.download,0,0.06653411864925395,0.12538897375209024,493.8,87.01815902442432,"pearson_r, mutual_information, entropy_reduction_ratio",0.0,0.015651759682690773,0.0,0.0,0.31701883356357896
intent_com.qihoo.appstore.msplugin.install,0,0.06648861799015662,0.12540746940107317,494.0,86.65102422937653,"pearson_r, mutual_information, entropy_reduction_ratio",0.0,0.015424256387204191,0.0,0.0,0.31701883356357896
intent_android.service.notification.NotificationListenerService,0,0.06645516086264355,0.12542110983727447,494.2,86.2841816325565,"pearson_r, mutual_information, entropy_reduction_ratio",0.0,0.015256970749638766,0.0,0.0,0.31701883356357896
perm_com.yulong.android.launcherL.permission.READ_SETTINGS,0,0.06635331085658898,0.12546284453356935,494.4,85.91763497676132,"pearson_r, mutual_information, entropy_reduction_ratio",0.0,0.014747720719365935,0.0,0.0,0.31701883356357896
perm_android.Manifest.permission.READ_PHONE_NUMBERS,0,0.06632584097982873,0.1254741550090437,494.6,85.55138806588705,"pearson_r, mutual_information, entropy_reduction_ratio",0.0,0.014610371335564698,0.0,0.0,0.31701883356357896
intent_com.qihoo.appstore.notification,0,0.06631986636661395,0.12547661805242533,494.8,85.18544476611014,"pearson_r, mutual_information, entropy_reduction_ratio",0.0,0.01458049826949081,0.0,0.0,0.31701883356357896
perm_com.google.android.googleapps.permission.GOOGLE_AUTH.androidsecure,0,0.06629099761642189,0.1254885345889359,495.0,84.81980900709456,"pearson_r, mutual_information, entropy_reduction_ratio",0.0,0.01443615451853046,0.0,0.0,0.31701883356357896
perm_com.google.android.googleapps.permission.GOOGLE_AUTH.sierra,0,0.06621289245675223,0.12552090254830883,495.2,84.4544847832251,"pearson_r, mutual_information, entropy_reduction_ratio",0.0,0.014045628720182161,0.0,0.0,0.31701883356357896
intent_com.esbook.receiver.CLICK_DOWN_BOOK,0,0.06613285206369941,0.12555426547508472,495.4,84.08947615486733,"pearson_r, mutual_information, entropy_reduction_ratio",0.0,0.013645426754918113,0.0,0.0,0.31701883356357896
perm_com.android.vending.BILLING,0,0.0661154655738416,0.1218244400613017,296.0,335.9672603096915,"pearson_r, mutual_information, entropy_reduction_ratio",0.0009370909422189734,0.020190544762422446,0.00010002185745501066,7.035685439881491e-05,0.3092793134527127
perm_android.permission.BIND_APPWIDGET,0,0.06608556338347471,0.12557406836607488,495.6,83.72478724965504,"pearson_r, mutual_information, entropy_reduction_ratio",0.0,0.013408983353794585,0.0,0.0,0.31701883356357896
intent_android.intent.action.BATTERY_CHANGED_ACTION,0,0.06605374601067804,0.125587430725202,495.8,83.36042226380575,"pearson_r, mutual_information, entropy_reduction_ratio",0.0,0.013249896489811248,0.0,0.0,0.31701883356357896
intent_com.qihoo.appstore.checkupdate.INSTALL_ALL_SILENT_TASK,0,0.06604733253153203,0.12559012792996005,496.0,82.9963854634646,"pearson_r, mutual_information, entropy_reduction_ratio",0.0,0.013217829094081184,0.0,0.0,0.31701883356357896
perm_com.google.android.googleapps.permission.GOOGLE_AUTH.finance,0,0.06602572690110838,0.1255992234455702,496.2,82.63268118607795,"pearson_r, mutual_information, entropy_reduction_ratio",0.0,0.013109800941962898,0.0,0.0,0.31701883356357896
perm_com.huawei.android.launcher.permission.CHANGE_BADGE,0,0.06601213837296896,0.1256049512074285,496.4,82.26931384179645,"pearson_r, mutual_information, entropy_reduction_ratio",0.0,0.01304185830126584,0.0,0.0,0.31701883356357896
perm_net.qihoo.launcher.permission.WRITE_SETTINGS,0,0.06599566450737263,0.1256119027159548,496.6,81.90628791490919,"pearson_r, mutual_information, entropy_reduction_ratio",0.0,0.012959488973284177,0.0,0.0,0.31701883356357896
perm_com.samsung.android.scloud.backup.lib.read,0,0.06597159472064604,0.1256220743349226,497.0,81.18127862998956,"pearson_r, mutual_information, entropy_reduction_ratio",0.0,0.012839140039651234,0.0,0.0,0.31701883356357896
intent_com.mobiletool.appstore.action.wap,0,0.06595450123056766,0.1256293085515171,497.2,80.81930462457593,"pearson_r, mutual_information, entropy_reduction_ratio",0.0,0.012753672589259354,0.0,0.0,0.31701883356357896
perm_com.huawei.launcher.permission.WRITE_SETTINGS,0,0.06595417743558045,0.12562944567208326,497.4,80.45769074488778,"pearson_r, mutual_information, entropy_reduction_ratio",0.0,0.012752053614323309,0.0,0.0,0.31701883356357896
perm_com.zte.mifavor.launcher.permission.READ_SETTINGS,0,0.06594917265550339,0.1256315654997777,497.6,80.09644186853745,"pearson_r, mutual_information, entropy_reduction_ratio",0.0,0.012727029713937976,0.0,0.0,0.31701883356357896
perm_com.sec.android.app.voicenote.Controller,0,0.06593869563085902,0.1256360056210144,497.8,79.73556295656286,"pearson_r, mutual_information, entropy_reduction_ratio",0.0,0.012674644590716173,0.0,0.0,0.31701883356357896
intent_com.google.android.c2dm.intent.REGISTRATION,0,0.06593139855215437,0.1217742764596374,292.6,342.1899180279863,"pearson_r, mutual_information, entropy_reduction_ratio",0.0018876750549978467,0.018472398954836662,0.00013596721247790535,7.390583427434323e-05,0.30908704570418505
intent_android.intent.action.USER_CLEARNOTIFY,0,0.06591137747925449,0.12564759864148603,498.0,79.37505905509614,"pearson_r, mutual_information, entropy_reduction_ratio",0.0,0.012538053832693479,0.0,0.0,0.31701883356357896
intent_com.baidu.android.pushservice.action.PUSH_SERVICE,0,0.06590033217697801,0.12565229238399564,498.2,79.01493529706899,"pearson_r, mutual_information, entropy_reduction_ratio",0.0,0.012482827321311053,0.0,0.0,0.31701883356357896
intent_com.qihoo.appstore.LitePluginDownload,0,0.06584308217660345,0.12567668039835111,498.4,78.65519690395543,"pearson_r, mutual_information, entropy_reduction_ratio",0.0,0.012196577319438275,0.0,0.0,0.31701883356357896
intent_android.net.wifi.supplicant.CONNECTION_CHANGE,0,0.06581533458400898,0.12568853646369924,498.6,78.29584918755272,"pearson_r, mutual_information, entropy_reduction_ratio",0.0,0.01205783935646596,0.0,0.0,0.31701883356357896
perm_android.permission.BROADCAST_PACKAGE_CHANGED,0,0.06577623714043151,0.12570528180669294,498.8,77.9368975518015,"pearson_r, mutual_information, entropy_reduction_ratio",0.0,0.011862352138578603,0.0,0.0,0.31701883356357896
perm_com.tencent.qqlauncher.permission.READ_SETTINGS,0,0.06566141755103733,0.12575472694308407,499.0,77.5783474946457,"pearson_r, mutual_information, entropy_reduction_ratio",0.0,0.011288254191607673,0.0,0.0,0.31701883356357896
perm_android.permission.UPDATE_DEVICE_STATS,0,0.06564102224356741,0.12576355166411912,499.2,77.22020460993353,"pearson_r, mutual_information, entropy_reduction_ratio",0.0,0.011186277654258073,0.0,0.0,0.31701883356357896
intent_com.qihoo.appstore.OPEN_BROWSER,0,0.06561051962246447,0.12577677318843913,499.4,76.86247458935992,"pearson_r, mutual_information, entropy_reduction_ratio",0.0,0.011033764548743438,0.0,0.0,0.31701883356357896
perm_com.yulong.android.launcher3.WRITE_SETTINGS,0,0.0655818550019737,0.1257892237208003,499.6,76.50516322445172,"pearson_r, mutual_information, entropy_reduction_ratio",0.0,0.01089044144628953,0.0,0.0,0.31701883356357896
intent_android.intent.action.ACTION_POWER_DISCONNECTED,0,0.06556979250630315,0.12579447053100234,499.8,76.1482764085964,"pearson_r, mutual_information, entropy_reduction_ratio",0.0,0.01083012896793681,0.0,0.0,0.31701883356357896
intent_com.yandex.metrica.IMetricaService,0,0.06546610446529678,0.12583975332926353,500.2,75.43580051938204,"pearson_r, mutual_information, entropy_reduction_ratio",0.0,0.010311688762904957,0.0,0.0,0.31701883356357896
intent_com.umeng.message.enablecallback.action,0,0.06545911321854483,0.12584281826842278,500.4,75.08022376098782,"pearson_r, mutual_information, entropy_reduction_ratio",0.0,0.01027673252914526,0.0,0.0,0.31701883356357896
intent_com.kingroot.master.action.TRAFFIC_STATISTICS,0,0.06542309488086583,0.12585863202126854,500.8,74.37042422899037,"pearson_r, mutual_information, entropy_reduction_ratio",0.0,0.010096640840750189,0.0,0.0,0.31701883356357896
intent_android.intent.action.BOOT_COMPLETED,0,0.06541744152258383,0.1183128123675308,282.2,364.73464326822585,"pearson_r, mutual_information, entropy_reduction_ratio",0.006978017745371542,0.017628296079098202,0.0004985464457523195,0.0002754661750696327,0.30170688116762745
intent_com.sogou.androidtool.service.weathernotifyreceiver,0,0.06540733011377058,0.12586556584586947,501.0,74.01621443981041,"pearson_r, mutual_information, entropy_reduction_ratio",0.0,0.010017817005273924,0.0,0.0,0.31701883356357896
perm_android.permission.WRITE_OWNER_DATA,0,0.06535826117085675,0.12588719595915634,501.2,73.66247348548649,"pearson_r, mutual_information, entropy_reduction_ratio",0.0,0.009772472290704784,0.0,0.0,0.31701883356357896
intent_com.igexin.sdk.action.service.message,0,0.06526485342309134,0.12592857218750048,501.6,72.95642535102716,"pearson_r, mutual_information, entropy_reduction_ratio",0.0,0.009305433551877757,0.0,0.0,0.31701883356357896
intent_com.umeng.message.unregistercallback.action,0,0.06525509215733677,0.12593291128156064,501.8,72.60413211381292,"pearson_r, mutual_information, entropy_reduction_ratio",0.0,0.009256627223104868,0.0,0.0,0.31701883356357896
intent_com.excelliance.dualaid.action.ext,0,0.06523170626560579,0.12594331851878945,502.0,72.25233560238728,"pearson_r, mutual_information, entropy_reduction_ratio",0.0,0.009139697764450007,0.0,0.0,0.31701883356357896
intent_com.excelliance.open.action.queryUpdate,0,0.06520687061754628,0.1259543890046198,502.2,71.90104310787153,"pearson_r, mutual_information, entropy_reduction_ratio",0.0,0.00901551952415241,0.0,0.0,0.31701883356357896
intent_com.qihoo.appstore.ACTION_CHECK_PHOTOS,0,0.06518715878166916,0.12596318880186355,502.4,71.55026205402746,"pearson_r, mutual_information, entropy_reduction_ratio",0.0,0.008916960344766788,0.0,0.0,0.31701883356357896
perm_com.apusapps.launcher.permission.READ_SETTINGS,0,0.06518550280408823,0.1259639286005209,502.6,71.2,"pearson_r, mutual_information, entropy_reduction_ratio",0.0,0.00890868045686221,0.0,0.0,0.31701883356357896
perm_com.google.android.c2dm.permission.RECEIVE,0,0.06511445956747369,0.1177543360800429,283.8,366.88712160554235,"pearson_r, mutual_information, entropy_reduction_ratio",0.008263682892771556,0.016053681036529165,0.0005891912540709231,0.00032690165723694775,0.3003388409967599
intent_com.qihoo.appstore.launcher.shortcut.GAMEUNION,0,0.06507430154816535,0.12601379637961527,502.8,70.850264643119,"pearson_r, mutual_information, entropy_reduction_ratio",0.0,0.008352674177247792,0.0,0.0,0.31701883356357896
intent_com.qihoo.appstore.LitePluginTipDialogActivity,0,0.06506437362600528,0.12601826664440496,503.0,70.50106382176087,"pearson_r, mutual_information, entropy_reduction_ratio",0.0,0.008303034566447428,0.0,0.0,0.31701883356357896
intent_com.kingroot.ACTION_SERVICE_PSS_RECORD,0,0.065056047020453,0.12602201817123754,503.2,70.15240551827142,"pearson_r, mutual_information, entropy_reduction_ratio",0.0,0.008261401538686042,0.0,0.0,0.31701883356357896
intent_cn.jpush.android.intent.PUSH_TIME,0,0.0650293877967065,0.12603404345307487,503.4,69.80429786195117,"pearson_r, mutual_information, entropy_reduction_ratio",0.0,0.008128105419953503,0.0,0.0,0.31701883356357896
perm_com.excelliance.dualaid.assist,0,0.06500426815984887,0.12604539385561167,503.6,69.45674913210378,"pearson_r, mutual_information, entropy_reduction_ratio",0.0,0.008002507235665417,0.0,0.0,0.31701883356357896
perm_com.bbk.launcher2.permission.WRITE_SETTINGS,0,0.06490825318462022,0.12608895365195316,503.8,69.10976776114937,"pearson_r, mutual_information, entropy_reduction_ratio",0.0,0.007522432359522144,0.0,0.0,0.31701883356357896
intent_org.agoo.android.intent.action.RECEIVE,0,0.06486727537670703,0.1261076287940297,504.4,68.07231448981295,"pearson_r, mutual_information, entropy_reduction_ratio",0.0,0.007317543319956149,0.0,0.0,0.31701883356357896
perm_com.android.launcher3.permission.READ_SETTINGS,0,0.06486043084776381,0.12611075302707758,504.6,67.72769005362578,"pearson_r, mutual_information, entropy_reduction_ratio",0.0,0.0072833206752401436,0.0,0.0,0.31701883356357896
intent_io.intercom.android.sdk.INTERCOM_PUSH_DISMISSED,0,0.06485750159863961,0.12611209053369013,504.8,67.38367754879515,"pearson_r, mutual_information, entropy_reduction_ratio",0.0,0.007268674429619065,0.0,0.0,0.31701883356357896
intent_com.qihoo.appstore.ACTION_PACKAGE_REMOVED_NEED_CLEAR,0,0.06476456574966456,0.12615465928832997,505.0,67.04028639556964,"pearson_r, mutual_information, entropy_reduction_ratio",0.0,0.006803995184743827,0.0,0.0,0.31701883356357896
intent_com.baidu.android.pushservice.action.notification.CLICK,0,0.0647582869458538,0.12615754461763592,505.2,66.69752619100652,"pearson_r, mutual_information, entropy_reduction_ratio",0.0,0.0067726011656900195,0.0,0.0,0.31701883356357896
intent_com.sogou.passport.service.upload,0,0.06473634413921589,0.12616763740071987,505.4,66.35540671264097,"pearson_r, mutual_information, entropy_reduction_ratio",0.0,0.006662887132500532,0.0,0.0,0.31701883356357896
intent_com.baidu.android.pushservice.action.RECEIVE,0,0.06467945245357788,0.12619387254401454,505.8,65.67312996956976,"pearson_r, mutual_information, entropy_reduction_ratio",0.0,0.006378428704310429,0.0,0.0,0.31701883356357896
perm_android.permission.UPDATE_APP_OPS_STATS,0,0.06457694465919075,0.12624138829146617,506.4,64.65477553901181,"pearson_r, mutual_information, entropy_reduction_ratio",0.0,0.005865889732374864,0.0,0.0,0.31701883356357896
intent_com.tappx.sdk.SILP,0,0.06456959597422059,0.1262448067520532,506.6,64.31671633409157,"pearson_r, mutual_information, entropy_reduction_ratio",0.0,0.005829146307523948,0.0,0.0,0.31701883356357896
perm_com.anddoes.launcher.permission.READ_SETTINGS,0,0.06456364483239355,0.12624757628969166,506.8,63.9793716755643,"pearson_r, mutual_information, entropy_reduction_ratio",0.0,0.005799390598388823,0.0,0.0,0.31701883356357896
intent_com.sina.weibo.sdk.action.ACTION_SDK_REQ_ACTIVITY,0,0.06452899709099662,0.12626372170284547,507.0,63.64275292600093,"pearson_r, mutual_information, entropy_reduction_ratio",0.0,0.005626151891404166,0.0,0.0,0.31701883356357896
intent_android.intent.action.SEND,0,0.06449299111259535,0.1198418711271823,291.6,359.6568364427402,"pearson_r, mutual_information, entropy_reduction_ratio",0.0050593964672261595,0.012843247220595499,0.00036257923327441424,0.00019910387323367318,0.304000628768647
intent_com.qihoo.commonreceiver.ARRIVED,0,0.06448786921876568,0.12628293345359035,507.2,63.306871664930654,"pearson_r, mutual_information, entropy_reduction_ratio",0.0,0.005420512530249433,0.0,0.0,0.31701883356357896
intent_co.ronash.pushe.CHECK_TASKS,0,0.06448411016356889,0.12628469191898972,507.4,62.97173969329417,"pearson_r, mutual_information, entropy_reduction_ratio",0.0,0.005401717254265533,0.0,0.0,0.31701883356357896
perm_com.huawei.launcher3.permission.READ_SETTINGS,0,0.06444121101771741,0.12630478986484384,507.8,62.303771956439356,"pearson_r, mutual_information, entropy_reduction_ratio",0.0,0.005187221525008076,0.0,0.0,0.31701883356357896
perm_com.google.android.launcher.permission.READ_SETTINGS,0,0.06441839755450533,0.12631550024457683,508.2,61.63894872562315,"pearson_r, mutual_information, entropy_reduction_ratio",0.0,0.005073154208947692,0.0,0.0,0.31701883356357896
perm_android.permission.BROADCAST_PACKAGE_REPLACED,0,0.06439042146343821,0.12632865561126203,508.6,60.97737285255901,"pearson_r, mutual_information, entropy_reduction_ratio",0.0,0.004933273753612104,0.0,0.0,0.31701883356357896
intent_com.qihoo.appstore.QihooAlliance,0,0.0643792333919608,0.12633392319910539,508.8,60.64783590533136,"pearson_r, mutual_information, entropy_reduction_ratio",0.0,0.004877333396225029,0.0,0.0,0.31701883356357896
intent_com.urbanairship.push.DISMISSED,0,0.06436174256205042,0.12634216576352617,509.4,59.66439474259334,"pearson_r, mutual_information, entropy_reduction_ratio",0.0,0.0047898792466731345,0.0,0.0,0.31701883356357896
intent_android.intent.action.CLOSE_SYSTEM_DIALOGS,0,0.06435863483498003,0.1263436312389141,509.6,59.338351847687846,"pearson_r, mutual_information, entropy_reduction_ratio",0.0,0.004774340611321219,0.0,0.0,0.31701883356357896
perm_android.permission.READ_SMS,0,0.06431779357700837,0.12636291711467812,509.8,59.01321885815076,"pearson_r, mutual_information, entropy_reduction_ratio",0.0,0.004570134321462943,0.0,0.0,0.31701883356357896
perm_android.permission.DOWNLOAD_WITHOUT_NOTIFICATION,0,0.06427633554972534,0.12246234772438369,304.8,343.57045856708925,"pearson_r, mutual_information, entropy_reduction_ratio",0.0018876750549978467,0.010197083942691545,0.00013596721247790535,7.390583427434323e-05,0.30908704570418505
perm_com.zte.mifavor.launcher.permission.WRITE_SETTINGS,0,0.06419112982109747,0.12642304664267368,510.2,58.36574337742988,"pearson_r, mutual_information, entropy_reduction_ratio",0.0,0.003936815541908399,0.0,0.0,0.31701883356357896
perm_com.sec.android.provider.badge.permission.WRITE,0,0.06408129484949368,0.1264755748715748,510.4,58.04343201431149,"pearson_r, mutual_information, entropy_reduction_ratio",0.0,0.0033876406838894394,0.0,0.0,0.31701883356357896
perm_com.tsf.shell.permission.READ_SETTINGS,0,0.06402666982450375,0.12650183302790433,510.6,57.72209282415183,"pearson_r, mutual_information, entropy_reduction_ratio",0.0,0.0031145155589397846,0.0,0.0,0.31701883356357896
perm_com.qiku.launcher.permission.WRITE_SETTINGS,0,0.06401990246855623,0.12650509227326429,510.8,57.401742133841196,"pearson_r, mutual_information, entropy_reduction_ratio",0.0,0.0030806787792021315,0.0,0.0,0.31701883356357896
perm_com.android.agedlauncher.permission.READ_SETTINGS,0,0.06398394060691844,0.12652243484833173,511.2,56.764073144903904,"pearson_r, mutual_information, entropy_reduction_ratio",0.0,0.002900869471013179,0.0,0.0,0.31701883356357896
intent_android.intent.action.SEND_MULTIPLE,0,0.06390214022563015,0.1242961071076198,322.8,321.3007314028401,"pearson_r, mutual_information, entropy_reduction_ratio",0.0006279572480314277,0.006364286039525322,4.532240415930178e-05,2.453532047252381e-05,0.3124486001159622
intent_com.kingroot.kinguser.gamebox.ACTION_GAME_DELETED,0,0.06386440976939495,0.12658035507825682,511.6,56.13056208519562,"pearson_r, mutual_information, entropy_reduction_ratio",0.0,0.002303215283395769,0.0,0.0,0.31701883356357896
perm_android.permission.WRITE_CONTACTS,0,0.06384646500381153,0.12055143558041145,297.4,358.13382973408136,"pearson_r, mutual_information, entropy_reduction_ratio",0.004422468240594633,0.009464965166690237,0.0003172568291151125,0.00017386016323884005,0.3048537746194188
intent_com.smartdialer.voip.action.STATE_RINGING,0,0.06380044563506349,0.12661152425591804,511.8,55.815410058513415,"pearson_r, mutual_information, entropy_reduction_ratio",0.0,0.001983394611738467,0.0,0.0,0.31701883356357896
intent_org.agoo.android.intent.action.PING,0,0.06376315243135237,0.12662975301757623,512.0,55.501351334899944,"pearson_r, mutual_information, entropy_reduction_ratio",0.0,0.0017969285931829396,0.0,0.0,0.31701883356357896
perm_com.oppo.launcher.permission.WRITE_SETTINGS,0,0.06373899060716912,0.12664158526518335,512.2,55.188404579222976,"pearson_r, mutual_information, entropy_reduction_ratio",0.0,0.0016761194722666453,0.0,0.0,0.31701883356357896
perm_android.permission.ACCESS_SUPERUSER,0,0.06369381443020028,0.12439320350862565,324.4,321.6759860480729,"pearson_r, mutual_information, entropy_reduction_ratio",0.0006279572480314277,0.00532265706237594,4.532240415930178e-05,2.453532047252381e-05,0.3124486001159622
perm_com.huawei.launcher2.permission.WRITE_SETTINGS,0,0.0636852641302733,0.12666795768243924,512.6,54.56592343212016,"pearson_r, mutual_information, entropy_reduction_ratio",0.0,0.0014074870877875305,0.0,0.0,0.31701883356357896
intent_android.easou.eyou.SEND_SMS_RESULT,0,0.06368377932328556,0.12666868773779846,512.8,54.25642819058402,"pearson_r, mutual_information, entropy_reduction_ratio",0.0,0.0014000630528488293,0.0,0.0,0.31701883356357896
perm_android.permission.RECEIVE_WAP_PUSH,0,0.06364597937356062,0.12668729538216567,513.0,53.94812322963608,"pearson_r, mutual_information, entropy_reduction_ratio",0.0,0.0012110633042241214,0.0,0.0,0.31701883356357896
perm_android.permission.FLASHLIGHT,0,0.0636368016411217,0.12442000597145701,325.2,321.8753796114266,"pearson_r, mutual_information, entropy_reduction_ratio",0.0006279572480314277,0.005037593116983032,4.532240415930178e-05,2.453532047252381e-05,0.3124486001159622
suspicious_adb_enabled,0,0.06362208178072241,0.12669908122805823,513.2,53.64102907290277,"pearson_r, mutual_information, entropy_reduction_ratio",0.0,0.00109157534003313,0.0,0.0,0.31701883356357896
intent_com.qihoo.appstore.ACTION_CLEAR_BACKGROUND,0,0.06360947368099758,0.12670530613045733,513.4,53.33516663515733,"pearson_r, mutual_information, entropy_reduction_ratio",0.0,0.0010285348414089163,0.0,0.0,0.31701883356357896
intent_android.intent.action.DOWNLOAD_NOTIFY,0,0.06360004793054184,0.12670996291380393,513.8,52.72722257050906,"pearson_r, mutual_information, entropy_reduction_ratio",0.0,0.0009814060891302726,0.0,0.0,0.31701883356357896
perm_android.permission.USE_SIP,0,0.06354791879068725,0.12673576481515617,514.0,52.425184787466414,"pearson_r, mutual_information, entropy_reduction_ratio",0.0,0.0007207603898572271,0.0,0.0,0.31701883356357896
intent_com.qihoo.appstore.ACTION_WX_CLEAR,0,0.06351226082666181,0.12675346049064032,514.2,52.12446642412755,"pearson_r, mutual_information, entropy_reduction_ratio",0.0,0.0005424705697301339,0.0,0.0,0.31701883356357896
suspicious_getCellLocation,0,0.0634887721918572,0.12449005724932063,326.8,322.2976264262584,"pearson_r, mutual_information, entropy_reduction_ratio",0.0006279572480314277,0.004297445870660512,4.532240415930178e-05,2.453532047252381e-05,0.3124486001159622
intent_com.google.android.c2dm.intent.RECEIVE,0,0.0634506089592216,0.12222289666179742,306.2,351.00507118843734,"pearson_r, mutual_information, entropy_reduction_ratio",0.0025194458760954322,0.006602802576519831,0.00018128961663720712,9.874092725673557e-05,0.3078507657995988
intent_com.qihoo.appstore.ACTION_LAUNCH_SERVICE_ACTIVITY,0,0.06341534042963322,0.12680174854768675,514.4,51.825090448546256,"pearson_r, mutual_information, entropy_reduction_ratio",0.0,5.7868584587120555e-05,0.0,0.0,0.31701883356357896
perm_com.android.launcher.permission.READ_SETTINGS,0,0.06340376671271579,0.12680753342543158,570.8,81.72490440496091,"pearson_r, entropy_reduction_ratio, mutual_information",0.0,0.0,0.0,0.0,0.31701883356357896
intent_com.google.firebase.INSTANCE_ID_EVENT,0,0.06340376671271579,0.12680753342543158,570.8,81.72490440496091,"pearson_r, entropy_reduction_ratio, mutual_information",0.0,0.0,0.0,0.0,0.31701883356357896
perm_android.permission.WRITE_APN_SETTINGS,0,0.06340376671271579,0.12680753342543158,570.8,81.72490440496091,"pearson_r, entropy_reduction_ratio, mutual_information",0.0,0.0,0.0,0.0,0.31701883356357896
intent_com.google.firebase.MESSAGING_EVENT,0,0.06340376671271579,0.12680753342543158,570.8,81.72490440496091,"pearson_r, entropy_reduction_ratio, mutual_information",0.0,0.0,0.0,0.0,0.31701883356357896
perm_android.permission.ACCESS_CACHE_FILESYSTEM,0,0.06340376671271579,0.12680753342543158,570.8,81.72490440496091,"pearson_r, entropy_reduction_ratio, mutual_information",0.0,0.0,0.0,0.0,0.31701883356357896
perm_android.permission.READ_CALL_LOG,0,0.06340376671271579,0.12680753342543158,570.8,81.72490440496091,"pearson_r, entropy_reduction_ratio, mutual_information",0.0,0.0,0.0,0.0,0.31701883356357896
perm_android.permission.RECEIVE_MMS,0,0.06340376671271579,0.12680753342543158,570.8,81.72490440496091,"pearson_r, entropy_reduction_ratio, mutual_information",0.0,0.0,0.0,0.0,0.31701883356357896
intent_android.provider.Telephony.SMS_RECEIVED,0,0.06340376671271579,0.12680753342543158,570.8,81.72490440496091,"pearson_r, entropy_reduction_ratio, mutual_information",0.0,0.0,0.0,0.0,0.31701883356357896
intent_android.provider.Telephony.SMS_DELIVER,0,0.06340376671271579,0.12680753342543158,570.8,81.72490440496091,"pearson_r, entropy_reduction_ratio, mutual_information",0.0,0.0,0.0,0.0,0.31701883356357896
perm_com.android.launcher2.permission.READ_SETTINGS,0,0.06340376671271579,0.12680753342543158,570.8,81.72490440496091,"pearson_r, entropy_reduction_ratio, mutual_information",0.0,0.0,0.0,0.0,0.31701883356357896
perm_android.webkit.permission.PLUGIN,0,0.06340376671271579,0.12680753342543158,570.8,81.72490440496091,"pearson_r, entropy_reduction_ratio, mutual_information",0.0,0.0,0.0,0.0,0.31701883356357896
perm_android.permission.WRITE_SECURE_SETTINGS,0,0.06340376671271579,0.12680753342543158,570.8,81.72490440496091,"pearson_r, entropy_reduction_ratio, mutual_information",0.0,0.0,0.0,0.0,0.31701883356357896
perm_android.permission.EXPAND_STATUS_BAR,0,0.06340376671271579,0.12680753342543158,570.8,81.72490440496091,"pearson_r, entropy_reduction_ratio, mutual_information",0.0,0.0,0.0,0.0,0.31701883356357896
perm_android.permission.REORDER_TASKS,0,0.06340376671271579,0.12680753342543158,570.8,81.72490440496091,"pearson_r, entropy_reduction_ratio, mutual_information",0.0,0.0,0.0,0.0,0.31701883356357896
perm_android.permission.WRITE_MEDIA_STORAGE,0,0.06340376671271579,0.12680753342543158,570.8,81.72490440496091,"pearson_r, entropy_reduction_ratio, mutual_information",0.0,0.0,0.0,0.0,0.31701883356357896
perm_android.permission.READ_USER_DICTIONARY,0,0.06340376671271579,0.12680753342543158,570.8,81.72490440496091,"pearson_r, entropy_reduction_ratio, mutual_information",0.0,0.0,0.0,0.0,0.31701883356357896
intent_android.intent.action.MEDIA_MOUNTED,0,0.06340376671271579,0.12680753342543158,570.8,81.72490440496091,"pearson_r, entropy_reduction_ratio, mutual_information",0.0,0.0,0.0,0.0,0.31701883356357896
perm_android.permission.ACCESS_DOWNLOAD_MANAGER,0,0.06340376671271579,0.12680753342543158,570.8,81.72490440496091,"pearson_r, entropy_reduction_ratio, mutual_information",0.0,0.0,0.0,0.0,0.31701883356357896
intent_android.intent.action.PACKAGE_REPLACED,0,0.06340376671271579,0.12680753342543158,570.8,81.72490440496091,"pearson_r, entropy_reduction_ratio, mutual_information",0.0,0.0,0.0,0.0,0.31701883356357896
perm_android.permission.CLEAR_APP_USER_DATA,0,0.06340376671271579,0.12680753342543158,570.8,81.72490440496091,"pearson_r, entropy_reduction_ratio, mutual_information",0.0,0.0,0.0,0.0,0.31701883356357896
intent_android.intent.action.RESPOND_VIA_MESSAGE,0,0.06340376671271579,0.12680753342543158,570.8,81.72490440496091,"pearson_r, entropy_reduction_ratio, mutual_information",0.0,0.0,0.0,0.0,0.31701883356357896
intent_android.provider.Telephony.WAP_PUSH_DELIVER,0,0.06340376671271579,0.12680753342543158,570.8,81.72490440496091,"pearson_r, entropy_reduction_ratio, mutual_information",0.0,0.0,0.0,0.0,0.31701883356357896
perm_com.bbk.launcher2.permission.READ_SETTINGS,0,0.06340376671271579,0.12680753342543158,570.8,81.72490440496091,"pearson_r, entropy_reduction_ratio, mutual_information",0.0,0.0,0.0,0.0,0.31701883356357896
perm_cn.nubia.launcher.permission.READ_SETTINGS,0,0.06340376671271579,0.12680753342543158,570.8,81.72490440496091,"pearson_r, entropy_reduction_ratio, mutual_information",0.0,0.0,0.0,0.0,0.31701883356357896
intent_android.net.wifi.STATE_CHANGE,0,0.06340376671271579,0.12680753342543158,570.8,81.72490440496091,"pearson_r, entropy_reduction_ratio, mutual_information",0.0,0.0,0.0,0.0,0.31701883356357896
perm_android.permission.SAMSUNG_TUNTAP,0,0.06340376671271579,0.12680753342543158,570.8,81.72490440496091,"pearson_r, entropy_reduction_ratio, mutual_information",0.0,0.0,0.0,0.0,0.31701883356357896
perm_com.qihoo360.launcher.permission.READ_SETTINGS,0,0.06340376671271579,0.12680753342543158,570.8,81.72490440496091,"pearson_r, entropy_reduction_ratio, mutual_information",0.0,0.0,0.0,0.0,0.31701883356357896
perm_android.permission.WRITE_CALL_LOG,0,0.06340376671271579,0.12680753342543158,570.8,81.72490440496091,"pearson_r, entropy_reduction_ratio, mutual_information",0.0,0.0,0.0,0.0,0.31701883356357896
intent_android.accessibilityservice.AccessibilityService,0,0.06340376671271579,0.12680753342543158,570.8,81.72490440496091,"pearson_r, entropy_reduction_ratio, mutual_information",0.0,0.0,0.0,0.0,0.31701883356357896
perm_com.lge.launcher.permission.READ_SETTINGS,0,0.06340376671271579,0.12680753342543158,570.8,81.72490440496091,"pearson_r, entropy_reduction_ratio, mutual_information",0.0,0.0,0.0,0.0,0.31701883356357896
intent_com.igexin.sdk.action.refreshls,0,0.06340376671271579,0.12680753342543158,570.8,81.72490440496091,"pearson_r, entropy_reduction_ratio, mutual_information",0.0,0.0,0.0,0.0,0.31701883356357896
perm_com.htc.launcher.permission.WRITE_SETTINGS,0,0.06340376671271579,0.12680753342543158,570.8,81.72490440496091,"pearson_r, entropy_reduction_ratio, mutual_information",0.0,0.0,0.0,0.0,0.31701883356357896
intent_android.intent.action.DELETE,0,0.06340376671271579,0.12680753342543158,570.8,81.72490440496091,"pearson_r, entropy_reduction_ratio, mutual_information",0.0,0.0,0.0,0.0,0.31701883356357896
intent_com.morgoo.droidplugin.ACTION_SHORTCUT_PROXY,0,0.06340376671271579,0.12680753342543158,570.8,81.72490440496091,"pearson_r, entropy_reduction_ratio, mutual_information",0.0,0.0,0.0,0.0,0.31701883356357896
perm_android.permission.INTERACT_ACROSS_USERS,0,0.06340376671271579,0.12680753342543158,570.8,81.72490440496091,"pearson_r, entropy_reduction_ratio, mutual_information",0.0,0.0,0.0,0.0,0.31701883356357896
perm_telecom.mdesk.permission.READ_SETTINGS,0,0.06340376671271579,0.12680753342543158,570.8,81.72490440496091,"pearson_r, entropy_reduction_ratio, mutual_information",0.0,0.0,0.0,0.0,0.31701883356357896
perm_com.android.mylauncher.permission.READ_SETTINGS,0,0.06340376671271579,0.12680753342543158,570.8,81.72490440496091,"pearson_r, entropy_reduction_ratio, mutual_information",0.0,0.0,0.0,0.0,0.31701883356357896
perm_org.adw.launcher_donut.permission.READ_SETTINGS,0,0.06340376671271579,0.12680753342543158,570.8,81.72490440496091,"pearson_r, entropy_reduction_ratio, mutual_information",0.0,0.0,0.0,0.0,0.31701883356357896
intent_android.intent.action.ACTION_POWER_CONNECTED,0,0.06340376671271579,0.12680753342543158,570.8,81.72490440496091,"pearson_r, entropy_reduction_ratio, mutual_information",0.0,0.0,0.0,0.0,0.31701883356357896
intent_android.intent.action.ANY_DATA_STATE,0,0.06340376671271579,0.12680753342543158,570.8,81.72490440496091,"pearson_r, entropy_reduction_ratio, mutual_information",0.0,0.0,0.0,0.0,0.31701883356357896
intent_android.intent.action.SIM_STATE_CHANGED,0,0.06340376671271579,0.12680753342543158,570.8,81.72490440496091,"pearson_r, entropy_reduction_ratio, mutual_information",0.0,0.0,0.0,0.0,0.31701883356357896
perm_android.permission.WRITE_PROFILE,0,0.06340376671271579,0.12680753342543158,570.8,81.72490440496091,"pearson_r, entropy_reduction_ratio, mutual_information",0.0,0.0,0.0,0.0,0.31701883356357896
perm_com.android.email.permission.ACCESS_PROVIDER,0,0.06340376671271579,0.12680753342543158,570.8,81.72490440496091,"pearson_r, entropy_reduction_ratio, mutual_information",0.0,0.0,0.0,0.0,0.31701883356357896
intent_com.morgoo.droidplugin.ACTION_SHORTCUT_PROXY_ZHUSHOU,0,0.06340376671271579,0.12680753342543158,570.8,81.72490440496091,"pearson_r, entropy_reduction_ratio, mutual_information",0.0,0.0,0.0,0.0,0.31701883356357896
intent_com.qihoo.appstore.launcher.shortcut.MYSOFT,0,0.06340376671271579,0.12680753342543158,570.8,81.72490440496091,"pearson_r, entropy_reduction_ratio, mutual_information",0.0,0.0,0.0,0.0,0.31701883356357896
intent_com.qihoo.appstore.plugin.huajiao.IPluginHelperService,0,0.06340376671271579,0.12680753342543158,570.8,81.72490440496091,"pearson_r, entropy_reduction_ratio, mutual_information",0.0,0.0,0.0,0.0,0.31701883356357896
perm_com.qihoo.appstore.permission.NEWS_SDK_BROADCAST,0,0.06340376671271579,0.12680753342543158,570.8,81.72490440496091,"pearson_r, entropy_reduction_ratio, mutual_information",0.0,0.0,0.0,0.0,0.31701883356357896
intent_com.qihoo.appstore.plugin.battery.setPowerRankConfig,0,0.06340376671271579,0.12680753342543158,570.8,81.72490440496091,"pearson_r, entropy_reduction_ratio, mutual_information",0.0,0.0,0.0,0.0,0.31701883356357896
perm_com.qihoo.appstore.update.permission.clear_sdk,0,0.06340376671271579,0.12680753342543158,570.8,81.72490440496091,"pearson_r, entropy_reduction_ratio, mutual_information",0.0,0.0,0.0,0.0,0.31701883356357896
intent_com.qihoo.appstore.launcher.shortcut.EBOOK,0,0.06340376671271579,0.12680753342543158,570.8,81.72490440496091,"pearson_r, entropy_reduction_ratio, mutual_information",0.0,0.0,0.0,0.0,0.31701883356357896
intent_com.qihoo.appstore.launcher.shortcut.APP_GROUP,0,0.06340376671271579,0.12680753342543158,570.8,81.72490440496091,"pearson_r, entropy_reduction_ratio, mutual_information",0.0,0.0,0.0,0.0,0.31701883356357896
intent_com.qihoo.appstore.clipboard.change,0,0.06340376671271579,0.12680753342543158,570.8,81.72490440496091,"pearson_r, entropy_reduction_ratio, mutual_information",0.0,0.0,0.0,0.0,0.31701883356357896
intent_com.qihoo.appstore.clean.scan.finish,0,0.06340376671271579,0.12680753342543158,570.8,81.72490440496091,"pearson_r, entropy_reduction_ratio, mutual_information",0.0,0.0,0.0,0.0,0.31701883356357896
intent_com.qihoo.appstore.launcher.shortcut.HOME_GAME,0,0.06340376671271579,0.12680753342543158,570.8,81.72490440496091,"pearson_r, entropy_reduction_ratio, mutual_information",0.0,0.0,0.0,0.0,0.31701883356357896
intent_com.qihoo.appstore.freeze.ICON,0,0.06340376671271579,0.12680753342543158,570.8,81.72490440496091,"pearson_r, entropy_reduction_ratio, mutual_information",0.0,0.0,0.0,0.0,0.31701883356357896
intent_com.qihoo.appstore.free.wifi,0,0.06340376671271579,0.12680753342543158,570.8,81.72490440496091,"pearson_r, entropy_reduction_ratio, mutual_information",0.0,0.0,0.0,0.0,0.31701883356357896
intent_com.qihoo.appstore.battery.POWER_RANK_START,0,0.06340376671271579,0.12680753342543158,570.8,81.72490440496091,"pearson_r, entropy_reduction_ratio, mutual_information",0.0,0.0,0.0,0.0,0.31701883356357896
intent_com.qihoo.appstore.launcher.shortcut.MYFREEZE,0,0.06340376671271579,0.12680753342543158,570.8,81.72490440496091,"pearson_r, entropy_reduction_ratio, mutual_information",0.0,0.0,0.0,0.0,0.31701883356357896
intent_com.qihoo360.mobilesafe.pcdaemon.sms.restore.start,0,0.06340376671271579,0.12680753342543158,570.8,81.72490440496091,"pearson_r, entropy_reduction_ratio, mutual_information",0.0,0.0,0.0,0.0,0.31701883356357896
intent_com.qihoo360.mobilesafe.pcdaemon.sms.restore.end,0,0.06340376671271579,0.12680753342543158,570.8,81.72490440496091,"pearson_r, entropy_reduction_ratio, mutual_information",0.0,0.0,0.0,0.0,0.31701883356357896
intent_com.qihoo360.mobilesafe.pcdaemon.sms.cancel.default.smsreceive,0,0.06340376671271579,0.12680753342543158,570.8,81.72490440496091,"pearson_r, entropy_reduction_ratio, mutual_information",0.0,0.0,0.0,0.0,0.31701883356357896
intent_com.qihoo360.mobilesafe.pcdaemon.filehandle,0,0.06340376671271579,0.12680753342543158,570.8,81.72490440496091,"pearson_r, entropy_reduction_ratio, mutual_information",0.0,0.0,0.0,0.0,0.31701883356357896
intent_com.qihoo360.daemon.pcdaemon.NotifyServiceStop2,0,0.06340376671271579,0.12680753342543158,570.8,81.72490440496091,"pearson_r, entropy_reduction_ratio, mutual_information",0.0,0.0,0.0,0.0,0.31701883356357896
intent_com.qihoo360.daemon.pcdaemon.NotifyServiceStart2,0,0.06340376671271579,0.12680753342543158,570.8,81.72490440496091,"pearson_r, entropy_reduction_ratio, mutual_information",0.0,0.0,0.0,0.0,0.31701883356357896
intent_com.qihoo360.daemon.pcdaemon.ACTION_START_UI2,0,0.06340376671271579,0.12680753342543158,570.8,81.72490440496091,"pearson_r, entropy_reduction_ratio, mutual_information",0.0,0.0,0.0,0.0,0.31701883356357896
intent_com.qihoo360.daemon.pcdaemon.ACTION_START_RECEIVER,0,0.06340376671271579,0.12680753342543158,570.8,81.72490440496091,"pearson_r, entropy_reduction_ratio, mutual_information",0.0,0.0,0.0,0.0,0.31701883356357896
intent_com.qihoo360.daemon.pcdaemon.ACTION_START_OPERATE_CLIPBOARD,0,0.06340376671271579,0.12680753342543158,570.8,81.72490440496091,"pearson_r, entropy_reduction_ratio, mutual_information",0.0,0.0,0.0,0.0,0.31701883356357896
intent_com.qihoo.appstore.battery.NOTIFY,0,0.06340376671271579,0.12680753342543158,570.8,81.72490440496091,"pearson_r, entropy_reduction_ratio, mutual_information",0.0,0.0,0.0,0.0,0.31701883356357896
intent_com.qihoo360.daemon.pcdaemon.ACTION_START_CAPTURE,0,0.06340376671271579,0.12680753342543158,570.8,81.72490440496091,"pearson_r, entropy_reduction_ratio, mutual_information",0.0,0.0,0.0,0.0,0.31701883356357896
intent_com.qihoo.appstore.videomini,0,0.06340376671271579,0.12680753342543158,570.8,81.72490440496091,"pearson_r, entropy_reduction_ratio, mutual_information",0.0,0.0,0.0,0.0,0.31701883356357896
intent_com.qihoo.appstore.powerusage.SAVE_MODE,0,0.06340376671271579,0.12680753342543158,570.8,81.72490440496091,"pearson_r, entropy_reduction_ratio, mutual_information",0.0,0.0,0.0,0.0,0.31701883356357896
intent_com.qihoo.appstore.powerusage.HIGH_TEMPERATURE,0,0.06340376671271579,0.12680753342543158,570.8,81.72490440496091,"pearson_r, entropy_reduction_ratio, mutual_information",0.0,0.0,0.0,0.0,0.31701883356357896
intent_com.qihoo.appstore.plugin.streamapp.IPluginHelperServiceStreamApp,0,0.06340376671271579,0.12680753342543158,570.8,81.72490440496091,"pearson_r, entropy_reduction_ratio, mutual_information",0.0,0.0,0.0,0.0,0.31701883356357896
intent_com.qihoo.appstore.stablenotification.NewsBroadcastReceiver,0,0.06340376671271579,0.12680753342543158,570.8,81.72490440496091,"pearson_r, entropy_reduction_ratio, mutual_information",0.0,0.0,0.0,0.0,0.31701883356357896
intent_com.qihoo.appstore.launcher.shortcut.WEBVIEW,0,0.06340376671271579,0.12680753342543158,570.8,81.72490440496091,"pearson_r, entropy_reduction_ratio, mutual_information",0.0,0.0,0.0,0.0,0.31701883356357896
intent_qihooappstore.gotoadmin,0,0.06340376671271579,0.12680753342543158,570.8,81.72490440496091,"pearson_r, entropy_reduction_ratio, mutual_information",0.0,0.0,0.0,0.0,0.31701883356357896
intent_com.qihoo360.daemon.pcdaemon.ACTION_START_OPERATE_AUTHOR,0,0.06340376671271579,0.12680753342543158,570.8,81.72490440496091,"pearson_r, entropy_reduction_ratio, mutual_information",0.0,0.0,0.0,0.0,0.31701883356357896
intent_com.qihoo.appstore.ACTION_NOTIFY_UNINSTALL,0,0.06340376671271579,0.12680753342543158,570.8,81.72490440496091,"pearson_r, entropy_reduction_ratio, mutual_information",0.0,0.0,0.0,0.0,0.31701883356357896
intent_com.qihoo.appstore.ACTION_UNINSTALL,0,0.06340376671271579,0.12680753342543158,570.8,81.72490440496091,"pearson_r, entropy_reduction_ratio, mutual_information",0.0,0.0,0.0,0.0,0.31701883356357896
intent_com.qihoo.appstore.ACTION_NORMAL_INSTALL_ERROR,0,0.06340376671271579,0.12680753342543158,570.8,81.72490440496091,"pearson_r, entropy_reduction_ratio, mutual_information",0.0,0.0,0.0,0.0,0.31701883356357896
intent_com.qihoo.appstore.ACTION_MEM_SCAN,0,0.06340376671271579,0.12680753342543158,570.8,81.72490440496091,"pearson_r, entropy_reduction_ratio, mutual_information",0.0,0.0,0.0,0.0,0.31701883356357896
intent_com.qihoo.appstore.ACTION_UPDATE_LAST_WX_CLEAR,0,0.06340376671271579,0.12680753342543158,570.8,81.72490440496091,"pearson_r, entropy_reduction_ratio, mutual_information",0.0,0.0,0.0,0.0,0.31701883356357896
intent_com.qihoo.appstore.ACTION_GET_DOWNLOAD_APK_PATH,0,0.06340376671271579,0.12680753342543158,570.8,81.72490440496091,"pearson_r, entropy_reduction_ratio, mutual_information",0.0,0.0,0.0,0.0,0.31701883356357896
intent_com.qihoo.appstore.ACTION_GAME_UNION_GIFT_LiST,0,0.06340376671271579,0.12680753342543158,570.8,81.72490440496091,"pearson_r, entropy_reduction_ratio, mutual_information",0.0,0.0,0.0,0.0,0.31701883356357896
intent_com.qihoo.appstore.ACTION_WIRTE_CHANNEL_AND_INSTALL,0,0.06340376671271579,0.12680753342543158,570.8,81.72490440496091,"pearson_r, entropy_reduction_ratio, mutual_information",0.0,0.0,0.0,0.0,0.31701883356357896
intent_com.qihoo.appstore.ACTION_GAME_UNION_DETAIL,0,0.06340376671271579,0.12680753342543158,570.8,81.72490440496091,"pearson_r, entropy_reduction_ratio, mutual_information",0.0,0.0,0.0,0.0,0.31701883356357896
intent_com.qihoo.appstore.ACTION_GAME_UNION_DESK,0,0.06340376671271579,0.12680753342543158,570.8,81.72490440496091,"pearson_r, entropy_reduction_ratio, mutual_information",0.0,0.0,0.0,0.0,0.31701883356357896
intent_com.qihoo.appstore.ACTION_EVENT_STAT,0,0.06340376671271579,0.12680753342543158,570.8,81.72490440496091,"pearson_r, entropy_reduction_ratio, mutual_information",0.0,0.0,0.0,0.0,0.31701883356357896
intent_com.qihoo.accountcenter.action.START_ACCOUNT_SERVICE,0,0.06340376671271579,0.12680753342543158,570.8,81.72490440496091,"pearson_r, entropy_reduction_ratio, mutual_information",0.0,0.0,0.0,0.0,0.31701883356357896
intent_com.qihoo.appstore.ACTION_CLEAN_START_SERVICE,0,0.06340376671271579,0.12680753342543158,570.8,81.72490440496091,"pearson_r, entropy_reduction_ratio, mutual_information",0.0,0.0,0.0,0.0,0.31701883356357896
intent_com.qihoo.appstore.ACTION_HANDLE_SYSTEM_APP,0,0.06340376671271579,0.12680753342543158,570.8,81.72490440496091,"pearson_r, entropy_reduction_ratio, mutual_information",0.0,0.0,0.0,0.0,0.31701883356357896
intent_com.qihoo.appstore.checkupdate.NOTIFY_APP_UPDATE,0,0.06340376671271579,0.12680753342543158,570.8,81.72490440496091,"pearson_r, entropy_reduction_ratio, mutual_information",0.0,0.0,0.0,0.0,0.31701883356357896
intent_com.qihoo.appstore.batteryrank.POWERPERCENT,0,0.06340376671271579,0.12680753342543158,570.8,81.72490440496091,"pearson_r, entropy_reduction_ratio, mutual_information",0.0,0.0,0.0,0.0,0.31701883356357896
intent_com.qihoo.appstore.battery.STOP,0,0.06340376671271579,0.12680753342543158,570.8,81.72490440496091,"pearson_r, entropy_reduction_ratio, mutual_information",0.0,0.0,0.0,0.0,0.31701883356357896
intent_com.qihoo.appstore.ACTION_DAEMON_CORE_SERVICE,0,0.06340376671271579,0.12680753342543158,570.8,81.72490440496091,"pearson_r, entropy_reduction_ratio, mutual_information",0.0,0.0,0.0,0.0,0.31701883356357896
intent_com.qihoo.appstore.ACTION_CLEAR_CREATE_SHORTCUT,0,0.06340376671271579,0.12680753342543158,570.8,81.72490440496091,"pearson_r, entropy_reduction_ratio, mutual_information",0.0,0.0,0.0,0.0,0.31701883356357896
intent_com.qihoo.appstore.battery.ICON,0,0.06340376671271579,0.12680753342543158,570.8,81.72490440496091,"pearson_r, entropy_reduction_ratio, mutual_information",0.0,0.0,0.0,0.0,0.31701883356357896
intent_com.qihoo.appstore.battery.FREEZE_APP,0,0.06340376671271579,0.12680753342543158,570.8,81.72490440496091,"pearson_r, entropy_reduction_ratio, mutual_information",0.0,0.0,0.0,0.0,0.31701883356357896
intent_com.qihoo.appstore.accessibility.ALERT,0,0.06340376671271579,0.12680753342543158,570.8,81.72490440496091,"pearson_r, entropy_reduction_ratio, mutual_information",0.0,0.0,0.0,0.0,0.31701883356357896
intent_com.qihoo.appstore.PLUGIN_ICON,0,0.06340376671271579,0.12680753342543158,570.8,81.72490440496091,"pearson_r, entropy_reduction_ratio, mutual_information",0.0,0.0,0.0,0.0,0.31701883356357896
intent_com.qihoo.appstore.PACKAGE_ADDED,0,0.06340376671271579,0.12680753342543158,570.8,81.72490440496091,"pearson_r, entropy_reduction_ratio, mutual_information",0.0,0.0,0.0,0.0,0.31701883356357896
intent_com.qihoo.appstore.MEMCLEAR,0,0.06340376671271579,0.12680753342543158,570.8,81.72490440496091,"pearson_r, entropy_reduction_ratio, mutual_information",0.0,0.0,0.0,0.0,0.31701883356357896
intent_com.qihoo.appstore.CLEAN_ACTIVITY_DESTROY,0,0.06340376671271579,0.12680753342543158,570.8,81.72490440496091,"pearson_r, entropy_reduction_ratio, mutual_information",0.0,0.0,0.0,0.0,0.31701883356357896
intent_com.qihoo.appstore.CHECK_APP_UPDATE_DESK_NOTIFICATION,0,0.06340376671271579,0.12680753342543158,570.8,81.72490440496091,"pearson_r, entropy_reduction_ratio, mutual_information",0.0,0.0,0.0,0.0,0.31701883356357896
intent_com.qihoo.appstore.BATTERY,0,0.06340376671271579,0.12680753342543158,570.8,81.72490440496091,"pearson_r, entropy_reduction_ratio, mutual_information",0.0,0.0,0.0,0.0,0.31701883356357896
intent_com.qihoo.appstore.plugin.battery.setConfig,0,0.06340376671271579,0.12680753342543158,570.8,81.72490440496091,"pearson_r, entropy_reduction_ratio, mutual_information",0.0,0.0,0.0,0.0,0.31701883356357896
intent_com.qihoo.appstore.plugin.START_PLUGIN_FROM_PROXY_LISTENER,0,0.06340376671271579,0.12680753342543158,570.8,81.72490440496091,"pearson_r, entropy_reduction_ratio, mutual_information",0.0,0.0,0.0,0.0,0.31701883356357896
intent_com.qihoo.appstore.open.wallet,0,0.06340376671271579,0.12680753342543158,570.8,81.72490440496091,"pearson_r, entropy_reduction_ratio, mutual_information",0.0,0.0,0.0,0.0,0.31701883356357896
intent_com.qihoo.appstore.notification.notify_action,0,0.06340376671271579,0.12680753342543158,570.8,81.72490440496091,"pearson_r, entropy_reduction_ratio, mutual_information",0.0,0.0,0.0,0.0,0.31701883356357896
intent_com.qihoo.appstore.notification.click_action,0,0.06340376671271579,0.12680753342543158,570.8,81.72490440496091,"pearson_r, entropy_reduction_ratio, mutual_information",0.0,0.0,0.0,0.0,0.31701883356357896
intent_com.qihoo.appstore.NOTIFY_DELETE,0,0.06340376671271579,0.12680753342543158,570.8,81.72490440496091,"pearson_r, entropy_reduction_ratio, mutual_information",0.0,0.0,0.0,0.0,0.31701883356357896
perm_com.sonyericsson.home.WRITE_SETTINGS,0,0.06340376671271579,0.12680753342543158,570.8,81.72490440496091,"pearson_r, entropy_reduction_ratio, mutual_information",0.0,0.0,0.0,0.0,0.31701883356357896
perm_android.permission.REQUEST_INSTALL_PACKAGES,0,0.06340376671271579,0.12680753342543158,570.8,81.72490440496091,"pearson_r, entropy_reduction_ratio, mutual_information",0.0,0.0,0.0,0.0,0.31701883356357896
intent_android.intent.action.defaultSmsSet,0,0.06340376671271579,0.12680753342543158,570.8,81.72490440496091,"pearson_r, entropy_reduction_ratio, mutual_information",0.0,0.0,0.0,0.0,0.31701883356357896
perm_com.nd.android.launcher.permission.WRITE_SETTINGS,0,0.06340376671271579,0.12680753342543158,570.8,81.72490440496091,"pearson_r, entropy_reduction_ratio, mutual_information",0.0,0.0,0.0,0.0,0.31701883356357896
perm_xmpp.permission.ACCESS_API,0,0.06340376671271579,0.12680753342543158,570.8,81.72490440496091,"pearson_r, entropy_reduction_ratio, mutual_information",0.0,0.0,0.0,0.0,0.31701883356357896
perm_android.permission.NFC,0,0.06340376671271579,0.12680753342543158,570.8,81.72490440496091,"pearson_r, entropy_reduction_ratio, mutual_information",0.0,0.0,0.0,0.0,0.31701883356357896
intent_com.coolcloud.xmpp.NOTIFICATION.1010048,0,0.06340376671271579,0.12680753342543158,570.8,81.72490440496091,"pearson_r, entropy_reduction_ratio, mutual_information",0.0,0.0,0.0,0.0,0.31701883356357896
intent_action_send_cancel,0,0.06340376671271579,0.12680753342543158,570.8,81.72490440496091,"pearson_r, entropy_reduction_ratio, mutual_information",0.0,0.0,0.0,0.0,0.31701883356357896
intent_com.qihoo.appstore.notification.click,0,0.06340376671271579,0.12680753342543158,570.8,81.72490440496091,"pearson_r, entropy_reduction_ratio, mutual_information",0.0,0.0,0.0,0.0,0.31701883356357896
intent_com.qihoo.appstore.stablenotification.StableBroadcast,0,0.06340376671271579,0.12680753342543158,570.8,81.72490440496091,"pearson_r, entropy_reduction_ratio, mutual_information",0.0,0.0,0.0,0.0,0.31701883356357896
perm_android.permission.CHANGE_WIMAX_STATE,0,0.06340376671271579,0.12680753342543158,570.8,81.72490440496091,"pearson_r, entropy_reduction_ratio, mutual_information",0.0,0.0,0.0,0.0,0.31701883356357896
perm_android.permission.READ_SOCIAL_STREAM,0,0.06340376671271579,0.12680753342543158,570.8,81.72490440496091,"pearson_r, entropy_reduction_ratio, mutual_information",0.0,0.0,0.0,0.0,0.31701883356357896
perm_com.ztemt.launcher.permission.READ_SETTINGS,0,0.06340376671271579,0.12680753342543158,570.8,81.72490440496091,"pearson_r, entropy_reduction_ratio, mutual_information",0.0,0.0,0.0,0.0,0.31701883356357896
perm_android.permission.ACCESS_WIMAX_STATE,0,0.06340376671271579,0.12680753342543158,570.8,81.72490440496091,"pearson_r, entropy_reduction_ratio, mutual_information",0.0,0.0,0.0,0.0,0.31701883356357896
intent_android.intent.action.SERVICE_STATE,0,0.06340376671271579,0.12680753342543158,570.8,81.72490440496091,"pearson_r, entropy_reduction_ratio, mutual_information",0.0,0.0,0.0,0.0,0.31701883356357896
perm_android.permission.ACCESS_MOCK_LOCATION,0,0.06340376671271579,0.12680753342543158,570.8,81.72490440496091,"pearson_r, entropy_reduction_ratio, mutual_information",0.0,0.0,0.0,0.0,0.31701883356357896
perm_com.nd.android.launcher.permission.READ_SETTINGS,0,0.06340376671271579,0.12680753342543158,570.8,81.72490440496091,"pearson_r, entropy_reduction_ratio, mutual_information",0.0,0.0,0.0,0.0,0.31701883356357896
perm_com.android.voicemail.permission.ADD_VOICEMAIL,0,0.06340376671271579,0.12680753342543158,570.8,81.72490440496091,"pearson_r, entropy_reduction_ratio, mutual_information",0.0,0.0,0.0,0.0,0.31701883356357896
perm_android.permission.SUBSCRIBED_FEEDS_WRITE,0,0.06340376671271579,0.12680753342543158,570.8,81.72490440496091,"pearson_r, entropy_reduction_ratio, mutual_information",0.0,0.0,0.0,0.0,0.31701883356357896
perm_android.permission.READ_APP_BADGE,0,0.06340376671271579,0.12680753342543158,570.8,81.72490440496091,"pearson_r, entropy_reduction_ratio, mutual_information",0.0,0.0,0.0,0.0,0.31701883356357896
perm_com.yulong.android.launcher3.READ_SETTINGS,0,0.06340376671271579,0.12680753342543158,570.8,81.72490440496091,"pearson_r, entropy_reduction_ratio, mutual_information",0.0,0.0,0.0,0.0,0.31701883356357896
intent_android.intent.action.CAL,0,0.06340376671271579,0.12680753342543158,570.8,81.72490440496091,"pearson_r, entropy_reduction_ratio, mutual_information",0.0,0.0,0.0,0.0,0.31701883356357896
perm_com.qiku.launcher.permission.READ_SETTINGS,0,0.06340376671271579,0.12680753342543158,570.8,81.72490440496091,"pearson_r, entropy_reduction_ratio, mutual_information",0.0,0.0,0.0,0.0,0.31701883356357896
perm_com.meizu.flyme.launcher.permission.READ_SETTINGS,0,0.06340376671271579,0.12680753342543158,570.8,81.72490440496091,"pearson_r, entropy_reduction_ratio, mutual_information",0.0,0.0,0.0,0.0,0.31701883356357896
perm_com.anddoes.launcher.permission.UPDATE_COUNT,0,0.06340376671271579,0.12680753342543158,570.8,81.72490440496091,"pearson_r, entropy_reduction_ratio, mutual_information",0.0,0.0,0.0,0.0,0.31701883356357896
perm_com.majeur.launcher.permission.UPDATE_BADGE,0,0.06340376671271579,0.12680753342543158,570.8,81.72490440496091,"pearson_r, entropy_reduction_ratio, mutual_information",0.0,0.0,0.0,0.0,0.31701883356357896
intent_android.net.wifi.WIFI_STATE_CHANGED,0,0.06340376671271579,0.12680753342543158,570.8,81.72490440496091,"pearson_r, entropy_reduction_ratio, mutual_information",0.0,0.0,0.0,0.0,0.31701883356357896
intent_com.igexin.sdk.action.pushmanager,0,0.06340376671271579,0.12680753342543158,570.8,81.72490440496091,"pearson_r, entropy_reduction_ratio, mutual_information",0.0,0.0,0.0,0.0,0.31701883356357896
intent_android.intent.action.ACTION_SHUTDOWN,0,0.06340376671271579,0.12680753342543158,570.8,81.72490440496091,"pearson_r, entropy_reduction_ratio, mutual_information",0.0,0.0,0.0,0.0,0.31701883356357896
perm_com.google.android.providers.talk.permission.WRITE_ONLY,0,0.06340376671271579,0.12680753342543158,570.8,81.72490440496091,"pearson_r, entropy_reduction_ratio, mutual_information",0.0,0.0,0.0,0.0,0.31701883356357896
perm_com.google.android.providers.talk.permission.READ_ONLY,0,0.06340376671271579,0.12680753342543158,570.8,81.72490440496091,"pearson_r, entropy_reduction_ratio, mutual_information",0.0,0.0,0.0,0.0,0.31701883356357896
perm_com.google.android.gms.permission.AD_ID_NOTIFICATION,0,0.06340376671271579,0.12680753342543158,570.8,81.72490440496091,"pearson_r, entropy_reduction_ratio, mutual_information",0.0,0.0,0.0,0.0,0.31701883356357896
perm_com.google.android.googleapps.permission.GOOGLE_AUTH.wifi,0,0.06340376671271579,0.12680753342543158,570.8,81.72490440496091,"pearson_r, entropy_reduction_ratio, mutual_information",0.0,0.0,0.0,0.0,0.31701883356357896
perm_com.google.android.googleapps.permission.GOOGLE_AUTH.speechpersonalization,0,0.06340376671271579,0.12680753342543158,570.8,81.72490440496091,"pearson_r, entropy_reduction_ratio, mutual_information",0.0,0.0,0.0,0.0,0.31701883356357896
perm_com.google.android.googleapps.permission.GOOGLE_AUTH.speech,0,0.06340376671271579,0.12680753342543158,570.8,81.72490440496091,"pearson_r, entropy_reduction_ratio, mutual_information",0.0,0.0,0.0,0.0,0.31701883356357896
perm_com.google.android.googleapps.permission.GOOGLE_AUTH.sitemaps,0,0.06340376671271579,0.12680753342543158,570.8,81.72490440496091,"pearson_r, entropy_reduction_ratio, mutual_information",0.0,0.0,0.0,0.0,0.31701883356357896
perm_com.google.android.googleapps.permission.GOOGLE_AUTH.local,0,0.06340376671271579,0.12680753342543158,570.8,81.72490440496091,"pearson_r, entropy_reduction_ratio, mutual_information",0.0,0.0,0.0,0.0,0.31701883356357896
perm_com.google.android.googleapps.permission.GOOGLE_AUTH.lh2,0,0.06340376671271579,0.12680753342543158,570.8,81.72490440496091,"pearson_r, entropy_reduction_ratio, mutual_information",0.0,0.0,0.0,0.0,0.31701883356357896
perm_com.google.android.googleapps.permission.GOOGLE_AUTH.knol,0,0.06340376671271579,0.12680753342543158,570.8,81.72490440496091,"pearson_r, entropy_reduction_ratio, mutual_information",0.0,0.0,0.0,0.0,0.31701883356357896
perm_com.google.android.googleapps.permission.GOOGLE_AUTH.jotspot,0,0.06340376671271579,0.12680753342543158,570.8,81.72490440496091,"pearson_r, entropy_reduction_ratio, mutual_information",0.0,0.0,0.0,0.0,0.31701883356357896
perm_com.google.android.googleapps.permission.GOOGLE_AUTH.ig,0,0.06340376671271579,0.12680753342543158,570.8,81.72490440496091,"pearson_r, entropy_reduction_ratio, mutual_information",0.0,0.0,0.0,0.0,0.31701883356357896
perm_com.google.android.googleapps.permission.GOOGLE_AUTH.health,0,0.06340376671271579,0.12680753342543158,570.8,81.72490440496091,"pearson_r, entropy_reduction_ratio, mutual_information",0.0,0.0,0.0,0.0,0.31701883356357896
perm_com.google.android.googleapps.permission.GOOGLE_AUTH.groups2,0,0.06340376671271579,0.12680753342543158,570.8,81.72490440496091,"pearson_r, entropy_reduction_ratio, mutual_information",0.0,0.0,0.0,0.0,0.31701883356357896
perm_com.google.android.googleapps.permission.GOOGLE_AUTH.dodgeball,0,0.06340376671271579,0.12680753342543158,570.8,81.72490440496091,"pearson_r, entropy_reduction_ratio, mutual_information",0.0,0.0,0.0,0.0,0.31701883356357896
perm_com.google.android.googleapps.permission.GOOGLE_AUTH.notebook,0,0.06340376671271579,0.12680753342543158,570.8,81.72490440496091,"pearson_r, entropy_reduction_ratio, mutual_information",0.0,0.0,0.0,0.0,0.31701883356357896
perm_com.google.android.googleapps.permission.GOOGLE_AUTH.blogger,0,0.06340376671271579,0.12680753342543158,570.8,81.72490440496091,"pearson_r, entropy_reduction_ratio, mutual_information",0.0,0.0,0.0,0.0,0.31701883356357896
perm_com.google.android.googleapps.permission.GOOGLE_AUTH.ah,0,0.06340376671271579,0.12680753342543158,570.8,81.72490440496091,"pearson_r, entropy_reduction_ratio, mutual_information",0.0,0.0,0.0,0.0,0.31701883356357896
perm_com.google.android.googleapps.permission.GOOGLE_AUTH.orkut,0,0.06340376671271579,0.12680753342543158,570.8,81.72490440496091,"pearson_r, entropy_reduction_ratio, mutual_information",0.0,0.0,0.0,0.0,0.31701883356357896
perm_com.google.android.googleapps.permission.GOOGLE_AUTH.adsense,0,0.06340376671271579,0.12680753342543158,570.8,81.72490440496091,"pearson_r, entropy_reduction_ratio, mutual_information",0.0,0.0,0.0,0.0,0.31701883356357896
perm_com.google.android.googleapps.permission.GOOGLE_AUTH.mobile,0,0.06340376671271579,0.12680753342543158,570.8,81.72490440496091,"pearson_r, entropy_reduction_ratio, mutual_information",0.0,0.0,0.0,0.0,0.31701883356357896
intent_com.facebook.sdk.ACTION_CURRENT_ACCESS_TOKEN_CHANGED,0,0.06340376671271579,0.12680753342543158,570.8,81.72490440496091,"pearson_r, entropy_reduction_ratio, mutual_information",0.0,0.0,0.0,0.0,0.31701883356357896
perm_com.google.android.googleapps.permission.GOOGLE_AUTH.mail,0,0.06340376671271579,0.12680753342543158,570.8,81.72490440496091,"pearson_r, entropy_reduction_ratio, mutual_information",0.0,0.0,0.0,0.0,0.31701883356357896
perm_android.permission.READ_OWNER_DATA,0,0.06340376671271579,0.12680753342543158,570.8,81.72490440496091,"pearson_r, entropy_reduction_ratio, mutual_information",0.0,0.0,0.0,0.0,0.31701883356357896
perm_android.permission.SET_TIME_ZONE,0,0.06340376671271579,0.12680753342543158,570.8,81.72490440496091,"pearson_r, entropy_reduction_ratio, mutual_information",0.0,0.0,0.0,0.0,0.31701883356357896
perm_com.google.android.googleapps.permission.GOOGLE_AUTH.cp,0,0.06340376671271579,0.12680753342543158,570.8,81.72490440496091,"pearson_r, entropy_reduction_ratio, mutual_information",0.0,0.0,0.0,0.0,0.31701883356357896
perm_me.everything.badger.permission.BADGE_COUNT_WRITE,0,0.06340376671271579,0.12680753342543158,570.8,81.72490440496091,"pearson_r, entropy_reduction_ratio, mutual_information",0.0,0.0,0.0,0.0,0.31701883356357896
perm_me.everything.badger.permission.BADGE_COUNT_READ,0,0.06340376671271579,0.12680753342543158,570.8,81.72490440496091,"pearson_r, entropy_reduction_ratio, mutual_information",0.0,0.0,0.0,0.0,0.31701883356357896
perm_com.google.android.googleapps.permission.GOOGLE_AUTH.OTHER_SERVICES,0,0.06340376671271579,0.12680753342543158,570.8,81.72490440496091,"pearson_r, entropy_reduction_ratio, mutual_information",0.0,0.0,0.0,0.0,0.31701883356357896
perm_com.android.browser.permission.WRITE_HISTORY_BOOKMARKS,0,0.06340376671271579,0.12680753342543158,570.8,81.72490440496091,"pearson_r, entropy_reduction_ratio, mutual_information",0.0,0.0,0.0,0.0,0.31701883356357896
perm_com.google.android.googleapps.permission.GOOGLE_AUTH.wise,0,0.06340376671271579,0.12680753342543158,570.8,81.72490440496091,"pearson_r, entropy_reduction_ratio, mutual_information",0.0,0.0,0.0,0.0,0.31701883356357896
perm_android.permission.TRANSMIT_IR,0,0.06340376671271579,0.12680753342543158,570.8,81.72490440496091,"pearson_r, entropy_reduction_ratio, mutual_information",0.0,0.0,0.0,0.0,0.31701883356357896
perm_com.sec.android.provider.badge.permission.READ,0,0.06340376671271579,0.12680753342543158,570.8,81.72490440496091,"pearson_r, entropy_reduction_ratio, mutual_information",0.0,0.0,0.0,0.0,0.31701883356357896
perm_com.google.android.googleapps.permission.GOOGLE_AUTH.writely,0,0.06340376671271579,0.12680753342543158,570.8,81.72490440496091,"pearson_r, entropy_reduction_ratio, mutual_information",0.0,0.0,0.0,0.0,0.31701883356357896
intent_safiap.GET_SHARED_DATA,0,0.06340376671271579,0.12680753342543158,570.8,81.72490440496091,"pearson_r, entropy_reduction_ratio, mutual_information",0.0,0.0,0.0,0.0,0.31701883356357896
intent_safiap.framework.ACTION_TO_INSTALL,0,0.06340376671271579,0.12680753342543158,570.8,81.72490440496091,"pearson_r, entropy_reduction_ratio, mutual_information",0.0,0.0,0.0,0.0,0.31701883356357896
intent_safiap.framework.ACTION_CHECK_UPDATE,0,0.06340376671271579,0.12680753342543158,570.8,81.72490440496091,"pearson_r, entropy_reduction_ratio, mutual_information",0.0,0.0,0.0,0.0,0.31701883356357896
intent_safiap.framework.ACTION_CANCEL_NOTIFICATION,0,0.06340376671271579,0.12680753342543158,570.8,81.72490440496091,"pearson_r, entropy_reduction_ratio, mutual_information",0.0,0.0,0.0,0.0,0.31701883356357896
intent_safiap.framework.ACTION_START_DOWNLOAD,0,0.06340376671271579,0.12680753342543158,570.8,81.72490440496091,"pearson_r, entropy_reduction_ratio, mutual_information",0.0,0.0,0.0,0.0,0.31701883356357896
perm_com.s.launcher.permission.READ_SETTINGS,0,0.06340376671271579,0.12680753342543158,570.8,81.72490440496091,"pearson_r, entropy_reduction_ratio, mutual_information",0.0,0.0,0.0,0.0,0.31701883356357896
perm_com.actionlauncher.playstore.permission.READ_SETTINGS,0,0.06340376671271579,0.12680753342543158,570.8,81.72490440496091,"pearson_r, entropy_reduction_ratio, mutual_information",0.0,0.0,0.0,0.0,0.31701883356357896
intent_cn.jpush.android.intent.NOTIFICATION_RECEIVED_PROXY,0,0.06340376671271579,0.12680753342543158,570.8,81.72490440496091,"pearson_r, entropy_reduction_ratio, mutual_information",0.0,0.0,0.0,0.0,0.31701883356357896
perm_com.mx.launcher.permission.READ_SETTINGS,0,0.06340376671271579,0.12680753342543158,570.8,81.72490440496091,"pearson_r, entropy_reduction_ratio, mutual_information",0.0,0.0,0.0,0.0,0.31701883356357896
perm_android.permission.ACCOUNT_MANAGER,0,0.06340376671271579,0.12680753342543158,570.8,81.72490440496091,"pearson_r, entropy_reduction_ratio, mutual_information",0.0,0.0,0.0,0.0,0.31701883356357896
intent_cn.jpush.android.ui.PushActivity,0,0.06340376671271579,0.12680753342543158,570.8,81.72490440496091,"pearson_r, entropy_reduction_ratio, mutual_information",0.0,0.0,0.0,0.0,0.31701883356357896
perm_com.google.android.googleapps.permission.GOOGLE_AUTH.android,0,0.06340376671271579,0.12680753342543158,570.8,81.72490440496091,"pearson_r, entropy_reduction_ratio, mutual_information",0.0,0.0,0.0,0.0,0.31701883356357896
perm_com.google.android.googleapps.permission.GOOGLE_AUTH.sierraqa,0,0.06340376671271579,0.12680753342543158,570.8,81.72490440496091,"pearson_r, entropy_reduction_ratio, mutual_information",0.0,0.0,0.0,0.0,0.31701883356357896
perm_com.google.android.googleapps.permission.GOOGLE_AUTH.sierrasandbox,0,0.06340376671271579,0.12680753342543158,570.8,81.72490440496091,"pearson_r, entropy_reduction_ratio, mutual_information",0.0,0.0,0.0,0.0,0.31701883356357896
intent_cn.jpush.android.intent.REGISTER,0,0.06340376671271579,0.12680753342543158,570.8,81.72490440496091,"pearson_r, entropy_reduction_ratio, mutual_information",0.0,0.0,0.0,0.0,0.31701883356357896
intent_cn.jpush.android.intent.PushService,0,0.06340376671271579,0.12680753342543158,570.8,81.72490440496091,"pearson_r, entropy_reduction_ratio, mutual_information",0.0,0.0,0.0,0.0,0.31701883356357896
intent_android.intent.action.CREATE_SHORTCUT,0,0.06340376671271579,0.12680753342543158,570.8,81.72490440496091,"pearson_r, entropy_reduction_ratio, mutual_information",0.0,0.0,0.0,0.0,0.31701883356357896
intent_cn.jpush.android.intent.MESSAGE_RECEIVED,0,0.06340376671271579,0.12680753342543158,570.8,81.72490440496091,"pearson_r, entropy_reduction_ratio, mutual_information",0.0,0.0,0.0,0.0,0.31701883356357896
intent_cn.jpush.android.intent.NOTIFICATION_OPENED,0,0.06340376671271579,0.12680753342543158,570.8,81.72490440496091,"pearson_r, entropy_reduction_ratio, mutual_information",0.0,0.0,0.0,0.0,0.31701883356357896
intent_cn.jpush.android.intent.NOTIFICATION_RECEIVED,0,0.06340376671271579,0.12680753342543158,570.8,81.72490440496091,"pearson_r, entropy_reduction_ratio, mutual_information",0.0,0.0,0.0,0.0,0.31701883356357896
intent_com.baidu.location.service_v2.2,0,0.06340376671271579,0.12680753342543158,570.8,81.72490440496091,"pearson_r, entropy_reduction_ratio, mutual_information",0.0,0.0,0.0,0.0,0.31701883356357896
intent_com.umeng.messge.registercallback.action,0,0.06340376671271579,0.12680753342543158,570.8,81.72490440496091,"pearson_r, entropy_reduction_ratio, mutual_information",0.0,0.0,0.0,0.0,0.31701883356357896
intent_com.umeng.message.message.handler.action,0,0.06340376671271579,0.12680753342543158,570.8,81.72490440496091,"pearson_r, entropy_reduction_ratio, mutual_information",0.0,0.0,0.0,0.0,0.31701883356357896
intent_com.igexin.sdk.action.7fjUl2Z3LH6xYy7NQK4ni4,0,0.06340376671271579,0.12680753342543158,570.8,81.72490440496091,"pearson_r, entropy_reduction_ratio, mutual_information",0.0,0.0,0.0,0.0,0.31701883356357896
intent_cn.play.dservice,0,0.06340376671271579,0.12680753342543158,570.8,81.72490440496091,"pearson_r, entropy_reduction_ratio, mutual_information",0.0,0.0,0.0,0.0,0.31701883356357896
intent_android.intent.action.NOTIFICATION_REMOVE,0,0.06340376671271579,0.12680753342543158,570.8,81.72490440496091,"pearson_r, entropy_reduction_ratio, mutual_information",0.0,0.0,0.0,0.0,0.31701883356357896
intent_android.intent.action.NOTIFICATION_ADD,0,0.06340376671271579,0.12680753342543158,570.8,81.72490440496091,"pearson_r, entropy_reduction_ratio, mutual_information",0.0,0.0,0.0,0.0,0.31701883356357896
intent_safiap.framework.ACTION_NETWORK_ERROR_FRAMEWORK,0,0.06340376671271579,0.12680753342543158,570.8,81.72490440496091,"pearson_r, entropy_reduction_ratio, mutual_information",0.0,0.0,0.0,0.0,0.31701883356357896
intent_safiap.framework.ACTION_NETWORK_ERROR_IAP,0,0.06340376671271579,0.12680753342543158,570.8,81.72490440496091,"pearson_r, entropy_reduction_ratio, mutual_information",0.0,0.0,0.0,0.0,0.31701883356357896
intent_com.inmobi.share.id,0,0.06340376671271579,0.12680753342543158,570.8,81.72490440496091,"pearson_r, entropy_reduction_ratio, mutual_information",0.0,0.0,0.0,0.0,0.31701883356357896
perm_android.permission.BROADCAST_SMS,0,0.06340376671271579,0.12680753342543158,570.8,81.72490440496091,"pearson_r, entropy_reduction_ratio, mutual_information",0.0,0.0,0.0,0.0,0.31701883356357896
perm_,0,0.06340376671271579,0.12680753342543158,570.8,81.72490440496091,"pearson_r, entropy_reduction_ratio, mutual_information",0.0,0.0,0.0,0.0,0.31701883356357896
intent_android.intent.action.MEDIA_EJECT,0,0.06340376671271579,0.12680753342543158,570.8,81.72490440496091,"pearson_r, entropy_reduction_ratio, mutual_information",0.0,0.0,0.0,0.0,0.31701883356357896
intent_cn.jpush.android.intent.CONNECTION,0,0.06340376671271579,0.12680753342543158,570.8,81.72490440496091,"pearson_r, entropy_reduction_ratio, mutual_information",0.0,0.0,0.0,0.0,0.31701883356357896
suspicious_getCellSignalStrength,0,0.06340376671271579,0.12680753342543158,570.8,81.72490440496091,"pearson_r, entropy_reduction_ratio, mutual_information",0.0,0.0,0.0,0.0,0.31701883356357896
intent_android.bluetooth.adapter.action.STATE_CHANGED,0,0.06340376671271579,0.12680753342543158,570.8,81.72490440496091,"pearson_r, entropy_reduction_ratio, mutual_information",0.0,0.0,0.0,0.0,0.31701883356357896
intent_android.intent.action.MY_PACKAGE_REPLACED,0,0.06340376671271579,0.12680753342543158,570.8,81.72490440496091,"pearson_r, entropy_reduction_ratio, mutual_information",0.0,0.0,0.0,0.0,0.31701883356357896
perm_android.permission.BROADCAST_PACKAGE_INSTALL,0,0.06340376671271579,0.12680753342543158,570.8,81.72490440496091,"pearson_r, entropy_reduction_ratio, mutual_information",0.0,0.0,0.0,0.0,0.31701883356357896
perm_android.permission.READ_SYNC_STATS,0,0.06340376671271579,0.12680753342543158,570.8,81.72490440496091,"pearson_r, entropy_reduction_ratio, mutual_information",0.0,0.0,0.0,0.0,0.31701883356357896
intent_org.agoo.android.intent.action.PING_V4,0,0.06340376671271579,0.12680753342543158,570.8,81.72490440496091,"pearson_r, entropy_reduction_ratio, mutual_information",0.0,0.0,0.0,0.0,0.31701883356357896
intent_com.excelliance.kxqp.platform.gameplugin.action.UNBIND_REMOTE,0,0.06340376671271579,0.12680753342543158,570.8,81.72490440496091,"pearson_r, entropy_reduction_ratio, mutual_information",0.0,0.0,0.0,0.0,0.31701883356357896
intent_com.excelliance.kxqp.platform.gameplugin.action.BIND_REMOTE,0,0.06340376671271579,0.12680753342543158,570.8,81.72490440496091,"pearson_r, entropy_reduction_ratio, mutual_information",0.0,0.0,0.0,0.0,0.31701883356357896
perm_org.adw.launcher.permission.WRITE_SETTINGS,0,0.06340376671271579,0.12680753342543158,570.8,81.72490440496091,"pearson_r, entropy_reduction_ratio, mutual_information",0.0,0.0,0.0,0.0,0.31701883356357896
perm_android.permission.SIGNAL_PERSISTENT_PROCESSES,0,0.06340376671271579,0.12680753342543158,570.8,81.72490440496091,"pearson_r, entropy_reduction_ratio, mutual_information",0.0,0.0,0.0,0.0,0.31701883356357896
perm_com.qihoo360.launcher.permission.WRITE_SETTINGS,0,0.06340376671271579,0.12680753342543158,570.8,81.72490440496091,"pearson_r, entropy_reduction_ratio, mutual_information",0.0,0.0,0.0,0.0,0.31701883356357896
perm_com.sec.android.app.twlauncher.settings.WRITE_SETTINGS,0,0.06340376671271579,0.12680753342543158,570.8,81.72490440496091,"pearson_r, entropy_reduction_ratio, mutual_information",0.0,0.0,0.0,0.0,0.31701883356357896
perm_com.android.voicemail.permission.READ_WRITE_ALL_VOICEMAIL,0,0.06340376671271579,0.12680753342543158,570.8,81.72490440496091,"pearson_r, entropy_reduction_ratio, mutual_information",0.0,0.0,0.0,0.0,0.31701883356357896
perm_com.android.mylauncher.permission.WRITE_SETTINGS,0,0.06340376671271579,0.12680753342543158,570.8,81.72490440496091,"pearson_r, entropy_reduction_ratio, mutual_information",0.0,0.0,0.0,0.0,0.31701883356357896
perm_org.adw.launcher_donut.permission.WRITE_SETTINGS,0,0.06340376671271579,0.12680753342543158,570.8,81.72490440496091,"pearson_r, entropy_reduction_ratio, mutual_information",0.0,0.0,0.0,0.0,0.31701883356357896
perm_com.ebproductions.android.launcher.permission.WRITE_SETTINGS,0,0.06340376671271579,0.12680753342543158,570.8,81.72490440496091,"pearson_r, entropy_reduction_ratio, mutual_information",0.0,0.0,0.0,0.0,0.31701883356357896
perm_com.huawei.launcher3.permission.WRITE_SETTINGS,0,0.06340376671271579,0.12680753342543158,570.8,81.72490440496091,"pearson_r, entropy_reduction_ratio, mutual_information",0.0,0.0,0.0,0.0,0.31701883356357896
perm_sec.android.permission.READ_MSG_PREF,0,0.06340376671271579,0.12680753342543158,570.8,81.72490440496091,"pearson_r, entropy_reduction_ratio, mutual_information",0.0,0.0,0.0,0.0,0.31701883356357896
perm_com.samsung.android.providers.context.permission.WRITE_RECORD_AUDIO,0,0.06340376671271579,0.12680753342543158,570.8,81.72490440496091,"pearson_r, entropy_reduction_ratio, mutual_information",0.0,0.0,0.0,0.0,0.31701883356357896
perm_com.samsung.svoice.sync.READ_DATABASE,0,0.06340376671271579,0.12680753342543158,570.8,81.72490440496091,"pearson_r, entropy_reduction_ratio, mutual_information",0.0,0.0,0.0,0.0,0.31701883356357896
perm_com.samsung.svoice.sync.WRITE_DATABASE,0,0.06340376671271579,0.12680753342543158,570.8,81.72490440496091,"pearson_r, entropy_reduction_ratio, mutual_information",0.0,0.0,0.0,0.0,0.31701883356357896
perm_com.sec.android.permission.LAUNCH_PERSONAL_PAGE_SERVICE,0,0.06340376671271579,0.12680753342543158,570.8,81.72490440496091,"pearson_r, entropy_reduction_ratio, mutual_information",0.0,0.0,0.0,0.0,0.31701883356357896
intent_com.snowfish.a.a.s.ABGSvc,0,0.06340376671271579,0.12680753342543158,570.8,81.72490440496091,"pearson_r, entropy_reduction_ratio, mutual_information",0.0,0.0,0.0,0.0,0.31701883356357896
perm_com.lge.launcher.permission.WRITE_SETTINGS,0,0.06340376671271579,0.12680753342543158,570.8,81.72490440496091,"pearson_r, entropy_reduction_ratio, mutual_information",0.0,0.0,0.0,0.0,0.31701883356357896
intent_cn.jpush.android.intent.DaemonService,0,0.06340376671271579,0.12680753342543158,570.8,81.72490440496091,"pearson_r, entropy_reduction_ratio, mutual_information",0.0,0.0,0.0,0.0,0.31701883356357896
intent_com.baidu.android.pushservice.action.MESSAGE,0,0.06340376671271579,0.12680753342543158,570.8,81.72490440496091,"pearson_r, entropy_reduction_ratio, mutual_information",0.0,0.0,0.0,0.0,0.31701883356357896
perm_com.sec.android.settings.permission.SOFT_RESET,0,0.06340376671271579,0.12680753342543158,570.8,81.72490440496091,"pearson_r, entropy_reduction_ratio, mutual_information",0.0,0.0,0.0,0.0,0.31701883356357896
perm_com.samsung.android.scloud.backup.lib.write,0,0.06340376671271579,0.12680753342543158,570.8,81.72490440496091,"pearson_r, entropy_reduction_ratio, mutual_information",0.0,0.0,0.0,0.0,0.31701883356357896
intent_com.qihoo.appstore.ACTION_UNLOCK_BROADCAST_RECEIVE,0,0.06340376671271579,0.12680753342543158,570.8,81.72490440496091,"pearson_r, entropy_reduction_ratio, mutual_information",0.0,0.0,0.0,0.0,0.31701883356357896
intent_com.baidu.android.pushservice.action.notification.SHOW,0,0.06340376671271579,0.12680753342543158,570.8,81.72490440496091,"pearson_r, entropy_reduction_ratio, mutual_information",0.0,0.0,0.0,0.0,0.31701883356357896
intent_com.baidu.android.pushservice.action.media.CLICK,0,0.06340376671271579,0.12680753342543158,570.8,81.72490440496091,"pearson_r, entropy_reduction_ratio, mutual_information",0.0,0.0,0.0,0.0,0.31701883356357896
intent_com.baidu.android.pushservice.action.BIND_SYNC,0,0.06340376671271579,0.12680753342543158,570.8,81.72490440496091,"pearson_r, entropy_reduction_ratio, mutual_information",0.0,0.0,0.0,0.0,0.31701883356357896
intent_com.xiaomi.push.PING_TIMER,0,0.06340376671271579,0.12680753342543158,570.8,81.72490440496091,"pearson_r, entropy_reduction_ratio, mutual_information",0.0,0.0,0.0,0.0,0.31701883356357896
perm_com.google.android.gms.permission.ACTIVITY_RECOGNITION,0,0.06340376671271579,0.12680753342543158,570.8,81.72490440496091,"pearson_r, entropy_reduction_ratio, mutual_information",0.0,0.0,0.0,0.0,0.31701883356357896
perm_ACCESS_WIFI_STATE,0,0.06340376671271579,0.12680753342543158,570.8,81.72490440496091,"pearson_r, entropy_reduction_ratio, mutual_information",0.0,0.0,0.0,0.0,0.31701883356357896
intent_com.google.android.gms.iid.InstanceID,0,0.06340376671271579,0.12680753342543158,570.8,81.72490440496091,"pearson_r, entropy_reduction_ratio, mutual_information",0.0,0.0,0.0,0.0,0.31701883356357896
intent_android.intent.action.ACTION_BOOT_COMPLETED,0,0.06340376671271579,0.12680753342543158,570.8,81.72490440496091,"pearson_r, entropy_reduction_ratio, mutual_information",0.0,0.0,0.0,0.0,0.31701883356357896
perm_android.permission.FOREGROUND_SERVICE,0,0.06340376671271579,0.12680753342543158,570.8,81.72490440496091,"pearson_r, entropy_reduction_ratio, mutual_information",0.0,0.0,0.0,0.0,0.31701883356357896
perm_android.permission.GET_CLIPS,0,0.06340376671271579,0.12680753342543158,570.8,81.72490440496091,"pearson_r, entropy_reduction_ratio, mutual_information",0.0,0.0,0.0,0.0,0.31701883356357896
perm_android.permission.WRITE_CLIPS,0,0.06340376671271579,0.12680753342543158,570.8,81.72490440496091,"pearson_r, entropy_reduction_ratio, mutual_information",0.0,0.0,0.0,0.0,0.31701883356357896
perm_com.android.launcher3.permission.INSTALL_SHORTCUT,0,0.06340376671271579,0.12680753342543158,570.8,81.72490440496091,"pearson_r, entropy_reduction_ratio, mutual_information",0.0,0.0,0.0,0.0,0.31701883356357896
intent_com.umeng.message.disablecallback.action,0,0.06340376671271579,0.12680753342543158,570.8,81.72490440496091,"pearson_r, entropy_reduction_ratio, mutual_information",0.0,0.0,0.0,0.0,0.31701883356357896
intent_com.qihoo.appstore.APPWATCHER_CHANGE_TIME,0,0.06340376671271579,0.12680753342543158,570.8,81.72490440496091,"pearson_r, entropy_reduction_ratio, mutual_information",0.0,0.0,0.0,0.0,0.31701883356357896
perm_org.simalliance.openmobileapi.SMARTCARD,0,0.06340376671271579,0.12680753342543158,570.8,81.72490440496091,"pearson_r, entropy_reduction_ratio, mutual_information",0.0,0.0,0.0,0.0,0.31701883356357896
perm_android.permission.ACCESS_WIFI_STATE.android.permission.READ_PHONE_STATE,0,0.06340376671271579,0.12680753342543158,570.8,81.72490440496091,"pearson_r, entropy_reduction_ratio, mutual_information",0.0,0.0,0.0,0.0,0.31701883356357896
perm_qiku.permission.RECEIVE_ACTIVITY_RESUMED,0,0.06340376671271579,0.12680753342543158,570.8,81.72490440496091,"pearson_r, entropy_reduction_ratio, mutual_information",0.0,0.0,0.0,0.0,0.31701883356357896
intent_com.taobao.accs.intent.action.COMMAND,0,0.06340376671271579,0.12680753342543158,570.8,81.72490440496091,"pearson_r, entropy_reduction_ratio, mutual_information",0.0,0.0,0.0,0.0,0.31701883356357896
intent_co.ronash.pushe.ACTION_TASK_READY,0,0.06340376671271579,0.12680753342543158,570.8,81.72490440496091,"pearson_r, entropy_reduction_ratio, mutual_information",0.0,0.0,0.0,0.0,0.31701883356357896
perm_com.google.android.launcher.permission.WRITE_SETTINGS,0,0.06340376671271579,0.12680753342543158,570.8,81.72490440496091,"pearson_r, entropy_reduction_ratio, mutual_information",0.0,0.0,0.0,0.0,0.31701883356357896
intent_com.taobao.accs.intent.action.START_FROM_AGOO,0,0.06340376671271579,0.12680753342543158,570.8,81.72490440496091,"pearson_r, entropy_reduction_ratio, mutual_information",0.0,0.0,0.0,0.0,0.31701883356357896
perm_com.xiaomi.sdk.permission.PAYMENT,0,0.06340376671271579,0.12680753342543158,570.8,81.72490440496091,"pearson_r, entropy_reduction_ratio, mutual_information",0.0,0.0,0.0,0.0,0.31701883356357896
intent_co.ronash.pushe.service.ScreenStateService,0,0.06340376671271579,0.12680753342543158,570.8,81.72490440496091,"pearson_r, entropy_reduction_ratio, mutual_information",0.0,0.0,0.0,0.0,0.31701883356357896
intent_com.taobao.accs.intent.action.RECEIVE,0,0.06340376671271579,0.12680753342543158,570.8,81.72490440496091,"pearson_r, entropy_reduction_ratio, mutual_information",0.0,0.0,0.0,0.0,0.31701883356357896
perm_android.permission.LOCAL_MAC_ADDRESS,0,0.06340376671271579,0.12680753342543158,570.8,81.72490440496091,"pearson_r, entropy_reduction_ratio, mutual_information",0.0,0.0,0.0,0.0,0.31701883356357896
intent_android.intent.action.DATE_CHANGED,0,0.06340376671271579,0.12680753342543158,570.8,81.72490440496091,"pearson_r, entropy_reduction_ratio, mutual_information",0.0,0.0,0.0,0.0,0.31701883356357896
intent_com.unicom.xiaowo.security.RECEIVER_CMD,0,0.06340376671271579,0.12680753342543158,570.8,81.72490440496091,"pearson_r, entropy_reduction_ratio, mutual_information",0.0,0.0,0.0,0.0,0.31701883356357896
intent_oh.rt.hj.j.g,0,0.06340376671271579,0.12680753342543158,570.8,81.72490440496091,"pearson_r, entropy_reduction_ratio, mutual_information",0.0,0.0,0.0,0.0,0.31701883356357896
intent_com.door.pay.sdk.app.action,0,0.06340376671271579,0.12680753342543158,570.8,81.72490440496091,"pearson_r, entropy_reduction_ratio, mutual_information",0.0,0.0,0.0,0.0,0.31701883356357896
intent_ACTION.TAPCORE.SYNC,0,0.06340376671271579,0.12680753342543158,570.8,81.72490440496091,"pearson_r, entropy_reduction_ratio, mutual_information",0.0,0.0,0.0,0.0,0.31701883356357896
intent_com.amir.nightjar.service.BUFFER_SERVICES,0,0.06340376671271579,0.12680753342543158,570.8,81.72490440496091,"pearson_r, entropy_reduction_ratio, mutual_information",0.0,0.0,0.0,0.0,0.31701883356357896
intent_com.amir.nightjar.service.CONFIG_SERVICES,0,0.06340376671271579,0.12680753342543158,570.8,81.72490440496091,"pearson_r, entropy_reduction_ratio, mutual_information",0.0,0.0,0.0,0.0,0.31701883356357896
perm_cn.swiftpass.wxpay.permission.MM_MESSAGE,0,0.06340376671271579,0.12680753342543158,570.8,81.72490440496091,"pearson_r, entropy_reduction_ratio, mutual_information",0.0,0.0,0.0,0.0,0.31701883356357896
intent_cn.jpush.android.intent.ACTION_RICHPUSH_CALLBACK,0,0.06340376671271579,0.12680753342543158,570.8,81.72490440496091,"pearson_r, entropy_reduction_ratio, mutual_information",0.0,0.0,0.0,0.0,0.31701883356357896
perm_com.huawei.launcher.permission.READ_SETTINGS,0,0.06340376671271579,0.12680753342543158,570.8,81.72490440496091,"pearson_r, entropy_reduction_ratio, mutual_information",0.0,0.0,0.0,0.0,0.31701883356357896
perm_cn.swiftpass.wxpay.permission.MMOAUTH_CALLBACK,0,0.06340376671271579,0.12680753342543158,570.8,81.72490440496091,"pearson_r, entropy_reduction_ratio, mutual_information",0.0,0.0,0.0,0.0,0.31701883356357896
perm_android.hardware.camera.autofocus,0,0.06340376671271579,0.12680753342543158,570.8,81.72490440496091,"pearson_r, entropy_reduction_ratio, mutual_information",0.0,0.0,0.0,0.0,0.31701883356357896
intent_android.intent.action.ERROR_NOTIFY,0,0.06340376671271579,0.12680753342543158,570.8,81.72490440496091,"pearson_r, entropy_reduction_ratio, mutual_information",0.0,0.0,0.0,0.0,0.31701883356357896
perm_com.asus.email.permission.ACCESS_PROVIDER,0,0.06340376671271579,0.12680753342543158,570.8,81.72490440496091,"pearson_r, entropy_reduction_ratio, mutual_information",0.0,0.0,0.0,0.0,0.31701883356357896
intent_com.evernote.android.job.ADD_JOB_CREATOR,0,0.06340376671271579,0.12680753342543158,570.8,81.72490440496091,"pearson_r, entropy_reduction_ratio, mutual_information",0.0,0.0,0.0,0.0,0.31701883356357896
perm_android.permission.PREVENT_POWER_KEY,0,0.06340376671271579,0.12680753342543158,570.8,81.72490440496091,"pearson_r, entropy_reduction_ratio, mutual_information",0.0,0.0,0.0,0.0,0.31701883356357896
intent_downfile,0,0.06340376671271579,0.12680753342543158,570.8,81.72490440496091,"pearson_r, entropy_reduction_ratio, mutual_information",0.0,0.0,0.0,0.0,0.31701883356357896
intent_com.excelliance.kxqp.action.SmtCntService,0,0.06340376671271579,0.12680753342543158,570.8,81.72490440496091,"pearson_r, entropy_reduction_ratio, mutual_information",0.0,0.0,0.0,0.0,0.31701883356357896
intent_com.excelliance.kxqp.action.GENERIC,0,0.06340376671271579,0.12680753342543158,570.8,81.72490440496091,"pearson_r, entropy_reduction_ratio, mutual_information",0.0,0.0,0.0,0.0,0.31701883356357896
perm_com.facebook.katana.permission.RECEIVE_ADM_MESSAGE,0,0.06340376671271579,0.12680753342543158,570.8,81.72490440496091,"pearson_r, entropy_reduction_ratio, mutual_information",0.0,0.0,0.0,0.0,0.31701883356357896
perm_com.facebook.katana.permission.C2D_MESSAGE,0,0.06340376671271579,0.12680753342543158,570.8,81.72490440496091,"pearson_r, entropy_reduction_ratio, mutual_information",0.0,0.0,0.0,0.0,0.31701883356357896
intent_com.excelliance.kxqp.action.smtsrv,0,0.06340376671271579,0.12680753342543158,570.8,81.72490440496091,"pearson_r, entropy_reduction_ratio, mutual_information",0.0,0.0,0.0,0.0,0.31701883356357896
intent_com.excelliance.kxqp.action.init,0,0.06340376671271579,0.12680753342543158,570.8,81.72490440496091,"pearson_r, entropy_reduction_ratio, mutual_information",0.0,0.0,0.0,0.0,0.31701883356357896
intent_com.excelliance.kxqp.action.smtcnt,0,0.06340376671271579,0.12680753342543158,570.8,81.72490440496091,"pearson_r, entropy_reduction_ratio, mutual_information",0.0,0.0,0.0,0.0,0.31701883356357896
perm_com.tencent.msf.permission.account.sync,0,0.06340376671271579,0.12680753342543158,570.8,81.72490440496091,"pearson_r, entropy_reduction_ratio, mutual_information",0.0,0.0,0.0,0.0,0.31701883356357896
intent_show_setting_page,0,0.06340376671271579,0.12680753342543158,570.8,81.72490440496091,"pearson_r, entropy_reduction_ratio, mutual_information",0.0,0.0,0.0,0.0,0.31701883356357896
intent_show_start_app,0,0.06340376671271579,0.12680753342543158,570.8,81.72490440496091,"pearson_r, entropy_reduction_ratio, mutual_information",0.0,0.0,0.0,0.0,0.31701883356357896
intent_show_taskmanager,0,0.06340376671271579,0.12680753342543158,570.8,81.72490440496091,"pearson_r, entropy_reduction_ratio, mutual_information",0.0,0.0,0.0,0.0,0.31701883356357896
intent_com.excelliance.kxqp.platform.action.BADGE_REPORT,0,0.06340376671271579,0.12680753342543158,570.8,81.72490440496091,"pearson_r, entropy_reduction_ratio, mutual_information",0.0,0.0,0.0,0.0,0.31701883356357896
intent_com.easou.action.image.crop,0,0.06340376671271579,0.12680753342543158,570.8,81.72490440496091,"pearson_r, entropy_reduction_ratio, mutual_information",0.0,0.0,0.0,0.0,0.31701883356357896
intent_com.easou.eyou.START_EPAY_PROXY_SERVICE,0,0.06340376671271579,0.12680753342543158,570.8,81.72490440496091,"pearson_r, entropy_reduction_ratio, mutual_information",0.0,0.0,0.0,0.0,0.31701883356357896
perm_com.aspire.mm.permission.READ_SETTINGS,0,0.06340376671271579,0.12680753342543158,570.8,81.72490440496091,"pearson_r, entropy_reduction_ratio, mutual_information",0.0,0.0,0.0,0.0,0.31701883356357896
intent_com.baidu.autoupdatesdk.ACTION_AS_DOWNLOAD_COMPLETE,0,0.06340376671271579,0.12680753342543158,570.8,81.72490440496091,"pearson_r, entropy_reduction_ratio, mutual_information",0.0,0.0,0.0,0.0,0.31701883356357896
intent_com.baidu.autoupdatesdk.ACTION_NEW_UPDATE,0,0.06340376671271579,0.12680753342543158,570.8,81.72490440496091,"pearson_r, entropy_reduction_ratio, mutual_information",0.0,0.0,0.0,0.0,0.31701883356357896
intent_com.baidu.autoupdatesdk.ACTION_DOWNLOAD_COMPLETE,0,0.06340376671271579,0.12680753342543158,570.8,81.72490440496091,"pearson_r, entropy_reduction_ratio, mutual_information",0.0,0.0,0.0,0.0,0.31701883356357896
perm_com.tencent.mm.wear.message,0,0.06340376671271579,0.12680753342543158,570.8,81.72490440496091,"pearson_r, entropy_reduction_ratio, mutual_information",0.0,0.0,0.0,0.0,0.31701883356357896
perm_com.tencent.mm.permission.C2D_MESSAGE,0,0.06340376671271579,0.12680753342543158,570.8,81.72490440496091,"pearson_r, entropy_reduction_ratio, mutual_information",0.0,0.0,0.0,0.0,0.31701883356357896
perm_com.facebook.receiver.permission.ACCESS,0,0.06340376671271579,0.12680753342543158,570.8,81.72490440496091,"pearson_r, entropy_reduction_ratio, mutual_information",0.0,0.0,0.0,0.0,0.31701883356357896
perm_com.ty.launcher.permission.READ_SETTINGS,0,0.06340376671271579,0.12680753342543158,570.8,81.72490440496091,"pearson_r, entropy_reduction_ratio, mutual_information",0.0,0.0,0.0,0.0,0.31701883356357896
perm_com.baiqi.weather.permission.READ_SETTINGS,0,0.06340376671271579,0.12680753342543158,570.8,81.72490440496091,"pearson_r, entropy_reduction_ratio, mutual_information",0.0,0.0,0.0,0.0,0.31701883356357896
perm_com.mediatek.launcherplus.permission.READ_SETTINGS,0,0.06340376671271579,0.12680753342543158,570.8,81.72490440496091,"pearson_r, entropy_reduction_ratio, mutual_information",0.0,0.0,0.0,0.0,0.31701883356357896
perm_mobi.SyndicateApps.ICS.launcher.permission.READ_SETTINGS,0,0.06340376671271579,0.12680753342543158,570.8,81.72490440496091,"pearson_r, entropy_reduction_ratio, mutual_information",0.0,0.0,0.0,0.0,0.31701883356357896
perm_com.motorola.mmsp.motoswitch.permission.READ_SETTINGS,0,0.06340376671271579,0.12680753342543158,570.8,81.72490440496091,"pearson_r, entropy_reduction_ratio, mutual_information",0.0,0.0,0.0,0.0,0.31701883356357896
perm_android.permission.DOWNLOAD_CACHE_NON_PURGEABLE,0,0.06340376671271579,0.12680753342543158,570.8,81.72490440496091,"pearson_r, entropy_reduction_ratio, mutual_information",0.0,0.0,0.0,0.0,0.31701883356357896
intent_android.intent.action.IMEDIATE_NOTIFY_ALARM,0,0.06340376671271579,0.12680753342543158,570.8,81.72490440496091,"pearson_r, entropy_reduction_ratio, mutual_information",0.0,0.0,0.0,0.0,0.31701883356357896
perm_com.yulong3.android.launcher.permission.WRITE_SETTINGS,0,0.06340376671271579,0.12680753342543158,570.8,81.72490440496091,"pearson_r, entropy_reduction_ratio, mutual_information",0.0,0.0,0.0,0.0,0.31701883356357896
perm_com.yulong3.android.launcher.permission.READ_SETTINGS,0,0.06340376671271579,0.12680753342543158,570.8,81.72490440496091,"pearson_r, entropy_reduction_ratio, mutual_information",0.0,0.0,0.0,0.0,0.31701883356357896
intent_android.intent.action.PUSH_NOTIFY_ALARM,0,0.06340376671271579,0.12680753342543158,570.8,81.72490440496091,"pearson_r, entropy_reduction_ratio, mutual_information",0.0,0.0,0.0,0.0,0.31701883356357896
perm_android.permission.WRITE_APN_SETTING,0,0.06340376671271579,0.12680753342543158,570.8,81.72490440496091,"pearson_r, entropy_reduction_ratio, mutual_information",0.0,0.0,0.0,0.0,0.31701883356357896
perm_com.motorola.dlauncher.permission.READ_SETTINGS,0,0.06340376671271579,0.12680753342543158,570.8,81.72490440496091,"pearson_r, entropy_reduction_ratio, mutual_information",0.0,0.0,0.0,0.0,0.31701883356357896
perm_com.tencent.mm.ext.permission.READ,0,0.06340376671271579,0.12680753342543158,570.8,81.72490440496091,"pearson_r, entropy_reduction_ratio, mutual_information",0.0,0.0,0.0,0.0,0.31701883356357896
perm_com.tencent.mm.plugin.permission.READ,0,0.06340376671271579,0.12680753342543158,570.8,81.72490440496091,"pearson_r, entropy_reduction_ratio, mutual_information",0.0,0.0,0.0,0.0,0.31701883356357896
perm_com.tencent.mm.plugin.permission.WRITE,0,0.06340376671271579,0.12680753342543158,570.8,81.72490440496091,"pearson_r, entropy_reduction_ratio, mutual_information",0.0,0.0,0.0,0.0,0.31701883356357896
intent_com.firebase.jobdispatcher.ACTION_EXECUTE,0,0.06340376671271579,0.12680753342543158,570.8,81.72490440496091,"pearson_r, entropy_reduction_ratio, mutual_information",0.0,0.0,0.0,0.0,0.31701883356357896
intent_com.baoruan.launcher3.ACTION_THEME,0,0.06340376671271579,0.12680753342543158,570.8,81.72490440496091,"pearson_r, entropy_reduction_ratio, mutual_information",0.0,0.0,0.0,0.0,0.31701883356357896
intent_android.Intent.ACTION_NEW_OUTGOING_CALL,0,0.06340376671271579,0.12680753342543158,570.8,81.72490440496091,"pearson_r, entropy_reduction_ratio, mutual_information",0.0,0.0,0.0,0.0,0.31701883356357896
perm_android.permission.REAL_GET_TASKS,0,0.06340376671271579,0.12680753342543158,570.8,81.72490440496091,"pearson_r, entropy_reduction_ratio, mutual_information",0.0,0.0,0.0,0.0,0.31701883356357896
perm_com.tencent.mm.permission.MM_MESSAGE,0,0.06340376671271579,0.12680753342543158,570.8,81.72490440496091,"pearson_r, entropy_reduction_ratio, mutual_information",0.0,0.0,0.0,0.0,0.31701883356357896
intent_show_fold,0,0.06340376671271579,0.12680753342543158,570.8,81.72490440496091,"pearson_r, entropy_reduction_ratio, mutual_information",0.0,0.0,0.0,0.0,0.31701883356357896
intent_show_encourage,0,0.06340376671271579,0.12680753342543158,570.8,81.72490440496091,"pearson_r, entropy_reduction_ratio, mutual_information",0.0,0.0,0.0,0.0,0.31701883356357896
intent_com.excelliance.kxqp.action.swpsrv,0,0.06340376671271579,0.12680753342543158,570.8,81.72490440496091,"pearson_r, entropy_reduction_ratio, mutual_information",0.0,0.0,0.0,0.0,0.31701883356357896
intent_android.intent.action.MEDIA_CHECKING,0,0.06340376671271579,0.12680753342543158,570.8,81.72490440496091,"pearson_r, entropy_reduction_ratio, mutual_information",0.0,0.0,0.0,0.0,0.31701883356357896
intent_android.intent.action.MEDIA_BUTTON,0,0.06340376671271579,0.12680753342543158,570.8,81.72490440496091,"pearson_r, entropy_reduction_ratio, mutual_information",0.0,0.0,0.0,0.0,0.31701883356357896
intent_com.tencent.android.tpush.action.SDK,0,0.06340376671271579,0.12680753342543158,570.8,81.72490440496091,"pearson_r, entropy_reduction_ratio, mutual_information",0.0,0.0,0.0,0.0,0.31701883356357896
perm_com.facebook.katana.provider.ACCESS,0,0.06340376671271579,0.12680753342543158,570.8,81.72490440496091,"pearson_r, entropy_reduction_ratio, mutual_information",0.0,0.0,0.0,0.0,0.31701883356357896
intent_com.tencent.android.tpush.action.INTERNAL_PUSH_MESSAGE,0,0.06340376671271579,0.12680753342543158,570.8,81.72490440496091,"pearson_r, entropy_reduction_ratio, mutual_information",0.0,0.0,0.0,0.0,0.31701883356357896
intent_show_notificationcenter,0,0.06340376671271579,0.12680753342543158,570.8,81.72490440496091,"pearson_r, entropy_reduction_ratio, mutual_information",0.0,0.0,0.0,0.0,0.31701883356357896
perm_com.xgbuy.xg.permission.JPUSH_MESSAGE,0,0.06340376671271579,0.12680753342543158,570.8,81.72490440496091,"pearson_r, entropy_reduction_ratio, mutual_information",0.0,0.0,0.0,0.0,0.31701883356357896
intent_android.settings.ADD_ACCOUNT_SETTINGS,0,0.06340376671271579,0.12680753342543158,570.8,81.72490440496091,"pearson_r, entropy_reduction_ratio, mutual_information",0.0,0.0,0.0,0.0,0.31701883356357896
perm_android.permission.ACCESS_CHECKIN_PROPERTIES,0,0.06340376671271579,0.12680753342543158,570.8,81.72490440496091,"pearson_r, entropy_reduction_ratio, mutual_information",0.0,0.0,0.0,0.0,0.31701883356357896
intent_android.intent.action.MEDIA_REMOVED,0,0.06340376671271579,0.12680753342543158,570.8,81.72490440496091,"pearson_r, entropy_reduction_ratio, mutual_information",0.0,0.0,0.0,0.0,0.31701883356357896
intent_show_helpcontent,0,0.06340376671271579,0.12680753342543158,570.8,81.72490440496091,"pearson_r, entropy_reduction_ratio, mutual_information",0.0,0.0,0.0,0.0,0.31701883356357896
perm_xvtian.gai.receiver,0,0.06340376671271579,0.12680753342543158,570.8,81.72490440496091,"pearson_r, entropy_reduction_ratio, mutual_information",0.0,0.0,0.0,0.0,0.31701883356357896
perm_com.lenovo.launcher.permission.WRITE_SETTINGS,0,0.06340376671271579,0.12680753342543158,570.8,81.72490440496091,"pearson_r, entropy_reduction_ratio, mutual_information",0.0,0.0,0.0,0.0,0.31701883356357896
perm_android.permission.MANAGE_DEVICE_ADMINS,0,0.06340376671271579,0.12680753342543158,570.8,81.72490440496091,"pearson_r, entropy_reduction_ratio, mutual_information",0.0,0.0,0.0,0.0,0.31701883356357896
intent_android.view.InputMethod,0,0.06340376671271579,0.12680753342543158,570.8,81.72490440496091,"pearson_r, entropy_reduction_ratio, mutual_information",0.0,0.0,0.0,0.0,0.31701883356357896
intent_com.qihoo.psdk.service.action.remote,0,0.06340376671271579,0.12680753342543158,570.8,81.72490440496091,"pearson_r, entropy_reduction_ratio, mutual_information",0.0,0.0,0.0,0.0,0.31701883356357896
intent_com.esbook.receiver.message,0,0.06340376671271579,0.12680753342543158,570.8,81.72490440496091,"pearson_r, entropy_reduction_ratio, mutual_information",0.0,0.0,0.0,0.0,0.31701883356357896
intent_com.qihoo.commonreceiver.CLEARED,0,0.06340376671271579,0.12680753342543158,570.8,81.72490440496091,"pearson_r, entropy_reduction_ratio, mutual_information",0.0,0.0,0.0,0.0,0.31701883356357896
intent_safiap.framework.ACTION_NETWORK_ERROR,0,0.06340376671271579,0.12680753342543158,570.8,81.72490440496091,"pearson_r, entropy_reduction_ratio, mutual_information",0.0,0.0,0.0,0.0,0.31701883356357896
perm_android.permission.BAIDU_LOCATION_SERVICE,0,0.06340376671271579,0.12680753342543158,570.8,81.72490440496091,"pearson_r, entropy_reduction_ratio, mutual_information",0.0,0.0,0.0,0.0,0.31701883356357896
intent_android.intent.action.PACKAGE_CHANGED,0,0.06340376671271579,0.12680753342543158,570.8,81.72490440496091,"pearson_r, entropy_reduction_ratio, mutual_information",0.0,0.0,0.0,0.0,0.31701883356357896
intent_show_cpuad,0,0.06340376671271579,0.12680753342543158,570.8,81.72490440496091,"pearson_r, entropy_reduction_ratio, mutual_information",0.0,0.0,0.0,0.0,0.31701883356357896
intent_com.igexin.sdk.action.64kVIzqls49c7TJxrBbWG4,0,0.06340376671271579,0.12680753342543158,570.8,81.72490440496091,"pearson_r, entropy_reduction_ratio, mutual_information",0.0,0.0,0.0,0.0,0.31701883356357896
intent_com.tencent.android.tpush.action.PUSH_MESSAGE,0,0.06340376671271579,0.12680753342543158,570.8,81.72490440496091,"pearson_r, entropy_reduction_ratio, mutual_information",0.0,0.0,0.0,0.0,0.31701883356357896
intent_com.sogou.pushservice.action.METHOD,0,0.06340376671271579,0.12680753342543158,570.8,81.72490440496091,"pearson_r, entropy_reduction_ratio, mutual_information",0.0,0.0,0.0,0.0,0.31701883356357896
intent_show_lock,0,0.06340376671271579,0.12680753342543158,570.8,81.72490440496091,"pearson_r, entropy_reduction_ratio, mutual_information",0.0,0.0,0.0,0.0,0.31701883356357896
intent_com.yuetu.shentu.Intent.WECHAT_SHARE,0,0.06340376671271579,0.12680753342543158,570.8,81.72490440496091,"pearson_r, entropy_reduction_ratio, mutual_information",0.0,0.0,0.0,0.0,0.31701883356357896
intent_show_lock_forget_pwd,0,0.06340376671271579,0.12680753342543158,570.8,81.72490440496091,"pearson_r, entropy_reduction_ratio, mutual_information",0.0,0.0,0.0,0.0,0.31701883356357896
intent_com.qihoo.psdk.service.action.local,0,0.06340376671271579,0.12680753342543158,570.8,81.72490440496091,"pearson_r, entropy_reduction_ratio, mutual_information",0.0,0.0,0.0,0.0,0.31701883356357896
intent_show_lock_set_email,0,0.06340376671271579,0.12680753342543158,570.8,81.72490440496091,"pearson_r, entropy_reduction_ratio, mutual_information",0.0,0.0,0.0,0.0,0.31701883356357896
intent_android.appwidget.action.APPWIDGET_CONFIGURE,0,0.06340376671271579,0.12680753342543158,570.8,81.72490440496091,"pearson_r, entropy_reduction_ratio, mutual_information",0.0,0.0,0.0,0.0,0.31701883356357896
perm_android.permission.MOUNT_FORMAT_FILESYSTEMS,0,0.06340376671271579,0.12680753342543158,570.8,81.72490440496091,"pearson_r, entropy_reduction_ratio, mutual_information",0.0,0.0,0.0,0.0,0.31701883356357896
intent_com.huawei.android.push.intent.RECEIVE,0,0.06340376671271579,0.12680753342543158,570.8,81.72490440496091,"pearson_r, entropy_reduction_ratio, mutual_information",0.0,0.0,0.0,0.0,0.31701883356357896
intent_com.huawei.intent.action.PUSH_STATE,0,0.06340376671271579,0.12680753342543158,570.8,81.72490440496091,"pearson_r, entropy_reduction_ratio, mutual_information",0.0,0.0,0.0,0.0,0.31701883356357896
perm_com.qihoo.appstore.rtservice.ACCESS_RTSERVICE,0,0.06340376671271579,0.12680753342543158,570.8,81.72490440496091,"pearson_r, entropy_reduction_ratio, mutual_information",0.0,0.0,0.0,0.0,0.31701883356357896
intent_com.qihoo.sdkplugging.host.proxy.activity.VIEW,0,0.06340376671271579,0.12680753342543158,570.8,81.72490440496091,"pearson_r, entropy_reduction_ratio, mutual_information",0.0,0.0,0.0,0.0,0.31701883356357896
perm_android.permission.ACCESS_ALL_DOWNLOADS,0,0.06340376671271579,0.12680753342543158,570.8,81.72490440496091,"pearson_r, entropy_reduction_ratio, mutual_information",0.0,0.0,0.0,0.0,0.31701883356357896
intent_android.intent.action.ACTION_VIEW_DOWNLOADS,0,0.06340376671271579,0.12680753342543158,570.8,81.72490440496091,"pearson_r, entropy_reduction_ratio, mutual_information",0.0,0.0,0.0,0.0,0.31701883356357896
intent_com.baidu.action.Xshield.VIEW,0,0.06340376671271579,0.12680753342543158,570.8,81.72490440496091,"pearson_r, entropy_reduction_ratio, mutual_information",0.0,0.0,0.0,0.0,0.31701883356357896
intent_com.excelliance.dualaid.platform.gameplugin.action.START_FROM_SHORTCUT,0,0.06340376671271579,0.12680753342543158,570.8,81.72490440496091,"pearson_r, entropy_reduction_ratio, mutual_information",0.0,0.0,0.0,0.0,0.31701883356357896
intent_com.excelliance.dualaid.action.download,0,0.06340376671271579,0.12680753342543158,570.8,81.72490440496091,"pearson_r, entropy_reduction_ratio, mutual_information",0.0,0.0,0.0,0.0,0.31701883356357896
intent_com.excelliance.dualaid.action.notifystatus,0,0.06340376671271579,0.12680753342543158,570.8,81.72490440496091,"pearson_r, entropy_reduction_ratio, mutual_information",0.0,0.0,0.0,0.0,0.31701883356357896
intent_com.example.servicejar.action.SHORTCUT_CLICKED,0,0.06340376671271579,0.12680753342543158,570.8,81.72490440496091,"pearson_r, entropy_reduction_ratio, mutual_information",0.0,0.0,0.0,0.0,0.31701883356357896
intent_com.example.servicejar.action.START_SPIRIT,0,0.06340376671271579,0.12680753342543158,570.8,81.72490440496091,"pearson_r, entropy_reduction_ratio, mutual_information",0.0,0.0,0.0,0.0,0.31701883356357896
perm_com.android.agedlauncher.permission.WRITE_SETTINGS,0,0.06340376671271579,0.12680753342543158,570.8,81.72490440496091,"pearson_r, entropy_reduction_ratio, mutual_information",0.0,0.0,0.0,0.0,0.31701883356357896
intent_androidx.work.impl.background.systemalarm.UpdateProxies,0,0.06340376671271579,0.12680753342543158,570.8,81.72490440496091,"pearson_r, entropy_reduction_ratio, mutual_information",0.0,0.0,0.0,0.0,0.31701883356357896
perm_android.permission.GET_DETAILED_TASKS,0,0.06340376671271579,0.12680753342543158,570.8,81.72490440496091,"pearson_r, entropy_reduction_ratio, mutual_information",0.0,0.0,0.0,0.0,0.31701883356357896
perm_com.android.launcher.permission.CREATE_SHORTCUT,0,0.06340376671271579,0.12680753342543158,570.8,81.72490440496091,"pearson_r, entropy_reduction_ratio, mutual_information",0.0,0.0,0.0,0.0,0.31701883356357896
intent_com.igexin.sdk.action.user.message,0,0.06340376671271579,0.12680753342543158,570.8,81.72490440496091,"pearson_r, entropy_reduction_ratio, mutual_information",0.0,0.0,0.0,0.0,0.31701883356357896
intent_com.excelliance.dualaid.action.psts,0,0.06340376671271579,0.12680753342543158,570.8,81.72490440496091,"pearson_r, entropy_reduction_ratio, mutual_information",0.0,0.0,0.0,0.0,0.31701883356357896
intent_android.intent.action.mainintentex,0,0.06340376671271579,0.12680753342543158,570.8,81.72490440496091,"pearson_r, entropy_reduction_ratio, mutual_information",0.0,0.0,0.0,0.0,0.31701883356357896
intent_show_moresetting,0,0.06340376671271579,0.12680753342543158,570.8,81.72490440496091,"pearson_r, entropy_reduction_ratio, mutual_information",0.0,0.0,0.0,0.0,0.31701883356357896
intent_android.intent.action.SENT_SMS_ACTION,0,0.06340376671271579,0.12680753342543158,570.8,81.72490440496091,"pearson_r, entropy_reduction_ratio, mutual_information",0.0,0.0,0.0,0.0,0.31701883356357896
perm_android.Manifest.permission.READ_SMS,0,0.06340376671271579,0.12680753342543158,570.8,81.72490440496091,"pearson_r, entropy_reduction_ratio, mutual_information",0.0,0.0,0.0,0.0,0.31701883356357896
intent_com.Remind.alarm.enable,0,0.06340376671271579,0.12680753342543158,570.8,81.72490440496091,"pearson_r, entropy_reduction_ratio, mutual_information",0.0,0.0,0.0,0.0,0.31701883356357896
intent_com.google.android.gms.gcm.ACTION_TASK_READY,0,0.06340376671271579,0.12680753342543158,570.8,81.72490440496091,"pearson_r, entropy_reduction_ratio, mutual_information",0.0,0.0,0.0,0.0,0.31701883356357896
intent_com.excelliance.dualaid.action.pg,0,0.06340376671271579,0.12680753342543158,570.8,81.72490440496091,"pearson_r, entropy_reduction_ratio, mutual_information",0.0,0.0,0.0,0.0,0.31701883356357896
intent_com.areametrics.areametricssdk.AMLocationUpdatesBroadcastReceiver.PROCESS_UPDATES,0,0.06340376671271579,0.12680753342543158,570.8,81.72490440496091,"pearson_r, entropy_reduction_ratio, mutual_information",0.0,0.0,0.0,0.0,0.31701883356357896
perm_com.android.permission.WRITE_APN_SETTINGS,0,0.06340376671271579,0.12680753342543158,570.8,81.72490440496091,"pearson_r, entropy_reduction_ratio, mutual_information",0.0,0.0,0.0,0.0,0.31701883356357896
perm_yulong.permission.ACCESS_YLPARAMS,0,0.06340376671271579,0.12680753342543158,570.8,81.72490440496091,"pearson_r, entropy_reduction_ratio, mutual_information",0.0,0.0,0.0,0.0,0.31701883356357896
intent_safiap.framework.ACTION_TO_UPDATE,0,0.06340376671271579,0.12680753342543158,570.8,81.72490440496091,"pearson_r, entropy_reduction_ratio, mutual_information",0.0,0.0,0.0,0.0,0.31701883356357896
intent_com.meizu.c2dm.intent.RECEIVE,0,0.06340376671271579,0.12680753342543158,570.8,81.72490440496091,"pearson_r, entropy_reduction_ratio, mutual_information",0.0,0.0,0.0,0.0,0.31701883356357896
intent_com.meizu.c2dm.intent.REGISTRATION,0,0.06340376671271579,0.12680753342543158,570.8,81.72490440496091,"pearson_r, entropy_reduction_ratio, mutual_information",0.0,0.0,0.0,0.0,0.31701883356357896
intent_com.sogou.passport.service.aidl,0,0.06340376671271579,0.12680753342543158,570.8,81.72490440496091,"pearson_r, entropy_reduction_ratio, mutual_information",0.0,0.0,0.0,0.0,0.31701883356357896
perm_android.permission.ACCESS_GPS,0,0.06340376671271579,0.12680753342543158,570.8,81.72490440496091,"pearson_r, entropy_reduction_ratio, mutual_information",0.0,0.0,0.0,0.0,0.31701883356357896
intent_android.intent.action,0,0.06340376671271579,0.12680753342543158,570.8,81.72490440496091,"pearson_r, entropy_reduction_ratio, mutual_information",0.0,0.0,0.0,0.0,0.31701883356357896
intent_com.meizu.flyme.push.intent.UNREGISTER.FEEDBACK,0,0.06340376671271579,0.12680753342543158,570.8,81.72490440496091,"pearson_r, entropy_reduction_ratio, mutual_information",0.0,0.0,0.0,0.0,0.31701883356357896
intent_com.mobiletool.appstore.action.extend,0,0.06340376671271579,0.12680753342543158,570.8,81.72490440496091,"pearson_r, entropy_reduction_ratio, mutual_information",0.0,0.0,0.0,0.0,0.31701883356357896
intent_com.Remind.launch.app,0,0.06340376671271579,0.12680753342543158,570.8,81.72490440496091,"pearson_r, entropy_reduction_ratio, mutual_information",0.0,0.0,0.0,0.0,0.31701883356357896
intent_com.mobiletool.appstore.action.update,0,0.06340376671271579,0.12680753342543158,570.8,81.72490440496091,"pearson_r, entropy_reduction_ratio, mutual_information",0.0,0.0,0.0,0.0,0.31701883356357896
perm_android.permission.WRITE_APN_STORAGE,0,0.06340376671271579,0.12680753342543158,570.8,81.72490440496091,"pearson_r, entropy_reduction_ratio, mutual_information",0.0,0.0,0.0,0.0,0.31701883356357896
intent_com.mobiletool.appstore.action.specialdetail,0,0.06340376671271579,0.12680753342543158,570.8,81.72490440496091,"pearson_r, entropy_reduction_ratio, mutual_information",0.0,0.0,0.0,0.0,0.31701883356357896
intent_com.mobiletool.appstore.highspeed,0,0.06340376671271579,0.12680753342543158,570.8,81.72490440496091,"pearson_r, entropy_reduction_ratio, mutual_information",0.0,0.0,0.0,0.0,0.31701883356357896
intent_com.mobiletool.appstore.action.main,0,0.06340376671271579,0.12680753342543158,570.8,81.72490440496091,"pearson_r, entropy_reduction_ratio, mutual_information",0.0,0.0,0.0,0.0,0.31701883356357896
intent_com.mobiletool.appstore.action.backtomarket,0,0.06340376671271579,0.12680753342543158,570.8,81.72490440496091,"pearson_r, entropy_reduction_ratio, mutual_information",0.0,0.0,0.0,0.0,0.31701883356357896
intent_com.mobiletool.appstore.action.download,0,0.06340376671271579,0.12680753342543158,570.8,81.72490440496091,"pearson_r, entropy_reduction_ratio, mutual_information",0.0,0.0,0.0,0.0,0.31701883356357896
intent_com.mobiletool.appstore.action.topicdetail,0,0.06340376671271579,0.12680753342543158,570.8,81.72490440496091,"pearson_r, entropy_reduction_ratio, mutual_information",0.0,0.0,0.0,0.0,0.31701883356357896
intent_android.intent.action.ACTION_MEDIA_EJECT,0,0.06340376671271579,0.12680753342543158,570.8,81.72490440496091,"pearson_r, entropy_reduction_ratio, mutual_information",0.0,0.0,0.0,0.0,0.31701883356357896
intent_com.mobiletool.appstore.action.sdk,0,0.06340376671271579,0.12680753342543158,570.8,81.72490440496091,"pearson_r, entropy_reduction_ratio, mutual_information",0.0,0.0,0.0,0.0,0.31701883356357896
intent_intent.action.HEJU,0,0.06340376671271579,0.12680753342543158,570.8,81.72490440496091,"pearson_r, entropy_reduction_ratio, mutual_information",0.0,0.0,0.0,0.0,0.31701883356357896
intent_android.intent.action.PACKAGE_INSTALL,0,0.06340376671271579,0.12680753342543158,570.8,81.72490440496091,"pearson_r, entropy_reduction_ratio, mutual_information",0.0,0.0,0.0,0.0,0.31701883356357896
perm_com.meizu.c2dm.permission.RECEIVE,0,0.06340376671271579,0.12680753342543158,570.8,81.72490440496091,"pearson_r, entropy_reduction_ratio, mutual_information",0.0,0.0,0.0,0.0,0.31701883356357896
intent_org.agoo.android.intent.action.RE_ELECTION_V2,0,0.06340376671271579,0.12680753342543158,570.8,81.72490440496091,"pearson_r, entropy_reduction_ratio, mutual_information",0.0,0.0,0.0,0.0,0.31701883356357896
perm_com.facebook.permission.prod.FB_APP_COMMUNICATION,0,0.06340376671271579,0.12680753342543158,570.8,81.72490440496091,"pearson_r, entropy_reduction_ratio, mutual_information",0.0,0.0,0.0,0.0,0.31701883356357896
perm_android.permission.REBOOT_IPO,0,0.06340376671271579,0.12680753342543158,570.8,81.72490440496091,"pearson_r, entropy_reduction_ratio, mutual_information",0.0,0.0,0.0,0.0,0.31701883356357896
intent_com.qihoo360.accounts.action.START_SERVICE,0,0.06340376671271579,0.12680753342543158,570.8,81.72490440496091,"pearson_r, entropy_reduction_ratio, mutual_information",0.0,0.0,0.0,0.0,0.31701883356357896
perm_com.android.broswer.permission.WRITE_HISTORY_BOOKMARKS,0,0.06340376671271579,0.12680753342543158,570.8,81.72490440496091,"pearson_r, entropy_reduction_ratio, mutual_information",0.0,0.0,0.0,0.0,0.31701883356357896
perm_android.permission.MODE_WORLD_READABLE,0,0.06340376671271579,0.12680753342543158,570.8,81.72490440496091,"pearson_r, entropy_reduction_ratio, mutual_information",0.0,0.0,0.0,0.0,0.31701883356357896
intent_com.huawei.android.push.intent.CLICK,0,0.06340376671271579,0.12680753342543158,570.8,81.72490440496091,"pearson_r, entropy_reduction_ratio, mutual_information",0.0,0.0,0.0,0.0,0.31701883356357896
intent_com.gtp.nextlauncher.theme,0,0.06340376671271579,0.12680753342543158,570.8,81.72490440496091,"pearson_r, entropy_reduction_ratio, mutual_information",0.0,0.0,0.0,0.0,0.31701883356357896
intent_com.kingroot.common.ACTION_NOTIFY_IN_SELF_APP_MAIN,0,0.06340376671271579,0.12680753342543158,570.8,81.72490440496091,"pearson_r, entropy_reduction_ratio, mutual_information",0.0,0.0,0.0,0.0,0.31701883356357896
intent_com.datouniao.AdPublisher.service.check,0,0.06340376671271579,0.12680753342543158,570.8,81.72490440496091,"pearson_r, entropy_reduction_ratio, mutual_information",0.0,0.0,0.0,0.0,0.31701883356357896
intent_com.kingroot.common.ACTION_NEW_APP_STARTED,0,0.06340376671271579,0.12680753342543158,570.8,81.72490440496091,"pearson_r, entropy_reduction_ratio, mutual_information",0.0,0.0,0.0,0.0,0.31701883356357896
intent_com.kingroot.kinguser.action.update,0,0.06340376671271579,0.12680753342543158,570.8,81.72490440496091,"pearson_r, entropy_reduction_ratio, mutual_information",0.0,0.0,0.0,0.0,0.31701883356357896
intent_com.qihoo.appstore.reservation.alarm,0,0.06340376671271579,0.12680753342543158,570.8,81.72490440496091,"pearson_r, entropy_reduction_ratio, mutual_information",0.0,0.0,0.0,0.0,0.31701883356357896
intent_com.qihoo.appstore.download_some_apk,0,0.06340376671271579,0.12680753342543158,570.8,81.72490440496091,"pearson_r, entropy_reduction_ratio, mutual_information",0.0,0.0,0.0,0.0,0.31701883356357896
intent_com.kingroot.common.ACTION_TOP_ACTIVITY_CHANGED,0,0.06340376671271579,0.12680753342543158,570.8,81.72490440496091,"pearson_r, entropy_reduction_ratio, mutual_information",0.0,0.0,0.0,0.0,0.31701883356357896
intent_com.kingroot.common.ACTION_SWITCH_OUT_DESKTOP,0,0.06340376671271579,0.12680753342543158,570.8,81.72490440496091,"pearson_r, entropy_reduction_ratio, mutual_information",0.0,0.0,0.0,0.0,0.31701883356357896
intent_com.onesignal.NotificationExtender,0,0.06340376671271579,0.12680753342543158,570.8,81.72490440496091,"pearson_r, entropy_reduction_ratio, mutual_information",0.0,0.0,0.0,0.0,0.31701883356357896
intent_org.agoo.android.intent.action.ELECTION_V2,0,0.06340376671271579,0.12680753342543158,570.8,81.72490440496091,"pearson_r, entropy_reduction_ratio, mutual_information",0.0,0.0,0.0,0.0,0.31701883356357896
intent_com.excelliance.open.action.appstate,0,0.06340376671271579,0.12680753342543158,570.8,81.72490440496091,"pearson_r, entropy_reduction_ratio, mutual_information",0.0,0.0,0.0,0.0,0.31701883356357896
perm_qiku.permission.ACCESS_QKPARAMS,0,0.06340376671271579,0.12680753342543158,570.8,81.72490440496091,"pearson_r, entropy_reduction_ratio, mutual_information",0.0,0.0,0.0,0.0,0.31701883356357896
intent_com.excelliance.open.action.gameverchk,0,0.06340376671271579,0.12680753342543158,570.8,81.72490440496091,"pearson_r, entropy_reduction_ratio, mutual_information",0.0,0.0,0.0,0.0,0.31701883356357896
intent_com.sogou.androidtool.action.topicdetail,0,0.06340376671271579,0.12680753342543158,570.8,81.72490440496091,"pearson_r, entropy_reduction_ratio, mutual_information",0.0,0.0,0.0,0.0,0.31701883356357896
intent_com.sogou.androidtool.action.main,0,0.06340376671271579,0.12680753342543158,570.8,81.72490440496091,"pearson_r, entropy_reduction_ratio, mutual_information",0.0,0.0,0.0,0.0,0.31701883356357896
intent_com.sogou.androidtool.action.backtomarket,0,0.06340376671271579,0.12680753342543158,570.8,81.72490440496091,"pearson_r, entropy_reduction_ratio, mutual_information",0.0,0.0,0.0,0.0,0.31701883356357896
intent_com.sogou.androidtool.action.extend,0,0.06340376671271579,0.12680753342543158,570.8,81.72490440496091,"pearson_r, entropy_reduction_ratio, mutual_information",0.0,0.0,0.0,0.0,0.31701883356357896
intent_com.sogou.androidtool.action.download,0,0.06340376671271579,0.12680753342543158,570.8,81.72490440496091,"pearson_r, entropy_reduction_ratio, mutual_information",0.0,0.0,0.0,0.0,0.31701883356357896
perm_com.kingroot.kinguser.permission.activityCalled,0,0.06340376671271579,0.12680753342543158,570.8,81.72490440496091,"pearson_r, entropy_reduction_ratio, mutual_information",0.0,0.0,0.0,0.0,0.31701883356357896
intent_com.sogou.androidtool.action.sdk,0,0.06340376671271579,0.12680753342543158,570.8,81.72490440496091,"pearson_r, entropy_reduction_ratio, mutual_information",0.0,0.0,0.0,0.0,0.31701883356357896
intent_com.sogou.androidtool.action.appdetail,0,0.06340376671271579,0.12680753342543158,570.8,81.72490440496091,"pearson_r, entropy_reduction_ratio, mutual_information",0.0,0.0,0.0,0.0,0.31701883356357896
intent_com.sogou.androidtool.action.BackgroundService,0,0.06340376671271579,0.12680753342543158,570.8,81.72490440496091,"pearson_r, entropy_reduction_ratio, mutual_information",0.0,0.0,0.0,0.0,0.31701883356357896
intent_com.kingroot.kinguser.service.IKingrootAppList,0,0.06340376671271579,0.12680753342543158,570.8,81.72490440496091,"pearson_r, entropy_reduction_ratio, mutual_information",0.0,0.0,0.0,0.0,0.31701883356357896
intent_com.kingroot.master.action.NAIN_EXIT_NOTIFY,0,0.06340376671271579,0.12680753342543158,570.8,81.72490440496091,"pearson_r, entropy_reduction_ratio, mutual_information",0.0,0.0,0.0,0.0,0.31701883356357896
intent_com.kingroot.master.action.MAIN_EXIT_CHECK,0,0.06340376671271579,0.12680753342543158,570.8,81.72490440496091,"pearson_r, entropy_reduction_ratio, mutual_information",0.0,0.0,0.0,0.0,0.31701883356357896
intent_com.kingroot.kinguser.SU_REQUEST,0,0.06340376671271579,0.12680753342543158,570.8,81.72490440496091,"pearson_r, entropy_reduction_ratio, mutual_information",0.0,0.0,0.0,0.0,0.31701883356357896
intent_com.sogou.androidtool.action.service,0,0.06340376671271579,0.12680753342543158,570.8,81.72490440496091,"pearson_r, entropy_reduction_ratio, mutual_information",0.0,0.0,0.0,0.0,0.31701883356357896
perm_com.qihoo360.mobilesafe.news.permission.NEWS_SDK_BROADCAST,0,0.06340376671271579,0.12680753342543158,570.8,81.72490440496091,"pearson_r, entropy_reduction_ratio, mutual_information",0.0,0.0,0.0,0.0,0.31701883356357896
intent_com.qihoo.appstore.ACTION_STABLE_NOTIFICATION_CLICK,0,0.06340376671271579,0.12680753342543158,570.8,81.72490440496091,"pearson_r, entropy_reduction_ratio, mutual_information",0.0,0.0,0.0,0.0,0.31701883356357896
perm_android.permission.ADDINSTALLKEY,0,0.06340376671271579,0.12680753342543158,570.8,81.72490440496091,"pearson_r, entropy_reduction_ratio, mutual_information",0.0,0.0,0.0,0.0,0.31701883356357896
intent_com.secneo.plugin.action.APP_STARTED,0,0.06340376671271579,0.12680753342543158,570.8,81.72490440496091,"pearson_r, entropy_reduction_ratio, mutual_information",0.0,0.0,0.0,0.0,0.31701883356357896
intent_com.secneo.plugin.action.HOURLY,0,0.06340376671271579,0.12680753342543158,570.8,81.72490440496091,"pearson_r, entropy_reduction_ratio, mutual_information",0.0,0.0,0.0,0.0,0.31701883356357896
intent_com.secneo.proxy.action.CUSTOM,0,0.06340376671271579,0.12680753342543158,570.8,81.72490440496091,"pearson_r, entropy_reduction_ratio, mutual_information",0.0,0.0,0.0,0.0,0.31701883356357896
intent_cn.ngds.android.intent.alarm,0,0.06340376671271579,0.12680753342543158,570.8,81.72490440496091,"pearson_r, entropy_reduction_ratio, mutual_information",0.0,0.0,0.0,0.0,0.31701883356357896
intent_com.sogou.androidtool.highspeed,0,0.06340376671271579,0.12680753342543158,570.8,81.72490440496091,"pearson_r, entropy_reduction_ratio, mutual_information",0.0,0.0,0.0,0.0,0.31701883356357896
intent_com.sogou.androidtool.action.wap,0,0.06340376671271579,0.12680753342543158,570.8,81.72490440496091,"pearson_r, entropy_reduction_ratio, mutual_information",0.0,0.0,0.0,0.0,0.31701883356357896
intent_com.excelliance.dualaid.b64.action.update.done,0,0.06340376671271579,0.12680753342543158,570.8,81.72490440496091,"pearson_r, entropy_reduction_ratio, mutual_information",0.0,0.0,0.0,0.0,0.31701883356357896
intent_com.qihoo.appstore.launcher.shortcut.HAOWU,0,0.06340376671271579,0.12680753342543158,570.8,81.72490440496091,"pearson_r, entropy_reduction_ratio, mutual_information",0.0,0.0,0.0,0.0,0.31701883356357896
perm_com.qiku.android.launcher3.permission.WRITE_UNREAD,0,0.06340376671271579,0.12680753342543158,570.8,81.72490440496091,"pearson_r, entropy_reduction_ratio, mutual_information",0.0,0.0,0.0,0.0,0.31701883356357896
intent_com.qihoo.appstore.utils.ActivityBroadcastReceiver.ACTION_INTENT_TRANSFER,0,0.06340376671271579,0.12680753342543158,570.8,81.72490440496091,"pearson_r, entropy_reduction_ratio, mutual_information",0.0,0.0,0.0,0.0,0.31701883356357896
intent_com.qihoo.appstore.ACTION_LOCK_SCREEN_AD_STATE_CHANGE,0,0.06340376671271579,0.12680753342543158,570.8,81.72490440496091,"pearson_r, entropy_reduction_ratio, mutual_information",0.0,0.0,0.0,0.0,0.31701883356357896
intent_com.qihoo.appstore.push.PushNotifyCancelReceiver.ACTION_INTENT_CANCEL,0,0.06340376671271579,0.12680753342543158,570.8,81.72490440496091,"pearson_r, entropy_reduction_ratio, mutual_information",0.0,0.0,0.0,0.0,0.31701883356357896
intent_com.sogou.androidtool.service.weatherservice,0,0.06340376671271579,0.12680753342543158,570.8,81.72490440496091,"pearson_r, entropy_reduction_ratio, mutual_information",0.0,0.0,0.0,0.0,0.31701883356357896
intent_com.sjm.avplay.SHOW_ACTIVITY,0,0.06340376671271579,0.12680753342543158,570.8,81.72490440496091,"pearson_r, entropy_reduction_ratio, mutual_information",0.0,0.0,0.0,0.0,0.31701883356357896
perm_com.qiku.android.launcher3.permission.READ_UNREAD,0,0.06340376671271579,0.12680753342543158,570.8,81.72490440496091,"pearson_r, entropy_reduction_ratio, mutual_information",0.0,0.0,0.0,0.0,0.31701883356357896
perm_com.huaqin.launcherEx.permission.WRITE_SETTINGS,0,0.06340376671271579,0.12680753342543158,570.8,81.72490440496091,"pearson_r, entropy_reduction_ratio, mutual_information",0.0,0.0,0.0,0.0,0.31701883356357896
intent_com.urbanairship.actions.SHOW_LANDING_PAGE_INTENT_ACTION,0,0.06340376671271579,0.12680753342543158,570.8,81.72490440496091,"pearson_r, entropy_reduction_ratio, mutual_information",0.0,0.0,0.0,0.0,0.31701883356357896
perm_android.permission.CHANGE_COMPONENT_ENABLED_STATE,0,0.06340376671271579,0.12680753342543158,570.8,81.72490440496091,"pearson_r, entropy_reduction_ratio, mutual_information",0.0,0.0,0.0,0.0,0.31701883356357896
perm_com.android.launcher2.permission.UNINSTALL_SHORTCUT,0,0.06340376671271579,0.12680753342543158,570.8,81.72490440496091,"pearson_r, entropy_reduction_ratio, mutual_information",0.0,0.0,0.0,0.0,0.31701883356357896
intent_com.kingroot.kinguser.ACTION_MAIN_START_CHECK,0,0.06340376671271579,0.12680753342543158,570.8,81.72490440496091,"pearson_r, entropy_reduction_ratio, mutual_information",0.0,0.0,0.0,0.0,0.31701883356357896
intent_com.excelliance.dualaid.act.action.ext,0,0.06340376671271579,0.12680753342543158,570.8,81.72490440496091,"pearson_r, entropy_reduction_ratio, mutual_information",0.0,0.0,0.0,0.0,0.31701883356357896
intent_com.kingroot.kinguser.gamebox.ACTION_GAME_REPLACE,0,0.06340376671271579,0.12680753342543158,570.8,81.72490440496091,"pearson_r, entropy_reduction_ratio, mutual_information",0.0,0.0,0.0,0.0,0.31701883356357896
intent_com.excelliance.dualaid.action.process.64,0,0.06340376671271579,0.12680753342543158,570.8,81.72490440496091,"pearson_r, entropy_reduction_ratio, mutual_information",0.0,0.0,0.0,0.0,0.31701883356357896
intent_android.net.wifi.PICK_WIFI_WORK,0,0.06340376671271579,0.12680753342543158,570.8,81.72490440496091,"pearson_r, entropy_reduction_ratio, mutual_information",0.0,0.0,0.0,0.0,0.31701883356357896
intent_android.net.conn.MEDIA_NOFS,0,0.06340376671271579,0.12680753342543158,570.8,81.72490440496091,"pearson_r, entropy_reduction_ratio, mutual_information",0.0,0.0,0.0,0.0,0.31701883356357896
perm_ANDROID.PERMISSION.SEND_SMS,0,0.06340376671271579,0.12680753342543158,570.8,81.72490440496091,"pearson_r, entropy_reduction_ratio, mutual_information",0.0,0.0,0.0,0.0,0.31701883356357896
intent_com.cootek.usage.alarm_operation,0,0.06340376671271579,0.12680753342543158,570.8,81.72490440496091,"pearson_r, entropy_reduction_ratio, mutual_information",0.0,0.0,0.0,0.0,0.31701883356357896
intent_android.intent.action.PACKAGE_FULLY_REMOVED,0,0.06340376671271579,0.12680753342543158,570.8,81.72490440496091,"pearson_r, entropy_reduction_ratio, mutual_information",0.0,0.0,0.0,0.0,0.31701883356357896
perm_com.android.launcher2.permission.INSTALL_SHORTCUT,0,0.06340376671271579,0.12680753342543158,570.8,81.72490440496091,"pearson_r, entropy_reduction_ratio, mutual_information",0.0,0.0,0.0,0.0,0.31701883356357896
intent_com.urbanairship.push.RECEIVED,0,0.06340376671271579,0.12680753342543158,570.8,81.72490440496091,"pearson_r, entropy_reduction_ratio, mutual_information",0.0,0.0,0.0,0.0,0.31701883356357896
intent_com.urbanairship.push.CHANNEL_UPDATED,0,0.06340376671271579,0.12680753342543158,570.8,81.72490440496091,"pearson_r, entropy_reduction_ratio, mutual_information",0.0,0.0,0.0,0.0,0.31701883356357896
intent_io.intercom.android.sdk.INTERCOM_PUSH_OPENED,0,0.06340376671271579,0.12680753342543158,570.8,81.72490440496091,"pearson_r, entropy_reduction_ratio, mutual_information",0.0,0.0,0.0,0.0,0.31701883356357896
intent_com.excelliance.open.action.fw,0,0.06340376671271579,0.12680753342543158,570.8,81.72490440496091,"pearson_r, entropy_reduction_ratio, mutual_information",0.0,0.0,0.0,0.0,0.31701883356357896
perm_android.permission.BIND_JOB_SERVICE,0,0.06340376671271579,0.12680753342543158,570.8,81.72490440496091,"pearson_r, entropy_reduction_ratio, mutual_information",0.0,0.0,0.0,0.0,0.31701883356357896
intent_qcast.service.Link_service,0,0.06340376671271579,0.12680753342543158,570.8,81.72490440496091,"pearson_r, entropy_reduction_ratio, mutual_information",0.0,0.0,0.0,0.0,0.31701883356357896
intent_com.punchbox.service,0,0.06340376671271579,0.12680753342543158,570.8,81.72490440496091,"pearson_r, entropy_reduction_ratio, mutual_information",0.0,0.0,0.0,0.0,0.31701883356357896
intent_android.intent.action.INSTALL,0,0.06340376671271579,0.12680753342543158,570.8,81.72490440496091,"pearson_r, entropy_reduction_ratio, mutual_information",0.0,0.0,0.0,0.0,0.31701883356357896
perm_baidu.push.permission.WRITE_PUSHINFOPROVIDER.com.esbook.reader,0,0.06340376671271579,0.12680753342543158,570.8,81.72490440496091,"pearson_r, entropy_reduction_ratio, mutual_information",0.0,0.0,0.0,0.0,0.31701883356357896
intent_android.intent.action.SEND_TO_KPSH,0,0.06340376671271579,0.12680753342543158,570.8,81.72490440496091,"pearson_r, entropy_reduction_ratio, mutual_information",0.0,0.0,0.0,0.0,0.31701883356357896
intent_com.ez.sj,0,0.06340376671271579,0.12680753342543158,570.8,81.72490440496091,"pearson_r, entropy_reduction_ratio, mutual_information",0.0,0.0,0.0,0.0,0.31701883356357896
intent_android.intent.action.CHECK_RECEIVER,0,0.06340376671271579,0.12680753342543158,570.8,81.72490440496091,"pearson_r, entropy_reduction_ratio, mutual_information",0.0,0.0,0.0,0.0,0.31701883356357896
perm_com.lenovo.launcherhdmarket.permission.READ_SETTINGS,0,0.06340376671271579,0.12680753342543158,570.8,81.72490440496091,"pearson_r, entropy_reduction_ratio, mutual_information",0.0,0.0,0.0,0.0,0.31701883356357896
perm_com.huaqin.launcherEx.permission.READ_SETTINGS,0,0.06340376671271579,0.12680753342543158,570.8,81.72490440496091,"pearson_r, entropy_reduction_ratio, mutual_information",0.0,0.0,0.0,0.0,0.31701883356357896
intent_com.meizu.cloud.pushservice.action.PUSH_SERVICE_START,0,0.06340376671271579,0.12680753342543158,570.8,81.72490440496091,"pearson_r, entropy_reduction_ratio, mutual_information",0.0,0.0,0.0,0.0,0.31701883356357896
intent_android.fbreader.action.CLOSE,0,0.06340376671271579,0.12680753342543158,570.8,81.72490440496091,"pearson_r, entropy_reduction_ratio, mutual_information",0.0,0.0,0.0,0.0,0.31701883356357896
intent_android.fbreader.action.PLUGIN_CRASH,0,0.06340376671271579,0.12680753342543158,570.8,81.72490440496091,"pearson_r, entropy_reduction_ratio, mutual_information",0.0,0.0,0.0,0.0,0.31701883356357896
intent_android.fbreader.action.PLUGIN,0,0.06340376671271579,0.12680753342543158,570.8,81.72490440496091,"pearson_r, entropy_reduction_ratio, mutual_information",0.0,0.0,0.0,0.0,0.31701883356357896
intent_com.excelliance.open.action.startNextChapter,0,0.06340376671271579,0.12680753342543158,570.8,81.72490440496091,"pearson_r, entropy_reduction_ratio, mutual_information",0.0,0.0,0.0,0.0,0.31701883356357896
intent_com.excelliance.open.action.startPromptActivity,0,0.06340376671271579,0.12680753342543158,570.8,81.72490440496091,"pearson_r, entropy_reduction_ratio, mutual_information",0.0,0.0,0.0,0.0,0.31701883356357896
intent_wifi.intent.action.SDK_RESULT,0,0.06340376671271579,0.12680753342543158,570.8,81.72490440496091,"pearson_r, entropy_reduction_ratio, mutual_information",0.0,0.0,0.0,0.0,0.31701883356357896
intent_com.areametrics.areametricssdk.AMLocationUpdatesBroadcastReceiver.ACTION_PROCESS_UPDATES,0,0.06340376671271579,0.12680753342543158,570.8,81.72490440496091,"pearson_r, entropy_reduction_ratio, mutual_information",0.0,0.0,0.0,0.0,0.31701883356357896
perm_com.ibingo.launcher.permission.READ_SETTINGS,0,0.06340376671271579,0.12680753342543158,570.8,81.72490440496091,"pearson_r, entropy_reduction_ratio, mutual_information",0.0,0.0,0.0,0.0,0.31701883356357896
intent_,0,0.06340376671271579,0.12680753342543158,570.8,81.72490440496091,"pearson_r, entropy_reduction_ratio, mutual_information",0.0,0.0,0.0,0.0,0.31701883356357896
intent_com.excelliance.kxqp.action.space.stat,0,0.06340376671271579,0.12680753342543158,570.8,81.72490440496091,"pearson_r, entropy_reduction_ratio, mutual_information",0.0,0.0,0.0,0.0,0.31701883356357896
intent_com.excelliance.kxqp.action.time,0,0.06340376671271579,0.12680753342543158,570.8,81.72490440496091,"pearson_r, entropy_reduction_ratio, mutual_information",0.0,0.0,0.0,0.0,0.31701883356357896
intent_com.yulong.mms.NEW_MESSAGE_EXTERNAL,0,0.06340376671271579,0.12680753342543158,570.8,81.72490440496091,"pearson_r, entropy_reduction_ratio, mutual_information",0.0,0.0,0.0,0.0,0.31701883356357896
intent_LOCATION_SERVICE,0,0.06340376671271579,0.12680753342543158,570.8,81.72490440496091,"pearson_r, entropy_reduction_ratio, mutual_information",0.0,0.0,0.0,0.0,0.31701883356357896
intent_com.excelliance.kxqp.action.explore,0,0.06340376671271579,0.12680753342543158,570.8,81.72490440496091,"pearson_r, entropy_reduction_ratio, mutual_information",0.0,0.0,0.0,0.0,0.31701883356357896
intent_com.telecom.sdk_auth_ui.SMS_CODE_SEND_ACTIOIN,0,0.06340376671271579,0.12680753342543158,570.8,81.72490440496091,"pearson_r, entropy_reduction_ratio, mutual_information",0.0,0.0,0.0,0.0,0.31701883356357896
perm_ANDROID.PERMISSION.WRITE_APN_SETTINGS,0,0.06340376671271579,0.12680753342543158,570.8,81.72490440496091,"pearson_r, entropy_reduction_ratio, mutual_information",0.0,0.0,0.0,0.0,0.31701883356357896
intent_com.telecom.sdk_auth_ui.SMS_SEND_ACTIOIN,0,0.06340376671271579,0.12680753342543158,570.8,81.72490440496091,"pearson_r, entropy_reduction_ratio, mutual_information",0.0,0.0,0.0,0.0,0.31701883356357896
intent_com.telecom.sdk_auth_ui.SMS_UNSUB_SEND_RESULT_ACTION,0,0.06340376671271579,0.12680753342543158,570.8,81.72490440496091,"pearson_r, entropy_reduction_ratio, mutual_information",0.0,0.0,0.0,0.0,0.31701883356357896
intent_pre_add_game_uninstalled,0,0.06340376671271579,0.12680753342543158,570.8,81.72490440496091,"pearson_r, entropy_reduction_ratio, mutual_information",0.0,0.0,0.0,0.0,0.31701883356357896
perm_cn.nubia.launcher.permission.WRITE_SETTINGS,0,0.06340376671271579,0.12680753342543158,570.8,81.72490440496091,"pearson_r, entropy_reduction_ratio, mutual_information",0.0,0.0,0.0,0.0,0.31701883356357896
perm_com.tencent.mtt.extension.Player,0,0.06340376671271579,0.12680753342543158,570.8,81.72490440496091,"pearson_r, entropy_reduction_ratio, mutual_information",0.0,0.0,0.0,0.0,0.31701883356357896
intent_com.gridappsinc.launcher.theme.apk_action,0,0.06340376671271579,0.12680753342543158,570.8,81.72490440496091,"pearson_r, entropy_reduction_ratio, mutual_information",0.0,0.0,0.0,0.0,0.31701883356357896
intent_com.phonemetra.turbo.launcher.icons.ACTION_PICK_ICON,0,0.06340376671271579,0.12680753342543158,570.8,81.72490440496091,"pearson_r, entropy_reduction_ratio, mutual_information",0.0,0.0,0.0,0.0,0.31701883356357896
intent_com.lge.launcher2.THEME,0,0.06340376671271579,0.12680753342543158,570.8,81.72490440496091,"pearson_r, entropy_reduction_ratio, mutual_information",0.0,0.0,0.0,0.0,0.31701883356357896
intent_com.android.utils.hades.ACTION_UPDATE_SYS_WRAPPER,0,0.06340376671271579,0.12680753342543158,570.8,81.72490440496091,"pearson_r, entropy_reduction_ratio, mutual_information",0.0,0.0,0.0,0.0,0.31701883356357896
perm_com.qihoo360.home.permission.WRITE_SETTINGS,0,0.06340376671271579,0.12680753342543158,570.8,81.72490440496091,"pearson_r, entropy_reduction_ratio, mutual_information",0.0,0.0,0.0,0.0,0.31701883356357896
intent_com.mobutils.android.mediation.MaterialNotificationReceiver.ACTION_CANCEL_NOTIFICATION,0,0.06340376671271579,0.12680753342543158,570.8,81.72490440496091,"pearson_r, entropy_reduction_ratio, mutual_information",0.0,0.0,0.0,0.0,0.31701883356357896
perm_com.smartisanos.launcher.WRITE_DATABASE,0,0.06340376671271579,0.12680753342543158,570.8,81.72490440496091,"pearson_r, entropy_reduction_ratio, mutual_information",0.0,0.0,0.0,0.0,0.31701883356357896
intent_com.android.vending.INSTALL_REFERRER,0,0.06339810472487166,0.12033274858950822,299.0,361.13930830082734,"pearson_r, mutual_information, entropy_reduction_ratio",0.0050593964672261595,0.00736881528197707,0.00036257923327441424,0.00019910387323367318,0.304000628768647
intent_android.intent.action.SCREEN_OFF,0,0.06315965075188446,0.12464818453043584,328.2,322.6926711284283,"pearson_r, mutual_information, entropy_reduction_ratio",0.0006279572480314277,0.002651838670796837,4.532240415930178e-05,2.453532047252381e-05,0.3124486001159622
perm_android.permission.WRITE_INTERNAL_STORAGE,0,0.06301671566961106,0.12188385270358486,307.7,355.7595536313817,"pearson_r, mutual_information, entropy_reduction_ratio",0.003152498202419453,0.004822516006441742,0.00022661202079650892,0.00012367845107985454,0.3067582736673177
perm_android.permission.RECEIVE_SMS,0,0.0626292830177251,0.12490987890816366,387.6,359.7046566281843,"pearson_r, entropy_reduction_ratio, chi2_stat",0.0006279572480314277,0.0,4.532240415930178e-05,2.453532047252381e-05,0.3124486001159622
suspicious_sendTextMessage,0,0.0626292830177251,0.12490987890816366,387.6,359.7046566281843,"pearson_r, entropy_reduction_ratio, chi2_stat",0.0006279572480314277,0.0,4.532240415930178e-05,2.453532047252381e-05,0.3124486001159622
perm_android.permission.GET_PACKAGE_SIZE,0,0.0626292830177251,0.12490987890816366,387.6,359.7046566281843,"pearson_r, entropy_reduction_ratio, chi2_stat",0.0006279572480314277,0.0,4.532240415930178e-05,2.453532047252381e-05,0.3124486001159622
suspicious_getWifiState,0,0.0626292830177251,0.12490987890816366,387.6,359.7046566281843,"pearson_r, entropy_reduction_ratio, chi2_stat",0.0006279572480314277,0.0,4.532240415930178e-05,2.453532047252381e-05,0.3124486001159622
intent_android.intent.action.BATTERY_CHANGED,0,0.0626292830177251,0.12490987890816366,387.6,359.7046566281843,"pearson_r, entropy_reduction_ratio, chi2_stat",0.0006279572480314277,0.0,4.532240415930178e-05,2.453532047252381e-05,0.3124486001159622
intent_android.intent.action.TIME_TICK,0,0.0626292830177251,0.12490987890816366,387.6,359.7046566281843,"pearson_r, entropy_reduction_ratio, chi2_stat",0.0006279572480314277,0.0,4.532240415930178e-05,2.453532047252381e-05,0.3124486001159622
suspicious_getDeviceId,0,0.06262271512540038,0.1250947991150708,392.0,351.1341623938064,"pearson_r, entropy_reduction_ratio, f_stat",0.00026590219714097004,0.0,1.4620130373968407e-05,2.0817724405041148e-05,0.31281223557508187
suspicious_Ljava/lang/Runtime;->exec,0,0.06254522947531571,0.11544397096895463,300.8,377.7646886621353,"pearson_r, entropy_reduction_ratio, chi2_stat",0.016752141689327395,0.0010152263539203962,0.0011783825081418463,0.000671925759077447,0.2931084710661115
perm_com.android.launcher.permission.UNINSTALL_SHORTCUT,0,0.06238921139938264,0.12408081415711725,380.2,373.2226681218599,"pearson_r, entropy_reduction_ratio, chi2_stat",0.0012571805611801701,0.0,9.064480831860356e-05,4.9170177377857253e-05,0.3105490614500366
perm_android.permission.KILL_BACKGROUND_PROCESSES,0,0.06238921139938264,0.12408081415711725,380.2,373.2226681218599,"pearson_r, entropy_reduction_ratio, chi2_stat",0.0012571805611801701,0.0,9.064480831860356e-05,4.9170177377857253e-05,0.3105490614500366
perm_android.permission.CLEAR_APP_CACHE,0,0.06238921139938264,0.12408081415711725,380.2,373.2226681218599,"pearson_r, entropy_reduction_ratio, chi2_stat",0.0012571805611801701,0.0,9.064480831860356e-05,4.9170177377857253e-05,0.3105490614500366
perm_android.permission.WRITE_SYNC_SETTINGS,0,0.06238921139938264,0.12408081415711725,380.2,373.2226681218599,"pearson_r, entropy_reduction_ratio, chi2_stat",0.0012571805611801701,0.0,9.064480831860356e-05,4.9170177377857253e-05,0.3105490614500366
perm_android.permission.READ_SYNC_SETTINGS,0,0.06238921139938264,0.12408081415711725,380.2,373.2226681218599,"pearson_r, entropy_reduction_ratio, chi2_stat",0.0012571805611801701,0.0,9.064480831860356e-05,4.9170177377857253e-05,0.3105490614500366
perm_android.permission.USE_CREDENTIALS,0,0.06238921139938264,0.12408081415711725,380.2,373.2226681218599,"pearson_r, entropy_reduction_ratio, chi2_stat",0.0012571805611801701,0.0,9.064480831860356e-05,4.9170177377857253e-05,0.3105490614500366
intent_android.content.SyncAdapter,0,0.06238921139938264,0.12408081415711725,380.2,373.2226681218599,"pearson_r, entropy_reduction_ratio, chi2_stat",0.0012571805611801701,0.0,9.064480831860356e-05,4.9170177377857253e-05,0.3105490614500366
intent_android.intent.action.SEARCH,0,0.06238921139938264,0.12408081415711725,380.2,373.2226681218599,"pearson_r, entropy_reduction_ratio, chi2_stat",0.0012571805611801701,0.0,9.064480831860356e-05,4.9170177377857253e-05,0.3105490614500366
intent_android.accounts.AccountAuthenticator,0,0.06238921139938264,0.12408081415711725,380.2,373.2226681218599,"pearson_r, entropy_reduction_ratio, chi2_stat",0.0012571805611801701,0.0,9.064480831860356e-05,4.9170177377857253e-05,0.3105490614500366
perm_android.permission.CALL_PHONE,0,0.062337413816597534,0.12221531086255462,310.9,356.74492287907896,"pearson_r, entropy_reduction_ratio, mutual_information",0.003152498202419453,0.0014260067413741225,0.00022661202079650892,0.00012367845107985454,0.3067582736673177
perm_android.permission.WRITE_SETTINGS,0,0.06229323568147892,0.11580834660465737,358.6,412.24512125675903,"pearson_r, entropy_reduction_ratio, chi2_stat",0.01609092336314595,0.0,0.0011330601039825445,0.0006447077457938039,0.2935974871944723
perm_android.permission.CHANGE_CONFIGURATION,0,0.062236918761187046,0.12342707871774046,374.1,381.56472583298364,"pearson_r, entropy_reduction_ratio, chi2_stat",0.0018876750549978467,0.0,0.00013596721247790535,7.390583427434323e-05,0.3090870457041851
perm_android.permission.INTERACT_ACROSS_USERS_FULL,0,0.06223691876118703,0.12342707871774045,375.0,382.9178763129243,"pearson_r, entropy_reduction_ratio, chi2_stat",0.0018876750549978467,0.0,0.00013596721247790535,7.390583427434323e-05,0.30908704570418505
perm_android.permission.READ_INTERNAL_STORAGE,0,0.06223691876118703,0.12342707871774045,375.0,382.9178763129243,"pearson_r, entropy_reduction_ratio, chi2_stat",0.0018876750549978467,0.0,0.00013596721247790535,7.390583427434323e-05,0.30908704570418505
perm_android.permission.WRITE_CALENDAR,0,0.06223691876118703,0.12342707871774045,375.0,382.9178763129243,"pearson_r, entropy_reduction_ratio, chi2_stat",0.0018876750549978467,0.0,0.00013596721247790535,7.390583427434323e-05,0.30908704570418505
intent_android.appwidget.action.APPWIDGET_UPDATE,0,0.06223691876118703,0.12342707871774045,375.0,382.9178763129243,"pearson_r, entropy_reduction_ratio, chi2_stat",0.0018876750549978467,0.0,0.00013596721247790535,7.390583427434323e-05,0.30908704570418505
perm_android.permission.READ_LOGS,0,0.06213004844391764,0.12286396512273243,371.4,389.2652566053128,"pearson_r, entropy_reduction_ratio, chi2_stat",0.0025194458760954322,0.0,0.00018128961663720712,9.874092725673557e-05,0.3078507657995988
intent_android.intent.action.PACKAGE_REMOVED,0,0.06213004844391764,0.12286396512273243,371.4,389.2652566053128,"pearson_r, entropy_reduction_ratio, chi2_stat",0.0025194458760954322,0.0,0.00018128961663720712,9.874092725673557e-05,0.3078507657995988
perm_android.permission.DELETE_PACKAGES,0,0.06213004844391764,0.12286396512273243,371.4,389.2652566053128,"pearson_r, entropy_reduction_ratio, chi2_stat",0.0025194458760954322,0.0,0.00018128961663720712,9.874092725673557e-05,0.3078507657995988
intent_com.google.android.gms.analytics.ANALYTICS_DISPATCH,0,0.06199501457315656,0.12189449673704873,367.8,395.3835606091887,"pearson_r, entropy_reduction_ratio, chi2_stat",0.003786837243468738,0.0,0.0002719344249558107,0.00014871849492286598,0.30576758270243537
suspicious_getSimCountryIso,0,0.06199501457315656,0.12189449673704873,367.8,395.3835606091887,"pearson_r, entropy_reduction_ratio, chi2_stat",0.003786837243468738,0.0,0.0002719344249558107,0.00014871849492286598,0.30576758270243537
intent_android.media.AUDIO_BECOMING_NOISY,0,0.06195779306662334,0.11831093292876523,360.2,409.8055148482021,"pearson_r, entropy_reduction_ratio, chi2_stat",0.010202166154821925,0.0,0.0007251584665488285,0.00040485841082136355,0.2984567823009246
perm_com.android.vending.CHECK_LICENSE,0,0.06192434166847625,0.12105290614853252,365.6,399.6901800144707,"pearson_r, entropy_reduction_ratio, chi2_stat",0.0050593964672261595,0.0,0.00036257923327441424,0.00019910387323367318,0.304000628768647
perm_android.permission.READ_CONTACTS,0,0.06190537419877251,0.12066454000798217,364.2,402.43180788799486,"pearson_r, entropy_reduction_ratio, chi2_stat",0.005697627229145309,0.0,0.00040790163743371596,0.0002244537348188022,0.3031968883924647
intent_android.intent.action.VIEW,0,0.06190537419877251,0.12066454000798217,364.2,402.43180788799486,"pearson_r, entropy_reduction_ratio, chi2_stat",0.005697627229145309,0.0,0.00040790163743371596,0.0002244537348188022,0.3031968883924647
perm_android.permission.SET_WALLPAPER_HINTS,0,0.06190537419877251,0.12066454000798217,364.2,402.43180788799486,"pearson_r, entropy_reduction_ratio, chi2_stat",0.005697627229145309,0.0,0.00040790163743371596,0.0002244537348188022,0.3031968883924647
perm_android.permission.MOUNT_UNMOUNT_FILESYSTEMS,0,0.06190372336016786,0.11925754235937928,361.4,407.45385014747376,"pearson_r, entropy_reduction_ratio, chi2_stat",0.008263682892771556,0.0,0.0005891912540709231,0.00032690165723694775,0.3003388409967599
perm_android.permission.RECEIVE_BOOT_COMPLETED,0,0.06190372336016786,0.11925754235937928,361.4,407.45385014747376,"pearson_r, entropy_reduction_ratio, chi2_stat",0.008263682892771556,0.0,0.0005891912540709231,0.00032690165723694775,0.3003388409967599
perm_com.samsung.android.providers.context.permission.WRITE_USE_APP_FEATURE_SURVEY,0,0.06189493231589817,0.12029302495568245,363.4,403.998811879441,"pearson_r, entropy_reduction_ratio, chi2_stat",0.006337165864765038,0.0,0.00045322404159301783,0.0002499069587822508,0.30243436471435053
