feature,method_count,aggregated_score,score_std,rank_mean,rank_std,top_methods,entropy_reduction_ratio,mutual_information,chi2_stat,f_stat,pearson_r
perm_android.permission.GET_ACCOUNTS,5,0.9408106555152015,0.08912038020650029,3.6,3.1999999999999997,"chi2_stat, f_stat, pearson_r",0.7700605723741982,0.9339927052018093,1.0,1.0,1.0
perm_android.permission.ACCESS_COARSE_LOCATION,5,0.7651936850119702,0.09994881826754111,5.8,4.1182520563948,"pearson_r, mutual_information, f_stat",0.6675122399249654,0.8679854104036159,0.6843624726676385,0.701958866328278,0.904149435735353
intent_com.google.android.gms.appinvite.ACTION_PREVIEW,5,0.6831494598506126,0.15354757490216694,6.6,3.2,"mutual_information, pearson_r, entropy_reduction_ratio",0.6009109399855459,0.8886126900280534,0.5249580300870348,0.5535442212724994,0.8477214178799294
intent_com.google.android.gms.measurement.UPLOAD,5,0.6092866584563644,0.19597594054297693,7.6,3.2,"mutual_information, pearson_r, entropy_reduction_ratio",0.5352544768018003,0.884487234103167,0.396452448546166,0.4342186556063578,0.7960204772243313
perm_android.permission.VIBRATE,5,0.5394569525181343,0.27008909791701974,8.7,3.994996871087636,"mutual_information, pearson_r, entropy_reduction_ratio",0.4430876854732084,0.9669963526009033,0.25568148266250934,0.30243828412104806,0.7290809577330027
n_permissions,5,0.5074218281157599,0.35631935427452877,10.2,3.9698866482558417,"mutual_information, entropy_reduction_ratio, pearson_r",0.8051354306310138,0.9504945289013577,0.0775340192151895,0.11037566589235476,0.5935694959388835
n_activities,5,0.37905209524750844,0.26607515197157194,13.4,4.223742416388575,"entropy_reduction_ratio, pearson_r, mutual_information",0.738301713031853,0.4609049557712686,0.07369686933997914,0.07059139377803192,0.5517655443164097
perm_android.permission.ACCESS_WIFI_STATE,5,0.3420183538050505,0.17956241412043655,13.2,5.1536394906900505,"pearson_r, entropy_reduction_ratio, mutual_information",0.35109294997236584,0.33574834020797795,0.1527140848394442,0.2030350504707382,0.6675013435347265
perm_android.permission.ACCESS_FINE_LOCATION,4,0.6286676308433823,0.23765462924725433,14.4,20.480234373658913,"pearson_r, f_stat, chi2_stat",0.6675122399249654,0.1853551395606762,0.6843624726676385,0.701958866328278,0.904149435735353
n_used_permissions,4,0.41258979070391655,0.3445417142974062,205.6,396.21842460945703,"entropy_reduction_ratio, mutual_information, f_stat",1.0,0.5358611537760178,0.15674926495158772,0.36461817106430794,0.005720363727669458
perm_android.permission.WRITE_EXTERNAL_STORAGE,4,0.3420818041473244,0.3756841681299324,18.2,11.01635148313633,"mutual_information, pearson_r, entropy_reduction_ratio",0.12232126163631746,1.0,0.017201061459066375,0.04818969107709757,0.5226970065641409
n_services,4,0.3391929582132337,0.27461801174692413,208.4,393.8698262116559,"entropy_reduction_ratio, mutual_information, f_stat",0.8701957738841922,0.2895780387210072,0.22112500732116813,0.23724778671453806,0.07781818442526257
n_api_calls,4,0.33823263464008,0.30393362275462643,209.6,388.7542154112287,"entropy_reduction_ratio, mutual_information, pearson_r",0.8527126505271038,0.493868303985537,0.05277449419040212,0.0523650372724095,0.23944268722494777
n_providers,4,0.331937739128289,0.3307259047792865,209.3,390.8766557368194,"mutual_information, entropy_reduction_ratio, pearson_r",0.32706047539592537,0.9669963526009033,0.07988771716865183,0.07747319864711359,0.20827095182885075
n_receivers,4,0.3272876536025791,0.3079463224012335,208.8,393.1632739715143,"entropy_reduction_ratio, mutual_information, f_stat",0.9288689617735458,0.289984996147957,0.11648554025647528,0.1950059175169684,0.10609285231794892
intent_com.google.firebase.INSTANCE_ID_EVENT,4,0.28277174515759473,0.1965669422874855,209.2,395.4134039205044,"entropy_reduction_ratio, mutual_information, f_stat",0.49767206739356395,0.44046378607344555,0.09974888392857141,0.3759739883923929,0.0
suspicious_Ldalvik/system/PathClassLoader;,3,0.249092471143604,0.17688096307490941,211.6,393.74946349169795,"entropy_reduction_ratio, f_stat, mutual_information",0.49179727772179777,0.2826845433272182,0.09923070790816325,0.36746353877126303,0.004286287989577843
intent_com.android.vending.INSTALL_REFERRER,3,0.21847467300532633,0.16110007984695035,219.4,389.29967891073323,"entropy_reduction_ratio, f_stat, mutual_information",0.4665613335063824,0.17392157121011484,0.09689891581632654,0.3325683412017521,0.022423203292055813
intent_com.google.firebase.MESSAGING_EVENT,3,0.167342806314613,0.067851856451118,218.8,387.8182048331409,"entropy_reduction_ratio, mutual_information, pearson_r",0.27585585166470333,0.2004015464260057,0.07228555484693876,0.13997890946508004,0.14819216917033717
perm_com.google.android.finsky.permission.BIND_GET_INSTALL_REFERRER_SERVICE,3,0.15993963365721153,0.08258917923644668,215.6,388.2213801428252,"mutual_information, pearson_r, entropy_reduction_ratio",0.1827647849221768,0.2772721983574833,0.05414939413265305,0.07937290139184543,0.2061388894818992
perm_android.permission.READ_EXTERNAL_STORAGE,3,0.11745205573738413,0.0750609372656877,275.8,378.66206569974764,"entropy_reduction_ratio, pearson_r, f_stat",0.22215833511978428,0.018143088160725653,0.06244021045918366,0.10296592960653632,0.18155271534069076
suspicious_Ljava/lang/System;->load,3,0.1160686580006216,0.0667883278675528,232.4,380.3306982088088,"pearson_r, entropy_reduction_ratio, mutual_information",0.14542001500770219,0.10014429910307829,0.04534040178571429,0.05944293331197605,0.22999564079463722
intent_android.intent.action.VIEW,3,0.1063408731060762,0.0729177232866805,247.6,375.2239864400995,"pearson_r, entropy_reduction_ratio, mutual_information",0.13417468560470563,0.06379799444133757,0.042490433673469385,0.05386639541010863,0.23737485640075978
suspicious_Ljava/lang/System;->loadLibrary,3,0.10164334384601512,0.0758329715368243,268.2,374.6237579225322,"pearson_r, entropy_reduction_ratio, f_stat",0.14438203172535102,0.029160818077332038,0.04508131377551021,0.05892057925754377,0.2306719763943386
n_urls,2,0.3078417232139605,0.3059185403826194,223.0,374.795944481794,"entropy_reduction_ratio, mutual_information, pearson_r",0.8360940642740126,0.35740767710263455,0.0015050169986452078,0.005172586371531125,0.33902927132297916
intent_com.google.android.c2dm.intent.RECEIVE,2,0.2952460665515593,0.38662914124152625,35.4,30.584963625938812,"mutual_information, pearson_r, entropy_reduction_ratio",0.02812966078945074,0.9917490881502217,0.0009011756876663693,0.009567253897244722,0.4458831542332132
suspicious_getExternalStorageDirectory,2,0.2772932124729455,0.3855015121676437,74.2,56.618548197565076,"mutual_information, pearson_r, entropy_reduction_ratio",0.0020300158312138838,0.9834981763004517,4.6917345912206e-06,0.0006313855782036716,0.40030179292026735
intent_com.google.android.c2dm.intent.REGISTRATION,2,0.10363893534242608,0.07930150424702112,242.4,374.989386516472,"pearson_r, entropy_reduction_ratio, mutual_information",0.11087144277943638,0.07503795909687491,0.03627232142857142,0.04289201587619298,0.25312093753105475
perm_android.permission.ACCESS_NETWORK_STATE,1,0.2734989377872323,0.3848931383251667,435.1,222.32012954296334,"mutual_information, pearson_r, entropy_reduction_ratio",0.0,0.9834981763004517,0.0,0.0,0.38399651263570983
intent_android.intent.action.MAIN,1,0.26029747882759413,0.36068516796124944,436.2,220.18528561191368,"mutual_information, pearson_r, entropy_reduction_ratio",0.0,0.917490881502261,0.0,0.0,0.38399651263570983
intent_com.xiaomi.push.PING_TIMER,1,0.15622863407094442,0.1913854011858814,437.8,217.08238067609264,"mutual_information, pearson_r, entropy_reduction_ratio",0.0,0.3971466577190123,0.0,0.0,0.38399651263570983
intent_com.qihoo360.daemon.pcdaemon.ACTION_START_CAPTURE,1,0.15193502555117638,0.1861002330083518,438.0,216.69471613308895,"pearson_r, mutual_information, entropy_reduction_ratio",0.0,0.37567861512017214,0.0,0.0,0.38399651263570983
suspicious_Ldalvik/system/DexClassLoader;,1,0.1464286176295669,0.1744088895824454,37.3,17.66805026028622,"pearson_r, mutual_information, entropy_reduction_ratio",0.043896853191661006,0.2085155354228726,0.002196051220886988,0.015307205691831841,0.462227442620582
intent_com.excelliance.dualaid.action.phone_res_download,1,0.1451100104030314,0.17822882279989116,438.4,215.9195220446729,"pearson_r, mutual_information, entropy_reduction_ratio",0.0,0.3415535393794471,0.0,0.0,0.38399651263570983
intent_cn.play.dservice,1,0.14249785796346837,0.17540389320422975,438.8,215.14450957437887,"pearson_r, mutual_information, entropy_reduction_ratio",0.0,0.32849277718163195,0.0,0.0,0.38399651263570983
suspicious_getDeviceId,1,0.14115797721942225,0.17323838370507386,49.9,36.805434381351894,"pearson_r, mutual_information, entropy_reduction_ratio",0.017303455273692155,0.25020886747692567,0.0003409052765843169,0.005793167229569239,0.4321434908403398
intent_com.excelliance.dualaid.SHORTCUT_ALARM,1,0.14107448375615533,0.17391132506632279,439.0,214.75707206050282,"pearson_r, mutual_information, entropy_reduction_ratio",0.0,0.3213759061450667,0.0,0.0,0.38399651263570983
perm_com.huawei.launcher.permission.WRITE_SETTINGS,1,0.11849685996008416,0.15537885957312578,443.6,205.8592723197087,"pearson_r, mutual_information, entropy_reduction_ratio",0.0,0.20848778716471103,0.0,0.0,0.38399651263570983
perm_com.kingroot.kinguser.permission.activityCalled,1,0.11348655809597052,0.15277839860618384,446.0,201.22773168726025,"pearson_r, mutual_information, entropy_reduction_ratio",0.0,0.18343627784414282,0.0,0.0,0.38399651263570983
intent_com.sogou.androidtool.action.specialdetail,1,0.10115685809734558,0.1490785261864654,452.0,189.68552923193693,"pearson_r, mutual_information, entropy_reduction_ratio",0.0,0.12178777785101812,0.0,0.0,0.38399651263570983
perm_com.google.android.c2dm.permission.RECEIVE,1,0.09689624892151501,0.17478615175953863,178.7,271.1135555445356,"pearson_r, entropy_reduction_ratio, f_stat",0.02812966078945074,0.0,0.0009011756876663693,0.009567253897244722,0.4458831542332132
perm_com.android.vending.BILLING,1,0.09420572174357932,0.08646042414579122,263.8,371.4401163040955,"pearson_r, entropy_reduction_ratio, f_stat",0.10161897961948486,0.0373872730755604,0.03368144132653061,0.038743333470439366,0.25959758122588134
intent_com.excelliance.open.action.appstate,1,0.08192787548687987,0.15136049307696,494.4,110.9253803238916,"pearson_r, mutual_information, entropy_reduction_ratio",0.0,0.025642864798689477,0.0,0.0,0.38399651263570983
intent_show_start_app,1,0.07986020184155122,0.1521836325896081,504.8,93.23926211634239,"pearson_r, mutual_information, entropy_reduction_ratio",0.0,0.0153044965720463,0.0,0.0,0.38399651263570983
suspicious_Cipher,1,0.07982650853308502,0.15873568510000288,220.9,252.8272928305012,"pearson_r, entropy_reduction_ratio, f_stat",0.001351981450319001,0.0,2.0810281944102986e-06,0.0004821353370075138,0.3972963448499042
perm_qiku.permission.ACCESS_QKPARAMS,1,0.07679930252714197,0.15359860505428394,578.1,88.23060693432863,"pearson_r, entropy_reduction_ratio, mutual_information",0.0,0.0,0.0,0.0,0.38399651263570983
intent_com.sogou.androidtool.action.backtomarket,1,0.07679930252714197,0.15359860505428394,578.1,88.23060693432863,"pearson_r, entropy_reduction_ratio, mutual_information",0.0,0.0,0.0,0.0,0.38399651263570983
intent_com.sogou.androidtool.action.extend,1,0.07679930252714197,0.15359860505428394,578.1,88.23060693432863,"pearson_r, entropy_reduction_ratio, mutual_information",0.0,0.0,0.0,0.0,0.38399651263570983
intent_com.sogou.androidtool.action.download,1,0.07679930252714197,0.15359860505428394,578.1,88.23060693432863,"pearson_r, entropy_reduction_ratio, mutual_information",0.0,0.0,0.0,0.0,0.38399651263570983
intent_action_send_cancel,0,0.13317103417346404,0.16626785812198397,439.8,213.20778597415247,"pearson_r, mutual_information, entropy_reduction_ratio",0.0,0.28185865823161044,0.0,0.0,0.38399651263570983
intent_com.qihoo.appstore.APPWATCHER_CHANGE_TIME,0,0.1331334067330345,0.1662342228253123,440.0,212.82058171145007,"pearson_r, mutual_information, entropy_reduction_ratio",0.0,0.2816705210294627,0.0,0.0,0.38399651263570983
intent_com.qihoo.appstore.ACTION_WIRTE_CHANNEL_AND_INSTALL,0,0.12983286758523568,0.16339181727285895,440.6,211.65925446339455,"pearson_r, mutual_information, entropy_reduction_ratio",0.0,0.2651678252904686,0.0,0.0,0.38399651263570983
perm_com.google.android.googleapps.permission.GOOGLE_AUTH,0,0.1296832413900107,0.16326811138160377,440.8,211.2722414327069,"pearson_r, mutual_information, entropy_reduction_ratio",0.0,0.26441969431434365,0.0,0.0,0.38399651263570983
intent_android.accessibilityservice.AccessibilityService,0,0.1295040351887548,0.1614471625851161,264.6,309.5574906216937,"pearson_r, mutual_information, entropy_reduction_ratio",0.000675311332919998,0.2717637251718263,0.0002590880102040816,0.00022051236656804653,0.3746015390622557
intent_com.qihoo.appstore.ACTION_PACKAGE_REMOVED_NEED_CLEAR,0,0.12937125101841856,0.16301163330895715,441.0,210.88527686872786,"pearson_r, mutual_information, entropy_reduction_ratio",0.0,0.2628597424563831,0.0,0.0,0.38399651263570983
intent_com.getui.gis.action.64kVIzqls49c7TJxrBbWG4,0,0.1286496119870654,0.16242602819223284,441.2,210.49836103875015,"pearson_r, mutual_information, entropy_reduction_ratio",0.0,0.2592515472996171,0.0,0.0,0.38399651263570983
suspicious_getPackageInfo,0,0.1258243136078428,0.16023783886993356,441.6,209.72467665966255,"pearson_r, mutual_information, entropy_reduction_ratio",0.0,0.2451250554035041,0.0,0.0,0.38399651263570983
intent_com.baidu.android.pushservice.action.BIND_SYNC,0,0.12490623422847709,0.15956340865851043,441.8,209.33790865488268,"pearson_r, mutual_information, entropy_reduction_ratio",0.0,0.2405346585066756,0.0,0.0,0.38399651263570983
suspicious_getSystemService,0,0.12252394886793312,0.15789953360297684,442.0,208.95119047279917,"pearson_r, mutual_information, entropy_reduction_ratio",0.0,0.22862323170395574,0.0,0.0,0.38399651263570983
intent_android.intent.action.CAL,0,0.12230870615226017,0.15775542410391807,442.2,208.56452239055423,"pearson_r, mutual_information, entropy_reduction_ratio",0.0,0.22754701812559097,0.0,0.0,0.38399651263570983
intent_show_encourage,0,0.1212281323800547,0.15704779168589622,442.6,207.791337644282,"pearson_r, mutual_information, entropy_reduction_ratio",0.0,0.22214414926456366,0.0,0.0,0.38399651263570983
intent_com.excelliance.open.action.fw,0,0.12075192215942407,0.15674438267696267,442.8,207.40482154472687,"pearson_r, mutual_information, entropy_reduction_ratio",0.0,0.21976309816141054,0.0,0.0,0.38399651263570983
intent_com.kingroot.kinguser.service.IKCommonManagerInterface,0,0.12044202622468032,0.15654973433662916,443.0,207.0183566739916,"pearson_r, mutual_information, entropy_reduction_ratio",0.0,0.21821361848769177,0.0,0.0,0.38399651263570983
perm_android.permission.READ_CALL_LOG,0,0.11997101162104898,0.1529132749281934,256.2,325.1108426367844,"pearson_r, mutual_information, entropy_reduction_ratio",0.001351981450319001,0.22684630450585302,0.0005181760204081632,0.0004419157071493641,0.3706966804215154
intent_org.agoo.android.intent.action.ELECTION_V2,0,0.11985293128190597,0.15618583146744558,443.2,206.63194331951678,"pearson_r, mutual_information, entropy_reduction_ratio",0.0,0.2152681437738201,0.0,0.0,0.38399651263570983
perm_com.qihoo360.launcher.permission.WRITE_SETTINGS,0,0.11796051187382858,0.15507162137590014,443.8,205.47301525991193,"pearson_r, mutual_information, entropy_reduction_ratio",0.0,0.20580604673343306,0.0,0.0,0.38399651263570983
perm_com.meizu.flyme.push.permission.RECEIVE,0,0.11720666258155321,0.1546513379269816,444.0,205.08681088748736,"pearson_r, mutual_information, entropy_reduction_ratio",0.0,0.2020368002720562,0.0,0.0,0.38399651263570983
perm_com.android.voicemail.permission.READ_WRITE_ALL_VOICEMAIL,0,0.11690592986267304,0.15448746126264415,444.2,204.70065950064745,"pearson_r, mutual_information, entropy_reduction_ratio",0.0,0.20053313667765527,0.0,0.0,0.38399651263570983
intent_com.alimama.mobile.sdk.download.action,0,0.11580137827229142,0.15390423871897396,444.6,203.92851688765847,"pearson_r, mutual_information, entropy_reduction_ratio",0.0,0.19501037872574725,0.0,0.0,0.38399651263570983
intent_com.baidu.autoupdatesdk.ACTION_NEW_AS,0,0.11434324491832601,0.1531797138533292,445.0,203.15658985127703,"pearson_r, mutual_information, entropy_reduction_ratio",0.0,0.1877197119559202,0.0,0.0,0.38399651263570983
perm_com.tsf.shell.permission.READ_SETTINGS,0,0.11422808212171527,0.15312471161692937,445.2,202.77070794372645,"pearson_r, mutual_information, entropy_reduction_ratio",0.0,0.1871438979728665,0.0,0.0,0.38399651263570983
perm_yulong.permission.ACCESS_YLPARAMS,0,0.11378370122019255,0.1529155401303083,445.8,201.61339241230974,"pearson_r, mutual_information, entropy_reduction_ratio",0.0,0.18492199346525295,0.0,0.0,0.38399651263570983
intent_com.excelliance.kxqp.action.SmtCntService,0,0.11221003471770823,0.1522142313428285,446.8,199.68565296485374,"pearson_r, mutual_information, entropy_reduction_ratio",0.0,0.1770536609528313,0.0,0.0,0.38399651263570983
intent_android.intent.action.PACKAGE_REPLACED,0,0.11216809582215297,0.14715382814334216,252.1,333.4028194241914,"pearson_r, mutual_information, entropy_reduction_ratio",0.0020300158312138838,0.18967774155439457,0.0007772640306122448,0.0006642253433918523,0.3676912323511523
intent_com.mobiletool.appstore.action.appdetail,0,0.11142695353579941,0.15188834530962225,447.2,198.91495670260696,"pearson_r, mutual_information, entropy_reduction_ratio",0.0,0.17313825504328723,0.0,0.0,0.38399651263570983
perm_com.tencent.mtt.extension.Player,0,0.11132759621005724,0.15184810169585938,447.4,198.5296955117798,"pearson_r, mutual_information, entropy_reduction_ratio",0.0,0.17264146841457628,0.0,0.0,0.38399651263570983
perm_com.teslacoilsw.launcher.permission.READ_SETTINGS,0,0.11089746442870596,0.1516767614102029,447.6,198.14449273194552,"pearson_r, mutual_information, entropy_reduction_ratio",0.0,0.17049080950781995,0.0,0.0,0.38399651263570983
perm_android.permission.READ_INTERNAL_STORAGE,0,0.11044518705033073,0.14734070857147424,260.4,322.4151671370316,"pearson_r, mutual_information, entropy_reduction_ratio",0.001351981450319001,0.1792171816522617,0.0005181760204081632,0.0004419157071493641,0.3706966804215154
intent_com.google.android.gms.gcm.ACTION_TASK_READY,0,0.11000697034825428,0.13805979365068846,236.8,359.6050055268975,"pearson_r, mutual_information, entropy_reduction_ratio",0.009580036199936675,0.1852805870682693,0.003627232142857142,0.0031703035611320755,0.3483766927690763
perm_com.google.android.googleapps.permission.GOOGLE_AUTH.grandcentral,0,0.1096496631605978,0.1512063050298675,447.8,197.75934870442916,"pearson_r, mutual_information, entropy_reduction_ratio",0.0,0.16425180316727916,0.0,0.0,0.38399651263570983
intent_com.qihoo.appstore.clipboard.change,0,0.10939569789488486,0.15111542138451492,448.0,197.37426377316774,"pearson_r, mutual_information, entropy_reduction_ratio",0.0,0.1629819768387145,0.0,0.0,0.38399651263570983
perm_com.sec.android.settings.permission.SOFT_RESET,0,0.10918885032547532,0.1510426209411798,448.2,196.9892382847347,"pearson_r, mutual_information, entropy_reduction_ratio",0.0,0.16194773899166678,0.0,0.0,0.38399651263570983
perm_com.android.vending.CHECK_LICENSE,0,0.10901521656216336,0.13879265884092548,238.8,356.85537686855724,"pearson_r, mutual_information, entropy_reduction_ratio",0.008194637808862001,0.17997957028184072,0.003109056122448979,0.002706204827000467,0.35108661377066464
intent_android.intent.action.SEND,0,0.10889226559593954,0.13390584332918987,234.2,365.1801747083212,"pearson_r, mutual_information, entropy_reduction_ratio",0.013770806961173665,0.17976539374404957,0.005181760204081632,0.004585942258822975,0.34115742481156985
intent_com.sogou.androidtool.service.weathernotifyreceiver,0,0.10823861231537099,0.15072232133005833,448.4,196.60427258836464,"pearson_r, mutual_information, entropy_reduction_ratio",0.0,0.15719654894114515,0.0,0.0,0.38399651263570983
perm_android.permission.BROADCAST_PACKAGE_ADDED,0,0.10819910666550869,0.1507095091880476,448.6,196.21936703597837,"pearson_r, mutual_information, entropy_reduction_ratio",0.0,0.15699902069183366,0.0,0.0,0.38399651263570983
intent_download.service.action,0,0.10757461176094338,0.15051234348032785,449.0,195.44973778442375,"pearson_r, mutual_information, entropy_reduction_ratio",0.0,0.15387654616900712,0.0,0.0,0.38399651263570983
perm_android.permission.BIND_ACCESSIBILITY_SERVICE,0,0.10707808327891152,0.15036279873579275,449.2,195.0650148027575,"pearson_r, mutual_information, entropy_reduction_ratio",0.0,0.15139390375884781,0.0,0.0,0.38399651263570983
perm_android.permission.ACCESS_SUPERUSER,0,0.10624737584307073,0.14700919979835225,273.0,303.5898549029595,"pearson_r, mutual_information, entropy_reduction_ratio",0.000675311332919998,0.1554804284434059,0.0002590880102040816,0.00022051236656804653,0.3746015390622557
perm_com.anddoes.launcher.permission.WRITE_SETTINGS,0,0.10591966648540943,0.15003888356091838,449.4,194.68035340013128,"pearson_r, mutual_information, entropy_reduction_ratio",0.0,0.14560181979133732,0.0,0.0,0.38399651263570983
perm_android.permission.READ_INSTALL_SESSIONS,0,0.10589939904487078,0.1500335286258317,449.6,194.29575394228257,"pearson_r, mutual_information, entropy_reduction_ratio",0.0,0.14550048258864406,0.0,0.0,0.38399651263570983
perm_com.qihoo.appstore.update.permission.clear_sdk,0,0.10555794152787365,0.14994492958932426,449.8,193.91121679779127,"pearson_r, mutual_information, entropy_reduction_ratio",0.0,0.1437931950036585,0.0,0.0,0.38399651263570983
perm_android.permission.ACCESS_LOCATION_EXTRA_COMMANDS,0,0.10450446230952695,0.14969088513837922,450.0,193.52674233810686,"pearson_r, mutual_information, entropy_reduction_ratio",0.0,0.13852579891192493,0.0,0.0,0.38399651263570983
intent_com.excelliance.dualaid.platform.gameplugin.action.START_FROM_SHORTCUT,0,0.1039560591547773,0.14957021515311428,450.2,193.14233093757568,"pearson_r, mutual_information, entropy_reduction_ratio",0.0,0.13578378313817668,0.0,0.0,0.38399651263570983
intent_com.excelliance.kxqp.action.space.stat,0,0.1038720701048171,0.14955243601155893,450.4,192.75798297346856,"pearson_r, mutual_information, entropy_reduction_ratio",0.0,0.13536383788837567,0.0,0.0,0.38399651263570983
perm_com.tencent.qqlauncher.permission.WRITE_SETTINGS,0,0.10273976464341424,0.14933098465597153,450.6,192.37369882600893,"pearson_r, mutual_information, entropy_reduction_ratio",0.0,0.12970231058136134,0.0,0.0,0.38399651263570983
intent_android.intent.action.IMEDIATE_NOTIFY_ALARM,0,0.10235576855278157,0.1492636116601938,450.8,191.98947887840103,"pearson_r, mutual_information, entropy_reduction_ratio",0.0,0.127782330128198,0.0,0.0,0.38399651263570983
intent_com.qihoo.appstore.clean.result,0,0.10213149607849167,0.1492260768185696,451.0,191.60532351685848,"pearson_r, mutual_information, entropy_reduction_ratio",0.0,0.12666096775674857,0.0,0.0,0.38399651263570983
intent_cn.egame.terminal.sdk.SERVICE_CMD,0,0.1019867570596519,0.1492025638414742,451.2,191.2212331306333,"pearson_r, mutual_information, entropy_reduction_ratio",0.0,0.12593727266254967,0.0,0.0,0.38399651263570983
perm_android.permission.INJECT_EVENTS,0,0.10195878979118018,0.14919808485547598,451.4,190.8372081120451,"pearson_r, mutual_information, entropy_reduction_ratio",0.0,0.12579743632019114,0.0,0.0,0.38399651263570983
perm_android.permission.WRITE_MEDIA_STORAGE,0,0.10186852166108792,0.14918377049059608,451.6,190.45324885651073,"pearson_r, mutual_information, entropy_reduction_ratio",0.0,0.1253460956697298,0.0,0.0,0.38399651263570983
intent_com.sogou.androidtool.intent.action.COMMAND,0,0.1014338015441566,0.14911787604668494,451.8,190.06935576257422,"pearson_r, mutual_information, entropy_reduction_ratio",0.0,0.1231724950850732,0.0,0.0,0.38399651263570983
intent_com.qihoo.appstore.plugin.huajiao.IPluginHelperService,0,0.10003941369667049,0.1489405716598537,452.4,188.91807748333667,"pearson_r, mutual_information, entropy_reduction_ratio",0.0,0.11620055584764256,0.0,0.0,0.38399651263570983
intent_com.sogou.pushservice.action.METHOD,0,0.10003751059982702,0.1489403652084078,452.6,188.53445308484072,"pearson_r, mutual_information, entropy_reduction_ratio",0.0,0.11619104036342526,0.0,0.0,0.38399651263570983
intent_oh.rt.hj.j.g,0,0.09947865155558593,0.14888393664102786,452.8,188.15089688864097,"pearson_r, mutual_information, entropy_reduction_ratio",0.0,0.11339674514221978,0.0,0.0,0.38399651263570983
intent_com.qihoo.appstore.battery.ICON,0,0.09933615662931876,0.1488708879986508,453.0,187.76740931269197,"pearson_r, mutual_information, entropy_reduction_ratio",0.0,0.11268427051088395,0.0,0.0,0.38399651263570983
intent_android.net.conn.MEDIA_NOFS,0,0.09903077412236702,0.14884475726893637,453.2,187.3839907782946,"pearson_r, mutual_information, entropy_reduction_ratio",0.0,0.11115735797612528,0.0,0.0,0.38399651263570983
intent_cryopiggy.start,0,0.09887773804399111,0.148832603407115,453.4,187.0006417101289,"pearson_r, mutual_information, entropy_reduction_ratio",0.0,0.11039217758424567,0.0,0.0,0.38399651263570983
perm_com.nd.android.launcher.permission.READ_SETTINGS,0,0.0987909640592626,0.1488259911716889,453.6,186.61736253628706,"pearson_r, mutual_information, entropy_reduction_ratio",0.0,0.10995830766060317,0.0,0.0,0.38399651263570983
intent_com.xiaomi.mipush.ERROR,0,0.09876394107270617,0.14882397326792085,453.8,186.23415368830712,"pearson_r, mutual_information, entropy_reduction_ratio",0.0,0.10982319272782105,0.0,0.0,0.38399651263570983
intent_cn.jpush.android.intent.NOTIFICATION_RECEIVED,0,0.09867253228422887,0.1488172927314791,454.0,185.85101560120677,"pearson_r, mutual_information, entropy_reduction_ratio",0.0,0.10936614878543455,0.0,0.0,0.38399651263570983
intent_com.example.servicejar.action.START_ASSIST,0,0.09830388137091392,0.14879262685674544,454.4,185.08495346732,"pearson_r, mutual_information, entropy_reduction_ratio",0.0,0.10752289421885983,0.0,0.0,0.38399651263570983
intent_com.qihoo.appstore.reservation.alarm,0,0.09828523770079343,0.14879147638493165,454.6,184.7020303082779,"pearson_r, mutual_information, entropy_reduction_ratio",0.0,0.10742967586825736,0.0,0.0,0.38399651263570983
perm_com.excelliance.dualaid.assist,0,0.09811743532917584,0.14878154172654662,454.8,184.3191796856746,"pearson_r, mutual_information, entropy_reduction_ratio",0.0,0.10659066401016935,0.0,0.0,0.38399651263570983
perm_android.permission.ACCESS_CACHE_FILESYSTEM,0,0.09806982844100834,0.14877886091811182,455.0,183.93640205244856,"pearson_r, mutual_information, entropy_reduction_ratio",0.0,0.10635262956933182,0.0,0.0,0.38399651263570983
intent_org.agoo.android.intent.action.ELECTION_RESULT_V4,0,0.0976355022330418,0.14875721541458,455.4,183.1710675843759,"pearson_r, mutual_information, entropy_reduction_ratio",0.0,0.10418099852949914,0.0,0.0,0.38399651263570983
perm_xvtian.gai.receiver,0,0.09744139782037416,0.1487491809206469,455.6,182.78851167401083,"pearson_r, mutual_information, entropy_reduction_ratio",0.0,0.10321047646616097,0.0,0.0,0.38399651263570983
intent_com.excelliance.open.action.gameverchk,0,0.09693992221069801,0.14873311208755574,455.8,182.40603060206095,"pearson_r, mutual_information, entropy_reduction_ratio",0.0,0.10070309841778023,0.0,0.0,0.38399651263570983
perm_com.yulong3.android.launcher.permission.READ_SETTINGS,0,0.0969032883279195,0.14873220323757325,456.0,182.02362484029373,"pearson_r, mutual_information, entropy_reduction_ratio",0.0,0.10051992900388768,0.0,0.0,0.38399651263570983
perm_android.permission.SYSTEM_ALERT_WINDOW,0,0.09688601856068277,0.12680531093804204,236.1,369.96383607050024,"pearson_r, mutual_information, entropy_reduction_ratio",0.017303455273692155,0.1190067356139828,0.006477200255102039,0.00579316722955696,0.33584953443107984
intent_com.qihoo.appstore.clean.scan.finish,0,0.09653798576630705,0.14872511464961843,456.4,181.2590411538139,"pearson_r, mutual_information, entropy_reduction_ratio",0.0,0.09869341619582545,0.0,0.0,0.38399651263570983
intent_com.xiaomi.hy.push.client.ONCLICK,0,0.09649573471280641,0.14872452632210817,456.6,180.87686419219017,"pearson_r, mutual_information, entropy_reduction_ratio",0.0,0.09848216092832224,0.0,0.0,0.38399651263570983
intent_com.esbook.receiver.message,0,0.09617001130218682,0.14872160253861114,456.8,180.49476446700606,"pearson_r, mutual_information, entropy_reduction_ratio",0.0,0.09685354387522428,0.0,0.0,0.38399651263570983
perm_com.fx.launcher.permission.WRITE_SETTINGS,0,0.09591270244348464,0.14872131029235586,457.0,180.11274246982083,"pearson_r, mutual_information, entropy_reduction_ratio",0.0,0.0955669995817134,0.0,0.0,0.38399651263570983
intent_com.adroid.SERVICE,0,0.09589357114732669,0.1487213596851132,457.2,179.73079869627242,"pearson_r, mutual_information, entropy_reduction_ratio",0.0,0.0954713431009236,0.0,0.0,0.38399651263570983
intent_android.content.SyncAdapter,0,0.09584470419567029,0.14872153053441772,457.4,179.348933646119,"pearson_r, mutual_information, entropy_reduction_ratio",0.0,0.09522700834264158,0.0,0.0,0.38399651263570983
intent_com.qihoo.appstore.ACTION_GAME_UNION_GIFT_LiST,0,0.09576811612592373,0.1487219275147266,457.6,178.9671478232807,"pearson_r, mutual_information, entropy_reduction_ratio",0.0,0.09484406799390879,0.0,0.0,0.38399651263570983
intent_com.qihoo360.daemon.pcdaemon.ACTION_START_FROM_NOTIFICATION,0,0.09547721638962883,0.1487248729198911,457.8,178.58544173588172,"pearson_r, mutual_information, entropy_reduction_ratio",0.0,0.09338956931243438,0.0,0.0,0.38399651263570983
intent_com.qihoo.appstore.ACTION_WX_CLEAR,0,0.09536526600115887,0.14872661289224007,458.2,177.82227082117694,"pearson_r, mutual_information, entropy_reduction_ratio",0.0,0.09282981737008453,0.0,0.0,0.38399651263570983
intent_com.baidu.autoupdatesdk.ACTION_NEW_UPDATE,0,0.09510223036044574,0.1487320273515483,458.4,177.44080703152812,"pearson_r, mutual_information, entropy_reduction_ratio",0.0,0.09151463916651885,0.0,0.0,0.38399651263570983
perm_android.permission.PACKAGE_USAGE_STATS,0,0.09506631068202208,0.14092272714074291,258.4,334.3666251287649,"pearson_r, mutual_information, entropy_reduction_ratio",0.0027094199878460352,0.10554853772001951,0.0010363520408163264,0.0008874169443882473,0.36514982671704027
intent_com.firebase.jobdispatcher.ACTION_EXECUTE,0,0.09484441374757913,0.13653437558180243,249.0,349.23401896149807,"pearson_r, mutual_information, entropy_reduction_ratio",0.006127182693716023,0.10816302590010211,0.0023317920918367345,0.002017160783685181,0.35558290726855557
intent_com.igexin.sdk.action.pushmanager,0,0.09471857491887913,0.14874326043172653,458.6,177.05942505272063,"pearson_r, mutual_information, entropy_reduction_ratio",0.0,0.08959636195868582,0.0,0.0,0.38399651263570983
perm_com.android.launcher3.permission.READ_SETTINGS,0,0.09467635248376259,0.14874473839233865,458.8,176.67812541455152,"pearson_r, mutual_information, entropy_reduction_ratio",0.0,0.08938524978310315,0.0,0.0,0.38399651263570983
perm_com.ty.launcher.permission.READ_SETTINGS,0,0.09461216465858288,0.14874707704174622,459.0,176.29690865128634,"pearson_r, mutual_information, entropy_reduction_ratio",0.0,0.08906431065720456,0.0,0.0,0.38399651263570983
intent_pre_add_game_uninstalled,0,0.09452798523859521,0.14875031194396265,459.2,175.9157753017051,"pearson_r, mutual_information, entropy_reduction_ratio",0.0,0.08864341355726618,0.0,0.0,0.38399651263570983
intent_com.excelliance.kxqp.action.SmtServService,0,0.09452553457160688,0.14875040897322064,459.4,175.53472590914882,"pearson_r, mutual_information, entropy_reduction_ratio",0.0,0.08863116022232456,0.0,0.0,0.38399651263570983
perm_com.motorola.mmsp.motoswitch.permission.READ_SETTINGS,0,0.09442833820953664,0.1487543874368701,459.6,175.15376102156642,"pearson_r, mutual_information, entropy_reduction_ratio",0.0,0.08814517841197339,0.0,0.0,0.38399651263570983
intent_com.qihoo.appstore.battery.ACCESSIBILITY_ALERT,0,0.09434684591952475,0.14875791879376576,459.8,174.77288119156245,"pearson_r, mutual_information, entropy_reduction_ratio",0.0,0.08773771696191392,0.0,0.0,0.38399651263570983
perm_xmpp.permission.ACCESS_API,0,0.09395832337878078,0.14877720858404592,460.0,174.3920869764451,"pearson_r, mutual_information, entropy_reduction_ratio",0.0,0.08579510425819407,0.0,0.0,0.38399651263570983
perm_com.google.android.googleapps.permission.GOOGLE_AUTH.mail,0,0.09392152892940363,0.14877924563490735,460.2,174.0113789382752,"pearson_r, mutual_information, entropy_reduction_ratio",0.0,0.08561113201130834,0.0,0.0,0.38399651263570983
perm_com.sonyericsson.home.permission.BROADCAST_BADGE,0,0.09374887556618447,0.14493404092525217,282.2,298.00496640156854,"pearson_r, mutual_information, entropy_reduction_ratio",0.000675311332919998,0.0929879270589746,0.0002590880102040816,0.00022051236656804653,0.3746015390622557
intent_com.mobiletool.appstore.browser.highspeed,0,0.09351926023753063,0.14880388851467669,460.4,173.63075764391516,"pearson_r, mutual_information, entropy_reduction_ratio",0.0,0.08359978855194336,0.0,0.0,0.38399651263570983
perm_com.ebproductions.android.launcher.permission.READ_SETTINGS,0,0.09322108574958117,0.1488249587131491,461.2,172.1091514127009,"pearson_r, mutual_information, entropy_reduction_ratio",0.0,0.08210891611219602,0.0,0.0,0.38399651263570983
perm_net.qihoo.launcher.permission.READ_SETTINGS,0,0.09312285322499791,0.1488324228366932,461.4,171.72897251192063,"pearson_r, mutual_information, entropy_reduction_ratio",0.0,0.08161775348927974,0.0,0.0,0.38399651263570983
perm_android.permission.SAMSUNG_TUNTAP,0,0.09301511646644356,0.14884090687906182,461.6,171.34888385980224,"pearson_r, mutual_information, entropy_reduction_ratio",0.0,0.081079069696508,0.0,0.0,0.38399651263570983
intent_safiap.framework.ACTION_CANCEL_NOTIFICATION,0,0.09300654737602285,0.14884159504798003,461.8,170.9688860582533,"pearson_r, mutual_information, entropy_reduction_ratio",0.0,0.08103622424440443,0.0,0.0,0.38399651263570983
intent_com.qihoo.appstore.LitePluginDownload,0,0.09289301109587325,0.148850898923371,462.0,170.58897971440007,"pearson_r, mutual_information, entropy_reduction_ratio",0.0,0.08046854284365637,0.0,0.0,0.38399651263570983
perm_android.permission.TRANSMIT_IR,0,0.09284069170454531,0.14885530269628797,462.2,170.20916544064247,"pearson_r, mutual_information, entropy_reduction_ratio",0.0,0.08020694588701671,0.0,0.0,0.38399651263570983
perm_android.permission.READ_SOCIAL_STREAM,0,0.09280925483499261,0.14885798408130158,462.4,169.82944385470972,"pearson_r, mutual_information, entropy_reduction_ratio",0.0,0.08004976153925326,0.0,0.0,0.38399651263570983
perm_android.permission.SUBSCRIBED_FEEDS_READ,0,0.09270722596802401,0.14886686917375513,462.8,169.07028124422104,"pearson_r, mutual_information, entropy_reduction_ratio",0.0,0.0795396172044102,0.0,0.0,0.38399651263570983
perm_com.samsung.android.scloud.backup.lib.read,0,0.09231225481711786,0.14890389651588104,463.0,168.69084148228083,"pearson_r, mutual_information, entropy_reduction_ratio",0.0,0.07756476144987945,0.0,0.0,0.38399651263570983
intent_android.intent.action.ERROR_NOTIFY,0,0.09225510671627174,0.1489096002402474,463.6,167.55309606211398,"pearson_r, mutual_information, entropy_reduction_ratio",0.0,0.07727902094564887,0.0,0.0,0.38399651263570983
perm_com.miui.mihome2.permission.READ_SETTINGS,0,0.09214954947426804,0.1489203655705141,463.8,167.17404104704772,"pearson_r, mutual_information, entropy_reduction_ratio",0.0,0.07675123473563036,0.0,0.0,0.38399651263570983
perm_android.permission.RUN_INSTRUMENTATION,0,0.09214581184367464,0.14892075222734943,464.0,166.79508386040638,"pearson_r, mutual_information, entropy_reduction_ratio",0.0,0.07673254658266336,0.0,0.0,0.38399651263570983
perm_com.google.android.googleapps.permission.GOOGLE_AUTH.android,0,0.09181548110681702,0.14895640257499695,464.4,166.0374656515812,"pearson_r, mutual_information, entropy_reduction_ratio",0.0,0.07508089289837527,0.0,0.0,0.38399651263570983
intent_android.intent.action.CONFIGURATION_CHANGED,0,0.09180050258116011,0.14895808834845845,464.8,165.28024685363945,"pearson_r, mutual_information, entropy_reduction_ratio",0.0,0.07500600027009073,0.0,0.0,0.38399651263570983
intent_com.baidu.action.Xshield.VIEW,0,0.0917161206904991,0.1489676974023445,465.0,164.90178895330396,"pearson_r, mutual_information, entropy_reduction_ratio",0.0,0.0745840908167857,0.0,0.0,0.38399651263570983
perm_cn.nubia.launcher.permission.READ_SETTINGS,0,0.09145221322310079,0.1489989798595702,465.4,164.14517964290027,"pearson_r, mutual_information, entropy_reduction_ratio",0.0,0.07326455347979417,0.0,0.0,0.38399651263570983
intent_android.intent.action.SEND_MULTIPLE,0,0.09122591117213942,0.14332937866877196,274.4,314.88464554499956,"pearson_r, mutual_information, entropy_reduction_ratio",0.001351981450319001,0.0831208022613052,0.0005181760204081632,0.0004419157071493641,0.3706966804215154
perm_com.android.launcher.permission.WRITE_SETTINGS,0,0.09117402549980683,0.14903397169820792,465.6,163.76702964882767,"pearson_r, mutual_information, entropy_reduction_ratio",0.0,0.07187361486332434,0.0,0.0,0.38399651263570983
intent_android.intent.action.PACKAGE_FULLY_REMOVED,0,0.09115532500212559,0.14333343970056997,274.6,314.79380552990557,"pearson_r, mutual_information, entropy_reduction_ratio",0.001351981450319001,0.08276787141123604,0.0005181760204081632,0.0004419157071493641,0.3706966804215154
intent_safiap.framework.ACTION_CHECK_UPDATE,0,0.09114282906716567,0.14903802474849365,465.8,163.38898371677325,"pearson_r, mutual_information, entropy_reduction_ratio",0.0,0.07171763270011854,0.0,0.0,0.38399651263570983
perm_com.samsung.svoice.sync.WRITE_DATABASE,0,0.09112999423029375,0.1490396998061856,466.0,163.01104257074118,"pearson_r, mutual_information, entropy_reduction_ratio",0.0,0.07165345851575887,0.0,0.0,0.38399651263570983
intent_com.kingroot.kinguser.service.IKingrootAppList,0,0.09093397050963736,0.14906582957038367,466.4,162.2554775654739,"pearson_r, mutual_information, entropy_reduction_ratio",0.0,0.07067333991247698,0.0,0.0,0.38399651263570983
perm_android.permission.WRITE_APN_SETTING,0,0.09087060497471736,0.14907449566462383,466.6,161.87785518717502,"pearson_r, mutual_information, entropy_reduction_ratio",0.0,0.07035651223787694,0.0,0.0,0.38399651263570983
perm_com.miui.mihome2.permission.WRITE_SETTINGS,0,0.09082601845090135,0.14908065774493726,466.8,161.50034055691646,"pearson_r, mutual_information, entropy_reduction_ratio",0.0,0.07013357961879688,0.0,0.0,0.38399651263570983
intent_android.intent.action.ACTION_POWER_DISCONNECTED,0,0.09060025317265993,0.14337021529508456,276.4,313.99799362416314,"pearson_r, mutual_information, entropy_reduction_ratio",0.001351981450319001,0.07999251226390777,0.0005181760204081632,0.0004419157071493641,0.3706966804215154
perm_android.permission.DIAGNOSTIC,0,0.0905940234425469,0.14911357713313092,467.2,160.74563757688728,"pearson_r, mutual_information, entropy_reduction_ratio",0.0,0.06897360457702464,0.0,0.0,0.38399651263570983
intent_com.cootek.smartinputv5.action.SP.DESTROY,0,0.09046384409902178,0.14913267829672144,467.4,160.36845076261105,"pearson_r, mutual_information, entropy_reduction_ratio",0.0,0.06832270785939906,0.0,0.0,0.38399651263570983
intent_show_lock,0,0.09041659157531187,0.14913972346859053,467.6,159.99137476751676,"pearson_r, mutual_information, entropy_reduction_ratio",0.0,0.06808644524084956,0.0,0.0,0.38399651263570983
intent_com.chance.service,0,0.09018175922458517,0.14917561926377593,468.0,159.23755838369289,"pearson_r, mutual_information, entropy_reduction_ratio",0.0,0.06691228348721602,0.0,0.0,0.38399651263570983
intent_safiap.framework.ACTION_TO_INSTALL_IAP,0,0.0901811941387588,0.1491757074141436,468.2,158.86081958746152,"pearson_r, mutual_information, entropy_reduction_ratio",0.0,0.06690945805808421,0.0,0.0,0.38399651263570983
intent_safiap.framework.ACTION_NETWORK_ERROR,0,0.09017289195651457,0.14917700349116567,468.4,158.48419479556944,"pearson_r, mutual_information, entropy_reduction_ratio",0.0,0.066867947146863,0.0,0.0,0.38399651263570983
suspicious_getWifiState,0,0.09011200060942078,0.1434096604465637,277.0,313.7414540668797,"pearson_r, mutual_information, entropy_reduction_ratio",0.001351981450319001,0.07755124944771197,0.0005181760204081632,0.0004419157071493641,0.3706966804215154
intent_com.qihoo360.daemon.pcdaemon.ACTION_START_OPERATE_AUTHOR,0,0.09005571515509272,0.1491954921905975,468.8,157.73129049113876,"pearson_r, mutual_information, entropy_reduction_ratio",0.0,0.06628206313975374,0.0,0.0,0.38399651263570983
intent_com.sogou.androidtool.action.wap,0,0.08997877187803245,0.14920783161903292,469.0,157.35501263067536,"pearson_r, mutual_information, entropy_reduction_ratio",0.0,0.0658973467544524,0.0,0.0,0.38399651263570983
perm_com.samsung.android.providers.context.permission.READ_RECORD_AUDIO,0,0.08997499643942303,0.14920844114645052,469.2,156.9788520788708,"pearson_r, mutual_information, entropy_reduction_ratio",0.0,0.06587846956140532,0.0,0.0,0.38399651263570983
perm_android.permission.ACCESS_DOWNLOAD_MANAGER_ADVANCED,0,0.08987597298443978,0.1492245635765823,469.4,156.60280968105263,"pearson_r, mutual_information, entropy_reduction_ratio",0.0,0.06538335228648907,0.0,0.0,0.38399651263570983
intent_com.excelliance.appmate.platform.gameservice.PlatService,0,0.08974084199739293,0.14924698603381126,469.6,156.22688629042054,"pearson_r, mutual_information, entropy_reduction_ratio",0.0,0.06470769735125483,0.0,0.0,0.38399651263570983
perm_com.meizu.c2dm.permission.RECEIVE,0,0.08964302454957795,0.14926352022456515,469.8,155.85108276813477,"pearson_r, mutual_information, entropy_reduction_ratio",0.0,0.06421861011217991,0.0,0.0,0.38399651263570983
intent_com.qihoo.appstore.gameunion.DOWNLOAD_SLIENT,0,0.08963239647721873,0.14926533203220876,470.0,155.47539998340574,"pearson_r, mutual_information, entropy_reduction_ratio",0.0,0.06416546975038376,0.0,0.0,0.38399651263570983
intent_android.intent.action.SIM_STATE_CHANGED,0,0.08962557902097672,0.14926649581173101,470.2,155.09983881358485,"pearson_r, mutual_information, entropy_reduction_ratio",0.0,0.06413138246917376,0.0,0.0,0.38399651263570983
intent_com.kingroot.kinguser.ACTION_MAIN_START_CHECK,0,0.08959013018427218,0.14927256706312306,470.4,154.7244001442565,"pearson_r, mutual_information, entropy_reduction_ratio",0.0,0.06395413828565112,0.0,0.0,0.38399651263570983
intent_android.net.conn.CONNECTIVITY_CHANGE,0,0.08945904572145799,0.12860071895299918,247.6,362.299102952243,"pearson_r, mutual_information, entropy_reduction_ratio",0.014474374200375334,0.08250095240127871,0.005440848214285715,0.0048253411502540595,0.3400537126410962
intent_androidx.work.impl.background.systemalarm.UpdateProxies,0,0.08943287014273853,0.14347556014791668,279.0,312.918040387575,"pearson_r, mutual_information, entropy_reduction_ratio",0.001351981450319001,0.07415559711430073,0.0005181760204081632,0.0004419157071493641,0.3706966804215154
intent_android.intent.action.BOOT_COMPLETED,0,0.08942959857806106,0.10274251423451378,253.6,370.4538297817961,"pearson_r, entropy_reduction_ratio, mutual_information",0.05882874622320095,0.054206353724459054,0.02072704081632653,0.020983162004809545,0.29240269012150916
perm_android.permission.MANAGE_ACCOUNTS,0,0.0894135555428027,0.14521588800246119,290.4,293.90991817221817,"pearson_r, mutual_information, entropy_reduction_ratio",0.000675311332919998,0.07131132694206566,0.0002590880102040816,0.00022051236656804653,0.3746015390622557
intent_android.settings.SYNC_SETTINGS,0,0.08935237863903588,0.14931414994627518,470.8,153.97389389113988,"pearson_r, mutual_information, entropy_reduction_ratio",0.0,0.06276538055946956,0.0,0.0,0.38399651263570983
intent_com.excelliance.kxqp.action.GENERIC,0,0.08931538152827731,0.14932075586986873,471.0,153.59882812052962,"pearson_r, mutual_information, entropy_reduction_ratio",0.0,0.06258039500567672,0.0,0.0,0.38399651263570983
intent_com.igexin.sdk.action.user.message,0,0.08920428638478552,0.14934081075312444,471.2,153.2238884769604,"pearson_r, mutual_information, entropy_reduction_ratio",0.0,0.062024919288217725,0.0,0.0,0.38399651263570983
intent_com.yandex.metrica.IMetricaService,0,0.08902801614617828,0.14526598684975545,291.2,293.55640003242985,"pearson_r, mutual_information, entropy_reduction_ratio",0.000675311332919998,0.06938362995894361,0.0002590880102040816,0.00022051236656804653,0.3746015390622557
intent_com.qihoo.commonreceiver.CLEARED,0,0.0889382309945804,0.1493901714722892,471.6,152.47439129243966,"pearson_r, mutual_information, entropy_reduction_ratio",0.0,0.060694642337192184,0.0,0.0,0.38399651263570983
perm_com.android.launcher2.permission.READ_SETTINGS,0,0.08887644045913354,0.14940190419714608,471.8,152.0998356343622,"pearson_r, mutual_information, entropy_reduction_ratio",0.0,0.06038568965995785,0.0,0.0,0.38399651263570983
perm_android.permission.READ_CONTACTS,0,0.08877746519424409,0.13728056656713644,260.0,342.7144584052444,"pearson_r, mutual_information, entropy_reduction_ratio",0.005440845793724912,0.07734927758761756,0.0020727040816326528,0.0017893518780247896,0.35723514663022055
intent_com.urbanairship.push.CHANNEL_UPDATED,0,0.08873962083370486,0.14942824379573585,472.0,151.72540986927666,"pearson_r, mutual_information, entropy_reduction_ratio",0.0,0.059701591532814464,0.0,0.0,0.38399651263570983
intent_com.google.vr.vrcore.ACTION_NONE,0,0.08862327578405016,0.13729374809329137,260.8,342.44964593352995,"pearson_r, mutual_information, entropy_reduction_ratio",0.005440845793724912,0.07657833053664792,0.0020727040816326528,0.0017893518780247896,0.35723514663022055
perm_telecom.mdesk.permission.WRITE_SETTINGS,0,0.08847760921097383,0.14948006973036815,472.2,151.35111496120535,"pearson_r, mutual_information, entropy_reduction_ratio",0.0,0.05839153341915936,0.0,0.0,0.38399651263570983
perm_android.permission.BATTERY_STATS,0,0.08842206207598001,0.14535295954437075,292.8,292.8743075109184,"pearson_r, mutual_information, entropy_reduction_ratio",0.000675311332919998,0.06635385960795227,0.0002590880102040816,0.00022051236656804653,0.3746015390622557
intent_com.tencent.android.tpush.action.INTERNAL_PUSH_MESSAGE,0,0.08838414064934927,0.14949899797838834,472.6,150.60292161840684,"pearson_r, mutual_information, entropy_reduction_ratio",0.0,0.05792419061103648,0.0,0.0,0.38399651263570983
perm_com.google.android.googleapps.permission.GOOGLE_AUTH.YouTubeUser,0,0.08820847212789829,0.1495351983415051,473.0,149.85526350448956,"pearson_r, mutual_information, entropy_reduction_ratio",0.0,0.057045848003781575,0.0,0.0,0.38399651263570983
perm_com.google.android.googleapps.permission.GOOGLE_AUTH.adsense,0,0.08811080886838468,0.14955567719874838,473.2,149.4816376683103,"pearson_r, mutual_information, entropy_reduction_ratio",0.0,0.05655753170621356,0.0,0.0,0.38399651263570983
intent_com.qihoo.appstore.download,0,0.08808533813336242,0.14956105959685148,473.4,149.108148670688,"pearson_r, mutual_information, entropy_reduction_ratio",0.0,0.05643017803110223,0.0,0.0,0.38399651263570983
intent_com.umeng.message.message.handler.action,0,0.08800182869386666,0.14957882688533652,473.6,148.73479754247154,"pearson_r, mutual_information, entropy_reduction_ratio",0.0,0.056012630833623483,0.0,0.0,0.38399651263570983
intent_com.excelliance.dualaid.action.ext,0,0.08772294968661429,0.14963949604927287,473.8,148.36158532450375,"pearson_r, mutual_information, entropy_reduction_ratio",0.0,0.05461823579736162,0.0,0.0,0.38399651263570983
intent_com.yuetu.shentu.Intent.WECHAT_PAY,0,0.08766742416640112,0.14965182064757632,474.0,147.98851306773778,"pearson_r, mutual_information, entropy_reduction_ratio",0.0,0.05434060819629575,0.0,0.0,0.38399651263570983
perm_android.permission.MODIFY_PHONE_STATE,0,0.08766370543360666,0.1496526489758775,474.2,147.61558183335524,"pearson_r, mutual_information, entropy_reduction_ratio",0.0,0.05432201453232342,0.0,0.0,0.38399651263570983
intent_com.huawei.android.push.intent.RECEIVE,0,0.0876090670011829,0.14966486148184815,474.6,146.87014672832598,"pearson_r, mutual_information, entropy_reduction_ratio",0.0,0.054048822370204704,0.0,0.0,0.38399651263570983
perm_com.google.android.googleapps.permission.GOOGLE_AUTH.groups2,0,0.08752347220344778,0.1496841515757786,475.0,146.12528870801248,"pearson_r, mutual_information, entropy_reduction_ratio",0.0,0.0536208483815291,0.0,0.0,0.38399651263570983
perm_com.sonyericsson.home.READ_SETTINGS,0,0.0875068261770966,0.1496879254624783,475.2,145.75307886971035,"pearson_r, mutual_information, entropy_reduction_ratio",0.0,0.05353761824977318,0.0,0.0,0.38399651263570983
intent_com.qihoo.appstore.accessibility.ALERT,0,0.08745508765936386,0.14969970196927834,475.4,145.3810166424764,"pearson_r, mutual_information, entropy_reduction_ratio",0.0,0.05327892566110946,0.0,0.0,0.38399651263570983
perm_net.qihoo.launcher.permission.WRITE_SETTINGS,0,0.0873255027207079,0.14972950734717638,475.6,145.00910316252566,"pearson_r, mutual_information, entropy_reduction_ratio",0.0,0.052631000967829605,0.0,0.0,0.38399651263570983
perm_com.meizu.flyme.launcher.permission.READ_SETTINGS,0,0.08724504005736451,0.1497482370227367,475.8,144.63733957730278,"pearson_r, mutual_information, entropy_reduction_ratio",0.0,0.05222868765111273,0.0,0.0,0.38399651263570983
intent_com.qihoo.appstore.plugin.battery.setPowerRankConfig,0,0.08713334749558366,0.1497745189427765,476.0,144.26572704561536,"pearson_r, mutual_information, entropy_reduction_ratio",0.0,0.05167022484220846,0.0,0.0,0.38399651263570983
intent_com.qihoo.appstore.videomini,0,0.0871254184364885,0.14977639718730873,476.2,143.89426673776825,"pearson_r, mutual_information, entropy_reduction_ratio",0.0,0.05163057954673266,0.0,0.0,0.38399651263570983
intent_com.mobiletool.appstore.action.backtomarket,0,0.08705352271890678,0.14979350347799514,476.4,143.52295983570016,"pearson_r, mutual_information, entropy_reduction_ratio",0.0,0.05127110095882405,0.0,0.0,0.38399651263570983
intent_android.intent.action.MEDIA_REMOVED,0,0.08685800980471108,0.14984071021094766,476.8,142.78081103565702,"pearson_r, mutual_information, entropy_reduction_ratio",0.0,0.050293536387845554,0.0,0.0,0.38399651263570983
intent_com.telecom.sdk_auth_ui.SMS_SEND_ACTIOIN,0,0.08683509445156053,0.14984630897228352,477.0,142.40997156098305,"pearson_r, mutual_information, entropy_reduction_ratio",0.0,0.05017895962209278,0.0,0.0,0.38399651263570983
intent_com.evernote.android.job.ADD_JOB_CREATOR,0,0.08673138732854625,0.1498718196922106,477.2,142.03929033897626,"pearson_r, mutual_information, entropy_reduction_ratio",0.0,0.049660424007021406,0.0,0.0,0.38399651263570983
intent_com.kingroot.common.ACTION_NOTIFY_OUT_SELF_APP_BY_MAIN,0,0.08670242148188448,0.14987899545171074,477.4,141.66876861185744,"pearson_r, mutual_information, entropy_reduction_ratio",0.0,0.049515594773712555,0.0,0.0,0.38399651263570983
intent_com.qihoo.appstore.launcher.shortcut.GAMEUNION,0,0.08669498033651662,0.14988084241911345,477.6,141.29840763433958,"pearson_r, mutual_information, entropy_reduction_ratio",0.0,0.049478389046873274,0.0,0.0,0.38399651263570983
intent_com.google.Ps.Download,0,0.08667176274962375,0.14988661461042055,477.8,140.9282086737783,"pearson_r, mutual_information, entropy_reduction_ratio",0.0,0.04936230111240889,0.0,0.0,0.38399651263570983
perm_android.permission.RECORD_AUDIO,0,0.08665601711303036,0.12720965035500473,252.2,364.2402503842759,"pearson_r, mutual_information, entropy_reduction_ratio",0.01659395071435168,0.0680464204452729,0.006218112244897958,0.005549722431857876,0.3368718797287714
intent_android.intent.action.ACTION_BOOT_COMPLETED,0,0.08645238596004721,0.1499418534095986,478.0,140.55817301032337,"pearson_r, mutual_information, entropy_reduction_ratio",0.0,0.04826541716452625,0.0,0.0,0.38399651263570983
intent_android.intent.action.SEND_TO_KPSH,0,0.08638627086911106,0.14995874885632893,478.2,140.1883019370732,"pearson_r, mutual_information, entropy_reduction_ratio",0.0,0.047934841709845445,0.0,0.0,0.38399651263570983
intent_com.kingroot.master.action.TRAFFIC_STATISTICS,0,0.08637326755583877,0.1499620852977792,478.4,139.81859676023072,"pearson_r, mutual_information, entropy_reduction_ratio",0.0,0.04786982514348403,0.0,0.0,0.38399651263570983
perm_com.mediatek.launcherplus.permission.READ_SETTINGS,0,0.0862737214870598,0.14998777415906558,478.6,139.44905879926188,"pearson_r, mutual_information, entropy_reduction_ratio",0.0,0.04737209479958919,0.0,0.0,0.38399651263570983
intent_com.areametrics.areametricssdk.AMLocationUpdatesBroadcastReceiver.PROCESS_UPDATES,0,0.08624825190761488,0.14999438858881245,478.8,139.0796893870561,"pearson_r, mutual_information, entropy_reduction_ratio",0.0,0.047244746902364576,0.0,0.0,0.38399651263570983
perm_android.permission.WRITE_CALENDAR,0,0.08623686087088313,0.14395744813422023,286.2,310.36278771785766,"pearson_r, mutual_information, entropy_reduction_ratio",0.001351981450319001,0.05817555075502371,0.0005181760204081632,0.0004419157071493641,0.3706966804215154
intent_com.excelliance.dualaid.b64.action.update.done,0,0.08615810064159825,0.15001793742031436,479.0,138.71048987008876,"pearson_r, mutual_information, entropy_reduction_ratio",0.0,0.046793990572281396,0.0,0.0,0.38399651263570983
perm_android.permission.LOCAL_MAC_ADDRESS,0,0.08611589106985167,0.1500290363859395,479.2,138.34146160858646,"pearson_r, mutual_information, entropy_reduction_ratio",0.0,0.046582942713548486,0.0,0.0,0.38399651263570983
intent_com.qihoo.appstore.ACTION_CHECK_PHOTOS,0,0.08609984835035181,0.15003326704558534,479.4,137.97260597669379,"pearson_r, mutual_information, entropy_reduction_ratio",0.0,0.046502729116049246,0.0,0.0,0.38399651263570983
intent_android.service.notification.NotificationListenerService,0,0.08603385660714374,0.14034452537150696,272.2,332.8479532759665,"pearson_r, mutual_information, entropy_reduction_ratio",0.0033901994659210205,0.06146810782889097,0.001295440051020408,0.0011115318240483834,0.36290400386583793
intent_com.qihoo.commonservice.SERVICE,0,0.0860226305353195,0.15005372463485686,479.6,137.60392436264308,"pearson_r, mutual_information, entropy_reduction_ratio",0.0,0.04611664004088766,0.0,0.0,0.38399651263570983
intent_android.app.action.DEVICE_ADMIN_ENABLED,0,0.0859398688110306,0.1458138644608155,299.0,290.5491352594256,"pearson_r, mutual_information, entropy_reduction_ratio",0.000675311332919998,0.05394289328320522,0.0002590880102040816,0.00022051236656804653,0.3746015390622557
intent_com.qihoo.appstore.utils.ActivityBroadcastReceiver.ACTION_INTENT_TRANSFER,0,0.08590952895367718,0.15008397084948272,479.8,137.23541816892606,"pearson_r, mutual_information, entropy_reduction_ratio",0.0,0.045551132132676045,0.0,0.0,0.38399651263570983
perm_org.adw.launcher.permission.WRITE_SETTINGS,0,0.08583123558927194,0.15010510455907305,480.0,136.86708881246798,"pearson_r, mutual_information, entropy_reduction_ratio",0.0,0.045159665310649875,0.0,0.0,0.38399651263570983
perm_com.xgbuy.xg.permission.JPUSH_MESSAGE,0,0.0858102586535896,0.15011079409771053,480.2,136.4989377248043,"pearson_r, mutual_information, entropy_reduction_ratio",0.0,0.04505478063223819,0.0,0.0,0.38399651263570983
perm_android.permission.REORDER_TASKS,0,0.0854183329103958,0.1415248541359149,276.0,328.03231548126473,"pearson_r, mutual_information, entropy_reduction_ratio",0.0027094199878460352,0.05730864886188814,0.0010363520408163264,0.0008874169443882473,0.36514982671704027
intent_com.qihoo.appstore.ACTION_NORMAL_INSTALL_ERROR,0,0.08536332601724526,0.1502347476659314,480.6,135.7631761561286,"pearson_r, mutual_information, entropy_reduction_ratio",0.0,0.0428201174505165,0.0,0.0,0.38399651263570983
intent_qcast.service.Link_service,0,0.08533210650533042,0.15024360106603962,480.8,135.39556861286118,"pearson_r, mutual_information, entropy_reduction_ratio",0.0,0.04266401989094224,0.0,0.0,0.38399651263570983
perm_com.qiku.android.launcher3.permission.READ_UNREAD,0,0.08511625221511696,0.15030550958860925,481.2,134.66090746760918,"pearson_r, mutual_information, entropy_reduction_ratio",0.0,0.04158474843987495,0.0,0.0,0.38399651263570983
intent_com.qihoo.appstore.batteryrank.POWERPERCENT,0,0.08506102339641915,0.15032154469882372,481.4,134.29385689598763,"pearson_r, mutual_information, entropy_reduction_ratio",0.0,0.041308604346385884,0.0,0.0,0.38399651263570983
intent_com.qihoo.appstore.stable_notification_broadcast,0,0.08501534287827237,0.15033486759173395,481.6,133.9269950383417,"pearson_r, mutual_information, entropy_reduction_ratio",0.0,0.041080201755652045,0.0,0.0,0.38399651263570983
intent_com.mobiletool.appstore.service.weathernotifyreceiver,0,0.0849802221943757,0.1503451476173427,481.8,133.5603234497431,"pearson_r, mutual_information, entropy_reduction_ratio",0.0,0.040904598336168684,0.0,0.0,0.38399651263570983
intent_com.lge.launcher2.THEME,0,0.08492998235110798,0.15035990892893325,482.0,133.19384370157653,"pearson_r, mutual_information, entropy_reduction_ratio",0.0,0.040653399119830055,0.0,0.0,0.38399651263570983
intent_co.ronash.pushe.ACTION_TASK_READY,0,0.08492232369138386,0.15036216494286986,482.2,132.8275573817421,"pearson_r, mutual_information, entropy_reduction_ratio",0.0,0.04061510582120947,0.0,0.0,0.38399651263570983
perm_com.android.agedlauncher.permission.READ_SETTINGS,0,0.08490547975131273,0.15036713203830523,482.4,132.46146609486095,"pearson_r, mutual_information, entropy_reduction_ratio",0.0,0.0405308861208538,0.0,0.0,0.38399651263570983
perm_com.google.android.googleapps.permission.GOOGLE_AUTH.knol,0,0.08490370215619011,0.1503676566625513,482.6,132.09557146248318,"pearson_r, mutual_information, entropy_reduction_ratio",0.0,0.04052199814524069,0.0,0.0,0.38399651263570983
intent_com.mobiletool.appstore.action.main,0,0.08484026536781078,0.1503864326746994,482.8,131.7298751232992,"pearson_r, mutual_information, entropy_reduction_ratio",0.0,0.040204814203344104,0.0,0.0,0.38399651263570983
intent_cn.jpush.android.intent.NOTIFICATION_CLICK_ACTION,0,0.08480275031242272,0.15039758563549094,483.0,131.36437873335373,"pearson_r, mutual_information, entropy_reduction_ratio",0.0,0.04001723892640382,0.0,0.0,0.38399651263570983
intent_cn.jpush.android.intent.REPORT,0,0.0847608338858509,0.15041009038668612,483.2,130.99908396626293,"pearson_r, mutual_information, entropy_reduction_ratio",0.0,0.03980765679354464,0.0,0.0,0.38399651263570983
intent_com.qihoo.appstore.battery.POWER_RANK_START,0,0.08469177191100222,0.15043079298710088,483.4,130.63399251343426,"pearson_r, mutual_information, entropy_reduction_ratio",0.0,0.039462346919301235,0.0,0.0,0.38399651263570983
perm_com.oppo.launcher.permission.WRITE_SETTINGS,0,0.0846745928494114,0.15043596198171477,483.6,130.26910608428997,"pearson_r, mutual_information, entropy_reduction_ratio",0.0,0.039376451611347195,0.0,0.0,0.38399651263570983
perm_com.huawei.launcher3.permission.READ_SETTINGS,0,0.08465459933590408,0.1504419874713295,483.8,129.90442640649317,"pearson_r, mutual_information, entropy_reduction_ratio",0.0,0.039276484043810574,0.0,0.0,0.38399651263570983
perm_com.sec.android.permission.VOIP_INTERFACE,0,0.08458269519821611,0.15046374321956668,484.0,129.53995522617723,"pearson_r, mutual_information, entropy_reduction_ratio",0.0,0.03891696335537069,0.0,0.0,0.38399651263570983
intent_com.qihoo.appstore.NOTIFY_DELETE,0,0.0845421693277756,0.15047606414341408,484.2,129.17569430817858,"pearson_r, mutual_information, entropy_reduction_ratio",0.0,0.03871433400316813,0.0,0.0,0.38399651263570983
perm_android.permission.WRITE_APN_STORAGE,0,0.08452144506046541,0.15048238134310912,484.4,128.81164543627256,"pearson_r, mutual_information, entropy_reduction_ratio",0.0,0.03861071266661727,0.0,0.0,0.38399651263570983
intent_com.esbook.receiver.CLICK_DOWN_BOOK,0,0.0845213387459141,0.15048241377880658,484.6,128.44781041341267,"pearson_r, mutual_information, entropy_reduction_ratio",0.0,0.03861018109386068,0.0,0.0,0.38399651263570983
intent_com.baidu.android.pushservice.action.notification.SHOW,0,0.08438234216841149,0.15052507141488364,484.8,128.08419106197297,"pearson_r, mutual_information, entropy_reduction_ratio",0.0,0.037915198206347644,0.0,0.0,0.38399651263570983
intent_com.baidu.android.pushservice.action.METHOD,0,0.08436452830557008,0.15053057467653874,485.0,127.72078922399439,"pearson_r, mutual_information, entropy_reduction_ratio",0.0,0.037826128892140536,0.0,0.0,0.38399651263570983
perm_com.asus.email.permission.ACCESS_PROVIDER,0,0.08431707835632965,0.15054527361501432,485.2,127.35760676143377,"pearson_r, mutual_information, entropy_reduction_ratio",0.0,0.03758887914593845,0.0,0.0,0.38399651263570983
intent_com.excelliance.dualaid.action.downloadcomp,0,0.08430328755287514,0.15054955664958553,485.4,126.99464555641705,"pearson_r, mutual_information, entropy_reduction_ratio",0.0,0.03751992512866587,0.0,0.0,0.38399651263570983
perm_android.permission.WRITE_CALL_LOG,0,0.08417515019052345,0.15058958821063043,485.8,126.26939454990668,"pearson_r, mutual_information, entropy_reduction_ratio",0.0,0.03687923831690744,0.0,0.0,0.38399651263570983
intent_com.qihoo.appstore.ACTION_LOCK_SCREEN_AD_STATE_CHANGE,0,0.08412039397931545,0.1506068244147574,486.0,125.90710861583631,"pearson_r, mutual_information, entropy_reduction_ratio",0.0,0.0366054572608674,0.0,0.0,0.38399651263570983
perm_org.simalliance.openmobileapi.SMARTCARD,0,0.08403298946330998,0.1506344985671909,486.4,125.18322571335187,"pearson_r, mutual_information, entropy_reduction_ratio",0.0,0.03616843468084008,0.0,0.0,0.38399651263570983
intent_com.excelliance.open.action.dmchk,0,0.08399070154755665,0.15064795881850088,486.6,124.82163274048293,"pearson_r, mutual_information, entropy_reduction_ratio",0.0,0.035956995102073425,0.0,0.0,0.38399651263570983
intent_com.gridappsinc.launcher.theme.apk_action,0,0.08393625215257204,0.15066535822025195,486.8,124.46027478677686,"pearson_r, mutual_information, entropy_reduction_ratio",0.0,0.03568474812715041,0.0,0.0,0.38399651263570983
intent_com.tencent.smtt.tbs.video.PLAY,0,0.08381525273821604,0.15070429834124735,487.2,123.73827217154762,"pearson_r, mutual_information, entropy_reduction_ratio",0.0,0.03507975105537036,0.0,0.0,0.38399651263570983
perm_com.bbk.launcher2.permission.WRITE_SETTINGS,0,0.08381196462670955,0.15070536180674568,487.4,123.37763168419146,"pearson_r, mutual_information, entropy_reduction_ratio",0.0,0.035063310497837896,0.0,0.0,0.38399651263570983
intent_com.mobutils.android.mediation.MaterialNotificationReceiver.ACTION_AD_EXPIRES,0,0.08379366857933661,0.1507112843540726,487.6,123.01723456491777,"pearson_r, mutual_information, entropy_reduction_ratio",0.0,0.034971830260973204,0.0,0.0,0.38399651263570983
intent_android.intent.action.NOTIFICATION_REMOVE,0,0.08379286509623177,0.15071154464499706,487.8,122.65708295895513,"pearson_r, mutual_information, entropy_reduction_ratio",0.0,0.034967812845449,0.0,0.0,0.38399651263570983
intent_com.baidu.android.pushservice.action.media.CLICK,0,0.08370737340084823,0.15073933526982625,488.2,121.9375249871835,"pearson_r, mutual_information, entropy_reduction_ratio",0.0,0.034540354368531305,0.0,0.0,0.38399651263570983
intent_com.excelliance.kxqp.action.swpmain,0,0.0836252129695493,0.1507662209047959,488.4,121.57812303206526,"pearson_r, mutual_information, entropy_reduction_ratio",0.0,0.03412955221203674,0.0,0.0,0.38399651263570983
intent_cn.uc.gamesdk.sdkweb,0,0.08356847836701892,0.15078488808383397,488.6,121.21897541226785,"pearson_r, mutual_information, entropy_reduction_ratio",0.0,0.03384587919938476,0.0,0.0,0.38399651263570983
perm_com.fede.launcher.permission.READ_SETTINGS,0,0.08351928242484245,0.1508011420899864,488.8,120.8600843951385,"pearson_r, mutual_information, entropy_reduction_ratio",0.0,0.03359989948850245,0.0,0.0,0.38399651263570983
intent_android.intent.action.USER_PRESENT,0,0.08349324850628018,0.1389823349792655,275.0,335.8984965729975,"pearson_r, mutual_information, entropy_reduction_ratio",0.004755906738236434,0.05034526475083365,0.001813616071428571,0.0015625067429792313,0.358988948227923
intent_com.qihoo.appstore.launcher.shortcut.GAME_RESERVATION,0,0.08339366542832623,0.15084292830646168,489.0,120.50145227340623,"pearson_r, mutual_information, entropy_reduction_ratio",0.0,0.032971814505921265,0.0,0.0,0.38399651263570983
intent_com.qihoo.appstore.ACTION_DAEMON_CORE_SERVICE,0,0.0833729694752552,0.15084985180595678,489.2,120.14308136551183,"pearson_r, mutual_information, entropy_reduction_ratio",0.0,0.03286833474056618,0.0,0.0,0.38399651263570983
intent_android.net.wifi.supplicant.CONNECTION_CHANGE,0,0.08320344997974478,0.15090697723338997,489.6,119.4271325955706,"pearson_r, mutual_information, entropy_reduction_ratio",0.0,0.032020737263014055,0.0,0.0,0.38399651263570983
intent_com.excelliance.dualaid.action.process.64,0,0.0831846440058436,0.15091336015706686,489.8,119.06955950199867,"pearson_r, mutual_information, entropy_reduction_ratio",0.0,0.031926707393508225,0.0,0.0,0.38399651263570983
perm_android.permission.MODE_WORLD_READABLE,0,0.08316321120498107,0.15092064575018374,490.0,118.71225715990747,"pearson_r, mutual_information, entropy_reduction_ratio",0.0,0.031819543389195494,0.0,0.0,0.38399651263570983
intent_com.baidu.action.Techain.VIEW,0,0.08315584573761502,0.150923152202942,490.2,118.3552280214102,"pearson_r, mutual_information, entropy_reduction_ratio",0.0,0.031782716052365274,0.0,0.0,0.38399651263570983
intent_com.yuetu.shentu.Intent.WECHAT_SHARE,0,0.08311293245407417,0.15093778326328083,490.4,117.99847456641123,"pearson_r, mutual_information, entropy_reduction_ratio",0.0,0.03156814963466097,0.0,0.0,0.38399651263570983
perm_android.permission.SET_TIME_ZONE,0,0.08305524305487759,0.15095752682064384,490.6,117.64199930297002,"pearson_r, mutual_information, entropy_reduction_ratio",0.0,0.03127970263867814,0.0,0.0,0.38399651263570983
intent_,0,0.08300419836512693,0.15097506767291496,490.8,117.28580476766999,"pearson_r, mutual_information, entropy_reduction_ratio",0.0,0.031024479189924792,0.0,0.0,0.38399651263570983
intent_co.ronash.pushe.service.ScreenStateService,0,0.08288058627279335,0.15101782286316756,491.0,116.92989352599275,"pearson_r, mutual_information, entropy_reduction_ratio",0.0,0.0304064187282569,0.0,0.0,0.38399651263570983
perm_com.ztemt.launcher.permission.READ_SETTINGS,0,0.08283890693717914,0.15103232749275713,491.2,116.57426817269753,"pearson_r, mutual_information, entropy_reduction_ratio",0.0,0.030198022050185923,0.0,0.0,0.38399651263570983
perm_com.google.android.googleapps.permission.GOOGLE_AUTH.youtube,0,0.08283196753383332,0.15103474677426432,491.4,116.21893133220595,"pearson_r, mutual_information, entropy_reduction_ratio",0.0,0.030163325033456742,0.0,0.0,0.38399651263570983
intent_android.intent.action.PACKAGE_REMOVED,0,0.08267077056664754,0.142175760776216,283.6,326.43443445813125,"pearson_r, mutual_information, entropy_reduction_ratio",0.0027094199878460352,0.043570837143146815,0.0010363520408163264,0.0008874169443882473,0.36514982671704027
perm_com.htc.launcher.permission.WRITE_SETTINGS,0,0.0825835001861156,0.15112218418576936,491.8,115.50913383797837,"pearson_r, mutual_information, entropy_reduction_ratio",0.0,0.028920988294868194,0.0,0.0,0.38399651263570983
intent_com.excelliance.open.NEXT_CHAPTER,0,0.08257991665360657,0.15112345683961895,492.0,115.15467858493636,"pearson_r, mutual_information, entropy_reduction_ratio",0.0,0.028903070632323037,0.0,0.0,0.38399651263570983
intent_android.provider.Telephony.WAP_PUSH_DELIVER,0,0.08256310904848876,0.1511294302761786,492.2,114.8005226468939,"pearson_r, mutual_information, entropy_reduction_ratio",0.0,0.028819032606733956,0.0,0.0,0.38399651263570983
intent_LOCATION_SERVICE,0,0.0825455453917168,0.15113568015050177,492.4,114.44666880254749,"pearson_r, mutual_information, entropy_reduction_ratio",0.0,0.028731214322874166,0.0,0.0,0.38399651263570983
perm_android.permission.BROADCAST_PACKAGE_CHANGED,0,0.08253454414749062,0.15113959887422684,492.6,114.0931198626806,"pearson_r, mutual_information, entropy_reduction_ratio",0.0,0.02867620810174329,0.0,0.0,0.38399651263570983
intent_com.taobao.accs.intent.action.ELECTION,0,0.08241839589682862,0.1511811609049133,492.8,113.73987867058764,"pearson_r, mutual_information, entropy_reduction_ratio",0.0,0.02809546684843331,0.0,0.0,0.38399651263570983
intent_com.mobiletool.appstore.action.sdk,0,0.08241508240980663,0.15118235165889854,493.0,113.38694810250429,"pearson_r, mutual_information, entropy_reduction_ratio",0.0,0.0280788994133233,0.0,0.0,0.38399651263570983
perm_android.permission.REQUEST_INSTALL_PACKAGES,0,0.08239043859804313,0.14225393920367937,284.2,326.3381068769015,"pearson_r, mutual_information, entropy_reduction_ratio",0.0027094199878460352,0.042169177300124726,0.0010363520408163264,0.0008874169443882473,0.36514982671704027
intent_com.qihoo.appstore.ACTION_CHARGE_SHOW_TIPS_DLG,0,0.08228832354568774,0.15122811547469528,493.2,113.03433106804322,"pearson_r, mutual_information, entropy_reduction_ratio",0.0,0.027445105092728867,0.0,0.0,0.38399651263570983
intent_com.meizu.cloud.pushservice.action.PUSH_SERVICE_START,0,0.08221147737492461,0.1512560594291167,493.6,112.33004940798345,"pearson_r, mutual_information, entropy_reduction_ratio",0.0,0.027060874238913245,0.0,0.0,0.38399651263570983
intent_wifi.intent.action.SDK_RESULT,0,0.08214204994012511,0.1512814354919534,493.8,111.97839077250573,"pearson_r, mutual_information, entropy_reduction_ratio",0.0,0.026713737064915706,0.0,0.0,0.38399651263570983
perm_ACCESS_WIFI_STATE,0,0.08213834651825974,0.14684264975649056,312.2,287.32378947800333,"pearson_r, mutual_information, entropy_reduction_ratio",0.000675311332919998,0.034935281819350926,0.0002590880102040816,0.00022051236656804653,0.3746015390622557
perm_com.android.voicemail.permission.ADD_VOICEMAIL,0,0.08213421284056042,0.15128430772753657,494.0,111.6270576518077,"pearson_r, mutual_information, entropy_reduction_ratio",0.0,0.026674551567092305,0.0,0.0,0.38399651263570983
perm_com.android.launcher3.permission.WRITE_SETTINGS,0,0.08202322284286379,0.15132515314736125,494.2,111.27605312914363,"pearson_r, mutual_information, entropy_reduction_ratio",0.0,0.026119601578609087,0.0,0.0,0.38399651263570983
perm_org.adw.launcher_donut.permission.WRITE_SETTINGS,0,0.08192510036977083,0.1513615251320422,494.6,110.57504239203348,"pearson_r, mutual_information, entropy_reduction_ratio",0.0,0.02562898921314427,0.0,0.0,0.38399651263570983
perm_com.android.broswer.permission.WRITE_HISTORY_BOOKMARKS,0,0.08191665468512975,0.1513646672576493,494.8,110.22504252664184,"pearson_r, mutual_information, entropy_reduction_ratio",0.0,0.025586760789938958,0.0,0.0,0.38399651263570983
perm_com.xiaomi.sdk.permission.PAYMENT,0,0.08187473836306618,0.15138028869664555,495.0,109.8753839583735,"pearson_r, mutual_information, entropy_reduction_ratio",0.0,0.025377179179621085,0.0,0.0,0.38399651263570983
intent_com.amazon.device.messaging.intent.REGISTRATION,0,0.08178064299871254,0.15141551947691173,495.2,109.52606995596985,"pearson_r, mutual_information, entropy_reduction_ratio",0.0,0.02490670235785293,0.0,0.0,0.38399651263570983
perm_com.facebook.receiver.permission.ACCESS,0,0.08175040699120703,0.1514268882237227,495.4,109.17710382676397,"pearson_r, mutual_information, entropy_reduction_ratio",0.0,0.024755522320325317,0.0,0.0,0.38399651263570983
intent_android.intent.action.NEW_OUTGOING_CALL,0,0.08170065913345956,0.1469858851739848,313.6,287.12199497774463,"pearson_r, mutual_information, entropy_reduction_ratio",0.000675311332919998,0.03274684489534996,0.0002590880102040816,0.00022051236656804653,0.3746015390622557
intent_com.mobiletool.appstore.service.weatherservice,0,0.08158710901604317,0.15148869080085642,495.6,108.82848891719483,"pearson_r, mutual_information, entropy_reduction_ratio",0.0,0.023939032444506028,0.0,0.0,0.38399651263570983
intent_android.intent.action,0,0.08138591527798378,0.15156576862957263,496.0,108.132326341386,"pearson_r, mutual_information, entropy_reduction_ratio",0.0,0.022933063754209074,0.0,0.0,0.38399651263570983
intent_com.tencent.android.tpush.action.FEEDBACK,0,0.08136768245506826,0.1515728045231002,496.2,107.78478556827955,"pearson_r, mutual_information, entropy_reduction_ratio",0.0,0.022841899639631437,0.0,0.0,0.38399651263570983
intent_org.agoo.android.intent.action.RE_ELECTION_V2,0,0.08135175843117404,0.15157895637991461,496.4,107.43760980215448,"pearson_r, mutual_information, entropy_reduction_ratio",0.0,0.022762279520160376,0.0,0.0,0.38399651263570983
perm_com.huawei.launcher2.permission.WRITE_SETTINGS,0,0.08135094729958321,0.15157926991317205,496.6,107.0908025929398,"pearson_r, mutual_information, entropy_reduction_ratio",0.0,0.02275822386220621,0.0,0.0,0.38399651263570983
intent_com.excelliance.kxqp.platform.action.CRASH_REPORT,0,0.08134056657630341,0.1515832839337648,496.8,106.74436753290544,"pearson_r, mutual_information, entropy_reduction_ratio",0.0,0.0227063202458072,0.0,0.0,0.38399651263570983
intent_pushy.me,0,0.08133306152420758,0.1515861876939789,497.0,106.39830825722747,"pearson_r, mutual_information, entropy_reduction_ratio",0.0,0.022668794985328103,0.0,0.0,0.38399651263570983
suspicious_getSimCountryIso,0,0.08124887470368121,0.10236125764140953,356.7,412.4349160776764,"pearson_r, entropy_reduction_ratio, f_stat",0.07361378287050745,0.0,0.02539062499999999,0.0268639919977368,0.2803759736501618
intent_safiap.framework.ACTION_TO_UPDATE,0,0.08114031824927458,0.1516612514295686,497.2,106.0526284445605,"pearson_r, mutual_information, entropy_reduction_ratio",0.0,0.021705078610663082,0.0,0.0,0.38399651263570983
intent_com.kingroot.kinguser.gamebox.ACTION_GAME_REPLACE,0,0.08096052401386586,0.15173212156951305,497.4,105.70733181761803,"pearson_r, mutual_information, entropy_reduction_ratio",0.0,0.020806107433619436,0.0,0.0,0.38399651263570983
intent_com.qihoo.appstore.zhushouhelper.IZhushouHelperService,0,0.08093821753090161,0.15174097130715736,497.6,105.36242214376053,"pearson_r, mutual_information, entropy_reduction_ratio",0.0,0.02069457501879818,0.0,0.0,0.38399651263570983
intent_cn.jpush.android.intent.DaemonService,0,0.08079102048923603,0.1517996851545804,498.0,104.67377895155978,"pearson_r, mutual_information, entropy_reduction_ratio",0.0,0.01995858981047033,0.0,0.0,0.38399651263570983
intent_com.qihoo.appstore.PLUGIN_ICON,0,0.08078682224629397,0.15180136778756706,498.2,104.33005319657418,"pearson_r, mutual_information, entropy_reduction_ratio",0.0,0.019937598595759973,0.0,0.0,0.38399651263570983
perm_com.google.android.googleapps.permission.GOOGLE_AUTH.dodgeball,0,0.08078101705339505,0.1518036952117416,498.4,103.98672992262043,"pearson_r, mutual_information, entropy_reduction_ratio",0.0,0.019908572631265452,0.0,0.0,0.38399651263570983
perm_com.google.android.googleapps.permission.GOOGLE_AUTH.jotspot,0,0.08072021386107534,0.15182812369894605,498.6,103.64381312939042,"pearson_r, mutual_information, entropy_reduction_ratio",0.0,0.019604556669666852,0.0,0.0,0.38399651263570983
intent_com.sogou.androidtool.action.BackgroundService,0,0.08067446519137982,0.15184656544595843,498.8,103.3013068649182,"pearson_r, mutual_information, entropy_reduction_ratio",0.0,0.019375813321189258,0.0,0.0,0.38399651263570983
perm_cn.swiftpass.wxpay.permission.MMOAUTH_CALLBACK,0,0.08065930345009127,0.1518526889648297,499.0,102.95921522622442,"pearson_r, mutual_information, entropy_reduction_ratio",0.0,0.019300004614746503,0.0,0.0,0.38399651263570983
intent_com.baidu.android.pushservice.action.PUSH_SERVICE,0,0.0806549854557406,0.15185443397754667,499.2,102.61754235996884,"pearson_r, mutual_information, entropy_reduction_ratio",0.0,0.019278414642993114,0.0,0.0,0.38399651263570983
intent_cn.jpush.android.intent.PUSH_TIME,0,0.0806152278627554,0.15187052317928018,499.6,101.93546978358417,"pearson_r, mutual_information, entropy_reduction_ratio",0.0,0.0190796266780672,0.0,0.0,0.38399651263570983
intent_com.excelliance.dualaid.action.notifystatus,0,0.08050462405889104,0.1519154925828245,499.8,101.59507862096471,"pearson_r, mutual_information, entropy_reduction_ratio",0.0,0.018526607658745364,0.0,0.0,0.38399651263570983
intent_com.snipermob.sdk.notification,0,0.08050244924263551,0.15191637991736318,500.0,101.255123327168,"pearson_r, mutual_information, entropy_reduction_ratio",0.0,0.01851573357746772,0.0,0.0,0.38399651263570983
perm_android.permission.WRITE_INTERNAL_STORAGE,0,0.08047409711147248,0.13983099835032461,285.4,334.5582759400819,"pearson_r, mutual_information, entropy_reduction_ratio",0.004755906738236434,0.03524950777679515,0.001813616071428571,0.0015625067429792313,0.358988948227923
perm_android.permission.RECORD_VIDEO,0,0.08045983417612709,0.1519337911308528,500.2,100.91560830713948,"pearson_r, mutual_information, entropy_reduction_ratio",0.0,0.01830265824492565,0.0,0.0,0.38399651263570983
intent_com.ez.sj,0,0.08045863329523287,0.1519342824378096,500.4,100.57653801956,"pearson_r, mutual_information, entropy_reduction_ratio",0.0,0.01829665384045452,0.0,0.0,0.38399651263570983
intent_android.intent.action.MEDIA_MOUNTED,0,0.08045343041417538,0.15193641147184828,500.6,100.23791697755897,"pearson_r, mutual_information, entropy_reduction_ratio",0.0,0.01827063943516705,0.0,0.0,0.38399651263570983
intent_com.excelliance.open.action.queryUpdate,0,0.08041126591544309,0.15195369049399693,501.0,99.56204095939376,"pearson_r, mutual_information, entropy_reduction_ratio",0.0,0.01805981694150564,0.0,0.0,0.38399651263570983
intent_com.yulong.mms.NEW_MESSAGE_EXTERNAL,0,0.08041125067170905,0.15195369674899042,501.2,99.2247952882746,"pearson_r, mutual_information, entropy_reduction_ratio",0.0,0.01805974072283547,0.0,0.0,0.38399651263570983
perm_android.permission.READ_SMS,0,0.08031879334594824,0.15199174272586832,501.4,98.88801747431285,"pearson_r, mutual_information, entropy_reduction_ratio",0.0,0.017597454094031358,0.0,0.0,0.38399651263570983
intent_com.door.pay.sdk.app.action,0,0.08029727797448194,0.15200062715106513,501.6,98.55171231389133,"pearson_r, mutual_information, entropy_reduction_ratio",0.0,0.017489877236699893,0.0,0.0,0.38399651263570983
intent_com.taobao.accs.intent.action.COMMAND,0,0.08026977046347325,0.15201200291919126,501.8,98.21588466230908,"pearson_r, mutual_information, entropy_reduction_ratio",0.0,0.01735233968165638,0.0,0.0,0.38399651263570983
intent_android.intent.action.TIME_TICK,0,0.08024137402000532,0.1520237662981315,502.0,97.88053943455768,"pearson_r, mutual_information, entropy_reduction_ratio",0.0,0.017210357464316744,0.0,0.0,0.38399651263570983
intent_com.qihoo.appstore.launcher.shortcut.EBOOK,0,0.0802351552415114,0.15202634517090166,502.2,97.545681606107,"pearson_r, mutual_information, entropy_reduction_ratio",0.0,0.01717926357184718,0.0,0.0,0.38399651263570983
perm_android.permission.READ_CLIPS,0,0.08022673271505588,0.1520298394711034,502.4,97.21131621370013,"pearson_r, mutual_information, entropy_reduction_ratio",0.0,0.01713715093956959,0.0,0.0,0.38399651263570983
intent_com.qihoo360.accounts.action.START_SERVICE,0,0.08022602404202836,0.1520301335636728,502.8,96.54408319519119,"pearson_r, mutual_information, entropy_reduction_ratio",0.0,0.017133607574431935,0.0,0.0,0.38399651263570983
perm_android.permission.WRITE_SOCIAL_STREAM,0,0.08021408934744655,0.15203508824800235,503.2,95.87888192923403,"pearson_r, mutual_information, entropy_reduction_ratio",0.0,0.017073934101522928,0.0,0.0,0.38399651263570983
perm_android.permission.WRITE_SETTINGS,0,0.0801590796536509,0.13337046071539607,275.6,351.64049823648014,"pearson_r, mutual_information, entropy_reduction_ratio",0.01097116535090813,0.03620187126294594,0.0041454081632653055,0.003638224933759369,0.34583872855737574
intent_aspire.iap.SMS_DELIVERED_ACTION,0,0.08011156782392967,0.1520777976926639,503.6,95.2157549988446,"pearson_r, mutual_information, entropy_reduction_ratio",0.0,0.01656132648393856,0.0,0.0,0.38399651263570983
perm_com.google.android.launcher.permission.WRITE_SETTINGS,0,0.08011010608836971,0.15207840854931615,503.8,94.88498300574227,"pearson_r, mutual_information, entropy_reduction_ratio",0.0,0.016554017806138736,0.0,0.0,0.38399651263570983
perm_android.permission.READ_USER_DICTIONARY,0,0.07998974028318223,0.15212889356753456,504.0,94.55474604693305,"pearson_r, mutual_information, entropy_reduction_ratio",0.0,0.01595218878020135,0.0,0.0,0.38399651263570983
intent_safiap.framework.ACTION_SET_TIMER,0,0.07997780452980972,0.1521339196260115,504.2,94.22504974793061,"pearson_r, mutual_information, entropy_reduction_ratio",0.0,0.015892510013338787,0.0,0.0,0.38399651263570983
perm_com.google.android.googleapps.permission.GOOGLE_AUTH.androidsecure,0,0.079928708271426,0.15215463134226456,504.4,93.89589980398505,"pearson_r, mutual_information, entropy_reduction_ratio",0.0,0.015647028721420177,0.0,0.0,0.38399651263570983
intent_com.excelliance.kxqp.action.init,0,0.07989020512319679,0.1521709166133345,504.6,93.56730198098052,"pearson_r, mutual_information, entropy_reduction_ratio",0.0,0.015454512980274103,0.0,0.0,0.38399651263570983
intent_cn.jpush.android.intent.REGISTRATION,0,0.07971064236359356,0.15224735575857207,505.0,92.91178611995359,"pearson_r, mutual_information, entropy_reduction_ratio",0.0,0.014556699182257918,0.0,0.0,0.38399651263570983
intent_cn.jpush.android.intent.CONNECTION,0,0.07967946025491908,0.1522607122650046,505.2,92.58487997508016,"pearson_r, mutual_information, entropy_reduction_ratio",0.0,0.014400788638885574,0.0,0.0,0.38399651263570983
intent_android.provider.Telephony.SMS_DELIVER,0,0.0796410527649667,0.15227719717618934,505.4,92.258549739306,"pearson_r, mutual_information, entropy_reduction_ratio",0.0,0.014208751189123668,0.0,0.0,0.38399651263570983
perm_android.permission.BROADCAST_PACKAGE_REPLACED,0,0.07948933250250642,0.1523426784191651,505.8,91.60764160265235,"pearson_r, mutual_information, entropy_reduction_ratio",0.0,0.013450149876822238,0.0,0.0,0.38399651263570983
intent_android.intent.action.defaultSmsSet,0,0.07941492560454569,0.15237500239513396,506.0,91.28307619706952,"pearson_r, mutual_information, entropy_reduction_ratio",0.0,0.013078115387018576,0.0,0.0,0.38399651263570983
intent_intent.action.HEJU,0,0.07936449955588815,0.1523969872815806,506.2,90.95911169311188,"pearson_r, mutual_information, entropy_reduction_ratio",0.0,0.012825985143730886,0.0,0.0,0.38399651263570983
intent_com.qihoo.appstore.battery.FREEZE_APP,0,0.07935556749178278,0.1524008881344913,506.4,90.63575453428962,"pearson_r, mutual_information, entropy_reduction_ratio",0.0,0.01278132482320411,0.0,0.0,0.38399651263570983
intent_com.qihoo.appstore.CHECK_STORAGE,0,0.07921858000142212,0.15246096367045386,506.6,90.31301124422771,"pearson_r, mutual_information, entropy_reduction_ratio",0.0,0.01209638737140076,0.0,0.0,0.38399651263570983
intent_cn.jpush.android.intent.REGISTER,0,0.07914255826729037,0.15249450498789985,506.8,89.9908884276625,"pearson_r, mutual_information, entropy_reduction_ratio",0.0,0.011716278700742063,0.0,0.0,0.38399651263570983
perm_android.permission.FORCE_STOP_PACKAGES,0,0.07913954041060348,0.15249583946334985,507.0,89.66939277144682,"pearson_r, mutual_information, entropy_reduction_ratio",0.0,0.011701189417307516,0.0,0.0,0.38399651263570983
perm_com.tencent.mm.ext.permission.WRITE,0,0.07905741929399315,0.15253224004948854,507.2,89.34853104556338,"pearson_r, mutual_information, entropy_reduction_ratio",0.0,0.011290583834255926,0.0,0.0,0.38399651263570983
intent_com.qihoo360.mobilesafe.pcdaemon.sms.restore.start,0,0.07904920478387616,0.1525358904230033,507.4,89.02831010414609,"pearson_r, mutual_information, entropy_reduction_ratio",0.0,0.01124951128367096,0.0,0.0,0.38399651263570983
intent_com.excelliance.dualaid.action.appcrash,0,0.07904719700840893,0.15253678289640735,507.6,88.70873688650966,"pearson_r, mutual_information, entropy_reduction_ratio",0.0,0.011239472406334746,0.0,0.0,0.38399651263570983
perm_com.facebook.katana.provider.ACCESS,0,0.07891525358599805,0.1525956530807885,507.8,88.38981841818661,"pearson_r, mutual_information, entropy_reduction_ratio",0.0,0.01057975529428042,0.0,0.0,0.38399651263570983
intent_android.intent.action.UMS_DISCONNECTED,0,0.07887731822648411,0.1526126592354281,508.2,87.75397426897543,"pearson_r, mutual_information, entropy_reduction_ratio",0.0,0.010390078496710723,0.0,0.0,0.38399651263570983
intent_com.baoruan.launcher3.ACTION_THEME,0,0.07884920086230214,0.15262528716623655,508.4,87.43706307968036,"pearson_r, mutual_information, entropy_reduction_ratio",0.0,0.01024949167580088,0.0,0.0,0.38399651263570983
intent_com.kingroot.kinguser.gamebox.ACTION_GAME_ADDED,0,0.07880683023609505,0.15264435360971507,508.6,87.12083562500995,"pearson_r, mutual_information, entropy_reduction_ratio",0.0,0.010037638544765491,0.0,0.0,0.38399651263570983
intent_com.dzbook.service.PerpareDataService,0,0.07879065512723002,0.15265164405858414,508.8,86.80529937739976,"pearson_r, mutual_information, entropy_reduction_ratio",0.0,0.009956763000440308,0.0,0.0,0.38399651263570983
intent_show_feedback,0,0.07872928967461201,0.1526793618749941,509.0,86.49046190187678,"pearson_r, mutual_information, entropy_reduction_ratio",0.0,0.009649935737350259,0.0,0.0,0.38399651263570983
perm_com.android.mylauncher.permission.READ_SETTINGS,0,0.07865889745231192,0.15271127221424305,509.2,86.1763308571443,"pearson_r, mutual_information, entropy_reduction_ratio",0.0,0.00929797462584972,0.0,0.0,0.38399651263570983
intent_com.qihoo.appstore.launcher.shortcut.APP_GROUP,0,0.07865115654059666,0.15271478885340367,509.4,85.86291399667263,"pearson_r, mutual_information, entropy_reduction_ratio",0.0,0.009259270067273529,0.0,0.0,0.38399651263570983
perm_android.permission.RECEIVE_BOOT_COMPLETED,0,0.07858832783316924,0.10858124287660592,357.3,411.2592369783322,"pearson_r, entropy_reduction_ratio, f_stat",0.05882874622320095,0.0,0.02072704081632653,0.020983162004809545,0.29240269012150916
intent_com.mobiletool.appstore.action.BackgroundService,0,0.07852007402440021,0.15277456460814728,509.8,85.23825432280978,"pearson_r, mutual_information, entropy_reduction_ratio",0.0,0.008603857486291203,0.0,0.0,0.38399651263570983
perm_com.samsung.svoice.sync.ACCESS_SERVICE,0,0.07851808946121827,0.15277547287853915,510.0,84.92702750008387,"pearson_r, mutual_information, entropy_reduction_ratio",0.0,0.0085939346703815,0.0,0.0,0.38399651263570983
intent_android.intent.action.UPDATE_NOTIFICATION,0,0.0785161277429686,0.1527763707895815,510.2,84.61654684516499,"pearson_r, mutual_information, entropy_reduction_ratio",0.0,0.008584126079133166,0.0,0.0,0.38399651263570983
perm_dianxin.permission.READ_SETTINGS,0,0.07850721099221283,0.1527804533378758,510.4,84.30682060189436,"pearson_r, mutual_information, entropy_reduction_ratio",0.0,0.008539542325354376,0.0,0.0,0.38399651263570983
intent_com.qihoo.appstore.powerusage.SAVE_MODE,0,0.07847393022734636,0.15279570840708326,510.6,83.9978571155241,"pearson_r, mutual_information, entropy_reduction_ratio",0.0,0.008373138501021988,0.0,0.0,0.38399651263570983
suspicious_Landroid/telephony/SmsMessage;->getMessageBody,0,0.07844876635423663,0.1462991893655056,313.2,306.66962679730767,"pearson_r, mutual_information, entropy_reduction_ratio",0.001351981450319001,0.019235078171791282,0.0005181760204081632,0.0004419157071493641,0.3706966804215154
intent_safiap.framework.sdk.ISAFFramework,0,0.07844452080529796,0.15280921181269944,510.8,83.68966483383717,"pearson_r, mutual_information, entropy_reduction_ratio",0.0,0.008226091390779974,0.0,0.0,0.38399651263570983
perm_com.android.agedlauncher.permission.WRITE_SETTINGS,0,0.07840991212931234,0.15282512993485042,511.0,83.38225230827001,"pearson_r, mutual_information, entropy_reduction_ratio",0.0,0.008053048010851868,0.0,0.0,0.38399651263570983
perm_android.permission.CHANGE_WIFI_STATE,0,0.07840256666578517,0.13462274217806508,283.6,350.0397691691617,"pearson_r, mutual_information, entropy_reduction_ratio",0.010274881468771273,0.027359325085591638,0.003886320153061224,0.0034038011190916703,0.34708850550241005
suspicious_Base64,0,0.07838991943742432,0.15283433902316548,511.2,83.07562819503684,"pearson_r, mutual_information, entropy_reduction_ratio",0.0,0.007953084551411728,0.0,0.0,0.38399651263570983
intent_com.morgoo.droidplugin.ACTION_SHORTCUT_PROXY_ZHUSHOU,0,0.0783813615913815,0.15283828398922894,511.4,82.76980125625529,"pearson_r, mutual_information, entropy_reduction_ratio",0.0,0.007910295321197653,0.0,0.0,0.38399651263570983
intent_org.android.agoo.client.ElectionReceiverService,0,0.07837471037832143,0.15284135129564705,511.6,82.46478036107293,"pearson_r, mutual_information, entropy_reduction_ratio",0.0,0.007877039255897323,0.0,0.0,0.38399651263570983
intent_com.kingroot.common.ACTION_TOP_ACTIVITY_CHANGED,0,0.07834496372315566,0.152855082824089,511.8,82.16057448679385,"pearson_r, mutual_information, entropy_reduction_ratio",0.0,0.007728305980068451,0.0,0.0,0.38399651263570983
intent_com.telecom.sdk_auth_ui.SMS_UNSUB_SEND_RESULT_ACTION,0,0.07828864755049689,0.15288113929122982,512.0,81.85719272000476,"pearson_r, mutual_information, entropy_reduction_ratio",0.0,0.007446725116774627,0.0,0.0,0.38399651263570983
intent_show_about,0,0.07826218366690604,0.15289341077073998,512.2,81.55464425769999,"pearson_r, mutual_information, entropy_reduction_ratio",0.0,0.007314405698820413,0.0,0.0,0.38399651263570983
intent_show_notificationcenter,0,0.07824206598206554,0.15290275107423604,512.4,81.25293840840465,"pearson_r, mutual_information, entropy_reduction_ratio",0.0,0.007213817274617833,0.0,0.0,0.38399651263570983
intent_com.umeng.message.autoupdate.handler.action,0,0.0781995273646642,0.15292253402032865,513.0,80.35297132029406,"pearson_r, mutual_information, entropy_reduction_ratio",0.0,0.007001124187611154,0.0,0.0,0.38399651263570983
perm_org.adw.launcher.permission.READ_SETTINGS,0,0.07819306415413965,0.1529255437094419,513.2,80.05473127804503,"pearson_r, mutual_information, entropy_reduction_ratio",0.0,0.006968808134988402,0.0,0.0,0.38399651263570983
perm_android.permission.RECEIVE_USER_PRESENT,0,0.07814846473265677,0.15294634025203097,513.4,79.75738210347679,"pearson_r, mutual_information, entropy_reduction_ratio",0.0,0.006745811027574026,0.0,0.0,0.38399651263570983
intent_com.qihoo.appstore.activate,0,0.07811337406341383,0.15296273747458483,513.6,79.46093379768452,"pearson_r, mutual_information, entropy_reduction_ratio",0.0,0.006570357681359345,0.0,0.0,0.38399651263570983
intent_com.kingroot.master.action.MAIN_EXIT_CHECK,0,0.07805120631570532,0.15299186204311546,513.8,79.16539648103836,"pearson_r, mutual_information, entropy_reduction_ratio",0.0,0.006259518942816773,0.0,0.0,0.38399651263570983
intent_cn.jpush.android.intent.ACTION_RICHPUSH_CALLBACK,0,0.07803541224187305,0.15299927652002987,514.0,78.87078039426261,"pearson_r, mutual_information, entropy_reduction_ratio",0.0,0.006180548573655384,0.0,0.0,0.38399651263570983
perm_com.samsung.android.providers.context.permission.WRITE_USE_APP_FEATURE_SURVEY,0,0.07802871839299437,0.14647151172893788,316.4,306.85947924090596,"pearson_r, mutual_information, entropy_reduction_ratio",0.001351981450319001,0.01713483836557991,0.0005181760204081632,0.0004419157071493641,0.3706966804215154
perm_com.facebook.permission.prod.SYSTEM_COMMUNICATION,0,0.07802829870467587,0.1530026179598023,514.2,78.57709589950497,"pearson_r, mutual_information, entropy_reduction_ratio",0.0,0.006144980887669502,0.0,0.0,0.38399651263570983
intent_com.qihoo.psdk.service.action.remote,0,0.07801550329690221,0.15300863148910993,514.4,78.28435348139499,"pearson_r, mutual_information, entropy_reduction_ratio",0.0,0.0060810038488012304,0.0,0.0,0.38399651263570983
perm_com.s.launcher.permission.WRITE_SETTINGS,0,0.07801078282735932,0.15301085101563555,514.6,77.99256374809075,"pearson_r, mutual_information, entropy_reduction_ratio",0.0,0.006057401501086783,0.0,0.0,0.38399651263570983
perm_com.zte.mifavor.launcher.permission.READ_SETTINGS,0,0.07796924748503828,0.15303040431860843,514.8,77.70173743231229,"pearson_r, mutual_information, entropy_reduction_ratio",0.0,0.005849724789481514,0.0,0.0,0.38399651263570983
perm_android.permission.READ_APP_BADGE,0,0.07796795550544118,0.15303101321790089,515.0,77.41188539236079,"pearson_r, mutual_information, entropy_reduction_ratio",0.0,0.005843264891496084,0.0,0.0,0.38399651263570983
intent_com.android.utils.hades.ACTION_UPDATE_COMMON_RES,0,0.07795238918581755,0.15303835273457528,515.2,77.12301861312224,"pearson_r, mutual_information, entropy_reduction_ratio",0.0,0.005765433293377895,0.0,0.0,0.38399651263570983
intent_qihooappstore.gotoadmin,0,0.07791402217474311,0.15305646830923136,515.4,76.8351482070543,"pearson_r, mutual_information, entropy_reduction_ratio",0.0,0.005573598238005751,0.0,0.0,0.38399651263570983
intent_com.urbanairship.push.DISMISSED,0,0.07785597447640563,0.15308394546668977,515.6,76.5482854151548,"pearson_r, mutual_information, entropy_reduction_ratio",0.0,0.005283359746318309,0.0,0.0,0.38399651263570983
perm_com.android.launcher3.permission.UNINSTALL_SHORTCUT,0,0.07785318638799534,0.15308526731359315,515.8,76.26244160791077,"pearson_r, mutual_information, entropy_reduction_ratio",0.0,0.005269419304266838,0.0,0.0,0.38399651263570983
intent_safiap.framework.ACTION_TO_INSTALL,0,0.07784269947987425,0.15309024092661233,516.0,75.97762828622646,"pearson_r, mutual_information, entropy_reduction_ratio",0.0,0.005216984763661437,0.0,0.0,0.38399651263570983
intent_com.datouniao.AdPublisher.service.check,0,0.07784184216463705,0.1530906476443674,516.2,75.69385708232868,"pearson_r, mutual_information, entropy_reduction_ratio",0.0,0.005212698187475386,0.0,0.0,0.38399651263570983
intent_selfupdate_notification_cancelled,0,0.0778298435542261,0.15309634179053586,516.6,75.12948821867484,"pearson_r, mutual_information, entropy_reduction_ratio",0.0,0.005152705135420684,0.0,0.0,0.38399651263570983
intent_android.bluetooth.adapter.action.STATE_CHANGED,0,0.07774725297729729,0.15313563284892662,516.8,74.84891448778666,"pearson_r, mutual_information, entropy_reduction_ratio",0.0,0.00473975225077663,0.0,0.0,0.38399651263570983
perm_com.anddoes.launcher.permission.READ_SETTINGS,0,0.07769954436036497,0.1531584059928167,517.0,74.56943073404813,"pearson_r, mutual_information, entropy_reduction_ratio",0.0,0.004501209166115037,0.0,0.0,0.38399651263570983
intent_com.tencent.android.tpush.action.SDK,0,0.0776674519134127,0.1531737564772096,517.2,74.2910492589787,"pearson_r, mutual_information, entropy_reduction_ratio",0.0,0.004340746931353699,0.0,0.0,0.38399651263570983
intent_com.qihoo.appstore.notification.notify_action,0,0.07765592159886213,0.1531792778579365,517.4,74.01378250028841,"pearson_r, mutual_information, entropy_reduction_ratio",0.0,0.004283095358600844,0.0,0.0,0.38399651263570983
perm_android.permission.MODIFY_AUDIO_SETTINGS,0,0.0776480434337656,0.1336788651429748,284.6,352.882189972801,"pearson_r, mutual_information, entropy_reduction_ratio",0.011668893815771792,0.023669465993355093,0.004404496173469387,0.0038736875508444896,0.3446236736353873
perm_android.permission.CAMERA,0,0.07764327299982522,0.11112721682660213,357.9,410.0836987737991,"pearson_r, entropy_reduction_ratio, chi2_stat",0.053250093870807355,0.0,0.018913424744897957,0.018831075168871718,0.29722177121454907
intent_android.net.wifi.WIFI_STATE_CHANGED,0,0.0776269322090132,0.14516222085160907,310.7,318.4989167956462,"pearson_r, mutual_information, entropy_reduction_ratio",0.0020300158312138838,0.016971923488695785,0.0007772640306122448,0.0006642253433918523,0.3676912323511523
perm_android.permission.WRITE_APN_SETTINGS,0,0.07759630881551607,0.15320787609193912,517.6,73.73764303257869,"pearson_r, mutual_information, entropy_reduction_ratio",0.0,0.003985031441870564,0.0,0.0,0.38399651263570983
intent_com.excelliance.kxqp.platform.action.BADGE_REPORT,0,0.07759341953074633,0.15320926439964402,517.8,73.46264356800673,"pearson_r, mutual_information, entropy_reduction_ratio",0.0,0.0039705850180218084,0.0,0.0,0.38399651263570983
intent_com.qihoo.appstore.stablenotification.StableBroadcast,0,0.07758940632281927,0.1532111930956402,518.0,73.18879695691137,"pearson_r, mutual_information, entropy_reduction_ratio",0.0,0.003950518978386542,0.0,0.0,0.38399651263570983
perm_com.google.android.googleapps.permission.GOOGLE_AUTH.mobile,0,0.07754908797345808,0.15323059155677682,518.2,72.91611618839829,"pearson_r, mutual_information, entropy_reduction_ratio",0.0,0.0037489272315805564,0.0,0.0,0.38399651263570983
perm_android.permission.WRITE_SECURE_SETTINGS,0,0.07753629206706703,0.15323675643812631,518.4,72.64461439088241,"pearson_r, mutual_information, entropy_reduction_ratio",0.0,0.003684947699625304,0.0,0.0,0.38399651263570983
perm_com.tencent.mm.plugin.permission.READ,0,0.07752377039001872,0.1532427930971461,518.6,72.37430483258545,"pearson_r, mutual_information, entropy_reduction_ratio",0.0,0.0036223393143837543,0.0,0.0,0.38399651263570983
intent_android.intent.action.SCREEN_OFF,0,0.07742209872180576,0.1467285062584007,319.4,307.15849328970216,"pearson_r, mutual_information, entropy_reduction_ratio",0.001351981450319001,0.014101740009636933,0.0005181760204081632,0.0004419157071493641,0.3706966804215154
intent_android.easou.eyou.SEND_SMS_RESULT,0,0.07731853915206681,0.15334228340555972,518.8,72.10520092198621,"pearson_r, mutual_information, entropy_reduction_ratio",0.0,0.002596183124624214,0.0,0.0,0.38399651263570983
intent_org.agoo.android.intent.action.RECEIVE,0,0.0773166737034623,0.1533431924650721,519.0,71.83731620822148,"pearson_r, mutual_information, entropy_reduction_ratio",0.0,0.002586855881601674,0.0,0.0,0.38399651263570983
intent_android.hardware.usb.action.USB_STATE,0,0.07727909379829588,0.15336152386863836,519.2,71.57066438143494,"pearson_r, mutual_information, entropy_reduction_ratio",0.0,0.0023989563557696137,0.0,0.0,0.38399651263570983
perm_android.permission.PROCESS_OUTGOING_CALLS,0,0.07724756863579858,0.1487284842601351,332.2,287.03128749319296,"pearson_r, mutual_information, entropy_reduction_ratio",0.000675311332919998,0.010481392407045084,0.0002590880102040816,0.00022051236656804653,0.3746015390622557
intent_android.intent.action.MEDIA_BUTTON,0,0.07724735854517259,0.13854417463437274,291.6,343.2571048062953,"pearson_r, mutual_information, entropy_reduction_ratio",0.006814923155422874,0.02056970531465148,0.002590880102040816,0.00224588757958621,0.3540153965741616
perm_android.permission.PREVENT_POWER_KEY,0,0.07719899212594596,0.1534007128956462,519.6,71.04111485611695,"pearson_r, mutual_information, entropy_reduction_ratio",0.0,0.0019984479940199406,0.0,0.0,0.38399651263570983
intent_com.unicom.xiaowo.security.RECEIVER_CMD,0,0.0771312720006794,0.1534339670395424,519.8,70.77824524527293,"pearson_r, mutual_information, entropy_reduction_ratio",0.0,0.001659847367687132,0.0,0.0,0.38399651263570983
intent_android.intent.action.DELETE,0,0.07708132390815801,0.15345856616083622,520.0,70.5166646970771,"pearson_r, mutual_information, entropy_reduction_ratio",0.0,0.001410106905080234,0.0,0.0,0.38399651263570983
intent_org.agoo.android.intent.action.PING_V4,0,0.07707377120656031,0.15346229113549711,520.2,70.25638760995331,"pearson_r, mutual_information, entropy_reduction_ratio",0.0,0.0013723433970916736,0.0,0.0,0.38399651263570983
intent_com.kingroot.kinguser.action.update,0,0.07703975510411498,0.15347908510277297,520.6,69.73980212188732,"pearson_r, mutual_information, entropy_reduction_ratio",0.0,0.0012022628848650922,0.0,0.0,0.38399651263570983
perm_android.permission.READ_PHONE_STATE,0,0.07700166219098728,0.11299307497809583,358.3,409.30008551184056,"pearson_r, entropy_reduction_ratio, chi2_stat",0.04932124906245851,0.0,0.01761798469387755,0.017336784670094973,0.30073229252850536
intent_com.tappx.sdk.SILP,0,0.07697613457684767,0.1535105709609388,520.8,69.4835232267334,"pearson_r, mutual_information, entropy_reduction_ratio",0.0,0.000884160248528473,0.0,0.0,0.38399651263570983
intent_com.kingroot.common.ACTION_TOP_APP_CHANGED,0,0.07693766035036978,0.15352965992773104,521.0,69.22860680383508,"pearson_r, mutual_information, entropy_reduction_ratio",0.0,0.0006917891161390931,0.0,0.0,0.38399651263570983
intent_com.qihoo360.mobilesafe.pcdaemon.sms.restore.end,0,0.0768992446347105,0.1535487559702541,521.2,68.9750679593721,"pearson_r, mutual_information, entropy_reduction_ratio",0.0,0.0004997105378426513,0.0,0.0,0.38399651263570983
intent_com.android.utils.hades.ACTION_REGISTER_IMPLICIT_RECEIVERS,0,0.07684668353376832,0.15357494195973892,521.4,68.72292194020856,"pearson_r, mutual_information, entropy_reduction_ratio",0.0,0.00023690503313180308,0.0,0.0,0.38399651263570983
intent_android.intent.apicloud.notification,0,0.07683014466839051,0.15358319559671865,521.6,68.4721841334129,"pearson_r, mutual_information, entropy_reduction_ratio",0.0,0.0001542107062427177,0.0,0.0,0.38399651263570983
perm_android.permission.WRITE_SMS,0,0.07679930252714197,0.15359860505428394,578.1,88.23060693432863,"pearson_r, entropy_reduction_ratio, mutual_information",0.0,0.0,0.0,0.0,0.38399651263570983
perm_com.android.launcher.permission.READ_SETTINGS,0,0.07679930252714197,0.15359860505428394,578.1,88.23060693432863,"pearson_r, entropy_reduction_ratio, mutual_information",0.0,0.0,0.0,0.0,0.38399651263570983
perm_com.android.launcher.permission.UNINSTALL_SHORTCUT,0,0.07679930252714197,0.15359860505428394,578.1,88.23060693432863,"pearson_r, entropy_reduction_ratio, mutual_information",0.0,0.0,0.0,0.0,0.38399651263570983
perm_android.permission.READ_SETTINGS,0,0.07679930252714197,0.15359860505428394,578.1,88.23060693432863,"pearson_r, entropy_reduction_ratio, mutual_information",0.0,0.0,0.0,0.0,0.38399651263570983
perm_android.permission.RECEIVE_MMS,0,0.07679930252714197,0.15359860505428394,578.1,88.23060693432863,"pearson_r, entropy_reduction_ratio, mutual_information",0.0,0.0,0.0,0.0,0.38399651263570983
perm_android.permission.UPDATE_APP_OPS_STATS,0,0.07679930252714197,0.15359860505428394,578.1,88.23060693432863,"pearson_r, entropy_reduction_ratio, mutual_information",0.0,0.0,0.0,0.0,0.38399651263570983
perm_android.permission.ACCESS_MTK_MMHW,0,0.07679930252714197,0.15359860505428394,578.1,88.23060693432863,"pearson_r, entropy_reduction_ratio, mutual_information",0.0,0.0,0.0,0.0,0.38399651263570983
perm_android.webkit.permission.PLUGIN,0,0.07679930252714197,0.15359860505428394,578.1,88.23060693432863,"pearson_r, entropy_reduction_ratio, mutual_information",0.0,0.0,0.0,0.0,0.38399651263570983
perm_android.permission.ACCESS_COARSE_UPDATES,0,0.07679930252714197,0.15359860505428394,578.1,88.23060693432863,"pearson_r, entropy_reduction_ratio, mutual_information",0.0,0.0,0.0,0.0,0.38399651263570983
perm_android.permission.DELETE_PACKAGES,0,0.07679930252714197,0.15359860505428394,578.1,88.23060693432863,"pearson_r, entropy_reduction_ratio, mutual_information",0.0,0.0,0.0,0.0,0.38399651263570983
perm_android.permission.DEVICE_POWER,0,0.07679930252714197,0.15359860505428394,578.1,88.23060693432863,"pearson_r, entropy_reduction_ratio, mutual_information",0.0,0.0,0.0,0.0,0.38399651263570983
perm_android.permission.EXPAND_STATUS_BAR,0,0.07679930252714197,0.15359860505428394,578.1,88.23060693432863,"pearson_r, entropy_reduction_ratio, mutual_information",0.0,0.0,0.0,0.0,0.38399651263570983
perm_android.permission.ACCESS_DOWNLOAD_MANAGER,0,0.07679930252714197,0.15359860505428394,578.1,88.23060693432863,"pearson_r, entropy_reduction_ratio, mutual_information",0.0,0.0,0.0,0.0,0.38399651263570983
perm_android.permission.CLEAR_APP_USER_DATA,0,0.07679930252714197,0.15359860505428394,578.1,88.23060693432863,"pearson_r, entropy_reduction_ratio, mutual_information",0.0,0.0,0.0,0.0,0.38399651263570983
intent_android.intent.action.RESPOND_VIA_MESSAGE,0,0.07679930252714197,0.15359860505428394,578.1,88.23060693432863,"pearson_r, entropy_reduction_ratio, mutual_information",0.0,0.0,0.0,0.0,0.38399651263570983
perm_com.bbk.launcher2.permission.READ_SETTINGS,0,0.07679930252714197,0.15359860505428394,578.1,88.23060693432863,"pearson_r, entropy_reduction_ratio, mutual_information",0.0,0.0,0.0,0.0,0.38399651263570983
perm_com.lenovo.launcher.permission.READ_SETTINGS,0,0.07679930252714197,0.15359860505428394,578.1,88.23060693432863,"pearson_r, entropy_reduction_ratio, mutual_information",0.0,0.0,0.0,0.0,0.38399651263570983
intent_android.intent.action.SENDTO,0,0.07679930252714197,0.15359860505428394,578.1,88.23060693432863,"pearson_r, entropy_reduction_ratio, mutual_information",0.0,0.0,0.0,0.0,0.38399651263570983
perm_com.sec.android.app.twlauncher.settings.READ_SETTINGS,0,0.07679930252714197,0.15359860505428394,578.1,88.23060693432863,"pearson_r, entropy_reduction_ratio, mutual_information",0.0,0.0,0.0,0.0,0.38399651263570983
perm_com.qihoo360.launcher.permission.READ_SETTINGS,0,0.07679930252714197,0.15359860505428394,578.1,88.23060693432863,"pearson_r, entropy_reduction_ratio, mutual_information",0.0,0.0,0.0,0.0,0.38399651263570983
perm_org.adwfreak.launcher.permission.READ_SETTINGS,0,0.07679930252714197,0.15359860505428394,578.1,88.23060693432863,"pearson_r, entropy_reduction_ratio, mutual_information",0.0,0.0,0.0,0.0,0.38399651263570983
perm_com.huawei.launcher2.permission.READ_SETTINGS,0,0.07679930252714197,0.15359860505428394,578.1,88.23060693432863,"pearson_r, entropy_reduction_ratio, mutual_information",0.0,0.0,0.0,0.0,0.38399651263570983
perm_com.google.android.launcher.permission.READ_SETTINGS,0,0.07679930252714197,0.15359860505428394,578.1,88.23060693432863,"pearson_r, entropy_reduction_ratio, mutual_information",0.0,0.0,0.0,0.0,0.38399651263570983
perm_com.lge.launcher.permission.READ_SETTINGS,0,0.07679930252714197,0.15359860505428394,578.1,88.23060693432863,"pearson_r, entropy_reduction_ratio, mutual_information",0.0,0.0,0.0,0.0,0.38399651263570983
intent_com.igexin.sdk.action.refreshls,0,0.07679930252714197,0.15359860505428394,578.1,88.23060693432863,"pearson_r, entropy_reduction_ratio, mutual_information",0.0,0.0,0.0,0.0,0.38399651263570983
intent_com.morgoo.droidplugin.ACTION_SHORTCUT_PROXY,0,0.07679930252714197,0.15359860505428394,578.1,88.23060693432863,"pearson_r, entropy_reduction_ratio, mutual_information",0.0,0.0,0.0,0.0,0.38399651263570983
perm_android.permission.INTERACT_ACROSS_USERS,0,0.07679930252714197,0.15359860505428394,578.1,88.23060693432863,"pearson_r, entropy_reduction_ratio, mutual_information",0.0,0.0,0.0,0.0,0.38399651263570983
perm_telecom.mdesk.permission.READ_SETTINGS,0,0.07679930252714197,0.15359860505428394,578.1,88.23060693432863,"pearson_r, entropy_reduction_ratio, mutual_information",0.0,0.0,0.0,0.0,0.38399651263570983
perm_com.tencent.qqlauncher.permission.READ_SETTINGS,0,0.07679930252714197,0.15359860505428394,578.1,88.23060693432863,"pearson_r, entropy_reduction_ratio, mutual_information",0.0,0.0,0.0,0.0,0.38399651263570983
perm_org.adw.launcher_donut.permission.READ_SETTINGS,0,0.07679930252714197,0.15359860505428394,578.1,88.23060693432863,"pearson_r, entropy_reduction_ratio, mutual_information",0.0,0.0,0.0,0.0,0.38399651263570983
intent_android.intent.action.ANY_DATA_STATE,0,0.07679930252714197,0.15359860505428394,578.1,88.23060693432863,"pearson_r, entropy_reduction_ratio, mutual_information",0.0,0.0,0.0,0.0,0.38399651263570983
intent_android.intent.action.CHINAMOBILE_OMS_GAME,0,0.07679930252714197,0.15359860505428394,578.1,88.23060693432863,"pearson_r, entropy_reduction_ratio, mutual_information",0.0,0.0,0.0,0.0,0.38399651263570983
perm_android.permission.WRITE_PROFILE,0,0.07679930252714197,0.15359860505428394,578.1,88.23060693432863,"pearson_r, entropy_reduction_ratio, mutual_information",0.0,0.0,0.0,0.0,0.38399651263570983
intent_com.sina.weibo.sdk.action.ACTION_SDK_REQ_ACTIVITY,0,0.07679930252714197,0.15359860505428394,578.1,88.23060693432863,"pearson_r, entropy_reduction_ratio, mutual_information",0.0,0.0,0.0,0.0,0.38399651263570983
perm_com.android.email.permission.ACCESS_PROVIDER,0,0.07679930252714197,0.15359860505428394,578.1,88.23060693432863,"pearson_r, entropy_reduction_ratio, mutual_information",0.0,0.0,0.0,0.0,0.38399651263570983
perm_android.permission.PERMISSION_NAME,0,0.07679930252714197,0.15359860505428394,578.1,88.23060693432863,"pearson_r, entropy_reduction_ratio, mutual_information",0.0,0.0,0.0,0.0,0.38399651263570983
perm_com.yulong.android.launcher.permission.READ_SETTINGS,0,0.07679930252714197,0.15359860505428394,578.1,88.23060693432863,"pearson_r, entropy_reduction_ratio, mutual_information",0.0,0.0,0.0,0.0,0.38399651263570983
intent_cn.egame.terminal.sdk.RECEIVER_CMD,0,0.07679930252714197,0.15359860505428394,578.1,88.23060693432863,"pearson_r, entropy_reduction_ratio, mutual_information",0.0,0.0,0.0,0.0,0.38399651263570983
intent_com.qihoo.appstore.launcher.shortcut.MYSOFT,0,0.07679930252714197,0.15359860505428394,578.1,88.23060693432863,"pearson_r, entropy_reduction_ratio, mutual_information",0.0,0.0,0.0,0.0,0.38399651263570983
perm_com.qihoo.appstore.permission.NEWS_SDK_BROADCAST,0,0.07679930252714197,0.15359860505428394,578.1,88.23060693432863,"pearson_r, entropy_reduction_ratio, mutual_information",0.0,0.0,0.0,0.0,0.38399651263570983
intent_com.qihoo.appstore.notification,0,0.07679930252714197,0.15359860505428394,578.1,88.23060693432863,"pearson_r, entropy_reduction_ratio, mutual_information",0.0,0.0,0.0,0.0,0.38399651263570983
intent_com.qihoo.appstore.floatwin.FloatWindowService,0,0.07679930252714197,0.15359860505428394,578.1,88.23060693432863,"pearson_r, entropy_reduction_ratio, mutual_information",0.0,0.0,0.0,0.0,0.38399651263570983
intent_com.qihoo.appstore.download_one_apk,0,0.07679930252714197,0.15359860505428394,578.1,88.23060693432863,"pearson_r, entropy_reduction_ratio, mutual_information",0.0,0.0,0.0,0.0,0.38399651263570983
intent_com.qihoo.appstore.launcher.shortcut.HOME_GAME,0,0.07679930252714197,0.15359860505428394,578.1,88.23060693432863,"pearson_r, entropy_reduction_ratio, mutual_information",0.0,0.0,0.0,0.0,0.38399651263570983
intent_com.qihoo.express.push.MSG_ARRIVED,0,0.07679930252714197,0.15359860505428394,578.1,88.23060693432863,"pearson_r, entropy_reduction_ratio, mutual_information",0.0,0.0,0.0,0.0,0.38399651263570983
intent_com.qihoo.appstore.freeze.ICON,0,0.07679930252714197,0.15359860505428394,578.1,88.23060693432863,"pearson_r, entropy_reduction_ratio, mutual_information",0.0,0.0,0.0,0.0,0.38399651263570983
intent_com.qihoo.appstore.free.wifi,0,0.07679930252714197,0.15359860505428394,578.1,88.23060693432863,"pearson_r, entropy_reduction_ratio, mutual_information",0.0,0.0,0.0,0.0,0.38399651263570983
intent_com.qihoo.appstore.battery.STABLE_NOTIFY,0,0.07679930252714197,0.15359860505428394,578.1,88.23060693432863,"pearson_r, entropy_reduction_ratio, mutual_information",0.0,0.0,0.0,0.0,0.38399651263570983
intent_com.qihoo.appstore.launcher.shortcut.MYFREEZE,0,0.07679930252714197,0.15359860505428394,578.1,88.23060693432863,"pearson_r, entropy_reduction_ratio, mutual_information",0.0,0.0,0.0,0.0,0.38399651263570983
intent_com.qihoo360.mobilesafe.pcdaemon.sms.cancel.default.smsreceive,0,0.07679930252714197,0.15359860505428394,578.1,88.23060693432863,"pearson_r, entropy_reduction_ratio, mutual_information",0.0,0.0,0.0,0.0,0.38399651263570983
intent_com.qihoo360.mobilesafe.pcdaemon.filehandle,0,0.07679930252714197,0.15359860505428394,578.1,88.23060693432863,"pearson_r, entropy_reduction_ratio, mutual_information",0.0,0.0,0.0,0.0,0.38399651263570983
intent_com.qihoo360.mobilesafe.clean.DOWNLOADDLG,0,0.07679930252714197,0.15359860505428394,578.1,88.23060693432863,"pearson_r, entropy_reduction_ratio, mutual_information",0.0,0.0,0.0,0.0,0.38399651263570983
intent_com.qihoo360.daemon.pcdaemon.NotifyServiceStop2,0,0.07679930252714197,0.15359860505428394,578.1,88.23060693432863,"pearson_r, entropy_reduction_ratio, mutual_information",0.0,0.0,0.0,0.0,0.38399651263570983
intent_com.qihoo360.daemon.pcdaemon.NotifyServiceStart2,0,0.07679930252714197,0.15359860505428394,578.1,88.23060693432863,"pearson_r, entropy_reduction_ratio, mutual_information",0.0,0.0,0.0,0.0,0.38399651263570983
intent_com.qihoo360.daemon.pcdaemon.ACTION_START_UI2,0,0.07679930252714197,0.15359860505428394,578.1,88.23060693432863,"pearson_r, entropy_reduction_ratio, mutual_information",0.0,0.0,0.0,0.0,0.38399651263570983
intent_com.qihoo360.daemon.pcdaemon.ACTION_SEND_SMS_SEND_STATUS_FORWARD2,0,0.07679930252714197,0.15359860505428394,578.1,88.23060693432863,"pearson_r, entropy_reduction_ratio, mutual_information",0.0,0.0,0.0,0.0,0.38399651263570983
intent_com.qihoo360.daemon.pcdaemon.ACTION_START_SERVICE2,0,0.07679930252714197,0.15359860505428394,578.1,88.23060693432863,"pearson_r, entropy_reduction_ratio, mutual_information",0.0,0.0,0.0,0.0,0.38399651263570983
intent_com.qihoo360.daemon.pcdaemon.ACTION_START_RECEIVER,0,0.07679930252714197,0.15359860505428394,578.1,88.23060693432863,"pearson_r, entropy_reduction_ratio, mutual_information",0.0,0.0,0.0,0.0,0.38399651263570983
intent_com.qihoo360.daemon.pcdaemon.ACTION_START_OPERATE_CLIPBOARD,0,0.07679930252714197,0.15359860505428394,578.1,88.23060693432863,"pearson_r, entropy_reduction_ratio, mutual_information",0.0,0.0,0.0,0.0,0.38399651263570983
intent_com.qihoo.appstore.battery.NOTIFY,0,0.07679930252714197,0.15359860505428394,578.1,88.23060693432863,"pearson_r, entropy_reduction_ratio, mutual_information",0.0,0.0,0.0,0.0,0.38399651263570983
intent_com.qihoo360.daemon.pcdaemon.ACTION_START_DOWNLOAF_PAGE,0,0.07679930252714197,0.15359860505428394,578.1,88.23060693432863,"pearson_r, entropy_reduction_ratio, mutual_information",0.0,0.0,0.0,0.0,0.38399651263570983
intent_com.qihoo.hongbao.LOGIN,0,0.07679930252714197,0.15359860505428394,578.1,88.23060693432863,"pearson_r, entropy_reduction_ratio, mutual_information",0.0,0.0,0.0,0.0,0.38399651263570983
intent_com.qihoo.appstore.powerusage.HIGH_TEMPERATURE,0,0.07679930252714197,0.15359860505428394,578.1,88.23060693432863,"pearson_r, entropy_reduction_ratio, mutual_information",0.0,0.0,0.0,0.0,0.38399651263570983
intent_com.qihoo.appstore.plugin.streamapp.IPluginHelperServiceStreamApp,0,0.07679930252714197,0.15359860505428394,578.1,88.23060693432863,"pearson_r, entropy_reduction_ratio, mutual_information",0.0,0.0,0.0,0.0,0.38399651263570983
intent_com.qihoo.appstore.stablenotification.NewsBroadcastReceiver,0,0.07679930252714197,0.15359860505428394,578.1,88.23060693432863,"pearson_r, entropy_reduction_ratio, mutual_information",0.0,0.0,0.0,0.0,0.38399651263570983
intent_com.qihoo.appstore.launcher.shortcut.WEBVIEW,0,0.07679930252714197,0.15359860505428394,578.1,88.23060693432863,"pearson_r, entropy_reduction_ratio, mutual_information",0.0,0.0,0.0,0.0,0.38399651263570983
intent_com.qihoo.appstore.launcher.shortcut.VIDEO,0,0.07679930252714197,0.15359860505428394,578.1,88.23060693432863,"pearson_r, entropy_reduction_ratio, mutual_information",0.0,0.0,0.0,0.0,0.38399651263570983
intent_com.qihoo.appstore.launcher.shortcut.PLAYGAME,0,0.07679930252714197,0.15359860505428394,578.1,88.23060693432863,"pearson_r, entropy_reduction_ratio, mutual_information",0.0,0.0,0.0,0.0,0.38399651263570983
intent_com.qihoo.appstore.ACTION_NOTIFY_UNINSTALL,0,0.07679930252714197,0.15359860505428394,578.1,88.23060693432863,"pearson_r, entropy_reduction_ratio, mutual_information",0.0,0.0,0.0,0.0,0.38399651263570983
intent_com.qihoo.appstore.ACTION_UNINSTALL,0,0.07679930252714197,0.15359860505428394,578.1,88.23060693432863,"pearson_r, entropy_reduction_ratio, mutual_information",0.0,0.0,0.0,0.0,0.38399651263570983
intent_com.qihoo.appstore.ACTION_MEM_SCAN,0,0.07679930252714197,0.15359860505428394,578.1,88.23060693432863,"pearson_r, entropy_reduction_ratio, mutual_information",0.0,0.0,0.0,0.0,0.38399651263570983
intent_com.qihoo.appstore.ACTION_LAUNCH_SERVICE_ACTIVITY,0,0.07679930252714197,0.15359860505428394,578.1,88.23060693432863,"pearson_r, entropy_reduction_ratio, mutual_information",0.0,0.0,0.0,0.0,0.38399651263570983
intent_com.qihoo.appstore.ACTION_UPDATE_LAST_WX_CLEAR,0,0.07679930252714197,0.15359860505428394,578.1,88.23060693432863,"pearson_r, entropy_reduction_ratio, mutual_information",0.0,0.0,0.0,0.0,0.38399651263570983
intent_com.qihoo.appstore.ACTION_GET_DOWNLOAD_APK_PATH,0,0.07679930252714197,0.15359860505428394,578.1,88.23060693432863,"pearson_r, entropy_reduction_ratio, mutual_information",0.0,0.0,0.0,0.0,0.38399651263570983
intent_com.qihoo.appstore.ACTION_GAME_UNION_WEB,0,0.07679930252714197,0.15359860505428394,578.1,88.23060693432863,"pearson_r, entropy_reduction_ratio, mutual_information",0.0,0.0,0.0,0.0,0.38399651263570983
intent_com.qihoo.appstore.ACTION_GAME_UNION_DETAIL,0,0.07679930252714197,0.15359860505428394,578.1,88.23060693432863,"pearson_r, entropy_reduction_ratio, mutual_information",0.0,0.0,0.0,0.0,0.38399651263570983
intent_com.qihoo.appstore.ACTION_GAME_UNION_DESK,0,0.07679930252714197,0.15359860505428394,578.1,88.23060693432863,"pearson_r, entropy_reduction_ratio, mutual_information",0.0,0.0,0.0,0.0,0.38399651263570983
intent_com.qihoo.appstore.ACTION_EVENT_STAT,0,0.07679930252714197,0.15359860505428394,578.1,88.23060693432863,"pearson_r, entropy_reduction_ratio, mutual_information",0.0,0.0,0.0,0.0,0.38399651263570983
intent_com.qihoo.accountcenter.action.START_ACCOUNT_SERVICE,0,0.07679930252714197,0.15359860505428394,578.1,88.23060693432863,"pearson_r, entropy_reduction_ratio, mutual_information",0.0,0.0,0.0,0.0,0.38399651263570983
intent_com.qihoo.appstore.ACTION_CLEAR_BACKGROUND,0,0.07679930252714197,0.15359860505428394,578.1,88.23060693432863,"pearson_r, entropy_reduction_ratio, mutual_information",0.0,0.0,0.0,0.0,0.38399651263570983
intent_com.qihoo.appstore.ACTION_CLEAN_STOP_SERVICE,0,0.07679930252714197,0.15359860505428394,578.1,88.23060693432863,"pearson_r, entropy_reduction_ratio, mutual_information",0.0,0.0,0.0,0.0,0.38399651263570983
intent_com.qihoo.appstore.ACTION_CLEAN_START_SERVICE,0,0.07679930252714197,0.15359860505428394,578.1,88.23060693432863,"pearson_r, entropy_reduction_ratio, mutual_information",0.0,0.0,0.0,0.0,0.38399651263570983
intent_com.qihoo.appstore.ACTION_HANDLE_SYSTEM_APP,0,0.07679930252714197,0.15359860505428394,578.1,88.23060693432863,"pearson_r, entropy_reduction_ratio, mutual_information",0.0,0.0,0.0,0.0,0.38399651263570983
intent_com.qihoo.appstore.ACTION_GET_SIGNIN_FOR_NOTIFYCATION,0,0.07679930252714197,0.15359860505428394,578.1,88.23060693432863,"pearson_r, entropy_reduction_ratio, mutual_information",0.0,0.0,0.0,0.0,0.38399651263570983
intent_com.qihoo.appstore.checkupdate.NOTIFY_APP_UPDATE,0,0.07679930252714197,0.15359860505428394,578.1,88.23060693432863,"pearson_r, entropy_reduction_ratio, mutual_information",0.0,0.0,0.0,0.0,0.38399651263570983
intent_com.qihoo.appstore.checkupdate.INSTALL_ALL_SILENT_TASK,0,0.07679930252714197,0.15359860505428394,578.1,88.23060693432863,"pearson_r, entropy_reduction_ratio, mutual_information",0.0,0.0,0.0,0.0,0.38399651263570983
intent_com.qihoo.appstore.checkupdate.INIT_APK_INFO,0,0.07679930252714197,0.15359860505428394,578.1,88.23060693432863,"pearson_r, entropy_reduction_ratio, mutual_information",0.0,0.0,0.0,0.0,0.38399651263570983
intent_com.qihoo.appstore.checkupdate.CHECK_BAOHE_UPDATE,0,0.07679930252714197,0.15359860505428394,578.1,88.23060693432863,"pearson_r, entropy_reduction_ratio, mutual_information",0.0,0.0,0.0,0.0,0.38399651263570983
intent_com.qihoo.appstore.battery.STOP,0,0.07679930252714197,0.15359860505428394,578.1,88.23060693432863,"pearson_r, entropy_reduction_ratio, mutual_information",0.0,0.0,0.0,0.0,0.38399651263570983
intent_com.qihoo.appstore.ACTION_CLEAR_CREATE_SHORTCUT,0,0.07679930252714197,0.15359860505428394,578.1,88.23060693432863,"pearson_r, entropy_reduction_ratio, mutual_information",0.0,0.0,0.0,0.0,0.38399651263570983
intent_com.qihoo.appstore.ACTION_START_RADICALROOT,0,0.07679930252714197,0.15359860505428394,578.1,88.23060693432863,"pearson_r, entropy_reduction_ratio, mutual_information",0.0,0.0,0.0,0.0,0.38399651263570983
intent_com.qihoo.appstore.checkupdate.RESTART_ALL_DOWNLOAD,0,0.07679930252714197,0.15359860505428394,578.1,88.23060693432863,"pearson_r, entropy_reduction_ratio, mutual_information",0.0,0.0,0.0,0.0,0.38399651263570983
intent_com.qihoo.appstore.ACTION_STAT,0,0.07679930252714197,0.15359860505428394,578.1,88.23060693432863,"pearson_r, entropy_reduction_ratio, mutual_information",0.0,0.0,0.0,0.0,0.38399651263570983
intent_com.qihoo.appstore.QihooAlliance,0,0.07679930252714197,0.15359860505428394,578.1,88.23060693432863,"pearson_r, entropy_reduction_ratio, mutual_information",0.0,0.0,0.0,0.0,0.38399651263570983
intent_com.qihoo.appstore.PACKAGE_ADDED,0,0.07679930252714197,0.15359860505428394,578.1,88.23060693432863,"pearson_r, entropy_reduction_ratio, mutual_information",0.0,0.0,0.0,0.0,0.38399651263570983
intent_com.qihoo.appstore.OPEN_BROWSER,0,0.07679930252714197,0.15359860505428394,578.1,88.23060693432863,"pearson_r, entropy_reduction_ratio, mutual_information",0.0,0.0,0.0,0.0,0.38399651263570983
intent_com.qihoo.appstore.MEMCLEAR,0,0.07679930252714197,0.15359860505428394,578.1,88.23060693432863,"pearson_r, entropy_reduction_ratio, mutual_information",0.0,0.0,0.0,0.0,0.38399651263570983
intent_com.qihoo.appstore.battery.START,0,0.07679930252714197,0.15359860505428394,578.1,88.23060693432863,"pearson_r, entropy_reduction_ratio, mutual_information",0.0,0.0,0.0,0.0,0.38399651263570983
intent_com.qihoo.appstore.LitePluginTipDialogActivity,0,0.07679930252714197,0.15359860505428394,578.1,88.23060693432863,"pearson_r, entropy_reduction_ratio, mutual_information",0.0,0.0,0.0,0.0,0.38399651263570983
intent_com.qihoo.appstore.CLEAN_ACTIVITY_DESTROY,0,0.07679930252714197,0.15359860505428394,578.1,88.23060693432863,"pearson_r, entropy_reduction_ratio, mutual_information",0.0,0.0,0.0,0.0,0.38399651263570983
intent_com.qihoo.appstore.CHECK_APP_UPDATE_DESK_NOTIFICATION,0,0.07679930252714197,0.15359860505428394,578.1,88.23060693432863,"pearson_r, entropy_reduction_ratio, mutual_information",0.0,0.0,0.0,0.0,0.38399651263570983
intent_com.qihoo.appstore.BATTERY,0,0.07679930252714197,0.15359860505428394,578.1,88.23060693432863,"pearson_r, entropy_reduction_ratio, mutual_information",0.0,0.0,0.0,0.0,0.38399651263570983
intent_com.qihoo.appstore.plugin.battery.setConfig,0,0.07679930252714197,0.15359860505428394,578.1,88.23060693432863,"pearson_r, entropy_reduction_ratio, mutual_information",0.0,0.0,0.0,0.0,0.38399651263570983
intent_com.qihoo.appstore.plugin.START_PLUGIN_FROM_PROXY_LISTENER,0,0.07679930252714197,0.15359860505428394,578.1,88.23060693432863,"pearson_r, entropy_reduction_ratio, mutual_information",0.0,0.0,0.0,0.0,0.38399651263570983
intent_com.qihoo.appstore.open.wallet,0,0.07679930252714197,0.15359860505428394,578.1,88.23060693432863,"pearson_r, entropy_reduction_ratio, mutual_information",0.0,0.0,0.0,0.0,0.38399651263570983
intent_com.qihoo.appstore.notification.click_action,0,0.07679930252714197,0.15359860505428394,578.1,88.23060693432863,"pearson_r, entropy_reduction_ratio, mutual_information",0.0,0.0,0.0,0.0,0.38399651263570983
intent_com.qihoo.appstore.battery.START_EX,0,0.07679930252714197,0.15359860505428394,578.1,88.23060693432863,"pearson_r, entropy_reduction_ratio, mutual_information",0.0,0.0,0.0,0.0,0.38399651263570983
intent_action.qihoo360.daemon.pcdaemon.DaemonStatus,0,0.07679930252714197,0.15359860505428394,578.1,88.23060693432863,"pearson_r, entropy_reduction_ratio, mutual_information",0.0,0.0,0.0,0.0,0.38399651263570983
perm_qiku.permission.READ_WRITE_SAFE_SPACE,0,0.07679930252714197,0.15359860505428394,578.1,88.23060693432863,"pearson_r, entropy_reduction_ratio, mutual_information",0.0,0.0,0.0,0.0,0.38399651263570983
perm_com.sonyericsson.home.WRITE_SETTINGS,0,0.07679930252714197,0.15359860505428394,578.1,88.23060693432863,"pearson_r, entropy_reduction_ratio, mutual_information",0.0,0.0,0.0,0.0,0.38399651263570983
perm_com.nd.android.launcher.permission.WRITE_SETTINGS,0,0.07679930252714197,0.15359860505428394,578.1,88.23060693432863,"pearson_r, entropy_reduction_ratio, mutual_information",0.0,0.0,0.0,0.0,0.38399651263570983
perm_com.qiku.launcher.permission.WRITE_SETTINGS,0,0.07679930252714197,0.15359860505428394,578.1,88.23060693432863,"pearson_r, entropy_reduction_ratio, mutual_information",0.0,0.0,0.0,0.0,0.38399651263570983
perm_com.yulong.android.launcher3.WRITE_SETTINGS,0,0.07679930252714197,0.15359860505428394,578.1,88.23060693432863,"pearson_r, entropy_reduction_ratio, mutual_information",0.0,0.0,0.0,0.0,0.38399651263570983
perm_android.permission.RECEIVE_WAP_PUSH,0,0.07679930252714197,0.15359860505428394,578.1,88.23060693432863,"pearson_r, entropy_reduction_ratio, mutual_information",0.0,0.0,0.0,0.0,0.38399651263570983
intent_android.net.wifi.RSSI_CHANGED,0,0.07679930252714197,0.15359860505428394,578.1,88.23060693432863,"pearson_r, entropy_reduction_ratio, mutual_information",0.0,0.0,0.0,0.0,0.38399651263570983
perm_com.meizu.flyme.launcher.permission.WRITE_SETTINGS,0,0.07679930252714197,0.15359860505428394,578.1,88.23060693432863,"pearson_r, entropy_reduction_ratio, mutual_information",0.0,0.0,0.0,0.0,0.38399651263570983
perm_android.permission.READ_CELL_BROADCASTS,0,0.07679930252714197,0.15359860505428394,578.1,88.23060693432863,"pearson_r, entropy_reduction_ratio, mutual_information",0.0,0.0,0.0,0.0,0.38399651263570983
perm_xmpp.permission.RECEIVE_NOTIFICATION,0,0.07679930252714197,0.15359860505428394,578.1,88.23060693432863,"pearson_r, entropy_reduction_ratio, mutual_information",0.0,0.0,0.0,0.0,0.38399651263570983
intent_android.intent.action.BATTERY_CHANGED,0,0.07679930252714197,0.15359860505428394,578.1,88.23060693432863,"pearson_r, entropy_reduction_ratio, mutual_information",0.0,0.0,0.0,0.0,0.38399651263570983
intent_com.coolcloud.xmpp.NOTIFICATION.1010048,0,0.07679930252714197,0.15359860505428394,578.1,88.23060693432863,"pearson_r, entropy_reduction_ratio, mutual_information",0.0,0.0,0.0,0.0,0.38399651263570983
intent_action_send_pop,0,0.07679930252714197,0.15359860505428394,578.1,88.23060693432863,"pearson_r, entropy_reduction_ratio, mutual_information",0.0,0.0,0.0,0.0,0.38399651263570983
intent_com.qihoo.appstore.notification.click,0,0.07679930252714197,0.15359860505428394,578.1,88.23060693432863,"pearson_r, entropy_reduction_ratio, mutual_information",0.0,0.0,0.0,0.0,0.38399651263570983
perm_android.permission.MANAGE_USERS,0,0.07679930252714197,0.15359860505428394,578.1,88.23060693432863,"pearson_r, entropy_reduction_ratio, mutual_information",0.0,0.0,0.0,0.0,0.38399651263570983
perm_android.permission.CHANGE_WIMAX_STATE,0,0.07679930252714197,0.15359860505428394,578.1,88.23060693432863,"pearson_r, entropy_reduction_ratio, mutual_information",0.0,0.0,0.0,0.0,0.38399651263570983
perm_android.permission.WRITE_SYNC_SETTINGS,0,0.07679930252714197,0.15359860505428394,578.1,88.23060693432863,"pearson_r, entropy_reduction_ratio, mutual_information",0.0,0.0,0.0,0.0,0.38399651263570983
perm_android.permission.ACCESS_WIMAX_STATE,0,0.07679930252714197,0.15359860505428394,578.1,88.23060693432863,"pearson_r, entropy_reduction_ratio, mutual_information",0.0,0.0,0.0,0.0,0.38399651263570983
intent_android.intent.action.SERVICE_STATE,0,0.07679930252714197,0.15359860505428394,578.1,88.23060693432863,"pearson_r, entropy_reduction_ratio, mutual_information",0.0,0.0,0.0,0.0,0.38399651263570983
perm_android.permission.PERSISTENT_ACTIVITY,0,0.07679930252714197,0.15359860505428394,578.1,88.23060693432863,"pearson_r, entropy_reduction_ratio, mutual_information",0.0,0.0,0.0,0.0,0.38399651263570983
perm_android.permission.SUBSCRIBED_FEEDS_WRITE,0,0.07679930252714197,0.15359860505428394,578.1,88.23060693432863,"pearson_r, entropy_reduction_ratio, mutual_information",0.0,0.0,0.0,0.0,0.38399651263570983
perm_com.yulong.android.launcherL.permission.READ_SETTINGS,0,0.07679930252714197,0.15359860505428394,578.1,88.23060693432863,"pearson_r, entropy_reduction_ratio, mutual_information",0.0,0.0,0.0,0.0,0.38399651263570983
perm_com.yulong.android.launcher3.READ_SETTINGS,0,0.07679930252714197,0.15359860505428394,578.1,88.23060693432863,"pearson_r, entropy_reduction_ratio, mutual_information",0.0,0.0,0.0,0.0,0.38399651263570983
perm_com.qiku.launcher.permission.READ_SETTINGS,0,0.07679930252714197,0.15359860505428394,578.1,88.23060693432863,"pearson_r, entropy_reduction_ratio, mutual_information",0.0,0.0,0.0,0.0,0.38399651263570983
perm_com.android.launcher2.permission.WRITE_SETTINGS,0,0.07679930252714197,0.15359860505428394,578.1,88.23060693432863,"pearson_r, entropy_reduction_ratio, mutual_information",0.0,0.0,0.0,0.0,0.38399651263570983
perm_com.anddoes.launcher.permission.UPDATE_COUNT,0,0.07679930252714197,0.15359860505428394,578.1,88.23060693432863,"pearson_r, entropy_reduction_ratio, mutual_information",0.0,0.0,0.0,0.0,0.38399651263570983
perm_com.majeur.launcher.permission.UPDATE_BADGE,0,0.07679930252714197,0.15359860505428394,578.1,88.23060693432863,"pearson_r, entropy_reduction_ratio, mutual_information",0.0,0.0,0.0,0.0,0.38399651263570983
intent_android.intent.action.ACTION_SHUTDOWN,0,0.07679930252714197,0.15359860505428394,578.1,88.23060693432863,"pearson_r, entropy_reduction_ratio, mutual_information",0.0,0.0,0.0,0.0,0.38399651263570983
perm_android.permission.WRITE_OWNER_DATA,0,0.07679930252714197,0.15359860505428394,578.1,88.23060693432863,"pearson_r, entropy_reduction_ratio, mutual_information",0.0,0.0,0.0,0.0,0.38399651263570983
perm_com.htc.launcher.permission.UPDATE_SHORTCUT,0,0.07679930252714197,0.15359860505428394,578.1,88.23060693432863,"pearson_r, entropy_reduction_ratio, mutual_information",0.0,0.0,0.0,0.0,0.38399651263570983
perm_com.google.android.providers.talk.permission.WRITE_ONLY,0,0.07679930252714197,0.15359860505428394,578.1,88.23060693432863,"pearson_r, entropy_reduction_ratio, mutual_information",0.0,0.0,0.0,0.0,0.38399651263570983
perm_com.google.android.providers.talk.permission.READ_ONLY,0,0.07679930252714197,0.15359860505428394,578.1,88.23060693432863,"pearson_r, entropy_reduction_ratio, mutual_information",0.0,0.0,0.0,0.0,0.38399651263570983
perm_com.google.android.gms.permission.AD_ID_NOTIFICATION,0,0.07679930252714197,0.15359860505428394,578.1,88.23060693432863,"pearson_r, entropy_reduction_ratio, mutual_information",0.0,0.0,0.0,0.0,0.38399651263570983
perm_com.google.android.googleapps.permission.GOOGLE_AUTH.news,0,0.07679930252714197,0.15359860505428394,578.1,88.23060693432863,"pearson_r, entropy_reduction_ratio, mutual_information",0.0,0.0,0.0,0.0,0.38399651263570983
perm_com.google.android.googleapps.permission.GOOGLE_AUTH.wifi,0,0.07679930252714197,0.15359860505428394,578.1,88.23060693432863,"pearson_r, entropy_reduction_ratio, mutual_information",0.0,0.0,0.0,0.0,0.38399651263570983
perm_com.google.android.googleapps.permission.GOOGLE_AUTH.talk,0,0.07679930252714197,0.15359860505428394,578.1,88.23060693432863,"pearson_r, entropy_reduction_ratio, mutual_information",0.0,0.0,0.0,0.0,0.38399651263570983
perm_com.google.android.googleapps.permission.GOOGLE_AUTH.speechpersonalization,0,0.07679930252714197,0.15359860505428394,578.1,88.23060693432863,"pearson_r, entropy_reduction_ratio, mutual_information",0.0,0.0,0.0,0.0,0.38399651263570983
perm_com.google.android.googleapps.permission.GOOGLE_AUTH.speech,0,0.07679930252714197,0.15359860505428394,578.1,88.23060693432863,"pearson_r, entropy_reduction_ratio, mutual_information",0.0,0.0,0.0,0.0,0.38399651263570983
perm_com.google.android.googleapps.permission.GOOGLE_AUTH.sitemaps,0,0.07679930252714197,0.15359860505428394,578.1,88.23060693432863,"pearson_r, entropy_reduction_ratio, mutual_information",0.0,0.0,0.0,0.0,0.38399651263570983
perm_com.google.android.googleapps.permission.GOOGLE_AUTH.local,0,0.07679930252714197,0.15359860505428394,578.1,88.23060693432863,"pearson_r, entropy_reduction_ratio, mutual_information",0.0,0.0,0.0,0.0,0.38399651263570983
perm_com.google.android.googleapps.permission.GOOGLE_AUTH.lh2,0,0.07679930252714197,0.15359860505428394,578.1,88.23060693432863,"pearson_r, entropy_reduction_ratio, mutual_information",0.0,0.0,0.0,0.0,0.38399651263570983
perm_com.google.android.googleapps.permission.GOOGLE_AUTH.ig,0,0.07679930252714197,0.15359860505428394,578.1,88.23060693432863,"pearson_r, entropy_reduction_ratio, mutual_information",0.0,0.0,0.0,0.0,0.38399651263570983
perm_com.google.android.googleapps.permission.GOOGLE_AUTH.health,0,0.07679930252714197,0.15359860505428394,578.1,88.23060693432863,"pearson_r, entropy_reduction_ratio, mutual_information",0.0,0.0,0.0,0.0,0.38399651263570983
perm_com.google.android.googleapps.permission.GOOGLE_AUTH.gbase,0,0.07679930252714197,0.15359860505428394,578.1,88.23060693432863,"pearson_r, entropy_reduction_ratio, mutual_information",0.0,0.0,0.0,0.0,0.38399651263570983
perm_com.google.android.googleapps.permission.GOOGLE_AUTH.finance,0,0.07679930252714197,0.15359860505428394,578.1,88.23060693432863,"pearson_r, entropy_reduction_ratio, mutual_information",0.0,0.0,0.0,0.0,0.38399651263570983
perm_com.google.android.googleapps.permission.GOOGLE_AUTH.notebook,0,0.07679930252714197,0.15359860505428394,578.1,88.23060693432863,"pearson_r, entropy_reduction_ratio, mutual_information",0.0,0.0,0.0,0.0,0.38399651263570983
perm_com.google.android.googleapps.permission.GOOGLE_AUTH.cl,0,0.07679930252714197,0.15359860505428394,578.1,88.23060693432863,"pearson_r, entropy_reduction_ratio, mutual_information",0.0,0.0,0.0,0.0,0.38399651263570983
perm_com.google.android.googleapps.permission.GOOGLE_AUTH.blogger,0,0.07679930252714197,0.15359860505428394,578.1,88.23060693432863,"pearson_r, entropy_reduction_ratio, mutual_information",0.0,0.0,0.0,0.0,0.38399651263570983
perm_com.google.android.googleapps.permission.GOOGLE_AUTH.ah,0,0.07679930252714197,0.15359860505428394,578.1,88.23060693432863,"pearson_r, entropy_reduction_ratio, mutual_information",0.0,0.0,0.0,0.0,0.38399651263570983
perm_com.google.android.googleapps.permission.GOOGLE_AUTH.adwords,0,0.07679930252714197,0.15359860505428394,578.1,88.23060693432863,"pearson_r, entropy_reduction_ratio, mutual_information",0.0,0.0,0.0,0.0,0.38399651263570983
perm_com.google.android.googleapps.permission.GOOGLE_AUTH.orkut,0,0.07679930252714197,0.15359860505428394,578.1,88.23060693432863,"pearson_r, entropy_reduction_ratio, mutual_information",0.0,0.0,0.0,0.0,0.38399651263570983
perm_com.google.android.googleapps.permission.GOOGLE_AUTH.print,0,0.07679930252714197,0.15359860505428394,578.1,88.23060693432863,"pearson_r, entropy_reduction_ratio, mutual_information",0.0,0.0,0.0,0.0,0.38399651263570983
perm_android.permission.READ_OWNER_DATA,0,0.07679930252714197,0.15359860505428394,578.1,88.23060693432863,"pearson_r, entropy_reduction_ratio, mutual_information",0.0,0.0,0.0,0.0,0.38399651263570983
perm_com.google.android.googleapps.permission.GOOGLE_AUTH.cp,0,0.07679930252714197,0.15359860505428394,578.1,88.23060693432863,"pearson_r, entropy_reduction_ratio, mutual_information",0.0,0.0,0.0,0.0,0.38399651263570983
perm_me.everything.badger.permission.BADGE_COUNT_WRITE,0,0.07679930252714197,0.15359860505428394,578.1,88.23060693432863,"pearson_r, entropy_reduction_ratio, mutual_information",0.0,0.0,0.0,0.0,0.38399651263570983
perm_me.everything.badger.permission.BADGE_COUNT_READ,0,0.07679930252714197,0.15359860505428394,578.1,88.23060693432863,"pearson_r, entropy_reduction_ratio, mutual_information",0.0,0.0,0.0,0.0,0.38399651263570983
perm_android.permission.USE_SIP,0,0.07679930252714197,0.15359860505428394,578.1,88.23060693432863,"pearson_r, entropy_reduction_ratio, mutual_information",0.0,0.0,0.0,0.0,0.38399651263570983
perm_com.google.android.googleapps.permission.GOOGLE_AUTH.OTHER_SERVICES,0,0.07679930252714197,0.15359860505428394,578.1,88.23060693432863,"pearson_r, entropy_reduction_ratio, mutual_information",0.0,0.0,0.0,0.0,0.38399651263570983
perm_com.android.browser.permission.WRITE_HISTORY_BOOKMARKS,0,0.07679930252714197,0.15359860505428394,578.1,88.23060693432863,"pearson_r, entropy_reduction_ratio, mutual_information",0.0,0.0,0.0,0.0,0.38399651263570983
perm_com.google.android.googleapps.permission.GOOGLE_AUTH.wise,0,0.07679930252714197,0.15359860505428394,578.1,88.23060693432863,"pearson_r, entropy_reduction_ratio, mutual_information",0.0,0.0,0.0,0.0,0.38399651263570983
perm_com.sec.android.provider.badge.permission.WRITE,0,0.07679930252714197,0.15359860505428394,578.1,88.23060693432863,"pearson_r, entropy_reduction_ratio, mutual_information",0.0,0.0,0.0,0.0,0.38399651263570983
perm_com.sec.android.provider.badge.permission.READ,0,0.07679930252714197,0.15359860505428394,578.1,88.23060693432863,"pearson_r, entropy_reduction_ratio, mutual_information",0.0,0.0,0.0,0.0,0.38399651263570983
perm_com.google.android.googleapps.permission.GOOGLE_AUTH.writely,0,0.07679930252714197,0.15359860505428394,578.1,88.23060693432863,"pearson_r, entropy_reduction_ratio, mutual_information",0.0,0.0,0.0,0.0,0.38399651263570983
intent_safiap.GET_SHARED_DATA,0,0.07679930252714197,0.15359860505428394,578.1,88.23060693432863,"pearson_r, entropy_reduction_ratio, mutual_information",0.0,0.0,0.0,0.0,0.38399651263570983
perm_com.sonymobile.home.permission.PROVIDER_INSERT_BADGE,0,0.07679930252714197,0.15359860505428394,578.1,88.23060693432863,"pearson_r, entropy_reduction_ratio, mutual_information",0.0,0.0,0.0,0.0,0.38399651263570983
intent_safiap.framework.ACTION_START_DOWNLOAD,0,0.07679930252714197,0.15359860505428394,578.1,88.23060693432863,"pearson_r, entropy_reduction_ratio, mutual_information",0.0,0.0,0.0,0.0,0.38399651263570983
perm_com.s.launcher.permission.READ_SETTINGS,0,0.07679930252714197,0.15359860505428394,578.1,88.23060693432863,"pearson_r, entropy_reduction_ratio, mutual_information",0.0,0.0,0.0,0.0,0.38399651263570983
perm_com.actionlauncher.playstore.permission.READ_SETTINGS,0,0.07679930252714197,0.15359860505428394,578.1,88.23060693432863,"pearson_r, entropy_reduction_ratio, mutual_information",0.0,0.0,0.0,0.0,0.38399651263570983
intent_cn.jpush.android.intent.NOTIFICATION_RECEIVED_PROXY,0,0.07679930252714197,0.15359860505428394,578.1,88.23060693432863,"pearson_r, entropy_reduction_ratio, mutual_information",0.0,0.0,0.0,0.0,0.38399651263570983
perm_com.mx.launcher.permission.READ_SETTINGS,0,0.07679930252714197,0.15359860505428394,578.1,88.23060693432863,"pearson_r, entropy_reduction_ratio, mutual_information",0.0,0.0,0.0,0.0,0.38399651263570983
perm_com.apusapps.launcher.permission.READ_SETTINGS,0,0.07679930252714197,0.15359860505428394,578.1,88.23060693432863,"pearson_r, entropy_reduction_ratio, mutual_information",0.0,0.0,0.0,0.0,0.38399651263570983
perm_android.permission.ACCOUNT_MANAGER,0,0.07679930252714197,0.15359860505428394,578.1,88.23060693432863,"pearson_r, entropy_reduction_ratio, mutual_information",0.0,0.0,0.0,0.0,0.38399651263570983
perm_android.permission.BIND_APPWIDGET,0,0.07679930252714197,0.15359860505428394,578.1,88.23060693432863,"pearson_r, entropy_reduction_ratio, mutual_information",0.0,0.0,0.0,0.0,0.38399651263570983
intent_cn.jpush.android.ui.PushActivity,0,0.07679930252714197,0.15359860505428394,578.1,88.23060693432863,"pearson_r, entropy_reduction_ratio, mutual_information",0.0,0.0,0.0,0.0,0.38399651263570983
perm_com.google.android.googleapps.permission.GOOGLE_AUTH.sierraqa,0,0.07679930252714197,0.15359860505428394,578.1,88.23060693432863,"pearson_r, entropy_reduction_ratio, mutual_information",0.0,0.0,0.0,0.0,0.38399651263570983
perm_com.google.android.googleapps.permission.GOOGLE_AUTH.sierra,0,0.07679930252714197,0.15359860505428394,578.1,88.23060693432863,"pearson_r, entropy_reduction_ratio, mutual_information",0.0,0.0,0.0,0.0,0.38399651263570983
perm_com.google.android.googleapps.permission.GOOGLE_AUTH.sierrasandbox,0,0.07679930252714197,0.15359860505428394,578.1,88.23060693432863,"pearson_r, entropy_reduction_ratio, mutual_information",0.0,0.0,0.0,0.0,0.38399651263570983
perm_android.permission.BODY_SENSORS,0,0.07679930252714197,0.15359860505428394,578.1,88.23060693432863,"pearson_r, entropy_reduction_ratio, mutual_information",0.0,0.0,0.0,0.0,0.38399651263570983
intent_com.igexin.sdk.action.service.message,0,0.07679930252714197,0.15359860505428394,578.1,88.23060693432863,"pearson_r, entropy_reduction_ratio, mutual_information",0.0,0.0,0.0,0.0,0.38399651263570983
intent_cn.jpush.android.intent.PushService,0,0.07679930252714197,0.15359860505428394,578.1,88.23060693432863,"pearson_r, entropy_reduction_ratio, mutual_information",0.0,0.0,0.0,0.0,0.38399651263570983
perm_android.permission.WRITE_USER_DICTIONARY,0,0.07679930252714197,0.15359860505428394,578.1,88.23060693432863,"pearson_r, entropy_reduction_ratio, mutual_information",0.0,0.0,0.0,0.0,0.38399651263570983
intent_org.android.agoo.client.MessageReceiverService,0,0.07679930252714197,0.15359860505428394,578.1,88.23060693432863,"pearson_r, entropy_reduction_ratio, mutual_information",0.0,0.0,0.0,0.0,0.38399651263570983
intent_cn.jpush.android.intent.MESSAGE_RECEIVED,0,0.07679930252714197,0.15359860505428394,578.1,88.23060693432863,"pearson_r, entropy_reduction_ratio, mutual_information",0.0,0.0,0.0,0.0,0.38399651263570983
intent_com.tencent.mm.plugin.openapi.Intent.ACTION_REFRESH_WXAPP,0,0.07679930252714197,0.15359860505428394,578.1,88.23060693432863,"pearson_r, entropy_reduction_ratio, mutual_information",0.0,0.0,0.0,0.0,0.38399651263570983
intent_cn.jpush.android.intent.NOTIFICATION_OPENED,0,0.07679930252714197,0.15359860505428394,578.1,88.23060693432863,"pearson_r, entropy_reduction_ratio, mutual_information",0.0,0.0,0.0,0.0,0.38399651263570983
intent_com.baidu.location.service_v2.2,0,0.07679930252714197,0.15359860505428394,578.1,88.23060693432863,"pearson_r, entropy_reduction_ratio, mutual_information",0.0,0.0,0.0,0.0,0.38399651263570983
intent_com.umeng.messge.registercallback.action,0,0.07679930252714197,0.15359860505428394,578.1,88.23060693432863,"pearson_r, entropy_reduction_ratio, mutual_information",0.0,0.0,0.0,0.0,0.38399651263570983
intent_com.igexin.sdk.action.7fjUl2Z3LH6xYy7NQK4ni4,0,0.07679930252714197,0.15359860505428394,578.1,88.23060693432863,"pearson_r, entropy_reduction_ratio, mutual_information",0.0,0.0,0.0,0.0,0.38399651263570983
intent_android.intent.action.NOTIFICATION_ADD,0,0.07679930252714197,0.15359860505428394,578.1,88.23060693432863,"pearson_r, entropy_reduction_ratio, mutual_information",0.0,0.0,0.0,0.0,0.38399651263570983
intent_android.intent.action.NOTIFICATION_UPDATE,0,0.07679930252714197,0.15359860505428394,578.1,88.23060693432863,"pearson_r, entropy_reduction_ratio, mutual_information",0.0,0.0,0.0,0.0,0.38399651263570983
intent_safiap.framework.ACTION_NETWORK_ERROR_FRAMEWORK,0,0.07679930252714197,0.15359860505428394,578.1,88.23060693432863,"pearson_r, entropy_reduction_ratio, mutual_information",0.0,0.0,0.0,0.0,0.38399651263570983
intent_safiap.framework.ACTION_NETWORK_ERROR_IAP,0,0.07679930252714197,0.15359860505428394,578.1,88.23060693432863,"pearson_r, entropy_reduction_ratio, mutual_information",0.0,0.0,0.0,0.0,0.38399651263570983
intent_com.inmobi.share.id,0,0.07679930252714197,0.15359860505428394,578.1,88.23060693432863,"pearson_r, entropy_reduction_ratio, mutual_information",0.0,0.0,0.0,0.0,0.38399651263570983
intent_android.provider.OppoSpeechAssist.SMS_RECEIVED,0,0.07679930252714197,0.15359860505428394,578.1,88.23060693432863,"pearson_r, entropy_reduction_ratio, mutual_information",0.0,0.0,0.0,0.0,0.38399651263570983
intent_com.miui.smsextra.hhha,0,0.07679930252714197,0.15359860505428394,578.1,88.23060693432863,"pearson_r, entropy_reduction_ratio, mutual_information",0.0,0.0,0.0,0.0,0.38399651263570983
perm_android.permission.BROADCAST_SMS,0,0.07679930252714197,0.15359860505428394,578.1,88.23060693432863,"pearson_r, entropy_reduction_ratio, mutual_information",0.0,0.0,0.0,0.0,0.38399651263570983
perm_,0,0.07679930252714197,0.15359860505428394,578.1,88.23060693432863,"pearson_r, entropy_reduction_ratio, mutual_information",0.0,0.0,0.0,0.0,0.38399651263570983
intent_android.intent.action.MEDIA_EJECT,0,0.07679930252714197,0.15359860505428394,578.1,88.23060693432863,"pearson_r, entropy_reduction_ratio, mutual_information",0.0,0.0,0.0,0.0,0.38399651263570983
perm_android.permission.SEND_DOWNLOAD_COMPLETED_INTENTS,0,0.07679930252714197,0.15359860505428394,578.1,88.23060693432863,"pearson_r, entropy_reduction_ratio, mutual_information",0.0,0.0,0.0,0.0,0.38399651263570983
intent_com.xiaomi.mipush.RECEIVE_MESSAGE,0,0.07679930252714197,0.15359860505428394,578.1,88.23060693432863,"pearson_r, entropy_reduction_ratio, mutual_information",0.0,0.0,0.0,0.0,0.38399651263570983
perm_android.permission.BROADCAST_PACKAGE_INSTALL,0,0.07679930252714197,0.15359860505428394,578.1,88.23060693432863,"pearson_r, entropy_reduction_ratio, mutual_information",0.0,0.0,0.0,0.0,0.38399651263570983
perm_android.permission.READ_SYNC_STATS,0,0.07679930252714197,0.15359860505428394,578.1,88.23060693432863,"pearson_r, entropy_reduction_ratio, mutual_information",0.0,0.0,0.0,0.0,0.38399651263570983
perm_dianxin.permission.ACCESS_LAUNCHER_DATA,0,0.07679930252714197,0.15359860505428394,578.1,88.23060693432863,"pearson_r, entropy_reduction_ratio, mutual_information",0.0,0.0,0.0,0.0,0.38399651263570983
intent_com.excelliance.kxqp.platform.gameplugin.action.UNBIND_REMOTE,0,0.07679930252714197,0.15359860505428394,578.1,88.23060693432863,"pearson_r, entropy_reduction_ratio, mutual_information",0.0,0.0,0.0,0.0,0.38399651263570983
intent_com.excelliance.kxqp.platform.gameplugin.action.BIND_REMOTE,0,0.07679930252714197,0.15359860505428394,578.1,88.23060693432863,"pearson_r, entropy_reduction_ratio, mutual_information",0.0,0.0,0.0,0.0,0.38399651263570983
intent_com.aspire.purchaseservice.BIND,0,0.07679930252714197,0.15359860505428394,578.1,88.23060693432863,"pearson_r, entropy_reduction_ratio, mutual_information",0.0,0.0,0.0,0.0,0.38399651263570983
perm_android.permission.SIGNAL_PERSISTENT_PROCESSES,0,0.07679930252714197,0.15359860505428394,578.1,88.23060693432863,"pearson_r, entropy_reduction_ratio, mutual_information",0.0,0.0,0.0,0.0,0.38399651263570983
perm_org.adwfreak.launcher.permission.WRITE_SETTINGS,0,0.07679930252714197,0.15359860505428394,578.1,88.23060693432863,"pearson_r, entropy_reduction_ratio, mutual_information",0.0,0.0,0.0,0.0,0.38399651263570983
perm_com.sec.android.app.twlauncher.settings.WRITE_SETTINGS,0,0.07679930252714197,0.15359860505428394,578.1,88.23060693432863,"pearson_r, entropy_reduction_ratio, mutual_information",0.0,0.0,0.0,0.0,0.38399651263570983
perm_com.android.mylauncher.permission.WRITE_SETTINGS,0,0.07679930252714197,0.15359860505428394,578.1,88.23060693432863,"pearson_r, entropy_reduction_ratio, mutual_information",0.0,0.0,0.0,0.0,0.38399651263570983
perm_com.fede.launcher.permission.WRITE_SETTINGS,0,0.07679930252714197,0.15359860505428394,578.1,88.23060693432863,"pearson_r, entropy_reduction_ratio, mutual_information",0.0,0.0,0.0,0.0,0.38399651263570983
perm_com.ebproductions.android.launcher.permission.WRITE_SETTINGS,0,0.07679930252714197,0.15359860505428394,578.1,88.23060693432863,"pearson_r, entropy_reduction_ratio, mutual_information",0.0,0.0,0.0,0.0,0.38399651263570983
perm_android.permission.BIND_DIRECTORY_SEARCH,0,0.07679930252714197,0.15359860505428394,578.1,88.23060693432863,"pearson_r, entropy_reduction_ratio, mutual_information",0.0,0.0,0.0,0.0,0.38399651263570983
perm_com.huawei.launcher3.permission.WRITE_SETTINGS,0,0.07679930252714197,0.15359860505428394,578.1,88.23060693432863,"pearson_r, entropy_reduction_ratio, mutual_information",0.0,0.0,0.0,0.0,0.38399651263570983
perm_sec.android.permission.READ_MSG_PREF,0,0.07679930252714197,0.15359860505428394,578.1,88.23060693432863,"pearson_r, entropy_reduction_ratio, mutual_information",0.0,0.0,0.0,0.0,0.38399651263570983
perm_com.samsung.android.providers.context.permission.WRITE_RECORD_AUDIO,0,0.07679930252714197,0.15359860505428394,578.1,88.23060693432863,"pearson_r, entropy_reduction_ratio, mutual_information",0.0,0.0,0.0,0.0,0.38399651263570983
perm_com.samsung.svoice.sync.READ_DATABASE,0,0.07679930252714197,0.15359860505428394,578.1,88.23060693432863,"pearson_r, entropy_reduction_ratio, mutual_information",0.0,0.0,0.0,0.0,0.38399651263570983
perm_com.sec.android.permission.LAUNCH_PERSONAL_PAGE_SERVICE,0,0.07679930252714197,0.15359860505428394,578.1,88.23060693432863,"pearson_r, entropy_reduction_ratio, mutual_information",0.0,0.0,0.0,0.0,0.38399651263570983
intent_com.xiaomi.mipush.MESSAGE_ARRIVED,0,0.07679930252714197,0.15359860505428394,578.1,88.23060693432863,"pearson_r, entropy_reduction_ratio, mutual_information",0.0,0.0,0.0,0.0,0.38399651263570983
intent_com.snowfish.a.a.s.ABGSvc,0,0.07679930252714197,0.15359860505428394,578.1,88.23060693432863,"pearson_r, entropy_reduction_ratio, mutual_information",0.0,0.0,0.0,0.0,0.38399651263570983
perm_com.sec.android.app.voicenote.Controller,0,0.07679930252714197,0.15359860505428394,578.1,88.23060693432863,"pearson_r, entropy_reduction_ratio, mutual_information",0.0,0.0,0.0,0.0,0.38399651263570983
perm_com.lge.launcher.permission.WRITE_SETTINGS,0,0.07679930252714197,0.15359860505428394,578.1,88.23060693432863,"pearson_r, entropy_reduction_ratio, mutual_information",0.0,0.0,0.0,0.0,0.38399651263570983
intent_com.excelliance.kxqp.NEXT_CHAPTER,0,0.07679930252714197,0.15359860505428394,578.1,88.23060693432863,"pearson_r, entropy_reduction_ratio, mutual_information",0.0,0.0,0.0,0.0,0.38399651263570983
intent_com.baidu.android.pushservice.action.RECEIVE,0,0.07679930252714197,0.15359860505428394,578.1,88.23060693432863,"pearson_r, entropy_reduction_ratio, mutual_information",0.0,0.0,0.0,0.0,0.38399651263570983
intent_com.baidu.android.pushservice.action.MESSAGE,0,0.07679930252714197,0.15359860505428394,578.1,88.23060693432863,"pearson_r, entropy_reduction_ratio, mutual_information",0.0,0.0,0.0,0.0,0.38399651263570983
perm_com.samsung.android.scloud.backup.lib.write,0,0.07679930252714197,0.15359860505428394,578.1,88.23060693432863,"pearson_r, entropy_reduction_ratio, mutual_information",0.0,0.0,0.0,0.0,0.38399651263570983
intent_com.qihoo.appstore.ACTION_UNLOCK_BROADCAST_RECEIVE,0,0.07679930252714197,0.15359860505428394,578.1,88.23060693432863,"pearson_r, entropy_reduction_ratio, mutual_information",0.0,0.0,0.0,0.0,0.38399651263570983
perm_android.permission.BACKUP,0,0.07679930252714197,0.15359860505428394,578.1,88.23060693432863,"pearson_r, entropy_reduction_ratio, mutual_information",0.0,0.0,0.0,0.0,0.38399651263570983
perm_android.permission.UPDATE_DEVICE_STATS,0,0.07679930252714197,0.15359860505428394,578.1,88.23060693432863,"pearson_r, entropy_reduction_ratio, mutual_information",0.0,0.0,0.0,0.0,0.38399651263570983
intent_android.intent.action.MEDIA_UNMOUNTED,0,0.07679930252714197,0.15359860505428394,578.1,88.23060693432863,"pearson_r, entropy_reduction_ratio, mutual_information",0.0,0.0,0.0,0.0,0.38399651263570983
intent_com.baidu.android.pushservice.action.notification.CLICK,0,0.07679930252714197,0.15359860505428394,578.1,88.23060693432863,"pearson_r, entropy_reduction_ratio, mutual_information",0.0,0.0,0.0,0.0,0.38399651263570983
perm_com.huawei.authentication.HW_ACCESS_AUTH_SERVICE,0,0.07679930252714197,0.15359860505428394,578.1,88.23060693432863,"pearson_r, entropy_reduction_ratio, mutual_information",0.0,0.0,0.0,0.0,0.38399651263570983
perm_com.huawei.android.launcher.permission.CHANGE_BADGE,0,0.07679930252714197,0.15359860505428394,578.1,88.23060693432863,"pearson_r, entropy_reduction_ratio, mutual_information",0.0,0.0,0.0,0.0,0.38399651263570983
perm_android.permission.GET_INTENT_SENDER_INTENT,0,0.07679930252714197,0.15359860505428394,578.1,88.23060693432863,"pearson_r, entropy_reduction_ratio, mutual_information",0.0,0.0,0.0,0.0,0.38399651263570983
perm_android.permission.GET_CLIPS,0,0.07679930252714197,0.15359860505428394,578.1,88.23060693432863,"pearson_r, entropy_reduction_ratio, mutual_information",0.0,0.0,0.0,0.0,0.38399651263570983
intent_com.umeng.message.unregistercallback.action,0,0.07679930252714197,0.15359860505428394,578.1,88.23060693432863,"pearson_r, entropy_reduction_ratio, mutual_information",0.0,0.0,0.0,0.0,0.38399651263570983
perm_android.permission.WRITE_CLIPS,0,0.07679930252714197,0.15359860505428394,578.1,88.23060693432863,"pearson_r, entropy_reduction_ratio, mutual_information",0.0,0.0,0.0,0.0,0.38399651263570983
perm_com.android.launcher3.permission.INSTALL_SHORTCUT,0,0.07679930252714197,0.15359860505428394,578.1,88.23060693432863,"pearson_r, entropy_reduction_ratio, mutual_information",0.0,0.0,0.0,0.0,0.38399651263570983
intent_com.umeng.message.disablecallback.action,0,0.07679930252714197,0.15359860505428394,578.1,88.23060693432863,"pearson_r, entropy_reduction_ratio, mutual_information",0.0,0.0,0.0,0.0,0.38399651263570983
intent_com.umeng.message.enablecallback.action,0,0.07679930252714197,0.15359860505428394,578.1,88.23060693432863,"pearson_r, entropy_reduction_ratio, mutual_information",0.0,0.0,0.0,0.0,0.38399651263570983
perm_android.permission.ACCESS_WIFI_STATE.android.permission.READ_PHONE_STATE,0,0.07679930252714197,0.15359860505428394,578.1,88.23060693432863,"pearson_r, entropy_reduction_ratio, mutual_information",0.0,0.0,0.0,0.0,0.38399651263570983
perm_qiku.permission.RECEIVE_ACTIVITY_RESUMED,0,0.07679930252714197,0.15359860505428394,578.1,88.23060693432863,"pearson_r, entropy_reduction_ratio, mutual_information",0.0,0.0,0.0,0.0,0.38399651263570983
intent_co.ronash.pushe.CHECK_TASKS,0,0.07679930252714197,0.15359860505428394,578.1,88.23060693432863,"pearson_r, entropy_reduction_ratio, mutual_information",0.0,0.0,0.0,0.0,0.38399651263570983
intent_com.taobao.accs.intent.action.START_FROM_AGOO,0,0.07679930252714197,0.15359860505428394,578.1,88.23060693432863,"pearson_r, entropy_reduction_ratio, mutual_information",0.0,0.0,0.0,0.0,0.38399651263570983
intent_android.intent.action.SIG_STR,0,0.07679930252714197,0.15359860505428394,578.1,88.23060693432863,"pearson_r, entropy_reduction_ratio, mutual_information",0.0,0.0,0.0,0.0,0.38399651263570983
intent_com.taobao.accs.intent.action.RECEIVE,0,0.07679930252714197,0.15359860505428394,578.1,88.23060693432863,"pearson_r, entropy_reduction_ratio, mutual_information",0.0,0.0,0.0,0.0,0.38399651263570983
intent_com.taobao.accs.intent.action.SERVICE,0,0.07679930252714197,0.15359860505428394,578.1,88.23060693432863,"pearson_r, entropy_reduction_ratio, mutual_information",0.0,0.0,0.0,0.0,0.38399651263570983
intent_cn.jpush.android.intent.UNREGISTRATION,0,0.07679930252714197,0.15359860505428394,578.1,88.23060693432863,"pearson_r, entropy_reduction_ratio, mutual_information",0.0,0.0,0.0,0.0,0.38399651263570983
intent_ACTION.TAPCORE.SYNC,0,0.07679930252714197,0.15359860505428394,578.1,88.23060693432863,"pearson_r, entropy_reduction_ratio, mutual_information",0.0,0.0,0.0,0.0,0.38399651263570983
intent_com.amir.nightjar.service.BUFFER_SERVICES,0,0.07679930252714197,0.15359860505428394,578.1,88.23060693432863,"pearson_r, entropy_reduction_ratio, mutual_information",0.0,0.0,0.0,0.0,0.38399651263570983
intent_com.amir.nightjar.service.CONFIG_SERVICES,0,0.07679930252714197,0.15359860505428394,578.1,88.23060693432863,"pearson_r, entropy_reduction_ratio, mutual_information",0.0,0.0,0.0,0.0,0.38399651263570983
intent_ACTION.TAPCORE.MESSAGE,0,0.07679930252714197,0.15359860505428394,578.1,88.23060693432863,"pearson_r, entropy_reduction_ratio, mutual_information",0.0,0.0,0.0,0.0,0.38399651263570983
perm_cn.swiftpass.wxpay.permission.MM_MESSAGE,0,0.07679930252714197,0.15359860505428394,578.1,88.23060693432863,"pearson_r, entropy_reduction_ratio, mutual_information",0.0,0.0,0.0,0.0,0.38399651263570983
intent_android.intent.action.DOWNLOAD_WAKEUP,0,0.07679930252714197,0.15359860505428394,578.1,88.23060693432863,"pearson_r, entropy_reduction_ratio, mutual_information",0.0,0.0,0.0,0.0,0.38399651263570983
intent_com.amazon.device.messaging.intent.RECEIVE,0,0.07679930252714197,0.15359860505428394,578.1,88.23060693432863,"pearson_r, entropy_reduction_ratio, mutual_information",0.0,0.0,0.0,0.0,0.38399651263570983
perm_com.huawei.launcher.permission.READ_SETTINGS,0,0.07679930252714197,0.15359860505428394,578.1,88.23060693432863,"pearson_r, entropy_reduction_ratio, mutual_information",0.0,0.0,0.0,0.0,0.38399651263570983
perm_android.permission.READ_PROFILE,0,0.07679930252714197,0.15359860505428394,578.1,88.23060693432863,"pearson_r, entropy_reduction_ratio, mutual_information",0.0,0.0,0.0,0.0,0.38399651263570983
perm_com.amazon.device.messaging.permission.RECEIVE,0,0.07679930252714197,0.15359860505428394,578.1,88.23060693432863,"pearson_r, entropy_reduction_ratio, mutual_information",0.0,0.0,0.0,0.0,0.38399651263570983
intent_android.intent.action.DOWNLOAD_NOTIFY,0,0.07679930252714197,0.15359860505428394,578.1,88.23060693432863,"pearson_r, entropy_reduction_ratio, mutual_information",0.0,0.0,0.0,0.0,0.38399651263570983
intent_android.intent.action.DOWNLOAD_WAKEUP.sogou,0,0.07679930252714197,0.15359860505428394,578.1,88.23060693432863,"pearson_r, entropy_reduction_ratio, mutual_information",0.0,0.0,0.0,0.0,0.38399651263570983
intent_downfile,0,0.07679930252714197,0.15359860505428394,578.1,88.23060693432863,"pearson_r, entropy_reduction_ratio, mutual_information",0.0,0.0,0.0,0.0,0.38399651263570983
intent_com.excelliance.appmate.share,0,0.07679930252714197,0.15359860505428394,578.1,88.23060693432863,"pearson_r, entropy_reduction_ratio, mutual_information",0.0,0.0,0.0,0.0,0.38399651263570983
perm_com.facebook.katana.permission.RECEIVE_ADM_MESSAGE,0,0.07679930252714197,0.15359860505428394,578.1,88.23060693432863,"pearson_r, entropy_reduction_ratio, mutual_information",0.0,0.0,0.0,0.0,0.38399651263570983
perm_com.facebook.katana.permission.CROSS_PROCESS_BROADCAST_MANAGER,0,0.07679930252714197,0.15359860505428394,578.1,88.23060693432863,"pearson_r, entropy_reduction_ratio, mutual_information",0.0,0.0,0.0,0.0,0.38399651263570983
perm_com.facebook.katana.permission.C2D_MESSAGE,0,0.07679930252714197,0.15359860505428394,578.1,88.23060693432863,"pearson_r, entropy_reduction_ratio, mutual_information",0.0,0.0,0.0,0.0,0.38399651263570983
intent_android.accounts.AccountAuthenticator,0,0.07679930252714197,0.15359860505428394,578.1,88.23060693432863,"pearson_r, entropy_reduction_ratio, mutual_information",0.0,0.0,0.0,0.0,0.38399651263570983
intent_com.excelliance.kxqp.action.smtsrv,0,0.07679930252714197,0.15359860505428394,578.1,88.23060693432863,"pearson_r, entropy_reduction_ratio, mutual_information",0.0,0.0,0.0,0.0,0.38399651263570983
intent_com.excelliance.kxqp.action.smtcnt,0,0.07679930252714197,0.15359860505428394,578.1,88.23060693432863,"pearson_r, entropy_reduction_ratio, mutual_information",0.0,0.0,0.0,0.0,0.38399651263570983
perm_com.tencent.msf.permission.account.sync,0,0.07679930252714197,0.15359860505428394,578.1,88.23060693432863,"pearson_r, entropy_reduction_ratio, mutual_information",0.0,0.0,0.0,0.0,0.38399651263570983
intent_show_setting_page,0,0.07679930252714197,0.15359860505428394,578.1,88.23060693432863,"pearson_r, entropy_reduction_ratio, mutual_information",0.0,0.0,0.0,0.0,0.38399651263570983
intent_show_taskmanager,0,0.07679930252714197,0.15359860505428394,578.1,88.23060693432863,"pearson_r, entropy_reduction_ratio, mutual_information",0.0,0.0,0.0,0.0,0.38399651263570983
intent_com.easou.action.image.crop,0,0.07679930252714197,0.15359860505428394,578.1,88.23060693432863,"pearson_r, entropy_reduction_ratio, mutual_information",0.0,0.0,0.0,0.0,0.38399651263570983
intent_com.easou.eyou.START_EPAY_PROXY_SERVICE,0,0.07679930252714197,0.15359860505428394,578.1,88.23060693432863,"pearson_r, entropy_reduction_ratio, mutual_information",0.0,0.0,0.0,0.0,0.38399651263570983
intent_co.ronash.pushe.RECEIVE,0,0.07679930252714197,0.15359860505428394,578.1,88.23060693432863,"pearson_r, entropy_reduction_ratio, mutual_information",0.0,0.0,0.0,0.0,0.38399651263570983
perm_com.aspire.mm.permission.READ_SETTINGS,0,0.07679930252714197,0.15359860505428394,578.1,88.23060693432863,"pearson_r, entropy_reduction_ratio, mutual_information",0.0,0.0,0.0,0.0,0.38399651263570983
perm_com.fx.launcher.permission.READ_SETTINGS,0,0.07679930252714197,0.15359860505428394,578.1,88.23060693432863,"pearson_r, entropy_reduction_ratio, mutual_information",0.0,0.0,0.0,0.0,0.38399651263570983
intent_com.baidu.autoupdatesdk.ACTION_AS_DOWNLOAD_COMPLETE,0,0.07679930252714197,0.15359860505428394,578.1,88.23060693432863,"pearson_r, entropy_reduction_ratio, mutual_information",0.0,0.0,0.0,0.0,0.38399651263570983
intent_com.baidu.autoupdatesdk.ACTION_DOWNLOAD_COMPLETE,0,0.07679930252714197,0.15359860505428394,578.1,88.23060693432863,"pearson_r, entropy_reduction_ratio, mutual_information",0.0,0.0,0.0,0.0,0.38399651263570983
perm_com.tencent.mm.wear.message,0,0.07679930252714197,0.15359860505428394,578.1,88.23060693432863,"pearson_r, entropy_reduction_ratio, mutual_information",0.0,0.0,0.0,0.0,0.38399651263570983
perm_com.tencent.mm.permission.C2D_MESSAGE,0,0.07679930252714197,0.15359860505428394,578.1,88.23060693432863,"pearson_r, entropy_reduction_ratio, mutual_information",0.0,0.0,0.0,0.0,0.38399651263570983
perm_com.baiqi.weather.permission.READ_SETTINGS,0,0.07679930252714197,0.15359860505428394,578.1,88.23060693432863,"pearson_r, entropy_reduction_ratio, mutual_information",0.0,0.0,0.0,0.0,0.38399651263570983
perm_com.sonyericsson.homescreen.permission.READ_SETTINGS,0,0.07679930252714197,0.15359860505428394,578.1,88.23060693432863,"pearson_r, entropy_reduction_ratio, mutual_information",0.0,0.0,0.0,0.0,0.38399651263570983
perm_mobi.SyndicateApps.ICS.launcher.permission.READ_SETTINGS,0,0.07679930252714197,0.15359860505428394,578.1,88.23060693432863,"pearson_r, entropy_reduction_ratio, mutual_information",0.0,0.0,0.0,0.0,0.38399651263570983
perm_com.thunderst.launcher.permission.READ_SETTINGS,0,0.07679930252714197,0.15359860505428394,578.1,88.23060693432863,"pearson_r, entropy_reduction_ratio, mutual_information",0.0,0.0,0.0,0.0,0.38399651263570983
perm_com.motorola.dock.DesktopDock.permission.READ_SETTINGS,0,0.07679930252714197,0.15359860505428394,578.1,88.23060693432863,"pearson_r, entropy_reduction_ratio, mutual_information",0.0,0.0,0.0,0.0,0.38399651263570983
perm_android.permission.DOWNLOAD_CACHE_NON_PURGEABLE,0,0.07679930252714197,0.15359860505428394,578.1,88.23060693432863,"pearson_r, entropy_reduction_ratio, mutual_information",0.0,0.0,0.0,0.0,0.38399651263570983
perm_com.yulong2.android.launcher.permission.WRITE_SETTINGS,0,0.07679930252714197,0.15359860505428394,578.1,88.23060693432863,"pearson_r, entropy_reduction_ratio, mutual_information",0.0,0.0,0.0,0.0,0.38399651263570983
perm_com.yulong3.android.launcher.permission.WRITE_SETTINGS,0,0.07679930252714197,0.15359860505428394,578.1,88.23060693432863,"pearson_r, entropy_reduction_ratio, mutual_information",0.0,0.0,0.0,0.0,0.38399651263570983
perm_com.yulong.android.launcher.permission.WRITE_SETTINGS,0,0.07679930252714197,0.15359860505428394,578.1,88.23060693432863,"pearson_r, entropy_reduction_ratio, mutual_information",0.0,0.0,0.0,0.0,0.38399651263570983
intent_android.intent.action.PUSH_NOTIFY_ALARM,0,0.07679930252714197,0.15359860505428394,578.1,88.23060693432863,"pearson_r, entropy_reduction_ratio, mutual_information",0.0,0.0,0.0,0.0,0.38399651263570983
perm_com.yulong2.android.launcher.permission.READ_SETTINGS,0,0.07679930252714197,0.15359860505428394,578.1,88.23060693432863,"pearson_r, entropy_reduction_ratio, mutual_information",0.0,0.0,0.0,0.0,0.38399651263570983
perm_com.motorola.dlauncher.permission.READ_SETTINGS,0,0.07679930252714197,0.15359860505428394,578.1,88.23060693432863,"pearson_r, entropy_reduction_ratio, mutual_information",0.0,0.0,0.0,0.0,0.38399651263570983
perm_com.tencent.mm.ext.permission.READ,0,0.07679930252714197,0.15359860505428394,578.1,88.23060693432863,"pearson_r, entropy_reduction_ratio, mutual_information",0.0,0.0,0.0,0.0,0.38399651263570983
perm_com.tencent.mm.plugin.permission.WRITE,0,0.07679930252714197,0.15359860505428394,578.1,88.23060693432863,"pearson_r, entropy_reduction_ratio, mutual_information",0.0,0.0,0.0,0.0,0.38399651263570983
intent_android.Intent.ACTION_NEW_OUTGOING_CALL,0,0.07679930252714197,0.15359860505428394,578.1,88.23060693432863,"pearson_r, entropy_reduction_ratio, mutual_information",0.0,0.0,0.0,0.0,0.38399651263570983
perm_android.permission.REAL_GET_TASKS,0,0.07679930252714197,0.15359860505428394,578.1,88.23060693432863,"pearson_r, entropy_reduction_ratio, mutual_information",0.0,0.0,0.0,0.0,0.38399651263570983
perm_com.android.email.permission.READ_ATTACHMENT,0,0.07679930252714197,0.15359860505428394,578.1,88.23060693432863,"pearson_r, entropy_reduction_ratio, mutual_information",0.0,0.0,0.0,0.0,0.38399651263570983
perm_com.tencent.mm.permission.MM_MESSAGE,0,0.07679930252714197,0.15359860505428394,578.1,88.23060693432863,"pearson_r, entropy_reduction_ratio, mutual_information",0.0,0.0,0.0,0.0,0.38399651263570983
intent_show_fold,0,0.07679930252714197,0.15359860505428394,578.1,88.23060693432863,"pearson_r, entropy_reduction_ratio, mutual_information",0.0,0.0,0.0,0.0,0.38399651263570983
intent_com.excelliance.kxqp.action.swpsrv,0,0.07679930252714197,0.15359860505428394,578.1,88.23060693432863,"pearson_r, entropy_reduction_ratio, mutual_information",0.0,0.0,0.0,0.0,0.38399651263570983
intent_android.intent.action.BATTERY_CHANGED_ACTION,0,0.07679930252714197,0.15359860505428394,578.1,88.23060693432863,"pearson_r, entropy_reduction_ratio, mutual_information",0.0,0.0,0.0,0.0,0.38399651263570983
intent_android.intent.action.MEDIA_CHECKING,0,0.07679930252714197,0.15359860505428394,578.1,88.23060693432863,"pearson_r, entropy_reduction_ratio, mutual_information",0.0,0.0,0.0,0.0,0.38399651263570983
intent_android.settings.ADD_ACCOUNT_SETTINGS,0,0.07679930252714197,0.15359860505428394,578.1,88.23060693432863,"pearson_r, entropy_reduction_ratio, mutual_information",0.0,0.0,0.0,0.0,0.38399651263570983
perm_android.permission.ACCESS_CHECKIN_PROPERTIES,0,0.07679930252714197,0.15359860505428394,578.1,88.23060693432863,"pearson_r, entropy_reduction_ratio, mutual_information",0.0,0.0,0.0,0.0,0.38399651263570983
intent_show_helpcontent,0,0.07679930252714197,0.15359860505428394,578.1,88.23060693432863,"pearson_r, entropy_reduction_ratio, mutual_information",0.0,0.0,0.0,0.0,0.38399651263570983
perm_android.permission.RAISED_THREAD_PRIORITY,0,0.07679930252714197,0.15359860505428394,578.1,88.23060693432863,"pearson_r, entropy_reduction_ratio, mutual_information",0.0,0.0,0.0,0.0,0.38399651263570983
perm_com.lenovo.launcher.permission.WRITE_SETTINGS,0,0.07679930252714197,0.15359860505428394,578.1,88.23060693432863,"pearson_r, entropy_reduction_ratio, mutual_information",0.0,0.0,0.0,0.0,0.38399651263570983
perm_android.permission.MANAGE_DEVICE_ADMINS,0,0.07679930252714197,0.15359860505428394,578.1,88.23060693432863,"pearson_r, entropy_reduction_ratio, mutual_information",0.0,0.0,0.0,0.0,0.38399651263570983
intent_android.view.InputMethod,0,0.07679930252714197,0.15359860505428394,578.1,88.23060693432863,"pearson_r, entropy_reduction_ratio, mutual_information",0.0,0.0,0.0,0.0,0.38399651263570983
intent_com.esbook.receiver.CLICK_BOOK_UPDATE,0,0.07679930252714197,0.15359860505428394,578.1,88.23060693432863,"pearson_r, entropy_reduction_ratio, mutual_information",0.0,0.0,0.0,0.0,0.38399651263570983
intent_com.qihoo.commonreceiver.ARRIVED,0,0.07679930252714197,0.15359860505428394,578.1,88.23060693432863,"pearson_r, entropy_reduction_ratio, mutual_information",0.0,0.0,0.0,0.0,0.38399651263570983
intent_com.easou.eyou.START_EPAY_PROXY_ACTIVITY,0,0.07679930252714197,0.15359860505428394,578.1,88.23060693432863,"pearson_r, entropy_reduction_ratio, mutual_information",0.0,0.0,0.0,0.0,0.38399651263570983
intent_com.huawei.intent.action.PUSH,0,0.07679930252714197,0.15359860505428394,578.1,88.23060693432863,"pearson_r, entropy_reduction_ratio, mutual_information",0.0,0.0,0.0,0.0,0.38399651263570983
perm_android.permission.BAIDU_LOCATION_SERVICE,0,0.07679930252714197,0.15359860505428394,578.1,88.23060693432863,"pearson_r, entropy_reduction_ratio, mutual_information",0.0,0.0,0.0,0.0,0.38399651263570983
intent_show_cpuad,0,0.07679930252714197,0.15359860505428394,578.1,88.23060693432863,"pearson_r, entropy_reduction_ratio, mutual_information",0.0,0.0,0.0,0.0,0.38399651263570983
intent_aspire.iap.SMS_SEND_ACTIOIN,0,0.07679930252714197,0.15359860505428394,578.1,88.23060693432863,"pearson_r, entropy_reduction_ratio, mutual_information",0.0,0.0,0.0,0.0,0.38399651263570983
intent_com.igexin.sdk.action.64kVIzqls49c7TJxrBbWG4,0,0.07679930252714197,0.15359860505428394,578.1,88.23060693432863,"pearson_r, entropy_reduction_ratio, mutual_information",0.0,0.0,0.0,0.0,0.38399651263570983
intent_com.tencent.android.tpush.action.PUSH_MESSAGE,0,0.07679930252714197,0.15359860505428394,578.1,88.23060693432863,"pearson_r, entropy_reduction_ratio, mutual_information",0.0,0.0,0.0,0.0,0.38399651263570983
intent_show_lock_app,0,0.07679930252714197,0.15359860505428394,578.1,88.23060693432863,"pearson_r, entropy_reduction_ratio, mutual_information",0.0,0.0,0.0,0.0,0.38399651263570983
intent_show_lock_forget_pwd,0,0.07679930252714197,0.15359860505428394,578.1,88.23060693432863,"pearson_r, entropy_reduction_ratio, mutual_information",0.0,0.0,0.0,0.0,0.38399651263570983
intent_com.qihoo.psdk.service.action.local,0,0.07679930252714197,0.15359860505428394,578.1,88.23060693432863,"pearson_r, entropy_reduction_ratio, mutual_information",0.0,0.0,0.0,0.0,0.38399651263570983
intent_show_lock_set_email,0,0.07679930252714197,0.15359860505428394,578.1,88.23060693432863,"pearson_r, entropy_reduction_ratio, mutual_information",0.0,0.0,0.0,0.0,0.38399651263570983
intent_com.yuetu.shentu.Intent.WECHAT_AUTH,0,0.07679930252714197,0.15359860505428394,578.1,88.23060693432863,"pearson_r, entropy_reduction_ratio, mutual_information",0.0,0.0,0.0,0.0,0.38399651263570983
perm_android.permission.MOUNT_FORMAT_FILESYSTEMS,0,0.07679930252714197,0.15359860505428394,578.1,88.23060693432863,"pearson_r, entropy_reduction_ratio, mutual_information",0.0,0.0,0.0,0.0,0.38399651263570983
intent_com.huawei.android.push.intent.REGISTRATION,0,0.07679930252714197,0.15359860505428394,578.1,88.23060693432863,"pearson_r, entropy_reduction_ratio, mutual_information",0.0,0.0,0.0,0.0,0.38399651263570983
intent_com.huawei.intent.action.PUSH_STATE,0,0.07679930252714197,0.15359860505428394,578.1,88.23060693432863,"pearson_r, entropy_reduction_ratio, mutual_information",0.0,0.0,0.0,0.0,0.38399651263570983
perm_com.qihoo.appstore.rtservice.ACCESS_RTSERVICE,0,0.07679930252714197,0.15359860505428394,578.1,88.23060693432863,"pearson_r, entropy_reduction_ratio, mutual_information",0.0,0.0,0.0,0.0,0.38399651263570983
intent_com.qihoo.sdkplugging.host.proxy.activity.VIEW,0,0.07679930252714197,0.15359860505428394,578.1,88.23060693432863,"pearson_r, entropy_reduction_ratio, mutual_information",0.0,0.0,0.0,0.0,0.38399651263570983
perm_android.permission.ACCESS_ALL_DOWNLOADS,0,0.07679930252714197,0.15359860505428394,578.1,88.23060693432863,"pearson_r, entropy_reduction_ratio, mutual_information",0.0,0.0,0.0,0.0,0.38399651263570983
intent_android.intent.action.ACTION_VIEW_DOWNLOADS,0,0.07679930252714197,0.15359860505428394,578.1,88.23060693432863,"pearson_r, entropy_reduction_ratio, mutual_information",0.0,0.0,0.0,0.0,0.38399651263570983
intent_com.excelliance.dualaid.action.psjardl,0,0.07679930252714197,0.15359860505428394,578.1,88.23060693432863,"pearson_r, entropy_reduction_ratio, mutual_information",0.0,0.0,0.0,0.0,0.38399651263570983
intent_com.excelliance.dualaid.action.download,0,0.07679930252714197,0.15359860505428394,578.1,88.23060693432863,"pearson_r, entropy_reduction_ratio, mutual_information",0.0,0.0,0.0,0.0,0.38399651263570983
intent_com.example.servicejar.action.SHORTCUT_CLICKED,0,0.07679930252714197,0.15359860505428394,578.1,88.23060693432863,"pearson_r, entropy_reduction_ratio, mutual_information",0.0,0.0,0.0,0.0,0.38399651263570983
intent_com.example.servicejar.action.START_SPIRIT,0,0.07679930252714197,0.15359860505428394,578.1,88.23060693432863,"pearson_r, entropy_reduction_ratio, mutual_information",0.0,0.0,0.0,0.0,0.38399651263570983
perm_com.xiaomi.permission.AUTH_SERVICE,0,0.07679930252714197,0.15359860505428394,578.1,88.23060693432863,"pearson_r, entropy_reduction_ratio, mutual_information",0.0,0.0,0.0,0.0,0.38399651263570983
intent_cn.xiaoneng.xpush.service,0,0.07679930252714197,0.15359860505428394,578.1,88.23060693432863,"pearson_r, entropy_reduction_ratio, mutual_information",0.0,0.0,0.0,0.0,0.38399651263570983
perm_android.permission.GET_DETAILED_TASKS,0,0.07679930252714197,0.15359860505428394,578.1,88.23060693432863,"pearson_r, entropy_reduction_ratio, mutual_information",0.0,0.0,0.0,0.0,0.38399651263570983
perm_com.android.launcher.permission.CREATE_SHORTCUT,0,0.07679930252714197,0.15359860505428394,578.1,88.23060693432863,"pearson_r, entropy_reduction_ratio, mutual_information",0.0,0.0,0.0,0.0,0.38399651263570983
intent_com.excelliance.dualaid.action.psts,0,0.07679930252714197,0.15359860505428394,578.1,88.23060693432863,"pearson_r, entropy_reduction_ratio, mutual_information",0.0,0.0,0.0,0.0,0.38399651263570983
intent_com.getui.gtc.sdk.service.action,0,0.07679930252714197,0.15359860505428394,578.1,88.23060693432863,"pearson_r, entropy_reduction_ratio, mutual_information",0.0,0.0,0.0,0.0,0.38399651263570983
intent_android.intent.action.mainintentex,0,0.07679930252714197,0.15359860505428394,578.1,88.23060693432863,"pearson_r, entropy_reduction_ratio, mutual_information",0.0,0.0,0.0,0.0,0.38399651263570983
intent_action.com.excelliance.install.plugin,0,0.07679930252714197,0.15359860505428394,578.1,88.23060693432863,"pearson_r, entropy_reduction_ratio, mutual_information",0.0,0.0,0.0,0.0,0.38399651263570983
perm_android.Manifest.permission.READ_PHONE_NUMBERS,0,0.07679930252714197,0.15359860505428394,578.1,88.23060693432863,"pearson_r, entropy_reduction_ratio, mutual_information",0.0,0.0,0.0,0.0,0.38399651263570983
intent_show_moresetting,0,0.07679930252714197,0.15359860505428394,578.1,88.23060693432863,"pearson_r, entropy_reduction_ratio, mutual_information",0.0,0.0,0.0,0.0,0.38399651263570983
intent_android.intent.action.SENT_SMS_ACTION,0,0.07679930252714197,0.15359860505428394,578.1,88.23060693432863,"pearson_r, entropy_reduction_ratio, mutual_information",0.0,0.0,0.0,0.0,0.38399651263570983
perm_android.Manifest.permission.READ_SMS,0,0.07679930252714197,0.15359860505428394,578.1,88.23060693432863,"pearson_r, entropy_reduction_ratio, mutual_information",0.0,0.0,0.0,0.0,0.38399651263570983
intent_com.Remind.alarm.enable,0,0.07679930252714197,0.15359860505428394,578.1,88.23060693432863,"pearson_r, entropy_reduction_ratio, mutual_information",0.0,0.0,0.0,0.0,0.38399651263570983
intent_android.intent.action.PACKAGE_RESTARTED,0,0.07679930252714197,0.15359860505428394,578.1,88.23060693432863,"pearson_r, entropy_reduction_ratio, mutual_information",0.0,0.0,0.0,0.0,0.38399651263570983
intent_android.net.ConnectivityManager.CONNECTIVITY_ACTION,0,0.07679930252714197,0.15359860505428394,578.1,88.23060693432863,"pearson_r, entropy_reduction_ratio, mutual_information",0.0,0.0,0.0,0.0,0.38399651263570983
intent_com.excelliance.dualaid.action.pg,0,0.07679930252714197,0.15359860505428394,578.1,88.23060693432863,"pearson_r, entropy_reduction_ratio, mutual_information",0.0,0.0,0.0,0.0,0.38399651263570983
perm_com.android.permission.WRITE_APN_SETTINGS,0,0.07679930252714197,0.15359860505428394,578.1,88.23060693432863,"pearson_r, entropy_reduction_ratio, mutual_information",0.0,0.0,0.0,0.0,0.38399651263570983
intent_show_taskmanagerwhitelist,0,0.07679930252714197,0.15359860505428394,578.1,88.23060693432863,"pearson_r, entropy_reduction_ratio, mutual_information",0.0,0.0,0.0,0.0,0.38399651263570983
intent_android.intent.action.apservice,0,0.07679930252714197,0.15359860505428394,578.1,88.23060693432863,"pearson_r, entropy_reduction_ratio, mutual_information",0.0,0.0,0.0,0.0,0.38399651263570983
intent_com.meizu.c2dm.intent.RECEIVE,0,0.07679930252714197,0.15359860505428394,578.1,88.23060693432863,"pearson_r, entropy_reduction_ratio, mutual_information",0.0,0.0,0.0,0.0,0.38399651263570983
intent_com.meizu.c2dm.intent.REGISTRATION,0,0.07679930252714197,0.15359860505428394,578.1,88.23060693432863,"pearson_r, entropy_reduction_ratio, mutual_information",0.0,0.0,0.0,0.0,0.38399651263570983
intent_com.sogou.passport.service.aidl,0,0.07679930252714197,0.15359860505428394,578.1,88.23060693432863,"pearson_r, entropy_reduction_ratio, mutual_information",0.0,0.0,0.0,0.0,0.38399651263570983
perm_android.permission.ACCESS_GPS,0,0.07679930252714197,0.15359860505428394,578.1,88.23060693432863,"pearson_r, entropy_reduction_ratio, mutual_information",0.0,0.0,0.0,0.0,0.38399651263570983
intent_android.intent.action.UMS_CONNECTED,0,0.07679930252714197,0.15359860505428394,578.1,88.23060693432863,"pearson_r, entropy_reduction_ratio, mutual_information",0.0,0.0,0.0,0.0,0.38399651263570983
intent_com.meizu.flyme.push.intent.MESSAGE,0,0.07679930252714197,0.15359860505428394,578.1,88.23060693432863,"pearson_r, entropy_reduction_ratio, mutual_information",0.0,0.0,0.0,0.0,0.38399651263570983
intent_com.meizu.flyme.push.intent.REGISTER.FEEDBACK,0,0.07679930252714197,0.15359860505428394,578.1,88.23060693432863,"pearson_r, entropy_reduction_ratio, mutual_information",0.0,0.0,0.0,0.0,0.38399651263570983
intent_com.meizu.flyme.push.intent.UNREGISTER.FEEDBACK,0,0.07679930252714197,0.15359860505428394,578.1,88.23060693432863,"pearson_r, entropy_reduction_ratio, mutual_information",0.0,0.0,0.0,0.0,0.38399651263570983
intent_android.intent.action.ACTION_PACKAGE_ADDED,0,0.07679930252714197,0.15359860505428394,578.1,88.23060693432863,"pearson_r, entropy_reduction_ratio, mutual_information",0.0,0.0,0.0,0.0,0.38399651263570983
intent_com.mobiletool.appstore.action.extend,0,0.07679930252714197,0.15359860505428394,578.1,88.23060693432863,"pearson_r, entropy_reduction_ratio, mutual_information",0.0,0.0,0.0,0.0,0.38399651263570983
intent_com.Remind.launch.app,0,0.07679930252714197,0.15359860505428394,578.1,88.23060693432863,"pearson_r, entropy_reduction_ratio, mutual_information",0.0,0.0,0.0,0.0,0.38399651263570983
intent_com.mobiletool.appstore.action.wap,0,0.07679930252714197,0.15359860505428394,578.1,88.23060693432863,"pearson_r, entropy_reduction_ratio, mutual_information",0.0,0.0,0.0,0.0,0.38399651263570983
intent_com.mobiletool.appstore.action.update,0,0.07679930252714197,0.15359860505428394,578.1,88.23060693432863,"pearson_r, entropy_reduction_ratio, mutual_information",0.0,0.0,0.0,0.0,0.38399651263570983
intent_com.Remind.alarm.repeat,0,0.07679930252714197,0.15359860505428394,578.1,88.23060693432863,"pearson_r, entropy_reduction_ratio, mutual_information",0.0,0.0,0.0,0.0,0.38399651263570983
intent_com.mobiletool.appstore.action.specialdetail,0,0.07679930252714197,0.15359860505428394,578.1,88.23060693432863,"pearson_r, entropy_reduction_ratio, mutual_information",0.0,0.0,0.0,0.0,0.38399651263570983
intent_com.mobiletool.appstore.highspeed,0,0.07679930252714197,0.15359860505428394,578.1,88.23060693432863,"pearson_r, entropy_reduction_ratio, mutual_information",0.0,0.0,0.0,0.0,0.38399651263570983
intent_com.mobiletool.appstore.intent.action.COMMAND,0,0.07679930252714197,0.15359860505428394,578.1,88.23060693432863,"pearson_r, entropy_reduction_ratio, mutual_information",0.0,0.0,0.0,0.0,0.38399651263570983
intent_com.qihoo.sdkplugging.host.service.CommonHostProxyService,0,0.07679930252714197,0.15359860505428394,578.1,88.23060693432863,"pearson_r, entropy_reduction_ratio, mutual_information",0.0,0.0,0.0,0.0,0.38399651263570983
intent_com.mobiletool.appstore.action.download,0,0.07679930252714197,0.15359860505428394,578.1,88.23060693432863,"pearson_r, entropy_reduction_ratio, mutual_information",0.0,0.0,0.0,0.0,0.38399651263570983
intent_com.mobiletool.appstore.action.service,0,0.07679930252714197,0.15359860505428394,578.1,88.23060693432863,"pearson_r, entropy_reduction_ratio, mutual_information",0.0,0.0,0.0,0.0,0.38399651263570983
intent_com.mobiletool.appstore.action.topicdetail,0,0.07679930252714197,0.15359860505428394,578.1,88.23060693432863,"pearson_r, entropy_reduction_ratio, mutual_information",0.0,0.0,0.0,0.0,0.38399651263570983
intent_android.intent.action.ACTION_MEDIA_EJECT,0,0.07679930252714197,0.15359860505428394,578.1,88.23060693432863,"pearson_r, entropy_reduction_ratio, mutual_information",0.0,0.0,0.0,0.0,0.38399651263570983
perm_com.facebook.permission.prod.FB_APP_COMMUNICATION,0,0.07679930252714197,0.15359860505428394,578.1,88.23060693432863,"pearson_r, entropy_reduction_ratio, mutual_information",0.0,0.0,0.0,0.0,0.38399651263570983
perm_android.permission.REBOOT_IPO,0,0.07679930252714197,0.15359860505428394,578.1,88.23060693432863,"pearson_r, entropy_reduction_ratio, mutual_information",0.0,0.0,0.0,0.0,0.38399651263570983
intent_com.huawei.android.push.intent.CLICK,0,0.07679930252714197,0.15359860505428394,578.1,88.23060693432863,"pearson_r, entropy_reduction_ratio, mutual_information",0.0,0.0,0.0,0.0,0.38399651263570983
intent_com.gtp.nextlauncher.theme,0,0.07679930252714197,0.15359860505428394,578.1,88.23060693432863,"pearson_r, entropy_reduction_ratio, mutual_information",0.0,0.0,0.0,0.0,0.38399651263570983
intent_com.kingroot.common.ACTION_NOTIFY_IN_SELF_APP_MAIN,0,0.07679930252714197,0.15359860505428394,578.1,88.23060693432863,"pearson_r, entropy_reduction_ratio, mutual_information",0.0,0.0,0.0,0.0,0.38399651263570983
intent_com.kingroot.common.ACTION_NEW_APP_STARTED,0,0.07679930252714197,0.15359860505428394,578.1,88.23060693432863,"pearson_r, entropy_reduction_ratio, mutual_information",0.0,0.0,0.0,0.0,0.38399651263570983
intent_com.qihoo.appstore.download_some_apk,0,0.07679930252714197,0.15359860505428394,578.1,88.23060693432863,"pearson_r, entropy_reduction_ratio, mutual_information",0.0,0.0,0.0,0.0,0.38399651263570983
intent_com.kingroot.common.ACTION_SWITCH_OUT_DESKTOP,0,0.07679930252714197,0.15359860505428394,578.1,88.23060693432863,"pearson_r, entropy_reduction_ratio, mutual_information",0.0,0.0,0.0,0.0,0.38399651263570983
intent_com.kingroot.common.ACTION_SWITCH_IN_DESKTOP,0,0.07679930252714197,0.15359860505428394,578.1,88.23060693432863,"pearson_r, entropy_reduction_ratio, mutual_information",0.0,0.0,0.0,0.0,0.38399651263570983
intent_com.onesignal.NotificationExtender,0,0.07679930252714197,0.15359860505428394,578.1,88.23060693432863,"pearson_r, entropy_reduction_ratio, mutual_information",0.0,0.0,0.0,0.0,0.38399651263570983
intent_com.urbanairship.push.OPENED,0,0.07679930252714197,0.15359860505428394,578.1,88.23060693432863,"pearson_r, entropy_reduction_ratio, mutual_information",0.0,0.0,0.0,0.0,0.38399651263570983
intent_org.agoo.android.intent.action.PING,0,0.07679930252714197,0.15359860505428394,578.1,88.23060693432863,"pearson_r, entropy_reduction_ratio, mutual_information",0.0,0.0,0.0,0.0,0.38399651263570983
intent_com.excelliance.open.action.apkverchk,0,0.07679930252714197,0.15359860505428394,578.1,88.23060693432863,"pearson_r, entropy_reduction_ratio, mutual_information",0.0,0.0,0.0,0.0,0.38399651263570983
intent_com.sogou.passport.service.upload,0,0.07679930252714197,0.15359860505428394,578.1,88.23060693432863,"pearson_r, entropy_reduction_ratio, mutual_information",0.0,0.0,0.0,0.0,0.38399651263570983
intent_com.ss.android.socialbase.downloader.remote,0,0.07679930252714197,0.15359860505428394,578.1,88.23060693432863,"pearson_r, entropy_reduction_ratio, mutual_information",0.0,0.0,0.0,0.0,0.38399651263570983
intent_com.sogou.androidtool.action.topicdetail,0,0.07679930252714197,0.15359860505428394,578.1,88.23060693432863,"pearson_r, entropy_reduction_ratio, mutual_information",0.0,0.0,0.0,0.0,0.38399651263570983
intent_com.sogou.androidtool.action.main,0,0.07679930252714197,0.15359860505428394,578.1,88.23060693432863,"pearson_r, entropy_reduction_ratio, mutual_information",0.0,0.0,0.0,0.0,0.38399651263570983
perm_com.kingroot.kinguser.permission.REQUEST,0,0.07679930252714197,0.15359860505428394,578.1,88.23060693432863,"pearson_r, entropy_reduction_ratio, mutual_information",0.0,0.0,0.0,0.0,0.38399651263570983
intent_com.sogou.androidtool.action.sdk,0,0.07679930252714197,0.15359860505428394,578.1,88.23060693432863,"pearson_r, entropy_reduction_ratio, mutual_information",0.0,0.0,0.0,0.0,0.38399651263570983
intent_com.sogou.androidtool.action.appdetail,0,0.07679930252714197,0.15359860505428394,578.1,88.23060693432863,"pearson_r, entropy_reduction_ratio, mutual_information",0.0,0.0,0.0,0.0,0.38399651263570983
intent_com.kingroot.master.action.NOTIFY_STATISTIC,0,0.07679930252714197,0.15359860505428394,578.1,88.23060693432863,"pearson_r, entropy_reduction_ratio, mutual_information",0.0,0.0,0.0,0.0,0.38399651263570983
intent_com.kingroot.master.action.NAIN_EXIT_NOTIFY,0,0.07679930252714197,0.15359860505428394,578.1,88.23060693432863,"pearson_r, entropy_reduction_ratio, mutual_information",0.0,0.0,0.0,0.0,0.38399651263570983
intent_com.kingroot.kinguser.SU_REQUEST,0,0.07679930252714197,0.15359860505428394,578.1,88.23060693432863,"pearson_r, entropy_reduction_ratio, mutual_information",0.0,0.0,0.0,0.0,0.38399651263570983
intent_com.sogou.androidtool.action.service,0,0.07679930252714197,0.15359860505428394,578.1,88.23060693432863,"pearson_r, entropy_reduction_ratio, mutual_information",0.0,0.0,0.0,0.0,0.38399651263570983
intent_qihu360.intent.action.EXPORT_STAT,0,0.07679930252714197,0.15359860505428394,578.1,88.23060693432863,"pearson_r, entropy_reduction_ratio, mutual_information",0.0,0.0,0.0,0.0,0.38399651263570983
perm_com.qihoo360.mobilesafe.news.permission.NEWS_SDK_BROADCAST,0,0.07679930252714197,0.15359860505428394,578.1,88.23060693432863,"pearson_r, entropy_reduction_ratio, mutual_information",0.0,0.0,0.0,0.0,0.38399651263570983
intent_com.qihoo.appstore.ACTION_STABLE_NOTIFICATION_CLICK,0,0.07679930252714197,0.15359860505428394,578.1,88.23060693432863,"pearson_r, entropy_reduction_ratio, mutual_information",0.0,0.0,0.0,0.0,0.38399651263570983
intent_com.qihoo.appstore.plugin.share.IpluginService,0,0.07679930252714197,0.15359860505428394,578.1,88.23060693432863,"pearson_r, entropy_reduction_ratio, mutual_information",0.0,0.0,0.0,0.0,0.38399651263570983
intent_com.qihoo.appstore.ACTION_CHARGE_START_PLUGIN,0,0.07679930252714197,0.15359860505428394,578.1,88.23060693432863,"pearson_r, entropy_reduction_ratio, mutual_information",0.0,0.0,0.0,0.0,0.38399651263570983
perm_android.permission.ADDINSTALLKEY,0,0.07679930252714197,0.15359860505428394,578.1,88.23060693432863,"pearson_r, entropy_reduction_ratio, mutual_information",0.0,0.0,0.0,0.0,0.38399651263570983
intent_com.secneo.plugin.action.APP_STARTED,0,0.07679930252714197,0.15359860505428394,578.1,88.23060693432863,"pearson_r, entropy_reduction_ratio, mutual_information",0.0,0.0,0.0,0.0,0.38399651263570983
intent_com.secneo.plugin.action.DAILY,0,0.07679930252714197,0.15359860505428394,578.1,88.23060693432863,"pearson_r, entropy_reduction_ratio, mutual_information",0.0,0.0,0.0,0.0,0.38399651263570983
intent_com.secneo.plugin.action.HOURLY,0,0.07679930252714197,0.15359860505428394,578.1,88.23060693432863,"pearson_r, entropy_reduction_ratio, mutual_information",0.0,0.0,0.0,0.0,0.38399651263570983
intent_com.secneo.proxy.action.CUSTOM,0,0.07679930252714197,0.15359860505428394,578.1,88.23060693432863,"pearson_r, entropy_reduction_ratio, mutual_information",0.0,0.0,0.0,0.0,0.38399651263570983
intent_cn.ngds.android.intent.alarm,0,0.07679930252714197,0.15359860505428394,578.1,88.23060693432863,"pearson_r, entropy_reduction_ratio, mutual_information",0.0,0.0,0.0,0.0,0.38399651263570983
intent_com.sogou.androidtool.highspeed,0,0.07679930252714197,0.15359860505428394,578.1,88.23060693432863,"pearson_r, entropy_reduction_ratio, mutual_information",0.0,0.0,0.0,0.0,0.38399651263570983
intent_com.qihoo.appstore.launcher.shortcut.VIDEOWALLPAPER,0,0.07679930252714197,0.15359860505428394,578.1,88.23060693432863,"pearson_r, entropy_reduction_ratio, mutual_information",0.0,0.0,0.0,0.0,0.38399651263570983
intent_com.sogou.androidtool.action.update,0,0.07679930252714197,0.15359860505428394,578.1,88.23060693432863,"pearson_r, entropy_reduction_ratio, mutual_information",0.0,0.0,0.0,0.0,0.38399651263570983
intent_com.sogou.androidtool.browser.highspeed,0,0.07679930252714197,0.15359860505428394,578.1,88.23060693432863,"pearson_r, entropy_reduction_ratio, mutual_information",0.0,0.0,0.0,0.0,0.38399651263570983
intent_com.qihoo.appstore.launcher.shortcut.HAOWU,0,0.07679930252714197,0.15359860505428394,578.1,88.23060693432863,"pearson_r, entropy_reduction_ratio, mutual_information",0.0,0.0,0.0,0.0,0.38399651263570983
intent_com.qihoo.appstore.msplugin.install,0,0.07679930252714197,0.15359860505428394,578.1,88.23060693432863,"pearson_r, entropy_reduction_ratio, mutual_information",0.0,0.0,0.0,0.0,0.38399651263570983
perm_com.qiku.android.launcher3.permission.WRITE_UNREAD,0,0.07679930252714197,0.15359860505428394,578.1,88.23060693432863,"pearson_r, entropy_reduction_ratio, mutual_information",0.0,0.0,0.0,0.0,0.38399651263570983
intent_com.qihoo.appstore.push.PushNotifyCancelReceiver.ACTION_INTENT_CANCEL,0,0.07679930252714197,0.15359860505428394,578.1,88.23060693432863,"pearson_r, entropy_reduction_ratio, mutual_information",0.0,0.0,0.0,0.0,0.38399651263570983
intent_com.qihoo.appstore.ACTION_LOCK_SCREEN_AD_ADD_LISTENER,0,0.07679930252714197,0.15359860505428394,578.1,88.23060693432863,"pearson_r, entropy_reduction_ratio, mutual_information",0.0,0.0,0.0,0.0,0.38399651263570983
intent_com.sogou.androidtool.service.weatherservice,0,0.07679930252714197,0.15359860505428394,578.1,88.23060693432863,"pearson_r, entropy_reduction_ratio, mutual_information",0.0,0.0,0.0,0.0,0.38399651263570983
intent_com.sjm.avplay.SHOW_ACTIVITY,0,0.07679930252714197,0.15359860505428394,578.1,88.23060693432863,"pearson_r, entropy_reduction_ratio, mutual_information",0.0,0.0,0.0,0.0,0.38399651263570983
perm_com.huaqin.launcherEx.permission.WRITE_SETTINGS,0,0.07679930252714197,0.15359860505428394,578.1,88.23060693432863,"pearson_r, entropy_reduction_ratio, mutual_information",0.0,0.0,0.0,0.0,0.38399651263570983
intent_android.provider.Telephony.SMS_RECEIVED2,0,0.07679930252714197,0.15359860505428394,578.1,88.23060693432863,"pearson_r, entropy_reduction_ratio, mutual_information",0.0,0.0,0.0,0.0,0.38399651263570983
perm_android.permission.SET_ACTIVITY_WATCHER,0,0.07679930252714197,0.15359860505428394,578.1,88.23060693432863,"pearson_r, entropy_reduction_ratio, mutual_information",0.0,0.0,0.0,0.0,0.38399651263570983
intent_com.urbanairship.actions.SHOW_LANDING_PAGE_INTENT_ACTION,0,0.07679930252714197,0.15359860505428394,578.1,88.23060693432863,"pearson_r, entropy_reduction_ratio, mutual_information",0.0,0.0,0.0,0.0,0.38399651263570983
perm_android.permission.CHANGE_COMPONENT_ENABLED_STATE,0,0.07679930252714197,0.15359860505428394,578.1,88.23060693432863,"pearson_r, entropy_reduction_ratio, mutual_information",0.0,0.0,0.0,0.0,0.38399651263570983
intent_android.intent.action.INPUT_METHOD_CHANGED,0,0.07679930252714197,0.15359860505428394,578.1,88.23060693432863,"pearson_r, entropy_reduction_ratio, mutual_information",0.0,0.0,0.0,0.0,0.38399651263570983
perm_com.android.launcher2.permission.UNINSTALL_SHORTCUT,0,0.07679930252714197,0.15359860505428394,578.1,88.23060693432863,"pearson_r, entropy_reduction_ratio, mutual_information",0.0,0.0,0.0,0.0,0.38399651263570983
intent_com.excelliance.dualaid.act.action.ext,0,0.07679930252714197,0.15359860505428394,578.1,88.23060693432863,"pearson_r, entropy_reduction_ratio, mutual_information",0.0,0.0,0.0,0.0,0.38399651263570983
intent_com.kingroot.ACTION_SERVICE_PSS_RECORD,0,0.07679930252714197,0.15359860505428394,578.1,88.23060693432863,"pearson_r, entropy_reduction_ratio, mutual_information",0.0,0.0,0.0,0.0,0.38399651263570983
intent_android.net.wifi.PICK_WIFI_WORK,0,0.07679930252714197,0.15359860505428394,578.1,88.23060693432863,"pearson_r, entropy_reduction_ratio, mutual_information",0.0,0.0,0.0,0.0,0.38399651263570983
intent_com.kinguser.kingroot.ACTION_INSTALL,0,0.07679930252714197,0.15359860505428394,578.1,88.23060693432863,"pearson_r, entropy_reduction_ratio, mutual_information",0.0,0.0,0.0,0.0,0.38399651263570983
perm_ANDROID.PERMISSION.SEND_SMS,0,0.07679930252714197,0.15359860505428394,578.1,88.23060693432863,"pearson_r, entropy_reduction_ratio, mutual_information",0.0,0.0,0.0,0.0,0.38399651263570983
intent_com.kingroot.kinguser.ANTILOG_DELETE,0,0.07679930252714197,0.15359860505428394,578.1,88.23060693432863,"pearson_r, entropy_reduction_ratio, mutual_information",0.0,0.0,0.0,0.0,0.38399651263570983
intent_com.kingroot.kinguser.gamebox.ACTION_GAME_DELETED,0,0.07679930252714197,0.15359860505428394,578.1,88.23060693432863,"pearson_r, entropy_reduction_ratio, mutual_information",0.0,0.0,0.0,0.0,0.38399651263570983
intent_com.cootek.usage.alarm_operation,0,0.07679930252714197,0.15359860505428394,578.1,88.23060693432863,"pearson_r, entropy_reduction_ratio, mutual_information",0.0,0.0,0.0,0.0,0.38399651263570983
intent_android.provider.Telephony.WAP_PUSH_RECEIVED,0,0.07679930252714197,0.15359860505428394,578.1,88.23060693432863,"pearson_r, entropy_reduction_ratio, mutual_information",0.0,0.0,0.0,0.0,0.38399651263570983
perm_com.android.launcher2.permission.INSTALL_SHORTCUT,0,0.07679930252714197,0.15359860505428394,578.1,88.23060693432863,"pearson_r, entropy_reduction_ratio, mutual_information",0.0,0.0,0.0,0.0,0.38399651263570983
intent_com.urbanairship.push.RECEIVED,0,0.07679930252714197,0.15359860505428394,578.1,88.23060693432863,"pearson_r, entropy_reduction_ratio, mutual_information",0.0,0.0,0.0,0.0,0.38399651263570983
intent_com.android.deskclock.ALARM_SNOOZE,0,0.07679930252714197,0.15359860505428394,578.1,88.23060693432863,"pearson_r, entropy_reduction_ratio, mutual_information",0.0,0.0,0.0,0.0,0.38399651263570983
perm_android.permission.BIND_JOB_SERVICE,0,0.07679930252714197,0.15359860505428394,578.1,88.23060693432863,"pearson_r, entropy_reduction_ratio, mutual_information",0.0,0.0,0.0,0.0,0.38399651263570983
perm_com.lenovo.launcherhdmarket.permission.WRITE_SETTINGS,0,0.07679930252714197,0.15359860505428394,578.1,88.23060693432863,"pearson_r, entropy_reduction_ratio, mutual_information",0.0,0.0,0.0,0.0,0.38399651263570983
intent_com.punchbox.service,0,0.07679930252714197,0.15359860505428394,578.1,88.23060693432863,"pearson_r, entropy_reduction_ratio, mutual_information",0.0,0.0,0.0,0.0,0.38399651263570983
intent_android.intent.action.INSTALL,0,0.07679930252714197,0.15359860505428394,578.1,88.23060693432863,"pearson_r, entropy_reduction_ratio, mutual_information",0.0,0.0,0.0,0.0,0.38399651263570983
perm_baidu.push.permission.WRITE_PUSHINFOPROVIDER.com.esbook.reader,0,0.07679930252714197,0.15359860505428394,578.1,88.23060693432863,"pearson_r, entropy_reduction_ratio, mutual_information",0.0,0.0,0.0,0.0,0.38399651263570983
intent_android.intent.action.USER_CLEARNOTIFY,0,0.07679930252714197,0.15359860505428394,578.1,88.23060693432863,"pearson_r, entropy_reduction_ratio, mutual_information",0.0,0.0,0.0,0.0,0.38399651263570983
intent_android.intent.action.CHECK_RECEIVER,0,0.07679930252714197,0.15359860505428394,578.1,88.23060693432863,"pearson_r, entropy_reduction_ratio, mutual_information",0.0,0.0,0.0,0.0,0.38399651263570983
perm_com.lenovo.launcherhdmarket.permission.READ_SETTINGS,0,0.07679930252714197,0.15359860505428394,578.1,88.23060693432863,"pearson_r, entropy_reduction_ratio, mutual_information",0.0,0.0,0.0,0.0,0.38399651263570983
perm_com.huaqin.launcherEx.permission.READ_SETTINGS,0,0.07679930252714197,0.15359860505428394,578.1,88.23060693432863,"pearson_r, entropy_reduction_ratio, mutual_information",0.0,0.0,0.0,0.0,0.38399651263570983
perm_com.sonymobile.home.permission.PROVIDER_ACCESS_MODIFY_CONFIGURATION,0,0.07679930252714197,0.15359860505428394,578.1,88.23060693432863,"pearson_r, entropy_reduction_ratio, mutual_information",0.0,0.0,0.0,0.0,0.38399651263570983
intent_android.fbreader.action.CLOSE,0,0.07679930252714197,0.15359860505428394,578.1,88.23060693432863,"pearson_r, entropy_reduction_ratio, mutual_information",0.0,0.0,0.0,0.0,0.38399651263570983
intent_android.fbreader.action.PLUGIN_CRASH,0,0.07679930252714197,0.15359860505428394,578.1,88.23060693432863,"pearson_r, entropy_reduction_ratio, mutual_information",0.0,0.0,0.0,0.0,0.38399651263570983
intent_android.fbreader.action.PLUGIN,0,0.07679930252714197,0.15359860505428394,578.1,88.23060693432863,"pearson_r, entropy_reduction_ratio, mutual_information",0.0,0.0,0.0,0.0,0.38399651263570983
intent_com.excelliance.open.action.startNextChapter,0,0.07679930252714197,0.15359860505428394,578.1,88.23060693432863,"pearson_r, entropy_reduction_ratio, mutual_information",0.0,0.0,0.0,0.0,0.38399651263570983
intent_com.excelliance.open.action.startPromptActivity,0,0.07679930252714197,0.15359860505428394,578.1,88.23060693432863,"pearson_r, entropy_reduction_ratio, mutual_information",0.0,0.0,0.0,0.0,0.38399651263570983
intent_com.areametrics.areametricssdk.AMLocationUpdatesBroadcastReceiver.ACTION_PROCESS_UPDATES,0,0.07679930252714197,0.15359860505428394,578.1,88.23060693432863,"pearson_r, entropy_reduction_ratio, mutual_information",0.0,0.0,0.0,0.0,0.38399651263570983
perm_com.ibingo.launcher.permission.READ_SETTINGS,0,0.07679930252714197,0.15359860505428394,578.1,88.23060693432863,"pearson_r, entropy_reduction_ratio, mutual_information",0.0,0.0,0.0,0.0,0.38399651263570983
intent_com.android.utils.hades.ACTION_INIT_COMMON_RES,0,0.07679930252714197,0.15359860505428394,578.1,88.23060693432863,"pearson_r, entropy_reduction_ratio, mutual_information",0.0,0.0,0.0,0.0,0.38399651263570983
perm_android.permission.STOP_APP_SWITCHES,0,0.07679930252714197,0.15359860505428394,578.1,88.23060693432863,"pearson_r, entropy_reduction_ratio, mutual_information",0.0,0.0,0.0,0.0,0.38399651263570983
intent_com.excelliance.kxqp.action.time,0,0.07679930252714197,0.15359860505428394,578.1,88.23060693432863,"pearson_r, entropy_reduction_ratio, mutual_information",0.0,0.0,0.0,0.0,0.38399651263570983
intent_com.excelliance.kxqp.action.explore,0,0.07679930252714197,0.15359860505428394,578.1,88.23060693432863,"pearson_r, entropy_reduction_ratio, mutual_information",0.0,0.0,0.0,0.0,0.38399651263570983
intent_com.excelliance.kxqp.action.gp,0,0.07679930252714197,0.15359860505428394,578.1,88.23060693432863,"pearson_r, entropy_reduction_ratio, mutual_information",0.0,0.0,0.0,0.0,0.38399651263570983
intent_com.excelliance.kxqp.action.launcher,0,0.07679930252714197,0.15359860505428394,578.1,88.23060693432863,"pearson_r, entropy_reduction_ratio, mutual_information",0.0,0.0,0.0,0.0,0.38399651263570983
intent_com.telecom.sdk_auth_ui.SMS_CODE_SEND_ACTIOIN,0,0.07679930252714197,0.15359860505428394,578.1,88.23060693432863,"pearson_r, entropy_reduction_ratio, mutual_information",0.0,0.0,0.0,0.0,0.38399651263570983
perm_ANDROID.PERMISSION.WRITE_APN_SETTINGS,0,0.07679930252714197,0.15359860505428394,578.1,88.23060693432863,"pearson_r, entropy_reduction_ratio, mutual_information",0.0,0.0,0.0,0.0,0.38399651263570983
intent_com.excelliance.kxqp.action.navback,0,0.07679930252714197,0.15359860505428394,578.1,88.23060693432863,"pearson_r, entropy_reduction_ratio, mutual_information",0.0,0.0,0.0,0.0,0.38399651263570983
intent_android.intent.action.START_PCM_PLAY_SERVICE,0,0.07679930252714197,0.15359860505428394,578.1,88.23060693432863,"pearson_r, entropy_reduction_ratio, mutual_information",0.0,0.0,0.0,0.0,0.38399651263570983
perm_cn.nubia.launcher.permission.WRITE_SETTINGS,0,0.07679930252714197,0.15359860505428394,578.1,88.23060693432863,"pearson_r, entropy_reduction_ratio, mutual_information",0.0,0.0,0.0,0.0,0.38399651263570983
intent_android.intent.action.DATA_SMS_RECEIVED,0,0.07679930252714197,0.15359860505428394,578.1,88.23060693432863,"pearson_r, entropy_reduction_ratio, mutual_information",0.0,0.0,0.0,0.0,0.38399651263570983
perm_android.Manifest.permission.READ_PHONE_STATE,0,0.07679930252714197,0.15359860505428394,578.1,88.23060693432863,"pearson_r, entropy_reduction_ratio, mutual_information",0.0,0.0,0.0,0.0,0.38399651263570983
intent_com.phonemetra.turbo.launcher.icons.ACTION_PICK_ICON,0,0.07679930252714197,0.15359860505428394,578.1,88.23060693432863,"pearson_r, entropy_reduction_ratio, mutual_information",0.0,0.0,0.0,0.0,0.38399651263570983
intent_android.intent.action.CLOSE_SYSTEM_DIALOGS,0,0.07679930252714197,0.15359860505428394,578.1,88.23060693432863,"pearson_r, entropy_reduction_ratio, mutual_information",0.0,0.0,0.0,0.0,0.38399651263570983
intent_com.android.utils.hades.ACTION_UPDATE_SYS_WRAPPER,0,0.07679930252714197,0.15359860505428394,578.1,88.23060693432863,"pearson_r, entropy_reduction_ratio, mutual_information",0.0,0.0,0.0,0.0,0.38399651263570983
intent_com.android.utils.hades.ACTION_START_SYS_WRAPPER,0,0.07679930252714197,0.15359860505428394,578.1,88.23060693432863,"pearson_r, entropy_reduction_ratio, mutual_information",0.0,0.0,0.0,0.0,0.38399651263570983
perm_com.qihoo360.home.permission.WRITE_SETTINGS,0,0.07679930252714197,0.15359860505428394,578.1,88.23060693432863,"pearson_r, entropy_reduction_ratio, mutual_information",0.0,0.0,0.0,0.0,0.38399651263570983
intent_com.mobutils.android.mediation.MaterialNotificationReceiver.ACTION_CLICK_NOTIFICATION,0,0.07679930252714197,0.15359860505428394,578.1,88.23060693432863,"pearson_r, entropy_reduction_ratio, mutual_information",0.0,0.0,0.0,0.0,0.38399651263570983
intent_com.mobutils.android.mediation.MaterialNotificationReceiver.ACTION_CANCEL_NOTIFICATION,0,0.07679930252714197,0.15359860505428394,578.1,88.23060693432863,"pearson_r, entropy_reduction_ratio, mutual_information",0.0,0.0,0.0,0.0,0.38399651263570983
perm_com.zte.mifavor.launcher.permission.WRITE_SETTINGS,0,0.07679930252714197,0.15359860505428394,578.1,88.23060693432863,"pearson_r, entropy_reduction_ratio, mutual_information",0.0,0.0,0.0,0.0,0.38399651263570983
perm_com.smartisanos.launcher.WRITE_DATABASE,0,0.07679930252714197,0.15359860505428394,578.1,88.23060693432863,"pearson_r, entropy_reduction_ratio, mutual_information",0.0,0.0,0.0,0.0,0.38399651263570983
intent_com.smartdialer.voip.action.STATE_RINGING,0,0.07679930252714197,0.15359860505428394,578.1,88.23060693432863,"pearson_r, entropy_reduction_ratio, mutual_information",0.0,0.0,0.0,0.0,0.38399651263570983
perm_android.permission.SET_DEBUG_APP,0,0.07658674458365808,0.14903070211963582,336.8,287.75155950924056,"pearson_r, mutual_information, entropy_reduction_ratio",0.000675311332919998,0.0071772721463426205,0.0002590880102040816,0.00022051236656804653,0.3746015390622557
perm_android.permission.SYSTEM_OVERLAY_WINDOW,0,0.07655298318213337,0.14904644060069905,337.0,287.78950641050136,"pearson_r, mutual_information, entropy_reduction_ratio",0.000675311332919998,0.0070084651387190425,0.0002590880102040816,0.00022051236656804653,0.3746015390622557
suspicious_adb_enabled,0,0.07634382400011863,0.1348381269148178,292.4,352.4517555637934,"pearson_r, mutual_information, entropy_reduction_ratio",0.01097116535090813,0.017125592995284624,0.0041454081632653055,0.003638224933759369,0.34583872855737574
suspicious_Ljava/lang/Runtime;->exec,0,0.07615385999592299,0.1156774980098324,359.2,408.11647847152653,"pearson_r, entropy_reduction_ratio, chi2_stat",0.043896853191661006,0.0,0.015804368622448977,0.015302495514667355,0.3057655826508376
perm_android.permission.ACCESS_MOCK_LOCATION,0,0.07559763511701878,0.1495037479695542,343.6,289.3493390350149,"pearson_r, mutual_information, entropy_reduction_ratio",0.000675311332919998,0.0022317248131460826,0.0002590880102040816,0.00022051236656804653,0.3746015390622557
suspicious_sendTextMessage,0,0.07540337076090031,0.14959955338889444,344.6,289.63742852055566,"pearson_r, mutual_information, entropy_reduction_ratio",0.000675311332919998,0.0012604030325537707,0.0002590880102040816,0.00022051236656804653,0.3746015390622557
perm_android.permission.SEND_SMS,0,0.07526587299817743,0.14622171144876014,323.7,320.95071272704786,"pearson_r, mutual_information, entropy_reduction_ratio",0.0020300158312138838,0.005166627434516843,0.0007772640306122448,0.0006642253433918523,0.3676912323511523
perm_android.permission.RECEIVE_SMS,0,0.07515129015438957,0.14972528364051385,402.3,327.2035452130676,"pearson_r, entropy_reduction_ratio, chi2_stat",0.000675311332919998,0.0,0.0002590880102040816,0.00022051236656804653,0.3746015390622557
perm_android.permission.BROADCAST_STICKY,0,0.07515129015438957,0.14972528364051385,402.3,327.2035452130676,"pearson_r, entropy_reduction_ratio, chi2_stat",0.000675311332919998,0.0,0.0002590880102040816,0.00022051236656804653,0.3746015390622557
perm_android.permission.GET_PACKAGE_SIZE,0,0.07515129015438957,0.14972528364051385,402.3,327.2035452130676,"pearson_r, entropy_reduction_ratio, chi2_stat",0.000675311332919998,0.0,0.0002590880102040816,0.00022051236656804653,0.3746015390622557
perm_com.android.browser.permission.READ_HISTORY_BOOKMARKS,0,0.07515129015438957,0.14972528364051385,402.3,327.2035452130676,"pearson_r, entropy_reduction_ratio, chi2_stat",0.000675311332919998,0.0,0.0002590880102040816,0.00022051236656804653,0.3746015390622557
perm_android.permission.INSTALL_PACKAGES,0,0.07515129015438957,0.14972528364051385,402.3,327.2035452130676,"pearson_r, entropy_reduction_ratio, chi2_stat",0.000675311332919998,0.0,0.0002590880102040816,0.00022051236656804653,0.3746015390622557
perm_android.permission.DOWNLOAD_WITHOUT_NOTIFICATION,0,0.07515129015438957,0.14972528364051385,402.3,327.2035452130676,"pearson_r, entropy_reduction_ratio, chi2_stat",0.000675311332919998,0.0,0.0002590880102040816,0.00022051236656804653,0.3746015390622557
intent_android.intent.action.PHONE_STATE,0,0.07515129015438957,0.14972528364051385,402.3,327.2035452130676,"pearson_r, entropy_reduction_ratio, chi2_stat",0.000675311332919998,0.0,0.0002590880102040816,0.00022051236656804653,0.3746015390622557
perm_android.permission.AUTHENTICATE_ACCOUNTS,0,0.07515129015438957,0.14972528364051385,402.3,327.2035452130676,"pearson_r, entropy_reduction_ratio, chi2_stat",0.000675311332919998,0.0,0.0002590880102040816,0.00022051236656804653,0.3746015390622557
perm_android.permission.NFC,0,0.07515129015438957,0.14972528364051385,402.3,327.2035452130676,"pearson_r, entropy_reduction_ratio, chi2_stat",0.000675311332919998,0.0,0.0002590880102040816,0.00022051236656804653,0.3746015390622557
perm_android.permission.READ_SYNC_SETTINGS,0,0.07515129015438957,0.14972528364051385,402.3,327.2035452130676,"pearson_r, entropy_reduction_ratio, chi2_stat",0.000675311332919998,0.0,0.0002590880102040816,0.00022051236656804653,0.3746015390622557
perm_android.permission.CHANGE_WIFI_MULTICAST_STATE,0,0.07515129015438957,0.14972528364051385,402.3,327.2035452130676,"pearson_r, entropy_reduction_ratio, chi2_stat",0.000675311332919998,0.0,0.0002590880102040816,0.00022051236656804653,0.3746015390622557
perm_com.google.android.gms.permission.ACTIVITY_RECOGNITION,0,0.07515129015438957,0.14972528364051385,402.3,327.2035452130676,"pearson_r, entropy_reduction_ratio, chi2_stat",0.000675311332919998,0.0,0.0002590880102040816,0.00022051236656804653,0.3746015390622557
perm_android.hardware.camera.autofocus,0,0.07515129015438957,0.14972528364051385,402.3,327.2035452130676,"pearson_r, entropy_reduction_ratio, chi2_stat",0.000675311332919998,0.0,0.0002590880102040816,0.00022051236656804653,0.3746015390622557
intent_android.intent.action.EXTERNAL_APPLICATIONS_AVAILABLE,0,0.07515129015438957,0.14972528364051385,402.3,327.2035452130676,"pearson_r, entropy_reduction_ratio, chi2_stat",0.000675311332919998,0.0,0.0002590880102040816,0.00022051236656804653,0.3746015390622557
intent_android.intent.action.PACKAGE_CHANGED,0,0.07515129015438957,0.14972528364051385,402.3,327.2035452130676,"pearson_r, entropy_reduction_ratio, chi2_stat",0.000675311332919998,0.0,0.0002590880102040816,0.00022051236656804653,0.3746015390622557
intent_io.intercom.android.sdk.INTERCOM_PUSH_DISMISSED,0,0.07515129015438957,0.14972528364051385,402.3,327.2035452130676,"pearson_r, entropy_reduction_ratio, chi2_stat",0.000675311332919998,0.0,0.0002590880102040816,0.00022051236656804653,0.3746015390622557
intent_io.intercom.android.sdk.INTERCOM_PUSH_OPENED,0,0.07515129015438957,0.14972528364051385,402.3,327.2035452130676,"pearson_r, entropy_reduction_ratio, chi2_stat",0.000675311332919998,0.0,0.0002590880102040816,0.00022051236656804653,0.3746015390622557
perm_android.permission.SET_WALLPAPER,0,0.07505653928652026,0.11968000605302324,359.7,407.2531890605646,"pearson_r, entropy_reduction_ratio, chi2_stat",0.036296412149388065,0.0,0.01321348852040816,0.012506950068131104,0.3132658456946739
intent_android.intent.action.PACKAGE_ADDED,0,0.07503633520735946,0.14112158230793098,306.2,339.6541770683823,"pearson_r, mutual_information, entropy_reduction_ratio",0.005440845793724912,0.008643627653194413,0.0020727040816326528,0.0017893518780247896,0.35723514663022055
perm_android.permission.INTERACT_ACROSS_USERS_FULL,0,0.07460175071987839,0.1480481100675717,389.9,344.45019959349713,"pearson_r, entropy_reduction_ratio, chi2_stat",0.001351981450319001,0.0,0.0005181760204081632,0.0004419157071493641,0.37069668042151543
perm_android.permission.CHANGE_CONFIGURATION,0,0.07460175071987837,0.14804811006757165,391.9,347.3878811933427,"pearson_r, entropy_reduction_ratio, chi2_stat",0.001351981450319001,0.0,0.0005181760204081632,0.0004419157071493641,0.3706966804215154
perm_android.permission.RESTART_PACKAGES,0,0.07460175071987837,0.14804811006757165,391.9,347.3878811933427,"pearson_r, entropy_reduction_ratio, chi2_stat",0.001351981450319001,0.0,0.0005181760204081632,0.0004419157071493641,0.3706966804215154
intent_android.provider.Telephony.SMS_RECEIVED,0,0.07460175071987837,0.14804811006757165,391.9,347.3878811933427,"pearson_r, entropy_reduction_ratio, chi2_stat",0.001351981450319001,0.0,0.0005181760204081632,0.0004419157071493641,0.3706966804215154
perm_android.permission.CLEAR_APP_CACHE,0,0.07460175071987837,0.14804811006757165,391.9,347.3878811933427,"pearson_r, entropy_reduction_ratio, chi2_stat",0.001351981450319001,0.0,0.0005181760204081632,0.0004419157071493641,0.3706966804215154
intent_android.net.wifi.STATE_CHANGE,0,0.07460175071987837,0.14804811006757165,391.9,347.3878811933427,"pearson_r, entropy_reduction_ratio, chi2_stat",0.001351981450319001,0.0,0.0005181760204081632,0.0004419157071493641,0.3706966804215154
intent_android.intent.action.ACTION_POWER_CONNECTED,0,0.07460175071987837,0.14804811006757165,391.9,347.3878811933427,"pearson_r, entropy_reduction_ratio, chi2_stat",0.001351981450319001,0.0,0.0005181760204081632,0.0004419157071493641,0.3706966804215154
intent_android.intent.action.SCREEN_ON,0,0.07460175071987837,0.14804811006757165,391.9,347.3878811933427,"pearson_r, entropy_reduction_ratio, chi2_stat",0.001351981450319001,0.0,0.0005181760204081632,0.0004419157071493641,0.3706966804215154
intent_android.intent.action.DOWNLOAD_NOTIFICATION_CLICKED,0,0.07460175071987837,0.14804811006757165,391.9,347.3878811933427,"pearson_r, entropy_reduction_ratio, chi2_stat",0.001351981450319001,0.0,0.0005181760204081632,0.0004419157071493641,0.3706966804215154
perm_android.permission.WRITE_CONTACTS,0,0.07423254751127406,0.14673081005487318,385.4,359.00743724886814,"pearson_r, entropy_reduction_ratio, chi2_stat",0.0020300158312138838,0.0,0.0007772640306122448,0.0006642253433918523,0.3676912323511523
intent_android.intent.action.CREATE_SHORTCUT,0,0.07423254751127406,0.14673081005487318,385.4,359.00743724886814,"pearson_r, entropy_reduction_ratio, chi2_stat",0.0020300158312138838,0.0,0.0007772640306122448,0.0006642253433918523,0.3676912323511523
intent_android.intent.action.DATE_CHANGED,0,0.07423254751127406,0.14673081005487318,385.4,359.00743724886814,"pearson_r, entropy_reduction_ratio, chi2_stat",0.0020300158312138838,0.0,0.0007772640306122448,0.0006642253433918523,0.3676912323511523
perm_android.permission.READ_CALENDAR,0,0.07423254751127406,0.14673081005487318,385.4,359.00743724886814,"pearson_r, entropy_reduction_ratio, chi2_stat",0.0020300158312138838,0.0,0.0007772640306122448,0.0006642253433918523,0.3676912323511523
intent_android.appwidget.action.APPWIDGET_CONFIGURE,0,0.07423254751127406,0.14673081005487318,385.4,359.00743724886814,"pearson_r, entropy_reduction_ratio, chi2_stat",0.0020300158312138838,0.0,0.0007772640306122448,0.0006642253433918523,0.3676912323511523
intent_android.intent.action.PACKAGE_INSTALL,0,0.07423254751127406,0.14673081005487318,385.4,359.00743724886814,"pearson_r, entropy_reduction_ratio, chi2_stat",0.0020300158312138838,0.0,0.0007772640306122448,0.0006642253433918523,0.3676912323511523
perm_android.permission.CHANGE_NETWORK_STATE,0,0.07395660313801818,0.14559924636066576,381.3,366.42483540284223,"pearson_r, entropy_reduction_ratio, chi2_stat",0.0027094199878460352,0.0,0.0010363520408163264,0.0008874169443882473,0.36514982671704027
perm_android.permission.READ_LOGS,0,0.07395660313801818,0.14559924636066576,381.3,366.42483540284223,"pearson_r, entropy_reduction_ratio, chi2_stat",0.0027094199878460352,0.0,0.0010363520408163264,0.0008874169443882473,0.36514982671704027
perm_android.permission.BLUETOOTH_ADMIN,0,0.07395660313801818,0.14559924636066576,381.3,366.42483540284223,"pearson_r, entropy_reduction_ratio, chi2_stat",0.0027094199878460352,0.0,0.0010363520408163264,0.0008874169443882473,0.36514982671704027
intent_android.net.VpnService,0,0.07395660313801818,0.14559924636066576,381.3,366.42483540284223,"pearson_r, entropy_reduction_ratio, chi2_stat",0.0027094199878460352,0.0,0.0010363520408163264,0.0008874169443882473,0.36514982671704027
intent_android.media.browse.MediaBrowserService,0,0.07395660313801818,0.14559924636066576,381.3,366.42483540284223,"pearson_r, entropy_reduction_ratio, chi2_stat",0.0027094199878460352,0.0,0.0010363520408163264,0.0008874169443882473,0.36514982671704027
perm_android.permission.FLASHLIGHT,0,0.07374023504136555,0.14458603793065036,378.9,371.1048908327671,"pearson_r, entropy_reduction_ratio, chi2_stat",0.0033901994659210205,0.0,0.001295440051020408,0.0011115318240483834,0.36290400386583793
intent_android.intent.action.DOWNLOAD_COMPLETE,0,0.07374023504136555,0.14458603793065036,378.9,371.1048908327671,"pearson_r, entropy_reduction_ratio, chi2_stat",0.0033901994659210205,0.0,0.001295440051020408,0.0011115318240483834,0.36290400386583793
perm_android.permission.MOUNT_UNMOUNT_FILESYSTEMS,0,0.07356618157969227,0.14365666706142838,377.7,373.2175772923885,"pearson_r, entropy_reduction_ratio, chi2_stat",0.0040723598448932615,0.0,0.0015545280612244896,0.0013365675502372534,0.36086745244210633
perm_android.permission.DISABLE_KEYGUARD,0,0.07356618157969227,0.14365666706142838,377.7,373.2175772923885,"pearson_r, entropy_reduction_ratio, chi2_stat",0.0040723598448932615,0.0,0.0015545280612244896,0.0013365675502372534,0.36086745244210633
perm_android.permission.KILL_BACKGROUND_PROCESSES,0,0.07342419555611344,0.14279065218981082,376.5,375.5593162204873,"pearson_r, entropy_reduction_ratio, chi2_stat",0.004755906738236434,0.0,0.001813616071428571,0.0015625067429792313,0.358988948227923
intent_android.intent.action.MY_PACKAGE_REPLACED,0,0.07342419555611344,0.14279065218981082,376.5,375.5593162204873,"pearson_r, entropy_reduction_ratio, chi2_stat",0.004755906738236434,0.0,0.001813616071428571,0.0015625067429792313,0.358988948227923
intent_com.google.android.gms.analytics.ANALYTICS_DISPATCH,0,0.07332936927597994,0.12899885293071015,360.9,405.8315414060371,"pearson_r, entropy_reduction_ratio, chi2_stat",0.020873606113597565,0.0,0.007772640306122448,0.007026261747067179,0.3309743382131125
suspicious_getSubscriberId,0,0.07330760967672058,0.14197466146509918,374.7,379.07329106651656,"pearson_r, entropy_reduction_ratio, chi2_stat",0.005440845793724912,0.0,0.0020727040816326528,0.0017893518780247896,0.35723514663022055
intent_android.media.AUDIO_BECOMING_NOISY,0,0.07330760967672058,0.14197466146509918,374.7,379.07329106651656,"pearson_r, entropy_reduction_ratio, chi2_stat",0.005440845793724912,0.0,0.0020727040816326528,0.0017893518780247896,0.35723514663022055
perm_com.google.android.providers.gsf.permission.READ_GSERVICES,0,0.07327369470585914,0.1294874406772781,361.3,405.0480959096093,"pearson_r, entropy_reduction_ratio, chi2_stat",0.020156537482752084,0.0,0.007513552295918367,0.006777482934372743,0.3319209008162525
suspicious_setWifiEnabled,0,0.0732118085675587,0.14119943904466678,372.9,382.3600920598278,"pearson_r, entropy_reduction_ratio, chi2_stat",0.006127182693716023,0.0,0.0023317920918367345,0.002017160783685181,0.35558290726855557
perm_com.android.alarm.permission.SET_ALARM,0,0.0732118085675587,0.14119943904466678,372.9,382.3600920598278,"pearson_r, entropy_reduction_ratio, chi2_stat",0.006127182693716023,0.0,0.0023317920918367345,0.002017160783685181,0.35558290726855557
perm_com.android.launcher.permission.INSTALL_SHORTCUT,0,0.07313341748224231,0.14045826219680976,371.9,384.31372601040414,"pearson_r, entropy_reduction_ratio, chi2_stat",0.006814923155422874,0.0,0.002590880102040816,0.00224588757958621,0.3540153965741616
perm_android.permission.BLUETOOTH,0,0.07306990528321054,0.1397460545249055,371.3,385.48613464040443,"pearson_r, entropy_reduction_ratio, chi2_stat",0.007504072931206035,0.0,0.0028499681122448983,0.002475567918910526,0.35251991745369127
perm_android.permission.USE_CREDENTIALS,0,0.07301930250579522,0.13905887928510305,370.7,386.65871256186637,"pearson_r, entropy_reduction_ratio, chi2_stat",0.008194637808862001,0.0,0.003109056122448979,0.002706204827000467,0.35108661377066464
perm_android.permission.FOREGROUND_SERVICE,0,0.07301293731899122,0.13254918534798615,362.9,402.37947263745946,"pearson_r, entropy_reduction_ratio, chi2_stat",0.015885939859865757,0.0,0.0059590242346938774,0.005307251904879953,0.33791247059551655
intent_com.facebook.sdk.ACTION_CURRENT_ACCESS_TOKEN_CHANGED,0,0.07298354944081267,0.1330849335598896,363.5,401.4369190794489,"pearson_r, entropy_reduction_ratio, chi2_stat",0.015179416434093092,0.0,0.005699936224489797,0.005065793996346795,0.3389726005491337
intent_android.intent.action.SEARCH,0,0.07298003610546426,0.13839361379984336,370.1,387.83145823927174,"pearson_r, entropy_reduction_ratio, chi2_stat",0.00888662361192405,0.0,0.00336814413265306,0.0029377589475398564,0.34970765383520436
suspicious_system/bin/su,0,0.07295885524120227,0.13362929989000125,364.2,398.3310934386117,"pearson_r, entropy_reduction_ratio, chi2_stat",0.014474374200375334,0.0,0.005440848214285715,0.0048253411502540595,0.34005371264109624
intent_com.google.android.gms.iid.InstanceID,0,0.07295885524120227,0.13362929989000125,364.2,398.3310934386117,"pearson_r, entropy_reduction_ratio, chi2_stat",0.014474374200375334,0.0,0.005440848214285715,0.0048253411502540595,0.34005371264109624
suspicious_getCellLocation,0,0.07295885524120226,0.13362929989000122,364.7,399.0876595436145,"pearson_r, entropy_reduction_ratio, chi2_stat",0.014474374200375334,0.0,0.005440848214285715,0.0048253411502540595,0.3400537126410962
perm_android.permission.SET_WALLPAPER_HINTS,0,0.07295885524120226,0.13362929989000122,364.7,399.0876595436145,"pearson_r, entropy_reduction_ratio, chi2_stat",0.014474374200375334,0.0,0.005440848214285715,0.0048253411502540595,0.3400537126410962
intent_android.intent.action.QUICKBOOT_POWERON,0,0.07295085293460044,0.1377477187299818,369.3,389.3953774764154,"pearson_r, entropy_reduction_ratio, chi2_stat",0.009580036199936675,0.0,0.003627232142857142,0.0031703035611320755,0.3483766927690763
intent_android.appwidget.action.APPWIDGET_UPDATE,0,0.07295085293460044,0.1377477187299818,369.3,389.3953774764154,"pearson_r, entropy_reduction_ratio, chi2_stat",0.009580036199936675,0.0,0.003627232142857142,0.0031703035611320755,0.3483766927690763
suspicious_getCellSignalStrength,0,0.07293918684712962,0.13418292010836197,365.9,396.0452499399532,"pearson_r, entropy_reduction_ratio, chi2_stat",0.013770806961173665,0.0,0.005181760204081632,0.004585942258822975,0.34115742481156985
perm_android.permission.GET_TASKS,0,0.07293070164866684,0.13711911389200995,368.3,391.3506867248351,"pearson_r, entropy_reduction_ratio, chi2_stat",0.010274881468771273,0.0,0.003886320153061224,0.0034038011190916703,0.34708850550241005
perm_android.permission.CALL_PHONE,0,0.072916394080046,0.1353209317525488,366.5,394.87137146164446,"pearson_r, entropy_reduction_ratio, chi2_stat",0.012368072870003329,0.0,0.004663584183673469,0.004110123324514513,0.3434401900220387
